,Titulo,Subtitulo,Noticia,Categoria,Data,Autor,URL,Classe
3258,Bolsonaro é deixado de fora da cúpula do clima; Itamaraty tenta solução   ,,piorar derrotar diplomático o início governar o presidente jair bolsonaro colocar lista provisório quase chefe e governar participar n semana cúpula clima organizar onu organização nação unir frança reinar unir itália e chile o itamaraty buscar solução o crise político e extraoficialmente o chancelar aposto inclusão brasil evento o governar o situação definitivo e o esperançar existir espaçar reverter o reunião virtual meter marcar ano acordar parir organizador optar transformar o evento marcar compromisso governo e preparar o cúpula glasgow escócio o condição líder participar apresentar e ambicioso meter redução emissão preservação florestar,política,10/12/2020 19h05Atualizada em 11/12/2020 18h37 ,10/12/2020 19h05Atualizada em 11/12/2020 18h37 ,https://noticias.uol.com.br/colunas/jamil-chade/2020/12/10/bolsonaro-e-deixado-de-fora-da-cupula-do-clima-itamaraty-diz-que-vai.htm,1
3259,"

Morre Claudia Rodrigues, aos 44 anos, no Rio #boato 
","Boato – Morreu, no Rio de Janeiro, atriz Claudia Rodrigues, aos 44 anos. Ela lutava contra esclerose múltipla.",morrer rir o ano atriz claudia rodrigar ler – morrer rir o ano atriz claudia rodrigar ler atriz ano e lutar esclerosar múltiplo haver ano o atriz cantor claudia …,entretenimento,,"
Edgard Matsuki ",https://www.boatos.org/entretenimento/morre-claudia-rodrigues-aos-44-anos-no-rio-boato.html,0
3260, Aloysio Nunes não comandou embaixada dos EUA durante governo do PT  ,,indicação deputar eduardo bolsonaro psl-sp o embaixada norte-americana mensagem circular rede social questionar critério o cargo o mensagem o ex-senador aloysio nunes psdb-sp ocupar o cadeira indicação petista lembrar o pt nomear embaixador eua o aloysio nunes ferreiro ex-motorista terrorista assassinar marighella difundir facebook,mundo,30/07/2019 04h00 ,Lucas Borges Teixeira,https://noticias.uol.com.br/confere/ultimas-noticias/2019/07/30/aloysio-nunes-nao-comandou-embaixada-dos-eua-durante-governo-do-pt.htm,0
3261,"

General Mourão convoca população para manifestações em quartéis no dia 19 de abril de 2020 #boato 
","Boato – O vice-presidente da República, general Hamilton Mourão, gravou um vídeo convocando a população para manifestações em frente a quartéis para o dia 19 de abril de 2020. Brasil vai parar e STF, STJ e governadores serão depostos.",general mourão … ruir dia abril o brasil virar venezuela ruir comunismo jamais general mourão convocar brasileiro versão amém o visar presidente general mourão alertar o comunismo o frente quartel dia 19/04/2020 s 14:00 horar lutar calar o comunismo aproveitar o corona vírus avançar brasil,política,16/04/2020,"
Edgard Matsuki ",https://www.boatos.org/politica/general-mourao-convoca-populacao-manifestacoes-quarteis-19-abril-2020.html,0
3262,Glenn Greenwald foi internado às pressas por overdose de cocaína?,,o notícia surgir rede social julho e rapidamente espalhar whatsapp acordar o texto glenn edward greenwald jornalista site intercept internar s pressa clínico vicente rir janeiro e transferir seguir o hospital samaritano botafogo rir janeiro,entretenimento,26/07/2019,Gilmar Lopes,https://www.e-farsas.com/glenn-greenwald-foi-internado-as-pressas-por-overdose-de-cocaina.html,0
3263, Lula não foi a enterros de 2 meios-irmãos; ditadura o deixou ir no da mãe  ,,mensagem circular rede social acusar o ex-presidente lula dissimulação o morte irmão velho genival inácio silvar o vavá terça-feira decorrência câncer pulmão lula enganador pedir o o enterrar vavá o enterrar irmão soltar acusar o mensagem compartilhar aplicativo mensagem presidente sequer o o velório joão inácio falecer câncer o o enterrar odair inácio irmão morrer coração juízo o fato narrar mensagem verdadeiro irmão ex-presidente morrer lula ocupar o cargo e e o nenhum enterro,política,30/01/2019 17h02 ,Lucas Borges Teixeira,https://noticias.uol.com.br/confere/ultimas-noticias/2019/01/30/lula-nao-foi-a-enterros-de-2-meios-irmaos-ditadura-o-deixou-ir-no-da-mae.htm,0
3264,Anvisa aprova medidas para acelerar registro de vacina contra Covid-19 no Brasil,"Norma permite que empresas interessadas em registrar vacinas no Brasil mandem os dados de estudos aos poucos, sem precisar reunir a documentação de uma vez só. ",o agência nacional vigilância sanitário anvisa aprovar terça-feira medir acelerar o registrar vacinar o covid-19 brasil norma publicar n diário oficial união autorizar empresar interessar registrar vacinar enviar técnico teste contínuo o medir empresar precisar documento reunir apresentá-los anvisa normalmente ocorrer detalhe abaixar o proposto prever possibilidade haver divulgar agência dia setembro dia 1º outubro o anvisa anunciar começar o análise teste vacinar oxford desenvolvido parceria o farmacêutico astrazeneca o processar submissão contínuo diretores agência dispensar o adoção medir o análise impactar regulatório e o consulto público dever o o grau urgência e gravidade pandemia,ciência, 18/11/2020 10h21 , Por G1 ,https://g1.globo.com/bemestar/vacina/noticia/2020/11/18/anvisa-aprova-medidas-para-acelerar-registro-de-vacina-contra-covid-19-no-brasil.ghtml,1
3265,Ramagem diz que sindicância da Abin conclui por confecção de relatório falso sobre Flávio Bolsonaro  ,,brasília reuters o diretor-geral agência brasileiro inteligência abin alexandre ramagem afirmar sindicância interno órgão concluir servidor confeccionar relatório falsar e repassar o imprensar casar envolver o senador flávio bolsonaro republicanos-rj filhar presidente jair bolsonaro reportagem publicar revisto época citar haver o confecção relatório inteligência abin orientar o defeso flávio bolsonaro casar rachadinhas ramagem implicar episódio publicação vídeo publicar twitter noite terça-feira ramagem afirmar o relatório produzir dependência órgão e acusar o imprensar agir mau fé casar rechaçar envolvimento casar,política,07/04/2021 16h52 ,Ricardo Brito,https://noticias.uol.com.br/ultimas-noticias/reuters/2021/04/07/ramagem-diz-que-sindicancia-da-abin-conclui-por-confeccao-de-relatorio-falso-sobre-flavio-bolsonaro.htm,1
3266,umar professorar filosofia ensaiar sensual o biblioteca usp,,o imagem umar mulher lingerie posar sensualmente umar sala vário livrar começar o espalhar o redar social o quinzena maio e acordar o texto acompanhar o foto o moço seriar umar umar professorar filosofia usp e “ ensaiar sensual ” biblioteca faculdade,entretenimento,30/05/2019,gilmar lopes,https://www.e-farsas.com/uma-professora-de-filosofia-fez-ensaio-sensual-na-biblioteca-da-usp.html,0
3267,ONG Repórteres Sem Fronteiras denuncia Facebook na França por mensagens de ódio e fake news,ONG afirmou que rede social tem 'práticas comerciais enganosas' por 'proliferação em massa' de mensagens de ódio e de informações falsas violar os próprios compromissos com os internautas.,o ong repórter fronteiro rsf anunciar n terça-feira entrar ação frança o facebook prático comerciar enganoso estimar o proliferação massa mensagem ódio e informação falso redar social violar compromisso internautas apresentar o o ministério público francês o ação basear contradição manifesto compromisso redar social consumidor e o realidade funcionamento consultar afp o documentar denunciar filiar facebook frança e facebook irlanda o desenvolver atividades frança o rsf procurar demonstrar compromisso gigante norte-americana contemplar particular condição gerar basear declaração falso,política, 23/03/2021 11h16 , Por France Presse ,https://g1.globo.com/economia/tecnologia/noticia/2021/03/23/ong-reporteres-sem-fronteiras-denuncia-facebook-na-franca-por-mensagens-de-odio-e-fake-news.ghtml,1
3268,Confira boatos sobre eleições verificados pelo Comprova,,eleição municipal importante atento conteúdo suspeito circular rede social,mundo,NaT,Comprova,https://projetocomprova.com.br/publicações/confira-boatos-sobre-eleicoes-verificados-pelo-comprova/,0
3269,Rússia inicia em fevereiro produção de sua segunda vacina contra covid-19  ,,o rússia comedir fevereiro o produção massa vacinar o covid-19 — anunciar hoje o primeiro-ministro mikhail mishustin registrar rússia outubro vacinar desenvolvido laboratório vektor região novosibirsk sibéria ocidental centrar conduzir pesquisar secreto armar biológico durante o período soviético e armazenar amostrar vírus varíola o o ebola,saúde,26/01/2021 12h54 ,26/01/2021 12h54 ,https://noticias.uol.com.br/ultimas-noticias/afp/2021/01/26/russia-inicia-em-fevereiro-producao-de-sua-segunda-vacina-contra-covid-19.htm,1
3270,"Pacheco diz que vai instalar CPI da Covid, mas critica decisão do STF",,o presidente senado rodrigar pacheco dem-mg afirmar n quarta-feira cumprir o decisão ministrar luís roberto barroso supremo tribunal federal stf instalar o comissão parlamentar inquérito cpi covid-19 o o reforçar o inapropriado o funcionamento colegiado e representar o coroamento insucesso nacional enfrentamento pandemia pacheco avaliar o comissão discursar político eleitoreiros — o fato cpi natureza mérito tratar fato querer acreditar o cpi substituir o papel ministério público polícia federal polícia civil controladoria-geral união cgu papel antecipação discussão político-eleitoral palancar político absolutamente inapropriado o — pacheco o jornalista pacheco alegar apesar o cpi possuir assinatura suficiente adotou juízo conveniência e oportunidade instalá-la visão presidente senado precisar buscar o estabilidade político e o enfrentamento pandemia inteligente pautar união pacificação e coordenação — o gravidade exigir união o cpi curvo curvo o coroamento insucesso nacional enfrentamento pandemia pretender apurar o passar conseguir definir o presentar e futurar ações concreto — questionar,brasil, Publicado em  08/04/21 21:12 ,Julia Lindner,https://extra.globo.com/noticias/brasil/pacheco-diz-que-vai-instalar-cpi-da-covid-mas-critica-decisao-do-stf-24962363.html,1
3271,Agências reguladoras negam risco de infertilidade de vacinados  ,,estudar pfizer parir riscar infertilidade pessoa vacinar alegação feito pelar site estudo nacional e tirar contexto estudo conduzir pelar farmacêutico parir averiguar o segurança imunizante o conteúdo publicar link parir estudar o inscrição pfizer confidencial apesar responder o o comprovar o farmacêutico comentar sobrar o autenticidade documentar presentar o página estudo nacional o reportagem encontrar o d relatório agência europeu medicamento ema comer realmente pfizer entretanto o publicação estudo nacional omitir o estudar citar rato humano,ciência,11/06/2021 19h16Atualizada em 14/06/2021 12h21 ,11/06/2021 19h16Atualizada em 14/06/2021 12h21 ,https://noticias.uol.com.br/comprova/ultimas-noticias/2021/06/11/agencias-reguladoras-descartam-risco-de-infertilidade-de-vacinados.htm,0
3272,As notícias mais importantes sobre coronavírus de 3 de agosto,"RJ e MA têm autorização para volta às aulas em escolas particulares nesta segunda. Rio teve descumprimento de regras de flexibilização no fim de semana, e SP reabre parques e ciclovia.","hoje segunda-feira agostar e o brasil 2,7 milhão caso confirmar coronavírus o morto covid-19 país o médio móvel morte brasil dia 1.011 óbito variação -3 o registrar dia base balançar noite d domingo consórcio veículo imprensar o médio móvel caso 44.817 dia variação +34 o caso registrar dia o mundo país superar o marcar milhão diagnóstico unir 4,6 milhão brasil 2,7 milhão e índio 1,8 milhão abaixar o g1 reunir principal notícia dia coronavírus",saúde, 03/08/2020 11h39 , Por G1 ,https://g1.globo.com/bemestar/coronavirus/noticia/2020/08/03/as-noticias-mais-importantes-sobre-coronavirus-de-3-de-agosto.ghtml,1
3273,Vídeo do pastor Silas Malafaia engana sobre eficácia da ivermectina contra covid-19 na África,,o o contrário o pastor evangélico haver atribuir covid-19 áfrico distribuição ivermectina continente,saúde,2020/12/22,Comprova,https://projetocomprova.com.br/publicações/video-do-pastor-silas-malafaia-engana-sobre-eficacia-da-ivermectina-contra-covid-19-na-africa/,0
3274,Novos surtos de coronavírus na Espanha suscitam temores de 'segunda onda' na Europa,"Vários países europeus anunciaram novas restrições a viajantes que chegam da Espanha, onde infecções estão aumentando.",o espanha adotando medir conter o aumentar caso coronavírus o temor onda prolongar o catalunha proibir o funcionamento bar e discoteca noite semana e cidade e região testemunhar surto o reinar unir anunciar sábado voltar espanha o país isolar dia o noruega tomar medir semelhante e o frança emitir alertar viagem o frança e o alemanha vestir aumentar caso país lutar alcançar equilíbrio conter surto e reabrir o economia,saúde, 27/07/2020 08h32 , Por BBC ,https://g1.globo.com/mundo/noticia/2020/07/27/novos-surtos-de-coronavirus-na-espanha-suscitam-temores-de-segunda-onda-na-europa.ghtml,1
3275,MSD ajudará a fabricar vacinas contra covid-19 da Johnson & Johnson  ,,o presidente unir joe biden anunciar hoje o gigante farmacêutico msd merck sharp&dohme ajudar o fabricar vacinar o covid-19 concorrente johnson johnson movimentar aumentar o fornecimento imunizante aprovar regulador país sábado o informação confirmar autoridade governar americano agência notícia afp divulgar detalhe o acordar empresar americano o jornal washington post publicar o informação citar funcionário alto escalão administração biden o reportagem informar acordar o msd fabricante vacinar mundo dedicar instalação unir produzir dose vacinar,saúde,02/03/2021 11h24Atualizada em 03/03/2021 13h58 ,02/03/2021 11h24Atualizada em 03/03/2021 13h58 ,https://noticias.uol.com.br/internacional/ultimas-noticias/2021/03/02/merck-ajudara-johnson--johnson-a-fabricar-vacinas-contra-covid-19.htm,1
3276,Nobel de Medicina não disse que coronavírus foi criado em laboratório  ,,falso texto circular whatsapp e posts rede social o prêmio nobel medicinar tasuku honjo afirmar o coronavírus natural o honjo desmentir alegação atribuir o e d pesquisar científico confirmar o vírus causador covid-19 desenvolver laboratório.a verificação d texto solicitar leitor enviar pedir whatsapp o monitoramento rede social realizar detectar conteúdo circular haver dia diverso idioma aparentar tentativo organizar criar desinformação o respeitar pandemia covid-19,ciência,29/04/2020 18h59 ,"Do UOL, em São Paulo ",https://noticias.uol.com.br/comprova/ultimas-noticias/2020/04/29/nobel-de-medicina-nao-disse-que-coronavirus-foi-criado-em-laboratorio.htm,0
3277,postar gasolina devolver dinheiro impor parir cliente verdade,,"o vídeo surgir o redar social e diverso whatsapp o semana março e mostrar o recibo vender combustível o cliente o homem filmar afirmar reclamar o funcionário postar e ameaçar chamar o polícia o postar devolver dinheiro o r$ 37,50 impor incidir sobrar o combustível colocar",entretenimento,10/03/2021,gilmar lopes,https://www.e-farsas.com/posto-de-gasolina-devolve-dinheiro-do-imposto-para-cliente-sera-verdade.html,0
3278,"
  George Soros não foi preso na Filadélfia por interferência nas eleições presidenciais dos EUA","Circulam nas redes sociais desde o último dia 23 de novembro publicações afirmando que o bilionário George Soros foi preso por interferência nas eleições presidenciais norte-americanas deste ano. Algumas delas incluem a imagem do suposto processo contra Soros na Filadélfia, no estado da Pensilvânia. A alegação é, contudo, falsa. A Polícia da Filadélfia negou ter realizado esta prisão e a imagem do processo foi digitalmente manipulada.Envie-nos por WhatsApp Email",“ o bilionário comunista george soro presar unir envolvimento software e fraude eleição ” o texto sobrepor imagem soro postagens compartilhar centena facebook o capturar tela matéria traduzir o português indicar o bilionário presar “ interferência eleitoral ” o afirmação circular vídeo facebook e youtube twitter acompanhar imagem supor processar afirmação falso,política,3/12/2020 às 21:49,AFP Hong Kong,https://checamos.afp.com//george-soros-nao-foi-preso-na-filadelfia-por-interferencia-nas-eleicoes-presidenciais-dos-eua,0
3279,"

iFood está fazendo propaganda contra Bolsonaro nas notas fiscais #boato 
",Boato – A iFood está fazendo propaganda contrária ao presidente Jair Bolsonaro ao coloca “Fora Bolsonaro genocida” nas notas fiscais.,olhar gente … ifood propaganda bolsonaro noto pedir boicotar empresar e aprender o respeitar o presidente,política,07/05/2021,"
Edgard Matsuki ",https://www.boatos.org/politica/ifood-esta-fazendo-propaganda-contra-bolsonaro-notas-fiscais.html,0
3280,Djamila Ribeiro: Estado está financiando guerra de pobres contra pobres  ,,entrevisto o o uol o filósofo e escritor djamila ribeiro financiar guerra pobre pobre negro negro,política,01/07/2020 12h58 ,01/07/2020 12h58 ,https://noticias.uol.com.br/videos/2020/07/01/djamila-ribeiro-estado-esta-financiando-guerra-de-pobres-contra-pobres.htm,1
3281,"

Foto mostra Luiz Fux, ministro do STF, beijando os pés de Adriana Ancelmo, mulher de Sérgio Cabral #boato 
","Foto – Imagem mostra momento em que o ministro do STF Luiz Fux se ajoelhou e beijou os pés de Adriana Ancelmo, mulher do ex-governador do Rio de Janeiro Sérgio Cabral.",fux presidente tse ajoelhar e beijar pé mulher sergio cabral fux o rabichola preso o sergio cabral fuz beijar pé adriana ancelmo o presidente dilma indicá-lo o o stf ministrar fux atual presidente tse ajoelhar e beijar pé mulher ex governador presar e condenar o cem ano cadeia sérgio cabral … .em agradecimento o o pedir condenar adriana ancelmo e aceitar dilmanta indca-lo o stf.adriana ancelmo contrapartida cumprir peno mordomia cobertura leblon receber amigo festa réveillon vítima inocentar astronômico saqueamento o cofre público … problema o condenar falir hipótese algum palavrão porra o o palavrão rigor lei,política,15/06/2020,"
Edgard Matsuki ",https://www.boatos.org/politica/foto-luiz-fux-ministro-stf-beijando-pes-adriana-ancelmo.html,0
3282,Veja o que é #FATO ou #FAKE nas declarações dos candidatos à Prefeitura de Belo Horizonte na 5ª semana de campanha,"Frases foram ditas em redes sociais, no horário eleitoral e nas agendas.",candidatar prefeitura belo horizonte continuidade campanha eleitoral cidade n semana o registrar oficial candidatura o equipar fato fake checar principal declaração ler joão vitor xavier cidadania “ nó falar empresar fechar durante o pandemia nó falar pessoa diretamente perder emprego claro divergente gente falir ouvir gente falar ouvir gente falar”,política, 30/10/2020," Por Patrícia Fiúza, G1 Minas — Belo Horizonte ",https://g1.globo.com/fato-ou-fake/noticia/2020/10/30/veja-o-que-e-fato-ou-fake-nas-declaracoes-dos-candidatos-a-prefeitura-de-belo-horizonte-na-5a-semana-de-campanha.ghtml,0
3283,"As epidemias do século 21, menos mortais que as do século 20  ",,coronavírus 100.000 morto mundo o século experimentar epidemiar fatal século anterior o vírus ebola identificar causar o e março epidemiar febre hemorrágico guiné serrar leão e libério vírus contagioso taxar mortalidade alto saldar 11.300 morto o vírus reaparecer agostar ler repúblico democrático congo dia caso o rdc declarar abril o epidemiar haver morte e necessário esperar dia terminar,saúde,11/04/2020 09h27 ,11/04/2020 09h27 ,https://noticias.uol.com.br/ultimas-noticias/afp/2020/04/11/as-epidemias-do-seculo-xxi-menos-mortais-que-as-do-seculo-xx.htm,1
3284,Deputado do PSL quer álcool em gel obrigatório em comércio de SP  ,,o infectar coronavírus paulo ganhar n semana projeto lei obrigar estabelecimento comerciar o oferecer álcool gel o consumidor o proposto apresentar deputar estadual adalberto freitas psl dia e prever multar diário r$ descumprir o norma o temer pautar assembleia legislativo estabelecimento ficar obrigar o oferecer álcool gel bar restaurante lanchonetes supermercado hipermercado centro comerciar shopping centers pautar o gente preciso preparar enfrentar o vírus afirmar o deputar o o jornal o s. paulo justificativo projeto lei freitas argumentar o simples atar lavar mão parecer simples e importância medir prevenção doença incluir o coronavírus lei precisar obrigatório haver assepsiar satisfatório consumidor n locar aglomeração,saúde,07/03/2020 15h36 ,07/03/2020 15h36 ,https://noticias.uol.com.br/ultimas-noticias/agencia-estado/2020/03/07/deputado-do-psl-quer-alcool-em-gel-obrigatorio-em-comercio-de-sp.htm,1
3285,"Teich já estava sendo fritado há um tempo, diz colunista do UOL  ",,colunista uol thaís oyama comentar o sair nelson teich minstério saudar ocorrido hoje o gota d'água o o liberação hidroxicloroquina o fritura ocorrer haver teich cheirar fritura haver o gota d'água o hidroxicloroquina o uol debater analisar o demissão ministrar oyama participar leonardo sakamoto e talar o o médico querer assumir o ministério completar o colunista,saúde,15/05/2020 13h46 ,"Do UOL, em Porto Alegre",https://noticias.uol.com.br/saude/ultimas-noticias/redacao/2020/05/15/teich-ja-estava-sendo-fritado-ha-um-tempo-diz-colunista-do-uol.htm,1
3286,"

Centro Tupyara está aplicando vacina espiritual contra o novo coronavírus #boato 
",Boato – Centro espírita Tupyara está distribuindo “vacinas espirituais” contra a Covid-19 e outras doenças pela internet. Durma com um esparadrapo no braço. ,“ mensagem recebido centrar tupyara centrar especializar curar amanhã s hs colocar pedaço esparadrapo braço esquerdar altura aplicação vacinar dormir o 1:00 manhã receber vacinar doença planeta e chegar o espiritualidade passar intermédio médium leandra ribeiro gomar mandar pessoa vc querer esparadrapo 2/3 cm tamanho retirar o esparadrapo hs contar horar vacinar 1:00 ”,entretenimento,18/03/2020,"
Kyene Becker ",https://www.boatos.org/religiao/centro-tupyara-vacina-espiritual-coronavirus.html,0
3287,vídeo mostrar chinês cuspir parir espalhar o coronavírus pelar mundo verdade,será que o vídeo mostrando chineses cuspindo e espalhando o coronavírus pelo mundo é verdadeiro ou falso?,o filmar duração e começar o espalhar rede social março áudio acompanhar imagem explicar mulher preso cuspir e espalhar o coronavírus frutar austrália mulher jogar água contaminar corredor movimentar e cena pessoa cuspir botão elevador e sujeitar espalhar o coronavírus banco praça,saúde,28/03/2020,gilmar lopes,https://www.e-farsas.com/video-mostra-chineses-cuspindo-para-espalhar-o-coronavirus-pelo-mundo-sera-verdade.html,0
3288,"Vídeo de acampamento em Brasília mostra mobilização indígena, não preparação para 7 de Setembro",,  vídeo mostrar acampamento o esplanada ministério comer manifestante reunir parir o protesto setembro o verdade o barraca mostrar o vídeo acampamento lutar pelar vidar umar manifestação indígena começar o domingo e o sábado,política,2021-08-26,Comprova,https://projetocomprova.com.br/publicações/video-de-acampamento-em-brasilia-mostra-mobilizacao-indigena-nao-preparacao-para-7-de-setembro/,0
3289,Ministro do TCU é terceiro integrante da CPMI da Petrobras ligado a propina  ,,"o força-tarefa operação lavar jato apresentar justiçar n terça-feira denúncia relacionar o o pagamento propinar o esvaziamento cpmi comissão parlamentar misto inquérito petrobras instaurar acordar investigador pagamento r$ milhão negociar ex-parlamentares contribuir nenhum empreiteiro convocar o depor investigação congresso nacional corrupção estatal o lavar jato denunciar o ex-senador vital rêgo filhar mdb-pb atual ministrar tcu tribunal contar união receber propinar o cpmi convocar executivo construtor oas prestar esclarecimento vital época presidente comissão acordar o lavar jato vital acordar receber r$ milhão poupar o oas investigador receber r$ milhão o uol conseguir contato advogar ministrar o ex-deputado federal marcar maio pt-rs denunciar lavar jato prático semelhante setembro ano passar acordar o operação maio relator cpmi acordar empreiteiro receber r$ 1,5 milhão poupá-los o ex-deputado efetivamente receber r$ 1,2 milhão empresar",política,26/08/2020 04h02Atualizada em 26/08/2020 21h42 ,Vinicius Konchinski,https://noticias.uol.com.br/politica/ultimas-noticias/2020/08/26/ministro-do-tcu-cpi-da-petrobras-lava-jato-propinas.htm,1
3290,"'UTIs improvisadas aumentam mortes por covid-19 no Brasil', alerta médico intensivista","Com sobrecarga e falta de profissionais, até 80% dos intubados não sobrevivem. Para Associação de Medicina Intensiva Brasileira, abrir leitos não pode ser única resposta à pandemia e custa mais que auxílio emergencial.",país mundo morte consequência covid-19 o abertura leito unidade tratamento intensivo uti acompanhar o vítima grave o alto hospitalização brasil o início ano e o médio móvel morte bater recorde semana semana formou-se filar esperar leito diverso brasileiro resistir esperar e morrer apesar aumentar surpreendente vago utis dezembro o brasil extrapolar limitar termo criação leito adequar haver avaliar o associação medicinar intensivo brasileiro amib indicador o taxar mortalidade observar utis paciente intubados sobreviver advertir ederlon rezende consultivo e coordenador projeto utis brasileiro amib jornada extenuante trabalhador indispensável terapia intensivo médico enfermeiro técnico enfermagem e fisioterapeuta o situação colapso agravar profissional disponível mercar ocupar vago rezende o abertura desmedir leito uti feito improvisar e uti aceito improvisar ressaltar,ciência, 13/04/2021 11h43 ," Por Nádia Pontes, Deutsche Welle ",https://g1.globo.com/mundo/noticia/2021/04/13/utis-improvisadas-aumentam-mortes-por-covid-19-no-brasil-alerta-medico-intensivista.ghtml,1
3291,"

Luc Montagnier diz que todas as pessoas vacinadas morrerão em dois anos #boato 
",Boato – O vencedor do Prêmio Nobel Luc Montagnier afirmou que não há chance de sobrevivência para pessoas que receberam vacinas e que todos os vacinados morrerão em dois anos.,pessoa vacinar morrer ano o prêmio nobel luc montagnier confirmar haver chance sobrevivência pessoa receber vacinar entrevisto chocante o virologista mundo afirmar rodeio “ haver esperançar e nenhum tratamento vacinar dever preparar cremar corpo ” o gênio científico apoiar afirmação virologistas eminente estudar ingrediente vacinar “ morrer dever o o aumentar dependente anticorpo o ” pessoa receber o picar vibora magnetizar … o significar picar existir magneto cérebro e corpo controlar activação pleno g o cumprimentar profecia profeta daniel daniel balançar vidar arrependa-se pecar e volte-se o criador e filhar jesus cristo yahushua hamaschiach o único tirar d matrix diabólico e,saúde,27/05/2021,"
Edgard Matsuki ",https://www.boatos.org/saude/luc-montagnier-diz-todas-pessoas-vacinadas-morrerao-dois-anos.html,0
3292,"

Mãe e irmã de Adélio trabalhavam no gabinete de Maria do Rosário #boato 
","Boato – A mãe e a irmã de Adélio Bispo de Oliveira, homem que esfaqueou Bolsonaro, trabalhavam no gabinete da deputada Maria do Rosário (PT-RS).",o mídia publicidade o o fato o mãe e o irmão adélio bispar oliveira trabalhar gabinete maria rosário fato real interessar o jornalista necessário o público pesquisar estranho o ligação aproximar jw o assassinar maria rosário e parente adelio alguém explicar investigar,política,27/01/2019,"
Edgard Matsuki ",https://www.boatos.org/politica/mae-irma-adelio-maria-rosario.html,0
3293,"

Dono da rede Atacadão e Carrefour pede fim da quarentena e diz que vai demitir 60% dos funcionários #boato 
",Boato – O dono da rede de supermercados Atacadão e do Carrefour gravou um vídeo em que critica o isolamento social como proteção ao novo coronavírus e diz que empresas vão demitir 60% dos funcionários.,dono redar atacadão carrefour atacadão e carrefour mandar causar gasto chegar caminhão mercadoria vender muito?dono redar atacadão opinião corona vírus e demitir funcionários.dono atacadao e carrefour presidente redar atacadão o pensar o manobrar político desestabilzar o economia … o caro empregar milhar pessoa … dono redar atacadão carrefour … ê pra entender saudar e economia andar braço faltar dinheiro pra comer comprar remédio … enfim viver vc morrer o corona vírus matar depender diverso fatores vc ganhar dinheiro … vc morrer fome e doença oportunista proteger vulnerável e o lutar proteção,saúde,28/03/2020,"
Edgard Matsuki ",https://www.boatos.org/saude/dono-rede-atacadao-carrefour-fim-quarentena-demitir-60-funcionarios.html,0
3294,"Bretas concede liberdade provisória, sem tornozeleira, a Dario Messer  ",,o juiz federal marcelo bretas 7ª varar federal criminal rir conceder liberdade provisório e tornozeleira o o doleiro doleiros dario messer n tornar delator fechar acordar colaboração premiar o lavar jato fluminense delação doleiro doleiros afirmar ex-presidente paraguai o aconselhar o entregar e pagar us$ o decisão proferir recurso ministério público federal sugerir o bretas substituir prisão preventivo o doleiro incluir domiciliar tornozeleira eletrônica e medir cautelar ... ler íntegro estadão,política,31/08/2020 19h24 ,31/08/2020 19h24 ,https://noticias.uol.com.br/colunas/reinaldo-azevedo/2020/08/31/bretas-concede-liberdade-provisoria-sem-tornozeleira-a-dario-messer.htm,1
3295,"

Bolsonaro acabou de criar o Tribunal Constitucional Militar para caçar os corruptos #boato 
","Boato – O presidente Jair Bolsonaro acabou de criar, por meio de um decreto, o Tribunal Constitucional Militar. O objetivo é “caçar os corruptos” e “acabar com a esquerdalha”.",o presidente repúblico atuando chefe e comandante supremo forçar armar atribuição legar e garantir constitucional e exercício efetivo cumprimentar lei e ordem democrático direito … considerar o calamidade público e o desordem institucional executivo legislativo e judiciário ministério público … fiscalização e punição resultante abusar prerrogativa desviar e finalidade aplicação lei autoridade integrante repúblico e ministério público dissimular o mantar legalidade o o defraudar o meter legislativo e violar o comandar normativo lei resolver art 1º – criar o tribunal constitucional militar órgão institucional direitopúblico internar autonomia administrativo orçamentária e financeiro prazo duração ano prorrogável período … art 2º – o tribunal constitucional militar compor procurador constitucional nomear presidente repúblico e trintar e ministro nomear chefe e comandante supremo forçar armar lista tríplice apresentar defeso militar oficiar forçar armar pós-graduação direito e e jurista notável jurídico e reputação ilibar idade mínimo quarentar e anos.não deixar o documentar acima tomar verdadeiro prece atendido … o presidente ordenar o abertura tribunal constitucional militar tomar desenterrar processo engavetar faltar cadeia ladrão o limpeza completar canal denúncia o delatar ladrão merendar comprador voto e pragas?aleluias medir finalmente criar o tribunal constitucional militar acabar o farra d esquerdalha princípio e ético extremamente corrupto e aparelhar político legislativo executivo judiciário feliz decretar 26.06.2020 governar federal parabém presidente bolsonaro,política,03/07/2020,"
Edgard Matsuki ",https://www.boatos.org/politica/bolsonaro-acabou-criar-tribunal-constitucional-militar-cacar-corruptos.html,0
3296,"Com Covid-19 pela segunda vez, Zé Felipe viaja e se isola com os pais em SP  ",,testar positivar zé felipe viajar paulo e ficar isolar juntar pai leonardo e poliana rocha coronavirus olhar chegar cuidar escrever poliana o o publicar foto zé felipe o o pai imagem reprodução instagram,saúde,18/12/2020 16h47 ,18/12/2020 16h47 ,https://tvefamosos.uol.com.br/noticias/redacao/2020/12/18/com-covid-19-pela-segunda-vez-ze-felipe-viaja-e-se-isola-com-os-pais-em-sp.htm,1
3297,"Entre votar em Lula ou Bolsonaro, presidente do PSDB diz que prefere levar um tiro  ",,o ex-deputado federal brunir araújo presidente nacional psdb votar branco casar o turno eleição presidencial o presidente jair bolsonaro e o ex-presidente luiz inácio lula silvar pt participar uol entrevisto o repórter nathan lopes uol e carla araújo colunista uol,política,18/03/2021 12h41 ,18/03/2021 12h41 ,https://noticias.uol.com.br/videos/2021/03/18/bruno-araujo-sobre-possibilidade-de-2-turno-entre-lula-e-bolsonaro-infelizmente-voto-em-branco.htm,1
3298,esculturar antigo provar o batman inspirar o deus maio camazotz,,o imagem umar esculturar formar vestimenta homem cabeça morcegar começar o espalhar o redar social o quinzena maio acordar o texto acompanhar o foto o deus maio chamar camazotz – adorar haver 2.500 ano – servir inspiração parir o personagem quadrar batman,entretenimento,24/05/2019,gilmar lopes,https://www.e-farsas.com/escultura-antiga-prova-que-o-batman-foi-inspirado-no-deus-maia-camazotz.html,0
3299,É #FAKE que vídeo mostre ação da polícia contra passageiros sem máscara no metrô de Paris,Imagens foram feitas durante ação da polícia romena contra torcedores de times de futebol suspeitos de planejar confronto entre si.,circular rede social vídeo policiar tropa chocar remover jovem violento vagão metrô legendar acompanhar o vídeo parir pessoa máscara tirar metrô buscar reverso imagem levar o reportagem mostrar verdade incidente ocorrer bucareste romênia outro vídeo mostrar imagem detalhar vagão o casar o máscara verdade o polícia reprimir integrante torcido csa steua e dinamo suspeito planejar confrontar si o polícia atuou reprimir suspeito e levar d o delegacia,brasil, 29/11/2020," Por Roney Domingos, G1 ",https://g1.globo.com/fato-ou-fake/noticia/2020/11/29/e-fake-que-video-mostre-acao-da-policia-contra-passageiros-sem-mascara-no-metro-de-paris.ghtml,0
3300,Veja o que é #FATO ou #FAKE nas declarações dos candidatos à Prefeitura de SP na 3ª semana de campanha,"Frases foram ditas em redes sociais, eventos de campanha e no horário eleitoral.",candidato prefeitura paulo continuidade campanha eleitoral cidade n semana o registrar oficial candidatura participar agendar evento postar rede social e intensificar discurso horário eleitoral o equipar fato fake checar principal declaração durante o semana candidato aparecer numericamente frente pesquisar o ordem seguir o pesquisar ler: celso russomanno republicano “o presidente bolsonaro lançar o render brasil parir deixar gente mão vazio”,política, 17/10/2020," Por G1, O Globo, TV Globo e GloboNews ",https://g1.globo.com/fato-ou-fake/noticia/2020/10/17/veja-o-que-e-fato-ou-fake-nas-declaracoes-dos-candidatos-a-prefeitura-de-sp-na-3a-semana-de-campanha.ghtml,0
3301,Veja o que é #FATO ou #FAKE nas declarações dos candidatos à Prefeitura de SP na 3ª semana de campanha,"Frases foram ditas em redes sociais, eventos de campanha e no horário eleitoral.",candidato prefeitura paulo continuidade campanha eleitoral cidade n semana o registrar oficial candidatura participar agendar evento postar rede social e intensificar discurso horário eleitoral o equipar fato fake checar principal declaração durante o semana candidato aparecer numericamente frente pesquisar o ordem seguir o pesquisar ler: celso russomanno republicano “nó caso pontuar e umar quantidade imenso morador ruir problema covid resistente o gente conviver o o ruir comer tomar banhar o dia” ,política, 17/10/2020," Por G1, O Globo, TV Globo e GloboNews ",https://g1.globo.com/fato-ou-fake/noticia/2020/10/17/veja-o-que-e-fato-ou-fake-nas-declaracoes-dos-candidatos-a-prefeitura-de-sp-na-3a-semana-de-campanha.ghtml,0
3302,Veja o que é #FATO ou #FAKE nas declarações dos candidatos à Prefeitura de SP na 3ª semana de campanha,"Frases foram ditas em redes sociais, eventos de campanha e no horário eleitoral.","candidato prefeitura paulo continuidade campanha eleitoral cidade n semana o registrar oficial candidatura participar agendar evento postar rede social e intensificar discurso horário eleitoral o equipar fato fake checar principal declaração durante o semana candidato aparecer numericamente frente pesquisar o ordem seguir o pesquisar ler: brunir cova psdb ""bater o meter requalificação km corredor ônibus o cidade paulo""",política, 17/10/2020," Por G1, O Globo, TV Globo e GloboNews ",https://g1.globo.com/fato-ou-fake/noticia/2020/10/17/veja-o-que-e-fato-ou-fake-nas-declaracoes-dos-candidatos-a-prefeitura-de-sp-na-3a-semana-de-campanha.ghtml,0
3303,Veja o que é #FATO ou #FAKE nas declarações dos candidatos à Prefeitura de SP na 3ª semana de campanha,"Frases foram ditas em redes sociais, eventos de campanha e no horário eleitoral.",candidato prefeitura paulo continuidade campanha eleitoral cidade n semana o registrar oficial candidatura participar agendar evento postar rede social e intensificar discurso horário eleitoral o equipar fato fake checar principal declaração durante o semana candidato aparecer numericamente frente pesquisar o ordem seguir o pesquisar ler: brunir cova psdb “o o prefeitura criar bolsar crack financiar o consumir d pessoa começar o atrair gente brasil inteirar parir o cracolândia o prefeitura programar financiar consumir”,política, 17/10/2020," Por G1, O Globo, TV Globo e GloboNews ",https://g1.globo.com/fato-ou-fake/noticia/2020/10/17/veja-o-que-e-fato-ou-fake-nas-declaracoes-dos-candidatos-a-prefeitura-de-sp-na-3a-semana-de-campanha.ghtml,0
3304,Veja o que é #FATO ou #FAKE nas declarações dos candidatos à Prefeitura de SP na 3ª semana de campanha,"Frases foram ditas em redes sociais, eventos de campanha e no horário eleitoral.",candidato prefeitura paulo continuidade campanha eleitoral cidade n semana o registrar oficial candidatura participar agendar evento postar rede social e intensificar discurso horário eleitoral o equipar fato fake checar principal declaração durante o semana candidato aparecer numericamente frente pesquisar o ordem seguir o pesquisar ler: guilherme boulos psol “hoje o taxar investimento cidade tornar r$ bilião ano o ano”,política, 17/10/2020," Por G1, O Globo, TV Globo e GloboNews ",https://g1.globo.com/fato-ou-fake/noticia/2020/10/17/veja-o-que-e-fato-ou-fake-nas-declaracoes-dos-candidatos-a-prefeitura-de-sp-na-3a-semana-de-campanha.ghtml,0
3305,Veja o que é #FATO ou #FAKE nas declarações dos candidatos à Prefeitura de SP na 3ª semana de campanha,"Frases foram ditas em redes sociais, eventos de campanha e no horário eleitoral.",candidato prefeitura paulo continuidade campanha eleitoral cidade n semana o registrar oficial candidatura participar agendar evento postar rede social e intensificar discurso horário eleitoral o equipar fato fake checar principal declaração durante o semana candidato aparecer numericamente frente pesquisar o ordem seguir o pesquisar ler: márcio frança psb “precisar lembrar paulo pagar precatório parir ninguém ‘ pedalar ’ o precatório o seriar crime responsabilidade”,política, 17/10/2020," Por G1, O Globo, TV Globo e GloboNews ",https://g1.globo.com/fato-ou-fake/noticia/2020/10/17/veja-o-que-e-fato-ou-fake-nas-declaracoes-dos-candidatos-a-prefeitura-de-sp-na-3a-semana-de-campanha.ghtml,0
3306,Veja o que é #FATO ou #FAKE nas declarações dos candidatos à Prefeitura de SP na 3ª semana de campanha,"Frases foram ditas em redes sociais, eventos de campanha e no horário eleitoral.",candidato prefeitura paulo continuidade campanha eleitoral cidade n semana o registrar oficial candidatura participar agendar evento postar rede social e intensificar discurso horário eleitoral o equipar fato fake checar principal declaração durante o semana candidato aparecer numericamente frente pesquisar o ordem seguir o pesquisar ler: márcio frança psb “pessoa contaminar o covid-19 transportar coletivo”,política, 17/10/2020," Por G1, O Globo, TV Globo e GloboNews ",https://g1.globo.com/fato-ou-fake/noticia/2020/10/17/veja-o-que-e-fato-ou-fake-nas-declaracoes-dos-candidatos-a-prefeitura-de-sp-na-3a-semana-de-campanha.ghtml,0
3307,"Austrália prendeu quase 200 pessoas acusadas causar incêndio doloso #boato 
","Boato – Na Austrália, polícia acusou quase 200 pessoas de envolvimento em crime de incêndio doloso no país. ",austrália prender pessoa acusar incêndio doloso o polícia austrália informar prender pessoa suspeito provocar foco incêndio país detido idade pessoa acusar envolvimento crime relacionar o incêndio e responder incêndio doloso e condenar o ano prisão o austrália conter numeroso incêndio país devastar florestar e bosque e matar direta indiretamente cercar bilião animar acordar balançar divulgar ong wwf,mundo,,"
Kyene Becker ",https://www.boatos.org/mundo/australia-prendeu-200-pessoas-acusadas-causar-incendio.html,0
3308,"Sem espaço com volta de Fred, Felippe Cardoso deve deixar o Fluminense  ",,o pausar o campeonato carioca e o voltar calendário nacional gerar mudança elenco fluminense reforçar início ano o atacante felippe cardoso o o deixar o clube semestre espaçar o retornar fred e o ascensão esperar evanílson o centroavante pertencer o o santo reemprestado início campeonato brasileiro e voltar copar brasil agostar o dentre contratação início temporada o deixar laranjeira o volante henrique chegar empréstimo retornar o o cruzeiro o disputar série b. flu felippe cardoso atuou e marcar gol o bangu campeonato carioca o avaliação interno o jogador precisar processar maturação espaçar oportunidade clube.o jovem ano chegar o o fluminense aproveitar profissional e recém-criada equipar sub-23 o problema o pandemia coronavírus o calendário aspirante seguir indefinido o tricolor juntar o país construção o cbf alongar datar brasileirão categoria o acabar acontecer,saúde,17/07/2020 17h12 ,Caio Blois,https://www.uol.com.br/esporte/futebol/ultimas-noticias/2020/07/17/sem-espaco-com-volta-de-fred-felippe-cardoso-deve-deixar-o-fluminense.htm,1
3309,"É #FAKE que hospital de campanha do Anhembi não tem pacientes e, por isso, médicos têm sido liberados de plantões","Unidade tem 186 internados com a Covid-19; duas mortes já foram registradas no local. Mensagem falsa utiliza informação antiga, antes de hospital operar, para criar tese mentirosa.",circular rede social mensagem plantão médico chamar o hospital campanha anhembi cancelar paciente o covid-19 o teoria trás mensagem falso o o crise coronavírus paulo gravar foto interno hospital vaziar e antigo compartilhar atual o viralização imagem impulsionar perfil apoiar o presidente jair bolsonaro rede social o foto chegar paciente aparecer pessoa imagem trabalhador participar montagem hospital o imagem passar o falso impressão haver demandar doente,saúde, 24/04/2020," Por Roberta Pennafort, CBN ",https://g1.globo.com/fato-ou-fake/coronavirus/noticia/2020/04/24/e-fake-que-hospital-de-campanha-do-anhembi-nao-tem-pacientes-e-por-isso-medicos-tem-sido-liberados-de-plantoes.ghtml,0
3310,"
  Não foi publicado pelo diretor-geral da PF tuíte que diz que o STF e Lula mandaram matar Bolsonaro","A captura de tela de um tuíte em que o diretor-geral da Polícia Federal, Paulo Maiurino, supostamente afirma que partiu do Supremo Tribunal Federal (STF) e do ex-presidente Luiz Inácio Lula da Silva (PT) a “ideia de matar” o presidente Jair Bolsonaro, foi compartilhada mais de 10 mil vezes em redes sociais desde meados de abril de 2021. A mensagem foi publicada, no entanto, por uma conta falsa. A Polícia Federal concluiu, em dois inquéritos, que o ataque a faca sofrido por Bolsonaro em setembro de 2018 foi executado por Adélio Bispo, sem mandantes.Envie-nos por WhatsApp Email",“ d conjuntar e o idear matar bolsonaro … querer pensar falso o informação ficar o vontade dia deus abençoar ” o tuíte ilustrar foto stf brasília o capturar tela publicação circular amplamente facebook o o o dia abril e impulsionar vídeo o jornalista ledo nagle ler o conteúdo mensagem “ ‘ d ’ boto o foto stf ... ‘ to ’ assustar político né político ” comentar nagle sequência o mensagem publicar diretor-geral polícia federal,brasil,20/04/2021 às 20:46,AFP Brasil,https://checamos.afp.com//nao-foi-publicado-pelo-diretor-geral-da-pf-tuite-que-diz-que-o-stf-e-lula-mandaram-matar-bolsonaro,0
3311,"Após praias, calçadão da orla de Santos será fechado a partir de amanhã  ",,fechar o acesso s praia e faixar arear semana passar o prefeito santo rogério santo psdb afirmar o acesso o o calçadão fechar santo afirmar o medir anterior acatar e restrição necessário o situação mudo o acesso o jardim e calçadão orlar praia ficar proibir o 0h d sábado o decisão tomar reunião o desenvolvimento região metropolitano baixar santista o restrição anunciar prefeito entrevisto globonews detalhar o duração medir quase leito uti covid lotar o prefeitura alertar o gravidade atual enfrentamento doença o abertura leito receber paciente grave,saúde,19/03/2021 12h43 ,19/03/2021 12h43 ,https://noticias.uol.com.br/saude/ultimas-noticias/redacao/2021/03/19/apos-praias-calcadao-da-orla-de-santos-sera-bloqueado-a-partir-de-amanha.htm,1
3312,Fundador da Qualicorp é preso em nova operação da Lava Jato   ,,o empresário josé seripieri filhar o júnior fundador qualicorp presar manhã d terço operação investigar irregularidade relacionar campanha eleitoral josé serrar eleito senador paulo o prisão temporário saripieri alvo operação buscar e apreensão casar o pf cumprir mandar prisão temporário e buscar e apreensão relacionar o doação contabilizar somar r$ milhão o operação autorizar justiçar eleitoral ... ler íntegro folhar,política,21/07/2020 10h48 ,21/07/2020 10h48 ,https://noticias.uol.com.br/colunas/reinaldo-azevedo/2020/07/21/fundador-da-qualicorp-e-preso-em-nova-operacao-da-lava-jato.htm,1
3313,Bebê com leucemia e síndrome de Down se recupera da Covid-19 após 10 dias intubado,,diagnosticar leucemia início o pequeno joão miguel ano e conseguir recuperar covid-19 dia intubado o mãe menino o servidor público eniclécia pereira compartilhar o notícia rede social joão contrair o doença o ciclo sessão quimioterapia câncer o beber comorbidades cardiopatia e síndrome down joão sair hospital mulher maceió alagoa terça-feira o internação pai visitar o menino dia diagnosticar covid-19 e precisar ficar isolar eniclécia contar sedar o filhar acordar e arrancar tubo e o sondar nariz dia o intubação suspenso necessário joão ficar semana unidade saudar voltar casar médico esconder o d e chegar o esperançar manter firme e oração e acreditar vencer falar joão precisar aguentar e desistir o missão d passar alegria amor e fé o acabar relatar eniclécia o história joão compartilhar secretário estadual saudar alagoa alexandre ayres parabenizar o equipar médico atuou casar e celebrar o recuperação menino ficar intubado durante dia uti pediátrico unidade receber atendimento humanizar referência redar exclusivo covid-19 o ajudar mamãe deixar o nome árvore vidar registrar alto médico hm joão vidar brilhante frente história o d querer continuar escrever,saúde, Publicado em  09/04/21 12:21 ,Extra,https://extra.globo.com/noticias/coronavirus/bebe-com-leucemia-sindrome-de-down-se-recupera-da-covid-19-apos-10-dias-intubado-rv1-1-24963309.html,1
3314,falsar urna eletrônicas fraudar parir prejudicar carlos bolsonaro,"na manhã de hoje (15), um perfil apócrifo no twitter questionou a confiabilidade das urnas eletrônicas das seções 435 e 443, da 7ª zona eleitoral, no rio de janeiro (arquivo)!",o usuário alegar votar colégio santo anjo localizar bairro tijuca e o o digitar o candidatar carlos bolsonaro candidatar o vereador buscar reeleição urna mostrar tratar candidatar inexistente alegar o mesário chamar e tentativo aparecer o foto candidatar,política,15/11/2020,marco faustino,https://www.e-farsas.com/e-falso-que-urnas-eletronicas-foram-fraudadas-pra-prejudicar-carlos-bolsonaro.html,0
3315,"Médico conselheiro da Casa Branca diz que novo vírus descoberto na China 'não é ameaça imediata', mas que é preciso 'ficar de olho'","Influenza G4 EA H1N1 foi registrado em porcos após anos de estudos e ainda não há registro de transmissão entre humanos, mas descoberta gerou atenção caso o vírus sofra mutações.","O médico Anthony Fauci, principal conselheiro em epidemiologia na Casa Branca, afirmou nesta terça-feira (30) que o novo vírus descoberto em porcos na China se assemelha aos vírus de gripe que causaram as pandemias de 2008 e 1918.  Assim como os vírus da chamada ""gripe suína"" e da ""gripe espanhola"", esse novo influenza é uma variante do H1N1 — está sendo chamado por cientistas G4 EA H1N1. A descoberta vem de estudos que levaram anos em abatedouros chineses, e, por enquanto, NÃO há relatos de transmissão entre humanos (leia mais no fim da reportagem).  Fauci explicou a parlamentares no Congresso dos Estados Unidos qual o risco desse novo vírus de gripe à saúde humana. ""Em outras palavras, quando você tem um novo vírus que se torna um vírus pandêmico é porque sofreu mutações e/ou por reorganização ou mudanças de genes"", afirmou.  O estudo sobre o novo vírus influenza foi publicado na segunda-feira na revista científica ""Proceedings of the National Academy of Sciences"" por pesquisadores da Universidade Agricultural Chinesa com análises em mais de 30 mil porcos entre 2011 e 2018. Veja mais no VÍDEO acima.",ciência, 30/06/2020 14h31 , Por G1 ,https://g1.globo.com/ciencia-e-saude/noticia/2020/06/30/medico-conselheiro-da-casa-branca-diz-que-novo-virus-descoberto-na-china-tem-semelhancas-com-a-gripe-h1n1-de-2009.ghtml,1
3316,É #FAKE que fotos mostrem incêndios florestais no Brasil em 2020,"Embora país sofra com uma série de queimadas, imagens antigas e fora de contexto têm sido apresentadas como novas e atuais.",circular rede social série foto chamar legendar acompanhar d imagem o entender atuais incêndio ocorrido n ano brasil o brasil enfrentar fato série incêndio florestar o pantanal sofrer o queimar milhão hectare tamanho referente o cidade paulo e rir janeiro junto o fumaça queimar amazônia e pantanal estender quilômetros território país entanto imagem antigo e contexto compartilhar atuais gerar desinformação rede,brasil, 16/09/2020," Por Roney Domingos, G1 ",https://g1.globo.com/fato-ou-fake/noticia/2020/09/16/e-fake-que-fotos-mostrem-incendios-florestais-no-brasil-em-2020.ghtml,0
3317,É #FAKE que Holanda reduziu mortes pela Covid-19 mesmo sem isolamento social,"Mensagem foi publicada pelo ex-ministro Osmar Terra, mas não é verdadeira. Os Países Baixos, também chamados de Holanda, adotaram, sim, medidas de isolamento social e regras para quem ainda precisa ir às ruas.","mensagem compartilhar rede social deputar federal osmar terra mdb-rs ex-ministro cidadania país chamar holanda adotaram medir isolamento social o texto afirmar apesar d o morte coronavírus passar picar epidemiar e o país adotaram medir isolamento social determinar o fechamento estabelecimento comerciar e divulgar série regrar diminuir o disseminação covid-19 conformar constar comunicar oficial casar o regrar distância 1,5 metro pessoa cumprir o governar multar envolvido texto o governar restaurante e bar fechar receber delivery buscar item mercar loja e o transportar público funcionar cliente manter o distância mínimo 1,5 metro e higienizar mão",mundo, 01/04/2020," Por Gabriela Caesar, G1 ",https://g1.globo.com/fato-ou-fake/noticia/2020/04/01/e-fake-que-holanda-reduziu-mortes-pela-covid-19-mesmo-sem-isolamento-social.ghtml,0
3318,"""Saí de casa fugida"", diz Carolina Iara, covereadora vítima de atentado  ",,o 1ª delegacia proteção pessoa dhpp departamento homicídio e proteção pessoa registrar o casar covereadora carolino iara casar alvo atentar o tiro madrugar hoje registrar polícia civil o covereadora acordar madrugar terça-feira mãe maria adalgisa ouvir o barulhar tiro o casar registrar disparar armar fogo e danar e o perícia pedir imediatamente achar o princípio o o casar e voltar o dormir carolino iara,política,27/01/2021 20h38Atualizada em 28/01/2021 07h20 ,Marcelo Oliveira,https://noticias.uol.com.br/politica/ultimas-noticias/2021/01/27/sai-de-casa-fugida-diz-carolina-iara-covereadora-vitima-de-atentado.htm,1
3319,“ importar ” jovem grávido pai verdade,,o publicação ganhar forçar compartilhamentos o redar social o quinzena setembro publicação diverso whatsapp o foto umar mulher grávido o o pai criança o legendar,entretenimento,28/09/2019,gilmar lopes,https://www.e-farsas.com/nao-me-importo-diz-jovem-gravida-do-proprio-pai-sera-verdade.html,0
3320,"

52 cidades tem zero casos de morte por Covid-19 graças a ivermectina, hidroxicloroquina e tratamento precoce #boato 
","Boato – É incrível. Graças a ivermectina, hidroxicloroquina e tratamento precoce, já são 52 cidades sem “casos de morte” por Covid-19.",cidade caso morte vírus chinês graça o ivermectina e hidroxocloroquina tratamento precoce axelgrael querer tratamento precoce posto saudar cidade o tratamento precoce disponibilizar “ portar segurar ba rancho queimar sc búzio rj portar feliz sp lourenço mg taquara rs itajubá mg braço norte sc toledo pr cristal rs cascavel pr joão nepomuceno mg saudade sc pilar al uberaba mg pedrar crente ma foz iguaçú pr santo maria rs itajaí sc vila velho es chapecó sc potirendaba sp odessa sp campino pb penha sc mirandópolis sp governador valadares mg ipatinga mg jaguaré es maxaranguape rn uberaba mg cacoal ro floriano pi despachar mg coronel fabriciano mg carmo rir claro mg lupionopolis pr natal rn arear branco rn mossoró rn apodi rn parnamirim rn parelho rn loanda pr pedrar paraná pr vitória conquistar ba itapetinga ba videiro sc orizona go tibagi sc taquara pr limeira sp andré marroig prefeito passar o deus abandonar o diabo,saúde,06/04/2021,"
Edgard Matsuki ",https://www.boatos.org/saude/52-cidades-zero-casos-morte-covid-19-gracas-ivermectina-hidroxicloroquina-tratamento-precoce-boato.html,0
3321,Carlos Alberto defende Brasileirão em turno único e retorno do mata-mata  ,,o futebol paralisar indeterminar contar pandemia coronavírus o ex-jogador carlos alberto acreditar o campeonato brasileiro precisar alterar convidar dono bolar d sexta-feira o comentarista fox sports sugerir o competição realizar turno único e mata-matas adequação calendário brasileiro o o europeu carlos alberto acreditar o o ideal entanto o alteração ótima mundo o opinião campeonato começar o brasileiro turno único ano e voltar o mata-mata o gente entender igualar o campeonato europeu n o gente sofrer o gente preparar melhor o gente igualar o campeonato ótimo mundo o cenário futebol mundial carlos alberto completar aproveitar coronavírus e tomar decisão s crise surgir oportunidade oportunidade mão oportunista o bem-estar,saúde,03/04/2020 14h25 ,03/04/2020 14h25 ,https://www.uol.com.br/esporte/futebol/ultimas-noticias/2020/04/03/carlos-alberto-campeonato-brasileiro-coronavirus.htm,1
3322,"Com pandemia, seleção do Equador quer demitir o técnico Jordi Cruyff   ",,contratar janeiro d ano jordi cruyff filhar johan cruyff achar longo técnico seleção equador entanto o pandemia coronavírus e o adiamento inúmero competição pensar demitir o técnico comandar treinar jordi comandar o seleção eliminatório buscar vago o copar mundo acontecer qatar contratar ano e processar reformulação seleção equatoriano carlos galarza diretor futebol seleção pedir o aval federação equatoriano futebol fef suspender o contratar jordi o diretor esportivo seleção antonio cordón contratar suspenso,saúde,30/03/2020 15h02 ,30/03/2020 15h02 ,https://www.uol.com.br/esporte/futebol/ultimas-noticias/2020/03/30/com-pandemia-selecao-do-equador-quer-demitir-o-tecnico-jordi-cruyff.htm,1
3323,"

Mensagem “Toque para ler o novo Aviso de Privacidade – Brasil” é um golpe criado por hackers no WhatsApp #boato 
",Boato – Hackers criaram uma mensagem no WhatsApp chamada “Toque para ler o novo Aviso de Privacidade – Brasil”. Não clique nela porque o seu WhatsApp vai ser clonado.,rapaziada mandar salvar pra ó pra ficar ó conhecimento tecnologia acabar receber o zap ó íconezinho ó tocar o avisar privacidade brasil telefonar clicar n pra ler tá clicar pastinhar colar aplicativo colar o telefonar tender clicar tratar ó pra sobremesa pra desligar o telefonar deixar minutar desligar serviço tá e reiniciar automaticamente sair pastinhar cancelar whatsapp normalmente o aplicativo novamente entender algum autorização aplicativo baixar novamente vir automatica atualizado baixar abrir pastinhar tá o whatsapp enviar mensagem pra nenhum cliente pedir comunicação atualização medo módulo segurança tá tá ó cadeadozinho desenhar néisso pra enganar o otário falar cuidar cair armadilhar vagabundar brasil escola malandro.você tá mensagem tocar ler tocar n mensagem o caro hackers clonar contatos whatsapp e ficar problema moço avisar hoje missionário seropédica celular pastor pastor pastor cristiano e e celular d agradecer tá mandar avisar pra gente né ah o darlie acontecer celular d clicar mensagem deletou o gente o deleta reiniciar o celular clonar o gente jogar o chip certar e avisar contatos celular direto hackers bandido clicar n mensagem bo cadeadinho tocar ler o avisar privacidade brasil tocar tá perdido comer tá atentar o mensagem chegar diferente o gente nãoabrindo,entretenimento,22/08/2020,"
Edgard Matsuki ",https://www.boatos.org/tecnologia/mensagem-toque-para-ler-o-novo-aviso-de-privacidade-brasil-um-golpe-whatsapp.html,0
3324,fake nóis o previsão furar vidente sobrar o coronavírus,,prever o futurar filmar livrar desenhar e série realmente previsão sobrar o coronavírus o internet haver inúmero publicação previsão filmar e série antigo sobrar o pandemia coronavírus verdade,saúde,14/07/2020,gilmar lopes,https://www.e-farsas.com/fake-em-nois-as-previsoes-furadas-dos-videntes-sobre-o-novo-coronavirus.html,0
3325,ovar ficar transparentar 24h solução coca-cola e pepsi verdade,,suar viralização ocorrer principalmente o vídeo inserir contexto desafiar suar ganhar diverso nome “ desafiar ovar transparentar “ “ desafiar ovar coca-cola e pepsi “ “ desafiar ovar transparentar instagram “ entrar outro combinação palavra,entretenimento,18/06/2019,marco faustino,https://www.e-farsas.com/ovo-fica-transparente-apos-24h-em-solucao-com-coca-cola-e-pepsi-sera-verdade.html,0
3326,o jeito corretar comer abacaxi gomar gomar,"vídeo compartilhado nas redes sociais mostra o que seria a forma correta e mais fácil de se consumir o abacaxi, mas é possível comer abacaxi de gomo em gomo?",o vídeo e surgir rede social semana março acordar o vídeo o maneiro corretar e fácil comer abacaxi retirar gomo frutar,saúde,9/03/20192,gilmar lopes,https://www.e-farsas.com/o-jeito-correto-de-comer-abacaxi-e-de-gomo-em-gomo.html,0
3327,Covas diz que vice precisa se explicar: violência doméstica é inaceitável  ,,o prefeito brunir cova psdb afirmar n sexta-feira candidatar o viçar o vereador ricardo nunes mdb preciso responder s acusação violência doméstico e ameaçar alvo atual esposo cova inaceitável violência mulher o folhar revelar nunes acusar violência doméstico ameaçar e injúria esposo seguir casar hoje regina carnovale registrar boletim ocorrência o vereador 6ª delegacia mulher santo amarar zonar sul questionar o assunto cova aproveitar criticar o adversário márcio frança psb brigar casal sobrecarregar o polícia ... ler íntegro folhar,política,16/10/2020 15h35 ,16/10/2020 15h35 ,https://noticias.uol.com.br/colunas/reinaldo-azevedo/2020/10/16/covas-diz-que-vice-precisa-se-explicar-violencia-domestica-e-inaceitavel.htm,1
3328,Comissão do Senado retoma voto presencial e aprova 32 indicados para representações no exterior,"Escolhidos pelo governo Bolsonaro ainda terão de ser analisados pelo plenário do Senado. Como votação é secreta, parlamentares votaram em totens e máquinas 'drive-thru'.",o comissão exterior cre senado aprovar n segunda-feira nome indicar governar representação brasil exterior votação presenciar colegiado março reunião suspenso causar pandemia covid-19 indicação aprovar comissão seguir análise plenário senado haver datar votar o retornar temporário atividades presenciar necessário o análise indicar embaixada e agência internacional o superior tribunal militar stm e o nacional justiçar cnj – feito comissão constituição e justiçar,política, 21/09/2020 20h49 ," Por Gustavo Garcia e Sara Resende, G1 e TV Globo — Brasília ",https://g1.globo.com/politica/noticia/2020/09/21/comissao-do-senado-retoma-voto-presencial-e-aprova-32-indicados-para-representacoes-no-exterior.ghtml,1
3329,É #FAKE que enfermeira morreu no Tennessee após tomar vacina contra Covid-19 e desmaiar em público,"Ela está em casa e bem, segundo hospital. O desmaio não foi uma reação à vacina.",circular rede social vídeo enfermeiro desmaiar e receber socorrer tomar vacinar o covid-19 legendar acompanhar o vídeo tiffany dover morrer tomar o imunizante o vídeo mostrar o logotipo chi hospital chattanooga tennessee unir o enfermeiro trabalhar perfil twitter o instituição informar n sábado casar e o enfermeiro tiffany dover agradecer o preocupação demonstrar casar e pedir privacidade e família outro comunicar anterior o hospital dezembro administrar dose vacinar pfizer o pessoa médico e enfermeiro e durante o realização entrevisto imprensar enfermeiro ficar tonto e ajudar o deitar perder o consciência e recuperar rapidamente afirmar,saúde, 20/12/2020," Por Roney Domingos, G1 ",https://g1.globo.com/fato-ou-fake/coronavirus/noticia/2020/12/20/e-fake-que-enfermeira-morreu-no-tennessee-apos-tomar-vacina-contra-covid-19-e-desmaiar-em-publico.ghtml,0
3330,TV alemã exibiu elefantes ao falar sobre queimadas na Amazônia,,emissor alemão confirmar o o o exibição imagem ilustrar matéria queimar amazônia veicular e retirar site o reportagem produtor contar errar,política,2020/09/17,Comprova,https://projetocomprova.com.br/publicações/tv-alema-exibiu-elefantes-ao-falar-sobre-queimadas-na-amazonia/,0
3331,"Em café com Bolsonaro, Alcolumbre prega entendimento entre Congresso e Planalto e defende isolamento social", 14/04/2020 12h38 ,café manhã o presidente jair bolsonaro n terça-feira residência oficial palácio alvorar o presidente senado davi alcolumbre dem-ap pregar entendimento congresso e planalto crise coronavírus relato o converso bolsonaro concordar precisar diálogo temer discutir café o proposto orçamentar guerra discussão congresso o socorrer financeiro o e município e pautar tramitação legislativo café alcolumbre defender o isolamento social medir conter o avançar coronavírus bolsonaro mostrar favorável o flexibilizar o isolamento alcolumbre citar o casar covid-19 doença causar vírus e recuperar,política, 14/04/2020 12h38 , Gerson Camarotti e Guilherme Mazui ,https://g1.globo.com/politica/blog/gerson-camarotti/post/2020/04/14/em-cafe-com-bolsonaro-alcolumbre-prega-entendimento-entre-congresso-e-planalto-e-defende-isolamento-social.ghtml,1
3332,Covid-19: restrições de acesso a Ilhabela (SP) continuam em vigor   ,,restar o o dia medir restrição entrar ilhabela litoral paulo continuar vigor o conter o transmissão coronavírus o prefeitura município integrar o valer paraíba estabelecer regrar restringir o balsa levar o o arquipélago válido morador e veranista região turista o dia abril embarcação operar diariamente o percurso sebastião-ilhabela o dia março necessário solicitar o autorização entrar município mediante o preenchimento formulário disponível site e enviar documentação deixar o ilhar precisar apresentar justificativo o prefeitura ressaltar casar alguém necessitar sair obter autorização o voltar garantir problema retornar o análise requerimento demorar médio minuto feito recurso avaliar cercar horar modo parente morador viver ilhabela proibir entrar município evitar o importação vírus seguir princípio distanciamento social definir governar estadual paulo o prefeitura ilhabela destacar serviço essencial liberar o travessia prestador locar serviço autorização trabalhar normalmente,saúde,12/04/2020 14h35Atualizada em 13/04/2020 09h31 ,12/04/2020 14h35Atualizada em 13/04/2020 09h31 ,https://noticias.uol.com.br/ultimas-noticias/agencia-brasil/2020/04/12/covid-19-restricoes-de-acesso-a-ilhabela-sp-continuam-em-vigor.htm,1
3333,É #FAKE que cabos eleitorais de candidato em Manaus foram presos comprando votos ,Mensagem falsa diz que R$ 46 mil foram apreendidos com apoiadores de David Almeida (Avante). Polícia Civil do estado nega prisão; foto de post é de caso ocorrido no Ceará.,mensagem circular sábado rede social cabo eleitoral david almeida avante preso dinheiro viver comprar voto manaus am o polícia civil amazona registrar ocorrência n sentir e o imagem utilizar postagem alterar o registro outro casar cear o postagem atribuir o informação o suposto noto divulgar polícia civil amazona polícia civil pc am acabar realizar o prisão flagrante cabo eleitoral candidatar david almeida quantiar real comprar voto bairro jorge teixeira envolvido encaminhando-se delegacia lavrar o flagrante e responder processar criminal justiçar crime eleitoral o texto,política, 29/11/2020," Por Marcelo Parreira, TV Globo ",https://g1.globo.com/fato-ou-fake/noticia/2020/11/29/e-fake-que-cabos-eleitorais-de-candidato-em-manaus-foram-presos-comprando-votos.ghtml,0
3334,É #FAKE mensagem que fala em mortes por envenenamento após churrasco com madeira tratada,"Mensagem falsa circula desde 2008 e tem voltado a bombar nas redes. Mortes não ocorreram em cidade de SC, como diz o texto. Especialista diz ainda que quantidade de arsênio presente na madeira é insuficiente para intoxicar uma pessoa.",circular rede social mensagem homem morrer durante churrasco queimar madeirar postar transmissão e descartar o texto falsar circular rede social haver ano e desmentir voltar o bombar o mensagem afirmar homem morrer envenenar causar volatização arsênico presentar madeirar itaiópolis cidade habitante santo catarino o prefeito cidade reginaldo josé fernandes luiz mentir fake news absurdo existir itaiópolis d acontecer afirmar,entretenimento, 16/10/2019," Por Roney Domingos, G1 ",https://g1.globo.com/fato-ou-fake/noticia/2019/10/16/e-fake-mensagem-que-fala-em-mortes-por-envenenamento-apos-churrasco-com-madeira-tratada.ghtml,0
3335,Eduardo Bolsonaro posta vídeo antigo sobre liberação da cloroquina,,publicação twitter o deputar vídeo gravar abril o prefeito paulo anunciar o inclusão cloroquina protocolo tratamento paciente covid-19 hospital municipal post cobrar governador o maio,saúde,2020/07/31,Comprova,https://projetocomprova.com.br/publicações/eduardo-bolsonaro-posta-video-antigo-sobre-liberacao-da-cloroquina/,0
3336,"
  Os dados utilizados para acusar uma fraude em Wisconsin nas presidenciais dos EUA são de 2018","Publicações que registram mais de 20 mil interações nas redes sociais em apenas um dia alertam para uma fraude na apuração dos votos em Wisconsin em meio à eleição presidencial norte-americana, realizada no último dia 3 de novembro, pouco antes que as previsões dessem o democrata Joe Biden como vencedor no estado. Mas os usuários se baseiam em dados antigos que não coincidem com os números oficiais da Comissão Eleitoral de Wisconsin.Envie-nos por WhatsApp Email",“ wisconsin pra recontagem inexplicavelmente voto computar eleitor registrar eua brasil gente descobrir o fraudar ” postagens compartilhar facebook acompanhar capturar tela circular amplamente inglês afirmação igualmente encontrar site twitter e instagram publicação compartilhar capturar tela cifrar similar 3.129.000 eleitor registrar e 3.239.920 3.170.206 voto contabilizar o publicação o acusação fraudar wisconsin viralizou inglês e espanhol,política,5/11/2020 às 21:27,"Manon Jacob, AFP Estados Unidos",https://checamos.afp.com//os-dados-utilizados-para-acusar-uma-fraude-em-wisconsin-nas-presidenciais-dos-eua-sao-de-2018,0
3337,Cinco propostas para retomar economia após coronavírus  ,,desempregar recordar diminuição capacidade produtivo economia dever o o fechamento empresar e piorar contar público compor o quadrar economia brasileiro o crise coronavírus o intensidade d piorar cenário econômico depender efetividade medir emergenciais adotadas governar o afirmação haver consenso economista brasileiro diferente vertente o retomar o atividade econômica passar o fase agudo crise o circulação pessoa reestabelecida cidade surgir divergência sair crise haver achar o governar precisar o mercar recuperar nelson barbosa professor escola economia paulo fundação getulio varga eesp-fgv errar família e empresar render dívida e incerteza difícil o setor privar recuperar contar afirmar barbosa ministrar fazenda e planejamento durante o governar dilma rousseff pt haver claro necessidade gastar temporário saudar social e caso empresarial claro haver espaçar aventurar gasto postar o brasil conseguir recuperar saudar fiscal perder considerar arminio fraga sócio gávea investimento e ex-presidente banco central durante o governar fernando henrique cardoso psdb,saúde,27/04/2020 06h10 ,Thais Carrança,https://economia.uol.com.br/noticias/bbc/2020/04/27/5-propostas-para-retomar-economia-apos-coronavirus.htm,1
3338,Parlamento Europeu se opõe ao acordo UE-Mercosul devido à política ambiental do Brasil  ,,o parlamentar europeu aprovar hoje resolução manifesto oposição ratificação acordar comercial o união europeu e o mercosul mercar comum sul preocupação o político ambiental governar jair bolsonaro aprovar voto o e abstenção o texto o brasil compromisso feito acordar parir particularmente combater o o aquecimento global e proteção biodiversidade o alertar constar emendar o relatório político comerciar bloco o documentar concluir o integração sul-americanos o potencial diversificar cadeia produtivo europa e criar mercar conjuntar aproximadamente milhão habitante o trecho referendar n parlamentar o análise passar o incluir o pacto ratificar,política,07/10/2020 14h25 ,André Marinho,https://economia.uol.com.br/noticias/estadao-conteudo/2020/10/07/parlamento-europeu-nao-ratifica-acordo-ue-mercosul-por-politica-ambiental.htm,1
3339,"

Lula é vaiado e expulso de restaurante no Recife, mostra vídeo #boato 
","Lula é vaiado e expulso de restaurante no Recife, mostra vídeo #boato",urgente lula acabar “ expulsar ” restaurante “ o recife ” o casar cair pro pt lula receber o vaiar e expulsar restaurante recife o datafolha enganar,política,17/08/2021,"
Edgard Matsuki ",https://www.boatos.org/politica/lula-vaiado-expulso-restaurante-recife-mostra-video.html,0
3340,"Antes de reunião, Bolsonaro critica governadores: ""Povo terá que sentir""  ",,o presidente jair bolsonaro criticar hoje mencionar nome governador e o população sentir pelar pessoa imaginar pessoa d autoridade estadual presidência repúblico o acontecer o brasil sentir pelar pessoa junto o gente mudar o brasil mudar luzir constituição lei ordem o presidente rápido converso apoiadores portar palácio alvorar o declaração bolsonaro reunir remotamente governador o brasil discutir o reabertura econômica e o ajudar financeiro o frente pandemia coronavírus o videoconferência marcar 10h o início pandemia coronavírus o presidente e governador manter conflituoso especialmente o respeitar impactar pandemia economia,saúde,21/05/2020 09h05 ,21/05/2020 09h05 ,https://noticias.uol.com.br/politica/ultimas-noticias/2020/05/21/antes-de-reuniao-bolsonaro-critica-governadores-voces-terao-que-sentir.htm,1
3341,"Wuhan tem vida normal 1 ano após 1º caso de covid, mas não esquece vírus  ",,"Um ano após o registro dos primeiros casos conhecidos de covid-19 em Wuhan, epicentro de uma epidemia que acabou se espalhando para todo o mundo, as medidas de prevenção contra o novo coronavírus são apenas uma lembrança na cidade chinesa, embora seus moradores não tenham se esquecido do que aconteceu e continuem a questionar a origem da pandemia. Nenhum caso de contágio local foi reportado desde meados de maio no transporte público da capital da província de Hubei, localizada no centro do país asiático, e por isso não é mais necessário apresentar a autoridades códigos de reconhecimento rápido (QR code) de saúde, que garantiam que uma pessoa não estava infectada. Além disso, o uso de máscaras foi reduzido desde o confinamento massivo ao qual a cidade foi submetida em janeiro de 2020.",saúde,28/12/2020 19h26 ,28/12/2020 19h26 ,https://noticias.uol.com.br/ultimas-noticias/efe/2020/12/28/wuhan-tem-vida-normal-1-ano-apos-1-caso-de-covid-mas-nao-esquece-virus.htm,1
3342,É #FAKE que Moro mandou sancionar lei que aumenta rigor sobre motorista bêbado que causa acidente,"Não houve nenhuma nova legislação aprovada. Última mudança foi sancionada pelo então presidente Temer, em 2017. Mensagem contém erros sobre a legislação vigente.",circular rede social mensagem o ministrar justiçar sérgio morar mandar sancionar lei aumentar o rigor peno o motorista causar acidentar vítima dirigir embriagar existir fato lei aumentar o rigor o motorista dirigir embriagar e causar acidentar vítima lei o 13.546 dezembro o datar lei aumentar o rigor motorista embriagar drogar revelar sancionar o hoje ministrar sérgio morar juiz federal o lei verdade sancionar presidente michel temer entrar vigor abril haver mudança n sentir,política, 09/05/2019," Por Roney Domingos, G1 ",https://g1.globo.com/fato-ou-fake/noticia/2019/05/09/e-fake-que-moro-mandou-sancionar-lei-que-aumenta-rigor-sobre-motorista-bebado-que-causa-acidente.ghtml,0
3343,Congresso assume protagonismo inédito; 30% dos crimes contra a vida prescrevem antes da punição,Veja quais são as notícias de destaque nos jornais brasileiros,reportagem principal o folhar s.paulo destacar o protagonismo assumir congresso nacional governo conseguir montar base parlamentar dilma roussef 2015-2016 michel temer 2016-2018 e jair bolsonaro o o folhar o modelar chamar “ parlamentarismo branco ” e ganhar forçar ano o congresso decisivo assunto orçamentar e fundão eleitoral o matutino lembrar o ditadura militar 1964-1985 o país chegar o ensaiar possibilidade parlamentarismo elaboração constituição o presidencialismo manter o folhar o congresso caminhar o rebocar interesse palácio planalto o realidade mudar o fortalecimento centrão liderar eduardo cunhar conquistar o presidência câmara impeachment dilma roussef “ governo frágil congresso ganhar forçar inédito ” informar o manchete folhar,política, 02/03/2020 08h41 ,,https://g1.globo.com/politica/blog/matheus-leitao/post/2020/03/02/congresso-assume-protagonismo-inedito-30percent-dos-crimes-contra-a-vida-prescrevem-antes-da-punicao.ghtml,1
3344,Reação de Marcus Majella a live de Aline Riscado repercute nas redes  ,,passatempo preferir famoso transmissão o o viver rede social interagir seguidor mundo casar contar quarentenar recomendar barrar o coronavírus o audiência e o repercussão d lives — principalmente estrelo ensinar exercício yoga haver aproveitar o brincar e trollar amigo o ator marcus majella mostrar madrugar hoje o empenhar exercitar o ajudar vídeo publicar twitter o acompanhar o aula aline riscar companheiro cena humorístico colar multishow deitar tranquilamente cama comer doce aline mandar exercício o post majella viralizou decorrer dia rede social assistir lives amar aline escrever o o publicar reação comentário internautas reconhecer atitude majella d impossível outro casar brincar definir pontuar,saúde,02/04/2020 16h31 ,02/04/2020 16h31 ,https://tvefamosos.uol.com.br/noticias/redacao/2020/04/02/reacao-de-marcus-majella-a-live-de-aline-riscado-repercute-nas-redes.htm,1
3345,Moderna pede autorização para uso emergencial de vacina da covid-19 nos EUA  ,,"o moderno anunciar protocolado fda administração alimento e medicamento sigla inglês pedir formal emergencial vacinar o coronavírus unir o farmacêutico estudo clínico enviar o análise órgão decidir o imunizante aplicar população o empresar haver informar vacinar 94,1 eficácia estudo fase voluntário covid-19 d receber o placebo receber o imunizante ativo o vacinar sucesso prevenção caso grave doença vacinar infectar sintoma leve update moderno s datar the emergency authorization request mrna-1273 has been submitted to the u.s fda",saúde,30/11/2020 20h20Atualizada em 30/11/2020 22h35 ,30/11/2020 20h20Atualizada em 30/11/2020 22h35 ,https://noticias.uol.com.br/saude/ultimas-noticias/redacao/2020/11/30/moderna-pede-autorizacao-para-uso-emergencial-de-vacina-da-covid-19-nos-eua.htm,1
3346,Covid-19: O que se sabe sobre a nova cepa de coronavírus da África do Sul,"Após a nova linhagem do coronavírus descoberta no Reino Unido na semana passada isolar a ilha britânica de boa parte da Europa, uma mutação originária da África do Sul inquieta os cientistas. As duas teriam alterações que aumentam a capacidade de transmissão do vírus",cepa covid-19 originário áfrico sul causar preocupação o variante britânico isolar o reinar unir londres anunciar identificar caso d variante altamente preocupante contagioso reinar unir anunciar o implementação imediato restrição o viagem originário país africanar o variante coronavírus detectar áfrico sul transmitir rapidamente cepa antigo pesquisador o identificar áfrico sul outubro variante haver identificar análise feito universidade áfrico sul o mutação chamar sars-covid-501v2 o ampliar presença caso infectar o mutação identificar primeiramente província cabo oriental mudou-se o o longo costa o cabo ocidental e kwazulu natal o pandemia covid crescer exponencialmente província,saúde, 24/12/2020 17h00 , Por RFI ,https://g1.globo.com/bemestar/coronavirus/noticia/2020/12/24/covid-19-o-que-se-sabe-sobre-a-nova-cepa-de-coronavirus-da-africa-do-sul.ghtml,1
3347,"

Doria cogita cortar fornecimento de luz entre 0h e 6h em São Paulo, aponta Veja #boato 
","Boato – Publicação da revista Veja aponta que o governador de São Paulo, João Doria, está cogitando cortar o fornecimento de energia elétrica entre 0h e 6h para que lockdown seja respeitado.",governador paulo joão dório cogitar cortar o fornecimento luzir 00:00 e 06:00 manhã medir extremo adotada casar o fase emergencial nao respeitar paulista equipar acesso o o documentar analisar centrar gerenciamento palacio bandeirante,política,17/03/2021,"
Edgard Matsuki ",https://www.boatos.org/politica/doria-cogita-cortar-fornecimento-de-luz-entre-0h-6h-em-sao-paulo-veja.html,0
3348,"
  São Paulo não teve 61,09% de abstenções, votos brancos e nulos no segundo turno de 2020","Duas tabelas que indicam que 61,09% dos eleitores aptos de São Paulo optaram por se abster, votar em branco ou nulo no segundo turno das eleições municipais - superando o percentual de votos recebidos pelos dois candidatos que disputaram a Prefeitura da cidade - foram compartilhadas centenas de vezes em redes sociais desde o fim de novembro. Os números viralizados são, contudo, falsos. As abstenções, brancos e nulos somam, na verdade, 40,6% das escolhas em São Paulo, contra 59,4% de votos em Bruno Covas e Guilherme Boulos juntos.Envie-nos por WhatsApp Email",compartilhar 1.300 facebook e twitter novembro tabelar apresentar supostamente referente o o pleito 5.337.230 voto branco 273.216 voto nulo 2.769.179 abstenção 3.169.121 voto o candidatar psdb e prefeito eleito brunir cova e 2.168.109 voto o candidatar psol guilherme boulos “ o resultar o imprensar mostrar e o dório achar o população sp aprovar o governar ” o texto acompanhar tabelar referência o o governador paulo e importante aliar brunir cova joão doria psdb voto branco e nulo viralizados falso tornar incorretos percentual calcular tabelar,brasil,2/12/2020 às 20:04,AFP Brasil,https://checamos.afp.com//sao-paulo-nao-teve-6109-de-abstencoes-votos-brancos-e-nulos-no-segundo-turno-de-2020,0
3349,Coronavírus: Prefeitura de SP libera aplicação de vacina da gripe em motoboys  ,,o prefeitura paulo incluir motoboys categoria receber gratuitamente o vacinar o gripar tomar dosar o profissional postar vacinação e apresentar comprovante exercer o função o carteiro trabalhar o carteira sindicato o cadastrar plataforma transportar o inscrição microempreendedor o categoria vitória importância vacinar gripar profissional trabalhar o dobrar e exposto o o coronavírus dever o o isolamento população destacar o presidente sindimotosp gilberto almeida santo o secretariar municipal saudar recomendar profissional motociclista procurar o unidade básico saudar ubs residência trabalhar e levar o carteiro vacinação cartão único saudar sus obrigatório importante registrar o vacinação motoboys liberar,saúde,28/04/2020 17h24 ,28/04/2020 17h24 ,https://noticias.uol.com.br/ultimas-noticias/agencia-brasil/2020/04/28/sp-prefeitura-libera-aplicacao-de-vacina-da-gripe-em-motoboys.htm,1
3350,Governador de Nova York anuncia que US Open será realizado sem público   ,,o us open realizar o presença fã dia agostar e setembro anunciar hoje o governador york andrew cuomo o atp e o wta organizar circuito masculino e feminino pronunciar cuomo twitter o associação tênis unir tomar precaução extraordinário proteger jogador e funcionário tornear grand slam incluir teste robusto limpeza adicional e espaçar extra vestiário the will be held in queens ny without fã from august to september 13.the usto will take extraordinary precautions to protect players and staff including robust testing additional cleaning extra locker room space and dedicated housing transportation o revisto o forbes haver adiantar o atp e o wta estudar planar o evento york realizar datar confirmar cuomo,saúde,16/06/2020 13h15Atualizada em 16/06/2020 14h10 ,16/06/2020 13h15Atualizada em 16/06/2020 14h10 ,https://www.uol.com.br/esporte/tenis/ultimas-noticias/2020/06/16/governador-de-nova-york-anuncia-que-us-open-sera-realizado-sem-publico.htm,1
3351,Flávio: Empresário que apontou fraude fiscal na loja diz ter sido ameaçado  ,,o empresário vender o o senador flávio bolsonaro republicanos-rj loja chocolate franquiar kopenhagen afirmar depoimento o o ministério público rir mp-rj sofrer ameaçar o o denunciar o unidade filhar presidente jair bolsonaro fraudar noto fiscal o informação revelar n quinta-feira jornal nacional acesso o o documentar ... cristiano denunciar o prático matriz realizar procedimento fiscalização constatar noto fiscal emitir o preço cheio o cliente pagar o registrar ... ler íntegro estadão,política,14/08/2020 13h57 ,14/08/2020 13h57 ,https://noticias.uol.com.br/colunas/reinaldo-azevedo/2020/08/14/flavio-empresario-que-apontou-fraude-fiscal-na-loja-diz-ter-sido-ameacado.htm,1
3352,"Em depoimento, Wajngarten cai em contradições sobre agenda, campanhas e negociações com a Pfizer",,o depoimento ex-secretário comunicação presidência repúblico fabio wajngarten cpi covid n quarta-feira marcar tensão e senador diverso contradição o o o parlamentar o o longo horar depoimento wajngarten cair contradição e chegar o ordem prisão pedir relator renan calheiros mdb-al o contradição depoimento fabio wajngarten o registro encontro representante pfizer depoimento o ex-secretário encontro representante companhia farmacêutico tentativo destravar o negociação acordar comprar vacinar o covid-19 encontro wajngarten ocorrer dia novembro e dezembro ocorrer gabinete palácio planalto brasília e registrar agendar oficial o o questionar senador governista eduardo girão podemos-ce encontro haver registrar agendar wajngarten — o senhor fornecer registro d reunião reunião constar agendar oficial — indagar girão — registrar reunião atar e reunião constar agendar oficial e o reunião testemunhar funcionário secom ente político reunião portar aberto e participante o agendar oficial wajngarten conter nenhum registrar datar informar reunião e representante farmacêutico lei audiência servidor público e atores privar precisar registrar oficialmente o contradição depoimento wajngarten acontecer o o questionar papel negociação o pfizer questionar relator renan calheiros mdb-al o ex-secretário discutir preço seriar cobrar pfizer dose o fornecido o o brasil casar o acordar firmar — n oportunidade chegar o tirar o dúvida o oferecer dosar vacinar — questionar renan calheiros — discutir n senador visitar rápido e cordial agradecer proatividade e responder cartar d falir comunicação o diretora comunicação e — haver — voltar o indagar o parlamentar — — wajngarten outro renan voltar o abordar o assunto e wajngarten repetir discutir valorar negociador pfizer — medir o negociação o comprar vacinar competência secom — renan — senador nenhum o secom negociar valorar condição contratual — responder wajngarten entrevisto concedido revisto entanto wajngarten o entender claramente acesso o preço negociar farmacêutico o governar brasileiro determinar trecho o o elogiar o posturar empresar o ex-secretário negociação participar avançar e o empresar oferecer abaixar us$ dosar o inferior o us$ dólar pago ministério saudar contratar prever o entregar milhão dose o o governar brasileiro “ negociação avançar diretores pfizer impecável comprometer o antecipar entregar aumentar volume e topar reduzir o preço unidade ficar abaixar dólar idear israel pagar dólar receber vacinar caro vidar infelizmente travar ministério saudar ” wajngarten revisto o contradição realidade acontecer sequência e envolver o campanha “ o brasil parar ” divulgar março época vídeo mote circular internet e perfil secom rede social chegar o postagens o slogan o repercussão negativo campanha o o endurecimento epidemiar país o campanha retirar ar responder o questionamento senador tasso jereissati psdb-ce o vídeo wajngarten autoria secom — recordar vídeo circular o brasil parar autoria assinatura secom estruturar circular orgânico — o ex-secretário entretanto dia março ano passar o secom divulgar noto confirmar o vídeo “ produzir caráter experimental ” e “ proposto inicial rede social ” o secretariar chegar o publicação twitter e instagram utilizar o mote “ o brasil parar ” deletou postagens repercussão o o falar o campanha depoimento wajngarten recordar fato época durante o março contrair o covid-19 — caber mencionar senador ficar o março inteirar acometer covid dia março ficar — afirmar entretanto dia março ano passar converso vídeo o deputar federal eduardo bolsonaro psl-sp transmitir o o viver wajngarten “ trabalhar normal ” aprovar campanha — o provar vivo testar positivar o vidar seguir trabalhar normal “ calls ” ministro “ calls ” o secom aprovar campanha conversar criativo agência publicidade wajngarten confrontar senador rogério carvalho pt-se chegar o colocar trecho vídeo ex-secretário microfone recordar o secom o autor vídeo o mote “ o brasil parar ” reconhecer o órgão o produzir — suficiente senhor presidente pra excelência wajngarten mentir n oitiva — o senador o o responder o questionamento senador jean paul prates pt-rn wajngarten “ lembrar ” campanha e admitir fato criar secom aprovar — campanha fase testar e o ministrar superior pastar luiz eduardo ramo rodar campanha o aprovação nenhum campanha autorização veiculação nenhum fato pedir concebido fase avaliação conformar nenhum autorizar — afirmar o ex-secretário o assunto parecer encerrar o relator renan calheiros mdb-al voltar carga e indagar o campanha haver veicular perfil governamental e wajngarten afirmar o campanha veicular órgão oficiar governar irritar calheiros apresentar postagem feito perfil governar rede social o slogan campanha e acusar wajngarten mentir — senhor respeitar mentir postagem secom oficial o campanha o “ brasil parar ” — calheiros episódio renan calheiros pedir o prisão wajngarten o o acabar acatar o cpi covid retomar trabalho n quinta-feira o depoimento gerente-geral pfizer brasil carlos murillo,brasil, Publicado em  12/05/21 18:25 ,"Leandro Prazeres, Daniel Gullino e Julia Lindner",https://extra.globo.com/noticias/brasil/em-depoimento-wajngarten-cai-em-contradicoes-sobre-agenda-campanhas-negociacoes-com-pfizer-25014688.html,1
3353,Áudio inventa que produção de montadora está esgotada até 2021 para afirmar que Brasil pode se tornar maior economia do mundo,,projeções pib mostrar o economia brasileiro o economia mundo eua e o previsão crescimento brasil d o empresar negar o presidente mercedes-benz brasil afirmar produção fábrica vendido,política,2019/11/14,Comprova,https://projetocomprova.com.br/publicações/audio-inventa-que-producao-de-montadora-esta-esgotada-ate-2021-para-afirmar-que-brasil-pode-se-tornar-maior-economia-do-mundo/,0
3354,"

Flávio Bolsonaro é visto em almoço com assassino de Marielle e Queiroz #boato 
","Boato – Assassino de Marielle Franco, Fabrício Queiroz e o senador Flávio Bolsonaro foram flagrados almoçando juntos em restaurante. ",legendar melhor almoçar flávio bolsonaro queiroz o laranjo e o assassinar marielle ah o família bolsonaro amigo miliciano e o morte vereador opção “ cego ” alienar ..,política,,"
Kyene Becker ",https://www.boatos.org/politica/flavio-bolsonaro-assassino-marielle-almoco.html,0
3355,Força-tarefa Greenfield denuncia 5 pessoas por fraudes na CaixaPar  ,,"A força-tarefa da operação Greenfield ofereceu ontem denúncia contra cinco pessoas acusadas de gerir, de forma fraudulenta, a Caixa Participações, um braço do banco estatal. Segundo o MPF (Ministério Público Federal), os denunciados são investigados por permitir a aquisição de participação acionária do Banco Panamericano por cerca de R$ 739 milhões. Para os procuradores, os denunciados deixaram de considerar deveres de diligência durante a transação, violando normas internas da CaixaPar e da lei 11.908/2009.",política,26/11/2020 18h01 ,26/11/2020 18h01 ,https://noticias.uol.com.br/politica/ultimas-noticias/2020/11/26/forca-tarefa-greenfield-denuncia-5-pessoas-por-fraudes-na-caixapar.htm,1
3356,Cadastro para bonificação de residentes será reaberto,,instituição ensinar e saudar precisar registrar residente receber bonificação cercar residente cadastrar reaberto n terça-feira 28/04 o formulário registrar residente ativos saudar receber bonificação o bolsar pago o profissional comissão residência instituição dever o preenchimento formulário disponível formsus informar residente efetivamente atividade 23h59 dia 1º maio o o cadastrar cercar residente o formsus disponível enviar documentação o 12h d terça-feira o iniciativo ação estratégico o brasil contar comigo residente saudar voltar o profissional saudar cursar programar residência médico e residência profissional saudar o validação registro autorizar o concessão bonificação o bolsar pago o residente incentivar o o enfrentamento covid-19 o ministério saudar divulgar o lista instituição realizar o registrar residente e validar o validação instituição dever seguir orientação enviar e-mail corrigir informação,saúde,28/04/2020 16h23,"Por Natalia Pinheiro, do NUCOM/SGTESAtendimento à imprensa:61) 3315.3580",https://www.gov.br/saude/pt-br/assuntos/noticias/cadastro-para-bonificacao-de-residentes-sera-reaberto,1
3357,manifestante pt flagrar fumar maconha durante passeata 30/05/2019,"será que as fotos mostrando pessoas com uniformes vermelhos, fumando maconha, foram tiradas durante as manifestações pró-educação do dia 30 de maio de 2019?",colagem foto espalhar rede social comedir junho e compartilhar whatsapp n pessoa vestir vermelhar – o símbolo cut central único trabalhador aparentemente fumar e consumir bebido alcoólico e acordar o texto acompanhar foto pessoa seriar militante pt trabalhador manifestação ocorrido dia maio defender o bandeiro “ lula livrar ” e fumar maconha,política,2/06/20192,gilmar lopes,https://www.e-farsas.com/manifestantes-do-pt-foram-flagrados-fumando-maconha-durante-passeata-de-30-05-2019.html,0
3358,"

Grêmio vendeu a Libertadores para o Flamengo, CBF, Fifa e Conmebol #boato 
","Boato – Foi divulgado o escândalo que todo mundo suspeitava: o Grêmio vendeu a partida das semifinais da Libertadores para o Flamengo, CBF, Fifa e Conmebol. Se vocês soubessem o que aconteceu ficariam enojados.","flamengo x grêmio – divulgar o escândalo mundo suspeitar explicar o razão o goleiro paulo victor declarar o seguinte frase “ pessoa o acontecer maracanã ficar enojar ” gremistas ficar chocar e triste o derrotar o flamengo dever o expor abaixar o notícia mão investigar rádio e jornal o mundo especificamente o wall street journal of americas e o gazzeta delo sport e sair mídia provar colhido e confirmar fatos.fato comprovar o grêmio vender o classificação o flamengo jogador avisar s 13:00 dia outubro dia jogar reunião envolver o sr romildo bolzan junior presidente grêmio o sr renato portaluppi técnico time gaúcho o sr rodolfo landim presidente flamengo e o rogério caboclo presidente cbf e mentor o esquema jogador gremistas permanecer isolamento hotel cidade o princípio contrariar atleta recusar o concordar esquema corrupção.a aceitação vir pagamento total propinar r$ 1.000.000 jogador bônus r$ 500.000,00 gol marcar flamengo total r$ 100.000.000 cem milhão real comissão técnico faturou bolar o luan recusar o aceitar o acordar obrigar renato o tira-lo lista relacionar o represália notícia divulgar s 13:30 reunião).assim combinou-se o grêmio eliminar placar mínimo o apatia e confusão abater jogador o flamengo atropelar gaúcho conseguir histórico e vergonhoso placar o o sr caboclo aplaudir o colaboração jogador sobretudo everton cebola permanecer apagar e contribuir decisivamente o derrotar gremista garantir o o treinador renato facilitar o comandante seleção brasileiro dever sigilar e colaboração gentileza passar mensagem o pessoa conhecer o sujeira rondar o futebol brasileiro gunther schweitzer central globo jornalismo",entretenimento,26/10/2019,"
Edgard Matsuki ",https://www.boatos.org/esporte/gremio-vendeu-libertadores-para-flamengo-cbf-fifa-conmebol.html,0
3359,Coronavírus: Ariana Grande doa dinheiro para fãs desempregados na pandemia  ,,pandemia gravar o coronavírus artista esforço minimizar efeito situação causar público ariano ajudar secretamente fã passar dificuldade perder o empregar contar fechamento fábrica e empresar o quarentenar e o isolamento social minimizar o contágio unir o ação cantor divulgar site pagesix contar enviar o dólar cercar fã encontrar situação desempregar n período entrar contato e cuidar salário o revelar contemplar dinheiro enviar ariano condição anonimato durante isolamento ariano diverso vídeo alegria fã recentemente cover whitney houston tornar assunto comentar rede social o twitter,saúde,25/03/2020 22h42 ,25/03/2020 22h42 ,https://entretenimento.uol.com.br/noticias/redacao/2020/03/25/coronavirus-ariana-grande-doa-dinheiro-para-fas-desempregados-na-pandemia.htm,1
3360,"Kalil descumpre promessas de 2016 em cobertura vacinal, saúde e cuidadores  ",,"o prefeito belo horizonte alexandre kalil psd buscar o reeleição e intenção votar candidatar registrar tse tribunal superior eleitoral o planar governar intitular trabalhar bh funcionar"".no documentar página apresentar compromisso temer saudar educação e segurança o lupa avaliar principal promessa conferir",saúde,05/11/2020 04h00 ,Da Agência Lupa,https://noticias.uol.com.br/confere/ultimas-noticias/2020/11/05/kalil-descumpre-promessas-de-2016-em-cobertura-vacinal-saude-e-cuidadores.htm,0
3361,O Ministério da Saúde falou sobre as cidades com mais casos no Brasil   ,,o ministério saudar falar cidade caso brasil e alertar situação agravar o chegar invernar,saúde,28/04/2020 20h44 ,28/04/2020 20h44 ,https://noticias.uol.com.br/videos/2020/04/28/o-ministerio-da-saude-falou-sobre-as-cidades-com-mais-casos-no-brasil.htm,1
3362,Saúde autoriza 230 leitos de UTI Covid-19 em Minas Gerais,,o ministério saudar autorizar n segunda-feira 29/03 leito uti adulto o o minar gerar atendimento exclusivo o paciente grave covid-19 caráter excepcional e temporário o medir reforçar o estruturar hospitalar e continuidade o o o pastar prestar o município e distrito federal o início pandemia total município minar gerar beneficiar conformar portaria publicar diário oficial união – acesse e o repassar mensal r$ 11.040.000milhões retroativo competência março o ministério saudar apoiar irrestritamente e município durante o pandemia covid-19 atender ações serviço e fornecer infraestrutura o enfrentamento doença o autorização leito uti covid-19 ocorrer demandar autonomia disponibilizar e financiar leito necessário,saúde,29/03/2021 23h04,Ministério da Saúde(61) 3315-3580 / 2351,https://www.gov.br/saude/pt-br/assuntos/noticias/saude-autoriza-230-leitos-de-uti-covid-19-em-minas-gerais,1
3363,Fake em Nóis: A história das vacinas e as fake news envolvendo a imunização!,,fake nóis d semana o duplinha pirulla-gilmar responder o e dúvida contar o revolto vacinar ocorrido e verdade o milionário bill gatar inventar vacinar inteligência líquido,entretenimento,28/07/2021,Gilmar Lopes,https://www.e-farsas.com/fake-em-nois-a-historia-das-vacinas-e-as-fake-news-envolvendo-a-imunizacao.html,0
3364,Butantan admite licenciamento após hospital de NY afirmar que desenvolveu tecnologia da ButanVac  ,,reuters o instituto butantan admitir noite d sexta-feira firmar acordar licenciamento o hospital mount sinai york tecnologia desenvolvido instituição fabricar o butanvac anunciar instituto o vacinar brasileiro o covid-19 o reconhecimento parceiro noto oficial ocorrer o mount sinai afirmar pesquisador instituição o responsável desenvolver o tecnologia utilizar butantan fabricar o vacinar o tecnologia originalmente desenvolvido dr peter palese chefe microbiologia mount sinai o hospital e-mail enviar reuters o notícia antecipar jornal folhar s.paulo,saúde,26/03/2021 22h14 ,Por Pedro Fonseca,https://noticias.uol.com.br/saude/ultimas-noticias/reuters/2021/03/26/butantan-admite-licenciamento-apos-hospital-de-ny-afirmar-que-desenvolveu-tecnologia-da-butanvac.htm,1
3365,Vídeo dissemina informações falsas para afirmar que a pandemia é um plano de controle populacional,,teste funcionar e vacinar desenvolvido o covid-19 planar reduzir o população,saúde,2020/09/03,Comprova,https://projetocomprova.com.br/publicações/video-dissemina-informacoes-falsas-para-afirmar-que-a-pandemia-e-um-plano-de-controle-populacional/,0
3366,Djokovic causa indignação mundial ao testar positivo para covid-19   ,,o tenista novak djokovic causar indignação mundo tênis anunciar o resultar testar covid-19 positivar o sérvio o organizador e principal atração adria tour turnê caridade balcãs chamar djokovid rede social e levar recuperar imagem foto etapa tornear belgrado 13-14/6 e zadar 20-21/6 mostrar djokovic e atleta abraçar jogar basquete e futebol dançar boatar dezena fã respeitar distância segurança provocar incompreensão mundo tênis sentir tornear causar problema declarar djokovic comunicar publicar twitter enganar o mundo testar positivar mulher tenista participante adria tour resultar positivo o covid-19 grigor dimitrov ° borno coric ° et viktor troicki ° o turnê programar acontecer junho e julho país bálcãs sérvio croácio montenegro e bósnia-herzegovina,saúde,24/06/2020 14h34 ,24/06/2020 14h34 ,https://www.uol.com.br/esporte/tenis/ultimas-noticias/2020/06/24/djokovic-causa-indignacao-mundial-ao-testar-positivo-para-covid-19.htm,1
3367,"Por que o Canadá, líder global de vacinas compradas, não consegue atingir metas de vacinação  ",,o canadá garantir o potenciar dose vacinar o covid-19 per capitar mundo lutar colocar mão n dose sexta-feira o primeiro-ministro justin trudeau prometer enorme aumentar dose vacinar pfizer e moderno chegar o o canadá único atualmente autorizar país pressão crítico governar distribuir vacinar rapidez suficiente e prometer canadense desejar vacinar o receber o setembro,saúde,15/02/2021 07h10 ,15/02/2021 07h10 ,https://noticias.uol.com.br/saude/ultimas-noticias/bbc/2021/02/15/por-que-o-canada-lider-global-de-vacinas-compradas-nao-consegue-atingir-metas-de-vacinacao.htm,1
3368,prédio o fachada pichada universidade paulo,,o imagem começar o espalhar fevereiro o redar social e voltar o compartilhar o facebook e whatsapp o quinzena maio ano n o fachada prédio repletar pichações e o texto o acompanhar afirmar tratar patrimônio público o construção pertencer universidade paulo,entretenimento,21/05/2019,gilmar lopes,https://www.e-farsas.com/predio-com-a-fachada-toda-pichada-e-mesmo-da-universidade-de-sao-paulo.html,0
3369,"

Boca Juniors é o time do judaísmo, não joga aos sábados e homenageou o Sr. Jacob #boato 
","Boato – Clube argentino Boca Juniors é o time do judaísmo, não joga aos sábados, é o único que vende comida kosher e homenageou o Sr. Jacob, patriarca do povo de Israel (Boca Jrs é um anagrama do nome).",curiosidade portenha bocar juniors e o judaísmo bocar juniors o único clube vender comido kosher jogar sábado aparecimento estrelo o shabat e o clube torcedor comunidade judaico o importante bocar jrs trás pra frente virar sr jacob alusão o o patriarca israel jacob /jacó/ ya’acov.não o história verdadeiro sensacional … bocar juniors o único clube vender comido kosher jogar sábado aparecimento estrelo e o shabat e o clube torcedor comunidade judaica.mas o importante … bocar jrs trás pra frente virar sr jacob,entretenimento,,"
Raiane Gonoli ",https://www.boatos.org/esporte/boca-juniors-judaismo-sabados-sr-jacob.html,0
3370,Baixa testagem e falta de dados comprometem combate ao corona no Brasil  ,,"o disseminação coronavírus brasil haver previsão aumentar infectar leito disponível e efeito medir isolamento social projeções comprometido teste aplicar e incompleto morte e curar 8) o ministério saudar informar o teste realizar 62.985 o pastar o o secretariar estadual trabalhar consolidar resultar exame diferente laboratório d o brasil testagem o país alto incidência doença 29,7 teste habitante exame e detalhamentos permitir o controlo crescimento doença conformar revelar o experiência país bem-sucedidos combater epidemiar o open knowledge brasil unidade federação revelar o teste realizar o o coronavírus o pesquisar dia d indicar incluir o governar federal publicar permitir acompanhar detalhe o disseminação pandemia covid-19 país o levantamento publicar explicar o metodologia estudar procurar e responder afirmar fernanda campagnucci diretora-executivo open knowledge brasil pretender melhorar base observar",saúde,09/04/2020 04h00 ,Rodrigo Mattos,https://noticias.uol.com.br/saude/ultimas-noticias/redacao/2020/04/09/baixa-testagem-e-falta-de-dados-comprometem-combate-a-corona-no-brasil.htm,1
3371,"'Tenho três filmes prontos e não tenho onde passar', lamenta Daniel Filho  ",,o ano idade o ator e diretor daniel filhar revelar n madrugar converso bial possuir trabalho finalizar exibi-los atualmente filme pronto e passar contar durante o programar redar globo produção precisar colocar esperar o diretor detalhe d filme o refilmagem bocar ourar nelson rodrigar o longo o silêncio chuva pronto e o medir provisório dirigir lázaro ramo e o produção daniel diminuir o marchar trabalhar durante o isolamento social parar trabalhar reunião o acontecer o cinema o teatro e o televisão preparar e o ajudar aproveitar conhecer melhor e redescobrir,saúde,26/05/2020 02h53 ,26/05/2020 02h53 ,https://tvefamosos.uol.com.br/noticias/redacao/2020/05/26/tenho-tres-filmes-prontos-e-nao-tenho-onde-passar-revela-daniel-filho.htm,1
3372,"
  O chefe dos Fuzileiros Navais não repreendeu Pelosi devido à posse presidencial nos EUA ","Desde o último dia 14 de janeiro, centenas de usuários compartilharam nas redes sociais a suposta notícia de que o comandante dos Fuzileiros Navais dos Estados Unidos, David H. Berger, recusou o pedido da presidente da Câmara dos Deputados, Nancy Pelosi, de enviar suas tropas para proteger a posse presidencial do democrata Joe Biden. No entanto, um porta-voz da Marinha, assim como um representante do gabinete de Pelosi, informaram à AFP que estas afirmações são falsas.Envie-nos por WhatsApp Email",“ comandante corpo fuzileiro naval repreender pelosi ‘ trabalhar ’ general recusar o pedir presidente câmara nancy pelosi marine segurança posse joe biden ” o título e subtítulo artigo compartilhar facebook janeiro o ferramenta crowdtangle o texto publicar site defesatv sinalizar “ pelosi contatou o general noite segunda-feira e pedir enviar 5.000 soldar ajudar o garantir transição pacífico ” argumentar “ dever patriótico general reprimir levante e garantir o ascensão biden o o capitólio ” o pedir o general david berger comandante marinho supostamente responder “ sermão patriotismo senhor orador servir país distinção ano derramar sangue nação o autoridade eleito benefício país ”,política,22/01/2021 às 19:30,AFP Estados Unidos,https://checamos.afp.com//o-chefe-dos-fuzileiros-navais-nao-repreendeu-pelosi-devido-posse-presidencial-nos-eua,0
3373,foto jair bolsonaro umar camisa pt verdadeiro falso,"circula nas redes sociais, principalmente no twitter, uma antiga foto de jair bolsonaro com uma suposta camisa do pt! essa foto vem viralizando através de inúmeros tuítes (1,2,3), que acusam ou ironizam a atitude do presidente ao indicar o nome de kássio marques para uma vaga no supremo tribunal federal.",foto disseminar site “ folhar impactar ” arquivar,política,2/10/20202,marco faustino,https://www.e-farsas.com/foto-de-jair-bolsonaro-usando-uma-camisa-do-pt-e-verdadeira-ou-falsa.html,0
3374,Boca de Urna aponta Bruno Covas e Guilherme Boulos no 2º turno em São Paulo  ,,pesquisar bocar urna ibope realizar n domingo brunir cova psdb e guilherme boulos psol dever disputar o turno eleição prefeito paulo o levantamento mostrar descolamento boulos pesquisar eleição vir aparecer empatar técnico márcio frança psb e celso russomanno republicano e bocar urna vantagem rival o margem errar pesquisar percentual,política,15/11/2020 17h11Atualizada em 15/11/2020 18h51 ,15/11/2020 17h11Atualizada em 15/11/2020 18h51 ,https://noticias.uol.com.br/eleicoes/2020/11/15/pesquisa-ibope-boca-de-urna-sao-paulo-eleicoes-15-de-novembro.htm,1
3375,É #FAKE que Japão iniciou produção em massa de bebês em úteros artificiais,"Mensagem com foto que circula pela internet diz que o doutor em biomedicina Hideo Kojima é responsável pelo projeto. Nome e imagem remetem, na verdade, ao criador de jogos que trabalhou na Konami e hoje tem sua própria empresa. O bebê em questão é um boneco, brinde aos colecionadores de game.",circular rede social mensagem o doutor biomedicina hideo kojima o produção massa bebês útero artificiar suprir o natalidade japão o texto cercar criança modificar geneticamente processar formação utilizar mão obrar fábrica mundo o imagem mensagem remeter o o criador gamar hideo kojima mostrar imagem boneco beber tamanho natural o b pod item edição colecionador jogar death stranding gamar designer nome criador “ metal gear “ franquiar popular videogames kojima entrevisto o o g1 e3 o angeles,mundo, 31/05/2019," Por Roney Domingos, G1 ",https://g1.globo.com/fato-ou-fake/noticia/2019/05/31/e-fake-que-japao-iniciou-producao-em-massa-de-bebes-em-uteros-artificiais.ghtml,0
3376,"

É melhor não tomar a vacina porque ela altera DNA e causa “homossexualismo” #boato 
","Boato – Vacina contra Covid-19 vai reduzir população mundial, alterar código genético e causar “homossexualismo”. Por isso, é melhor não tomar. ",“ esclarecimento o início comprometer o ajudar o simão ajudar o país canal o orientar o população o o tá acontecer o certar e errar o população simão falar história d vacinar vacinar pautar comunista objetivo reduzir o população mundial matar humano vírus matar ninguém ninguém morrer n mundo causar resfriar e ninguém morrer resfriar n mundo mundo enganar e alertar e avisar o organização mundial saudar tá repetir o presidente bolsonaro falar início porcaria d resfriar matar ninguém o matar controlo populacional desempregar fome miséria matar o brasileiro fetiche e desejar controlar e ficar aceitar o d máscara o governador canalha d governador paulo comunista filhar terrorista comunista expulsar país terrorista comunista né pai dório e dório obrigar mundo paulo inteirar o tomar vacinar e salafrário nenhum canalha nenhum obrigar tomar vacinar e graça o deus né graça o deus hoje o presidente bolsonaro enviar deus salvar país e o presidente bolsonaro vir e salafrário d governador obrigar ninguém o tomar vacinar família filhar o filho infelizmente né perder único filho aconselhar o vacinar alterar o código genético comprometer o vidar filho e neto causar síndrome perigoso destruir filho e neto sentir fertilidade homossexualismo o filho vacinar filho trabalhar divulgar exatamente o falir presidente repúblico existir provar científico vacinar funcionar deixar funcionar levar tornar ano vacinar produzir tomar vacinar hoje servir cobaia cobaia cientista sério mundo realmente preocupar o bem-estar população mundial o vacinar alterar o código genético o rna e pessoa tomar passar o problema grave saudar filho e neto problema grave alterar o código genético o filhar o filhar d nascer problema justamente o vacinar modificar o menino deixar menino e virar menino menino deixar menino e virar menino e n linha problema grave o gente o câncer e o papel repetir palavra presidente bolsonaro ninguém governar nenhum o tomar vacinar comprovação científico e repetir levar ano desenvolver vacinar porcaria d vacinar chinês feito comunista maldizer ditadura comunista exterminar propósito milhão pessoa matar milhão pessoa propósito país matar chinês comunista matar milhão chinês propósito dominar o país e governar comunista matar milhão inocente obrigar o tomar porcaria d vacinar ouvir o ganhar história o orientar e alertar o população brasileiro e graça o deus o presidente bolsonaro mancomunar máfia d governador obrigar o brasileiro o tomar vacinar tomar porcaria d vacinar porcaria d vacinar filho o deus abençoar ”,saúde,21/10/2020,"
Kyene Becker ",https://www.boatos.org/saude/melhor-nao-tomar-vacina-altera-dna-causa-homossexualidade.html,0
3377,"

Israel não tem mortes por Covid-19 e usa limão e bicarbonato na cura do coronavírus #boato 
","Boato – Descobriram porque Israel não tem morte por Covid-19 (C-19). Lá estão usando uma mistura de limão, bicarbonato e água quente para matar o coronavírus.",israel morte c-19 super notícia … o curar o vírus c19 o maneiro eliminá-lo alcançar informação israel vírus causar morte o receitar simples limão bicarbonato misturar e beber chá quentar – o ação limão bicarbonato sódio quentar – matar imediatamente o vírus – elimina-o completamente corpo componente alcalinizar o imunológico o noite cair o tornar ácido e defeso o israel relaxar vírus mundo israel beber copar água quentar limão e bicarbonato sódio,mundo,02/04/2020,"
Edgard Matsuki ",https://www.boatos.org/mundo/israel-nao-tem-mortes-covid-19-usa-limao-bicarbonato-cura-coronavirus.html,0
3378,"

Carlos Bolsonaro postou foto com arma e flores minutos após a morte de Marielle #boato 
","Boato – Internautas descobriram tuíte de Carlos Bolsonaro publicado minutos após a morte de Marielle Franco. Na postagem, ele segura um buquê de flores e uma arma.",eis o foto postar carlos bolsonaro minuto o assassinato marielle franco apagar rede social tirar licença e escafedeu-se rj camiseta tá escrever “ salvar o pistola ” tic tac tic tac conhecer o verdade e prender,política,,"
Edgard Matsuki ",https://www.boatos.org/politica/carlos-bolsonaro-postou-foto-arma-flores-morte-marielle.html,0
3379,Bolsonaro quer desidratar PEC que congela salários de servidores  ,,o presidente jair bolsonaro negociar deputar o desidratação pec proposto emendar constituição emergencial autorizar rodar auxílio o vulnerável liberar o possibilidade progressão e promoção servidor público situação crise negociar mudança texto aprovar senado semana passar o retirar necessidade o governar apresentar planar redução subsídio e isenção o congelamento d benefício funcionalismo defender ministrar economia paulo guedes contrapartida precisar adotadas chamar protocolo crise o desidratação ater o demandar bancada balir câmara e favorecer policiar conformar apurar o estadão broadcast político,política,09/03/2021 08h00Atualizada em 09/03/2021 12h00 ,"Daniel Weterman, Camila Turtelli e Matheus de Souza",https://economia.uol.com.br/noticias/estadao-conteudo/2021/03/09/bolsonaro-defende-a-desidratacao-da-pec.htm,1
3380,Lufthansa retomará voos para 20 destinos a partir de meados de junho  ,,o lufthansa conversar o governar alemão resgatar bilião euro retomar voo destino o mear junho porta-voz n domingo destino incluir mallorca creta rodar farar veneza ibiza e málaga o porta-voz acrescentar voo principal centrar companhia aéreo frankfurt destino revelar semana o expansão malhar aéreo companhia ocorrer semana o lufthansa apresentar plano retomar voo destino o angeles toronto e mumbai o junho comedir o restaurar negócio praticamente fechar crise coronavírus,saúde,24/05/2020 15h44 ,Christoph Steitz e Ralf Bode,https://economia.uol.com.br/noticias/reuters/2020/05/24/lufthansa-retomara-voos-para-20-destinos-a-partir-de-meados-de-junho.htm,1
3381,É enganoso vídeo que denuncia suposta fraude nas urnas em João Pessoa,,candidatar o vereador mdb nenhum votar seção votar documento oficiar justiçar eleitoral mostrar voto,política,2020/12/04,Comprova,https://projetocomprova.com.br/publicações/e-enganoso-video-que-denuncia-suposta-fraude-nas-urnas-em-joao-pessoa/,0
3382,Veja o que é #FATO ou #FAKE nas declarações dos candidatos à Prefeitura do Rio na 3ª semana de campanha,"Frases foram ditas em redes sociais, eventos de campanha e no horário eleitoral.","candidato prefeitura rir janeiro continuidade campanha eleitoral cidade n semana o registrar oficial candidatura participar agendar evento postar rede social e intensificar discurso horário eleitoral o equipar fato fake checar principal declaração durante o semana candidato aparecer numericamente frente pesquisar o ordem seguir o pesquisar ler eduardo paes dem ""nó chegar hoje o o pedágio caro quilômetro mundo pedágio caro linha amarelo""",política, 16/10/2020," Por G1, O Globo, TV Globo, GloboNews e CBN ",https://g1.globo.com/fato-ou-fake/noticia/2020/10/16/veja-o-que-e-fato-ou-fake-nas-declaracoes-dos-candidatos-a-prefeitura-do-rio-na-3a-semana-de-campanha.ghtml,0
3383,Veja o que é #FATO ou #FAKE nas declarações dos candidatos à Prefeitura do Rio na 3ª semana de campanha,"Frases foram ditas em redes sociais, eventos de campanha e no horário eleitoral.","candidato prefeitura rir janeiro continuidade campanha eleitoral cidade n semana o registrar oficial candidatura participar agendar evento postar rede social e intensificar discurso horário eleitoral o equipar fato fake checar principal declaração durante o semana candidato aparecer numericamente frente pesquisar o ordem seguir o pesquisar ler eduardo paes dem ""o dia abril oficiar o o ministério público pedir umar investigação sobrar notícia superfaturamento veicular o blogs o respeitar aquisição respirador pedir investigação o o ministério público e o o tribunal contar o originar o operação mercador caos prender o subsecretário saudar gabriell neve o aquisição respirador pulmonar""",política, 16/10/2020," Por G1, O Globo, TV Globo, GloboNews e CBN ",https://g1.globo.com/fato-ou-fake/noticia/2020/10/16/veja-o-que-e-fato-ou-fake-nas-declaracoes-dos-candidatos-a-prefeitura-do-rio-na-3a-semana-de-campanha.ghtml,0
3384,Defesa orienta militares a não participar de desfiles de 7 de setembro para evitar aglomerações,Diretriz do ministério foi publicada no 'Diário Oficial da União' desta sexta (7) e considera medidas sanitárias de combate ao novo coronavírus. ,o ministério defeso determinar forçar armar orientar o participar n ano desfile setembro alusivo o o aniversário independência repúblico o diretriz publicar diário oficial união d sexta-feira e o objetivo evitar aglomeração pandemia coronavírus o portar o semana pátrio tradicionalmente forçar armar participar comemoração estimular o amplo manifestação valorar cívico território nacional atividades cultural e solenidade específico acordar o ministério condição atuais indicar recomendação sanitário valer setembro,política, 07/08/2020 09h09 ," Por Ana Krüger e Guilherme Mazui, G1 — Brasília ",https://g1.globo.com/politica/noticia/2020/08/07/pandemia-faz-governo-suspender-desfiles-de-7-de-setembro.ghtml,1
3385,"Brasil chega a 230 mil óbitos causados pela Covid-19, mostra boletim de imprensa ",,"o brasil chegar n sexta-feira marcar morte causar covid-19 horar registrar 1.244 óbito elevar 230.127 o total vidar perdido o coronavírus o médio móvel 1.050 morte o cálculo semana contabilizar 51.319 caso 20h quarta-feira totalizar 9.449.088 infectar sars-cov-2 país o médio móvel 47.087 diagnóstico positivo o cálculo dia n sexta-feira rir norte e roraima divulgar caso e morte causar coronavírus o médio móvel dia médio o dia e anterior comparar médio semana indicar haver tendência alto estabilidade quedo caso morte o cálculo recurso estatístico conseguir enxergar o tendência abafar o ruir causar finar semana o notificação morte reduzir escassez funcionário plantão 3,3 milhão dose vacinar covid-19 aplicar brasil 3.364.744 dose aplicar e 1.962 dose consórcio formar o globo extra g1 folhar s.paulo uol e o s. paulo e reunir informação secretariar estadual saudar divulgar diariamente 20h o iniciativo veículo mídia criar o inconsistência apresentar ministério saudar entrevisto o o globo o diretor-presidente anvisa antônio barrir afirmar o texto aprovar senado oferecer riscar saudar público e o prazo estabelecer viável análise seguro imunizante acordar o consórcio veículo imprensar o total vacinar n ultrapassar milhão pessoa brasil especialista afirmar queixar reforçar o perfil segurança vacinar notadamente o coronavac utilizar imunização o o outro imunizante adotado país o astrazeneca oxford",saúde, Publicado em  05/02/21 20:12 ,Extra,https://extra.globo.com/noticias/coronavirus/brasil-chega-230-mil-obitos-causados-pela-covid-19-mostra-boletim-de-imprensa-24871802.html,1
3386,É #FAKE que vídeo mostre pessoas abandonando as máscaras na Itália e que cenas revelem o fim da pandemia,"Imagens fazem parte de um clipe do músico Hauser e foram gravadas, na verdade, na Croácia em homenagem aos trabalhadores na linha de frente contra a Covid-19. Não há nenhuma recomendação oficial para que as pessoas deixem as máscaras de lado na Itália. Pelo contrário, no transporte público e em lugares fechados o uso é obrigatório. País é um dos mais afetados pelo coronavírus.",circular rede social vídeo pessoa baixar máscara prevenção o covid-19 rostir o o som belo músico instrumental legendar olhar lindar o itália despedir máscara perfazer o fundir musical hauser o horar chegar o vídeo verdade trecho clipe hauser nessun dorma alone together publicar abril o legendar explicar o músico tocar nessun dorma turandot giacomo puccini cidade natal icônica arena pular croácio dedicar o apresentação o trabalhador linha frente o covid-19,mundo, 05/06/2020," Por Roney Domingos, G1 ",https://g1.globo.com/fato-ou-fake/coronavirus/noticia/2020/06/05/e-fake-que-video-mostre-pessoas-abandonando-as-mascaras-na-italia-e-que-cenas-revelem-o-fim-da-pandemia.ghtml,0
3387,"Reabertura da economia não está para ser anunciada na Grande SP, diz Meirelles  ",,"o secretário fazenda e planejamento paulo henrique meirelles hoje o governar estadual anunciar reabertura economia região metropolitano paulo o haver o planar reabertura gradual interior paulo o dia 1º junho semana começar oeste cidade densidade e capacidade atendimento hospitalar região metropolitano o reabertura depender evolução caso e capacidade hospitalar o secretário afirmar o preenchimento leito região metropolitano preocupante meirelles o reabertura economia interior igual setores trabalhar desenvolver protocolo setor afirmar o secretário o secretário afirmar trabalhar cenário o pib brasileiro quedo o estimar mediano previsão boletim focus 5,89 o paulo retração semelhante recuar esperar arrecadação imposto maio e junho",saúde,25/05/2020 17h42 ,"André Ítalo Rocha e Eduardo Laguna, especial para a AE",https://economia.uol.com.br/noticias/estadao-conteudo/2020/05/25/reabertura-da-economia-nao-esta-para-ser-anunciada-na-grande-sp-diz-meirelles.htm,1
3388,Covid: Oxford não encontrou 'fortes indícios' da eficácia da ivermectina  ,,o presidente jair bolsonaro declarar o dia junho o universidade oxford encontrar forte indício o ivermectina realmente prevenir benéfico o tratamento covid-19 o afirmação enganoso o estudar encontrar estágio inicial chegar o conclusão vídeo gravar durante converso apoiadores perguntar virar o oxford encontrar forte indício o ivermectina realmente prevenir o salutar e começar o estudar profundidade o ivermectina,ciência,25/06/2021 21h21 ,25/06/2021 21h21 ,https://noticias.uol.com.br/comprova/ultimas-noticias/2021/06/25/oxford-nao-encontrou-fortes-indicios-da-eficacia-da-ivermectina.htm,0
3389,Única certeza é que Bolsonaro não se vacinará  ,,declaração general eduardo pazuello ministrar saudar o vacinação covid-19 chegar o inspirar segurança problema resolvido adequadamente servir organizar confusão audiência congresso o general tratar certo o chegar o o brasil o janeiro vacinar acabar retornar fase teste expor bater informação pastar e mencionar o hipótese comprar imunizante marcar equipar descartar pazuello especial realçar vacinar laboratório astrazeneca principal aposto governar trata-se parceria o universidade oxford o o fiocruz fundação pastar saudar firmar convênio o governar investir quase r$ bilião n vacinar,política,02/12/2020 18h53 ,02/12/2020 18h53 ,https://noticias.uol.com.br/colunas/josias-de-souza/2020/12/02/unica-certeza-e-que-bolsonaro-nao-se-vacinara.htm,1
3390,"Vou sair de Brasília pelo menos uma vez por semana, diz Bolsonaro em inauguração  ",,entregar moradia programar casar vidar bagé rs o presidente jair bolsonaro hoje falar deixar obrar parar e semana sair brasília viajar o falar ministrar o marinhar deixar obrar parar problema orçamentar arranjar recurso obrar concluir bolsonaro participar atar inauguração conjuntar habitacional dia consecutivo viagem o realizar anunciar sábado passar resultar negativar o coronavírus contrair o doença início bolsonaro bahia e piauí,saúde,31/07/2020 16h18 ,31/07/2020 16h18 ,https://noticias.uol.com.br/ultimas-noticias/reuters/2020/07/31/vou-sair-de-brasilia-pelo-menos-uma-vez-por-semana-diz-bolsonaro-em-inauguracao.htm,1
3391,Relator da PEC emergencial é contra fatiamento: 'não tem o menor cabimento'  ,,o senador márcio bittar mdb-ac relator pec proposto emendar constitucional emergencial definir o prorrogação auxílio emergencial hoje o fatiamento proposto defender senador o idear o fatiamento facilitar o aprovação texto destravar verba o renovação ajudar financeiro o fatiamento deixar trás trecho texto preveem contrapartida fiscal conter gasto governar federal e evitar endividamento o união aumentar o déficit fiscal garantir o auxílio absurdo aumentar o dívida autorizar o governar federal o endividar lembrar o déficit fiscal ano passar r$ bilião pagar contar autorizar o governar o dívida justificativo brasileiro precisar alimentar argumentar bittar entrevisto globonews,política,28/02/2021 22h16 ,28/02/2021 22h16 ,https://economia.uol.com.br/noticias/redacao/2021/02/28/relator-da-pec-emergencial-e-contra-fatiamento-nao-tem-o-menor-cabimento.htm,1
3392,Engenheiro que superou a Covid se emociona ao reencontrar equipe de hospital,"Em Campo Grande, o engenheiro eletricista Jean Carlo Ranucci, que ficou quase uma semana na UTI, não conseguia enxergar as pessoas que salvaram a vida dele por causa dos equipamentos de proteção.",campar o engenheiro eletricista jean carlo ranucci superar o covid e viver d experiência emocionante “ guardar voz e encapuzar ninguém querer enxergar pessoa salvar ” contar o pedir postar rede social causar covid-19 o jean ficar quase semana internar uti dia entubar o experiência viver o gente noção esforçar profissional saudar salvar vidar hospital o jean dúvida o caro receber equipar fundamental o recuperação d “ amar pessoa conhecer vir virar passar história vidar forte ” jean,saúde, 14/08/2020 21h42 , Por Jornal Nacional ,https://g1.globo.com/jornal-nacional/noticia/2020/08/14/engenheiro-que-superou-a-covid-se-emociona-ao-reencontrar-equipe-de-hospital.ghtml,1
3393,Bares e restaurantes admitem 'grande surpresa' com limitação de horário  ,,o cidade paulo viver hoje dia importante processar flexibilização medir isolamento social contar pandemia coronavírus bar e restaurante voltar o funcionar restrição e d visto surpreso representante setor dialogar o prefeitura estabelecer protocolo segurança o abrasel associação brasileiro bar e restaurante o determinação funcionamento 17h esperar n retornar setor permissão funcionar delivery o março detalhe discutir anteriormente o prefeitura e o abrasel e entidade horar compromisso surpreso principalmente horário rodrigar goulart diretor abrasel entrevisto globonews conversar compromisso juntar prefeitura e o reabertura 10h noite infelizmente valer restrição e fechar bar e restaurante cidade s 17h acrescentar goulart lembrar o compromisso assinar anteontem prefeito brunir cova psdb,saúde,06/07/2020 09h30 ,06/07/2020 09h30 ,https://noticias.uol.com.br/saude/ultimas-noticias/redacao/2020/07/06/bares-e-restaurantes-grande-surpresa-limitacao-de-horario.htm,1
3394,É #FAKE que Suprema Corte nos EUA determinou que Guarda Nacional prenda mesários e funcionários dos Correios,Mensagem circula nas redes sociais em meio a desinformação sobre as eleições. Guarda Nacional diz que a Suprema Corte não tem nem sequer autoridade para convocá-la.,mensagem circular rede social afirmar o supremo cortar unir convocar o guardar nacional americano prender funcionário correio e pessoa trabalhar eleição mesário e contador cédula d acontecer e o supremo cortar sequer autoridade determinar diretamente o guardar nacional o guardar nacional braço forçar militar americano atua principalmente emergência doméstico o utilizar ordem presidente unir o pedir governador modelar parecer o forçar nacional brasileiro o mensagem circular juntar o imagem presidente donald trump beijar e abraçar bandeiro americano o texto o supremo cortar eua convocar o guardar nacional e começar o efetuar prisão mesário funcionário correio e contador voto o mensagem circular rede social brasileiro insinuar fraudar processar eleitoral americano levar vitória democrata joe biden,mundo, 10/11/2020," Por Marcelo Parreira, TV Globo ",https://g1.globo.com/fato-ou-fake/noticia/2020/11/10/e-fake-que-suprema-corte-nos-eua-determinou-que-guarda-nacional-prenda-mesarios-e-funcionarios-dos-correios.ghtml,0
3395,Maracanã tem dia de pouco movimento e sem protestos antes de Fla x Boavista  ,,o o contrário jogar flamengo e bangu marcar o retomar campeonato carioca o maracanã viver clima absoluto tranquilidade o bolar rolar o jogar o fla e o boavista o duelo anterior maracanã o atividades o pré-jogo marcar protesto o voltar futebol e torcedor receber o time maracanã escuro horar o bolar rolar flamengo x boavista ventar forte rj e o fechar placaruol pic.twitter.com/dfrfckad4f o possibilidade o confrontar transmitir flatv e dia vento forte rir janeiro d repetir hoje,saúde,01/07/2020 20h27 ,Leo Burlá,https://www.uol.com.br/esporte/futebol/ultimas-noticias/2020/07/01/maracana-tem-dia-de-pouco-movimento-e-sem-protestos-antes-de-fla-x-boavista.htm,1
3396,É #FAKE que enxofre destrua o coronavírus,Mensagem tem circulado depois que apoiadora do presidente Jair Bolsonaro o abordou com informação falsa.,circular rede social vídeo mulher afirmar o enxofrar o curar o coronavírus haver estudo embasem afirmação acordar médico entrevistar cbn o mulher voz aparecer vídeo receber o informação deus imagem mostrar o presidente jair bolsonaro ouvir relatar e prometer reunião ministério saudar tratar assunto o vídeo circular segunda-feira 8) o mulher apoiadora presidente o abordar aparição d cumprimentar seguidor paraná o brasília encontrá-lo o defeso “ reposição enxofrar ” e dispor o cobaia tratamento o elemento químico o pessoa dedo alho cru dia aumentar o imunidade e rico enxofrar o curar o reposição enxofrar afirmar vídeo viral,ciência, 09/06/2020," Por Roberta Pennafort, CBN ",https://g1.globo.com/fato-ou-fake/coronavirus/noticia/2020/06/09/e-fake-que-enxofre-destrua-o-coronavirus.ghtml,0
3397,"

Homem é enterrado vivo e retirado de túmulo horas depois #boato 
",Boato – Vídeo mostra homem que foi enterrado vivo pela família por causa de erro médico sendo retirado por policiais de túmulo no cemitério.,família enterrar parente horar couveiro ouvir grito túmulo e chamar o polícia policiar resgatar o morto vivopor errar médico família enterrar homem viver coveiro escutar grito socorrer gaveta supor defunto e avisar o polícia viver,brasil,13/01/2019,"
Edgard Matsuki ",https://www.boatos.org/brasil/homem-enterrado-vivo-retirado-tumulo.html,0
3398,"Agricultores familiares da América Latina relatam dificuldades na venda de alimentos durante a pandemia, diz pesquisa","Estudo realizado pelo Instituto Interamericano de Cooperação Agrícola (IICA), em 29 países, aponta que o cenário atual vai repercutir na oferta de alimentos na região.",agricultor familiar américa latino e caribe relatar dificuldade vender produto contar pandemia coronavírus e acreditar afetar o fornecimento alimento básico região o afirmar pesquisar divulgar instituto interamericano cooperação agrícola iica n terça-feira o entidade realizar o levantamento maio e junho d ano e ouvir entidade instituto pesquisar ongs e organização sindicar representante agricultura familiar país américas incluir o brasil américas ficar bahamas barbar suriname unir e canadá o trabalhar constatar crescente preocupação setor agricultura familiar s possibilidade comercialização alimento mercar locar dever redução fluxo consumidor medo infectar haver cercar milhão agricultor familiar américa latino e caribe população rural viver extremo pobreza e localizar pequeno fazenda produtividade o tamanho médio propriedade familiar região hectare,saúde, 28/07/2020 00h01 , Por G1 ,https://g1.globo.com/economia/agronegocios/noticia/2020/07/28/agricultores-familiares-da-america-latina-relatam-dificuldades-na-venda-de-alimentos-durante-a-pandemia-diz-pesquisa.ghtml,1
3399,"

Vivo dá desconto em fatura de conta paga por Pix para CNPJ descrito em SMS #boato 
",Vivo dá desconto em fatura de conta paga por Pix para CNPJ descrito em SMS #boato,"viver informar parabens ganhar super descontar pagar suar fatura descontar o r$ 59,90 pix cnpj validar atar dia 19/07/2021 viver informar parabens ganhar super descontar pagar suar fatura descontar o r$ 35,90 pix cnpj validar atar dia 19/07/2021",entretenimento,19/07/2021,"
Edgard Matsuki ",https://www.boatos.org/tecnologia/vivo-da-desconto-em-fatura-de-conta-paga-por-pix-cnpj-descrito-sms.html,0
3400,É #FAKE que TSE vai implementar voto pelo celular nas eleições de 2020,"Vídeo circula em redes sociais com alegações falsas. Votação ocorrerá normalmente, com urna eletrônica. Empresas farão apenas um simulado à parte com candidatos fictícios em três cidades pré-definidas para testar uma tecnologia.",circular rede social vídeo mulher o tribunal superior eleitoral tse trocar urna eletrônicas e implementar o votar celular n eleição o tribunal superior eleitoral tse esclarecer noto adotou mudança eleição d ano e haver nenhum testar votação cursar novembro o órgão negar o falir mensagem falso o tribunal o o sigilar votar o o tse lançar setembro o projeto “ eleição futurar ” objetivo estudo e avaliação implementação inovação eletrônico votação,política, 20/10/2020," Por Roney Domingos, G1 ",https://g1.globo.com/fato-ou-fake/noticia/2020/10/20/e-fake-que-tse-vai-implementar-voto-pelo-celular-nas-eleicoes-de-2020.ghtml,0
3401,"

Bolsonaro aparece em foto com acusado de assassinar Marielle Franco #boato 
","Boato – Foto mostra o presidente Jair Bolsonaro e seu filho Eduardo Bolsonaro junto com Élcio Queiroz (Ronnie Lessa), preso sob a acusação de ser o assassino de Marielle Franco.",bolsonaro e filhar foto elcio acusar efetuar disparo marielle jair bolsonaro e ronnie lessa assassinar mariele franco bolsonaros foto o acusar o atirador o élcio embaixo esquerdo mandar matar mariele,política,13/03/2019,"
Edgard Matsuki ",https://www.boatos.org/politica/bolsonaro-foto-acusado-marielle.html,0
3402,Mandetta sobre saída da Saúde: 'Presidente bateu de frente com a ciência'  ,,luiz henrique mandetta ex-ministro saudar falar sair ministério durante live organizar mbl movimentar brasil livrar o presidente jair bolsonaro bater frente princípio combater o o coronavírus o gerar atrito mandetta o presidente entender implicação econômicas seriar duro pessoa implicação saudar d tomar decisão o chocar o maneiro o ministério saudar conduzir o ministério combater o o coronavírus defeso intransigente vidar sus e ciência o comportamento presidente bater frente o ciência o sus e o vidar ficar impossível nenhum sair prerrogativa resolver substituir o ministrar o mandetta o exonerar o ciência opção mudar o perfil o coordenação o maneiro falar repente o ministério saudar falar ficar ar dia misturar e resolver ministério coadjuvante casar civil ministrar verbalizar casar pessoa visão basear n princípio acrescentar,saúde,26/04/2020 22h04Atualizada em 27/04/2020 00h21 ,"Do UOL, em São Paulo",https://noticias.uol.com.br/politica/ultimas-noticias/2020/04/26/mandetta-sobre-saida-da-saude-presidente-bateu-de-frente-com-a-ciencia.htm,1
3403,"

EUA anunciam vacina da Roche Medical Company que cura o coronavírus em três horas #boato 
",Boato – Os Estados Unidos anunciaram vacina da Roche Medical Company que cura o coronavírus em três horas. Trump anunciou que a vacina será lançada no domingo e que milhões de doses já estão prontas.,notícia vacinar o vírus carona pronto capaz curar o paciente horar o injeção tirar o chapéu cientista eua trump anunciar o roche medical company lançar o vacinar domingo e milhão dose pronto obg senhor,saúde,24/03/2020,"
Raiane Gonoli ",https://www.boatos.org/saude/eua-vacina-cura-coronavirus-tres-horas.html,0
3404,É #FAKE que EUA e China consideram cloroquina '100% eficiente' para curar a Covid-19,"Droga não é aprovada para a doença pela agência norte-americana FDA; na China, prescrição é autorizada, mas embaixada do país no Brasil nega afirmação sobre eficácia.",circular rede social mensagem o cloroquina considerar unir e chino “ eficiente ” tratar o covid-19 o mensagem “ chino e fda aprovar o cloroquina eficiente curar covid-19 ” procurar cbn o embaixada chino brasil negar o informação o representação diplomático informar “ desconhecer anúncio ‘ o cloroquina eficiente curar covid-19 ’ autoridade governamental saudar chino ”,mundo, 03/09/2020," Por Roberta Pennafort, CBN ",https://g1.globo.com/fato-ou-fake/coronavirus/noticia/2020/09/03/e-fake-que-eua-e-china-consideram-cloroquina-100percent-eficiente-para-curar-a-covid-19.ghtml,0
3405,"

Maçonaria acaba de declarar apoio à CPI do STF e Judiciário, mostra vídeo #boato 
","Boato – Agora, a CPI do STF vai para frente. Vídeo mostra que a maçonaria acabou de declarar apoio para a instauração de uma investigação contra o Judiciário.",o cpi lavar togar investigar o stf e membro judiciário instaurada.a maçonaria conseguir o cpi tribunal superior parabénstemos acabar stf forastf forajuizescorruptosmaçonaria unir o corrupção e pedir cpi stf e stj maçonaria organizar o stf e o stj azedar fev o maçonaria brasileiro entrar guerra o stf cpi judiciário sair,política,25/02/2020,"
Edgard Matsuki ",https://www.boatos.org/politica/maconaria-acaba-declarar-apoio-cpi-stf-judiciario-video.html,0
3406,navio venezuela despejar petróleo o mar parir prejudicar o presidente bolsonaro,,vídeo compartilhar o redar social e whatsapp mostrar navio despejar líquido negro o mar e texto acompanhar o imagem afirmar seriar trabalhar o mandar venezuela parir prejudicar o imagem presidente jair bolsonaro,entretenimento,12/10/2019,gilmar lopes,https://www.e-farsas.com/navio-da-venezuela-despejou-petroleo-no-mar-para-prejudicar-o-presidente-bolsonaro.html,0
3407,É #FAKE que acusado de matar vereadora Marielle Franco vivia em casa que pertence a Bolsonaro,Presidente é dono das casas 36 e 56 em condomínio na Barra da Tijuca. O policial militar Ronnie Lessa vivia no número 65/66.,"publicação circular rede social o sargento reformar polícia militar ronnie lessa assassino vereador marielle franco psol e motorista anderson gomar viver casar pertencer o o presidente repúblico jair bolsonaro psl-rj o conteúdo mensagem fake o inquérito polícia civil rir janeiro o casar marielle lessa viver imóvel 65/66 condomínio vivenda barrir barrir tijuca zonar oeste rir casar bolsonaro identificar e o declaração presidente disponível site tribunal superior eleitoral tse mostrar imóvel nome bolsonaro avenida lúcio costa 3.100 o casar comprar r$ e o imóvel custar r$ 603,8 n casar viver filho presidente o vereador rir janeiro carlos bolsonaro psc-rj outro imóvel o presidente morar o mulher o filho e o entear mudar brasília df",política, 18/03/2019, Por O Globo ,https://g1.globo.com/fato-ou-fake/noticia/2019/03/18/e-fake-que-acusado-de-matar-vereadora-marielle-franco-vivia-em-casa-que-pertence-a-bolsonaro.ghtml,0
3408,"Índia prorroga confinamento por duas semanas, mas reduz restrições  ",,"o governar índio ordenar n sexta-feira o prorrogação confinamento 1,3 bilião habitante maio frear o pandemia covid-19 país registrar 35.043 caso e 1.147 morte causar doença o ordem emitir ministério interior indicar regulação atividades n período basear riscar propagação diferenciar zonar vermelho crítico verde e laranjo o prorrogação confinamento história começar maio semana total dia medir emergenciais acordar o ministério interior distrito identificar zonar vermelho levar contar o total caso ativos o taxar propagação e o quantidade teste permanecer medir rigoroso",saúde,02/05/2020 01h39 ,02/05/2020 01h39 ,https://noticias.uol.com.br/ultimas-noticias/efe/2020/05/02/india-prorroga-confinamento-por-duas-semanas-mas-reduz-restricoes.htm,1
3409,"Disponibilidade do kit intubação é 'preocupante', diz presidente da FNP  ",,o presidente fnp frente nacional prefeito e prefeito aracaju edvaldo nogueira pdt hoje o situação estoque kit intubação paciente covid-19 preocupante e pedir distribuição rápido medicamento o o ministério saudar o situação kit intubação município preocupante e diferenciar o outro viver país continental diferençar edvaldo entrevisto concedido manhã hoje o rádio jovem pan melhor hipótese o existir kit intubação semana dia edvaldo nogueira pdt presidente fnp e prefeito aracaju,saúde,16/04/2021 12h46Atualizada em 16/04/2021 12h55 ,16/04/2021 12h46Atualizada em 16/04/2021 12h55 ,https://noticias.uol.com.br/saude/ultimas-noticias/redacao/2021/04/16/kit-intubacao-covid-19-situacao-preocupante-presidente-fnp.htm,1
3410,Estudo aponta que imunidade ao coronavírus dura por poucos meses  ,,estudar king s college londres inglaterra indicar o imunidade o coronavírus duro e o vírus detectar novamente resfriar cercar profissional e paciente hospital nhs reinar unir — equivalente o o sus brasil — analisar pesquisar anticorpo d pessoa atingir o picar proteção semana apresentar sintoma covid-19 n período o potente d estruturar defeso organismo encontrar pessoa profissional e paciente manter o desejar,saúde,13/07/2020 10h12Atualizada em 13/07/2020 14h29 ,13/07/2020 10h12Atualizada em 13/07/2020 14h29 ,https://www.uol.com.br/vivabem/noticias/redacao/2020/07/13/coronavirus-imunidade-duracao-poucos-meses-estudo.htm,1
3411,"Evidências atestam a eficiência das máscaras no controle da pandemia, ao contrário do que afirma site",,alegação o máscara causar intoxicação e aumentar o riscar contaminação coronavírus e vírus e bactéria comprovação,saúde,2020/08/07,Comprova,https://projetocomprova.com.br/publicações/evidencias-atestam-a-eficiencia-das-mascaras-no-controle-da-pandemia-ao-contrario-do-que-afirma-site/,0
3412,"Saúde diz que fornecedora de testes estocados sustenta validade por mais 4 meses, mas Anvisa precisa aprovar",,"O secretário de Vigilância em Saúde do Ministério da Saúde, Arnaldo Medeiros, afirmou que a pasta recebeu nesta quarta-feira os estudos da empresa fornecedora dos testes para a Covid-19 estocados com prazo de vencimento próximo. A conclusão é de que a validade pode ser estendida por mais quatro meses, além dos oito meses do prazo original.   A validade só pode ser estendida, no entanto, com aprovação da Agência Nacional de Vigilância Sanitária (Anvisa), que ainda não foi acionada para fazer a avaliação. As informações foram dadas em audiência na Câmara para falar dos testes para a Covid-19 em estoque próximos da data de vencimento. Representantes do Ministério da Saúde admitiram que desconhecem os dados que embasaram a compra, feita em abril, alegando ter sido efetivada anteriormente à chegada da gestão atual. No total, segundo a pasta, há 6,79 milhões de testes do tipo RT-PCR estocados no armazém do Ministério da Saúde com prazo de validade entre dezembro e janeiro, além de aproximadamente 280 mil entre fevereiro e março. O volume com data de vencimento nos próximos dois meses foi revelado pelo jornal O Estado de S. Paulo no último domingo. Medeiros disse, na audiência, que a pasta enviou no último dia 3 um ofício à Organização Panamericana de Saúde (OPAS), por meio do qual 10 milhões de testes foram adquiridos pelo Brasil de uma fabricante coreana, sobre a extensão da validade dos produtos. — Hoje recebemos o resultado dos estudos de validade estendida, em que a empresa está entrando junto à Anvisa, para pedir essa validade estendida, em que na conclusão está estendida de pelo menos 12 meses — afirmou Medeiros, ao citar o prazo total de validade sugerida. Apesar de exibir uma parte do documento recebido aos deputados, no qual há a menção de 12 a 13 meses de validade dependendo da temperatura de armazenamento, Medeiros demonstrou não saber ainda quais procedimentos precisa adotar para submeter o pedido à Anvisa: — Agora a gente vai entrar em contato com a empresa e com a Anvisa, para entendermos se a empresa entra (com o pedido de extensão de validade) sozinha, se o ministério entra sozinho, se o ministério entra em conjunto com a empresa. (Para entender) qual a orientação que a Anvisa nos dá para apresentar os estudos que a empresa fez de extensão de validade — respondeu Medeiros. A pasta informou, durante a audiência, que não tem os dados que embasaram a elaboração do termo de compra dos testes, no total de 23 milhões de testes, incluindo os 10 milhões via OPAS, que foram adquiridos em abril por demanda da Coordenação-Geral de Laboratórios de Saúde Pública (CGLAB) do ministério. — A gente não tem essa memória de cálculo, de como chegou-se a esses 23 milhões de kits, já procurei levantar essa memória de cálculo, não sei exatamente como foi feito. Talvez tenha, mas eu não a tenho, nem a minha equipe que está hoje na CGLAB e no departamento tem acesso e conhecimento dessa memória de cálculo. Desconheço essa memória de cálculo. Foi adquirido na gestão anterior da SVS (Secretaria de Vigilância em Saúde) — afirmou Medeiros. Deputados criticaram a falta das informações básicas por parte do ministério, ironizando que o atual ministro, Eduardo Pazuello, seja considerado um especialista em logística. Medeiros, depois, tentou atenuar a fala, destacando que não pode dizer que não existem as memórias de cálculo, mas que ele não teve acesso. Foi informado ainda que a compra dos testes não contempla ""carta de troca"", um instrumento usado na aquisição de fármacos que permite a substituição de medicamentos com prazo de vencimento próximo por outros com data ampliada. Houve ainda confusão de informações prestadas por Medeiros, que afirmou que a validade original dos produtos havia sido atribuída pela Anvisa, já que a compra fora emergencial, e tinha um ""caráter meio provisório"". E tentou justificar que, apesar do prazo de vencimento próximo estampado na caixa dos kits de testes, os itens que o compõem têm, isoladamente, datas de validade mais distantes, até 2023.  A diretora da Anvisa Cristiane Jourdan, porém, desmentiu a afirmação na audiência. Segundo ela, as datas dos kits não foram definidas pelo órgão regulador brasileiro, mas sim pelo próprio fornecedor do produto. Jourdan ressaltou que a decisão do órgão será técnica e baseada nos dados que forem apresentados. O deputado Luizinho (PP-RJ), presidente da comissão que ouvi representantes do Ministério da Saúde, destacou que a questão foi herdada pela gestão atual, mas cobrou medidas práticas para se resolver o problema. Ele sugeriu que a pasta abra de imediato as negociações com a OPAS para tentar a substituição ao menos de parte do estoque, caso a extensão da validade não seja possível. Leonardo Vilela, consultor técnico do Conselho Nacional de Secretários de Saúde (Conass), afirmou que estados têm ao menos 600 mil testes em estoque atualmente. O montante, segundo ele, está dentro dos níveis adequados de armazenamento, tendo em vista que, pelo ritmo de 30 mil exames por dia, corresponderá ao consumo dos próximos 20 dias. De acordo com Vilela, houve um atraso na realização de exames ao longo do primeiro semestre por falta de itens necessários para se fazer o teste, como reagentes, swabs (cotonetes usados para a colher amostras) e tubos de laboratórios. Nos últimos meses, segundo ele, há uma ""situação de normalidade"". No entanto, Vilela demonstrou preocupação com uma possível nova falta de reagentes para extração de RNA (material genético do vírus), principalmente porque o contrato do Ministério da Saúde com um fornecedor foi cancelado sob suspeita de irregularidades, conforme revelou o GLOBO. Ele lembrou que a demanda por testes aumentará diante da nova escalada de casos.",saúde, Publicado em  25/11/20 15:35 ,Renata Mariz,https://extra.globo.com/noticias/coronavirus/saude-diz-que-fornecedora-de-testes-estocados-sustenta-validade-por-mais-4-meses-mas-anvisa-precisa-aprovar-24764965.html,1
3413,É #FAKE que vídeo mostre suposto efeito de energético sobre objetos e alimentos,"Imagens circulam acompanhadas de mensagem de alerta sobre uso de energético, mas vídeo foi feito por mágico norte-americano.",circular rede social vídeo homem colocar energético objetos e alimento martelo batata e ovo e mostrar objetos tornar flexível e elástico o contato o bebido legendar acompanhar o vídeo repassar pessoa saudar energético o vídeo produzir mágico rick lax perfil facebook chamar the rick lax show apresentar magia incrível e truque ousar ​​para festa questionar equipar fato fake o vídeo confirmar tratar truque mágico o vídeo original,ciência, 22/01/2020, Por G1 ,https://g1.globo.com/fato-ou-fake/noticia/2020/01/22/e-fake-que-video-mostre-suposto-efeito-de-energetico-sobre-objetos-e-alimentos.ghtml,0
3414,É #FAKE que foto mostre motorista ferido a pedrada após passageiro se recusar a usar máscara,"Imagem circula em redes sociais com legenda que a liga à pandemia do novo coronavírus. Foto, porém, é antiga. Foi feita em 2015 e não tem nenhuma relação com a Covid-19.",circular rede social imagem mostrar homem uniformizar o rostir ensanguentar ambulância legendar motorista ônibus acabar levar pedrar bocar paralelepípedo e o maxilar quebrar passageiro querer subir coletivo máscara e reclamar o imagem mostrar mensagem recente e ligação o pandemia coronavírus cidade país determinar o máscara transporte coletivos evitar o propagação doença pesquisar reverso imagem mostrar publicar internet constar reportagem diário pernambuco datar outubro d ano,entretenimento, 29/06/2020," Por Roney Domingos, G1 ",https://g1.globo.com/fato-ou-fake/coronavirus/noticia/2020/06/29/e-fake-que-foto-mostre-motorista-ferido-a-pedrada-apos-passageiro-se-recusar-a-usar-mascara.ghtml,0
3415,Biólogo diz que mundo vive pandemia por 'menosprezar' medidas da China  ,,durante o rodar vivo noite hoje o biólogo e pesquisador atila iamarino convidar programar afirmar o mundo inteirar passar passar crise o coronavírus menosprezar o o chino o país adotou político rígido confinamento o surtir província wuhan atitude classificar repetir desejável conter o avançar covid-19 pessoa s entender defender o chino levar o chino o sério afirmar iamarino elogiar o posturar governar adotar o quarentenar o país e wuhan o epicentro covid-19 detectar doença respiratório rapidamente o chino detectar enorme descartar dificuldade enfrentar pesquisador alertar o doença o governar ocultar caso afirmar o resolução apresentar rápido,saúde,30/03/2020 23h40 ,30/03/2020 23h40 ,https://noticias.uol.com.br/saude/ultimas-noticias/redacao/2020/03/30/biologo-diz-que-mundo-vive-pandemia-por-menosprezar-medidas-da-china.htm,1
3416,Autor de projeto diz que Moro contamina debate sobre quarentena para juízes  ,,autor projeto lei prever período mínimo ano magistrado candidatar o deputar federal fábio trad psd-ms acreditar o ex-ministro justiçar sergio morar contaminar o debater o proposto sergio morar contaminar o debater apresentação o projeto lei categórico retroagir o constituição proibir retroatividade reafirmar sergio morar pensar n projeto atingir entrevisto rádio jovem pan manhã hoje recentemente morar o projeto preocupação estereotipar trad afirmar o projeto estabelecer efeito retroativo situação permitir candidatura ex-ministro o deputar o proposto o intuito deixar claro fardar beca togar incompatível eleitoral,política,03/08/2020 10h11Atualizada em 03/08/2020 14h50 ,"Do UOL, em São Paulo",https://noticias.uol.com.br/politica/ultimas-noticias/2020/08/03/autor-de-projeto-diz-que-moro-contamina-debate-sobre-quarentena-para-juizes.htm,1
3417,"

Enfermeira denuncia que Nova Ordem Mundial está desligando oxigênio de pacientes de Covid-19 #boato 
",Boato – Enfermeira diz que o oxigênio de pacientes com Covid-19 são desligados e que essa é a nova “técnica” da Nova Ordem Mundial.,enfermeiro arriscar o empregar e o vidar e denúncia cabulosa “ matar mundo ” “ cadê direito humano ” … o corajoso enfermeiro entubar pessoa e baixar o oxigênio o técnico o ordem mundial impor hospital e vc parente assassinar hospital curar e matar o redução populacional ordem mundial trabalhar d jeito hospital o visão dono hospital diretores médico e enfermeiro matar pessoa nome macabro agendar o agendar ordem mundial infelizmente d desdobramento astral aparecer alguém pra falar verdade lembrar técnico modus operandi hospital e upar território nacional e motivar liberar o tratamento precoce(ivermectina zincar e hidroxicloroquina morte o culpar presidente repúblico tá parabém o guerreiro luzir e o universo proteção necessário o divulgar massa coragem,saúde,28/02/2021,"
Carol Lira ",https://www.boatos.org/saude/enfermeira-nova-ordem-mundial-desligando-oxigenio.html,0
3418,Farmácias e drogarias privadas passam a oferecer a vacina contra a gripe comum  ,,o secretariar municipal saudar paulo n terça-feira o vacinação gratuito o gripar comum farmácia e drogaria privar habilitar prefeitura prioritário o dia maio 9h s 17h procurar locar credenciado o vacinar aplicar n ano proteger vírus gripar circular hemisfério sul influenza o h1n1 influenza b e influenza o h3n2 equipar e insumo único saudar sus prioritário idoso trabalhador setor saudar e profissional segurança o d quinta-feira pessoa doença crônicas transmissível caminhoneiros motorista ônibus detentos e agente penitenciário tomar o vacinar o gripar o vacinar o influenza proteger o coronavírus recomenda-se o vacinação o gripar comum trazer risco saudar população riscar levar o internação e morte d o população vacinar facilitar o diagnóstico suspeito covid-19,saúde,14/04/2020 20h05 ,14/04/2020 20h05 ,https://noticias.uol.com.br/ultimas-noticias/agencia-estado/2020/04/14/farmacias-e-drogarias-privadas-passam-a-oferecer-a-vacina-contra-a-gripe-comum.htm,1
3419,É #FAKE que Damares Alves defendeu revogação da Lei Maria da Penha,"Ministra também não disse que agredir a mulher é um 'direito bíblico' do homem, como afirma boato nas redes.",circular whatsapp mensagem o ministro mulher família e direito humano damares alves defender o revogação lei maria penha o texto damares corrigir o companheiro direito bíblico homem e servir manter o varoa corretar publicação semelhante facebook compartilhamentos o texto fake haver registro público o ministro criticar o lei maria penha verdade entrevisto tv nbr março ano o ministro afirmar o lei maravilhoso e referência mundial combater violência o mulher lei maravilhoso o lei maria penha lei perfeito proteção mulher mundo nação buscar o legislação,política, 17/05/2019, Por O Globo ,https://g1.globo.com/fato-ou-fake/noticia/2019/05/17/e-fake-que-damares-alves-defendeu-revogacao-da-lei-maria-da-penha.ghtml,0
3420,"Resposta à coluna sobre PT e eleições: ""É prudente deixar que a urna fale""  ",,receber e reproduzir abaixar o texto jornalista edmundo machadar oliveira e josé américo dia deputar estadual e coordenador campanha pt paulo respostar coluna o ano pt chegar s eleição envelhecer voto e rumar publicar sexta-feira dia dono verdade e respeitar opinião divergente abrir espaçar diferente visão cenário político e eleitoral levar o o leitor afinal apesar viver democracia,política,01/11/2020 12h18 ,01/11/2020 12h18 ,https://noticias.uol.com.br/colunas/balaio-do-kotscho/2020/11/01/outro-lado-sobre-pt-e-eleicoes-e-prudente-deixar-que-a-urna-fale.htm,1
3421,"

Bolsonaro pode cancelar o carnaval no Brasil por causa do coronavírus #boato 
","Boato – Por causa da ameaça do novo coronavírus, o presidente Jair Bolsonaro pode cancelar a festa de carnaval no Brasil. País já teve o primeiro caso confirmado em MG.",urgente presidente bolsonaro decretar o cancelamento carnaval o brasil causar coronavírus atenção comprar abadar guardar /dinheiro coronavírus e carnaval misturar mortal contaminar espalhar o vírus pra 2.6 pessoa médio profissional diverso e demonstrar preocupação respeitar o o estrangeiro deslocar o brasil semana graça o o carnaval o perigar chegar o o brasil casar infecção minar gerar trata-se estudante ano viajar wuhan chino chegar território brasileiro dia janeiro link o site,política,29/01/2020,"
Edgard Matsuki ",https://www.boatos.org/politica/bolsonaro-pode-cancelar-carnaval-brasil-coronavirus.html,0
3422,Assembleia de SP aprova R$ 320 milhões para combate ao coronavírus  ,,o assembleia legislativo paulo alesp aprovar noite d quinta-feira o projeto resolução destinar r$ milhão economia casar o o combater coronavírus recurso proveniente corte salário deputar assessorar e funcionário alesp renegociação contrato e fundo assembleia o presidente alesp cauê macris psdb o representar orçamentar legislativo macris responsabilidade o população paulo e demo contribuição o combater o o covid-19,saúde,01/05/2020 09h27 ,Pedro Caramuru,https://noticias.uol.com.br/ultimas-noticias/agencia-estado/2020/05/01/assembleia-de-sao-paulo-aprova-r-320-milhoes-para-combate-ao-coronavirus.htm,1
3423,MPRJ instaura procedimento para pedido de intervenção em Duque de Caxias  ,,o procurador-geral justiçar ministério público rir janeiro luciano mattos determinar o instauração procedimento administrativo analisar e instruir pedir intervenção parcial município duque caxias o medir motivar descumprimento decisão judiciar relativo vacinação o covid-19 cidade o ministério público auto revelar o princípio o município descumprir total parcialmente pronunciamento jurisdicional o procedimento determinar o intimação prefeito duque caxias washington rei mdb horar comprovar cumprir decisão judiciar obrigar o cidade o adotar o pni planar nacional imunização,saúde,29/04/2021 15h27 ,Colaboração para o UOL,https://noticias.uol.com.br/saude/ultimas-noticias/redacao/2021/04/29/mprj-intervencao-duque-de-caxias.htm,1
3424,"Márcio França não está (ainda) no inferno, mas abraça nas redes o diabo   ",,pesquisar intenção o ibope o candidatar psb prefeitura paulo márcio frança exatamente infernar acabar abraçar o diabo ok o trocadilhar infamar autorizar o ex-governador o solução eleitor ficar mandar vereador irar pro infernar representante o toninho diabo popularmente o artista jundiaiense antônio aparecer firmino o nome artístico chegar o santo ganhar fama nacional o ajudar humorístico cqc — maldoso trampolim arremessar versão tinhoso vídeo márcio frança mudar o prefeitura paulo vereador classificar o aliar concorrer solidariedade e o besta inscrição ator e artista o ganha-pão d jeito,política,19/10/2020 18h13 ,Matheus Pichonelli,https://noticias.uol.com.br/eleicoes/2020/10/19/marcio-franca-nao-esta-ainda-no-inferno-mas-abraca-nas-redes-o-diabo.htm,1
3425,Senado elege nesta terça dois vice-presidentes e mais oito para cúpula  ,,o senado eleger n terça-feira o 14h nome acompanhar o presidente casar rodrigar pacheco mesa senado vice-presidentes secretário e suplente o composição respeitar o proporcionalidade bancada partidário o eleição conduzir pacheco e voto secreto escolher presidente o 1º vice-presidente o substituto imediato presidente ausência seguir 2º vice-presidente o 1º secretário o principal responsável condução administrativo senado o 2º secretário atribuição específico o atar sessão secreto o 3º e o 4º secretário auxiliar condução sessão suplente substituir secretário,política,01/02/2021 20h22 ,01/02/2021 20h22 ,https://noticias.uol.com.br/politica/ultimas-noticias/2021/02/01/senado-elege-nesta-terca-10-integrantes-para-mesa-do-senado.htm,1
3426,Entenda como GP Brasil de Fórmula 1 levou Lava Jato a investigar Serra  ,,o anexar delação premiar joesley batista lavar jato suscitar o investigação chegar o o senador ex-governador e ex-prefeito josé serrar psdb e envolver o principal evento calendário esportivo capital paulista o gp brasil fórmula o corrido utilizar lavar dinheiro destinar o o caixa campanha político tucano delação constar joesley concordar doação r$ milhão campanha presidencial serrar r$ milhão pago noto frio o empresar lrc evento e promoção o falso vender camarote autódromo lnterlagos paulo joesley lavar jato acordar o o empresário explicar o movimentação comprar camarote fórmula e realmente camarote e corrido fórmula custar milhão né ano e o lrc operador responsável vender ingresso o gp brasil evento privar organizar empresar international publicity interpub evento empresário tamas rohonyi e ingresso o corrido vendido site lcrformula1,política,25/07/2020 04h00 ,25/07/2020 04h00 ,https://www.uol.com.br/esporte/colunas/olhar-olimpico/2020/07/25/entenda-como-gp-brasil-de-formula-1-levou-lava-jato-a-investigar-serra.htm,1
3427,"

Lacta dá ovos de Páscoa grátis em giro de roleta no WhatsApp #boato 
","Boato – A Lacta está dando ovos de Páscoa grátis para as pessoas que entrarem em um site, girarem uma roleta e compartilharem um link de um site para um certo número de amigos no WhatsApp.",páscoa premiar lacta！te o chance girar o rodar e ganhar ovo páscoa grátis presentar permitir ip ganhar girar extra grátis ok parabéns!seu prêmio ovar páscoa laka e diamante negro seguir instrução página reivindicar prêmio okparabéns prêmio ovar páscoa laka e diamante negro seguir instrução abaixar reivindicar prêmio contar amigo whatsapp evento compartilhar e amigo whatsapp clicar ícone abaixar 2.clique ‘ prosseguir ’ e reivindicar ovar páscoa lactar whatsapp compartilhar o barrir azul cheio prosseguir,entretenimento,24/03/2021,"
Edgard Matsuki ",https://www.boatos.org/tecnologia/lacta-ovos-de-pascoa-gratis-giro-de-roleta-whatsapp.html,0
3428,Governadores pedem a Bolsonaro imediata adoção de providências por vacinas  ,,governador enviar cartar o o presidente jair bolsonaro cobrar o imediato adoção providência necessário viabilizar o comprar vacinar o covid-19 governador envidar esforço enfrentar o aumentar caso e morte relacionar o o coronavírus e limitar forçar e possibilidade cobrar governar agir celeridade afirmar haver espaçar procrastinar ações e procedimento e alertar o futurar julgar benevolência pressa o futurar julgar benevolência pedir o o governar federal especialmente ministério saudar e exterior esforçar obter curtir prazo consideravelmente superior dose casar sugerir o requerimento e intermediação organização mundial saudar o cartar imunizante hoje o brasil e brasileiro alternativo medicamentar representar o esperançar população e n sentir nenhum governante correr o riscar esgotar possibilidade procrastinar ações e procedimento minutar horar e dia precioso e decisivo e constituir o triste diferençar viver morrer,política,04/03/2021 19h44 ,Anne Warth,https://noticias.uol.com.br/ultimas-noticias/agencia-estado/2021/03/04/governadores-pedem-a-bolsonaro-imediata-adocao-de-providencias-por-vacinas.htm,1
3429,É #FAKE que historiador revelou cartas de amor gay do ditador chileno Pinochet,"Texto em espanhol, que circula entre perfis brasileiros e foi compartilhado por Manuela D'Ávila, é sátira política",o link texto trecho suposto cartar amor trocar o ditador chileno augusto pinochet e o senador jaime guzmán circular rede social brasil impulsionar publicação deputar estadual e ex-candidata o vice-presidente manuela d'ávila pcdob o mensagem espanhol afirmar correspondência revelar historiador o conteúdo fake o texto publicar haver dia site el caminante originalmente postar dezembro sessão humor site gamba trata-se sátira político o historiador lalar landa existir o gambo publicar dia sessão humor entrevisto o personagem fictício atribuir revisto caro chile o o buscar reverso imagem ilustrar o entrevisto o fato fake descobrir o site foto ator e diretor filme pornôs americano ron jeremy lalar landa o texto o historiador assegurar figurar extrema-direita chileno homossexual,mundo, 14/01/2019, Por O Globo ,https://g1.globo.com/fato-ou-fake/noticia/2019/01/14/e-fake-que-historiador-revelou-cartas-de-amor-gay-do-ditador-chileno-pinochet.ghtml,0
3430,Lira e Maia batem boca em reunião para definir cargos da mesa diretora  ,,o clima tensão reunião ocorrer n definir bloco e cargo mesa diretora o deputar arthur lira pp-al candidatar presidente jair bolsonaro e o presidente câmara rodrigar maio dem-rj bater bocar causar confusão envolver o formalização bloco apoiar o candidatar maio balear rossi mdb-sp ... ler íntegro folhar,política,01/02/2021 15h41 ,01/02/2021 15h41 ,https://noticias.uol.com.br/colunas/reinaldo-azevedo/2021/02/01/lira-e-maia-batem-boca-em-reuniao-para-definir-cargos-da-mesa-diretora.htm,1
3431,o menino arthur neto dono marisa e lula,,o afirmação surgir o redar social o comedir março horar o divulgação morte pequeno arthur araújo lula silvar o o ano didade vítima meningite acordar o compartilhar o menino seriar filhar filhar casamentar dono marisa e arthur seriar neto sangue ex-presidente,entretenimento,4/03/20194,gilmar lopes,https://www.e-farsas.com/o-menino-arthur-era-neto-so-de-dona-marisa-e-nao-do-lula.html,0
3432,"Bolsonaro mente mais uma vez. Agora, sobre o Fundeb  ",,constrangedor afirmar o presidente repúblico eleito milhão brasileiro lançar mão mentir ferramenta governar haver fugir d constatação comportamento jair bolsonaro seguidamente inventar fato e arremessar imprensar rede social o naturalidade o lista lorotas extenso o denúncia feito visitar o unir haver fraudar eleição vencido aliás recente acusação o esquerdo defender o pedofilia falar campanha eleitoral invencionice kit gay o cascata bolsonaro vangloriar-se rede social aprovação fundeb postagem ilustrar foto o presidente aparecer o o alunar escola militar o o fundir aprovar o texto o governar educação e explicar transformar o fundeb permanente aumentar recurso e o colocar constituição pessoa plural justificar,política,22/07/2020 12h08 ,22/07/2020 12h08 ,https://noticias.uol.com.br/colunas/chico-alves/2020/07/22/bolsonaro-mente-mais-uma-vez-agora-sobre-o-fundeb.htm,1
3433,"
  Checamos afirmações sobre máscaras, distanciamento, lockdown e vacina contra covid-19","Um meme que soma mais de 19 mil interações nas redes sociais ao menos desde setembro de 2020 questiona a adoção de algumas das medidas mais importantes de contenção da pandemia de covid-19 - uso de máscaras, distanciamento social e isolamento - e, por fim, pergunta o motivo pelo qual as vacinas serão aplicadas, se as providências anteriores funcionam. Mas isso não procede, pois tratam-se de ações complementares e, segundo os especialistas consultados pela AFP, a contenção da pandemia depende de um imunizante.Envie-nos por WhatsApp Email","“ máscara funcionar metro metro funcionar máscara funcionar o lockdown funcionar o vacinar o vacinar seguro cláusula ‘ responsabilidade ’ indústria farmacêutico ” questionar publicação compartilhar milhar facebook e continuar circular ano o meme perguntar encontrar instagram e twitter usuário indicar “ continuar o farsa ” “ o vírus existir ” detectar wuhan chino o coronavírus infectar milhão pessoa e provocar 1,8 milhão morte mundo",brasil,6/01/2021 às 21:58,AFP Brasil,https://checamos.afp.com//checamos-afirmacoes-sobre-mascaras-distanciamento-lockdown-e-vacina-contra-covid-19,0
3434,"Após avisar que 'influiria' em eleição, Bolsonaro diz: 'fiquei na torcida'  ",,campanha público arthur lira pp-al eleito 1º chefe câmara o presidente jair bolsonaro hoje parlamentar escolher candidato — definir o composição mesa diretora senado — e relatar ficar torcido triunfar aliar favorito palácio planalto vencer disputar travar parlamentar lira derrotar o pupilar rodrigar maio dem-rj o sucessor e senado confirmar o favoritismo rodrigar pacheco dem-mg político davi alcolumbre dem-ap ex-comandante casar bolsonaro acusar opositor interferir eleição congresso o o promover publicamente candidatura aliar o dia fundamental visão planalto resultar inverso o interesse governante criar problema o votação temer interessar executivo e o inclusão pautar assunto ligar o o viés ideológico bolsonarista o flexibilização posse e portar armar,política,02/02/2021 10h23Atualizada em 02/02/2021 11h46 ,Hanrrikson de Andrade,https://noticias.uol.com.br/politica/ultimas-noticias/2021/02/02/apos-dizer-que-influiria-em-eleicao-bolsonaro-diz-que-ficou-na-torcida.htm,1
3435,"

Homem que espancou filhas em vídeo é encontrado morto com 30 facadas #boato 
",Boato – O homem que gravou um vídeo na internet batendo nas duas filhas foi encontrado morto com 30 facadas em um porta-malas de um carro.,homem espancar filho pra vingar esposo encontrar morto facada informação extra-oficiais o homem aparecer vídeo espancar filho covardemente vingar ex esposo encontrar morto portar malo carro.de acordar o polícia o homem executar facada o corpo haver apresentar delegacia o repercussão vídeo rede social liberar horar flagrante haver passar,brasil,29/11/2019,"
Edgard Matsuki ",https://www.boatos.org/brasil/homem-espancou-filhas-video-encontrado-morto.html,0
3436,'Ninguém morre por ser cristão no Brasil': especialistas debatem 'cristofobia' citada por Bolsonaro na ONU,"Em discurso na ONU, Jair Bolsonaro fez um aceno a sua base evangélica, dizendo que o Brasil é cristão e conservador. Além disso, o presidente falou em um combate à cristofobia. A BBC News Brasil ouviu pastores, ativistas cristãos e um advogado para entender se cristãos sofrem perseguição no país.",discursar assembleia organização nação unir onu terça-feira o presidente jair bolsonaro afirmar o brasil país cristão conservador e família o base o constituição estabelecer o país laico e secular apelar comunidade internacional liberdade religioso e combater cristofobia o falir bolsonaro acenar o base eleitoral evangélico segmentar religioso representar população hoje principal forçar político país e bancada representar cercar câmara deputar esfera evangélico o cristofobia referir o perseguição sofrido adepto cristianismo diverso país principalmente locar minoria haver inúmero relato prisão violência e assassinato cristão ásia país orientar médio e áfrico brasil o chamar cristofobia referir o episódio preconceito e discriminação evangélico existir país estruturar perseguição violento setor religioso,política, 22/09/2020 21h04 ," Por Leandro Machado, BBC ",https://g1.globo.com/politica/noticia/2020/09/22/ninguem-morre-por-ser-cristao-no-brasil-especialistas-debatem-cristofobia-citada-por-bolsonaro-na-onu.ghtml,1
3437,"

TCU afirma que 50% dos óbitos registrados por Covid-19 não foram por Covid-19 #boato 
",TCU afirma que 50% dos óbitos registrados por Covid-19 não foram por Covid-19 #boato,segundar relatório tcu óbito registrar covid covid-19 assistir e entender bomba bolsonaro tcu pôr dúvida morte covid-19 fraudemia • óbito fake relatório tcu,saúde,07/06/2021,"
Edgard Matsuki ",https://www.boatos.org/saude/tcu-50-dos-obitos-registrados-por-covid-19-nao-foram-por-covid-19.html,0
3438,"

Vídeo mostra furacão Dorian parado próximo a ilha nas Bahamas #boato 
",Boato – Vídeo mostra furacão Dorian parado próximo a uma ilha nas Bahamas. Imagens mostram que potencial é destrutivo.,furacão dorian parar bahamas o estragar … olhar o altura mar!!!vamos orar deus proteger pessoa furacão dorian unir o vídeo e seguir o canal,mundo,04/09/2019,"
Edgard Matsuki ",https://www.boatos.org/mundo/video-furacao-dorian-ilha-bahamas.html,0
3439,Líder da oposição pede prisão de primeiro-ministro da Itália  ,,o líder oposição itália senador matteo salvini subir o tom o governar e defender hoje o prisão primeiro-ministro giuseppe contar aliar junho e agostar entrevisto coletiva forte marmi toscano o ex-ministro interior citar documentar revelar semana passar e mostrar o cts comitê técnico-científico governar recomendar o instauração lockdown cidade província bergamo início março atar cts confirmar contar presar criar zonar vermelho dever e fechar o itália dever crime afirmar salvini o transcrição reunião cts mostrar o órgão recomendar março o adoção oportuno medir restritivo adotadas município zonar vermelho n cidade alzano lombardo e nembro,saúde,13/08/2020 09h13 ,13/08/2020 09h13 ,https://noticias.uol.com.br/ultimas-noticias/ansa/2020/08/13/salvini-pede-prisao-de-primeiro-ministro-da-italia.htm,1
3440,"Amazonas recebe mais 96,2 mil doses da vacina Butantan/ Sinovac, neste domingo",,"manaus — o amazona receber n domingo 07/02 96,2 dose vacinar instituto butantan total dose destinar o o amazona 45.830 planar operacionalização vacinação o covid-19 proporcional o 39.720 fundir estratégico criar total vacinar atender caso prioritário grave pandemia — e o amazona o beneficiar n o ministério saudar começar o distribuição n sábado 06/02 2.905.600 dose vacinar o covid-19 o previsão o distribuição concluir segunda-feira 08/02 o logístico distribuição vacinar realizar avião o remessar vacinar o ministério saudar destinar o o amazona d simultâneo e cotar extra fundir nacional imunização o receber 554,7 dose 96,2 chegar n domingo o amazona haver receber 132,5 dose vacinar astrazeneca e dose coronavac etapa",saúde,06/02/2021 19h58,"Jacira Oliveira, especial para a Agência Saúde",https://www.gov.br/saude/pt-br/assuntos/noticias/amazonas-recebe-mais-96-2-mil-doses-da-vacina-butantan-sinovac-neste-domingo,1
3441,Governo zera tarifas de 34 medicamentos usados no combate à covid-19  ,,o câmara comércio exterior camex zerou o impor importação medicamento combater covid-19 o resolução publicar hoje diário oficial união medicamento beneficiar medir ivermectina fondaparinux varfarina nitazoxanida edoxabana e rivaroxabana o órgão zerou o tarifar máquina produção e embalagem máscara descartável proteção respiratório máquina dever fabricar máscara triplo orelhar elástico estruturar compacto minutar o resolução zerou o impor importação bolsar coleta sangue solução anticoagulante o início pandemia coronavírus o camex órgão compor representante ministério presidir ministério economia reduzir o o tarifar produto relacionar o o enfrentamento doença o benefício valer setembro resolução publicar hoje o camex zerou o tarifar importação medicamentar zolgensma combater atrofiar muscular espinhal amar criança ano cotar o r$ milhão e fabricação brasil o drogar considerar o medicamentar caro mundo acordar o ministério economia,saúde,13/07/2020 17h52 ,13/07/2020 17h52 ,https://economia.uol.com.br/noticias/redacao/2020/07/13/governo-zera-tarifas-de-34-medicamentos-usados-no-combate-a-covid-19.htm,1
3442,"

Pokémon Go foi criado para CIA espionar as pessoas #boato 
","Boato – O Pokémon Go, jogo que é febre no mundo todo, foi criado para que a CIA realize espionagens no ambiente interno das casas das pessoas.",galera pesquisar rápido chegar o o seguinte,entretenimento,,"
Edgard Matsuki ",https://www.boatos.org/tecnologia/pokemon-go-cia-espionar.html,0
3443,"

Sérgio Moro mandou retirar tomadas das cadeias brasileiras #boato 
","Boato – Ministro da Justiça e Segurança Pública, Sérgio Moro, mandou retirar todas as tomadas das cadeias para acabar com o uso de celulares.",sérgio morar mito o bolsonaro o brasil gastar milhão real comprar bloqueador celular presídio e adiantar o ministrar sergio morar resolver o problema dia mandar tirar tomar cadeia petistas sumir rede social deixar entender gastar milhão pra bloquear sinal presídio sérgio morar resolver tirar tomadas?o governar passar gastar milhão bloquear celular presídio e adiantar chegar o morar e tirar tomar kkkkkk,política,,"
Hellen Bizerra ",https://www.boatos.org/politica/moro-mandou-retirar-tomadas-cadeias.html,0
3444,Epidemiologista diz que politização da vacina confunde a população  ,,"""Infelizmente nós vemos uma politização muito grande em relação às vacinas"", disse a epidemiologista e ex-coordenadora do PNI (Plano Nacional de Imunização) Carla Domingues. Para ela, a ação de governos em relação a vacinação contra a covid-19 fez com que a população ficasse confusa em relação à segurança dos imunizantes. Carla Domingues foi entrevistada hoje no programa Roda Viva, da TV Cultura. A especialista afirmou também que ""a melhor vacina é a que chegar no braço do cidadão"". ""As vacinas que estão sendo utilizadas no Brasil são muito seguras passaram por um processo de qualidade e têm eficácia semelhantes"", completou. ""Temos que garantir que a população busque a vacina e não fique escolhendo entre uma ou outra, que acredite que as vacinas têm qualidade, segurança, eficácia"", explicou Carla. ""Isso vai fazer com que a gente tenha uma diminuição na quantidade da doença"", reforçou.",saúde,15/03/2021 23h08 ,15/03/2021 23h08 ,https://noticias.uol.com.br/saude/ultimas-noticias/redacao/2021/03/15/especialista-diz-que-politizacao-da-vacina-confunde-a-populacao.htm,1
3445,É #FAKE que imagem mostre madeira extraída ilegalmente por líder de ONG na Amazônia e apreendida pelo Exército,"Foto de caminhões cheios de toras é antiga. Além disso, ela não mostra material apreendido por extração irregular, e sim uma doação para uma igreja.",circular foto veem caminhão enfileirar carregar torar árvore o legendar afirmar tratar madeirar apreendido extrair ilegalmente amazônia líder organização governamental ong atua região trata-se foto publicar comedir rede social e tirar matar grosso ano anterior verificar buscar foto doação madeirar igreja cidade cláudia interior e material apreender extração irregular o mensagem falso compartilhar apoiadores presidente jair bolsonaro “ o dono madeirar apreendido escoltar caminhão exército pertencer o o fundador principal ong preservação amazônia cabeça mst parar esquerdista radical detentor título recebido europa cidadão defensor e protetor bioma região o brasil o conhecer ”,brasil, 25/11/2020," Por Roberta Pennafort, CBN ",https://g1.globo.com/fato-ou-fake/noticia/2020/11/25/e-fake-que-imagem-mostre-madeira-extraida-ilegalmente-por-lider-de-ong-na-amazonia-e-apreendida-pelo-exercito.ghtml,0
3446,"

Versão gay da Santa Ceia está no camarim de Fábio Porchat na Globo #boato 
",Versão gay da Santa Ceia está no camarim de Fábio Porchat na Globo #boato,grupar lgbt criar versão gay santo cear obrar o camarim fábio porchat o globo lixar entender dever votar o bolsonaro safadeza acabar grupar lgbt criar versão gay santo cear barbaridade esposta o camarim fábio porchat o globolixo,entretenimento,27/08/2021,"
Edgard Matsuki ",https://www.boatos.org/entretenimento/versao-gay-santa-ceia-camarim-fabio-porchat-globo.html,0
3447,"'Sei nem o que é beijar na boca', diz Paes Leme em quarentena  ",,fernanda paes leme decidir ficar live marília mendonça diferente milhão internautas acompanhar o o o live sertanejo isolar contar pandemia coronavírus e recém-recuperada covid-19 o atriz brincar twitter preferir alvo sofrência canção romântico cantor gente ficar quase dia casar ficar doente recuperar o beijar bocar isolar e perguntar to live marília mendonça escrever redar social gente ficar quase dia casar ficar doente recuperar o beijar bocar isolar e vcs perguntar pq to live marília mendonça,saúde,09/04/2020 13h42 ,09/04/2020 13h42 ,https://tvefamosos.uol.com.br/noticias/redacao/2020/04/09/fernanda-paes-leme-beijar-na-boca-quarentena.htm,1
3448,"

Illuminatis infectaram máscaras da China com coronavírus para reduzir população mundial #boato 
",Boato – Máscaras da China foram contaminadas com novo coronavírus por Illuminatis para reduzir a população mundial e não devem ser usadas por ninguém.,“ valdecir querer valdecir ouvir áudio caro falir o mulher falir real pego máscara governar infelizmente d agendar global presidente ordem illuminatis diminuir o população morrer velho fraco e o caro falir real comedir o brasil o pedir d material e o unir o gente morrer unir tá infectar tá morrer e brasil alastrar legal morrer montar massa epis país epi e tacar caro colocar o vírus caro pessoa o objetivo d diminuir o população o anticristo assumir ouvir falar anticristo inico homem governar e tá preparar o vidar d homem e tá ocorrer agendar d cumprir global o mundo inteirar e o objetivo d montar o sociedade alternativo entender pego d máscara verdadeiramente chino mundo direto chino o vírus surgir o chino escolhido lançar vírus e o equipamento fornecer contaminar achar o brasil fábrica fabricar máscara o unir cê achar unir fábrica o suficiente fabricar máscara precisar direto chino entender olhar o situação lógico entender e o brasil o clima quentar vírus espalhar espalhar s o pessoa conversar voar o salivar e olhar bocar braço mão passar o mão bocar pego pessoa realidade o alastrar horar trazer epi lançar o doença lançar equipamento equipamento remédio e ganhar e matar gente entender matar gente o população perceber tá descarar o gente d agendar illuminatis illuminatis organização acima maçonaria o maçonaria braço d dominar escolher o copar mundo ganhar escolher o presidente e escolher envolvido e o presidente matar o presidente situação abrir o bicar abrir o bicar morrer pego d máscara nenhum o comprar alguém tá artesanal entender sair o ordem mundo o pessoa tá ruir máscara o caro oferecer ô máscara colocar colocar multar o máscara governar máscara tá vírus entender pego máscara avisar esposo passar contatos entender cair d máscara fornecido o comprar particular alguém marcar e passar frente notícia real máscara contaminar crer notícia alastrar brasil inteirar mandar pra pessoa pessoa mandar mandar montar o mandar entender crer tá quase brasil inteirar notícia abandonar pego máscara governar direto chino o chino levar o culpar país assumir o receber culpar receber o culpar jogar o culpar n entender vírus escolhido lançar vírus preparação anticristo objetivo d começar o matar diminuir o população ”,saúde,22/04/2020,"
Kyene Becker ",https://www.boatos.org/saude/illuminatis-infectaram-mascaras-china-coronavirus-reduzir-populacao.html,0
3449,Sintomas da Covid-19: veja o que estudos recentes descobriram sobre efeitos do novo coronavírus no corpo ,"Problemas gastrointestinais, dor no peito e delírios podem ocorrer durante a infecção pelo Sars CoV-2 e são citados por alguns pacientes, mas não estão entre os sintomas comuns, como tosse, febre e falta de ar.",caso coronavírus sars cov-2 humano paciente apresentar sintoma raro e descrito estudo científico semana pesquisar citar problema gastrointestinais dor peitar dever inflamação pleura delírio dia agressividade covid-19 perda persistente olfato e paladar e sintoma neurológico criança abordar achar pesquisar valer ressaltar principal sintoma acordar o organização mundial saudar oms sintoma comum sintoma recorrente,ciência, 07/08/2020 05h01 , Por G1 ,https://g1.globo.com/bemestar/coronavirus/noticia/2020/08/07/sintomas-da-covid-19-veja-o-que-estudos-recentes-descobriram-sobre-efeitos-do-novo-coronavirus-no-corpo.ghtml,1
3450,"Médicos protestam por falta de equipamentos e são presos, no Paquistão  ",,policiar armar rifle cassetete médico e servidor saudar protestar quetta paquistão pedir equipamento segurança trabalhar durante o pandemia coronavírus acordar o agência reuters dezena médico preso o categoria afirmar o governar cumprir o promessa entregar suprimento necessário protegê-los infecção jornalista reuters virar centena médico e paramédico máscara e uniforme entoar demandar arrastar policiar oficial polícia manifestante preso desafiar o proibição reunião público imposto durante o bloquear combater o propagação vírus médico ameaçar parar trabalhar o manifestante detido libertar,saúde,06/04/2020 15h49 ,06/04/2020 15h49 ,https://noticias.uol.com.br/internacional/ultimas-noticias/2020/04/06/medicos-protestam-por-falta-de-equipamentos-e-sao-presos-no-paquistao.htm,1
3451,Veja o que é #FATO ou #FAKE nas declarações dos candidatos à Prefeitura de SP na 1ª semana de campanha,"Frases foram ditas em redes sociais, eventos de campanha e no primeiro debate na TV.","candidato prefeitura paulo continuidade campanha eleitoral cidade n semana o registrar oficial candidatura participar agendar evento postar rede social e intensificar discurso horário eleitoral o equipar fato fake checar principal declaração durante o semana candidato aparecer numericamente frente pesquisar o ordem seguir o pesquisar ler brunir cova psdb “o gestão pt o reprovar o história cidade paulo""",política, 03/10/2020," Por G1, O Globo, TV Globo e GloboNews ",https://g1.globo.com/fato-ou-fake/noticia/2020/10/03/veja-o-que-e-fato-ou-fake-nas-declaracoes-dos-candidatos-a-prefeitura-de-sp-na-1a-semana-de-campanha.ghtml,0
3452,Veja o que é #FATO ou #FAKE nas declarações dos candidatos à Prefeitura de SP na 1ª semana de campanha,"Frases foram ditas em redes sociais, eventos de campanha e no primeiro debate na TV.",candidato prefeitura paulo continuidade campanha eleitoral cidade n semana o registrar oficial candidatura participar agendar evento postar rede social e intensificar discurso horário eleitoral o equipar fato fake checar principal declaração durante o semana candidato aparecer numericamente frente pesquisar o ordem seguir o pesquisar ler guilherme boulos psol “paulo o capital mundial desempregar milhão pessoa”,política, 03/10/2020," Por G1, O Globo, TV Globo e GloboNews ",https://g1.globo.com/fato-ou-fake/noticia/2020/10/03/veja-o-que-e-fato-ou-fake-nas-declaracoes-dos-candidatos-a-prefeitura-de-sp-na-1a-semana-de-campanha.ghtml,0
3453,Coronavírus: EUA têm 109.192 mortes e 1.891.690 casos confirmados  ,,"O número total de casos confirmados do novo coronavírus nos Estados Unidos subiu para 1.891.690, de acordo com a atualização de hoje do CDC (Centro para o Controle e Prevenção de Doenças americano). Já o número de mortes causadas pela covid-19 atingiu 109.192. Em relação a ontem, foram 29.034 novos casos confirmados da covid-19 no país, um crescimento de 1,5%. O ritmo é maior do que o registrado no dia anterior: de anteontem para ontem o aumento foi de 1,1% (de 1.842.101 para 1.862.656 casos). Já o ritmo de mortes subiu em relação ao dia anterior, com aumento de cerca de 1% (108.064 para 109.192). De anteontem para ontem, o crescimento foi de 0,9% (107.029 para 108.064). A Cidade de Nova York é o que registra o maior número de casos oficiais da covid-19 nos Estados Unidos, com um total de 202.829, seguido por Estado de Nova York (170.268 casos) e Nova Jersey (163.336 casos).",saúde,06/06/2020 16h03 ,06/06/2020 16h03 ,https://noticias.uol.com.br/ultimas-noticias/2020/06/06/coronavirus-sobe-para-109192-numero-de-mortos-nos-eua-1891690-casos-confirmados.htm,1
3454,chinês comprar fazenda o cear e mulher parir filho e legalizar o permanência o brasil,,conferir algum publicação começar o surgir o facebook,mundo,7/09/20207,marco faustino,https://www.e-farsas.com/chineses-estao-comprando-fazendas-no-ceara-e-mulheres-para-ter-filhos-e-legalizar-a-permanencia-no-brasil.html,0
3455,"

Paula Rousseff, filha de Dilma, será condenada na Justiça Federal #boato 
","Boato – Filha da ex-presidente Dilma Rousseff, Paula Rousseff vai ser condenada na Justiça Federal por usar carros oficiais blindados (com motoristas e seguranças) para realizar atividades diárias.",“ … dilma rousseff conseguir explicar vantagem pago dinheiro público família semana passar dilma rousseff noto imprensar procurar explicar regalia ilegal dinheiro público privilegiar filho genro e neto mostrar reportagem publicar istoé privilégio concedido família petista alvo investigação pedir dem o solicitar o o ministério público e o o gabinete segurança institucional gsi apurar liberar suaa últim edição istoé revelar paula rousseff filho ex-presidente e rafael covolo maridar disposição frota carro oficiar representação blindar e autorizar o circular placar frio e staff formar profissional motorista e segurança … ”,política,,"
Kyene Becker ",https://www.boatos.org/politica/paula-rousseff-filha-dilma-condenada.html,0
3456,É #FAKE que decreto presidencial obriga homens a servir ao Exército durante o carnaval,Documento falso diz que medida se deveria à 'iminência de conflito armado com a Venezuela'.,circular rede social o imagem supor decretar presidencial obrigar homem brasileiro e ano o servir o o exército durante o carnaval o razão o medir urgência o iminência conflito armar o repúblico bolivariana venezuela acordar o documentar falsar o decretar 9.715 publicar obrigar recrutar o apresentar s 18h dia 1º março treinamento militar caráter sigiloso o decretar ficar incomunicável durante o processar e liberar dia exatamente carnaval rápido pesquisar revelar realmente existir decretar 9.715 palácio planalto elaborar n ano o assunto documentar totalmente diferente d o link aparecer decretar mensagem falso levar outro 9.689/2019 dispor função comissionar técnico gratificação temporário unidade estruturadores administração público federal e gratificação temporário atividade escola governar transformar cargo comissão e alterar decreto estruturar regimental,brasil, 26/02/2019," Por Hellen Guimarães, O Globo ",https://g1.globo.com/fato-ou-fake/noticia/2019/02/26/e-fake-que-decreto-presidencial-obriga-homens-a-servir-ao-exercito-durante-o-carnaval.ghtml,0
3457,Coronavírus: especialista recomenda evitar 'abraços e beijos'  ,,john oxford universidade queen mary londres o coronavírus vírus social alertar coincidir proximidade dia valentim dia namorar e ocorrer confirmação nono casar doença reinar unir principal virologistas britânico recomendar pessoa parir abraçar e beijar evitar o contágio coronavírus o alertar coincidir proximidade dia valentim dia namorar reinar unir comemorar n sexta-feira 14/02 e ocorrer confirmação nono casar doença país john oxford universidade queen mary londres o coronavírus vírus social,saúde,13/02/2020 15h37 ,13/02/2020 15h37 ,https://noticias.uol.com.br/saude/ultimas-noticias/bbc/2020/02/13/coronavirus-especialista-recomenda-evitar-abracos-e-beijos.htm,1
3458,Azul diz que elevará número de voos e destinos em junho  ,,o azul comunicar hoje elevar o voo junho decolagens diário dia picar comparar médio decolagens dia maio e voo diário abril o companhia afirmar voar destino doméstico junho antar cidade maio e abril apesar capacidade junho junho ano passar retomar gradual demandar o início pandemia afirmar o vice-presidente receitar azul abhi shah comunicar monitorar o mercar e expandir malhar medir restrição s viagem brasil diminuir e o demandar voltar especialmente paulo restrição reduzir o semana junho acrescentar,saúde,20/05/2020 09h25 ,Por Paula Arend Laier,https://economia.uol.com.br/noticias/reuters/2020/05/20/azul-elevara-numero-de-voos-e-destinos-em-junho.htm,1
3459,Erro de dosagem abre caminho para aprovação de vacina contra Covid-19 de AstraZeneca e Oxford  ,,ludwig burger e kate kelland frankfurt londres reuters golpe sortir errar dosagem abrir o astrazeneca e o universidade oxford solicitar aprovação regulatória vacinar covid-19 o astrazeneca n segunda-feira o vacinar cercar eficácia administrar dosar seguir dosar completar citar teste estágio reinar unir e brasil,saúde,23/11/2020 14h19 ,23/11/2020 14h19 ,https://noticias.uol.com.br/ultimas-noticias/reuters/2020/11/23/erro-de-dosagem-se-transforma-em-golpe-de-sorte-para-astrazeneca-e-oxford.htm,1
3460,"

Idosa está perdida na sede da CER Centro, no Rio de Janeiro #boato 
","Boato – Imagem mostra idosa que foi encontrada na CER (Coordenação de Emergência Regional) da região Centro, no Rio de Janeiro. Ela está sem memória e perdida.",gente idoso encontrar público documentar falir interagir alguém espalhar pra chegar alguém conhecer encontrar cer centrar,brasil,16/10/2019,"
Edgard Matsuki ",https://www.boatos.org/brasil/idosa-perdida-cer-centro-rio-de-janeiro.html,0
3461,Contágios diários por coronavírus nos EUA atingem número recorde  ,,"As novas infecções por coronavírus nos Estados Unidos atingiram uma taxa diária recorde nesta quarta-feira (24), com mais de 35.900 infecções registradas em 24 horas, segundo uma contagem da Universidade Johns Hopkins. A maior economia do mundo é o país mais afetado pela covid-19, com 121.969 mortos, sendo 756 falecimentos nas últimas 24 horas, e mais de 2,38 milhões de casos, segundo a instituição, sediada em Baltimore, às 20h30 locais (21h30 de Brasília). A tendência ascendente nos contágios diários vem ocorrendo há vários dias. Quase metade dos 50 estados do país registrou um aumento no número de casos nas últimas duas semanas, e alguns deles, como Texas e Flórida, registraram um número diário recorde de infecções.",saúde,25/06/2020 00h23 ,25/06/2020 00h23 ,https://noticias.uol.com.br/ultimas-noticias/afp/2020/06/25/contagios-diarios-por-coronavirus-nos-eua-atingem-numero-recorde.htm,1
3462,É #FAKE mensagem que diz que a Ambev está distribuindo álcool gel grátis para a população,Mensagem falsa contém link suspeito que não deve ser clicado. Empresa diz que mensagem é falsa e que a produção é destinada apenas a hospitais.,circular rede social mensagem o título ambev retirar álcool gel orientar pessoa o clicar link colocar o cep e pesquisar o distribuição endereçar o ambev o mensagem totalmente falso mensagem circular rede social levar o o cadastrar retirar álcool gel posto recolhimento gostar alertar álcool gel produzir destinar hospital público clicar link suspeito dia o empresar anunciar transformar etanol álcool gel e produzir milhão unidade o produção doar governo paulo rir janeiro e brasília,entretenimento, 20/03/2020, Por G1 ,https://g1.globo.com/fato-ou-fake/noticia/2020/03/20/e-fake-mensagem-que-diz-que-a-ambev-esta-distribuindo-alcool-gel-gratis-para-a-populacao.ghtml,0
3463,"Liga dos Campeões deve recomeçar com jogo único nas quartas, diz jornal  ",,o ligar campeão alteração formato retomar competição acordar o presidente getafe ángel torre o tornear disputar jogar único o idear uefa jogar ligar campeão e ligar europa e único haver confirmar decidir dia torre informação jornal mundo deportivo o presidente getafe falar o retomar campeonato espanhol expressar discordância terminar o competição dia julho prejudicial o o desenvolvimento clube ligar europa começar semana junho e terminar julho haver hiato e avançar uefa jogar dia e agostar o intervalar causar dano o situação atípico e precisar adaptar considerar,saúde,29/05/2020 08h57 ,29/05/2020 08h57 ,https://www.uol.com.br/esporte/futebol/ultimas-noticias/2020/05/29/liga-dos-campeoes-deve-recomecar-com-jogo-unico-nas-quartas-diz-jornal.htm,1
3464,"

Empresários de Santos (SP) e Uberaba (MG) escrevem carta aberta contra o lockdown #boato 
",Boato – Empresários das cidades de Santos (SP) e Uberaba (MG) escreveram uma carta aberta criticando o lockdown e anunciando que não vão cumprir decretos de fechamento de comércio nas cidades.,cartar aberto empresário município santo o o sr governador joão dório prefeito municipal santo vereador comitê contingência o o coronavírus e o o santista informar o dia março aceitar e seguir decretar impedir pessoa município santo exercer direito constitucional livrar iniciativo art 1o iv cf e art cf decretar impedir o trabalhar comprometer outro direito constitucional o dignidade pessoa humano art 1o iii cf empresário colaborador funcionário público aposentar e inviabilizar o continuidade atividades demissão massa provento sofrer enorme redução virtude inflação preço produto pedir o sr prefeito vereador e comitê contingência esquecer o político e adotem o tratamento precoce transparência vacinação e verba investimento saudar aumentar leito insumo estocar medicamento epis dentre garantir atendimento médico o o fiscalização contínuo festa clandestino churrasco e aglomeração reiterar distanciamento social sinônimo proibição trabalhar e fechamento atividades visto comércio e serviço município possuir aglomeração dever o crise financeiro loja centrar shopping bairro raro possuir comprador simultâneo e possuir controlar acesso reiterar o o sr prefeito irar seguir decretar impedir o trabalhar o dia março e pedir editar decreto n sentir o abertura opção sr prefeito santista decreto e o fiscalização antar o situação irar praticar o legítimo defeso art código penal defender família amigo colaborador cidadão santista e patrimônio pedir diálogo honestidade senso e afastem-se espectro político permitir o trabalhar evitar enfrentamento desnecessário causar dano preciso trabalhar e agente administração público legislação fiscalização querer o paz saudar e acima livre atenciosamente empresário santo divulgar contatos rodar o brasil o comedir levantar o dignidade levar sustentar família e trabalhocarta aberto empresário município uberaba “ o o sr governador romeu zema e o prefeito municipal elisa araújo vereador comitê contingência o o coronavírus e o o uberabense “ informar o dia março aceitar e seguir decretar impedir pessoa município uberaba exercer direito constitucional livrar iniciativo art 1o iv cf e art cf “ decretar impedir o trabalhar comprometer outro direito constitucional o dignidade pessoa humano art 1o iii cf empresário colaborador funcionário público aposentar e inviabilizar o continuidade atividades demissão massa provento sofrer enorme redução virtude inflação preço produto “ pedir o sr prefeito vereador e comitê contingência esquecer o político e adotem o tratamento precoce transparência vacinação e verba investimento saudar aumentar leito insumo estocar medicamento epis dentre garantir atendimento médico o o fiscalização contínuo festa clandestino churrasco e aglomeração “ reiterar distanciamento social sinônimo proibição trabalhar e fechamento atividades visto comércio e serviço município possuir aglomeração dever o crise financeiro loja centrar shopping bairro raro possuir comprador simultâneo e possuir controlar acesso “ reiterar o o sr prefeito irar seguir decretar impedir o trabalhar o dia março e pedir editar decreto n sentir o abertura opção sr prefeito uberabense decreto e o fiscalização antar o situação irar praticar o legítimo defeso art código penal defender família amigo colaborador cidadão uberabense e patrimônio “ pedir diálogo honestidade senso e afastem-se espectro político permitir o trabalhar evitar enfrentamento desnecessário causar dano preciso trabalhar e agente administração público legislação fiscalização “ querer o paz saudar e acima livre atenciosamente empresário uberaba,brasil,12/03/2021,"
Edgard Matsuki ",https://www.boatos.org/brasil/empresarios-santos-uberaba-escrevem-carta-aberta-contra-lockdown.html,0
3465,Hildon Chaves (PSDB) bate Cristiane Lopes (PP) e é reeleito em Porto Velho  ,,"o atual prefeito portar velho hildon chave psdb vencer o disputar turno cristiane lopes p e governar o capital rondônia ano hildon chave obter 54,45 voto 109.992 e cristiane lopes 45,55 92.015 voto nulo somar 5,18 e branco 2,67 favorito pesquisar intenção votar o tucano receber candidato derrotar turno vinicius miguel cidadania ficar colocação e coronel ronaldo florir solidariedade o colocar",política,29/11/2020 18h42Atualizada em 29/11/2020 20h19 ,Fernando Cymbaluk Couri,https://noticias.uol.com.br/eleicoes/2020/11/29/hildon-chaves-psdb-bate-cristiane-lopes-pp-e-e-reeleito-em-porto-velho.htm,1
3466,"

Vaticano confirma que papa Francisco está com coronavírus #boato 
","Boato – O vaticano confirmou que o papa Francisco e dois assistentes testaram positivo para o Covid-19, o novo coronavírus.",vaticano confirmar papar francisco e assistente positivar coronavírus o vaticano confirmar comunicar o papar francisco e assessorar positivar o coronavírus.os caso somar caso confirmar itália semana.o papar francisco perder missar planejada o clero roma mostrar sintoma coronavírus.o vaticano haver anteriormente o pontífice ano levar indisposição e prosseguir o restante trabalhar planejado hoje o papar e assessorar ficar quarentenar e receber atendimento médico santo marta o hotel vaticano morar o papar vestir tossir e assoar o nariz durante o missar quarta-feira asha,entretenimento,29/02/2020,"
Edgard Matsuki ",https://www.boatos.org/religiao/vaticano-confirma-papa-francisco-coronavirus.html,0
3467,O que explica lockdown e comércio fechado não frearem caos da covid no AM  ,,transferência paciente o abertura leito hospital e decreto rígido isolamento social capaz reduzir o colapso saudar amazona demandar crescente esperar vago tratamento o chamar o atenção decreto fechamento serviço essencial ocorrer haver dia aumentar o endurecimento medir o decretar rígido ocorrer dia janeiro o governar cumprir verdade decisão tj-am tribunal justiçar amazona suspender atividades econômicas essencial prazo dia n datar haver filar esperar,saúde,30/01/2021 04h00 ,Carlos Madeiro ,https://noticias.uol.com.br/saude/ultimas-noticias/redacao/2021/01/30/o-que-explica-lockdown-e-comercio-fechado-nao-frearem-caos-da-covid-no-am.htm,1
3468,"

Unimed alerta que “Covid Delta” não tem tosse e febre como sintomas #boato 
","Boato – O Grupo Unimed fez um texto alertando que a variante delta da Covid-19 tem sintomas diferentes da tradicional como, por exemplo, não ter tosse nem febre.","grupar unimed alertar covid delta haver tossir febre articulação dolorido dor cabeça dor o pescoço e o superior costa fraqueza perda apetitar e pneumonia virulento e taxar mortalidade evidência rápido parir chegar o extremo o vezar sintoma afeta diretamente o pulmão o significar o ‘ janela ’ o período curto paciente febre dor relatar pneumonia torácico levar suar radiografia o teste esfregaço nasal vezar negativo parir covid-19 e haver resultar falso negativo teste nasofaringe significar o vírus espalhar e espalhar diretamente parir o pulmão causar estresse respiratório agudo causar pelar pneumonia viral cuidadoso evitar aglomeração manter 1,5 m distância locar aberto máscara facial álcool e lavar o mão frequência e tossir espirrar guardar informação parir compartilhar o especialmente parir familiar e amigo grupar unimed",saúde,15/07/2021,"
Edgard Matsuki ",https://www.boatos.org/saude/unimed-alerta-covid-delta-nao-tem-tosse-febre-sintomas.html,0
3469,"
  O vídeo registra o salto recorde de um paraquedista de um balão na estratosfera em 2012","Um vídeo visualizado mais de 8,5 mil vezes nas redes sociais desde dezembro de 2018 é acompanhado da afirmação de que mostra um astronauta saltando de uma espaçonave. Mas a sequência, registrada em 2012, mostra o salto do paraquedista austríaco Felix Baumgartner a partir de um balão na estratosfera.Envie-nos por WhatsApp Email","“ astronauta áustria saltar espaçonave 128,000 pé altura e viajar km horar e alcançar o terra minuto e claramente o rotação terra deixar assistir o o vídeo fantástico ” assinalar publicação compartilhar centena facebook o e continuar circular o sequência minuto trecho d encontrar twitter e youtube o vídeo igualmente replicar alegação semelhante site e diferente postagens chinês indonésio inglês e espanhol buscar reverso imagem e palavras-chave google permitir encontrar o vídeo publicar canal bbc studios youtube datar março intitular “ jumping from space red bull space dive bbc ” “ pular espaçar mergulhar espacial red bull bbc ” tradução livrar o português",ciência,8/02/2021 às 17:06,"AFP Hong Kong, AFP México",https://checamos.afp.com//o-video-registra-o-salto-recorde-de-um-paraquedista-de-um-balao-na-estratosfera-em-2012,0
3470,"Imunidade de rebanho: por que a OMS descarta alcançar imunidade coletiva contra covid-19 em 2021, mesmo com vacinas  ",,cientista-chefe oms soumya swaminathan levar algum atingir o vacinação necessário conter o pandemia apesar país aplicar vacinar o coronavírus o mundo alcançar o imunidade rebanhar alertar o oms organização mundial saudar atingir nenhum imunidade coletiva o processar aplicação vacinar levar o cientista-chefe oms soumya swaminathan entrevisto coletiva virtual genebra,saúde,12/01/2021 14h09 ,Redação - BBC News Mundo,https://www.uol.com.br/vivabem/noticias/bbc/2021/01/12/imunidade-de-rebanho-por-que-a-oms-descarta-alcancar-imunidade-coletiva-contra-covid-19-em-2021-mesmo-com-vacinas.htm,1
3471,Queiroga é convidado a explicar alta de mortes por covid  ,,o comissão fiscalização financeiro e controlo câmara deputar aprovar n quarta-feira convite o ministro governar jair bolsonaro votação simbólico haver contagem voto o comissão decidir chamar marcelo queiroga ministrar saúde;eduardo pazuello ex-ministro saúde;wagner rosário controladoria-geral união ... ler íntegro g1,política,07/04/2021 19h21 ,07/04/2021 19h21 ,https://noticias.uol.com.br/colunas/reinaldo-azevedo/2021/04/07/queiroga-e-convidado-a-explicar-alta-de-mortes.htm,1
3472,Vídeo usa informações falsas para dizer que lockdown foi inútil e pico de covid-19 ficou para trás,,teoria basear estudar publicar pesquisador israelense facebook passar revisão instituição oms imperial college london e universidade johns hopkins o contrário brasil registrar recordar caso n quinta-feira,saúde,2020/05/01,Comprova,https://projetocomprova.com.br/publicações/video-usa-informacoes-falsas-para-dizer-que-lockdown-foi-inutil-e-pico-de-covid-19-ficou-para-tras/,0
3473,"

Fotos mostram locais de Brumadinho que foram destruídos em tragédia #boato 
",Boato – Fotos mostram antes de locais afetados pelo rompimento da barragem da Vale em Brumadinho (MG).,beleza criar deus poderoso e destruir ganância humano brumadinho crime cometer dirigente valer brumadinho crime ambiental conhecer brumadinho criminoso acidentar o oportunidade curtir lindo foto conhecer brumadinho estourar barragem valer,brasil,09/02/2019,"
Carol Lira ",https://www.boatos.org/brasil/locais-brumadinho-destruidos-barragem.html,0
3474,Invasão ao WhatsApp: alteração de PIN protege a conta? Acesso ao WhatsApp Web é espionagem? Tire suas dúvidas,Blog também responde dúvidas sobre golpe que usa mensagens no Instagram para roubar conta do aplicativo. ,algum dúvida segurança informação antivírus invasão cibercrime roubar etc enviar e-mail g1seguranca o coluna responder perguntar deixar leitor s quintas-feiras casar suspeito fraudar trocar o código pin escolher whatsapp o fraudador perder acesso o o whatsapp o contatos – ricardo antonio ricardo tomar medir fraudador bloquear contar lembre-se obtido invasão guardar invasor o ditar adiantar chorar o leite derramar o acesso contar whatsapp si acesso o o histórico mensagem o contatos e o hacker mensagem acessar contar google id apple backups mensagem invadir contar whatsapp web instalar aplicativo espião celular,política, 04/06/2020 06h00 , Por Altieres Rohr ,https://g1.globo.com/economia/tecnologia/blog/altieres-rohr/post/2020/06/04/invasao-ao-whatsapp-tire-duvidas-sobre-alteracao-de-pin-acesso-ao-whatsapp-web-e-espionagem.ghtml,1
3475,"
  Bolsonaro compara incorretamente tamanho da Amazônia com Europa e minimiza queimadas e desmatamento em live ","Durante o pronunciamento semanal realizado em suas redes sociais na última quinta-feira, o presidente Jair Bolsonaro abordou temas como a pandemia do novo coronavírus, o agronegócio e o meio ambiente, dedicando atenção especial à Amazônia. Estas declarações continham, contudo, dados imprecisos sobre o tamanho da floresta, a quantidade de área desmatada e a detecção de queimadas no bioma.Envie-nos por WhatsApp Email",abaixar afirmação presidente jair bolsonaro verificar afp “ foto satélite nasa comparar o vermelhar o focar calor incêndio comparar o brasil o subsaariana ... o nasa demonstrar e o crítico o o brasil olhar região amazônica vermelhar pego fogo o florestar pego fogo ”,brasil,25/07/2020 às 00:38,AFP Brasil,https://checamos.afp.com//bolsonaro-compara-incorretamente-tamanho-da-amazonia-com-europa-e-minimiza-queimadas-e-desmatamento,0
3476,Exame de brasileiro vindo da Itália atesta positivo para coronavírus,,exame brasileiro voltar recentemente viagem itália atestar positivar o coronavírus informação divulgar ministério saudar terça-feira trata-se homem ano atender hospital albert einstein paulo norte itália e fevereiro e apresentar sinal brando doença tossir exame confirmar o doença o resultar prever quarta-feira o ministério saudar olimpíada ameaçar membro coi levantar hipótese suspender tóquio causar coronavírus europa o epidemiar concentrar itália morte o morte ocorrer sexta-feira passar país entrar lista registrar caso coronavírus — áustria croácio suíço omã iraque e afeganistão casar supeito pernambuco mulher suspeito covid-19 o coronavírus desembarcar pernambuco n terça-feira aeroporto internacional guararapes gilberto freyre zonar sul recife o secretariar estadual saudar o paciente ano idade e itália n terço o país europeu confirmar morte dever doença totalizar vítima fatal “ chegar casar enquadrar definição suspeitar ampliar recentemente o definição casar suspeitar falar ásia falir europa paciente deslocamento europa região milão e vir o brasil paulo escalar chegar o o recife sintoma enquadrar definição casar suspeitar o doença ” afirmar o secretário estadual saudar andré longo o avião vir o paciente paulo e pousar capital pernambucano s 15h50 o segunda-feira o ministério saudar monitorava caso paulo e rir janeiro noite divulgar governar federal casar positivar coronavírus capital paulista e o casar o instituto adolfo lutz contraprovar o mulher o filho pedir identificar viajar o europa dia fevereiro cursar e itália passar espanha país confirmar casar n terça-feira,ciência, Publicado em  25/02/20 21:02 ,Extra,https://extra.globo.com/noticias/saude-e-ciencia/exame-de-brasileiro-vindo-da-italia-atesta-positivo-para-coronavirus-rv1-1-24272031.html,1
3477,ANS pode decidir hoje se planos têm que cobrir teste sorológico de covid-19  ,,o ans agência nacional saudar suplementar decidir hoje o testar sorologia covid-19 cobertura obrigatório plano saudar o temer colocar pautar reunião marcar começar s 14h o exame identificar o presença anticorpo iga igg igm sangue paciente exposto o o vírus atualmente pessoa precisar pagar testar julho o ans derrubar justiçar o liminar obrigar plano saudar o cobrir o testar sorológico covid-19 o ans assegurar diagnóstico o beneficiário o rt-pcr,saúde,13/08/2020 10h46Atualizada em 13/08/2020 11h46 ,"Do UOL, em São Paulo",https://noticias.uol.com.br/saude/ultimas-noticias/redacao/2020/08/13/ans-pode-decidir-hoje-cobertura-obrigatoria-de-teste-sorologico-por-planos.htm,1
3478,É #FAKE que OMS considere desnecessário uso de máscara por quem não foi infectado pelo coronavírus,"Orientação da agência para países onde há ampla circulação do vírus, como o Brasil, é que todo mundo, doente ou não, utilize o item de proteção facial.",circular rede social o organização mundial saudar oms considerar desnecessário o máscara proteção o coronavírus o pessoa saudável procurar cbn o oms publicação atualizada o respeitar máscara datar orientar locar haver disseminação comunitário doença – casar brasil – “ governo incentivar o público o máscara haver transmissão difuso e o distanciamento físico difícil transporte público loja ambientar confinar lotar ” diretriz divulgar dia junho baseia-se estudo o pandemia dinâmico e cursar seguir analisar comunidade médico-científica,mundo, 08/07/2020," Por Roberta Pennafort, CBN ",https://g1.globo.com/fato-ou-fake/noticia/2020/07/08/e-fake-que-oms-considere-desnecessario-uso-de-mascara-por-quem-nao-foi-infectado-pelo-coronavirus.ghtml,0
3479,"

Carlos Bolsonaro é gay e mora junto com o primo, de quem é namorado #boato 
","Boato – Filho do presidente Jair Bolsonaro, Carlos Bolsonaro assumiu que é gay e é namorado do primo. Os dois moram juntos.",namorar carlos bolsonaro sigilar bancário quebrar carlos simplesmente feliz amar o casal shippo fácilgenro lgbt bolsonaro investigar namorar carlos bolsonaro sigilar bancário quebradoacho alguem fraquejar o lingua o castigar corpo talkey “ maldoso o carlos bolsonaro gay pq morar primar gatar haver ano histórico namorar e criar poodle fofo e sair junto maldade “,política,04/06/2019,"
Edgard Matsuki ",https://www.boatos.org/politica/carlos-bolsonaro-gay-primo-namorado.html,0
3480,Vietnã isola cidade que registrou surto da covid após ficar 99 dias sem casos  ,,"O Vietnã suspendeu a partir de hoje todas as rotas de transporte de e para Danang, terceira maior cidade do país e que chegou a ficar 99 dias sem contágios de coronavírus até a última sexta, quando começou um novo surto que já fez com que fossem contabilizados 18 casos em seu território e quatro em municípios vizinhos. Com isso, a decisão de retirar 80 mil turistas de Danang, anunciada ontem por autoridades vietnamitas, foi cancelada. Segundo o Ministério dos Transportes do país, nenhum avião, trem, ônibus, táxi ou barco poderá entrar ou sair da cidade de 1 milhão e 100 mil habitantes nos próximos 15 dias. Os transportes públicos também foram suspensos, e medidas de distanciamento social foram impostas, assim como o uso obrigatório da máscara e o fechamento de estabelecimentos de ensino e atividades comerciais não essenciais, como casas noturnas e salões de beleza. Além disso, campeonatos de futebol e outros esportes foram suspensos na cidade.",saúde,28/07/2020 18h46 ,28/07/2020 18h46 ,https://noticias.uol.com.br/ultimas-noticias/efe/2020/07/28/vietna-isola-cidade-que-registrou-surto-de-covid-apos-ficar-99-dias-sem-casos.htm,1
3481,Estudos não comprovam que a cúrcuma ajuda a combater a covid-19,,apesar umar plantar fitoterápica reconhecido pelar anvisa e o tratamento algum enfermidade haver estudo comprovar o cúrcuma parir combater o covid-19,saúde,2021-07-09,Comprova,https://projetocomprova.com.br/publicações/estudos-nao-comprovam-que-a-curcuma-ajuda-a-combater-a-covid-19/,0
3482,Covid: igrejas são interditadas em Betim por fazerem cultos com aglomeração  ,,"Igrejas Quadrangular são interditadas, após realizarem culto no domingo de páscoa em MG Duas igrejas de Betim (MG), a cerca de 40 km de Belo Horizonte, foram interditadas na manhã de hoje por uma equipe da Vigilância Sanitária de da cidade, em conjunto com a Procuradoria Geral do Município e a Guarda Municipal. Os dois locais realizaram cultos na noite de ontem, descumprindo decreto municipal contra aglomeração durante a pandemia do novo coronavírus. As equipes receberam diversas denúncias anônimas por telefone e até mesmo em vídeo de que houve aglomeração de fiéis durante os cultos na Igreja do Evangelho Quadrangular e na Igreja Movimento Comunidade Quadrangular, localizadas nos bairros de Laranjeiras e Filadélfia. De acordo com a Prefeitura de Betim, na Igreja do Evangelho Quadrangular havia cerca de 50 pessoas. Já na Igreja Movimento o número de fiéis presentes chegou a 300.",saúde,13/04/2020 18h55Atualizada em 13/04/2020 20h40 ,Bruna Alves,https://noticias.uol.com.br/cotidiano/ultimas-noticias/2020/04/13/covid-igrejas-sao-interditadas-em-betim-por-fazerem-cultos-com-aglomeracao.htm,1
3483,EUA registram 1.274.036 casos de covid e ultrapassam 77 mil mortes  ,,"o morte causar coronavírus unir aumentar 77.034 acordar o atualização hoje cdc centrar o controlo e prevenção doença americano o caso confirmar atingir 1.274.036 o 25.996 caso confirmar covid-19 país crescimento o ritmar o registrar dia anterior anteontem o aumentar 2,3 1.219.066 1.248.040 caso o ritmar morte regredir o o dia anterior aumentar cercar 75.477 77.034 anteontem o crescimento 2,9 73.297 75.477 o york o registrar o caso oficiar covid-19 eua total 324.710 seguir jersey 135.454 caso e massachusetts 75.333 caso",saúde,09/05/2020 16h46 ,09/05/2020 16h46 ,https://noticias.uol.com.br/ultimas-noticias/2020/05/09/coronavirus-eua-registram-1274036-casos-confirmados-e-77034-mortes.htm,1
3484,É #FAKE que foto mostre Doria recebendo vacina chinesa contra a Covid-19,"Imagens são de março, quando o governador foi imunizado contra a gripe. Ele não tomou a vacina Coronavac, que está em teste apenas entre voluntários.",circular rede social foto mostrar o governador paulo joão doria afirmar testar positivar o covid-19 tomar injeção legendar afirmar doria contrair o doença apesar tomar o vacinar chinês coronavac testar paulo parceria laboratório chinês imagem mostrar doria tomar vacinar março o governador imunizar o gripar tomar o coronavac o início teste paulo o o ler diverso fake news rede o divulgação diagnóstico coronavírus esclarecer tomar o vacinar coronavac médico e enfermeiro contato paciente covid-19 receber o aplicação vacinar n fase teste o governador perfil verificar twitter,saúde, 12/08/2020," Por Roney Domingos, G1 ",https://g1.globo.com/fato-ou-fake/coronavirus/noticia/2020/08/12/e-fake-que-foto-mostre-doria-recebendo-vacina-chinesa-contra-a-covid-19.ghtml,0
3485,"

Ursene: estados do Nordeste se unem e formam República Socialista #boato 
","Boato – Estados do Nordeste se uniram para formar uma República Socialista, a Ursene. Culpa dos esquerdistas que querem dividir o Brasil.",ursene – união repúblico socialista nordeste esquerdista doente dividir o brasil!!!ao contrário portuguesar durante ano conseguir unir brasileiro esquerdista pensar gerar conflito e antagônicos dividir … .esses esquerdista contentar país nenhum o problema e cabeça d frustrar amar amargurar focar ruim e olhar o positivar nordeste e nordestino …,política,,"
Hellen Bizerra ",https://www.boatos.org/politica/ursene-nordeste-republica-socialista.html,0
3486,Fabricantes de roupas em Bangladesh perdem US$ 3 bi e fazem apelo a marcas  ,,o paralisação serviço quase o mundo afetou fábrica vestuário bangladesh calcular prejuízo us$ bilião pedir cancelar o associação fabricante e exportador vestuário bangladesh bgmea divulgar balançar hoje efeito medir adotadas mundo combater o coronavírus o país o exportador roupar o chino o documentar pedir cancelar incluir comprar cliente europeu c&a inditex primark marks spencer tesco walmart e target pesquisar divulgar sexta-feira mostrar milhão trabalhador casar dever o o fechamento fábrica manter pessoa isolar e reduzir o circulação cidade receber salário indenização devido,saúde,30/03/2020 10h36 ,30/03/2020 10h36 ,https://www.uol.com.br/universa/noticias/redacao/2020/03/30/fabricantes-de-roupas-em-bangladesh-perdem-us-3-bi-em-pedidos.htm,1
3487,'Toque de restrição' de Doria será pouco efetivo contra mortes por covid  ,,o governar paulo anunciar n aumentar fiscalização e multar restringir o circulação pessoa 23h s 5h dia fevereiro e março o evitar aglomeração e festa e reduzir o transmissão coronavírus o governador joão doria psdb chamar o medir tocar restrição afirmar representar tocar recolher bloquear completar o chamar lockdown tomar o o aumentar internação covid-19 o decisão considerar brando e efetiva especialista ouvir coluna inglês e o variante inglesar covid e variante e importar afirmar o doutorar microbiologia e diretora instituto ciência natália pasternak,saúde,24/02/2021 18h07 ,24/02/2021 18h07 ,https://noticias.uol.com.br/colunas/leonardo-sakamoto/2021/02/24/toque-de-restricao-de-doria-sera-pouco-efetivo-contra-mortes-por-covid.htm,1
3488,"'Estamos esperando a boa vontade da Anvisa', diz Rui Costa sobre Sputnik V  ",,o governador bahia ruir costa pt criticar o anvisa agência nacional vigilância sanitário e esperar o vontade agência aprovar o vacinar russo sputnik v. costa o consórcio nordeste chegar o enviar pessoa o rússia dia técnico anvisa e técnico agência reportar impedir acessar laboratório o consórcio nordeste pedir vontade anvisa d o testar amostrar e teste fato conter o vírus replicante basto frasco e querer garantir o amostrar aleatório o argentino solicitar frasco o testar e avisar o o mundo o vírus replicante afirmar costa durante entrevisto cnn manhã d terça-feira,saúde,04/05/2021 08h32 ,04/05/2021 08h32 ,https://noticias.uol.com.br/saude/ultimas-noticias/redacao/2021/05/04/estamos-esperando-a-boa-vontade-da-anvisa-diz-rui-costa-sobre-sputnik-v.htm,1
3489,"Sob Bolsonaro, o Brasil restaurou a monarquia  ",,espantoso época o atual o absurdo adquirir brasil admirável naturalidade notícia revisto época informar o abin agência brasileiro inteligência colocar neurônios remunerar contribuinte o serviço flávio bolsonaro o primogênito investigar presidente repúblico produziram-se relatório o objetivo estampar cabeçalho documento campar destinar finalidade anotou-se o seguinte defender fb flávio bolsonaro casar alerj demonstrar o nulidade processual resultante acesso imotivados o fiscal fb documento o abin esforçar demonstrar real o tesar advogar o o processar o filhar jair bolsonaro acusar corrupção e lavagem dinheiro anular conter fiscal supostamente obtido margem lei texto fornecer orientação o desorientar o processar judicial o general augusto heleno ministro-chefe gabinete segurança institucional e superior hierárquico abin negar o produção relatório o defeso flávio bolsonaro confirmar o principal órgão inteligência brasileiro oferecer matéria-prima o filhar presidente anular o processar o rachadinha eufemismo corrupção o casar invadir o residência presidencial fabrício queiroz operador rachadinhas família bolsonaro repassar juntar mulher r$ o contar bancário primeira-dama michelle bolsonaro,política,11/12/2020 22h18 ,11/12/2020 22h18 ,https://noticias.uol.com.br/colunas/josias-de-souza/2020/12/11/sob-bolsonaro-o-brasil-restaurou-a-monarquia.htm,1
3490,Jair Bolsonaro é o capitão que não quis ir à guerra | Thaís Oyama  ,,coluna vídeo d semana thaís oyama avaliar jair bolsonaro presidente repúblico dever general frente campar batalhar combater covid-19 país o ex-capitão d restar o o brasil contar morto guerra recusar o lutar argumentar o jornalista,política,08/03/2021 17h01 ,08/03/2021 17h01 ,https://noticias.uol.com.br/videos/2021/03/08/jair-bolsonaro-e-o-capitao-que-nao-quis-ir-a-guerra--thais-oyama.htm,1
3491,"No 2º semestre, prioridade número um é a reforma tributária, diz Maia  ",,"o presidente câmara rodrigar maio dem-rj afirmar n domingo o prioridade país semestre o reformar tributário achar o prioridade o país voltar o competitivo setor privar melhorar o produtividade setor privar afirmar entrevisto globo news n noite maio lembrar o reformar o tributação e serviço imposto indiretos consumir congresso e afirmar precisar retomar debater n semana o o presidente davi presidente senado davi alcolumbre precisar retomar debater semana terço quarta-feira o presidente câmara defender o tributação dividendo melhorar o estímulo o o investimento hoje estimular o empresar o investir tributar dividendo reduzir o alíquota pessoa jurídico impor render e tributar dividendo empresar reinvestimento resultar afirmar maio sexta-feira o ministrar economia paulo guedes afirmar o governar incluir o tributação dividendo reformar tributário tributar empresar o dinheiro sair o acionista tributar o dividendo alguém pagar dividendo o trabalhador pago 27,5 afirmar guedes",política,05/07/2020 20h37Atualizada em 05/07/2020 21h02 ,Vinícius Valfré e Sandra Manfrini,https://economia.uol.com.br/noticias/estadao-conteudo/2020/07/05/no-2-semestre-prioridade-numero-um-e-a-reforma-tributaria-diz-maia.htm,1
3492,"

Fenômeno do equinócio nos atingirá nos próximos 5 dias e trará calor ao Brasil #boato 
",Boato – Fenômeno do equinócio deve atingir o Brasil em 5 dias e elevar as temperaturas até os 40°C. Período requer atenção.,ficar atento o fenômeno equinócio afetará dia permanecer e manter animar casar protegido especialmente o 11h 16h dia o temperatura flutuar e atingir grau celsius causar desidratação e insolação facilmente fenômeno dever o o fato o sol diretamente acima equador ficar hidratar consumir cercar litro líquido dia controlo pressão arterial sofrer insolação tomar banho frio o freqüente reduzir o carnar e aumentar frutar e legume o onda calor piar colocar velar utilizar casar exposto o velar derreter perigoso colocar baldar água sala e sala manter o temperatura o insolação apresentar sintoma indicativo desmaiar gravar e perigoso o falho órgão ativada verificar lábio e olho afundar desidratação informar …,ciência,31/01/2019,"
Kyene Becker ",https://www.boatos.org/ciencia/fenomeno-equinocio-trara-calor.html,0
3493,Aldeia do Xingu que fez esquema especial contra a Covid é vacinada e fecha ciclo sem mortes pela doença,"Povo Kuikuro formou parcerias, montou hospital e contratou médicos e enfermeiros. ",pandemia chegar kuikuro indígena matar grosso fechar parceria contratar profissional saudar e informar o covid-19 n semana morte doença o comedir pandemia o comunidade vacinar manter aldear inteiro perder ninguém o coronavírus haver kuikuro haver implantar hospital território isolamento social e levar trabalhar aldear enfermeiro e o médico giulia parise balbao o história bonito coletiva descrever giulia contratar pedir demissão hospital sírio libanês paulo associação indígena kuikuro alto xingu quase índio acabar infectar nenhum morrer dever doença incluir ancião o história esforçar comunidade liderança pesquisador e profissional saudar,saúde, 17/02/2021 05h01 ," Por Carolina Dantas, G1 ",https://g1.globo.com/bemestar/coronavirus/noticia/2021/02/17/aldeia-do-xingu-que-fez-esquema-especial-contra-a-covid-e-vacinada-e-fecha-ciclo-sem-mortes-pela-doenca.ghtml,1
3494,Gabbardo reforça advertência contra cloroquina e critica pressão de médicos  ,,o centrar contingência coronavírus paulo voltar o colocar xeque hoje o cloroquina combater covid-19 o substância defendido presidente repúblico jair bolsonaro anunciar diagnosticar o vírus e tratar comprimir hidroxicloroquina o médico joão gabbardo coordenador executivo centrar contingência lembrar hoje o administração medicamentar proibir contar prescrição médico e consentimento paciente responsável entanto entrevisto coletiva criticar o pressão político médico mudança protocolo acompanhar movimentar o país determinar médico favorável o o d medicamento favorável utilização precoce — preventivo — d medicamento lista médico mostrar prevalência significativo categoria médico profissional pressionar gestor prefeito secretário municipal secretário estadual implementar protocolo e disponibilizar medicamento rede atenção primário criticar gabbardo movimentar acompanhar país inteirar o centrar contingência paulo evidência científico sustentar indicação favorável utilização d protocolo preconizar infelizmente profissional médico assunto colocar polarizar politizar e afastar o discussão ciência evidência científico discussão posicionamento político n casar o centrar contingência paulo aprovar concordar indicação feito acrescentar,saúde,08/07/2020 14h10 ,08/07/2020 14h10 ,https://noticias.uol.com.br/saude/ultimas-noticias/redacao/2020/07/08/gabbardo-reforca-advertencia-contra-cloroquina-e-critica-pressao-de-medicos.htm,1
3495,Hemorio receberá doação de sangue em condomínio por conta do coronavírus  ,,o instituto hematologia arthur siqueira cavalcanti hemorio lançar campanha receber doação sangue condomínio cidade rir janeiro o diretor hemorio luiz amorim o lançamento hoje e o coleta amanhã condomínio barrir tijuca zonar oeste capital carioca detalhe operação finalizar o secretariar estadual saudar o nome condomínio comedir o campanha informar o hemorio enviar o o equipar cercar profissional o coleta o passar o dia síndico responsável administração condomínio interessar presença equipar procurar o instituto inscrever participar condomínio adulto apto doação o campanha durar permanecer medir isolamento social contatam n visitar condição mandar foto o gente avaliar e encaixar agendar geralmente salão festa condomínio adiantar o operação ocorrer capital haver condição o hemorio o deslocamento equipar atender locar o gente capacidade logístico viagem recomendação feito rir janeiro haver condomínio barrir tijuca recrear e região autódromo condomínio e pessoa casar o idear pessoa descer elevador e doar horar marcar preciso sair prédio,saúde,31/03/2020 05h37 ,31/03/2020 05h37 ,https://noticias.uol.com.br/ultimas-noticias/agencia-brasil/2020/03/31/hemorio-lanca-campanha-para-receber-doacao-de-sangue-em-condominios.htm,1
3496,Eduardo Pazuello detalha novas ações de enfrentamento à pandemia da Covid-19 em conjunto com Conass e Conasems,,o ministrar saudar eduardo pazuello apresentar n quinta-feira 25/02 ações enfrentamento pandemia covid-19 brasil medir acordar juntar o nacional secretário saudar conass e o nacional secretariar municipal saudar conasems “ enfrentar etapa d pandemia o velocidade o contaminação acontecer focar surpreender o gestor termo estruturar precisar alertar e preparar ” destacar o ministrar reforçar o único saudar sus tripartite pazuello detalhar o articulação feito governar federal gestão estadual e municipal combater doença,saúde,25/02/2021 19h05,Marina Pagno Ministério da Saúde,https://www.gov.br/saude/pt-br/assuntos/noticias/eduardo-pazuello-detalha-novas-acoes-de-enfrentamento-a-pandemia-da-covid-19-em-conjunto-com-conass-e-conasems,1
3497,Cai parcela de idosos acima de 80 anos com síndrome respiratória grave após vacinação da Covid-19,,"paulo o efeito proteção o vacinar covid-19 conferir o pessoa ano sentir estatístico indicar notificação paciente atendido síndrome respiratório agudo gravar srag brasil n sábado o vacinação país completar parcelar idoso representar médio 18,7 diagnóstico clínico durante o pandemia o cair 8,7 semana encerrar abril sivep-gripe o redução aparentar paciente srag confirmação diagnóstico covid-19 quedo 18,0 8,3 o ministério saudar milhão idoso n faixar população estimar 4,2 milhão receber o dosar vacinar o efeito estatístico tesar parcialmente visível ler o reportagem completar",saúde, Publicado em  16/04/21 04:30 ,Rafael Garcia,https://extra.globo.com/noticias/coronavirus/cai-parcela-de-idosos-acima-de-80-anos-com-sindrome-respiratoria-grave-apos-vacinacao-da-covid-19-24973827.html,1
3498,"

Greta Thunberg é chamada de charlatã pela Valeurs, principal revista da Austrália #boato 
","Boato – A ativista Greta Thunberg foi chamada de charlatã pela Valeurs, a principal revista da Austrália, desta semana. Crítica foi feita porque país está pegando fogo.",o publicação capar principal revisto austrália chamar o gretar charlatã o país fogo proporção comparação o ocorrer amazônia e ninguém o macron o papar nenhum ecologista falar vírgula sequer compartilhar o brasileiro preciso tomar conhecimento d,mundo,15/12/2019,"
Edgard Matsuki ",https://www.boatos.org/mundo/greta-thunberg-chamada-charlata-valeurs-principal-revista-australia.html,0
3499,"Biden anuncia nomes de força-tarefa contra covid-19, com brasileira no grupo  ",,o presidente eleito unir joe biden anunciar n segunda-feira o formação assessor covid-19 transição governar trata-se importante especialista saudar aconselhar biden o viçar eleito kamala harris e o equipar transição o assunto.o o covid-19 liderar médico david kessler vivek murthy e marcella nunez-smith.no comunicar anunciar o biden voltar o ressaltar o combater o o vírus prioridade e garantir base ciência e orientação especialistas.a equipar contar o presença nome luciana borio cidadania americano e brasileira.borio cursar medicinar universidade george washington e desenvolver carreira eua trabalhar o governar e ocupar agência regulador food and drug administration fda gabriel bueno costa,saúde,09/11/2020 12h58 ,09/11/2020 12h58 ,https://noticias.uol.com.br/ultimas-noticias/agencia-estado/2020/11/09/biden-anuncia-nomes-de-forca-tarefa-contra-covid-19-com-brasileira-no-grupo.htm,1
3500,"

Faber-Castell dá caixa de lápis de cor e livro de colorir Jardim Secreto em site no WhatsApp #boato 
","Boato – A Faber-Castell está dando uma caixa de lápis de cor e o livro Jardim Secreto, de colorir. Para ganhar, é preciso entrar em um site e compartilhar um link com amigos no WhatsApp.",o faber-castell distribuir gratuitamente caixa lápis cor e o livrar colorir jardim secreto e brasil dia casar bonito presentear criança n quarentenar amigar precisar relaxar pintar lindar jardim ganhar basto o cadastrar site promoção site]para ganhar preencher o cadastrar morar selecione cidade selecione cidade nome nome completar o idade?idade cadastrar parabém ganhar inscrição 26/06/2020 informar enviar cadastrar enviar livrar colorir jardim secreto e lápis cor faber-castell compartilhar informação familiar e contatos whatsapp,entretenimento,25/06/2020,"
Edgard Matsuki ",https://www.boatos.org/tecnologia/faber-castell-da-caixa-de-lapis-de-cor-livro-de-colorir-jardim-secreto-site-whatsapp.html,0
3501,Procura por testes da Covid-19 na rede privada cresce no Rio e em São Paulo,,o o temor onda covid-19 principal cidade país laboratório privar rir e paulo registrar aumentar expressivo demandar exame diagnóstico coronavírus representante redar capitar avaliar o quadrar indicar fase expansão doença país e descartar hipótese comportamento preventivo paciente informação g1 levantamento dasa agrupar diferente laboratório privar aumentar teste rt-pcr rir novembro o índice teste positivo aumentar o dasa atendimento hospital o taxar teste laboratório o índice o crescimento procurar teste acentuar e semana d cenário alto covid-19 haver dificuldade agendamento teste cidade acordar o g1 laboratório privar afirmar o crescimento demandar organizar ampliar o capacidade atendimento e descartar teste paciente relatar entanto realizar o rt-pcr janela temporal corretar — o dia o início sintoma o associação negar riscar teste capital paulista e informar atendimento transcorrer normalmente haver entanto registrar longo filar carro drive-thrus diferente laboratório paulo terça-feira o o g1 o diretora-executiva abramed priscilla franklin martim ressaltar refletem o expansão covid-19 cidade — o aumentar taxar positividade mostrar exame feito curiosidade precaução pessoa sintoma contato algum casar confirmar,saúde, Publicado em  25/11/20 10:33 ,Extra com G1,https://extra.globo.com/noticias/coronavirus/procura-por-testes-da-covid-19-na-rede-privada-cresce-no-rio-em-sao-paulo-24764254.html,1
3502,"Biden renova aliança com Austrália, Índia e Japão apesar da pressão da China  ",,unir anunciar quinta-feira manter negociação o austrália índio e japão impulso presidente joe biden o aliançar quad apesar aviso chino o secretário americano antony blinken falar virtualmente chanceler país o pandemia covid-19 e mudança climático pautar discussão ministro exterior quad fundamentar o avançar objetivos comum indo-pacífico livrar e aberto e enfrentar desafio definidor o porta-voz departamento ned price o jornalista n quarta-feira(17,saúde,17/02/2021 21h04 ,17/02/2021 21h04 ,https://noticias.uol.com.br/ultimas-noticias/afp/2021/02/17/biden-renova-alianca-com-australia-india-e-japao-apesar-da-pressao-da-china.htm,1
3503,"É #FAKE que novo ministro da Justiça disse que em confronto entre a Constituição e a Bíblia, vale a Bíblia ","Informação foi compartilhada em redes sociais após a posse de André Mendonça, que é pastor na Igreja Presbiteriana Esperança, em Brasília. A frase não foi dita por ele.",circular rede social frase atribuir o andré mendonça ministrar justiçar e segurança público o constituição federal chocar o bíblia mim valer o bíblia procurar o ministério informar o mensagem falso o bíblia democrático direito o constituição noto o assessoria imprensar pastar o frase ministrar perfil verificar twitter respostar o usuário postar o frase atribuir o,política, 04/05/2020," Por Thaís Matos, G1 ",https://g1.globo.com/fato-ou-fake/noticia/2020/05/04/e-fake-que-novo-ministro-da-justica-disse-que-em-confronto-entre-a-constituicao-e-a-biblia-vale-a-biblia.ghtml,0
3504,"
  Verificações da AFP em português sobre o novo coronavírus","O novo coronavírus detectado na cidade chinesa de Wuhan no final de 2019 tem gerado um fluxo ininterrupto de informações falsas, amplamente compartilhadas nas redes sociais por todo o mundo. Abaixo, listamos as verificações feitas em português pela AFP, começando pelas mais recentes:Envie-nos por WhatsApp Email","vídeo o médico norte-americano afirmação sobrar vacinar mrna o covid-19 comer efeito negativo o corpo humanar compartilhar 1.300 vezar o rede social o dia agostar alegação falso especialista equipar checagem afp o vacinar pfizer biontech e moderno tecnologia mrna considerar seguro e milhão dose administrar conferir postagens afirmar o brasil ultrapassar o unir o percentual população vacinar o covid-19 somar 2,5 interações o rede social pelar o agostar enganoso o proporção mencionar o postagens refere-se porcentagem aproximar vacinar pelar umar dosar o brasil o publicação omitir o fato o dia agostar o taxar pessoa totalmente imunizar o unir o brasil conferir mensagem circular centena vezar o rede social pelar junho atribuir variante delta covid-19 característico comer o fato haver “ tossir febre ” “ taxar mortalidade ” e “ viver o região nasofaríngea ” acordar especialista e documento oficiar consultar pelar afp checar afirmação impreciso e enganoso conferir",saúde,20/02/2020 às 16:40,AFP Brasil,https://checamos.afp.com//verificacoes-da-afp-em-portugues-sobre-o-novo-coronavirus,0
3505,Autoridades pedem testes de covid-19 a torcedores do PSG que se reuniram  ,,"A noite foi longa em Paris após a derrota do Paris Saint-Germain por 1 a 0 contra o Bayern de Munique, que venceu a Liga dos Campeões ontem. Em diversos pontos da capital, torcedores de juntaram para assistir à partida e muitos viraram a noite na avenida Champs-Elysées e no Parque dos Príncipes, estádio do clube parisiense. As autoridades sanitárias se preocupam com as consequências dessas aglomerações e pedem que quem passou a madrugada na rua faça testes para saber se foi contaminado. ""Faço um verdadeiro apelo a todos os que estiveram juntos durante a noite ou a madrugada de irem fazer um teste"", disse a vereadora Anne Souyris, encarregada da saúde na prefeitura de Paris, em entrevista à France Info. Além dos laboratórios, que vêm testando massivamente a população da capital nos últimos dias, Souyris afirma que a prefeitura vai disponibilizar quiosques para exames de Covid-19 pelas ruas de Paris a partir da próxima semana.",saúde,24/08/2020 07h54 ,24/08/2020 07h54 ,https://www.uol.com.br/esporte/futebol/ultimas-noticias/2020/08/24/autoridades-pedem-testes-de-covid-19-a-torcedores-do-psg-que-se-reuniram.htm,1
3506,Maduro não convocou políticos do PT à Venezuela para o apoiarem  ,,dentre publicação circular internet relacionar o trabalhador pt o o atual governar venezuela disseminar intensidade semana o mostrar supor pedir presidente venezuelano nicolás madurar amigo fé fernando haddad gleisi hoffmann maria rosário e jandira feghali presente venezuela lutar causar o o trazer foto haddad e madurar o acompanhar seguinte falir ex-candidato pt presidência madurar mim e inspiração haver problema venezuela haver o culpar oposição colaborar haver registro internet rede social comunicação pedir madurar político pt viajar venezuela apoiá-lo assessoria imprensar haddad negar receber solicitação dirigente governar venezuelano,mundo,19/05/2019 04h01 ,Anita Grando Martins,https://noticias.uol.com.br/confere/ultimas-noticias/2019/05/19/maduro-nao-pediu-ida-de-politicos-do-pt-a-venezuela-para-o-apoiarem.htm,0
3507,EUA ultrapassam 12 milhões de infecções por Covid-19,"Segundo a Universidade Johns Hopkins, o país atingiu 12.019.960 casos neste sábado (21), apenas seis dias após alcançar a marca de 11 milhões.","unir ultrapassar n sábado o barreirar milhão caso infecção covid-19 acordar balançar realizar universidade johns hopkins o país o atingir mundo pandemia absoluto e contabilizar 12.019.960 caso dia alcançar o marcar milhão infecção o texas o caso total o hopkins 1,1 milhão seguir o califórnio milhão e o flórido o rússia e o ucrânia bater recorde infecção diário",saúde, 21/11/2020 18h52 , Por G1 ,https://g1.globo.com/bemestar/coronavirus/noticia/2020/11/21/eua-ultrapassam-12-milhoes-de-infeccoes-por-covid-19.ghtml,1
3508,carro fugir polícia saltar o rampa caminhão guinchar verdade,,o vídeo duração e vestir vezar o diverso redar social publicar o julho o chamar o atenção o imagem o motorista automóvel g-wagon parecer fugir polícia aproveitar o rebocar caminhão rebocar parir saltar mureta proteção umar movimentar rodovia cair o sentir contrário,entretenimento,1/09/20201,gilmar lopes,https://www.e-farsas.com/carro-foge-da-policia-saltando-na-rampa-de-um-caminhao-guincho-sera-verdade.html,0
3509,STF adia julgamento sobre prisão após condenação por júri popular,Ação questiona se a decisão do tribunal do júri pode ser executada mesmo com recursos contra a condenação pendentes de decisão em outras instâncias.,voto o prisão e o supremo tribunal federal stf adiar o julgamento recurso discutir constitucional o execução imediato peno imposto tribunal júri o adiamento ocorrer dever o pedir visto analisar o ministrar ricardo lewandowski o relator ministrar luís roberto barroso apresentar votar favorável o o reconhecimento soberania júri o levar imediato execução peno votar o presidente cortar ministrar dia toffoli acompanhar o relator e o ministrar gilmar mendes divergir haver prazo o retomar julgamento início plenário virtual supremo,política, 28/04/2020 10h22 ," Por Rosanne D'Agostino, Fernanda Vivas e Márcio Falcão, G1 e TV Globo — Brasília ",https://g1.globo.com/politica/noticia/2020/04/28/stf-adia-julgamento-sobre-prisao-apos-condenacao-por-juri-popular.ghtml,1
3510,Mourão diz que CPI da Covid está desorganizada  ,,o vice-presidente repúblico hamilton mourão prtb hoje considerar o cpi covid-19 desorganizar declaração chegar o o palácio planalto mourão opinar o divisão considerar adequar o prosseguimento investigação o cpi covid-19 instalar senado apurar o conduta governar federal o o longo pandemia coronavírus mourão o comissão dever focar o econômicas e social assistir o o programação canal uol,política,28/05/2021 14h39Atualizada em 28/05/2021 14h44 ,28/05/2021 14h39Atualizada em 28/05/2021 14h44 ,https://noticias.uol.com.br/politica/ultimas-noticias/2021/05/28/mourao-diz-que-cpi-da-covid-esta-desorganizada.htm,1
3511,Como tornar o auxílio emergencial um programa permanente  ,,"cercar milhão brasileiro receber o render básico emergencial criar minimizar efeito econômicos pandemia covid-19 o benefício programar acabar junho mostrar eficaz evitar tragédia social país e instalar debater mantê-lo torná-lo permanente o ministrar economia paulo guedes considerar manter o benefício o r$ o congresso analisar proposto prorrogar o render básico e pesquisador diverso universidade contar e propor cenário alongar o benefício d programar prazo acabar o auxílio emergencial pago r$ adulto empregar receber seguro-desemprego aposentadoria e render familiar salário mínimo lar o mãe sustentar o casar o auxílio r$ 1,2 n formato o benefício cercar r$ bilião trimestre manter ano custar anual r$ bilião o o o governar federal gasto o previdência social bolsar família hoje ater cercar milhão família pobre extremamente pobre o auxílio médio cercar r$ família e o custar total r$ bilião ano",saúde,30/05/2020 07h35 ,Bruno Lupion,https://noticias.uol.com.br/ultimas-noticias/deutschewelle/2020/05/30/como-tornar-o-auxilio-emergencial-um-programa-permanente.htm,1
3512,É #FAKE que CoronaVac deixou mais de 2 mil mortos na China e um tetraplégico na Inglaterra,Mensagem falsa diz ainda que vacina vai alterar DNA humano; nenhuma dessas informações procede.,circular rede social texto o coronavac o vacinar fabricação chinês testar brasil deixar 2.034 voluntário morto chino e tetraplégico inglaterra o texto atacar o governador paulo joão doria psdb caracterizar adolf hitler foto manipular digitalmente longo e comedir “ doria impor obrigatoriedade vacinar o covid o cidadão paulo vacinar efeito colateral inglaterra jovem tetraplégico chino haver 2.034 morte cobaia efeito adverso ” afirmação falso teste feito chino haver sequer reações grave país asiático voluntário vacinar pessoa dor aplicação fadigar e febril apresentar alteração o o “ jovem tetraplégico ” o falsidade o vacinar testar inglaterra e turquia e indonésio brasil,ciência, 22/10/2020," Por Roberta Pennafort, CBN ",https://g1.globo.com/fato-ou-fake/coronavirus/noticia/2020/10/22/e-fake-que-coronavac-deixou-mais-de-2-mil-mortos-na-china-e-um-tetraplegico-na-inglaterra.ghtml,0
3513,Senado recebe 2º ataque boçal em 4 dias de homens de Bolsonaro. Até quando?  ,,"o governar federal intermédio delinquente intelectual continuar o agredir o senado brasileiro — e — o alcançar corrigir desastre executivo quarta-feira vir o filipe martim ajeitar o terno gesto repetir o mímico supremacistas branco brasil note-se o sinal o o presidente senado rodrigar pacheco discursar sessão ouvir ernesto araújo ministrar exterior n domingo o o araújo insultar o casar o o atacar maneiro boçal o senador kátia abreu pdt-to presidente comissão exterior senador dispor o dialogar o itamaraty araújo continuar ministrar despir vergonha caro simples o artigo kátiarecuperar circunstância atacar expor o surrealismo viver n domingo o senador publicar artigo jornal o globo o espetacular pôr focar incompetência governar -- o o alvo texto -- obrigação potência colaborar o país n senhor kátia lembrar o papel o país produtor alimento escreve:""somos o exportador alimento humanidade o fornecedor insumo campar mineral guardião parcelar pulmão planeta o amazônia o brasil o respeitar o país e o tratar comunidade internacional e sobretudo unir e chino deter hoje o domínio produção vacinar pandemia ilhar oceano único atração beleza natural sobrar sinal o senado brasileiro prático pedir vacinar o o governar americano falar o senador afirmação parecido deixar claro caber o o congresso cotar governança e certo incumbir câmara e o o senado executivo esforçar-se trazer vacinar o o país",política,29/03/2021 05h31 ,29/03/2021 05h31 ,https://noticias.uol.com.br/colunas/reinaldo-azevedo/2021/03/29/senado-recebe-2-ataque-bocal-em-4-dias-de-homens-de-bolsonaro-ate-quando.htm,1
3514,"

Bolsonaro diz que vai a Portugal para depois ir à Europa #boato 
","Boato – Presidente Jair Bolsonaro declarou que quer continuar “rodando o mundo”. Primeiro, ele vai para Portugal e depois vai à “Europa”.","estadista tristeza tamanho bolsonaro hoje o “ o portugal europa ” o açorar país estrangeirar bolsonaro confirmar viagem o continente portugal europa e atlântida kkkkkk bolsonaro o ignorância personificar versão excluir portugal europa e colocar o catedral notre-dame incendiada),na inglaterra",política,18/04/2019,"
Edgard Matsuki ",https://www.boatos.org/politica/bolsonaro-vai-portugal-depois-europa.html,0
3515,"Para Covas, oposição a Bolsonaro 'cabe à bancada do PSDB na Câmara e no Senado'  ",,o prefeito paulo brunir cova psdb afirmar hoje o responsabilidade articular o oposição o o presidente jair bolsonaro representante câmara e senado federal o declaração feito rádio eldorado questionar ataque constante bolsonaro o governador e prefeito cova entender faltar coordenação governar federal negar o responder falir presidente e o posicionar oposição papel caber bancada psdb câmara e senado federal caber o o prefeito cidade paulo utilizar o espaçar articulação político defeso atacar o o presidente repúblico achar o papel buscar o governar federal atuar cidade claro visto faltar coordenação n pandemia o papel oposição caber bancada psdb cova,política,18/08/2020 12h58 ,Redação,https://noticias.uol.com.br/ultimas-noticias/agencia-estado/2020/08/18/para-covas-oposicao-a-bolsonaro-cabe-a-bancada-do-psdb-na-camara-e-no-senado.htm,1
3516,Inauguração de estação brasileira na Antártica é adiada,Cerimônia deve acontecer na quarta-feira (15); autoridades brasileiras estão no Chile e não conseguiram embarcar por conta de condições meteorológicas desfavoráveis.,o inauguração estação antártica comandante ferraz previsto terça-feira adiar contar mau o marinho brasil divulgar noto o inauguração acontecer horário confirmar o deslocamento autoridade sair aeroporto punta arena chile o antártica contar condição meteorológico o vice-presidente hamilton mourão viajar destinar o o continente gelar participar reinauguração o principal representante governar brasileiro acompanhar o comitiva o ministrar marco ponte ciência e tecnologia chefe pastar defeso e infraestrutura representante marinho e autoridade brasileiro o voar cancelar haver janela aberto aeroporto base chileno antártica prever o desembarcar o céu encobrir região ilhar rei george e condição permitir pouso,ciência, 14/01/2020 09h08 , Por G1 ,https://g1.globo.com/ciencia-e-saude/noticia/2020/01/14/inauguracao-de-stacao-brasileira-na-antartica-e-adiada.ghtml,1
3517,Máscara inspirada em Harry Potter revela mapa apenas quando está no rosto  ,,"Uma máscara inspirada nos livros e filmes ""Harry Potter"" vendida nos Estados Unidos está chamando atenção por um truque mágico: uma vez no rosto, revela o Mapa do Maroto. Fotos no Instagram da loja, a Colorado Pony Express, mostram que basta o tecido preto entrar em contato com a respiração para ganhar a estampa do pergaminho que, na história, mostra todos os caminhos do castelo de Hogwarts, inclusive passagens secretas. Ao site Insider, a criadora da máscara Stephanie Hook disse que o produto tem o objetivo de ""trazer um pouco de mágica"" ao mundo real. ""Tento dar vida à imaginação na criação de meus produtos, garantindo que eles não sejam itens unidimensionais"", falou. ""Gosto de dar à pessoa comum itens únicos e trazer magia ao mundo real, na esperança de inspirar outros a criarem e serem criativos"".",saúde,28/05/2020 18h21 ,28/05/2020 18h21 ,https://noticias.uol.com.br/internacional/ultimas-noticias/2020/05/28/mascara-inspirada-em-harry-potter-mostra-mapa-quando-esta-no-rosto.htm,1
3518,"

Amanhã começa a nova regra do Instagram em que eles podem usar suas fotos #boato 
","Boato – Amanhã começa a nova regra do Instagram em que eles podem usar suas fotos. Para evitar, você deve copiar e colar uma declaração em sua timeline.",esquecer amanhã comedir o regrar instagram foto esquecer o prazo hoje tribunal litigação postar tornar público o hoje mensagem deletadas foto autorizar copiar e colar melhor prevenir remediar.o canal news falar o mudança político privacidade instagram autorização o o instagram o entidade ligar o o instagram foto informação mensagem posts passar futuro declaração notificar o instagram estritamente proibir divulgar copiar distribuir tomar ação mim basear n perfil e conteúdo.o conteúdo d perfil informação privar e confidencial o violação privacidade punir lei ucc 1-308-1 308-103 e o estatuto roma noto o instagram entidade público membro postar noto preferir copiar e colar versão publicar declaração tacitamente autorizar o foto o informação contido updates status perfil o instagram permissão compartilhar foto mensagem,entretenimento,31/08/2019,"
Edgard Matsuki ",https://www.boatos.org/tecnologia/amanha-comeca-nova-regra-do-instagram-fotos.html,0
3519,Coronavírus: como coágulos sanguíneos estão relacionados a mortes por covid-19  ,,coágulo causar coronavírus respostar imunológico combater o vírus d doente imobilizar o aumentar o riscar coagulação medir crescer o doente e morto médico o o redor mundo descobrir o covid-19 doença causar coronavírus complexo imaginar inicialmente e afetar o respiratório paciente órgão fígado rim intestino coração e cérebro complicação preocupante o formação incomum coágulo sanguíneo paciente covid-19 n receber anticoagulante coágulo atingir órgão pulmão coração o cérebro e causar infarto avcs consequência fatal,saúde,29/04/2020 16h02 ,Alessandra Corrêa,https://www.uol.com.br/vivabem/noticias/bbc/2020/04/29/coronavirus-como-coagulos-sanguineos-estao-relacionados-a-mortes-covid-19.htm,1
3520,"'O que vejo em humanos confinados é parecido a papagaios enjaulados arrancando as próprias penas', diz cientista","""Há um sofrimento muito verdadeiro, muito profundo, dos animais sociais que são privados de estímulos sociais e de movimento"", diz chilena Isabel Behncke, que estuda as raízes da natureza humana e de outros animais de comportamento similar.",comportamento confinamento social diferir animar social colocar cativeiro isolar efeito profundar saudar físico e mental o importância encontrar maneiro brincar jogar e rir cotidiano quarentenar ensinamento cientista chileno isabel behncke diferente formar dedicar o estudar raiz natureza humano e animar social estudar biologia santiago zoologia londres e pós-graduações conservação biológico e antropologia evolutivo reinar unir doutorar primatologia universidade oxford passar ano selva repúblico democrático congo estudar bonobos o o chimpanzé parente evolutivo vivo quarentenar dedicar o escrever livrar o experiência estudo ajudar o entender e efeito o quarentenar imposto pandemia exercer indivíduo e espécie e sentir atividades trivial almoçar colega trabalhar passear,ciência, 26/07/2020 11h44 , Por BBC ,https://g1.globo.com/ciencia-e-saude/noticia/2020/07/26/o-que-vejo-em-humanos-confinados-e-parecido-a-papagaios-enjaulados-arrancando-as-proprias-penas-diz-cientista.ghtml,1
3521,"
  A repórter com traje de proteção fazia matéria sobre fábrica de roupas para profissionais da saúde","A foto de uma jornalista com equipamentos de proteção em frente a uma câmera, enquanto o cinegrafista que a filma vestia roupas usuais, voltou a ser compartilhada nas redes em abril de 2021 com a afirmação de que esse é um exemplo de como a mídia fabrica pânico durante pandemia de covid-19. Mas a imagem, de março de 2020, foi registrada durante a realização de uma reportagem sobre uma fábrica local de roupas de proteção para profissionais da saúde, na qual a repórter experimentou um dos trajes para demonstrá-lo em uma aparição ao vivo.Envie-nos por WhatsApp Email","“ o mídia fabricar o pânico o repórter tá luva máscara e roupar especial e o cameraman ” questionar publicação compartilhar 63,9 facebook o março e voltar o viralizar rede abril 2021(1 o imagem circular amplamente instagram e twitter usuário questionar o gravidade pandemia e criticar o imprensar entanto comentário publicação imagem facebook indicar o contexto original registrar reportagem fábrica traje proteção",saúde,8/04/2021 às 21:52,AFP Brasil,https://checamos.afp.com//reporter-com-traje-de-protecao-fazia-materia-sobre-fabrica-de-roupas-para-profissionais-da-saude,0
3522,Diferença entre resultados de pesquisa e de eleição não implica fraude  ,,o tuíte ex-deputado roberto jefferson ptb sugerir falso pesquisar eleitoral portar alegrar o o comparar o percentual estudar o resultar urna o atual presidente ptb escrever redar social pesquisar fake o análise prévio intenção voto válido e registrar tribunal superior eleitoral tse passar rito legais.o resultar votação ficar realmente margem errar levantamento ibope e divulgar novembro dia pleito entanto especialista consultar verificação variação possibilidade e provar haver errar tampouco intenção fraudar,política,24/11/2020 16h31 ,"Do UOL, em São Paulo*",https://noticias.uol.com.br/comprova/ultimas-noticias/2020/11/24/diferenca-entre-resultados-de-pesquisa-e-de-eleicao-nao-implica-fraude.htm,0
3523,"

Compartilhe vídeo de bebê com câncer que dança para ele ganhar doação do Whatsapp #boato 
","Boato – Cada vez que você compartilhar um vídeo de um bebê que tem câncer e está dançando, o WhatsApp vai pagar R$ 1 para o tratamento.","nenenzinho câncer sangue e o gente compartilhar o foto o mãe d criança ganhar real o tratamento e o gente compartilhar tá compartilhar tá ajudar o whatsapp pago o mãe d real compartilhamento d neném.a cirurgía r$ 18.000,00 feito o vidar esperar sus o whatsapp pagar r$ 1,00 o msg fôr repassar salvar o vidar d criança",entretenimento,29/09/2019,"
Edgard Matsuki ",https://www.boatos.org/tecnologia/compartilhe-video-bebe-com-cancer-que-danca-doacao-whatsapp.html,0
3524,É enganoso que trecho de ferrovia em GO seja obra do governo Bolsonaro,,trecho mostrar vídeo viralizou facebook concluir e governar bolsonaro afirmar o publicação conceder iniciativo privar março leilão realizar início governar bolsonaro anunciar mandatar michel temer,política,2020/12/08,Comprova,https://projetocomprova.com.br/publicações/e-enganoso-que-trecho-de-ferrovia-em-go-seja-obra-do-governo-bolsonaro/,0
3525,"

Atacadão está doando 250 mil cestas básicas por causa do coronavírus #boato 
","Boato – A rede Atacadão está, por causa da pandemia do novo coronavírus, doando 250 mil cestas básicas para quem entrar em um site e compartilhar um link com amigos no WhatsApp.",solidariedade o família passar necessidade contar corona vírus redar atacadão doar 250.000 cesta básico retirar o site responder atualmente passar necessidade criança pequeno casar desejar receber cesta básico totalmente grátis cesta básico separar autenticar solicitação e confirmar robô clicar compartilhar e avisar amigo whatsapp informação compartilhar escolher retirar receber casar cesta básico receber o confirmação o minuto compartilhar status procedimento obrigatorio,entretenimento,14/04/2020,"
Edgard Matsuki ",https://www.boatos.org/tecnologia/atacadao-doando-250-mil-cestas-basicas-coronavirus.html,0
3526,"Mergulho, tours, receitas e shows: um programão para fazer turismo em casa  ",,semana o mundo turismo trocar inspirador hashtags viagem campanha naocanceleremarque e viajedepois prever real dano o o setor turístico o brasileiro isolar sofá casar comedir o encontrar cenário atrativos o o redor brasil seguir fechar o o público empresário investir ações manter o turismo movimentar lista atrações e destino possibilitar viajar brasil sair casar opção festival online músico nordestino o curso mergulhar internet,saúde,04/04/2020 04h00 ,Eduardo Vessoni,https://www.uol.com.br/nossa/noticias/redacao/2020/04/04/mergulho-tours-receitas-e-shows-programe-se-para-o-fiqueemcasa-criativo.htm,1
3527,Ampliação da CPI da Covid levanta controvérsia sobre convocação de governadores  ,,"A ampliação do escopo da CPI da Covid, que vai incluir a investigação do envio de verbas federais para Estados e municípios, levanta a controvérsia sobre a convocação de governadores para prestar esclarecimentos no Congresso. Segundo o Estadão apurou, a área técnica do Senado se divide sobre o tema. Em 2012, o ministro Marco Aurélio Mello, do Supremo Tribunal Federal (STF), livrou o então governador de Goiás, Marconi Perillo (PSDB), de prestar depoimento à CPI do Cachoeira, criada para investigar as relações entre parlamentares e o contraventor Carlinhos Cachoeira. Naquela decisão, Marco Aurélio Mello apontou a impossibilidade de uma CPI vir a convocar um governador, seja na condição de testemunha ou investigado. ""Os Estados, formando a união indissolúvel referida no artigo 1º da Constituição Federal, gozam de autonomia e esta apenas é flexibilizada mediante preceito da própria Carta de 1988"", observou o ministro em novembro de 2012. Cinco meses antes, porém, Perillo já havia prestado um depoimento de oito horas à mesma CPI, negando irregularidades.",política,14/04/2021 18h53 ,Rafael Moraes Moura e Lauriberto Pompeu,https://noticias.uol.com.br/ultimas-noticias/agencia-estado/2021/04/14/ampliacao-da-cpi-da-covid-levanta-controversia-sobre-convocacao-de-governadores.htm,1
3528,Bolsonaro elogia Pazuello e diz: dificilmente teria um médico na Saúde  ,,rede social o presidente jair bolsonaro elogiar o atuação ministrar interino saudar gestor pastar afastar o possibilidade nomear médico o,saúde,25/06/2020 21h51 ,25/06/2020 21h51 ,https://noticias.uol.com.br/videos/2020/06/25/bolsonaro-elogia-pazuello-e-diz-dificilmente-teria-um-medico-na-saude.htm,1
3529,Filho de Genival Lacerda lamenta morte do pai: 'Perdi meu melhor amigo'  ,,joão lacerda músico e filhar cantor genival lacerda lamentar o morte pai o ano vítima covid-19 instagram joão postar foto o o pai d durante internação e homenagem legendar hoje perder amigo vidar amigar músico ensinamento amigar horar brigar brigar e minuto lembrar brigar guardar mágoa ninguém anjo guardar luzir vidar hoje viagem ficar o o senhor deus joão lacerda o morte pai o músico completar lembro-me sorriso apertar mão aprender o viver imagem e lembrança pai paz pai amarar,saúde,07/01/2021 08h49 ,07/01/2021 08h49 ,https://tvefamosos.uol.com.br/noticias/redacao/2021/01/07/filho-de-genival-lacerda-lamenta-morte-do-pai-perdi-meu-melhor-amigo.htm,1
3530,Sair de casa 1 vez por semana e sem transporte: a situação dos brasileiros na Bolívia  ,,o infecção viral causar coronavírus afetou pessoa e causar morte bolívia cercar brasileiro residir país o estudante dividir o restrição sair s ruir e o precário saudar boliviano decidir voltar provisoriamente o o brasil preferir ficar o reportagem rfi conversar o advogar henrique souza e o cabeleireiro jane benedita silvar tomar decisão oposto o aparecimento casar covid-19 março o governar provisório jeanine áñez impor o emergência nacional policiar e militar incluir marinho participar operação controlo garantir cidadão sair s ruir semana e horário autorizar o cabeleireiro jane contar funcionar regrar distanciamento social bolívia,saúde,11/04/2020 05h18 ,"Elianah Jorge, correspondente da RFI na Bolívia",https://noticias.uol.com.br/ultimas-noticias/rfi/2020/04/11/brasileiros-descrevem-situacao-complicada-na-bolivia-diante-da-epidemia-de-coronavirus.htm,1
3531,"Dia das Mães pode gerar uma nova onda de contágios, alerta epidemiologista  ",,o natal e o ano o dia mãe gerar onda contágio covid-19 brasil o análise feito epidemiologista e professor medicinar usp paulo lotufo entrevisto globonews hoje preocupação imediato o semana o dia mãe o comércio dia mãe o melhor dia vender natal o acontecer natal verdadeiro catástrofe aglomeração loja casar declarar o epidemiologista globonews lotufo relembrar dever s aglomeração festa ano o país família inteiro internar infectar o coronavírus,saúde,29/04/2021 14h36Atualizada em 29/04/2021 14h39 ,29/04/2021 14h36Atualizada em 29/04/2021 14h39 ,https://noticias.uol.com.br/saude/ultimas-noticias/redacao/2021/04/29/dia-das-maes-pode-gerar-uma-nova-onda-de-contagios-alerta-epidemiologista.htm,1
3532,Lula ironiza chapa com Huck e Moro em 2022: 'Cada hora inventam uma coisa'  ,,o ex-presidente lula pt ironizar o notícia o ex-juiz e ex-ministro justiçar sergio morar e o apresentador tv globo luciano huck conversar aliançar o eleição presidencial reportar hoje o jornal folhar s.paulo preparar chapar huck morar ... horar inventar o único admitir voltar o pt e o brasil inclusão social afirmar o político petista basto habeas corpus haver ano esperar julgamento politicamente pra conveniente acrescentar lula referindo-se tentativo anular condenação casar tríplex guarujá,política,08/11/2020 14h09 ,08/11/2020 14h09 ,https://noticias.uol.com.br/politica/ultimas-noticias/2020/11/08/lula-ironiza-chapa-com-huck-e-moro-em-2022-cada-hora-inventam-uma-coisa.htm,1
3533,"Covid: com 2.207 mortos em 24 h, país chega a 50 dias de média acima de mil  ",,dia registrar o recordar 2.349 morte causar covid-19 horar o brasil voltar o computar 2.000 óbito doença n quinta-feira reportar 2.207 óbito e hoje 13º dia consecutivo apresentar o alto médio diário morte pandemia 1.705 dia consórcio veículo imprensar o uol base informação transmitir secretariar estadual saudar o país somar 273.124 óbito e 11.284.269 infectar 78.297 caso registrar e hoje dia seguir o médio diário morte acima o período longo março o décimo dia consecutivo vítima reportar intervalar horar,política,11/03/2021 19h21Atualizada em 11/03/2021 21h52 ,11/03/2021 19h21Atualizada em 11/03/2021 21h52 ,https://noticias.uol.com.br/saude/ultimas-noticias/redacao/2021/03/11/covid-19-coronavirus-mortes-casos-11-de-marco.htm,1
3534,"

Lula é hostilizado em Governador Valadares (MG) ontem (em 2020) #boato 
","Boato – Vídeo mostra caravana de Lula sendo hostilizada ontem, em Governador Valadares (MG), antes de comício na cidade. Caso ocorreu em 2020. ",“ recepção o o lula gov valadares mg repassar dó ” “ caravana lula governador valadares ô glória ” “ recepção governador valadares /mg ” “ recepção o o luladrão governador valadares mg o criatura passar vergonha ” “ lula chegar fundir poço recepção governador valadares mg semana vídeo o grito “ ladrão ” e adjetivo o brasil cansar d personagem ”,política,07/02/2020,"
Kyene Becker ",https://www.boatos.org/politica/lula-hostilizado-governador-valadares-mg-ontem-2020.html,0
3535,França já fez testes nucleares na Ásia e foi processada pela poluição do ar  ,,o frança presidente emmanuel macron protagonizar discussão internacional episódio queimar e desmatamento amazônia macron acusar o presidente brasileiro jair bolsonaro mentir o clima e declarar o acordar união europeu o mercosul acabar encontrar g7 encontrar economia mundo recentemente frança apesar o situação desmatamento e queimar amazônia gravar ano historicamente o frança emitir poluente o brasil d o francês processar realizar teste nuclear ásia e mau qualidade ar região parir durante o trocar crítico bolsonaro e macron o general villas-bôas ex-comandante exército brasileiro chegar o citar o nuclear posts twitter,mundo,03/09/2019 04h01Atualizada em 17/09/2019 16h00 ,Lucas Borges Teixeira,https://noticias.uol.com.br/confere/ultimas-noticias/2019/09/03/franca-teste-nuclear-poluicao-ar-amazonia-macron-bolsonaro.htm,0
3536,É falsa a corrente que fala em “etapa máxima de infecção” pelo novo coronavírus até 3 de abril,,especialista o brasil início curvo crescimento covid-19 e proibir sair casar o ministério saudar recomendar pessoa evitar o o sair casar brasileiro adotando medir quarentenar o fechamento serviço essencial,saúde,2020/03/30,Comprova,https://projetocomprova.com.br/publicações/e-falsa-a-corrente-que-fala-em-etapa-maxima-de-infeccao-pelo-novo-coronavirus-ate-3-de-abril/,0
3537,"No Brasil, maioria dos pacientes com hipertensão e diabetes faz acompanhamento de saúde no SUS",,"percepção saudar estilo vidar doença crônicas e saudar bucal temer abordar módulo pesquisar nacional saudar pns divulgar n quarta-feira instituto brasileiro geografia e estatístico ibge parceria o ministério saudar o pesquisar entrevistar pessoa ano idade entanto comparar resultar pns considerar o população ano “ o pesquisar importante nortear político ministério saudar principalmente s doença crônicas e saudar bucal o pastar trabalhar n liberar recurso e ampliar equipar melhorar o atendimento o brasil o análise detalhar d continuar implementar político e qualificar ações andamento ” destacar o secretário atenção primário saudar raphael parente pesquisar o único saudar sus referência atendimento brasileiro possuir doença crônicas não-transmissíveis dcnt o pesquisar levantar indivíduo alegar diagnóstico hipertensão o frequentar doença crônicas 38,1 milhão pessoa n condição d 72,2 afirmar receber assistência médico hipertensão haver ano país – 66,4 haver realizar consulto sus posto saudar unidade citar 46,6 paciente procurar consulto",saúde,18/11/2020 15h41,Ministério da Saúde(61) 3315-3580 / 2351,https://www.gov.br/saude/pt-br/assuntos/noticias/no-brasil-maioria-dos-pacientes-com-hipertensao-e-diabetes-faz-acompanhamento-de-saude-no-sus,1
3538,"

OMS vai recomendar oficialmente ivermectina para tratar Covid-19 #boato 
",Boato – Organização Mundial da Saúde (OMS) decidiu recomendar o uso da ivermectina no tratamento contra a Covid-19. ,“ o oms – organização mundial saudar recomendar oficialmente o ivermectina tratamento praga chinês começar processo milionário o mídia prefeito governador médico membro supremo político facebook instagram youtube twitter ”,mundo,26/03/2021,"
Kyene Becker ",https://www.boatos.org/mundo/oms-vai-recomendar-ivermectina-tratar-covid-19.html,0
3539,Bolsonaro chama Renan de 'vagabundo' e diz que CPI da Covid comete 'crime',,o presidente jair bolsonaro chamar o relator cpi covid renan calheiros mdb-al vagabundar — haver utilizar véspera senador flávio bolsonaro republicanos-rj — e o comissão cometer crime o declaração ocorrer durante evento manhã d quinta-feira maceió al natal renan bolsonaro acompanhar adversário locar senador o presidente câmara arthur lira pp-al e o senador fernando collor pros-al — fácil alguém picareta vagabundar querer atrapalhar o trabalhar d produzir jesus traidor vagabundar inquirir pessoa país crime o acontecer n cpi — discursar bolsonaro apesar citar o nome renan o presidente repetir o filhar flávio o relator quarta-feira renan pedir o prisão ex-secretário comunicação fabio wajngarten durante depoimento cpi o governador alagoa renan filhar filhar renan calheiros o o globo convidar agendar bolsonaro d — o presidente compromisso d entregar casar o plateia gritar diverso renan vagabundar e renan bolsonaro gesto incentivar o grito o presidente renan show cpi o intenção derrubar o tentativo efeito — o recadar indivíduo show derrubar deus tirar d cadeira discursar bolsonaro renan haver sessão d cpi o presidente provação o o viajar alagoa — hoje o presidente repúblico o alagoa inaugurar obrar estadual evidente provocação o comissão parlamentar inquérito o respostar o ofenso aprofundar o investigação,brasil, Publicado em  13/05/21 12:14 ,Daniel Gullino,https://extra.globo.com/noticias/brasil/bolsonaro-chama-renan-de-vagabundo-diz-que-cpi-da-covid-comete-crime-25015631.html,1
3540,DF fecha parceria com universidade pública para reforçar exames da covid-19  ,,o governar distrito federal fechar parceria o universidade brasília unb reforçar o realização teste coronavírus o expectativa proporcionar exame dia o quantiar representar o dobrar capacidade atual saudar df o governador df ibaneis rocha haver caso coronavírus confirmar unidade federação o exame aguardar contraprovar casar confirmar o pessoa covid-19 df chegar o n sexta-feira acordar o levantamento divulgar ministério saudar haver caso confirmar df país registro chegar o quinta-feira atualização feito instante,saúde,20/03/2020 16h50 ,Julia Lindner,https://noticias.uol.com.br/ultimas-noticias/agencia-estado/2020/03/20/df-fecha-parceria-com-universidade-publica-para-reforcar-exames-da-covid-19.htm,1
3541,"É #FAKE que site vacinaja, do governo de SP, seja golpe","Na verdade, o site https://vacinaja.sp.gov.br/ não é o site do golpe que tem sido alardeado, de acordo com o governo do estado de São Paulo. Página serve para pré-cadastro da vacinação contra a Covid. ",circular rede social mensagem afirmar o site vacinaja governar paulo golpe o mensagem falso base notícia real o ministério saudar alertar golpe falsar agendamento vacinação título d reportagem o autor mensagem falso escrever cuidar gente o site golpe,entretenimento, 19/01/2021," Por Roney Domingos, G1 ",https://g1.globo.com/fato-ou-fake/coronavirus/noticia/2021/01/19/e-fake-que-site-vacinaja-do-governo-de-sp-seja-golpe.ghtml,0
3542,Faturamento da Apple supera expectativas com forte receita de iPhones,"Receita de US$ 26,42 bilhões no 2º trimestre foi impulsionada pela forte demanda nas Américas e na Europa.","o apple divulgar n quinta-feira aumento inesperado receitar trimestral e vender iphone impulsionar forte demandar américas e europa conformar medir isolamento pandemia afrouxar e consumidor voltar o gastar produto e serviço o empresar resultar acima expectativa wall street reportar alto receitar anual categoria produto e região incluir categoria haver ofuscar ipads e macs impulsionar consumidor trabalhar e estudar casar resultar sair dia eua relatar produto internar bruto pib entrar colapso cair 32,9 trimestre desempenhar o depressão cercar vender proveniente mercar internacional o apple mostrar imune o choque mercar e receitar 26,42 bilião dólar vender iphones acima expectativa analista 22,37 bilião dólar acordar ibes refinitiv",política, 30/07/2020 20h54 , Por Reuters ,https://g1.globo.com/economia/tecnologia/noticia/2020/07/30/receita-da-apple-supera-expectativas-com-forte-receita-de-iphones.ghtml,1
3543,"
  Grã-Bretanha não reconheceu mais hospitalizações de vacinados, é uma projeção científica","“O governo britânico reconhece em um documento oficial que ‘o ressurgimento de hospitalizações e mortes é dominado por aqueles que receberam duas doses da vacina’”, essa era a afirmação vista em publicações compartilhadas dezenas de vezes nas redes sociais desde o último dia 6 de maio. O texto ao qual fazem referência é, na verdade, uma projeção dos cenários que podem ocorrer no Reino Unido e não retrata a situação atual da pandemia de coronavírus.Envie-nos por WhatsApp Email","“ e organização mundial saudar oms facebook app censurar compartilhar informação verdadeiro o bori johnson declaração ” o legendar publicação compartilhar facebook acompanhar foto primeiro-ministro britânico bori johnson e o chamar ressurgimento hospitalização o alegação encontrar telegram 15,8 usuário visualizar o conteúdo twitter indicação semelhante circular o dia abril mencionar supor reconhecimento governar reinar unir afirmação igualmente feito francês e espanhol postagens português disponibilizar o link o site tierra puro indicado-o fonte",saúde,21/05/2021 às 21:39,"Marie Genries Genries, AFP Bélgica",https://checamos.afp.com//gra-bretanha-nao-reconheceu-mais-hospitalizacoes-de-vacinados-e-uma-projecao-cientifica,0
3544,"

Edson Celulari morre aos 58 anos vítima de câncer #boato 
","Boato – Morreu, aos 58 anos, o ator Edson Celulari no Rio de Janeiro. Ele foi vítima de câncer e teve um infarto.",morrer o ano vítima câncer rir janeiro o ator edson celulari,entretenimento,,"
Edgard Matsuki ",https://www.boatos.org/entretenimento/edson-celulari-morre-cancer.html,0
3545,Coronavírus: FMI prevê contração econômica de 3%  ,,"o fundir monetário internacional estimar o pandemia covid-19 provocar recessão global contração econômica brasil o produto internar bruto encolher 5,3",saúde,14/04/2020 12h40 ,14/04/2020 12h40 ,https://noticias.uol.com.br/videos/afp/2020/04/14/coronavirus-fmi-preve-contracao-economica-de-3.htm,1
3546,Pazuello ganha uma aparência de boi de piranha  ,,o injustiça cometer eduardo pazuello atribuir o o general o responsabilidade condução precário pandemia coronavírus brasil o implosão doutorar henrique mandetta e nelson teich antecessor pazuello o cargo ministrar saudar ocupar jair bolsonaro acumular o ministério função presidente repúblico o subordinação general o o capitão seguir lógico militar palavra pazuello mandar o outro obedecer pressão o procurador-geral repúblico augusto arar pedir o o supremo tribunal federal o abertura inquérito investigar o conduta pazuello colapso atendimento saudar amazona o investigação autorizar cortar eloquente indício avisar previamente faltar oxigênio hospital manaus o ministério saudar demorar o agir dia iminente colapso atendimento paciente covid o ministério entregar manaus unidade hidroxicloroquina o remédio predileto bolsonaro o pastar saudar enviar remédio inútil combater covid hospital e posto saudar lidar paciente perder o vidar cilindro oxigênio pedir encaminhar o o supremo augusto arar classificar fato grave levantar o hipótese ocorrer omissão o investigação necessário municiar ação judicial contar o ministrar,política,25/01/2021 20h23 ,25/01/2021 20h23 ,https://noticias.uol.com.br/colunas/josias-de-souza/2021/01/25/pazuello-ganha-uma-aparencia-de-boi-de-piranha.htm,1
3547,"Morre Casildo Maldaner, ex-governador de SC, aos 79 anos  ",,o ex-governador santo catarino casildo maldaner morrer noite o ano o político vítima câncer e internar domingo hospital florianópolis noto o mdb catarinense confirmar o morte maldaner realização e conquistar casildo lembrar determinação alegria e forçar presidente honrar mdb dedicou-se motivar e estimular base e apoiar liderança surgir o comunicar maldaner o vidar público vereador modelar presidente mdb santo catarino deputar estadual deputar federal e senador eleito vice-governador e assumir o gestão o morte pedrar ivo,política,18/05/2021 09h44 ,Colaboração para o UOL,https://noticias.uol.com.br/politica/ultimas-noticias/2021/05/18/morre-casildo-maldaner-sc.htm,1
3548,Fachin valida acordo da PGR com operador que diz ter repassado verba destinada a Renan Calheiros,"Acordo é primeiro de não persecução penal homologado pelo STF. Pelo acerto, Durval da Costa confessa corrupção. Senador contesta e diz que não conhece Costa.",o ministrar supremo tribunal federal stf edson fachin homologar o acordar persecução penal fechar o procuradoria-geral repúblico pgr e durval rodrigar costa entregar dinheiro destinar o o senador renan calheiros mdb-al o acordar d validar stf e o celebrar gestão procurador-geral augusto arar o acordar persecução penal fechar arar o ministrar cidadania onyx lorenzoni dem e tramitar supremo o acordar persecução penal prever chamar pacote anticrime entrar vigor comedir lei o mp fechar acordo denunciar investigar justiçar confessar o crime e cumprir termo acertar procurador o acordar fechar o crime peno mínimo inferior o ano acertar durval confesso cometer corrupção ativa e comprometer o prestar serviço comunidade ano e dia pagar r$ o entidade público o indicar,política, 28/09/2020 17h48 ," Por Fernanda Vivas e Márcio Falcão, TV Globo — Brasília ",https://g1.globo.com/politica/noticia/2020/09/28/fachin-homologa-acordo-da-pgr-com-operador-que-diz-ter-repassado-dinheiro-destinado-a-renan.ghtml,1
3549,"

Bolsonaro descobriu R$ 23 bilhões do PIS/PASEP escondidos por Lula e o PT #boato 
",Boato – Presidente Jair Bolsonaro encontrou R$23 bilhões do PIS/PASEP escondidos para serem desviados por Lula e o PT e manda devolver o dinheiro.,presidente bolsonaro descobrir e bilião real pi pasep trabalhador escondido lula e pt.esse dinheiro desviar indignar crime trabalhador bolsonaro mandar devolver o dinheiro o trabalhador prestar atenção o o vídeo e receber voltar o dinheiro …,política,21/12/2019,"
Kyene Becker ",https://www.boatos.org/politica/bolsonaro-descobriu-23-bilhoes-pis-pasep-lula-pt.html,0
3550,"Reinfecção mais grave por variante do coronavírus traz novo alerta sobre as mutações, diz cientista","Pesquisadora com maior número de publicações sobre covid-19 no país, Marta Giovanetti tem acompanhado de perto as novas linhagens do vírus que têm preocupado a comunidade científica.",o virologista marta giovanetti acompanhar variante coronavírus preocupar o mundo semana o cientista italiano chegar o o brasil e realizar pesquisar genoma vírus chikungunya zika dengue febre amarelo e o ano passar sars-cov-2 o pesquisador residência país o publicação o covid-19 e o citar conformar levantamento outubro agência usp gestão informação acadêmica n estudo publicar e citação trabalhar laboratório flavivírus instituto oswaldo cruz ioc fiocruz rir janeiro colaborar laboratório itália e o brasileiro frente programar vigilância genômica coronavírus áfrico sul tulio oliveira diretor laboratório krisp escola medicinar nelson mandela,ciência, 28/01/2021 17h56 , Por BBC ,https://g1.globo.com/bemestar/coronavirus/noticia/2021/01/28/reinfeccao-mais-grave-por-variante-do-coronavirus-traz-novo-alerta-sobre-as-mutacoes-diz-cientista.ghtml,1
3551,Idoso perde controle do carro e atropela 5 em agenda de Márcio França em SP  ,,homem ano passar dirigir perder o controlo carro e atropelar pessoa agendar campanha candidatar o prefeito paulo márcio frança psb adesivaço ocorrer ruir tamaindé carrão zonar ler cidade fiat paliar atingir veículo estacionar frança agendar conversar eleitor o acidentar acontecer acionado o resgatar socorrer apoiadores candidatar vítima levar o hospital vitória prontos-socorros tatuapé e nhocuné tratar escoriação pessoa,política,11/10/2020 08h58Atualizada em 11/10/2020 09h12 ,Wanderley Preite Sobrinho,https://noticias.uol.com.br/eleicoes/2020/10/11/idoso-perde-controle-do-carro-e-atropela-5-em-agenda-de-marcio-franca-em-sp.htm,1
3552,"Alegando suspeita de Covid, Pazuello comunica que não vai depor na CPI da Covid",,o ex-ministro saudar eduardo pazuello comunicar cpi covid comparecer presencialmente o o depoimento senado marcar quarta-feira ofício pazuello afirmar contato pessoa infectar covid-19 e presencialmente o o senado semana sugerir alternativo manter o datar sessão formato remoto o aceitar membro colegiado o presidente comissão senador omar aziz psd-am marcar depoimento d o dia d ficar o dia maio documentar enviar o aziz psd-am o secretário-geral exército francisco humberto montenegro junior atestar pazuello contato servidor executivo acometer covid-19 apesar sugestão o ex-ministro o testar o covid-19 aziz preferir confiar palavra representante exército e adiar o depoimento senador governista defender pazuello prestar depoimento remoto n quarta-feira ciro nogueira pp-pi aliar presidente jair bolsonaro e membro cpi argumentar acordar pessoa depor remotamente ressaltar pazuello querer adiar oitiva o o 20-4-21 omar aziz esclarecer permitir depoimento remoto cpi haver subterfúgio depoimento o link cair negar acordar haver oitivas remoto e decisão referir presença senador sessão remoto o relator cpi renan calheiros mdb-al sugerir pazuello testar covid demonstrar vontade o comissão respostar aziz basto o exército comunicar comissão pazuello contato pessoa covid — haver subterfúgio presidência esperar comunicar comandar exército o ministrar pazuello contato pessoa covid exame nenhum o exército fé público e o comandante exército fé público mim acontecer precisar pedir nenhum testar aziz o senador esperar dia quarentenar pazuello ouvir e preferível o o depoimento remoto o comissão reunir hoje começar o ouvir o ex-ministro luiz henrique mandetta o depoimento nelson teich adiar amanhã outubro ano passar pazuello anunciar infectar covid-19 e chegar o internar hospital forçar armar hfa brasília temer o depoimento ex-ministro saudar o palácio planalto treinar pazuello sábado conformar revelar o globo o general vestir principal alvo cpi covid — o ministrar pazuello contato coronel auxiliar d n semana covid o informação quarentenar e virar depor amanhã oficial extra-oficial conversar comigo mandar ... — omar aziz durante o sessão — andar máscara e o cpi — ironizar o senador eliziane gamo cidadania-ma oposição,brasil, Publicado em  04/05/21 10:52 ,"Natália Portinari, Julia Lindner e André Souza",https://extra.globo.com/noticias/brasil/alegando-suspeita-de-covid-pazuello-comunica-que-nao-vai-depor-na-cpi-da-covid-rv1-1-25001828.html,1
3553,Setor de máquinas diz que também enfrenta risco de parada  ,,"o insumo acometer montador problema identificar diverso cadeia produtivo país setor máquina e equipamento pesquisar setorial elaborar n mostrar 1,6 empresar setor correr riscar parar fornecimento matéria-prima sofrer algum paralisação processar produtivo o levantamento mostrar 43,5 companhia receber estimativo o prazo semana entregar aço o problema desabastecimento começar setembro o presidente associação brasileiro indústria máquina e equipamento abimaq josé velloso o crise concentrar n empresar comprar diretamente siderúrgico escalar e aquisição redar distribuição aço o presidente associação brasileiro indústria plástico abiplast josé ricardo roriz o problema desabastecimento observar representar o início plástico casar o crescimento economia brasileiro sustentar e anualmente roriz explicar hoje o indústria plástico trabalhar capacidade enfrentar problema insumo casar o polipropileno e o pvc",saúde,12/12/2020 13h20 ,Fernanda Guimarães,https://economia.uol.com.br/noticias/estadao-conteudo/2020/12/12/setor-de-maquinas-diz-que-tambem-enfrenta-risco-de-parada.htm,1
3554,Veja o que é #FATO ou #FAKE nas declarações do ministro Marcelo Queiroga na CPI da Covid,Titular da pasta da Saúde prestou depoimento pela 2ª vez.,o ministrar saudar marcelo queiroga prestar depoimento n terça-feira 8) cpi covid senado o equipar fato fake checar principal declaração d ler “'campeonato brasileiro futebol acontecer cem ambientar controlar público o estádio e haver casar positivar”,política, 08/06/2021," Por Roney Domingos, Thiago Reis, Vinícius Cassela e Lucas França, G1, TV Globo e O Globo ",https://g1.globo.com/fato-ou-fake/noticia/2021/06/08/veja-o-que-e-fato-ou-fake-nas-declaracoes-do-ministro-marcelo-queiroga-na-cpi-da-covid.ghtml,0
3555,"Beber água em horários específicos não evita derrames ou ataques cardíacos, dizem especialistas","Beber apenas um copo d’água em horários específicos do dia pode evitar múltiplos problemas de saúde, como derrames e ataques cardíacos, garantem publicações compartilhadas mais de 215 mil vezes em redes sociais de 2012 até 2021. No entanto, embora especialistas reconheçam que se hidratar é importante para manter uma boa saúde, essa hidratação não precisa ocorrer em horários pré-determinados e não evita, sozinha, as doenças citadas.Envie-nos por WhatsApp Email",“ cercar ataque coração ocorrer manhã e minimizar tomar copo água bebido alcoólico cervejar repousar noite ” comedir o texto amplamente compartilhar facebook e instagram o mensagem continuar citar o usuário hidratar “ maximizar efetividade corpo humanar ” “ copar água acordar ajudar o ativar órgão interno copar água minuto refeição ajudar o digestão copar água tomar banhar ajudar o baixar o pressão sanguíneo copar água o cama evitar derramar cerebral atacar coração ”,brasil,23/02/2021 às 17:15,"AFP Brasil, AFP Espanha, Natalia Sanguino",https://checamos.afp.com//beber-agua-em-horarios-especificos-nao-evita-derrames-ou-ataques-cardiacos-dizem-especialistas,0
3556,verdade “ fantasma ” assustar homem beber água,,o página informar o vídeo visualizar cercar milhão vezar gravar e o história fundir background existir umar palavra o respeitar d “ assustador ”,entretenimento,11/03/2019,marco faustino,https://www.e-farsas.com/sera-verdade-que-um-fantasma-assustou-um-homem-enquanto-ele-bebia-agua.html,0
3557,Câmara aprova PL que autoriza contratação privada de UTIs para o SUS  ,,"o câmara aprovar o texto-base projeto criar o programar pró-leitos durante o pandemia covid-19 o objetivo incentivar hospital o colocar leito clínico e uti redar privar único saudar sus deputar avaliar destaque mudar o teor proposto aderir o o programar pessoa físico e jurídico deduzir o investir impor render o limitar renúncia fiscal r$ 2,5 bilião e o benefício valer inadmissível pessoa morrer leito uti locar haver hospital privar leito vago o relator hiran gonçalves pp-rr recusar emendar plenário apresentar parlamentar",saúde,24/03/2021 20h15 ,Anne Warth,https://noticias.uol.com.br/ultimas-noticias/agencia-estado/2021/03/24/camara-aprova-texto-base-de-pl-que-cria-incentivo-para-ampliar-leitos-de-covid.htm,1
3558,"Coronavírus: Nova Zelândia reabrirá escolas, cinemas e bares nos próximos dias  ",,o primeira-ministra zelândia jacinda ardern anunciar hoje detalhe — estabelecido — relaxamento medir combater propagação covid-19 o doença provocar coronavírus o país dia o abertura gradual quase atividade econômica e social retomar aula cinema e diverso estabelecimento servir comido e bebido voltar o funcionar o governar entanto manter norma distanciamento social ruir quase economia reabrir o chefe governar entrevisto coletiva n quinta-feira funcionar cinema restaurante cafeterias e academiar d semana exatamente o retomar aula escola país seguir dia previsto o reabertura bar limitação atendimento cliente,saúde,11/05/2020 15h25 ,11/05/2020 15h25 ,https://noticias.uol.com.br/ultimas-noticias/efe/2020/05/11/nova-zelandia-reabrira-escolas-cinemas-e-bares-nos-proximos-10-dias.htm,1
3559,"'Nunca tive desentendimentos com o presidente', diz Paulo Guedes  ",,o ministrar economia paulo guedes afirmar hoje enfrentar problema o presidente jair bolsonaro o declaração entrevisto coletiva concedido n o o general walter braga netto ministro-chefe casar civil tratar ações combater o o coronavírus guedes afirmar haver divergência e braga netto haver nenhum chocar e o presidente e o casar civil afirmar o ministrar declarar o crise saudar o governar federal deixar priorizar o econômica o crise saudar alguém achar balear cair chão e confusão mundo focar saudar alguém correr bater o carteiro e sair correr observar o presidente o missão d noção e conhecer o programar acrescentar,saúde,29/04/2020 17h39 ,29/04/2020 17h39 ,https://noticias.uol.com.br/politica/ultimas-noticias/2020/04/29/nunca-tive-desentendimentos-com-o-presidente-diz-paulo-guedes.htm,1
3560,Fogo ameaça parque nacional e terras indígenas na Ilha do Bananal  ,,"Considerada a maior ilha fluvial do mundo, a Ilha do Bananal, no Tocantins, está sendo afetada pelos incêndios que, nos últimos meses, se espalharam por extensas áreas das regiões Norte e Centro-Oeste do país. Segundo a Defesa Civil estadual, equipes do Exército e brigadistas estão tentando apagar o fogo, que já dura pelo menos 20 dias. Desde 20 de agosto, quando o presidente Jair Bolsonaro autorizou o emprego das Forças Armadas no combate aos incêndios e queimadas florestais em todo o estado, as ações estão sendo coordenadas pelas Forças Armadas, em conjunto com os órgãos estaduais. ""As últimas informações que recebemos é que a situação está sob controle, mas que ainda há alguns focos de incêndio, conforme é possível ver também nas imagens de satélite"", disse o diretor-executivo da superintendência estadual de Proteção e Defesa Civil, major Alex Matos Fernandes. Com cerca de 25 mil km², a Ilha do Bananal é uma extensa porção de terra entre os rios Javaés e Araguaia, na chamada Planície do Cantão, próximo à divisa com Goiás. Parte de seu território é ocupado pelo Parque Nacional do Araguaia, administrado pelo Instituto Chico Mendes de Conservação da Biodiversidade (ICMBio), autarquia federal vinculada ao Ministério do Meio Ambiente. A outra parte é ocupada por reservas indígenas, como a Terra Indígena Inãwébohona e a Terra Indígena Utaria Wyhyna/Iròdu Iràna.",política,25/09/2020 18h52 ,25/09/2020 18h52 ,https://noticias.uol.com.br/ultimas-noticias/agencia-brasil/2020/09/25/fogo-ameaca-parque-nacional-e-terras-indigenas-na-ilha-do-bananal.htm,1
3561,Veja a situação da covid-19 nos estados neste sábado (8)  ,,o médio diário 2.131 óbito covid-19 registrar n sábado 8) e o distrito federal apresentar quedo médio móvel morte d permanecer registro diário elevar o brasil atingir 421.484 morto doença 2.091 morte registrar horar obtido consórcio veículo imprensar o uol juntar s secretariar estadual saudar o 108º dia consecutivo médio móvel acima d haver dia março o índice manter acima 2.000,saúde,08/05/2021 20h39 ,08/05/2021 20h39 ,https://noticias.uol.com.br/saude/ultimas-noticias/redacao/2021/05/08/veja-a-situacao-da-covid-19-nos-estados-neste-sabado-8.htm,1
3562,"Dono da pousada de Brumadinho gravou vídeo “a gente vai embora” #boato 
",Boato – O dono da pousada de Brumadinho gravou um vídeo sobre desapego chamado “a gente vai embora” antes de morrer no desastre.,desapegar … dono pousar brumadinho morrer deixar vídeo passagem .. deixar querer lição olhar o dono pousar brumadinho,brasil,01/02/2019,"
Edgard Matsuki ",https://www.boatos.org/brasil/dono-pousada-brumadinho-video.html,0
3563,É #FAKE que sigilo bancário de Fabrício Queiroz foi quebrado sem autorização judicial,Declaração foi feita pelo presidente Jair Bolsonaro durante entrevista ao 'SBT'; informações foram enviadas pelo Coaf ao MP-RJ.,o presidente jair bolsonaro conceder noite quinta-feira o entrevisto assumir o cargo sbt questionar o casar fabrício queiroz ex-assessor filhar o deputar flávio bolsonaro movimentação finaceiras considerar suspeito relatório controlo atividades financeiro coaf entrevisto o presidente o sigilar bancário queiroz quebrar autorização judicial o afirmação fake falar claro quebrar o sigilar bancário d autorização judicial cometer errar grave o declaração fake o haver quebrar sigilar bancário autorização judicial ex-assessor fabrício queiroz o banco queiroz contar comunicar transações suspeito realizar ano e o o coaf acordar o relatório inteligência financeiro órgão o ex-assessor trabalhar gabinete deputar estadual flavio bolsonaro filhar presidente e senador eleito,política, 04/01/2019," Por Marlen Couto, O Globo ",https://g1.globo.com/fato-ou-fake/noticia/2019/01/04/e-fake-que-sigilo-bancario-de-fabricio-queiroz-foi-quebrado-sem-autorizacao-judicial.ghtml,0
3564,A vez das vacinas gênicas com tecnologia mRNA  ,,o expressão alívio morador reinar unir o o receber o dosar vacinar o coronavírus início dezembro frutar corrido acelerar barrar o avançar pandemia marcar basear tecnologia valer ação molécula rna mensageiro sintetizar laboratório estimular respostar imunológico específico o vírus sars-cov-2 imunizante melhorar resultar teste humano cercar eficácia inaugurar o chamar vacinar gênicas produto beneficiar ano trabalhar científico acerto e erro e investimento startups recente biotecnologia o alemão biontech fundar casal médico ascendência turco associar gigante e centenário pfizer unir vacinar o sars-cov-2 e o norte-americana moderno criar cambridge cidade massachusetts vizinho o boston,saúde,09/01/2021 13h34 ,Eduardo Geraque,https://www.uol.com.br/vivabem/noticias/redacao/2021/01/09/a-vez-das-vacinas-genicas-entenda-tecnologia.htm,1
3565,Salles quer mudar a meta oficial de preservação ambiental da Amazônia  ,,o ministrar ambientar ricardo salles driblar o meter reduzir o devastação ambiental brasil movimentar rejeitar governar ministério economia documentar obter jornal o s. paulo o equipar propor o objetivo diminuir o desmatamento e incêndio ilegal o país prever planar plurianual ppa governar desconsiderar trocar defende-se o garantir preservação específico hectare vegetação nativo amazônia programar recém-criado o floresta+ amazônia o proposto salles começar o questionar governar prático o meter ano proposto corresponder o aproximadamente terçar desmatado bioma amazônico período julho o agostar n período o destruição total florestar chegar o milhão hectare instituto nacional pesquisar espacial inpe o proposto acabar meter biomas brasileiro,política,04/08/2020 12h04 ,Mateus Vargas,https://noticias.uol.com.br/ultimas-noticias/agencia-estado/2020/08/04/salles-quer-mudar-a-meta-oficial-de-preservacao-ambiental-da-amazonia.htm,1
3566,interpretação calendário maio o mundo acabar o semana verdade,,basear cálculo relacionar o umar mudança o calendário atualmente paolo alegar voltar o considerar o famigerado calendário maio o mundo,entretenimento,15/06/2020,marco faustino,https://www.e-farsas.com/nova-interpretacao-do-calendario-maia-diz-que-o-mundo-acabara-na-proxima-semana-sera-verdade.html,0
3567,Tuíte omite dados ao comparar plano de saúde do STF com Pátria Voluntária  ,,publicação twitter o ex-deputado federal e atual presidente nacional trabalhista brasileiro ptb roberto jefferson o programar pátrio voluntário administrar primeira-dama michelle bolsonaro arrecadar r$ milhão doação combater covid-19 o supremo tribunal federal gastar similar planar saudar ministro familiar e funcionário valorar montante real o publicação forçar comparação descabida.jefferson afirmar o stf gastar r$ milhão o planar saudar o aparecer editar supremo publicar dia abril e maio trata-se estimativo custo previsto ampliar o redar atendimento médico e odontológico credenciado stf-med planar saudar ater o 4.180 pessoa vincular o o supremo e o ministro entender usuário responder o o post jefferson twitter acordar editar o total gasto chegar o r$ milhão ano despesa planar bancada beneficiário,saúde,21/07/2020 17h03 ,"Do UOL, em São Paulo*",https://noticias.uol.com.br/comprova/ultimas-noticias/2020/07/21/tuite-omite-dados-ao-comparar-plano-de-saude-do-stf-com-patria-voluntaria.htm,0
3568,"Sala que Lula usa na PF em Curitiba não é ""gabinete exclusivo""  ",,mensagem circular rede social denunciar suposto regalia ex-presidente luiz inácio lula silvar prisão curitiba o publicação gabinete pf polícia federal novidade espécie o stf supremo tribunal federal liberar gabinete pf o presidiário despachar parir o brasil descer juntar o o texto haver foto lula acompanhar pessoa o fechamento matéria o publicação setembro compartilhamentos e reações facebook,política,22/10/2019 04h02 ,Lucas Borges Teixeira,https://noticias.uol.com.br/confere/ultimas-noticias/2019/10/22/lula-nao-ganhou-gabinete-exclusivo-na-sede-da-pf-em-curitiba.htm,0
3569,Corregedoria da Câmara vai tentar notificar deputado Wilson Santiago nesta terça-feira,"Notificação da Corregedoria abre prazo para ele apresentar defesa sobre suspeita de desvio de verbas. Na semana passada, Câmara cancelou o afastamento do parlamentar. ",o corregedoria câmara notificar n terça-feira o deputar wilson santiago ptb-pb o notificação análise o corregedoria o suspeito o deputar desviar verba público obrar adutor paraíba o casar avançar câmara chegar o o ético e levar cassação parlamentar tentativo notificação feito gabinete parlamentar plenário casar santiago comparecer sessão o corregedoria tentativo “ casar conseguir encontrar o parlamentar o notificação feito diário oficial ” o corregedor paulo bengston ptb bahia o notificação wilson santiago dia útil o apresentar o defeso oral escrever corregedoria,política, 11/02/2020 12h25 ," Por Gioconda Brasil, TV Globo — Brasília ",https://g1.globo.com/politica/noticia/2020/02/11/corregedoria-da-camara-vai-tentar-notificar-deputado-wilson-santiago-nesta-terca-feira.ghtml,1
3570,"Aos gritos, deputado ataca decreto de isolamento e ameaça agentes em Maceió  ",,o deputar estadual alagoa antônio albuquerque ptb descer hoje apartamento praia pontar maceió grito o chamar ditadura ridículo crítico referente o o decretar isolamento social assinar governar e prefeitura maceió vedar o acesso orlar o quarta-feira conter o avançar coronavírus albuquerque ameaçar o policiar e agente segurança municipal portar casar ditadura ridículo horrível cansar perseguir n covarde o doutor mouro vir gritar o deputar vaiar aplauso e palavra positivo e negativo morador entornar o doutor mouro citar deputar antônio mouro superintendente municipal transportar e trânsito agente órgão público rondar região surpreendido grito portar carro segurança ficar doido ficar ligar sirene desmanchar e incompreensível afirmar o deputar interno prédio alto padrão capital alagoano,saúde,08/05/2020 15h39Atualizada em 09/05/2020 11h36 ,Carlos Madeiro,https://noticias.uol.com.br/politica/ultimas-noticias/2020/05/08/aos-gritos-deputado-ataca-decreto-e-ameaca-agentes-na-orla-de-maceio.htm,1
3571,"

Regina Duarte responde a críticas feitas por Zélia Duncan em vídeo #boato 
","Boato – Regina Duarte respondeu a críticas feitas por Zélia Duncan em um vídeo em que a cantora diz ter se sentido “traída” pela atriz que assumirá cargo na Secretaria de Cultura do governo Bolsonaro. “Vocês são mais fascistas”, disse Regina.",regina duarte responder zélia duncan lacrar sucesso)em d “ seguir discordar olhar olho e zélia desculpar discordar e amigo compartilhar adoração palavras.me mulher impor pensar e pensar digno concordar o feminismo pacote lei merecer respeitar apoiar o governar apoiar idiota enxergar tudinho machistas.me fascista julgar acordar galera torcer resgatar verdadeiro malus mulheres!zélia malu mulher … nascido ano separar filho mulher … e dificuldade criar filho n caos o liberdade exagerar e o feminismo desenfrear gerar n mundo filho amigo correr solto desrespeitar professorar pai e autoridade menino xixi e trepar ruir e ficar noite … conquistar … o classe artístico preciso urgentemente olhar o público e admitir o aplaudir .. cansar d visão único e hipoteticamente superior querer diversidade amplo e engolir o arte precisar impactante chocante e unilateral querer leveza beleza valorar valorar respeitar minoria tbem o reflexão exigir “ indigno ” arte e parir achar concordar patético gritar diversidade julgar pensar diferente!parem criticar o regina duarte aceitar responsabilidade enorme e o ajudar o construir país o desigualdade imperar o acesso saudar educação base saneamento moradia e sequer sonhar o o cinema o o teatro!saiam pedestal e olhar igual igual religioso e preso acima deus e seguir regrar considerar arcaico acordar o fé o d respeitar viver mundo magia arte sair palco e misturar o o público regina duarte ps ufa enfim artista representar,política,30/01/2020,"
Raiane Gonoli ",https://www.boatos.org/politica/regina-duarte-responde-criticas-zelia-duncan.html,0
3572,"Pior ainda está por vir, dizem médicos sobre coronavírus na Índia  ",,"médico principal hospital particular índio parir centrar terapia intensivo cti traje proteção completo leito ocupar paciente coronavírus e crescer o temor o chegar acontecer o picar pandemia o médico deven juneja afp durante pausar rondar hospital max smart super specialty délhi esperar o melhor preparar mental e fisicamente o explicar ouvir bip eletrocardiogramas e o som respirador artificiar o crise econômica o governar índio flexibilizar dia restrição draconiano imposto março o 1,3 bilião habitante",saúde,12/06/2020 08h15 ,12/06/2020 08h15 ,https://noticias.uol.com.br/ultimas-noticias/afp/2020/06/12/pior-ainda-esta-por-vir-dizem-medicos-sobre-coronavirus-na-india.htm,1
3573,Uso da cloroquina não explica a situação da pandemia no Senegal  ,,publicação site plenonews circular rede social afirmar o senegal cloroquina o casar covid-19 e óbito e taxar morte milhão o coreia sul o dia abril o post viralizou compartilhamento dia junho pastor e deputar federal marcar feliciano republicanos-sp o texto citar fonte entrevisto médico senegalês moussa seydi o revisto francês marianne.o post selecionou e tirar contexto trecho entrevisto o médico elogiar o cloroquina entrevisto seydi afirmar entanto o explicação o sucesso combater pandemia senegal dever o distanciamento social máscara e fechamento fronteiro e o o medicamentar hidroxicloroquina,ciência,19/06/2020 18h54 ,"Do UOL, em São Paulo*",https://noticias.uol.com.br/comprova/ultimas-noticias/2020/06/19/uso-da-cloroquina-nao-explica-a-situacao-da-pandemia-no-senegal.htm,0
3574,"

Izabely tem câncer e vai ganhar 0,05 centavos por mensagem no WhatsApp #boato 
","Boato – A menina Izabely tem apenas 6 anos e está com câncer no cérebro. Para pagar os R$ 77 mil de tratamento, o WhatsApp vai dar 0,05 centavos por mensagem compartilhada.","urgente delete preciso ler repassar apagar ignorar coração olá nome izabely e ano o olho mundo e recentemente doutorar descobrir câncer cérebro e o o cirurgía r$ 77.000,00 desafortunadamente pai e mãe desempregar e dinheiro pagar o operação e vidar e esperar sus e conseguir ajudar whatsapp e ajudar 0,05 centavo pessoa receber mensagem pagar diretamente o hospital reenviar mensagem contatos e ajudar príncipe izabely ajudar repassar mensagem repassar",entretenimento,28/04/2019,"
Edgard Matsuki ",https://www.boatos.org/tecnologia/izabely-005-centavos-mensagem-whatsapp.html,0
3575,"

Defesa Civil alerta para segunda onda do ciclone “mais forte do que a primeira” #boato 
","Boato – A Defesa Civil está alertando para uma segunda onda do “ciclone bomba” que atingiu o Sul do Brasil. De acordo com previsões, essa onda será mais forte do que a primeira.",defeso civil alertar onda ciclone forte o começar madrugar e picar o o dia receber o gráfico vento epagri e controlador voar aeroporto o picar esquerdo o hoje 30/06 o amanhã(01/07 intensidade e duração hoje rajar registrar km h contar aceleração ventar morro e prédio … amanhã o rajar previsto km h,brasil,01/07/2020,"
Edgard Matsuki ",https://www.boatos.org/brasil/defesa-civil-alerta-segunda-onda-ciclone-mais-forte-primeira.html,0
3576,"Para cientistas, erro cometido por EUA em reabertura é repetido no Brasil  ",,estimular discurso entusiasmar presidente donald trump norte-americanos começar o reabertura econômica passar o texas reabrir bar o califórnio reabrir praia e o arizona academiar resultar o taxar contaminação voltar o crescer o contaminar bater recordar julho e rever plano e fechar estabelecimento o brasil n processar dia seguir acima 1.200 morte e taxar contágio controlo o país ensaiar reabertura econômica liberação comércio e município,saúde,12/07/2020 04h00 ,Lucas Borges Teixeira,https://noticias.uol.com.br/saude/ultimas-noticias/redacao/2020/07/12/que-erros-cometidos-pelos-eua-na-reabertura-foram-repetidos-no-brasil.htm,1
3577,"

Estadão chama esquerda de pequena e “com tempo” em editorial de hoje (2020) #boato 
",Boato – Editorial do Estadão de hoje (2020) afirma que esquerda no Brasil é pequena e que seus integrantes não passam de intelectuais frustrados que têm tempo para protestos. ,o estadão sinal cansaço o almo honesto d mundo o editorial hoje 07/01/2020 jornal stephen kanitz … “ enganar poucosa esquerdo brasil extremamente pequeno passar milhão intelectual frustrar jornalista jovem e inexperiente professorar universitário preguiçoso e jovem arrogante achar capaz salvar o mundo.a dezena composto milhão empreendedor milhão profissional liberar milhão supervisor contramestre operador logístico produzir dia e serviço o sociedade dedicar o o o esquerdismo protestar domingo .a família mesquita controlar o editorial estadão escrever hoje leitura obrigatório “ o impeachment presidente dilma rousseff vestir o período o chegar o o luiz inácio lula silvar o o consciência crítico nação ficar anestesiar …,política,12/01/2020,"
Carol Lira ",https://www.boatos.org/politica/estadao-esquerda-pequena-editorial-hoje.html,0
3578,Não há registro de massacre indígena no Brasil em 2019  ,,denúncia supor massacrar indígena viralizado rede social o semana acordar o texto quase índio morto brasil domingo o ódio vencer índio assassinar hoje defender terra sangue cobrar votar b17 o mensagem informar entanto o ocorrer morte circunstância,brasil,10/01/2019 04h03 ,Lucas Borges Teixeira,https://noticias.uol.com.br/confere/ultimas-noticias/2019/01/10/nao-ha-registro-de-massacre-indigena-no-brasil-em-2019.htm,0
3579,Bolsonaro não foi o primeiro presidente a visitar Marajó com ministros  ,,jair bolsonaro o presidente o visitar o ilhar marajó parar primeira-dama e ministro afirmar tuíte viralizou rede social o post acompanhar vídeo mostrar o chegar comitiva bolsonaro descer carro michelle e cumprimentar o público beirar estrar o casal máscara).em dezembro o ex-presidente luiz inácio lula silvar pt acompanhar marisa letícia mulher época falecido e ministro guilherme cassel desenvolvimento agrário tarso genro justiçar e paulo vannuchi secretariar especial direito humano,política,19/10/2020 15h59 ,"Do UOL, em São Paulo*",https://noticias.uol.com.br/comprova/ultimas-noticias/2020/10/19/bolsonaro-nao-foi-o-primeiro-presidente-a-visitar-marajo-com-ministros.htm,0
3580,Brasil tem 3.481 mortes por covid em 24 h e supera 14 milhões de casos  ,,o brasil registrar hoje 3.481 morte covid-19 chegar o total 378.530 óbito semana 2.830 pessoa morrer médio país decorrência doença o 90º dia consecutivo o médio móvel morte acima haver ficar abaixar 2.000 o início pandemia país total 14.050.885 brasileiro infectar coronavírus e hoje 73.172 caso incluir balançar secretariar estadual saudar alimentar o consórcio veículo imprensar o uol representar óbito e diagnóstico fato ocorrer passar o constar base oficiar governo,política,20/04/2021 19h23Atualizada em 20/04/2021 20h53 ,"Ana Caratchuk, Douglas Porto, Sara Baptista e Ricardo Espina",https://noticias.uol.com.br/saude/ultimas-noticias/redacao/2021/04/20/covid-19-coronavirus-casos-mortes-20-de-abril.htm,1
3581,"

Vacina contra Covid-19 infectou pessoas com HIV na Austrália #boato 
",Boato – Vacina contra a Covid-19 que estava sendo testada na Austrália contaminou pessoas com o HIV e por isso foi suspensa.,aparecer hiv vacinar história falsar positivar acreditar positivar o vacinar comprar o cear justamente d astrazeneca … n vídeo jornalista pessoa tomar o vacinar covid austrália contrair hiv o vacinar conter proteína hiv o mídia e mídias social censurar notícia,mundo,21/12/2020,"
Edgard Matsuki ",https://www.boatos.org/mundo/vacina-contra-covid-19-infectou-pessoas-hiv-australia.html,0
3582,"Variante indiana do coronavírus é detectada em 44 países, diz OMS","Versão do vírus chegou a 27 novos países desde 28 de abril. Nas últimas 24h, a Índia apresentou 3.876 óbitos devido à doença, número mais alto do planeta nesse período. ",o variante coronavírus detectar outubro índio o b.1.617 confirmar país abril acordar relatório organização mundial saudar oms publicar n terça-feira o documentar sub-linhagens b.1.617 o b.1.617.1 e b.1.617.2 parecer taxar transmissão aumentar rápido prevalência observar país evidência científico classificar moderar e precisar estudo confirmação definitivo índio o reinar unir o país relatar caso sequenciados geneticamente b.1.617 e recentemente informar o b.1.617.2 sub-linhagem preocupante nacionalmente n segunda-feira o órgão saudar internacional haver classificar o versão vírus preocupante global haver informação o b.1.617 contagioso existir elemento permitir pensar atenuar respostar anticorpo combater o vírus e o classificar variante preocupante global afirmar o doutorar maria van kerkhove responsável técnico combater o covid-19 oms,saúde, 11/05/2021 21h42 , Por G1 ,https://g1.globo.com/bemestar/coronavirus/noticia/2021/05/11/variante-indiana-do-coronavirus-e-detectada-em-44-paises-diz-oms.ghtml,1
3583,"

Texto “Esclarecimento para que população não seja enganada” lista verdades sobre a Covid-19 #boato 
","Boato – Texto responde dúvidas, dá conselhos e fala verdades para que “população não seja enganada” sobre o surto da Covid-19. ",“ esclarecimento o população enganar o vírus existir vírus curar medicamento adequar e deixar saudar mão saudar corrupto e mercantil existir médico e agir discreto tratamento adequar corajoso e haver vídeo rede falir d tratamento e ameaçar desclassificar silenciar cientista investigar e existir sindicato mundial convocar e convocar médico e cientista chamar médico e cientista verdade expor o falsidade tratamento bug pandemia o oms mudar o referir pandemia o bug lançar acabar o pandemia contagioso gripar o vírus significar morrer sintoma basto tomar o remédio adequar o dia.tratamento precoce hidroxicloroquina ivermectina azitromicina suplemento fortalecer o imunológico vitaminar d vitaminar c zincar demonstrar excelente eficácia exigir médico.8 prevenir limpar dever e manter imunológico elevar e ozonoterapia dióxido cloro o protocolo preventivo tomar sol proporcionar vitaminar d aliar fortalecimento imunológico o contagem contagiar e morto vírus certo eua descobrir verdade d causar morte doença e teste confiar falso positivo assintomaticos caso real positivo o humanar possuir microrganismos e vírus corpo e significar pessoa doente infectar o vírus vírus supostamente “ agressivo ” apresentar sintoma paciente o corpo liberar alarme intruso febre dor cabeça vômito etc e acordar o teoria koch o respostar o vírus criar laboratório propósito o desculpar restringir liberdade mudar o econômico atual opressor escravizador assustador obediência rebanhar cegar país d planar malicioso sair d e contribuir morte e o planar cair e pagar dever medo o medo diminuir imunológico e o tornar mentalmente controlável o mídia planar dono mídia cumplices chamar controlo mentir o dever proteger e adoecer curar casar médico confiança comprometer o protocolo abandonar dever vacinar preciso contato o vírus assintomático o imunidade acontecer naturalmente o chamar imunidade rebanhar o corpo e direito decidir e saudar físico e mental confiar vacinar vírus criar exterminar o humanidade guerra e vitorioso precisar ficar junto e acordar pessoa informação autor desconhecer ”,saúde,03/11/2020,"
Kyene Becker ",https://www.boatos.org/saude/texto-esclarecimento-populacao-nao-enganada-lista-verdades-covid-19.html,0
3584,"""Pedido de busca"" usado por ministério para dossiês era comum na ditadura  ",,o ministrar justiçar andré mendonça ler parlamentar ccai comissão misto controlo atividades inteligência congresso nacional dia documentar emitir setor inteligência ministério justiçar dia abril denominar pedir buscar o ministrar documentar 69/2020 o ministério pedir subsecretariar inteligência segurança governar rir janeiro série informação o movimentar policiar antifascismo incluir conhecimento relacionar o o movimentar o adesão categoria e principal liderança e vinculação político documentar chamar pb pedir buscar amplamente aparelhar repressão durante o ditadura militar 1964-1985 ações inteligência pessoa e adversário governar militar o redemocratização o pb órgão voltar o chamar inteligência o abin agência brasileiro inteligência comum setores segurança público o polícia federal executar o inteligência policial,política,30/08/2020 12h08 ,30/08/2020 12h08 ,https://noticias.uol.com.br/colunas/rubens-valente/2020/08/30/dossie-antifascismo-ministerio-justica-documento.htm,1
3585,É #FAKE foto que mostra Maia abraçado ao presidente chinês Xi Jinping,Imagem foi manipulada. Foto original mostra presidente da Câmara com o ex-governador do Rio de Janeiro Luiz Fernando Pezão.,circular rede social imagem presidente câmara rodrigar maio abraçar o o presidente chinês xi jinping acompanhar legendar título foto ... conseguir 😣 o imagem fake o imagem verdade manipular trata-se montagem obtido o fotografia tirar setembro maio abraçar o governador rir janeiro luiz fernando pezão o foto feito fotógrafo sérgio limar poder360 e acompanhar o texto rodrigar maio chorar o o homologar socorrer fiscal rir janeiro,mundo, 08/04/2020, Por G1 ,https://g1.globo.com/fato-ou-fake/coronavirus/noticia/2020/04/08/e-fake-foto-que-mostra-maia-abracado-ao-presidente-chines-xi-jinping.ghtml,0
3586,É #FAKE que PSOL contratou advogado para defender homem que matou PM na Baixada Fluminense,Polícia do Rio e o partido negam conteúdo de mensagem que circula nas redes sociais.,circular rede social o psol contratar advogar defender o homem suspeitar matar policial militar baixar fluminense semana passar o mensagem falso “ o assassinar chegar o o dp distrito policial advogar esperar ro registrar ocorrência advogar o guarnição o prender agressão e exposição presar rede social ... informação contar o psol disponibilizar advogar e acionou direito humano afinal vidar branco importar ” o polícia civil informar d acontecer “ acordar o 54ª delegacia policial belford roxo o prisão registrar ocorrer fato ” o noto oficial,política, 09/12/2020," Por Roberta Pennafort, CBN ",https://g1.globo.com/fato-ou-fake/noticia/2020/12/09/e-fake-que-psol-contratou-advogado-para-defender-homem-que-matou-pm-na-baixada-fluminense.ghtml,0
3587,"Conta de água sobe 3,4% em cidades com atendimento da Sabesp  ",,"o contar água caro cidade atendido sabesp companhia saneamento básico paulo o elevação 3,4 vigor o dia agostar aprovar agência regulador saneamento e energia paulo arsesp julho prorrogação apesar aumentar o arsesp manter setembro o proibição cortar fornecimento água o consumidor atendido sabesp o agência regulador o medir visar minimizar consequência econômicas pandemia covid-19 interrompido serviço água e esgotar usuário categoria residencial social e residencial favela decorrência inadimplência faturas o medir isento o cobrança multar e juro contar vencimento agostar e setembro",saúde,17/08/2020 17h44 ,17/08/2020 17h44 ,https://economia.uol.com.br/noticias/agencia-brasil/2020/08/17/conta-de-agua-sobe-34-em-cidades-com-atendimento-da-sabesp.htm,1
3588,Diagnóstico positivo de Doria não indica ineficácia da Coronavac,,o coronavac reduzir o riscar desenvolver quadro grave covid-19 eliminar o possibilidade contágio ocorrer o vacinar contrariar o postagem influenciador direito afirmar o diagnóstico coronavírus governador paulo joão doria provar ineficácia imunizante desenvolver pelar instituto butantan,saúde,2021-07-16,Comprova,https://projetocomprova.com.br/publicações/diagnostico-positivo-de-doria-nao-indica-ineficacia-da-coronavac/,0
3589,Coronavírus: Mandetta admite erro a auxiliares e tenta sair do foco da crise  ,,o ministrar saudar luiz henrique mandetta admitir o auxiliar cometer errar estratégico o o elevar o tom embater o presidente jair bolsonaro o conduta governar federal enfrentamento o o coronavírus e submergir dia sair focar crise aliar bolsonaro entanto veem descrença o promessa ministrar espécie votar silêncio divergência o presidente bolsonaro reunir n terça-feira palácio alvorar o presidente senado davi alcolumbre dem-ap mandetta dia conversar dirigente sigla centrão interpretar o movimentar preparação terreno o sair ministrar saudar o presidente abrir diálogo e o indicação técnico ministério o senador vanderlan cardoso psd-go mandetta sair demitir problema continuar e bolsonaro ficar desmoralizar o início bolsonaro receber parlamentar e dirigente p pl e republicano e hoje conversar o presidente psd gilberto kassab compor o centrão,saúde,15/04/2020 07h40 ,Julia Lindner,https://noticias.uol.com.br/ultimas-noticias/agencia-estado/2020/04/15/mandetta-admite-erro-e-tenta-sair-do-foco.htm,1
3590,foto provar adélio bispar morrer covid-19 verdade,imagem que circula em grupos do whatsapp mostra adélio bispo sendo atendido por paramédicos e texto afirma que ele vai morrer de covid-19 como queima de arquivo! será?,o publicação surgir abril e mostrar homem deitar atender paramédico ambulância acordar o texto acompanhar o foto adélio bispar santo acusar atentar o candidatar presidência jair bolsonaro morrer o coronavírus,saúde,2/05/20202,gilmar lopes,https://www.e-farsas.com/foto-prova-que-adelio-bispo-vai-morrer-de-covid-19-sera-verdade.html,0
3591,"

Vídeo de ensaio da posse de Bolsonaro mostra soldados fazendo Bandeira do Brasil #boato 
","Boato – Vídeo mostra soldados do Exército ensaiando para a posse de Jair Bolsonaro. Na homenagem, eles vão formar a bandeira do Brasil.",militar treinar performance o dia posse bolsonaro vídeo merecer compartilhado!ensaio o posse bolsonaro presidente brasil 1º janeiro,política,08/12/2018,"
Hellen Bizerra ",https://www.boatos.org/politica/ensaio-posse-bolsonaro-soldados-bandeira.html,0
3592,"Em estreia no plenário, Kassio adia julgamento sobre tributação de software  ",,dia plenário supremo tribunal federal stf o ministrar kassio nunes marcar pedir visto e adiar o conclusão julgamento o tributação software o cortar entanto formar rever o jurisprudência e permitir o incidência iss decisão agradar empresar tecnologia e município debater impor tributar operação envolver software vendido varejar e software feito encomendar o cliente específico o supremo divisão e fixar o icms impor estadual incidir software varejar e o iss impor municipal encomendar antigamente software vendido mídias físico adquirir licença o entendimento cortar prever o iss tributar caso excluir o tributação estadual o decisão favorecer empresar tecnologia vestir o incidência iss o o icms paulo cobrar iss capital o icms software alíquota o decisão beneficiar município ficar o arrecadação,política,11/11/2020 17h18 ,Paulo Roberto Netto,https://noticias.uol.com.br/ultimas-noticias/agencia-estado/2020/11/11/em-estreia-no-plenario-kassio-adia-julgamento-sobre-tributacao-de-software.htm,1
3593,"Europa ultrapassa marca de 100 mil mortos por Covid-19, aponta universidade","Situação continua grave, mas países começam a ver alguma melhora no horizonte. Espanha teve menor número de mortes em um mês.",o europa ultrapassar n domingo o marcar morte covid-19 doença causar coronavírus o o 100.881 pessoa perder o vidar pandemia solo europeu levantamento universidade americano johns hopkins o continente ultrapassar o marcar milhão caso 1.083.583 infecção atualização universidade voltar 11h20 d domingo apesar gravidade situação país comedir o algum melhorar horizonte o espanha registrar morte horar o cercar o itália o país morto 23.227 seguir espanha 20.453 frança 19.349 reinar unir 16.095 e bélgica 5.683 lista completar abaixar n reportagem,ciência, 19/04/2020 11h12 , Por G1 ,https://g1.globo.com/bemestar/coronavirus/noticia/2020/04/19/europa-ultrapassa-marca-de-100-mil-mortos-por-covid-19-aponta-universidade.ghtml,1
3594,Jazzista Ellis Marsalis morre aos 85 anos vítima do coronavírus  ,,o jazzista ellis marsalis morrer o ano contrair o coronavírus anunciar filhar branford o aclamar pianista e professor participar dezena álbum o o longo carreira prolongar década o pai trompetista wynton e saxofonista branford tristeza anunciar o falecimento pai ellis marsalis jr resultar complicação coronavírus afirmar branford comunicar publicar site explicar ellis haver hospitalizar sábado pai músico e professor gigante completar branford o tornar o melhor,saúde,02/04/2020 06h02Atualizada em 02/04/2020 06h40 ,02/04/2020 06h02Atualizada em 02/04/2020 06h40 ,https://entretenimento.uol.com.br/noticias/afp/2020/04/02/jazzista-ellis-marsalis-morre-aos-85-anos-vitima-do-coronavirus.htm,1
3595,"

Bolsonaro anuncia extinção do Incra em publicação no Twitter #boato 
",Boato – O presidente Jair Bolsonaro anunciou em post no Twitter que vai assinar um decreto de extinção do Incra (Instituto Nacional de Colonização e Reforma Agrária).,jair m. bolsonaro o reformar agrário político fundamental o país entanto ficar refém máquina público viciar assinar o decretar extinção incra atribuição passar secretariar assunto fundiário,política,08/12/2019,"
Edgard Matsuki ",https://www.boatos.org/politica/bolsonaro-anuncia-extincao-incra-twitter.html,0
3596,É #FAKE que fenilpropanolamina está presente em 22 medicamentos vendidos no Brasil,Mensagem que circula nas redes é compartilhada há mais de 10 anos. Sustância citada foi banida do país no ano 2000.,circular novamente rede social mensagem o fenilpropanolamina o informação o substância causar hemorragia cerebral e composição medicamento comercializar atualmente brasil o conteúdo mensagem fake compartilhar haver década e o substância citar banir país ano o informação desmentir agência nacional vigilância sanitário anvisa ministério saudar setembro ano passar e temer reportagem publicar site extra e g1 haver ano o ministério saudar o substância utilizar medicamento disponível mercar banir brasil e restante mundo,ciência, 16/04/2019, Por Extra ,https://g1.globo.com/fato-ou-fake/noticia/2019/04/16/e-fake-que-fenilpropanolamina-esta-presente-em-22-medicamentos-vendidos-no-brasil.ghtml,0
3597,Governo estuda prorrogar antecipações relativas ao auxílio-doença  ,,"o governar prorrogar antecipação relativo o o auxílio-doença informar o ministério economia inicialmente o previsão estender o antecipação outubro localidade haver agência atendimento perícia médico o análise proposto secretariar especial previdência e trabalhar e o inss informar o ministério economia o antecipação salário mínimo r$ 1.045,00 medir adotada o enfrentamento pandemia covid-19 evitar aglomeração agência o atendimento presencial suspenso pandemia o datar oficial retornar gradual atendimento agência dia perito médico pedir o o ministério economia o abertura suspenso e alertar risco o medir incentivar governamental aglomeração pessoa integrante riscar mostrar o estadão cartar o o secretário especial previdência e trabalhar ministério economia brunir bianco o associação nacional perito médico federar anmp alegar o inadequado o abertura dia julho prever portar governar dever manutenção grau elevar contágio coronavírus",saúde,26/06/2020 10h52 ,Adriana Fernandes,https://economia.uol.com.br/noticias/estadao-conteudo/2020/06/26/governo-estuda-prorrogar-antecipacoes-relativas-ao-auxilio-doenca.htm,1
3598,Estudo avalia se dispositivos como Fitbit e Apple Watch detectam sinais da Covid-19  ,,o fitbit e dispositivo portátil normalmente vincular o exercício estudar formar identificar pessoa potencialmente infectar covid-19 sintoma aparecer espalhar o doença alteração frequência cardíaco respiratório e biometria medir dispositivo sinalizar estágio infecção vírus modo pessoa aparência saudável auto-isolar e procurar testar diagnóstico covid-9 pesquisador ficar doente perceber corpo comedir o mudar batimento cardíaco aumentar o professor michael snyder faculdade medicinar universidade stanford pesquisador examinar dispositivo fitness portátil o fitbit o apple watch fornecer alertar precoce o equipar snyder inscrever pessoa estudar e estudar histórico smartwatch usuário testar positivar covid-19,saúde,23/07/2020 13h59 ,Aleksandra Michalska,https://www.uol.com.br/tilt/noticias/reuters/2020/07/23/poderiam-o-fitbit-ou-o-apple-watch-detectarem-sinais-precoces-de-covid-19.htm,1
3599,o moço redar globo aparecer o jornal tornozeleira eletrônica,,o foto começar o espalhar grupar whatsapp o semana março e n umar moço apresentar telejornal objeto quantum inusitado tornozelo o repórter aparecer o tv umar tornozeleira eletrônica,entretenimento,12/03/2020,gilmar lopes,https://www.e-farsas.com/a-moca-do-tempo-da-rede-globo-apareceu-no-jornal-com-tornozeleira-eletronica.html,0
3600,"

Diretor do hospital São José de Fortaleza alerta que todos devem estocar comida por causa do coronavírus #boato 
","Boato – Em áudio, mulher afirma que um diretor do hospital São José de Fortaleza (Ceará) chamado Edson alertou que todos devem estocar comida, remédios e álcool gel por causa do coronavírus.",mara eh o doutor edson o diretor hospital josé o ficar doença né e vir salão cortar o cabelar e comunicar hospital caso confirmar divulgar né pra assustar o população d vírus aí.disse pra gente pra gente prevenir começar abastecimento alimentação comido casar né o comércio parar supermercado fechar caos mínimo dia dia pra pra doença espalhar fortalezar e menino … tá mundo desesperar aí.agora o diretora preço vir o escovar cabelar esperar preparar invasão população né faltar alimentação faltar irmão acontecer o gente mulher eh tomar cuidar cê preparar comprar o gente máscara álcool gel direto casar estocar álcool gel e máscara pra ficar preparar viu.aí tô avisar né o gente avisar pessoa gente avisar alarmar pra cuidar brincadeira sério sério acabar mínimo dia tá mundo desesperar tchau ficar deus,saúde,01/03/2020,"
Edgard Matsuki ",https://www.boatos.org/saude/diretor-hospital-sao-jose-fortaleza-alerta-estocar-comida-coronavirus.html,0
3601,"

Kid Bengala vira evangélico e abandona carreira em filmes adultos #boato 
","Boato – O ator Clóvis Basílio dos Santos, mais conhecido como Kid Bengala, abandonou a carreira de ator em filmes adultos e resolveu se tornar evangélico.",kid bengala abandonar filme e virar evangélico “ o salvação ” o ator clóvis basílio santo ‘ kid bengala ’ anunciar n semana encerrar carreira mercar audiovisual tornar evangélico.para clóvis haver redimir pecar – – e viver vidar cristão salvar horar chegar acreditar arrepender verdadeiramente independente passar salvar o ex ator afirmar futuramente pretender cristão e desejar tornar pastor missionário …,entretenimento,13/10/2019,"
Edgard Matsuki ",https://www.boatos.org/religiao/kid-bengala-vira-evangelico-abandona-carreira-filmes.html,0
3602,"Brasil já aplicou ao menos uma dose de vacina em mais de 5,40 milhões, aponta consórcio de veículos de imprensa","Levantamento junto a secretarias de Saúde aponta que 5.402.913 pessoas tomaram a primeira dose e 667.410 a segunda, num total de 6,07 milhões aplicadas. G1, O Globo, Extra, Estadão, Folha e UOL divulgam diariamente os dados de imunização no país.","balançar vacinação covid-19 d quarta-feira 5.402.913 pessoa receber o dosar vacinar o covid-19 divulgar 20h o representar 2,55 população brasileiro o dosar aplicar 667.410 pessoa 0,32 população país acre alagoa amazona bahia cear espírito santo maranhão minar gerar matar grosso matar grosso sul parar paraíba pernambuco piauí rir sul rir norte rondônia santo catarino paulo sergipe tocantim e distrito federal total 6.070.323 dose aplicar o país o secretariar saudar parar afirmar auditoria dose aplicar prefeitura aparecer dose aplicar dia anterior o paulo começar o divulgar o balançar dose terça-feira divulgar o total vacinar aplicar n haver redução dose",saúde, 17/02/2021 20h00 , Por G1 ,https://g1.globo.com/bemestar/vacina/noticia/2021/02/17/brasil-ja-aplicou-ao-menos-uma-dose-de-vacina-em-mais-de-540-milhoes-aponta-consorcio-de-veiculos-de-imprensa.ghtml,1
3603,PT vai ao Supremo para liberar saque do FGTS em razão da pandemia de coronavírus  ,,o trabalhador entrar ação supremo tribunal federal stf pedir o liberação saque fundir garantir serviço fgts pandemia coronavírus o legendar pedir o cortar liminar o entendimento o reconhecimento formal calamidade público governar federal autorizar o levantamento recurso contar fgts trabalhador necessidade edição regulamentar específico e autorizativo sacar o ação direta inconstitucionalidade o o supremo tribunal federal protocolada noite o petição inicial argumentar o legislação instituir o fgts permitir o movimentação valorar empregar situação específico e excepcional o calamidade público oriundo desastre natural entanto o norma estabelecer seriar requisito o sacar fgts — inteirar saldar parcelar d circunstância gravar calamidade público,saúde,05/04/2020 15h23 ,Pepita Ortega e Rafael Moraes Moura,https://economia.uol.com.br/noticias/estadao-conteudo/2020/04/05/pt-vai-ao-supremo-para-liberar-saque-do-fgts-em-razao-da-pandemia-de-coronavirus.htm,1
3604,"

Vivara está dando 3 mil alianças grátis em site no WhatsApp #boato 
","Boato – A Vivara está realizando uma promoção e está dando 3 mil alianças grátis por causa do aniversário de 60 anos. Para ganhar, só é preciso entrar em um site e compartilhar o link no WhatsApp.",comemorar aniversário 3.000 aliançar vivar aliançar restante responder abaixar perguntar aliançar perguntar o idade perguntar casada(o)?por responder abaixar qualificar obter par alinaça vivar grátis proceder compartilhar amigo whatsapp viber clicar ícone “ whatsapp ” abaixar clicar “ obter aliançar ” e digitar detalhe endereçar receber sapato prazo dia,entretenimento,08/11/2019,"
Edgard Matsuki ",https://www.boatos.org/tecnologia/vivara-3-mil-aliancas-gratis-site-whatsapp.html,0
3605,É #FAKE que eleitor com menos de 60 anos não poderá votar das 7h às 10h,"Regras das eleições definem apenas que idosos terão prioridade nesse horário, mas também dizem que pessoas com menos de 60 anos não serão impedidas de votar.",circular rede social mensagem dia votação eleição municipal o período 7h s 10h reservar excepcionalmente s pessoa ano e o eleitor ano votar n horário o justiçar eleitoral esclarecer verdadeiro o informação o horário 7h s 10h exclusivo idoso faixar horário preferencial eleitor o ano o orientação estabelecido tribunal superior eleitoral tse planar segurança sanitário eleição municipal e incorporar s norma eleitoral resolução 23.631,entretenimento, 19/10/2020," Por Roney Domingos, G1 ",https://g1.globo.com/fato-ou-fake/noticia/2020/10/19/e-fake-que-eleitor-com-menos-de-60-anos-nao-podera-votar-das-7h-as-10h.ghtml,0
3606,"Países da UE começarão vacinação contra Covid-19 'no mesmo dia', diz Comissão Europeia",,"None — Começaremos tão logo seja possível a vacinação. Todos juntos, os 27 (países), no mesmo dia, da mesma maneira que atravessamos essa pandemia — disse von der Leyen em um discurso no Parlamento Europeu. — Para controlar a pandemia, precisamos vacinar cerca de 70% da população. Essa é uma tarefa enorme.  A EMA, reguladora da UE, antecipou uma reunião que avaliará os dados dos ensaios clínicos da vacina desenvolvida pela Pfizer e pela BioNTech, inicialmente prevista para o dia 29 para o dia 29, para a próxima segunda-feira. O fato de países como o Reino Unido, os Estados Unidos e o Canadá terem começado campanhas de imunização com a fórmula das duas companhias provocou irritação em nações como a Alemanha~, que seja começar o procedimento antes do Natal.  As normas europeias permitem que países adotem decisões individuais sobre campanhas de vacinação. A UE, no entanto, prefere uma ação unificada para evitar que algumas nações fiquem mais atrasadas do que as outras. Von de Leyen lembrou, ainda, que o bloco europeu dispõe de outras cinco vacinas com doses reservadas, com enormes contratos de compra antecipada já firmados.  — Ao todo, compramos doses mais do que suficientes para todos que vivem na Europa. E poderemos ainda apoiar nossos vizinhos e aliados em todo o mundo — sublinhou a presidente da Comissão Europeia.  A cooperação com outras nações pode se dar através do programa Covax Facility, iniciativa global coordenada pela Organização Mundial da Saúde (OMS) que visa acelerar o desenvolvimento de vacinas e universalizar o acesso a elas.   Quase 140 mil pessoas no Reino Unido foram vacinadas contra a Covid-19 na primeira semana de imunização com a vacina da Pfizer e da BioNTech, disse o ministro responsável pela campanha de vacinação nesta quarta-feira. ""Um começo realmente muito bom para o programa de vacinação. Foram sete dias e nós fizemos: Inglaterra: 108 mil, País de Gales: 7.897, Irlanda do Norte: 4 mil, Escócia: 18 mil. Total no Reino Unido: 137.897"", disse Nadhim Zahawi no Twitter. ""Este número vai crescer, pois operacionalizamos centenas de redes de atendimento primário"", acrescentou. Nesta quarta-feira, a empresa chinesa FosunPharma anunciou em um comunicado enviado à Bolsa de Hong Kong que importará ao menos 100 milhões de doses da vacina da Pfizer/BioNTech em 2021. A companhia pagará 250 milhões de euros (R$ 1,5 bilhão) como adiantamento por 50 milhões de doses. Os dois grupos dividirão os lucros da venda da vacina na China continental, assim como em Hong Kong e Macau: dois terços para a Fosun e um terço para BioNTech. Com quatro vacinas em fase avançada de desenvolvimento, o país asiático seleciona alternativas de olho na imunização da população de 1,4 bilhão de pessoas.  Autoridades de Tangyuan, um pequeno condado chinês, anunciaram na última terça-feira que pretendem oferecer em breve vacinas contra o novo coronavírus por US$ 65 (cerca de R$ 330) para a população da região. Até o momento, o país asiático já imunizou centenas de milhares de pessoas em um regime emergencial que privilegia profissionais de saúde e de setores essenciais, além de indivíduos ligados ao governo.  O gesto de Tangyuan, com 270 mil habitantes reflete o interesse de diferentes províncias chinesas de iniciar campanhas de vacinação, ainda que os imunizantes utilizados em larga escala no país ainda estejam em testes. Até o momento, as fórmulas da Sinovac Biotech, testada no Brasil através do Instituto Butantan, da Sinopharm e da CanSino foram contempladas pela autorização de uso emergencial. A província na qual o condado está localizado, Heilongjiang, confirmou 10 casos de transmissão local da Covid-19 desde o dia 10, encerrando um período de quase quatro meses sem notificações da doença. Outras duas províncias chinesas, Zhejiang e Sichuan, pretendem iniciar a imunização de cidadãos fora da lista de profissões prioritárias, incluindo pessoas com comorbidades e idosos.",saúde, Publicado em  16/12/20 09:50 ,Extra e agências internacionais,https://extra.globo.com/noticias/coronavirus/paises-da-ue-comecarao-vacinacao-contra-covid-19-no-mesmo-dia-diz-comissao-europeia-24799101.html,1
3607,Enfermeira pede namorada em casamento após meses de quarentena; veja  ,,o relaxamento regrar isolamento social região eua o enfermeiro nova-iorquina alyssa kayhill encontrar o namorar anhlinh trinh — e planejou o ajudar irmão especial reunião vídeo postar youtube mostrar o casal reencontrar praça o irmão alyssa kristie morar o namorar mobilizar vizinho formar plateia o reunião o pedir casamentar anhlinh aproximar buquê florir mão o enfermeiro ajoelhar e mostrar o anel casamentar amar aplauso abraçar e beijar,saúde,12/06/2020 14h34 ,12/06/2020 14h34 ,https://www.uol.com.br/universa/noticias/redacao/2020/06/12/enfermeira-pede-namorada-em-casamento-apos-meses-de-quarentena-veja.htm,1
3608,"O homem que hackeou o Twitter de Trump adivinhando sua senha, segundo a polícia",O pesquisador de segurança cibernética Victor Gevers disse que procurava por vulnerabilidades no Twitter quando adivinhou a conta do presidente.,promotor holandês descobrir hacker login sucesso contar twitter donald trump adivinhar senha maga2020 mago o sigla o frase inglês make america great again tornar o américa novamente o pesquisador segurança cibernético victor gevers compartilhar internet o imagem contar trump hackeada outubro durante o reta eleição presidencial eua época o casar branco negar o contar hackeada e o twitter haver indício d o casar branco o twitter responder o pedir comentário adicionar promotor entanto apresentar denúncia victor gevers agir eticamente objetivo mostrar vulnerabilidade senha internet,política, 16/12/2020 19h43 , Por BBC ,https://g1.globo.com/mundo/noticia/2020/12/16/o-homem-que-hackeou-o-twitter-de-trump-adivinhando-sua-senha-segundo-a-policia.ghtml,1
3609,"

Papa Francisco diz, em mensagem de Natal, que você é “o pinheiro, a decoração, o sino” etc #boato 
",Boato – Papa Francisco traz reflexão sobre período natalino e deseja Feliz Natal a todos que buscam “assemelhar-se ao Natal”,natal chegar noveno preparação correr gasto e … o papar francisco e divulgar texto papar realmente diferente olhar o belo mensagem natal.o natal costumar ruidoso festa entretanto necessário o silêncio conseguir ouvir o voz amor natal dispor dia o renascer e deixar deus penetrar almo o pinheiro natal forçar resistir o vento e dificuldade vidar o decoração natal virtude corar enfeitar vida.você o sino natal chamar congregar reunir o luzir natal vidar bondade paciência alegria e generosidade conseguir luzir o iluminar o o anjo natal conseguir entoar e cantar mensagem paz justiçar e amor o estrela-guia natal conseguir levar alguém o o encontrar senhor …,entretenimento,24/12/2019,"
Kyene Becker ",https://www.boatos.org/religiao/papa-francisco-mensagem-natal-voce-e-o-pinheiro.html,0
3610,É falso que hospitais recebem R$18 mil por cada óbito registrado como covid  ,,falso afirmação feito vídeo postar facebook médico édison carmo minar gerar hospital receber r$ registrar óbito coronavírus.no vídeo homem identificar mostrar declaração óbito morador interior rir sul documentar constar suspeito covid-19 o autor vídeo conversar o médico assinar o declaração e confirmar o informação incluir o hospital receber o o o o postagem carmo insinuar trás elevar óbito país entender o alto morte covid-19 questionar,brasil,24/06/2020 20h34 ,"Do UOL, em São Paulo",https://noticias.uol.com.br/comprova/ultimas-noticias/2020/06/24/e-falso-que-hospitais-recebem-r18-mil-por-cada-obito-registrado-como-covid.htm,0
3611,"

Vereador José Rainha (PT) agride repórter ao vivo, mostra vídeo #boato 
",Boato – Imagens mostram o vereador José Rainha (PT) agredindo uma repórter ao vivo em entrevista na TV. Mídia escondeu tudo.,vereador pt agredir repórter violentamente trabalhar divulgar cena covarde espécie vereador jose rei pt bater repórter e o cena sair nenhum jornal rádio canal tv divulgar brasil melhor observar o democracia e o liberdade imprensar o pt conhecer edefende divulgar brasil cena covarde o vídeo,política,21/02/2020,"
Edgard Matsuki ",https://www.boatos.org/politica/vereador-jose-rainha-pt-agride-reporter-ao-vivo-video.html,0
3612,"

João Doria participa de festa em Araçatuba (SP) durante quarentena do coronavírus #boato 
",Boato – O governador de São Paulo João Doria foi flagrado participando de uma festa na cidade de Araçatuba (SP) durante a quarentena do novo coronavírus. Ele foi com a nova namorada Priscila da Colormaq.,"dório o namorar priscila rancho acapulco araçatuba festa lotar pessoa 18/04/20 bolsonaro e o população sair casa!pois sr governador dório explicar curtir festa fechar fazenda araçatuba heliponto campar pra aeronave exclusivamente receber convidar exclusivo máscara outro lançar “ amigo amiga(priscila),rs … ” “ missão china”doria festa araçatuba interior paulo o população araçatuba aglomerar e o rancho o população querer linchar cercar polícia doria araçatuba hoje máscara rancho namorar priscila dono empresar tanquinho colormaq festa confraternizar beleza doria araçatuba hoje máscara rancho namorar priscila dono empresar tanquinho colormaq festa confraternizar beleza",política,20/04/2020,"
Edgard Matsuki ",https://www.boatos.org/politica/joao-doria-participa-festa-aracatuba-durante-quarentena-coronavirus.html,0
3613,"

Washington Post confirma que infecção por coronavírus surgiu no laboratório de Wuhan #boato 
",Boato – Jornal Washington Post confirma que a SARS-CoV-2 (novo coronavírus) saiu de laboratório de virologia de Wuhan e não de mercado de animais. ,“ minutar o washington post confirmar o origem paciente coronavírus funcionário famoso laboratório virologia cidade chinês wuhan o coronavírus covid-19 origem laboratório instituto virologia wuhan programar pesquisar viral chinês morcegar comer “ mercar úmido ” animar wuhan o “ paciente ” trabalhar laboratório e entrar população wuhan o surtir começar relatório explosivo jornalista investigativo bret baier e relatório anterior washington post o relatório baier “ fonte informar detalhe ações governar chinês e virar material relevante ” o seguinte • o mercar úmido wuhan inicialmente identificar potencial origem vender morcego culpar o mercar úmido esforçar regime chinês desviar o culpar laboratório juntamente esforço propaganda direcionados o unir e itália.o programar chinês pesquisar vírus esforçar demonstrar capacidade identificar e combater vírus igual superior s capacidade unir informar fonte o o washington post • o regime comunista chinês excluir e modificar destruir amostrar excluir relatório preliminar reprimir artigo acadêmicos e limpar contaminar ocultar evidência transmissão acidental vírus • médico e jornalista alertar o propagação vírus e natureza contagioso e transmissão pessoa pessoa “ desaparecido ” • o governar chinês encerrar rapidamente viagem doméstico wuhan o restar país parar vôos internacional wuhan permitir o vírus chegar o país começar unidos.a organização mundial saudar oms e diretor-geral tedros adhanom ajudar o chino o cobrir rastro “ o início ” • dia principal autoridade chinês determinar secretamente provavelmente enfrentar surtir wuhan o cidade organizar banquete maciço dezena milhar pessoa e milhão começar o viajar comemoração ano chinês o presidente chinês xi jinping finalmente alertar o público janeiro 3.000 pessoa infectar “ tremer ” zuo-feng zhang epidemiologista universidade califórnio o angeles “ tomar medir dia haver paciente e instalação médico seriar suficiente impedir o colapso médico wuhan ” o “ e caro encobrimento governar ” fonte o o washington post ”,mundo,20/04/2020,"
Kyene Becker ",https://www.boatos.org/mundo/washington-post-confirma-coronavirus-surgiu-laboratorio-wuhan.html,0
3614,"
  É falso que jornalista disse que iria visitar a filha de Bolsonaro na cadeia antes de presidente insultá-lo ","Após o presidente Jair Bolsonaro dizer, no último dia 23 de agosto, que tinha vontade de encher a boca de um jornalista de “porrada”, usuários passaram a compartilhar um vídeo do incidente, legendado para parecer que a fala do mandatário foi uma resposta a uma provocação do repórter. Segundo as postagens, o jornalista teria dito que iria visitar a filha de Bolsonaro na cadeia. Mas isto é falso: a legenda da gravação viralizada não corresponde ao seu áudio.Envie-nos por WhatsApp Email",“ urgente o imprensar mentir e tirar o vídeo contexto bolsonaro responder o o agredir o frase ‘ visitar filho cadeia ’ o presidente calmar tamanho agressão ” publicação compartilhar centena twitter facebook instagram e youtube horar o alegação acompanhar vídeo o presidente jair bolsonaro andar juntar o pessoa início homem difícil identificar dever qualidade áudio o legendar gravação indicar tratar seguinte frase “ visitar filho cadeia ” seguir o presidente “ vontade encher bocar porrada tá ”,brasil,25/08/2020 às 21:09,AFP Brasil,https://checamos.afp.com//e-falso-que-jornalista-disse-que-iria-visitar-filha-de-bolsonaro-na-cadeia-antes-de-presidente,0
3615,Wellington Dias: Brasil passa por 'operação de guerra' sem comando nacional  ,,o governador piauí wellington dia pt criticar hoje entrevisto cnn brasil o ausência planar nacional lidar o crise coronavírus lamentável haver cercar dia pandemia e trabalhar meter linha nacional teste exame epis ocupação leito comprar insumo operação guerra o rigor comandar nacional comentar descrever desastroso o alteração feito ministério saudar divulgação morto e contaminar covid-19 o semana o governar federal passar o divulgar ocorrência 24h — e total pandemia wellington dia afirmar o ministério saudar haver prometer enviar respirador o piauí o receber faltar leito piauí esforçar e município,saúde,09/06/2020 16h38 ,09/06/2020 16h38 ,https://noticias.uol.com.br/saude/ultimas-noticias/redacao/2020/06/09/wellington-dias-brasil-passa-por-operacao-de-guerra-sem-comando-nacional.htm,1
3616,É #FAKE que vídeo mostre trem no Japão a 4.800 km/h,"Imagens são, na verdade, uma simulação com as cenas gravadas e depois aceleradas.",circular rede social vídeo mostrar trem o velocidade jamais visto legendar acompanhar imagem o trem-bala japonês alcançar inimaginável 4.800 km h completar o percurso estação shin osaka tokyo minuto o vídeo o trem o 4.800 km h ficção intitular simulação operação trem-bala shinkansen osaka tóquio km min milhão visualização agostar o vídeo o canal fermata o legendar autor vídeo explicar filmar ficção normalmente levar horar e shin-osaka o tóquio explicar imagem feito método chamar time variant hyper-lapse time-lapse cena real gravar acelerar,mundo, 18/09/2020," Por Roney Domingos, G1 ",https://g1.globo.com/fato-ou-fake/noticia/2020/09/18/e-fake-que-video-mostre-trem-no-japao-a-4800-kmh.ghtml,0
3617,É #FAKE que vídeo mostre mulher sendo agredida na Baixada Fluminense após votar em um candidato e ser confrontada,"Imagens foram feitas na cidade de Magé no dia 12, e não no dia 15. Segundo a polícia, violência não teve nada a ver com o pleito.",circular rede social vídeo mulher agredir ruir magé rj o mensagem o acompanhar o violência motivação político o vítima votar candidatar e confrontar cabo eleitoral outro político município o legendar “ eleitor idoso magé apanhar votar outro candidatar alguém preciso investigar eleitor preciso proteção ” procurar cbn o polícia civil rir janeiro informar o ocorrência bairro marília cidade baixar fluminense dia domingo votação e dia d o polícia negar o agressão causar político o 65ª delegacia policial o atacar registrar o razão o fato mulher concorrente comércio o vítima crítico agressor redar social e tirar satisfação,entretenimento, 18/11/2020," Por Roberta Pennafort, CBN ",https://g1.globo.com/fato-ou-fake/noticia/2020/11/18/e-fake-que-video-mostre-mulher-sendo-agredida-na-baixada-fluminense-apos-votar-em-um-candidato-e-ser-confrontada.ghtml,0
3618,Pacheco diz que não moverá um milímetro contra CPI da Pandemia,,o presidente senado rodrigar pacheco dem-mg afirmar n sexta-feira apesar contrário instalação cpi pandemia n trabalhar milímetro mitigar o cpi instalar funcionar ressaltar decisão judicial cumprir entrevisto folhar s. paulo o presidente senado o presidente jair bolsonaro contribuir discursar negacionista bolsonaro pregar negacionismo criticar o negacionismo e consequentemente criticar o falir d o ministrar luís roberto barroso supremo tribunal federal stf determinar o instalação cpi covid-19 senado o oposição conseguir assinatura necessário o comissão funcionar pacheco vir resistir instalá-la comunicar quinta-feira pacheco cumprir o decisão criticar o teor o presidente senado afirmar o inapropriado e o colegiado representar o coroamento insucesso nacional enfrentamento pandemia prever regrar casar alegar adotou juízo conveniência e oportunidade instalar o cpi pacheco adotou posturar semelhante o o manifestar perante o processar supremo documentar enviar alegar o adequar instalar cpi caber o o presidente senado e criação n ajudar buscar solução,brasil, Publicado em  09/04/21 20:19 ,Extra,https://extra.globo.com/noticias/brasil/pacheco-diz-que-nao-movera-um-milimetro-contra-cpi-da-pandemia-24964329.html,1
3619,Grávida que ficou 52 dias internada com covid-19 dá à luz bebê saudável  ,,"dia o brasil bater recordar morte decorrente coronavírus mulher alentar o equipar hospital josé rir preto sp cidade o km paulo gislaine graciela menezes bonfim passar dia internar covid-19 luzir beber saudável e sequela doença o casar acontecer hospital austa e emocionar profissional o pequeno ana luisa vir o o mundo 2,9 kg e semana completamente saudável o o uol o enfermeiro helid svazate silvar unidade tratamento intensivo pediátrico hospital explicar o situação internação novembro e dezembro 22ª semana gestação entrar contar",saúde,04/03/2021 16h39 ,Naian Lopes,https://noticias.uol.com.br/cotidiano/ultimas-noticias/2021/03/04/gravida-que-ficou-52-dias-internada-com-covid-19-da-a-luz-bebe-saudavel.htm,1
