,Titulo,Subtitulo,Noticia,Categoria,Data,Autor,URL,Classe
2172,"

Arthur, que morreu de meningite, não era neto de Lula #boato 
","Boato – Ex-presidente Lula não perdeu o neto. Na verdade, Arthur, que morreu de meningite, era neto de dona Marisa e do marido do primeiro casamento.",achar queoarthurnão eranetodele.e damariza.serianetofilho enteadodele velório neto neto d neto casamentar mariza cachaceiro devolver dinheiro lulafdp perder neto o criança neto maridar marisa luis inácio ladrão neto esclarecer o neto marisa.do ° maridar d caro o neto roubar afff ..,política,03/03/2019,"
Edgard Matsuki ",https://www.boatos.org/politica/arthur-nao-era-neto-de-lula.html,0
2173,"

Chá de erva-doce cura o novo coronavírus, diz diretor do HC #boato 
",Boato – O diretor do HC está preocupado com o novo coronavírus e disse para as pessoas se curarem da doença tomando chá de erva-doce (que tem Tamiflu).,diretor hospital clínico hc preocupar o gripar coronavírus seguinte recomendação – álcool gel o nossso aliar – começar o tomar vitaminar c urgente – lavar mão o o dia – evitar locar haver multidão – comer fígado boi – ingerir suco acerola e laranjo – tomar chá erva-doce o o dia erva-doce o chá erva-doce o substância o medicamentar tamiflu o remédio tratar o gripar o – h1n1 aconselha-se tomar o chá café refeição repassar importante,saúde,07/02/2020,"
Edgard Matsuki ",https://www.boatos.org/saude/cha-erva-doce-cura-novo-coronavirus-diretor-hc.html,0
2174,Posse de Biden: como a Casa Branca se prepara para a chegada de um novo presidente  ,,vestígio presidência donald trump varrido quarta-feira 20/1 o mudança bidens o casar branco escrivaninha esvaziar sala limpo e assessorar presidente substituir equipar indicar político transformação presidência trazer o o coração governar,saúde,20/01/2021 06h41 ,Tara McKelvey - BBC News,https://noticias.uol.com.br/ultimas-noticias/bbc/2021/01/20/como-a-casa-branca-se-prepara-para-a-chegada-de-um-novo-presidente.htm,1
2175,"
  Lei prevê que eleitores não podem ser presos em dias próximos a um pleito, mas há exceções","Publicações compartilhadas dezenas de milhares de vezes em redes sociais poucos dias antes das eleições municipais de 15 de novembro asseguram que ninguém pode ser preso dias antes do pleito. Isso não é verdade. O Código Eleitoral realmente prevê que eleitores não podem ser presos a partir de cinco dias antes e até 48 horas depois de uma eleição, mas há várias exceções. A prisão pode ocorrer, por exemplo, no caso de flagrante ou de condenação por um crime inafiançável.Envie-nos por WhatsApp Email",“ hoje domingo ninguém presar o gente filho bolsonaro ” texto compartilhar facebook twitter e instagram o dia novembro dia eleição municipal d ano versão semelhante trazer o alegação e afirmar “ filho lula ” o informação inicial postagens falso,brasil,15/11/2020 às 22:27,AFP Brasil,https://checamos.afp.com//lei-preve-que-eleitores-nao-podem-ser-presos-em-dias-proximos-um-pleito-mas-ha-excecoes,0
2176,EUA se preparam para tempestade de inverno em meio a cortes de energia  ,,"Milhões de pessoas ficaram sem energia elétrica nesta quarta-feira (17) no Texas, a capital energética dos Estados Unidos, e enfrentaram também cortes de água, quando uma tempestade de inverno incomum atingiu o sudeste do país. O Serviço Meteorológico Nacional (NWS) emitiu alertas e avisos para mais de 100 milhões de americanos na área central do país. O NWS indicou que a tempestade, conforme se move para o nordeste, levaria gelo, granizo e neve pesada para partes do Texas, Louisiana, Arkansas e Mississippi, que podem causar mais cortes de energia e danos às árvores, além de tornar as estradas perigosas.",saúde,17/02/2021 21h02 ,17/02/2021 21h02 ,https://noticias.uol.com.br/ultimas-noticias/afp/2021/02/17/eua-se-prepara-para-tempestade-de-inverno-em-meio-a-cortes-de-energia.htm,1
2177,"

William Bonner e Grazi Massafera assumem namoro #boato 
","Boato – Depois de se separar de Fátima Bernardes, William Bonner assumiu namoro com Grazi Massafera. Eles estão juntos há um mês.",william bonner e grazi massafera assumir junto o ler matéria completar,entretenimento,,"
Edgard Matsuki ",https://www.boatos.org/entretenimento/william-bonner-grazi-massafera-namoro.html,0
2178,"Vacina contra Covid não afeta fertilidade, afirmam especialistas",Falsas alegações sobre a vacina e seu impacto na placenta e na fertilidade viraram discussão em redes sociais do Reino Unido; médicas ouvidas pela BBC explicam por que as teorias não fazem sentido.,infundado alegação espalhar rede social vacinar o covid-19 o pfizer afetar o fertilidade feminino explicar especialista consultar bbc falso alegação difundir o idear o vacinar deixar mulher inférteis corpo atacar o placenta haver nenhum mecanismo biológico plausível vacinar afetar o fertilidade explicar lucy chappell professorar obstetrício universidade king s college londres e porta-voz royal college obstetra e ginecologista britânico o vacinar gênica pfizer funcionar modo o mandar mensagem o corpo permitindo-o fabricar pequeno e inofensivo fragmentar proteína spike coronavírus processar ativa o imunológico produzir anticorpo e célula branco combater o vírus — e fazendo-o capaz reconhecer novamente vírus casar voltar o entrar corpo,ciência, 15/02/2021 08h52 , Por BBC ,https://g1.globo.com/bemestar/vacina/noticia/2021/02/15/vacina-contra-covid-nao-afeta-fertilidade-afirmam-especialistas.ghtml,1
2179,"

Carro HB20 usado por Adélio no dia do ataque pertence a Jean Wyllys #boato 
","Boato – O HB20, carro usado por Adélio Bispo de Oliveira no dia do ataque a Bolsonaro, pertence ao deputado federal Jean Wyllys.",o hb20 adélio dia atacar pertencer o jean willys mistério o hb o adélio bispar pertencer o jean willis precisar esclarecido o hb20 dia atacar pertencer o jean william,política,,"
Edgard Matsuki ",https://www.boatos.org/politica/carro-hb20-adelio-jean-wyllys.html,0
2180,"

Uber vai comprar a Avianca e oferecer passagens com 50% de desconto #boato 
",Boato – Uber vai comprar a companhia aérea Avianca na próxima semana e oferecerá passagens aéreas com 50% de desconto.,uber comprar avianca e oferecer passagem descontar site.previsão o martelar bater semanaapós problema envolver dívida avianca o empresar aéreo vendido e interessar o uber informação site bahia now conformar o publicação diretor avianca preferir identificar afirmar o uber entrar disputar comprar empresar o desistência azul linha aéreas.conforme o fonte o uber o intenção comprar operação e quitar dívida empresar acordar o publicação o proposto oferecer passagem aéreo descontar valorar praticar atualmente …,brasil,04/05/2019,"
Carol Lira ",https://www.boatos.org/brasil/uber-comprar-avianca-passagens-desconto.html,0
2181,"RO fraudou número de vagas de UTI para evitar decreto de isolamento, diz MP  ",,o governar rondônia incluir leito clínico e uti unidade terapia intensivo inativos relatório diário ocupação hospital paciente covid-19 durante dezembro e janeiro o objetivo o evitar leito o o decretar medir isolamento social rígido hoje portar velho enfrentar colapso saudar público excesso caso e preciso transferir paciente vago unidade o denúncia feito mp ministério público estadual hoje inquérito civil público aprofundar investigação e responsável inclusão documento,saúde,26/01/2021 10h43Atualizada em 26/01/2021 19h58 ,Carlos Madeiro,https://noticias.uol.com.br/saude/ultimas-noticias/redacao/2021/01/26/ro-fraudou-numero-de-vagas-de-uti-para-evitar-decreto-de-isolamento-diz-mp.htm,1
2182,"

Chapecó esvaziou UTIs graças ao tratamento precoce (hidroxicloroquina, ivermectina etc.) #boato 
",Boato – Chapecó (SC) esvaziou UTIs graças ao tratamento precoce. Foi com hidroxicloroquina e ivermectina que não há mais leitos ocupados na cidade. ,prefeito chapecó o trintar dia o cidade caos hoje enfermaria vazio e utis esvaziar rapidamente tratamentoprecocesalvavidaschapecó sc esvaziar leito utis tratamento precoce • assistir o vídeo completar acessando o link abaixar aproveitar e inscrever canal youtube link,saúde,04/04/2021,"
Raiane Gonoli ",https://www.boatos.org/saude/chapeco-esvaziou-utis-tratamento-precoce.html,0
2183,"""Vão ao templo testemunhar o cofre"", diz Lancellotti sobre decisão do STF  ",,o padrar julio lancellotti coordenador pastoral ruir arquidiocese paulo criticar n domingo o decisão ministrar kassio nunes marcar stf supremo tribunal federal liberar o realização culto e missar presenciar o agravamento pandemia interessante sentença o ministrar o essencialidade liberdade religioso enganir o essencialidade liberdade religioso o testemunhar templo gente templo e testemunhar jesus templo testemunhar o cofre templo testemunhar o lucrar jesus precisar templo testemunhar jesus precisar testemunhá-lo vida.padre julio lancellotti crítico feito durante celebração páscoa realizar paulo e transmitir internet lancellotti afirmar o testemunhar jesus brasil hoje garantir proteção social o garantir vacinar o,política,04/04/2021 17h11 ,Giulia Fontes,https://noticias.uol.com.br/cotidiano/ultimas-noticias/2021/04/04/padre-julio-lancellotti-liberacao-cultos-missas-presenciais-stf.htm,1
2184,"Bolsonaro volta a ser alvo de panelaços, xingamentos e pedidos de renúncia  ",,o presidente jair bolsonaro alvo protesto durante o exibição edição hoje jornal nacional tv globo morador capitar brasil s janela bater panela e pedir o sair bolsonaro presidência pronunciamento bolsonaro defender o rotina país retornar realidade e o imprensar brasileiro ajudar o o pânico tornar covid-19 criticar governador e voltar o referir doença deixar morto brasil gripezinha e resfriado rede social político artista e usuário twitter condenar o tom adotado presidente discursar fernando haddad pt-sp disputar o turno eleição bolsonaro o ex-deputado apostar milhar vidar e o presidência e o atitude custar caro o o país conferir vídeo protesto registrar hoje,saúde,25/03/2020 20h43Atualizada em 25/03/2020 21h02 ,25/03/2020 20h43Atualizada em 25/03/2020 21h02 ,https://noticias.uol.com.br/politica/ultimas-noticias/2020/03/25/bolsonaro-volta-a-ser-alvo-de-panelacos-xingamentos-e-pedidos-de-renuncia.htm,1
2185,Países com sistemas de saúde precários preocupam OMS em relação ao Covid-19  ,,o organização mundial saudar oms n sábado impossível prever o direção o coronavírus covid-19 surgir chino tomar e expressar preocupação o crescente caso n país o diretor-geral tedros adhanom ghebreyesus durante entrevisto coletiva conferência segurança realizar munique alemanha tedros especialista oms trabalhar estreito colaboração chino e expressar preocupação rumor e desinformação surgir doença o oms preocupar o potencial crise coronavírus causar país saudar fraco o chino informação oficiar listam 1.523 o morte entanto o diretor-geral oms considerar o ação autoridade chinês o o restar mundo vantagem combater o doença admitir,saúde,16/02/2020 14h49 ,16/02/2020 14h49 ,https://noticias.uol.com.br/ultimas-noticias/efe/2020/02/16/paises-com-sistemas-de-saude-precarios-preocupam-oms-em-relacao-ao-covid-19.htm,1
2186,Covid-19: Gilmar Mendes apoia o 'paga logo' e cobra governo sobre os R$ 600  ,,o ministrar stf gilmar mendes cobrar o governar brasileiro pagar o auxílio r$ prometer trabalhador informar gimar o pagalogo demonstrar insatisfação adiantar colocar o culpar constituição federal salvaguardar fiscal obstáculo ferramenta superação d crise o exigir grandeza buscar solução administração público integrar e livrar sectarismo pagalogo escrever o ministrar adiantar colocar o culpar constituição federal salvaguardar fiscal obstáculo ferramenta superação d crise o exigir grandeza buscar solução administração público integrar e livrar sectarismo pagalogo o presidente câmara deputar rodrigar maio dem-rj criticar hoje o prazo estipular governar federal o auxílio emergencial r$ aprovar senado começar o pagar o trabalhador informar incluir autônomos e contratar intermitente,saúde,31/03/2020 21h43 ,31/03/2020 21h43 ,https://noticias.uol.com.br/politica/ultimas-noticias/2020/03/31/covid-19-gilmar-mendes-apoia-o-paga-logo-e-cobra-governo-sobre-os-r-600.htm,1
2187,MP diz que live de Caetano não se trata de showmício  ,,o ministério público opinão favorável o o recurso campanha manuela d'ávila pc b candidato prefeitura portar alegrar e afirmar manifestação domingo o live fechar artista caetano veloso oferecido arrecadação recurso campanha manuela caracterizar showmício o showmício show artístico o promoção candidato proibir minirreforma eleitoral motivação época evento vantagem s campanha rico contratar artista famoso e atrair o público entretenimento necessariamente proposto ... ler íntegro folhar,política,19/10/2020 15h19 ,19/10/2020 15h19 ,https://noticias.uol.com.br/colunas/reinaldo-azevedo/2020/10/19/mp-diz-que-live-de-caetano-nao-se-trata-de-showmicio.htm,1
2188,"

Vacinas contra Covid-19 contêm 80% a 90% de óxido de grafeno #boato 
","Boato – Descobriram que a vacina contra Covid-19 tem óxido de grafeno e que, por isso, pessoas estão se infectando com a doença. Ou seja: nova variante é falsa.",o falso variante o vacinar parir infecção subsequente vacinar o umar terapia genético entrar célula parir proteína virar parir proteína virar produzir umar respostar imunológico vacinar astrazeneca e pfizer conter entrar e óxido grafeno o efeito imunológico d estudar o gente o o certar o o sujeito o substância nenhum sentir,saúde,05/07/2021,"
Edgard Matsuki ",https://www.boatos.org/saude/vacinas-contra-covid-19-contem-80-90-oxido-de-grafeno.html,0
2189,"
  A foto de uma manifestante com um cartaz contra a saúde pública é uma montagem","Uma foto de uma manifestante exibindo um cartaz com a frase “Não à saúde pública” foi compartilhada milhares de vezes em redes sociais desde o último dia 1º de novembro, como se o registro tivesse sido feito no ato do mesmo dia em São Paulo, em oposição ao governo estadual e a uma possível obrigatoriedade da vacina contra covid-19. A foto é, contudo, uma montagem feita a partir de um registro de uma YouTuber que pedia, no cartaz original, o fim da “heterofobia”, ironizando partidários do presidente Jair Bolsonaro em um ato de maio de 2019.Envie-nos por WhatsApp Email",“ absurdo bolsominions completamente noção show horror manifestação av paulista apelidar dia01noveuvou ” publicação compartilhar 2.800 facebook e twitter cercar dia “ domingo avenida paulista tá ” escrever usuário novembro dia apoiadores presidente jair bolsonaro realizar manifestação avenida paulista o atar objetivo opor o o governador paulo joão doria e afirmação o vacinar o covid-19 farmacêutico chinês sinovac biotech obrigatório buscar google registro anterior foto permitir concluir antigo e alterar digitalmente incluir o frase viralizada,brasil,4/11/2020 às 20:01,AFP Brasil,https://checamos.afp.com//foto-de-uma-manifestante-com-um-cartaz-contra-saude-publica-e-uma-montagem,0
2190,"'O caos vem aí', diz Bolsonaro em meio à atmosfera caótica que ele criou  ",,ficar mundo desobrigar sentir brasil bolsonaro sexta-feira o caos palavra significar país executar planar vacinação vacinar bicar contabilizar morto vírus enviar o filar esperar doente precisar uti e conseguir assegurar sedativo e oxigênio paciente conseguir chegar fase entubação ... país mergulhar caos o o projetar o futurar caos infernizar o presentar brasileiro bolsonaro revelar governar fato ocorrido tornaram-se imprevisível regime presidencialista caber o o capitão governar o pandemia inépcia agravar bolsonaro desgovernar acontecimento o o falar gripezinha mercadejar o cloroquina apelidar conversinha o onda contágio e o pandemia bolsonaro injetou empulhação caos potencializando-o crise sanitário matar escalar industrial o cegar fingir visível pilho corpo crescer o cegueira encenar presidente repúblico ficar entender o político conduzir o o planalto solução quase milhão brasileiro o eleger virar caos sensatez o capacidade gerencial bolsonaro invisível o olhar nu,política,21/03/2021 04h36 ,21/03/2021 04h36 ,https://noticias.uol.com.br/colunas/josias-de-souza/2021/03/21/o-caos-vem-ai-diz-bolsonaro-em-meio-a-atmosfera-caotica-que-ele-criou.htm,1
2191,"Após vídeo, senador do PT nega saber de decisão de Fachin antes: 'Ridículo'  ",,o senador humberto costa pt-pe classificar ridículo e teoria conspiração alegação antecipadamente decisão ministrar stf supremo tribunal federal edson fachin o o ex-presidente luiz inácio lula silvar pt domingo noite costa publicar twitter vídeo lula praticar exercício físico academiar o legendar preparar fachin anular condenação ex-presidente determinar justiçar federal curitiba âmbito operação lavar jato lula voltar o elegível preparar ... pic.twitter.com/pnirdfj2od,política,09/03/2021 12h53 ,Luciana Amaral,https://noticias.uol.com.br/politica/ultimas-noticias/2021/03/09/lula-senador-humberto-costa-video-stf-fachin-pt.htm,1
2192,"

Vacinação em massa criará novas variantes da Covid-19, acabar com sistema imunológico e destruir a humanidade #boato 
",Boato – Cientista alerta que a vacinação em massa criará novas variantes da Covid-19 e destruirá o sistema imunológico das pessoas.,catástrofe covid avizinhar dr geert vanden bossche virólogo e criador vacinar vacinar covid-19 “ desligar ” o imunológico e resistir o mutação covid-19 explicar n vídeo o imunológico ficar “ off ” o vacinação impedir o imunológico identificar o coronavírus e resistir o ele.vacinação covid-19 massa liberar vírus incontrolável alertar cientista o o mundo vacinação covid-19 massa liberar vírus incontrolável alertar cientista o o mundo,saúde,20/03/2021,"
Carol Lira ",https://www.boatos.org/saude/vacinacao-em-massa-novas-variantes-covid-19.html,0
2193,"

PT acaba de criar uma igreja evangélica com Gleisi de pastora #boato 
",Boato – PT cria igreja evangélica no Brasil para enganar brasileiros e vídeo mostra pastora Gleisi Hoffmann pregando no local.,“ achar o pt agente enganir inacreditável verdade o pt acabar criar igreja evangélico enganar o ” “ pt chegar o o cúmulo absurdo criar igreja enganar cristão brasil o brasileiro ”,política,,"
Kyene Becker ",https://www.boatos.org/politica/pt-igreja-evangelica-gleisi.html,0
2194,"

Lula diz “basta colocar arroz na mesa do nordestino que ele vota em você” e que “com R$ 10 compra um baiano” #boato 
",Boato – Lula faz afirmações controversas. Ele disse que “basta colocar arroz na mesa do nordestino que ele vota em você” e que “com R$ 10 compra um baiano”. ,“ o cachaceiro acreditar conferir o google ‘ basto colocar grão arroz o mesa nordestino votar ‘ real comprar baiano ”,política,11/06/2021,"
Kyene Becker ",https://www.boatos.org/politica/lula-diz-basta-colocar-arroz-mesa-nordestino-ele-vota-com-r10-compra-baiano.html,0
2195,"

Vídeo flagra OVNI (disco voador) gigante na Malásia #boato 
",Boato – Filmagem mostra OVNI gigante sobrevoando os céus da Malásia. Assista ao vídeo do disco voador antes que apaguem.,acontecer malásio compartilhar tirar ar ufo estraterrestre et ovini nave,ciência,,"
Edgard Matsuki ",https://www.boatos.org/ciencia/video-ovni-gigante-malasia.html,0
2196,"

Foto mostra pessoas voando em meio a nuvem de fumaça após explosão em Beirute (Líbano) #boato 
","Boato – Uma foto mostra pessoas voando em meio a nuvem de fumaça após a explosão em Beirute, no Líbano, de tão forte que foi o impacto. Jesus buscou essas pessoas e está voltando!",o explosão hoje beirute libano forte pessoa voar tristevocês jesus buscar pessoa explosão beirute libano jesus voltar aproveitar o fama seguir pra memes e sla curtir fotos?mulheres e homem voar céu beirute forçar terrível explosão senhor proteger o líbano e o libanês piedade amém mulher e homem voador céu beirute incrível explosão senhor proteger o líbano e o líbano amém,mundo,,"
Raiane Gonoli ",https://www.boatos.org/mundo/foto-pessoas-voando-explosao-beirute-libano.html,0
2197,SP: Secretário critica interior por flexibilizar e 'banalizar' isolamento  ,,jean gorinchteyn anunciar anteontem secretário saudar paulo hoje o interiorização pandemia coronavírus cidade interior flexibilizar medir isolamento social gorinchteyn infectologista hospital emílio riba afirmar haver banalização d ações o realmente termo município paulo município aumentar o casar prever o secretário entrevisto cnn brasil prever assumir compromisso político e social médico sinalizar o banalização medir cidade interior paulo visto grosso o o acontecer principalmente município paulo acrescentar gorinchteyn o secretário anunciar governador joão doria psdb-sp defender o interiorização epidemiar acontecer o capital manter medir isolamento social o processar o semana,saúde,23/07/2020 11h48 ,23/07/2020 11h48 ,https://noticias.uol.com.br/saude/ultimas-noticias/redacao/2020/07/23/sp-secretario-critica-interior-por-flexibilizar-e-banalizar-isolamento.htm,1
2198,Espanha registra maior número de mortes em um dia por causa do coronavírus  ,,"o espanha registrar hoje morte dia decorrência covid-19 ministério saudar pessoa morrer horar causar surtir coronavírus índice óbito domingo o o o espanha registrar 8.189 morte o início crise país o infectar subir 94.417 cercar o o boletim apresentar segunda-feira o país contabilizar paciente recuperar doença e cercar 5,6 internar unidade tratamento intensivo utis acordar o diretora adjunto centrar coordenação alertar e emergência sanitário ministério saudar maria josé sierra utis o preocupação governar horar internação n atendimento.sierra falar idade falecido ano ano o margem o o início e o situação país declarou.no mundo caso ultrapassar o casar contágio e quase vítima",saúde,31/03/2020 06h56 ,31/03/2020 06h56 ,https://noticias.uol.com.br/internacional/ultimas-noticias/2020/03/31/espanha-regista-maior-numero-de-mortes-em-um-dia-por-causa-do-coronavirus.htm,1
2199,análise vídeo mostrar míssil causar o megaexplosão beirute,,acredita-se o megaexplosão ocorrer dever o 2.750 tonelada nitratar amônio armazenar mau condição o portar o origem o o incêndio preceder o explosão motivar incerteza atualmente sobrar o acontecer realmente acontecer o entanto haver insistir o megaexplosão o resultar míssil beirute sofrer atacar,mundo,6/08/20206,marco faustino,https://www.e-farsas.com/analise-de-video-mostra-que-um-missil-causou-a-megaexplosao-em-beirute.html,0
2200,"

Lula disse que nordestinos são ignorantes, pobres e os comparou com Dilma #boato 
","Boato – Em declaração, Lula afirmou que Dilma Rousseff é uma pessoa “estudada e muito inteligente” e nordestinos são “ignorantes e pobres”.",“ hoje “ zurrar ” contra#bolsonaro época luladrão vomitar “ o presidente dilma pessoa estudar e inteligente .. nenhum nordestino ignorante e pobre ” – lula – maio ” “ o época nenhum governador manifestar hipócrita ‘ o presidente dilma pessoa estudar e inteligente … nenhum nordestino ignorante e pobre … ’ luiz inácio lula silvar maio ”,política,24/07/2019,"
Kyene Becker ",https://www.boatos.org/politica/lula-nordestinos-ignorantes-pobres-comparou-dilma.html,0
2201,Aliados de Bolsonaro defendem 'solução Weintraub' para tirar Salles do Ministério do Meio Ambiente,"Conselheiros presidenciais querem que Salles seja realocado internamente no governo ou ganhe um cargo fora, como Weintraub, indicado para o Banco Mundial. ",apesar jair bolsonaro declarar o ministrar ricardo salles permanecer governar assessorar presidente admitir o situação titular pastar ambientar desgastar e prejudicar o economia brasileiro o cobrança mudança político ambiental brasil defendido diferente setores semana dia procurador repúblico pedir justiçar federal o afastamento salles cargo acusando-o improbidade administrativo considerar haver desestruturação doloso estruturar proteção o o ambientar avaliação integrante governar ouvir blog empresário e investidor manter interlocução ambientar o vice-presidente hamilton mourão o esvaziar o ministrar entanto afirmar o presidente pressionar o trocar adir substituição,política, 17/07/2020 09h21 , ,https://g1.globo.com/politica/blog/andreia-sadi/post/2020/07/17/aliados-de-bolsonaro-defendem-solucao-weintraub-para-tirar-salles-do-ministerio-do-meio-ambiente.ghtml,1
2202,"
  Repasse para escolas de samba foi anunciado pela Prefeitura, não pelo governo estadual de SP","Publicações compartilhadas centenas de vezes em redes sociais desde meados de fevereiro asseguram que o governador do estado de São Paulo, João Doria, repassou R$ 33 milhões a escolas de samba em 2021, apesar das festividades de Carnaval terem sido canceladas devido à pandemia de covid-19. A alegação é enganosa. A transferência ao setor foi anunciada, mas pela Prefeitura da cidade de São Paulo, chefiada por Bruno Covas, e não pelo governo de Doria.Envie-nos por WhatsApp Email",“ carnaval dório repassar milhão escola sambar ” texto circular facebook e twitter o o fevereiro “ vagabundar ” criticar usuário o o compartilhar o publicação ilustrar imagem manipular parecer o governador paulo fantasiar borboleta realizar anualmente sambódromo anhembi o desfilar escola sambar paulo cancelar ano evitar aglomeração combater pandemia covid-19 maneiro semelhante realizar tradicional desfile rir janeiro,brasil,23/02/2021 às 17:39,AFP Brasil,https://checamos.afp.com//repasse-para-escolas-de-samba-foi-anunciado-pela-prefeitura-nao-pelo-governo-estadual-de-sp,0
2203,Opinião: Livro do general Villas Bôas expõe democracia frágil  ,,"O livro recém-lançado pela FGV (Fundação Getúlio Vargas) a partir de depoimento concedido em 2019 pelo general reformado e ex-comandante do Exército Eduardo Villas Bôas deve ser recebido como um relato unilateral, sem espaço para o contraditório. Como em outros livros produzidos pela FGV a partir de depoimentos de oficiais militares relevantes no país, a obra recorre à história oral, metodologia usada pelo seu CPDOC (Centro de Pesquisa e Documentação de História Contemporânea do Brasil) desde os anos 70. Entrevistas assim não costumam trazer contestações e perguntas mais duras. Estão mais para um bate-papo amistoso, como indica o próprio título de ""Villas Bôas: conversa com o comandante"" (Editora FGV, 2021, 244 págs).",política,10/02/2021 05h00 ,10/02/2021 05h00 ,https://noticias.uol.com.br/colunas/rubens-valente/2021/02/10/general-villas-boas-depoimento-fgv-politica.htm,1
2204,"

Policial invade necrotério para salvar sua mãe que estava com Covid-19, em um saco e respirando #boato 
",Boato – Um policial invadiu um necrotério depois de descobrir que a sua mãe estava com Covid-19 e havia sido ensacada e dado como morta. Ele a encontrou respirando.,e ninguém informação tomar medir entrar e botar o autoridade e entrar e subir elevador o leito o doutor renato ea enfermeiro greide receber informar dever dirigir enfermar colocar equipamento n proteção verificar o mãe dirigir o olhar governador baixar decreto emergenciais acesso o verba governar federal tesourar cofre público licitação justificativo falecido o casar d senhor o gente sacar defunto olá sortir d senhor o filhar d policial militar o cabo moisés e o o d correr pro hospital e dificuldade entrar imaginar pessoa condição pobre humilde,saúde,27/06/2020,"
Edgard Matsuki ",https://www.boatos.org/saude/policial-invade-necroterio-covid-19-saco-respirando.html,0
2205,Grécia e Israel fecham acordo para receber turistas vacinados  ,,israel e grécia chegar o acordar turismo n segunda-feira 8) respectivo cidadão vacinar o coronavírus viajar restrição país dever facilitar o viagem d apresentar comprovante vacinação e planejamos israel o primeiro-ministro grego kyriakos mitsotakis comunicar conjuntar homólogo israelense benjamin netanyahu o acordar tornar fácil turista israelenses irar o grécia limite quarentenar netanyahu,saúde,09/02/2021 09h24 ,09/02/2021 09h24 ,https://www.uol.com.br/nossa/noticias/afp/2021/02/09/grecia-e-israel-fecham-acordo-para-receber-turistas-vacinados.htm,1
2206,Pazuello participa de lançamento de licitação para construção da maior fábrica de vacinas da América Latina: “É um marco para o Brasil e para o SUS”,,o ministrar saudar eduardo pazuello participar n sexta-feira 05/02 lançamento edital licitação construção fábrica vacinar e fármaco américa latino e moderno mundo o complexo industrial biotecnologia saudar cibs fundação oswaldo cruz bio-manguinhos fiocruz aumentar o capacidade produção vacinar e biofármacos atender s demandar único saudar sus foto tony winston ms,saúde,05/02/2021 15h55,Marina Pagno Ministério da Saúde,https://www.gov.br/saude/pt-br/assuntos/noticias/pazuello-participa-de-lancamento-de-licitacao-para-construcao-da-maior-fabrica-de-vacinas-da-america-latina-201ce-um-marco-para-o-brasil-e-para-o-sus201d,1
2207,É #FAKE que vídeo mostre militantes petistas sendo marcados com ferro quente,"Vídeo é antigo e mostra, na verdade, integrantes do motoclube Abutre's em Roraima.",circular rede social vídeo mostrar homem camisa marcar o ferrar quentar o legendar vídeo mostrar o gado pt marcar o ferrar o vídeo antigo e mostrar militante pt marcar o ferrar quentar o legendar o mensagem falso verdade homem aparecer vídeo integrante motoclube abutre s o cerimônia rito oficial organização o marcação obrigatório simbolizar compromisso o clube,política, 09/12/2020," Por Roney Domingos, G1 ",https://g1.globo.com/fato-ou-fake/noticia/2020/12/09/e-fake-que-video-mostre-militantes-petistas-sendo-marcados-com-ferro-quente.ghtml,0
2208,"Em quarentena, jovem faz pedido de casamento com mensagem em prédio em MG  ",,wildson caldeirar planejando pedir o namorar sarah casamentar precisar mudar plano causar coronavírus e o isolamento social morador edifício jk belo horizonte pedir o ajudar o o vereador gabriel azevedo o pedir projetando o mensagem prédio motivar o vidar continuar haver dia o wildson caldeirar morador conjuntar jk mandar mensagem instagram plano d frustrar afinal querer levar namorar jantar especial ... vir o isolamento querer o pedir projetado explicar o político twitter desejar felicidade o o casal motivar o vidar continuar haver dia o wildson caldeirar morador conjuntar jk mandar mensagem instagram plano d frustrar afinal querer levar namorar jantar especial ... vir o isolamento querer o pedir projetado pic.twitter.com/cvryulry0p,saúde,03/04/2020 10h56 ,03/04/2020 10h56 ,https://www.uol.com.br/universa/noticias/redacao/2020/04/03/em-quarentena-jovem-faz-pedido-de-casamento-com-mensagem-em-predio.htm,1
2209,PT se alia a PSL em ao menos 4 cidades; rivais integram mais 85 coligações  ,,"Grandes rivais nas eleições de 2018, PT e PSL são neste ano aliados em ao menos 89 candidaturas pelo país. Em quatro delas, um dos dois partidos encabeça a coligação. Por enquanto, são três chapas lideradas pela antiga legenda de Jair Bolsonaro (sem partido) e uma pela sigla do ex-presidente Lula (PT). As outras 85 têm outros partidos como líderes na chapa. O levantamento foi feito pelo UOL a partir de dados parciais do TSE (Tribunal Superior Eleitoral). Ou seja, o apoio entre PT e PSL pode ser maior, já que os partidos têm até amanhã para registrarem as candidaturas. Em Juazeiro do Norte (CE), por exemplo, as legendas chegaram a anunciar aliança, mas ainda não constam no sistema do TSE. No Nordeste, histórico reduto petista, uma cidade do interior do Maranhão com pouco mais de 4.000 habitantes tem uma chapa formada apenas pelos dois desafetos —e a única no momento registrada para o pleito.",política,25/09/2020 19h47Atualizada em 25/09/2020 20h33 ,Beatriz Montesanti,https://noticias.uol.com.br/eleicoes/2020/09/25/pt-faz-chapa-com-psl-em-ao-menos-4-cidades-apoio-em-coligacoes-chegam-a-89.htm,1
2210,É #FAKE que vídeo mostre execução de repórter no Pará após reportagem com denúncia de superfaturamento,"Repórter está bem; ele fez um vídeo para tranquilizar espectadores. Além disso, Prefeitura de Moju nega irregularidades. Imagens, na verdade, mostram assassinato no Equador em janeiro deste ano.",circular rede social vídeo mostrar homem assassinar o mensagem o acompanhar imagem revelar o execução repórter denunciar superfaturamento obrar realizar durante o pandemia coronavírus moju parar procurar equipar fato fake o repórter brunir rodrigar responsável reportagem o mensagem falso circular haver semana e disseminar o denúncia o o ar redetv vídeo e publicar instagram avisar receber mensagem perguntar imagem,entretenimento, 27/07/2020," Por Roney Domingos, G1 ",https://g1.globo.com/fato-ou-fake/coronavirus/noticia/2020/07/27/e-fake-que-video-mostre-execucao-de-reporter-no-para-apos-reportagem-com-denuncia-de-superfaturamento.ghtml,0
2211,foto mostrar homem beijar umar criança formar suspeito o joe biden,será que as fotos mostrando um homem beijando uma criança claramente desconfortável é mesmo o presidente eleito dos estados unidos joe biden?,colagem foto começar o espalhar whatsapp e rede social semana novembro e mostrar homem beijar criança afetiva foto o homem óculo escuro aparentemente tapar o bocar menino beijar o nuca e foto aparecer beijar maneiro “ estranho ” o rostir criança,política,12/11/2020,gilmar lopes,https://www.e-farsas.com/fotos-que-mostram-um-homem-beijando-uma-crianca-de-forma-suspeita-e-o-joe-biden.html,0
2212,lula viajar parir paulo jatinho emprestar luciano huck,"após a soltura do ex-presidente luís inácio lula da silva começaram a circular diversas informações falsas envolvendo seu nome nas redes sociais. ironicamente, o próprio ex-presidente acabou emitindo uma série de declarações falsas, imprecisas ou exageradas, tanto no lado de fora do prédio da polícia federal (08/11), em curitiba/pr, quanto na frente do sindicato dos metalúrgicos do abc, em são bernardo do campo/sp (09/11).",d informação aventar aplicativo whatsapp site notícia o site “ pleno.news ” e blogs o apresentador luciano huck tv globo emprestar jatinho transportar lula curitiba paulo manhã sábado,política,10/11/2019,marco faustino,https://www.e-farsas.com/lula-viajou-para-sao-paulo-em-jatinho-emprestado-por-luciano-huck.html,0
2213,"

Governador de Sergipe, Belivaldo Chagas, diz que quem descumprir lockdown vai levar porrada #boato 
","Boato – Em vídeo, o governador de Sergipe, Belivaldo, Chagas afirmou que a pessoa que for pega descumprindo o lockdown e toque de recolher vai levar porrada da polícia.",versão sergipe o governador belivaldo chagar silvar avisar tocar recolher e cumprir levar tapar caro dedo olhar puxão cabelar gás pimenta e dedo c praticamente pertencer o o social democrático democrático … kkkkkkversão taí governador g o sergipe o defensor público aposentar belivaldo chagar decidir aumentar o lockdown manter o tocar recolher e avisar o desobediente – andar ruir tocar recolher levar puxavante cabelar cuspir caro tapar e desobediente ficar castigar manhã s ouvir parar o músico “ caneta azul ” vídeo cantar estrofe músico deixar dúvida o autoridade.transcrição deixar claro o lockdown aumentar dia prorrogar e o tocar recolher continuar horar s horar manhã o sujeitar andar ruir levar porrada o polícia bater cuspir caro furar olho d jogar pimenta e sal pelar cumprir decretar pessoa cumprir e respeitar autoridades.então o sujeitar andar ruir sergipe levar cusparada levar tapar caro puxão cabelar tá e reclamar ficar o dia ouvir o músico caneta azul músico “ caneta azul azul caneta ” manhã s passar aprender o respeitar o decretar e autoridade sergipe ficar o recadar governador d zorra,política,25/03/2021,"
Edgard Matsuki ",https://www.boatos.org/politica/governador-de-sergipe-belivaldo-chagas-quem-descumprir-lockdown-levar-porrada.html,0
2214,"
  O edifício Burj Khalifa, o mais alto do mundo, não foi iluminado com a bandeira de Israel; é uma montagem","Publicações compartilhadas mais de 1,8 mil vezes nas redes sociais desde o último dia 14 de agosto mostram uma imagem do Burj Khalifa, o edifício mais alto do mundo, localizado em Dubai, iluminado com a bandeira de Israel após o anúncio do acordo de paz entre este país e os Emirados Árabes Unidos, em 13 de agosto. Contudo, a suposta fotografia é uma montagem: esta imagem do edifício circula desde 2019 sem as cores da bandeira israelense.Envie-nos por WhatsApp Email",“ surpreendente ... e profético dubai n semana o torrar burj khalifa receber o ninguém imaginar ... o bandeiro israel pra anunciar o paz celebrar país israel e eau emirado árabe unir o comedir convivência preparar o futurar ... ler entender ” indicar o legendar publicação compartilhar facebook o edifício iluminar corar e o estrelo bandeiro israelense o imagem compartilhar afirmação instagram e twitter idioma inglês espanhol francês e árabe dia agostar o presidente unir donald trump anunciar emirado árabe unir e israel haver chegar o acordar histórico estabelecer diplomático pleno trump classificar acordar “ avançar enorme ”,política,24/08/2020 às 22:01,AFP MENA,https://checamos.afp.com//o-edificio-burj-khalifa-o-mais-alto-do-mundo-nao-foi-iluminado-com-bandeira-de-israel-e-uma-montagem,0
2215,"

Vídeo de mulher pisando em uma criança deve ser compartilhado para que ela seja presa #boato 
",Boato – Mulher é flagrada pisando em uma criança no Brasil. Compartilhe o vídeo para que a polícia do Brasil possa identificá-la e prendê-la.,crueldade mulher maltratar criança pisar n circular rede social vídeo mulher subir criança e andar o corpo d massageando pés.a mulher comedir lentamente e minuto pisar rostir criança comedir o gritar dor o criança o pranto o mulher compartilhar o policiar conseguir localizar mulher jamais merecer chamar mãe o conhecer ligar preciso identificar,brasil,20/11/2019,"
Edgard Matsuki ",https://www.boatos.org/brasil/video-mulher-pisando-crianca-deve-ser-compartilhado-presa.html,0
2216,"

PCdoB sugere projeto que legaliza casamento entre pais e filhos (incesto) e poliamor #boato 
",Boato – O deputado Orlando Silva (PCdoB-SP) propôs um projeto de lei que legaliza o casamento entre pais e filhos (incesto) e o poliamor (casamento entre várias pessoas).,pl “ poliamor ” e casamentar pai e filho votar dia projeto lei pl nº 3369/2015 orlar silvar pcdob reconhecer família “ formar união pessoa “ e “ independente consanguinidade ” e votar comissão câmara deputar brasília df quarta-feira.por regrar regulamentar “ casamento ” incluir pai filhar o pai o filho mãe o filho mãe filhar combinação pai e filho amplo incluir pessoa família infinito possibilidade casamentar pai filho filho e pessoa família mãe filho filho e pessoa pessoa parentesco avô tio entear entear etc,política,20/08/2019,"
Edgard Matsuki ",https://www.boatos.org/politica/pcdob-projeto-casamento-pais-filhos-incesto.html,0
2217,É #FAKE que nenhum militar foi enviado para ajudar no combate ao fogo no Pantanal,Agências governamentais locais atestam a presença de militares no combate às chamas e Forças Armadas apresentam dados sobre as operações.,circular rede social mensagem pessoa salvar o pantanal combater chamar incêndio haver nenhum soldar exército o boatar pessoa salvar o pantanal o exército soldar bolsonaro enviar combater chamar nenhum órgão oficiar envolvido combater s chamar deixar claro o mensagem falso,entretenimento, 18/09/2020," Por Roney Domingos, G1 ",https://g1.globo.com/fato-ou-fake/noticia/2020/09/18/e-fake-que-nenhum-militar-foi-enviado-para-ajudar-no-combate-ao-fogo-no-pantanal.ghtml,0
2218,"Por 8 a 3, STF anula condenações em Curitiba e mantém Lula elegível  ",,o stf supremo tribunal federal manter o decisão ministrar edson fachin beneficiar o ex-presidente luiz inácio lula silvar pt voto o e o julgamento continuar quinta-feira o plenário supremo começar hoje o discutir o enviar paraná o distrito federal processo operação lavar jato lula o concordar o incompetência 13ª varar federal curitiba julgar lula entrar consenso o destinar processo o distrito federal paulo discutir semana — o plenário analisar semana rever o decisão suspeição ex-juiz sergio morar casar triplex guarujá julgar turma tribunal,política,15/04/2021 04h00Atualizada em 15/04/2021 21h56 ,Eduardo Militão e Nathan Lopes*,https://noticias.uol.com.br/politica/ultimas-noticias/2021/04/15/plenario-do-stf-julga-anulacao-das-condenacoes-de-lula.htm,1
2219,Cidade do Rio não tem mais UTI para pacientes da covid-19 na rede estadual  ,,manhã hoje o cidade rir janeiro possuir nenhum leito uti unidade terapia intensivo disponível redar estadual saudar paciente o coronavírus o rir ultrapassar o marcar morte causar coronavírus acordar o secretariar saudar existir vago hospital zilda arns voltar redondo possuir ocupação enfermar e uti leito destinar o covid ocupar e haver rotativo vago ocasionar alto óbito reservar técnico leito paciente internar agravar o quadrar clínico necessitar utis explicar o pastar o capital concentrar o caso oficiar coronavírus 4.027 sequência aparecer iguaçu duque caxias niterói e voltar redondo,saúde,24/04/2020 09h36 ,24/04/2020 09h36 ,https://noticias.uol.com.br/saude/ultimas-noticias/redacao/2020/04/24/rio-de-janeiro-nao-possui-mais-utis-para-pacientes-em-na-rede-estadual.htm,1
2220,Pazuello promete mais voos para transferir pacientes do AM a outros estados  ,,o ministrar saudar eduardo pazuello prometer hoje aumentar o voo levar paciente covid-19 amazona viver colapso saudar o o general esforço atendimento médio e alto complexidade voltar o transferência doente infraestrutura transportar armazenagem e distribuição oxigênio aumentar o voo remoção paciente aeronave particular e conseguir vago anunciar pazuello viagem o manaus e participar reunião coar comitê crise controlo operação especial o ministrar pedir o reforçar o importância atenção primário atendimento paciente estratégia aliviar o fluxo hospital capital amazonense pazuello o atendimento básico fundamental brecar o avançar covid-19 e o rápido,saúde,25/01/2021 18h19Atualizada em 25/01/2021 18h21 ,25/01/2021 18h19Atualizada em 25/01/2021 18h21 ,https://noticias.uol.com.br/saude/ultimas-noticias/redacao/2021/01/25/pazuello-promete-mais-voos-para-transferir-pacientes-do-am-a-outros-estados.htm,1
2221,"Alessandro Vieira sobre negacionistas: 'Podem ser doidos, mas não bestas'  ",,intervenção objetivas e basear especialista o senador alessandro vieira cidadania destacar cpi covid confrontar amalucar depoente constatação científico reunir o sessão quase vieira conseguir revelar mentira comissão o problema tese base científico defendido representante executivo condição testemunhar senador governista integrar o cpi preferir citar nome óbvio desinformação intencional deliberar vieira coluna amanhã o comissão frente o médico nise yamaguchi depoente anterior sugerir o o governar mudar o bulir hidroxicloroquina incluir o indicação tratamento covid-19 nise defensor chamar tratamento precoce cientista renomados existir,política,31/05/2021 04h00 ,31/05/2021 04h00 ,https://noticias.uol.com.br/colunas/chico-alves/2021/05/31/alessandro-vieira-sobre-negacionistas-podem-ser-doidos-mas-nao-bestas.htm,1
2222,SP regride e 6 regiões voltam à fase vermelha de restrição nesta 2ª-feira  ,,comedir o valer n segunda-feira determinação planar paulo razão aumentar caso covid-19 o paulo incluir o capital entrar fase laranjo o restritivo região passar fase laranjo o fase vermelho o restritivo atividades essencial funcionar araraquara joão visto campino paulo e baixar santista passar fase amarelo o laranjo prever o fechamento bar atendimento presencial e o funcionamento restaurante 20h capacidade reduzir,saúde,24/01/2021 22h43 ,Carolina Marins,https://noticias.uol.com.br/saude/ultimas-noticias/redacao/2021/01/24/sao-paulo-plano-sp-regressao-vermelha-e-laranja.htm,1
2223,o quinina água tônica ajudar o combater o o coronavírus,"é verdade que o componente quinino, presente na água tônica, é eficaz no combate ao coronavírus?",o vídeo duração começar o compartilhar rede social semana abril e mostrar moço chamar nome victória mostrar o descobrir científico aparentemente componente água tônica – o quinino o quinina – eficaz combater o o coronavírus,saúde,15/04/2020,gilmar lopes,https://www.e-farsas.com/a-quinina-da-agua-tonica-ajuda-no-combate-ao-coronavirus.html,0
2224,"

Ciro Nogueira e Firmino Filho falam em “quebrar Bolsonaro” com Covid-19 no Piauí #boato 
","Boato – No Piauí, senador Ciro Nogueira e prefeito de Teresina Firmino Filho dizem que vão “terminar de quebrar Bolsonaro” com Covid-19. ",“ olhar o golpe fdp ciro nogueira juntar o prefeito firmino derrubar bolsonaro compartilhar forçar ” “ vazamento converso prefeito terezina firmino filho(psdb o senador ciro nogueira psdb canalha bolsonarotemrazão ” “ vir o noticiar testar coronavirus negativar ótimo – dia senador ciro certar – aliás tá tranquilo – coronavirus vir horar certo esquecer bronco cidade falir máscara lavar mão … – haver o … voto kkk – mandar fechar – ah fechar emergência calamidade público botar pra fiscalizar ruir quase notificar hahaha – pessoa morrer tocar o terror mídia foto caixão valer aberto … contratar milhão abertura cova – eita cova caro … tá ótimo – apertar o governar federal soltar o dinheiro meter medo ficar mundo casar e o gente terminar quebrar bolsonaro tá – e botar pra torar gasto mandar o contar pro bolsonaro hahaha – eleição achar tava perdido tá papar – doido to virar herói – hahaha – aproveitar dispensar licitação pra gente voltar o faturar o lavar jato tá pé tá ficar difícil faltar caviar casar poxa ”,política,05/05/2020,"
Kyene Becker ",https://www.boatos.org/politica/ciro-nogueira-firmino-filho-quebrar-bolsonaro-covid-19-piaui.html,0
2225,"

Fred Astaire e Rita Hayworth dançam forró em vídeo #boato 
","Boato – Fred Astaire e Rita Hayworth dançaram forró em vídeo. Nas imagens, os atores aparecem bailando ao som da música Feira de Mangaio, da cantora Clara Nunes.",rita hayworth “ achar dançar forró?”o talento fred astaire e rita hayworth o o som “ feirar mangaio ” claro nunes fredastaire forró brasilidade carnavalnoisolamento claranunese pra começar o semana forró fred astaire,entretenimento,,"
Raiane Gonoli ",https://www.boatos.org/entretenimento/fred-astaire-e-rita-hayworth-dancam-forro.html,0
2226,Rússia diz que vacina contra Covid-19 levou à produção de anticorpos na 1ª fase de testes,"Ministério da Defesa diz que a 2ª fase tem previsão para fim de julho, e a 3ª, até o meio de agosto. Se resultados continuarem satisfatórios, produção pode começar em setembro, diz ministério.",o rússia anunciar n domingo concluir o fase teste vacinar o covid-19 começar o analisar passar o governar resultar satisfatório e casar teste continuar resultar o produção imunização começar setembro o ministério defeso país voluntário envolvido 1ª fase teste respostar imunológico o vacinar necessário entretanto rodar teste previsto julho e o e agostar publicar estudo artigo científico o atual status pesquisar o objetivo teste avaliar o segurança vacinar o sucesso afirmar alexander lukashev diretor instituto parasitologia médico tropical e doença transmitir vetores universidade sechenov moscar agência notícia russo sputnik,ciência, 13/07/2020 16h04 , Por G1 ,https://g1.globo.com/bemestar/vacina/noticia/2020/07/13/russia-conclui-primeira-fase-de-testes-de-vacina-contra-covid-19-producao-pode-comecar-em-setembro-diz-governo.ghtml,1
2227,Netanyahu pede governo de emergência em Israel por conta do coronavírus  ,,jerusalém mar afp — o primeiro-ministro israelense benjamin netanyahu pedir n quinta-feira o formação imediato governar emergência união nacional lidar o disseminação coronavírus anunciar o fechamento escola e universidade o o ministério saudar detectar caso covid-19 e divulgar 32.000 pessoa quarentenar resultar definitivo eleição legislativo março confirmar quarta-feira pequeno vantagem primeiro-ministro entanto obter o parlamentar essencial formar governar principal adversário o líder centrista azul e branco benny gantz dia formar coalizão governamental,saúde,12/03/2020 18h33 ,12/03/2020 18h33 ,https://noticias.uol.com.br/ultimas-noticias/afp/2020/03/12/netanyahu-pede-governo-de-emergencia-em-israel-por-conta-do-coronavirus.htm,1
2228,É #FAKE imagem que mostra crianças famintas observando a ativista Greta Thunberg fazer refeição em trem,Trata-se de uma montagem. Foto original mostra a garota de 16 anos almoçando em uma de suas viagens com paisagem com árvores ao fundo; ela decidiu não mais viajar de avião para não contribuir com a emissão de gases. ,imagem ativista ambiental sueco gretar thunberg bombado rede social n o garoto ano aparecer refeição vagão trem criança faminto o observar janela o texto imagem vidar difícil o comunistinha levar suécio roubar sonho d imaginar sonho realmente dificuldade vidar o foto montagem e fake o foto original postar rede social twitter e instagram gretar janeiro d ano durante viagem trem legendar escrever almoçar dinamarca janela aparecer paisagem formar árvore ano lançar movimentar greve escolar o transformar figurar destacar lutar o mudança climático o ativista tomar atitude mostrar pessoa contribuir o redução emissão gás efeito estufar d deixar andar avião,mundo, 25/09/2019, Por G1 ,https://g1.globo.com/fato-ou-fake/noticia/2019/09/25/e-fake-imagem-que-mostra-criancas-famintas-observando-a-ativista-greta-thunberg-fazer-refeicao-em-trem.ghtml,0
2229,"

BRF está com vagas de emprego para quem compartilhar link no WhatsApp #boato 
","Boato – A BRF está retornado às atividades e está com diversas vagas de emprego. Para concorrer, é preciso entrar em um site e compartilhar um link com amigos no WhatsApp.","contratar o brf s.a alimento dono marcar sadio perdiz qualy … retornar atividades dia 06/07/2020 reabertura filiar 1.400 vago disponível vago jovem aprendiz ajudante granja recepcionista estoquista serviço gerar segurança e vigiar motorista e e … salário o r$ 1.480,00 garantir vago site]informe selecione informar cidade selecione cidade vago interessar vago interessar nome completar abreviação cadastrar vago disponível região salário r$ 1.670,00 benefício vr vt cesta básico inscrição vago 25/06/2020 precisar robô burlar confirmar vago empregar precisar compartilhar oportunidade empregar whatsapp preencher vago o rápido possivel confirmar",entretenimento,24/06/2020,"
Edgard Matsuki ",https://www.boatos.org/tecnologia/brf-vagas-emprego-compartilhar-link-whatsapp.html,0
2230,"Nasa anuncia que vai revisar nomes de planetas, estrelas e galáxias que podem ser preconceituosos","Agência espacial americana não se referirá mais à nebulosa NGC 2392 como 'nebulosa esquimó', termo colonial de história racista imposto a povos indígenas das regiões árticas. Especialistas em diversidade, inclusão e igualdade irão prestar consultoria. ",o agência espacial americano nasa anunciar n quarta-feira revisar o nome objetos cósmico planeta galáxia nebuloso e estrelo apelido preconceituoso o casar identificar e utilizar agência o nebuloso esquimó o ngc resto estrelo parecido o sol o palavra esquimó visto antigo história racista imposto indígena região árticas o nasa o galáxia gêmeos siamês referir o o par galáxia formar ngc e ngc encontrar cluster virgo galaxy futurar acordar o agência dever utilizar nome oficiar escolhido união astronômica internacional apelido aprovação o reavaliação contínuo nome referir o objetos astronômicos thomas zurbuchen administrador-associado diretoria missão científico nasa washington,ciência, 05/08/2020 20h24 , Por G1 ,https://g1.globo.com/ciencia-e-saude/noticia/2020/08/05/nasa-anuncia-que-vai-revisar-nomes-de-planetas-estrelas-e-galaxias-que-podem-ser-preconceituosos.ghtml,1
2231,É #FAKE print de conversa entre Moro e Dallagnol sobre sentença de Lula,Imagem que circula na web mostra Moro falando em 'sentença já combinada' e Dallagnol citando a Globo; ela é falsa. Diálogo não foi um dos vazados pelo site The Intercept Brasil.,circular web print rosto ministrar justiçar sérgio morar e procurador deltan dallagnol e diálogo o ex-juiz “ trf amigo adiantar trabalho ” e o sentença lula “ combinar ” o converso vazar site the intercept brasil imagem falso haver frase atribuir o dallagnol “ o globo e o estadão garantir cobertura total ” verdade noite domingo o site the intercept divulgar trecho mensagem atribuir o procurador força-tarefa lavar jato curitiba e o o juiz sérgio morar extrair aplicativo telegram,política, 10/06/2019, Por G1 ,https://g1.globo.com/fato-ou-fake/noticia/2019/06/10/e-fake-print-de-conversa-entre-moro-e-dallagnol-sobre-sentenca-de-lula.ghtml,0
2232,Proibição da venda de álcool durante pandemia divide África do Sul  ,,o presidente sul-africano cyril ramaphosa voltar o proibir o vender bebido alcoólico país o aliviar o carga hospital durante o pandemia medir bem-recebida médico gerar insatisfaçao comerciante o áfrico sul o país mundo infectar balançar afp caso confirmar 4.669 morto semana o caso disparar e o país atingir o picar pandemia hospital público sobrecarregar médico enfrentar o dilema escolher salvar n contexto autoridade decidir restabelecer noite d domingo o proibição vender bebido alcoólico vigorar durante confinamento impor março ° junho,saúde,18/07/2020 13h14 ,18/07/2020 13h14 ,https://noticias.uol.com.br/ultimas-noticias/afp/2020/07/18/proibicao-da-venda-de-alcool-durante-pandemia-divide-africa-do-sul.htm,1
2233,Últimas notícias de coronavírus de 8 de março,"Na Itália, parte do país entra em quarentena após o número de mortes chegar a 366; participante de evento que teve presença Trump testa positivo para a doença; com seis novos casos, Brasil chega a 25 pacientes da Covid-19.","Nas últimas 24 horas, a Itália registrou uma alta de 57% no número de mortes pelo novo coronavírus. Agora, o país tem 7.375 casos confirmados e 366 mortes - o número estava em 233 mortes neste sábado (7).  Com isso, o governo italiano tomou uma medida drástica para tentar conter a propagação do Sars-CoV-2 no país, que é o mais afetado na Europa. O primeiro-ministro Giuseppe Conte assinou um decreto que determina uma quarentena em parte da Itália e também o fechamento de cinemas, teatros e museus até o dia 3 de abril. Cerca de 16 milhões de pessoas serão confinadas, pouco mais de um quarto da população italiana.  No Brasil, seis novos casos foram confirmados de sábado até o fim da tarde de domingo - um no Rio de Janeiro, um em Alagoas, um em Minas Gerais e três em São Paulo. Em todo o país, são 25 pacientes do Covid-19. Do total, 20 contágios são importados e e quatro são de transmissões locais.  O número global de notificações de infecção pelo coronavírus é de pelo menos 109.500 casos, com 3.801 óbitos, em 95 países e territórios - aponta o levantamento do jornal ""The New York Times"" neste domingo (8), com base nos últimos dados de fontes oficiais.",ciência, 08/03/2020 08h09 , Por G1 ,https://g1.globo.com/bemestar/coronavirus/noticia/2020/03/08/ultimas-noticias-de-coronavirus-de-8-de-marco.ghtml,1
2234,"Província de Hubei confirma mais 65 mortes por causa do coronavírus e casos confirmados na China passam de 24,3 mil","Com os novos casos, sobe para 492 o total de mortes no mundo. ",morte causar coronavírus confirmar n terça-feira província hubei ficar o cidade wuhan considerar o epicentro surtir chino registro subir o total morte mundo o o morte ocorrer chino incluir hong kong território semi-autônomo chinês e d filipino o país surgir o surtir o ministrar defeso fernando azevedo e silvar afirmar o brasileiro região wuhan chino – epicentro epidemiar coronavírus – chegar o o brasil manhã sábado 8) repatriar avião reservar frota presidencial o presidente jair bolsonaro costumar viajar o quarentenar cumprir anápolis go e apresentar sintoma infecção levar o o hospital forçar armar brasília avaliação médico,ciência, 04/02/2020 19h37 ,,https://g1.globo.com/ciencia-e-saude/noticia/2020/02/04/provincia-de-hubei-confirma-mais-65-mortes-por-causa-do-novo-coronavirus.ghtml,1
2235,OMS vê potencial para que EUA se tornem novo epicentro de coronavírus,"Segundo porta-voz da OMS, país enfrenta aceleração grande de casos.",o organização mundial saudar oms informar n terça-feira aceleração caso coronavírus unir o representar potencial o país tornar o epicentro epidemiar informar o agência reuters questionar possibilidade o porta-voz oms margaret harris o repórter aceleração caso eua haver potencial eua registrar o total 44.183 caso covid-19 e o o morte o balançar recente centrar controlo e prevenção doença cdc n segunda-feira o diretor-geral oms alertar o crescimento pandemia mundo,ciência, 24/03/2020 10h49 , Por G1 ,https://g1.globo.com/bemestar/coronavirus/noticia/2020/03/24/oms-ve-potencial-para-que-eua-se-tornem-novo-epicentro-de-coronavirus.ghtml,1
2236,Governo britânico pede respeito às regras do confinamento  ,,o governar bori johnson pedir o britânico n terça-feira respeitar regrar confinamento antar o atitude reunir máscara locar fechar mensagem hoje recusar o o certo simples policiar arriscar vidar dia manter seguro cumprir regulamento e apoiar o ministrar interior priti patel entrevisto coletiva televisionado país castigar europa coronavírus o reinar unir registrar 1.243 morte terça-feira o recordar 1.325 óbito registrar sexta-feira somar 83.200 morte confirmar,saúde,12/01/2021 16h13 ,12/01/2021 16h13 ,https://noticias.uol.com.br/ultimas-noticias/afp/2021/01/12/governo-britanico-pede-respeito-as-regras-do-confinamento.htm,1
2237,É #FAKE mensagem que fala em fevereiro com exatas 4 semanas iguais e ciclo lunar completo a cada 823 anos,Mensagem falsa se apoia em outro boato recorrente na internet. Cientistas explicam que todos os meses de fevereiro de anos não bissextos têm essa formatação. ,circular rede social mensagem haver outro fevereiro o d o ano o mensagem ano fevereiro o exato domingo terço e sábado dia ciclo lunar completar e igualdade dia semana acontecer o ano e significar mudança especialista ouvir g1 refutar totalmente o mensagem,ciência, 04/02/2021," Por Roney Domingos, G1 ",https://g1.globo.com/fato-ou-fake/noticia/2021/02/04/e-fake-mensagem-que-fala-em-fevereiro-com-exatas-4-semanas-iguais-e-ciclo-lunar-completo-a-cada-823-anos.ghtml,0
2238,Antipetismo versus experiência administrativa  ,,leonardo avritzer eleição domingo gerar análise contraditório e diferente tonalidade respeitar o resultar esquerdo e particular trabalhador pt acordar tse comparar voto recebido turno e o pt receber 11.740 voto o n eleição avaliação conservador contar macapá o pleito realizar e disputar judice percentualmente receber fração dever alto abstenção n domingo o performance ruim prefeito cidade paulo e coalizões belém e portar alegrar o demonstrar levar recuperação o referir capital paulista levar contar o pt o bancada vereador cidade e considerável eleitor petista identificou-se o candidatura boulos psol recuperação pt parcial,política,19/11/2020 09h13 ,19/11/2020 09h13 ,https://noticias.uol.com.br/colunas/observatorio-das-eleicoes/2020/11/19/antipetismo-versus-experiencia-administrativa.htm,1
2239,UOL e Folha sabatinam Covas e Boulos em disputa por Prefeitura de São Paulo  ,,adversário disputar prefeitura paulo turno brunir cova psdb e guilherme boulos psol participar n quinta-feira entrevisto promovido uol parceria o folhar s.paulo s 10h o evento início cova s 11h o boulos sabatino duro minuto o transmissão o o viver,política,25/11/2020 15h00 ,25/11/2020 15h00 ,https://noticias.uol.com.br/eleicoes/2020/11/25/uol-sabatina-covas-e-boulos-no-2-turno-pela-prefeitura-de-sao-paulo.htm,1
2240,"

Água da torneira que testa positivo para Covid-19 prova que pandemia é uma farsa da China #boato 
","Boato – Vídeo mostra que testes contra Covid-19 não são eficazes, porque testam positivo com água de torneira. Imagens também atestam que a pandemia é uma farsa da China. ",“ água torneira testo positivar covid-19 o enganar e roubar teste fabricar chino o pib chino o acusar o presidente fornecer teste ”,saúde,21/04/2021,"
Kyene Becker ",https://www.boatos.org/saude/agua-torneira-testa-positivo-para-covid-19-prova-pandemia-farsa-china.html,0
2241,"Maia: Tenho avaliação forte, mas insuficiente para me candidatar à Presidência  ",,o presidente câmara deputar rodrigar maio dem-rj afirmar hoje entrevisto cnn brasil taxar avaliação positivo eleitorado e deixar claro o parâmetro pesquisar referir considerar forte o cargo ocupar acrescentar seriar insuficiente candidatar presidência repúblico o parlamentar preferir buscar consenso e quadro centro-esquerda centro-direita candidatura o o cargo país união campo passar o favorito o eleição nacional o o abordar cenário maio responder o perguntar o hipótese o dem ficar o presidência câmara e senado o placar formar julgamento supremo tribunal federal stf o possibilidade e o presidente senado davi alcolumbre dem-ap buscar o reeleição legislatura,saúde,07/12/2020 22h03 ,Nicholas Shores,https://noticias.uol.com.br/ultimas-noticias/agencia-estado/2020/12/07/maia-tenho-avaliacao-forte-mas-insuficiente-para-me-candidatar-a-presidencia.htm,1
2242,frase sobrar mudança opinião pertencer o o matemático blaise pascal,,o deparar umar frase supostamente atribuir o blaise pascal 1623-1662 — importante matemático físico teólogo e filósofo francês,entretenimento,18/06/2020,marco faustino,https://www.e-farsas.com/frase-sobre-mudanca-de-opiniao-pertence-ao-matematico-blaise-pascal.html,0
2243,França mantém restaurantes e estações de esqui fechados em batalha contra covid-19  ,,parir reuters o primeiro-ministro francês jean castex restaurante cinema e museu permanecer fechar janeiro e estação esqui reabrir fevereiro o frança intensificar programar vacinação tocar recolher noturno o país prorrogar janeiro afirmar castex acrescentar descartar medir restritivo o forte pressão hospital leito terapia intensivo ocupar paciente covid-19 e procedimento essencial adiar aliviar o carga hospital,saúde,07/01/2021 18h28 ,07/01/2021 18h28 ,https://noticias.uol.com.br/ultimas-noticias/reuters/2021/01/07/franca-mantem-restaurantes-e-estacoes-de-esqui-fechados-em-batalha-contra-covid-19.htm,1
2244,Governo investiga professores por manifestação 'de desapreço' a presidente  ,,o governar jair bolsonaro abrir processo investigação professorar universitário criticar o presidente evento transmitir internet investigação cgu controladoria-geral união docente proferir manifestação desrespeitoso e desapreço direcionada o o presidente repúblico professorar ufpel universidade federal pelota assinar termo ajustamento conduta encerrar investigação haver instar o prestar esclarecimento passar e termo publicar diário oficial terça-feira ... ler íntegro folhar,política,03/03/2021 18h40 ,03/03/2021 18h40 ,https://noticias.uol.com.br/colunas/reinaldo-azevedo/2021/03/03/governo-investiga-professores-por-manifestacao-de-desapreco-a-presidente.htm,1
2245,STF rejeita ampliar prazos eleitorais por causa do coronavírus  ,,sessão hoje ministro stf supremo tribunal federal decidir rejeitar o pedir ampliar prazo eleitoral exigir futuro candidato eleição municipal outubro causar pandemia coronavírus o decisão tomar unanimidade ministro e confirmar decisão anterior ministro rosar weber haver rejeitar o pedir o decisão individual weber abril o casar analisar hoje plenário stf filiação partidária- domicílio eleitoral- desincompatibilização cargo público o d prazo vencer dia abril datar marcar o período datar votação turno prever outubro,saúde,14/05/2020 16h29 ,Felipe Amorim,https://noticias.uol.com.br/politica/ultimas-noticias/2020/05/14/stf-rejeita-ampliar-prazos-eleitorais-por-causa-do-coronavirus.htm,1
2246,Câmara aprova texto que estende auxílio emergencial em dobro a mulheres vítimas de violência,"Pela legislação em vigor, auxílio de R$ 600 só é pago em dobro no caso de mãe chefe de família. Com aprovação, texto segue para o Senado.","A Câmara dos Deputados aprovou nesta quinta-feira (9) o projeto que estende o pagamento do auxílio emergencial em dobro (R$ 1,2 mil por mês) a mulheres vítimas de violência doméstica.  O auxílio foi criado em razão da pandemia do novo coronavírus e, pela legislação em vigor, só é pago em dobro no caso de mães chefes de família.  Com a aprovação desta quinta-feira, a proposta segue para o Senado.  O texto reforça uma série de medidas protetivas, como a determinação para que, verificada a existência de risco à integridade física da vítima, o agressor deverá ser imediatamente afastado da convivência com a ofendida.",política, 09/07/2020 21h09 ," Por Fernanda Calgaro, G1 — Brasília ",https://g1.globo.com/politica/noticia/2020/07/09/camara-aprova-texto-que-estende-auxilio-emergencial-em-dobro-a-mulheres-vitimas-de-violencia.ghtml,1
2247,É verdadeiro vídeo publicado por Bolsonaro e que mostra comboio levando alimentos para Araraquara,,verdadeiro o vídeo publicar rede social presidente jair bolsonaro mostrar comboiar levar alimento doar o população carente cidade araraquara interior paulista o ajudar enviar ceagesp diretor-presidente nomear bolsonaro o prefeito cidade rede social chamar o ação “ elogiável ” criticar o considerar oportunismo político realização,saúde,2021/05/06,Comprova,https://projetocomprova.com.br/publicações/e-verdadeiro-video-publicado-por-bolsonaro-e-que-mostra-comboio-levando-alimentos-para-araraquara/,0
2248,fake nóis analisar notícia envolver cachorro,,o dia 01º outubro o o ar episódio inédito fake nóis apresentar pelar pirulla e gilmar lopes o fake nóis relembrar algum notícia estranhar compartilhar o redar social sobrar cachorro,entretenimento,1/10/20201,gilmar lopes,https://www.e-farsas.com/fake-em-nois-analisamos-15-noticias-envolvendo-cachorros.html,0
2249,França ultrapassa 2 milhões de casos de Covid; Itália tem maior número de mortes em 7 meses,"Em meio ao avanço da 2ª onda de contágio na Europa, a França passou a Rússia e se tornou 4º país com mais infectados (só atrás de EUA, Índia e Brasil).","o frança ultrapassar o rússia e tornar n terça-feira o país caso coronavírus mundo superar milhão infectar levantamento universidade johns hopkins o país afetados onda contágio europa e nação morte 45,1 o itália registrar horar óbito covid o o início abril e 32.191 infectar — o elevar o total morto 46,4 e o caso 1,2 milhão o país o morte eua brasil índio méxico e reinar unir e o nono caso",saúde, 17/11/2020 14h33 , Por G1 ,https://g1.globo.com/bemestar/coronavirus/noticia/2020/11/17/franca-ultrapassa-2-milhoes-de-casos-de-covid-italia-tem-maior-no-de-mortes-em-7-meses.ghtml,1
2250,É enganoso que fábricas estejam fechando filiais na Argentina para vir ao Brasil,,site republicar texto maio o entender empresar fechar fábrica argentino instalar brasil,política,2019/11/08,Comprova,https://projetocomprova.com.br/publicações/e-enganoso-que-fabricas-estejam-fechando-filiais-na-argentina-para-vir-ao-brasil/,0
2251,ECMO auxilia pacientes graves com covid-19  ,,capacidade funcionar pulmão coração artificial o terapia oxigenação membrana extracorpórea ecmo procedimento alto complexidade caso grave comprometimento respiratório cardíaco o paciente submeter o tratamento reverter o quadrar clínico tratar o condição causar o insuficiência oferecer confortar o o paciente o equipar médico adote o melhor conduta o técnico pessoa aguardar o realização transplantar pulmão coração atualmente utilizar paciente gravar covid-19 o humorista paulo gustavo submeter o o tratamento o equipar médico afirmar optar início terapia o objetivo permitir o melhor recuperação função pulmonar cobertura único saudar sus o tratamento r$,saúde,12/04/2021 08h00 ,Renata Okumura,https://noticias.uol.com.br/ultimas-noticias/agencia-estado/2021/04/12/ecmo-auxilia-pacientes-graves-com-covid-19.htm,1
2252,É #FAKE que máscaras são inócuas e podem causar infecção na garganta,"Especialistas explicam que, mesmo não havendo vedação completa, uso da proteção artesanal reduz disseminação do vírus.",circular rede social o máscara caseiro inócuo conter o propagação coronavírus passar tecer o mensagem o máscara aumentar o riscar o pessoa desenvolver síndrome respiratório e infecção garganta compartilhar facebook o texto “ buraco tecer bilião vírus tecer caro e o o passagem vírus ” médico entrevistar cbn máscara tecer produzir artesanalmente pandemia recomendar profissional saudar contato direto o vírus eficaz proteger pessoa ruir transportar público e circular locar fechar,ciência, 16/06/2020," Por Roberta Pennafort, CBN ",https://g1.globo.com/fato-ou-fake/coronavirus/noticia/2020/06/16/e-fake-que-mascaras-sao-inocuas-e-podem-causar-infeccao-na-garganta.ghtml,0
2253,"

Extra dá brindes grátis no WhatsApp por causa de 40º aniversário #boato 
",Extra dá brindes grátis no WhatsApp por causa de 40º aniversário #boato,extra 40º aniversário parabém extra 40º aniversário mear questionário o chance obter o samsung galaxy a21s black gb conhecer extra ano 18-29 30-39 40-49 o achar extra inacreditável ok homem mulher macho fêmeaseu prêmio samsung galaxy a21s preto gb seguir o instrução o página parir reivindicar prêmio compartilhar amigo clicar o ícone “ compartilhar ” abaixar clicar “ continuar ” e reivindicar prêmio whatsapp compartilhar o barrir azul cheio,entretenimento,09/08/2021,"
Edgard Matsuki ",https://www.boatos.org/tecnologia/extra-brindes-gratis-whatsapp-40o-aniversario.html,0
2254,Neto questiona falta de critério em volta do futebol em SP e Rio: 'Louco'  ,,contrário voltar futebol neto irritar o unidade retomar modalidade paulo e rir janeiro cobrar autorização científico o retornar campeonato carioca o apresentador dono bolar defender o voltar o treinamento competição o carioca reiniciar hoje s 21h maracanã o jogar flamengo x bangu válido rodar taça rir paulo clube retomar treinamento o 1º julho o voltar futebol pensar rir abrir jogar abrir ... científico médico rir liberar e paulo ficar louco neto início programar hoje o vidar o futebol n o treinar voltar o futebol rir e o governador falar dia 1º julho ... base basear laudo ... o voltar futebol resolver completar,saúde,18/06/2020 14h17 ,18/06/2020 14h17 ,https://www.uol.com.br/esporte/futebol/ultimas-noticias/2020/06/18/neto-contra-volta-do-futebol.htm,1
2255,"

Embaixador da China diz que Dilma cedeu costa brasileira para pesca chinesa por 25 anos #boato 
","Boato – Ao justificar o ataque de um barco chinês a um barco brasileiro, o embaixador da China Li Jinzhang afirmou que a ex-presidente Dilma Rousseff cedeu a costa brasileira para a pesca chinesa por 25 anos.",embaixador chino explicar o atacar o barco brasil o embaixador chino brasil ler jinzhang invadir pescar chinês o barco brasileiro oceano pescar costa brasil governar dilma assinar tratar o brasil ceder ano costa brasileiro pescar chinês o tonto dilma trazer prejuízo o o brasil,política,31/08/2020,"
Edgard Matsuki ",https://www.boatos.org/politica/embaixador-da-china-diz-que-dilma-cedeu-costa-brasileira-para-pesca-chinesa-por-25-anos-boato.html,0
2256,EUA vão liberar uso de sangue de pacientes recuperados para tratar covid-19  ,,o fda food and drug administration agência federal regular medicamento unir permitir médico utilizar sangue paciente sobreviver covid-19 tratamento pessoa crítico infecção coronavírus acordar o nbc news o plasmar sanguíneo doar paciente o doença e conseguir recuperar aprovar protocolo emergência registrar hoje especialista ouvir reportagem o melhor esperançar combater o coronavírus terapia sofisticar desenvolvido levar achar termo experiência e caso reportar doença particular efetivo basear histórico virose acreditar chance funcionar o médico jeffrey henderson professor microbiologia molecular escola medicinar universidade washigton st louis,saúde,24/03/2020 19h24 ,24/03/2020 19h24 ,https://noticias.uol.com.br/saude/ultimas-noticias/redacao/2020/03/24/eua-vao-liberar-uso-de-sangue-de-pacientes-recuperados-para-tratar-covid-19.htm,1
2257,"
  As urnas eletrônicas já permitem recontagem de votos no Brasil, ao contrário do sugerido nas redes","Publicações sugerindo que o voto não é auditável no Brasil circulam nas redes sociais desde o último 25 de abril, somando mais de 34 mil compartilhamentos. A maioria das postagens menciona a aprovação de urnas eletrônicas com checagem impressa do voto no Paraguai e afirma que o movimento pela aprovação desse mesmo mecanismo no Brasil é cada vez maior. No entanto, o texto viralizado omite que as urnas eletrônicas brasileiras também possibilitam a auditoria da votação. Envie-nos por WhatsApp Email",“ o adoção votar auditável absolutamente necessário garantir o democracia brasil d o paraguai implantar o tecnologia duplo checagem sucesso ” o texto publicação compartilhar facebook instagram e twitter abril passar o justiçar eleitoral paraguai receber “ máquina votação ” capacitação técnico eleição municipal acontecer automatizar outubro d ano o máquina votação escolhido autoridade paraguaio igual aparecer imagem publicação viralizadas e diferenciar urna eletrônica armazenar casar paraguaio o informação voto armazenar chip e impresso “ boletim votar eletrônico ” conferir eleitor dobrar e depositar urna plástico,brasil,29/04/2021 às 16:27,AFP Brasil,https://checamos.afp.com//urnas-eletronicas-ja-permitem-recontagem-de-votos-no-brasil-ao-contrario-do-sugerido-nas-redes,0
2258,Grupos fraudam app e inventam mudança de votos para desacreditar urnas  ,,acusação fraude urna mudança voto apuração e ataque hackers desacreditar o eleitoral brasileiro o atrasar divulgação resultar domingo ajudar o alimentar série fake news alvo o justiçar eleitoral.estimulados discurso o presidente jair bolsonaro colocar xeque o lisura eleição o lentidão o provar cabal urna eletrônicas confiar e eleição fraudar,entretenimento,22/11/2020 04h00 ,"Do UOL, em São Paulo",https://noticias.uol.com.br/confere/ultimas-noticias/2020/11/22/fake-news-eleicoes-2020-app-fraude.htm,0
2259,"

Volvo fez propaganda com Bolsonaro entre dois caminhões #boato 
",Boato – Volvo fez propaganda ufanista com presidente Jair Bolsonaro se equilibrando entre dois caminhões.,o volver arrebentar propaganda quase ano ladrão corromper falar o verdade vencer dia quase morrer esquecer desistir pátrio e esquerdista sedento ódio perguntar o manter o presidente bolsonaro pé descobrir … deus e o,política,23/11/2020,"
Edgard Matsuki ",https://www.boatos.org/politica/volvo-propaganda-bolsonaro-caminhoes.html,0
2260,"""Governo precisará liderar retomada econômica"", diz governador do RS  ",,o governador rir sul eduardo leite psdb defender o governar federal realizar investimento o recuperação economia passar o crise coronavírus durante videoconferência organizar itaú unibanco afirmar haver dúvida o planar pró-brasil o público precisar estimular o economia o horar o governar governar defender evidentemente haver farra fiscal o governar precisar liderar o processar retomar econômica estimular construção civil investimento público infraestrutura o sair inércia rapidamente o retomar econômica o governador rir sul,saúde,23/04/2020 11h22 ,Cícero Cotrim,https://economia.uol.com.br/noticias/estadao-conteudo/2020/04/23/essa-e-a-hora-em-que-o-governo-tem-de-ser-governo-diz-governador-do-rs.htm,1
2261,"

Governo federal reduz valor dos impostos dos combustíveis #boato 
",Boato – O presidente Jair Bolsonaro já fez a sua a parte. O governo federal reduziu o valor dos impostos dos combustíveis. Faltam apenas os governadores reduzirem o ICMS.,"o presidente jair bolsonaro o governar federal reduzir imposto combustível governador reduzir o icms ajudar o governar federal n propostapreço justar combustível brasileiro gasolina … … … … .r$ 3,00 etanol … … … … … .. r$ 1,80 diesel … … … … … … r$ 1,50 diesel s10 … … … .r$ 1,80 gás cozinhar .. r$ 40,00 gnv … … … … … … … r$ 2,00 enviar pra contatos e d enviar pra horar o brasil abraçar campanha querer preço justo o",política,09/02/2020,"
Edgard Matsuki ",https://www.boatos.org/politica/governo-federal-reduz-valor-impostos-combustiveis.html,0
2262,Agência reguladora da Europa inicia 'revisão contínua' de vacina CureVac contra Covid-19,"Esse já é o terceiro imunizante sob análise da EMA, ao lado da Johnson & Johnson e Novavax. A agência já aprovou três vacinas para uso emergencial: Pfizer/BioNTech, Moderna e AstraZeneca/Oxford.",o agência europeu medicamento ema sigla inglês anunciar n sexta-feira início o revisão contínuo vacinar alemão curevac o covid-19 o passar pedir autorização formal comercialização união europeu o noto o decisão começar o revisão contínuo basear resultar preliminar estudo laboratorial clínico e ensaio clínico precoce adulto “ estudo sugerir o vacinar desencadear o produção anticorpo e célula imune alvo o sars-cov-2 ” o revisão contínuo ferramenta ema acelerar o avalição medicamentar promissor durante emergência saudar público o procedimento permitir agência analisar segurança e eficácia vacinar conformar disponibilizar estudo cursar vacinar submetido o análise contínuo desenvolvido empresar johnson johnson e novavax,ciência, 12/02/2021 14h50 , Por G1 ,https://g1.globo.com/bemestar/vacina/noticia/2021/02/12/agencia-reguladora-da-europa-inicia-revisao-continua-de-vacina-curevac-contra-covid-19.ghtml,1
2263,"

Idosos morrem em Canela (RS) por causa da vacina chinesa contra Covid-19 #boato 
",Boato – Cinco idosos morreram na cidade de Canela (RS) porque tomaram a vacina Coronavac (chinesa) contra a Covid-19. A mídia ficou caladinha.,versão autoridade saudar e mídia silenciar morte idoso tomar vacinar chinês canelar versão idoso receber picado covid-666 e morrer covid-666 o culpar vacinar entender amigo versão canelar rs idoso morrer o aplicação vacinar sabemos.versão idoso cidade canelar virar jacaré … mudar o terra desencarnados horar vacinar o vacinar butantan terra-dura-dura … o cabeça gente sério alguém postar “ crer fato tomar o vacinar chino,saúde,18/02/2021,"
Edgard Matsuki ",https://www.boatos.org/saude/idosos-morreram-canela-rs-causa-vacina-chinesa-contra-covid-19.html,0
2264,Estudo: estufa com calor seco é mais eficaz para descontaminar máscaras  ,,"O uso de estufa com calor seco é o método de descontaminação mais eficaz para inativar o vírus da covid-19 em máscaras cirúrgicas e respiradores (máscaras N95) usados por profissionais de saúde. O resultado foi obtido em pesquisa realizada no HC-FMSUSP (Hospital das Clínicas da Faculdade de Medicina da Universidade de São Paulo) durante a pandemia. A estufa, além de manter a capacidade de filtração dos equipamentos de proteção, permite que sejam reaproveitados com segurança. As conclusões do trabalho estão em artigo publicado em dezembro no International Journal of Infectious Diseases. ""Na primeira fase do estudo, realizada em laboratório, diferentes métodos de descontaminação de máscaras foram utilizados e parâmetros como permeabilidade e filtragem das máscaras foram avaliados"", relatam a pesquisadora Marina Farrel Côrtes e a professora Silvia Figueiredo Costa, do Instituto de Medicina Tropical (IMT) e da FMUSP, que integraram o grupo que realizou o trabalho. ""Na fase de 'vida real', feita no HC, a presença do vírus Sars-CoV-2 foi avaliada por meio do teste de RT-PCR antes e após a descontaminação.",saúde,16/01/2021 15h25 ,Júlio Bernardes,https://www.uol.com.br/vivabem/noticias/redacao/2021/01/16/estudo-estufa-com-calor-seco-e-mais-eficaz-para-descontaminar-mascaras.htm,1
2265,"Após covid de Doria, SP testa 101 funcionários do Palácio dos Bandeirantes  ",,o palácio bandeirante testar pessoa d quarta-feira diagnóstico positivar covid-19 governador joão doria psdb submetido o exame funcionário e secretário estadual doria dia minuto e o distância inferior o metro servidor público casar teste e aguardar resultar isolamento social o resultar positivar governador revelar s 12h07 e o agendar manhã haver cumprir doria reunião secretário habitação flavio amary e desenvolvimento econômico patricia ellen isolamento voluntário casar o secretário educação rossieli soar infectar coronavírus o governador assessorar pessoal governador casar diagnóstico governador o instituto butantan acionado enviar exame o o palácio bandeirante resultar sair horar — o previsão sair d prazo,saúde,12/08/2020 16h37Atualizada em 12/08/2020 19h30 ,Felipe Pereira,https://noticias.uol.com.br/saude/ultimas-noticias/redacao/2020/08/12/pessoas-que-trabalham-diretamente-com-doria-serao-testados-hoje-a-tarde.htm,1
2266,Gilmar brinda Lira com a suspensão de 3 ações  ,,"sequência o o processar esquartejamento lavar jato o ministrar gilmar mendes supremo tribunal federal suspender ações improbidade administrativo correr justiçar federal curitiba o deputar arthur lira o réu presidir o câmara gilmar agir escuro sigilar judicial realçar despachar processo tramitar segredar justiçar olhar brasileiro pagar contar ações suspenso o aborrecer arthur lira resultar bloquear r$ 10,4 milhão d e pai benedito lira o bloquear solicitar advocacia união garantir o reembolsar verba supostamente desviar petrobras bancar campanha eleitoral campanha pai e filhar e o supremo espírito santo surgir horar difícil lira animar o recorrer ações improbidade o turma supremo cortar presidir gilmar arquivar o denúncia criminal batizada quadrilhão p n processar lira e integrante cúpula o senador ciro nogueira acusar embolsar verba surrupiadas petrobras alega-se ações improbidade correr instância judiciário referiam-se o fato mencionar denúncia criminal o supremo arquivar gilmar razão defeso lira",política,20/04/2021 22h24 ,20/04/2021 22h24 ,https://noticias.uol.com.br/colunas/josias-de-souza/2021/04/20/gilmar-brinda-lira-com-a-suspensao-de-3-acoes.htm,1
2267,É #FAKE que vídeo mostre saques a supermercados e lojas em São Vicente em meio à pandemia do coronavírus,Imagens são antigas. Elas foram registradas em 2013. Atos de vandalismo foram feitos na época após comércios fecharem as portas por conta de boatos de violência.,circular rede social vídeo mostrar cenário desolador saque o supermercado e loja vicente litoral paulo mensagem circular juntar o link vídeo o casar registrar pandemia coronavírus imagem antigo registrar junho época comércio fechar portar recear boato onda violência baixar santista e acabar invadir mensagem falso utilizar vídeo publicar g1 o reportagem exibir jornal tribuna 1ª edição deixar claro o vídeo antigo o título d alterar noite d quarta-feira junho mercar e loja saquear vicente,entretenimento, 25/03/2020, Por G1 ,https://g1.globo.com/fato-ou-fake/noticia/2020/03/25/e-fake-que-video-mostre-saques-a-supermercados-e-lojas-em-sao-vicente-em-meio-a-pandemia-do-coronavirus.ghtml,0
2268,caminhoneiro cometer suicídio dever o reformar previdência,"no dia 11 de julho de 2019, um site chamado “primeiro governo” divulgou uma estranha notícia. segundo o site, “um eleitor do pt desde o governo lula, mas que havia sido convencido por amigos e parentes que bolsonaro iria mudar o país, teria cometido suicídio ao descobrir que teria que trabalhar até morrer sem ter direito a se aposentar”.",o eleitor morador goiânia chamar joão silvar caminhoneiro ano esperar o caminhão descarregar acompanhar notícia reformar previdência o o receber notícia rádio o câmara deputar haver aprovar o texto-base reformar previdência o caminhoneiro o traseiro caminhão seguir utilizar cordo amarrar carroceria veículo enforcar informação joão trabalhar haver ano,política,22/07/2019,marco faustino,https://www.e-farsas.com/caminhoneiro-cometeu-suicidio-devido-a-reforma-da-previdencia.html,0
2269,2º dia de prova da Unicamp tem aluno barrado por suspeita de covid  ,,"dia fase vestibular unicamp alunar impedir entrar provar suspeito covid-19 o casar ocorrer belo horizonte escola estadual pandiá calógeras o candidatar apresentar temperatura 37,4º c entrar e encaminhar sala reservar consultar médico teleatendimento o indicação o impedir entrar apresentar sintoma indicar o coronavírus tossir o candidatar concordar o atitude e deixar o colégio josé alves freitas neto diretor comvest organizar o exame",saúde,07/01/2021 18h38Atualizada em 21/01/2021 18h24 ,Guilherme Botacini,https://educacao.uol.com.br/noticias/2021/01/07/2-dia-de-prova-da-unicamp-tem-aluno-barrado-por-suspeita-de-covid.htm,1
2270,"

Zeca Dirceu é flagrado como tchutchuca no auge da militância durante protesto LGBT #boato 
","Boato – Foto mostra o deputado Zeca Dirceu no auge da militância, vestido como tchuchuca durante um protesto LGBT, vegano e femininista.",o zeca pt verdadeiro tchu tchuca auge militância o pai d josé dirceu presar inimigo pátrio cassar zeca tchutchuco dirceu auge militância político o paizão tchutchucão velho lamber boto empreiteiro e banqueiro,política,06/04/2019,"
Edgard Matsuki ",https://www.boatos.org/politica/zeca-dirceu-tchutchuca-militancia-lgbt.html,0
2271,Alemanha registra mais de mil mortes por covid-19 em 24 horas pela 1ª vez  ,,"o alemanha registrar morte provocar covid-19 horar o início pandemia anunciar hoje o rki instituto vigilância sanitário robert koch sigla português o país registrar 1.129 morte dia o instituto o recordar anterior haver registrar quarta-feira semana passar morte o covid-19 provocar 32,1 morte alemanha o início pandemia o rki haver alertar dia incompleto autoridade saudar regional haver enviar causar festa natal infecção e morte confirmar cair durante o semana",saúde,30/12/2020 10h03 ,30/12/2020 10h03 ,https://noticias.uol.com.br/saude/ultimas-noticias/redacao/2020/12/30/alemanha-registra-mais-de-mil-mortes-por-covid-19-em-24-horas-pela-1-vez.htm,1
2272,"Mirando reeleição, Crivella faz maratona de inaugurações durante pandemia  ",,"Em meio à pandemia da covid-19, o prefeito do Rio de Janeiro, Marcelo Crivella (Republicanos), acelerou o ritmo de inaugurações e agendas positivas de olho na reeleição. A maratona ocorre porque o prazo para que candidatos compareçam a esse tipo de evento acaba nesta sexta-feira (3). Levantamento feito pelo UOL com base em agendas divulgadas no perfil oficial de Crivella no Facebook mostra que, em 17 dias —entre 12 e 29 de julho—, o prefeito fez 21 agendas com inaugurações, visitas a obras e lançamento de benefícios para o funcionalismo. Unidades de saúde representam 17 dessas agendas. Após receber o levantamento do UOL, a procuradora regional eleitoral Silvana Bottini, disse que determinará que seja aberta investigação por possível propaganda antecipada e conduta vedada por parte do prefeito. Em dez dessas agendas, Crivella esteve acompanhado de vereadores de sua base de apoio. Nas inaugurações, os aliados discursam ao lado do prefeito e posam cortando faixas e revelando placas de inauguração. Tudo é postado nos perfis oficiais de Crivella. Nos vídeos, os vereadores chegam a ser entrevistados. Sete das dez agendas tiveram participação de vereadores do Progressistas. O partido recentemente ganhou espaço nobre no governo, indicando o bolsonarista Paulo Jobim para o comando da Secretaria Municipal de Transportes. Crivella tem rodado por redutos eleitorais de membros do partido: esteve em Deodoro e Marechal Hermes com Professor Adalmir; Madureira, Jardim América e Campinho com Vera Lins; além de Bangu com Marcelino D'Almeida.",política,01/07/2020 10h15 ,Igor Mello e Gabriel Sabóia,https://noticias.uol.com.br/politica/ultimas-noticias/2020/07/01/mirando-reeleicao-crivella-faz-maratona-de-inauguracoes-durante-pandemia.htm,1
2273,Líder do governo no Senado elogia Alcolumbre e defende reeleição na Casa  ,,o senador fernando bezerro coelho mdb-pe líder governar senado afirmar n segunda-feira favorável possibilidade reeleição presidência câmara e senado e elogiar o senador davi alcolumbre dem-ap eleger presidente articular e construir base câmara e senado e mandatar preciso enfrentar eleição mesa diretora achar sentir o gente reeleição indefinido reeleição presidente repúblico dever reeleição mesa diretoras congresso assembleia câmara municipal o senador entrevisto rádio bandeirante ... ler íntegro estadão,política,14/09/2020 12h53 ,14/09/2020 12h53 ,https://noticias.uol.com.br/colunas/reinaldo-azevedo/2020/09/14/lider-do-governo-no-senado-elogia-alcolumbre-e-defende-reeleicao-na-casa.htm,1
2274,"'Feliz que deu certo', diz médica salva da covid por técnica criada por ela  ",,o pneumologista carmen valente barbar recuperar covid-19 técnico ventilação mecânico criar ficar feliz mostrar s pessoa o método idealizar funcionar ficar feliz certar aplicar acreditar e certar feliz voltar o respirar quadrar gravar declarar entrevisto o o canal globonews durante o entrevisto o médico sentir sintoma covid-19 março início pandemia procurar o hospital albert einstein exame e detectar o doença internar e seguir precisar transferir o uti dever piorar quadrar,saúde,14/07/2020 11h59 ,14/07/2020 11h59 ,https://noticias.uol.com.br/saude/ultimas-noticias/redacao/2020/07/14/medica-coronavirus-ventilacao.htm,1
2275,"Pária e irrelevante na ONU, Bolsonaro tenta excitar fã e cutucar jornalista  ",,bolsonaro discursar manhã d terço abertura assembleia nação unir o criação onu haver ano o acontecer virtual o o contrário circular fã alheio realidade abrir o assembleia anual sinal prestígio d atual presidente tradição inaugurar o fundação onu homenagem o o brasil reconhecimento o época o diplomacia brasileiro diferençar mundo verdade bolsonaro contar o desprezar líder democracia ocidental comportamento biocida político piromaníaco e terraplanismo sanitário e outro o desprezar o vassalo fornecedor matéria-prima o preço o discursar chefe assembleia voltar o público internar comunidade nação vomitar nacionalismo e teoria conspiratório soberania bolsonaro n terço falar plateia o mundo,política,22/09/2020 11h37Atualizada em 22/09/2020 16h37 ,22/09/2020 11h37Atualizada em 22/09/2020 16h37 ,https://noticias.uol.com.br/colunas/leonardo-sakamoto/2020/09/22/paria-e-irrelevante-na-onu-bolsonaro-tenta-excitar-fa-e-cutucar-jornalista.htm,1
2276,Carlos Alberto apresenta 'A Praça é Nossa' de sua casa pela primeira vez  ,,o humorista carlos alberto nóbrega apresentar o programar o praça sbt diretamente casar história dever pandemia coronavírus edição o o ar amanhã s 23h15 horário brasília carlos alberto comandar reprise edição e quadro histórico programar apresentar personagem histórico humorístico jeca gay patropi vero e tiririca relembrar edição o o ar amanhã o jardim casar carlos alberto paulo o humorista apresentar o programar reservar curiosidade o banco sentar o gravação praça,saúde,08/07/2020 12h31 ,08/07/2020 12h31 ,https://tvefamosos.uol.com.br/noticias/redacao/2020/07/08/carlos-alberto-a-praca-e-nossa-programa-em-casa.htm,1
2277,Anistia aponta que 2019 foi marcado por retrocessos para os direitos humanos no Brasil,"Organização internacional mapeou situação de 24 países das Américas. Trecho sobre o Brasil destaca violência policial, incêndios na Amazônia e questão indígena. ",relatório anistia internacional divulgar n quinta-feira o ano marcar retrocesso direito humano brasil o levantamento anual mapeou o cenário país américas acordar o organização internacional estabelecer mecanismo promover o diálogo e tratar preocupação população autoridade país mapeados recorrer violência policiamento manifestação e caso o o aumentar militarização operação ordem público casar brasil o anistia afirmar o presidente jair bolsonaro e autoridade manter discursar abertamente contrário o direito humano e traduzir medir administrativo e legislativo o relatório destacar o político coerente governar federal combater o desmatamento e prevenir incêndio amazônia,política, 27/02/2020 09h00 , Por G1 e TV Globo — Brasília ,https://g1.globo.com/politica/noticia/2020/02/27/anistia-internacional-aponta-que-2019-foi-marcado-por-retrocessos-para-os-direitos-humanos-no-brasil.ghtml,1
2278,"
  Weintraub não foi indicado por Trump ao Banco Mundial, que não monitora a Receita Federal nem o COAF ","Publicações viralizadas após Abraham Weintraub ser indicado a uma diretoria do Banco Mundial, no último dia 18 de junho, asseguram que o ex-ministro da Educação poderia fiscalizar as atividades financeiras de políticos brasileiros, uma vez que a entidade “monitora o COAF e a Receita Federal”.  Segundo as postagens, a indicação do ex-ministro foi feita pelo presidente dos EUA. No entanto, não há indícios de que Donald Trump tenha influenciado a indicação de Weintraub ao Banco Mundial, que não monitora estes órgãos de controle brasileiros.Envie-nos por WhatsApp Email",“ desejar o sair ministrar educação pastar lamentar profundamente o ex-ministro nomear presidente donald trump diretor executivo banco mundial ” comedir postagens compartilhar facebook o dia junho “ serviço inteligência militar e policial quase país trabalhar harmonia e paralelismo o banco mundial monitoram o coaf e receitar federal pra imaginar ” continuar o texto o mensagem compartilhar twitter afirmar razão weintraub o “ o chave segredo ” e monitorar “ laranjo ” empresar “ negociação dúbio ” “ lula e filho junto o governador e prefeito corrupto ” listam publicação,brasil,26/06/2020 às 21:57,AFP Brasil,https://checamos.afp.com//weintraub-nao-foi-indicado-por-trump-ao-banco-mundial-que-nao-monitora-receita-federal-nem-o-coaf,0
2279,"Cauan, da dupla com Cleber, tem metade do pulmão comprometida por covid-19  ",,o cantor cauan duplo cleber cauan anunciar hoje instagram internar covid-19 quarta-feira o texto postagem afirmar dia admissão cauan hospital o doença haver comprometer pulmão o cantor apresentar melhorar significativo comunicar oficial sexta-feira passar o cantor cauan cleber cauan sentir febre dor corpo e passar o semana acamar segunda-feira realizar o exame pcr e dia seguinte infelizmente diagnosticar covid-19 quarta-feira retornar o o médico febre alto realizar raio-x tórax e o resultar o pulmão comprometer internar imediatamente dor estômago dever medicação oral e o oxigenação o cantor apresentar melhorar significativo torcer o cauan ficar o e passar fase delicado vencedor contar o energia positivo e oração fã e seguidor edit máscara juntar cauan diagnóstico covid e encontra-se e acompanhamento publicação compartilhar cleber e cauan ago s 1:55 pdt,saúde,14/08/2020 21h56 ,14/08/2020 21h56 ,https://entretenimento.uol.com.br/noticias/redacao/2020/08/14/cauan-da-dupla-com-cleber-tem-metade-do-pulmao-comprometida-por-covid-19.htm,1
2280,"
  Até 2030, a ONU planeja que todos tenham identidade legal, o que não inclui chips","“ONU prevê que toda humanidade seja chipada até 2030 e quem recusar será ‘excluído da sociedade’”, dizem artigos compartilhados mais de 28 mil vezes em redes sociais desde dezembro de 2018. A alegação, que voltou a circular em fevereiro deste ano, é falsa. Embora em 2015 uma das agências das Nações Unidas tenha finalizado um projeto de identificação biométrica para refugiados, não há registro de um plano para implantação de microchips. Na verdade, o objetivo da ONU até 2030 é que todas as pessoas possuam identidade legal.Envie-nos por WhatsApp Email",“ o informação humanar armazenar banco universal localizar genebra suíço ” continuar texto o alegação voltar o compartilhar facebook e telegram fevereiro d ano ilustrar foto artigo jornal impresso o conteúdo circular amplamente espanhol o página jornal acompanhar postagens o datar 1º outubro e “ cci newsweek ”,ciência,2/03/2021 às 18:26,AFP México,https://checamos.afp.com//ate-2030-onu-planeja-que-todos-tenham-identidade-legal-o-que-nao-inclui-chips,0
2281,Bolsonaro põe país em risco ao atacar vacina obrigatória só para animar fãs  ,,jair bolsonaro defender ninguém obrigar ninguém o tomar vacinar n segunda-feira abrir d fase guerra político transformar o saudar público brasileiro o início pandemia ignorar obrigatoriedade vacinar invadir casar passar o governar condicionar o pagamento bolsar família imunização criança o presidente verdade inflamar fã radicar reforçar o vínculo proteger mandatar discursar soer músico o ouvir naco seguidor acreditar o negação vacinação coletiva resistir o o opressor e o outro achar o vacinar servir inocula-los chip rastrear e controlar o torre celular g chinês conspiração o participação bilionário humorista illuminatis cavaleiro templário e aliens contar acreditar ideologia guiar notícia falso vacinar inútil e servir enriquecer o indústria farmacêutico minoria desprezível acordar o datafolha agostar tomar vacinar o coronavírus efeito comparação ouvir instituto pesquisar julho ano passar afirmar o terra plano o montante bolsonarismo-raiz o presidente o der e vir perceber bolsonaro vir ninguém obrigar ninguém o pagar imposto imposto instrumentar opressor o liberdade indivíduo ninguém obrigar ninguém o prestar serviço militar obrigatório o apesar sentir serviço militar obrigatório hoje,saúde,02/09/2020 12h39 ,02/09/2020 12h39 ,https://noticias.uol.com.br/colunas/leonardo-sakamoto/2020/09/02/bolsonaro-ataca-a-obrigatoriedade-da-vacina-so-para-inflamar-suas-milicias.htm,1
2282,Ministério da Saúde mantém previsão de distribuição da vacina de Oxford para janeiro de 2021,"Acordo do governo com Oxford/AstraZeneca prevê a entrega, em dezembro, do princípio ativo que será usado na preparação das primeiras 30 milhões de doses.",o ministério saudar anunciar n quarta-feira o distribuição vacinar desenvolvido universidade oxford o covid-19 continuar previsto janeiro casar mantido o perspectivo comprovação eficácia e fase teste clínico o secretário-executivo saudar élcio franco filhar reforçar milhão dose oferecido o população comedir ano seguir o planejamento governar o previsão discutir e o lote vacinar disponibilizar imunização população o janeiro o secretário élcio filhar o país receber exterior o ingrediente ativo vacinar preparar e envasar pala fundação oswaldo cruz fiocruz rir janeiro,saúde, 02/09/2020 18h48 , Por G1 ,https://g1.globo.com/bemestar/vacina/noticia/2020/09/02/ministerio-da-saude-mantem-previsao-de-distribuicao-da-vacina-de-oxford-para-janeiro-de-2021.ghtml,1
2283,"

Benjamin Netanyahu disse que Hezbollah escondeu mísseis no porto de Beirute (Líbano) #boato 
","Boato – Durante Assembleia da ONU de 2018, o primeiro-ministro de Israel, Benjamin Netanyahu, denunciou que o Hezbollah tinha mais de mil mísseis escondidos no porto de Beirute (Líbano).",“ o hezbollah o inocentar beirute escudar humanar depósito míssil míssil estocar locar diferente o o portar ” o o ministrar israel benjamin netanyahu denunciar septuagésimo assembleia organização nação unir ler imprensar passar acidentar depósito nitratar amônio … setembro — assembleia onu benjamin netanyahu pm israel revelar o hezbollah ajudar irã construir instalação o armazenamento míssil beirute depósito embaixo portar beirute e mostrar mapa suposto locar terrorista,mundo,06/08/2020,"
Edgard Matsuki ",https://www.boatos.org/mundo/benjamin-netanyahu-disse-hezbollah-escondeu-misseis-porto-de-beirute-libano.html,0
2284,Latam cortará 95% de seus voos em abril  ,,o latir airlines ltm.sn companhia aéreo américa sul cortar voo regular passageiro abril dever crise coronavírus informar o empresar n quinta-feira o companhia manter voo incluir roto doméstico brasil chile e roto internacional o latir haver anteriormente cortar voo,saúde,02/04/2020 09h58 ,02/04/2020 09h58 ,https://economia.uol.com.br/noticias/reuters/2020/04/02/latam-vai-cortar-95-de-seus-voos-em-abril.htm,1
2285,"

Tite foi demitido da seleção brasileira por se recusar a jogar a Copa América #boato 
",Tite foi demitido da seleção brasileira por se recusar a jogar a Copa América #boato,versão cair urgente tite técnico seleção brasileiro presidente cbf rogério caboclo acabar demitir tite e tbm o coordenador futebol cbf juninho paulista o decisão presidente umar medir retaliação o comissão técnico e jogador recusar o jogar o copar américa fonte venê casagrandeversão segundar o jornalista venê casagrande o tite demitir interferir o copar américa e incitar o jogador o rebelar o bolsonaro nome redar globo o notícia confirmar pelar imprensar esportiva.versão tite demitir comemorar comer ganhar umar copar mundo versão tite demitir respeitar pr merecer respeitar pelar nação brasileiro foratitecomunista versão tite demitir seleção brasileiro pelar caboclo cbf alô timao versão o tite demitir poxa adorar versão falar o tite demitir verdade issoversão véspera copar o técnico seleção brasileiro joão saldanha comunista confessar demitir ideologia politicar e desrespeitar o o presidente general médici o história repetir e o tite dever demitir seleção brasileiro palancar politicar,entretenimento,06/06/2021,"
Edgard Matsuki ",https://www.boatos.org/esporte/tite-foi-demitido-da-selecao-brasileira-recusar-jogar-a-copa-america.html,0
2286,Juíza nega recurso e mantém prisão de sócios da Avianca na Lava Jato  ,,o juiz gabriela hardt 13ª varar criminal federal curitiba negar recurso apresentar defeso irmão e sócio avianca germán e josé efromovich e manter o prisão preventivo domiciliar decretar operação navegar precisar fase lavar jato haver semana o companhia aéreo investigar despachar o magistrado afirmar haver fundar indicativo oferecer e pagar propinar o o ex-presidente transpetro sérgio machadar trocar favorecimento estaleiro contrato o subsidiário petrobrás conformar denunciar o força-tarefa operação lavar jato haver fundar indicativo atos germán efromovich e josé efromovich sentir corromper agente público e fraudar processo licitatórios transpetro o finalidade conquistar contrato milionário acarretar prejuízo estatal contrapartida ocorrer pagamento propinar decorrer ano escrever o juiz decisão o magistrado colocar suspeito o pluralidade contar mantido efromovich exterior o prático criminoso reiterar e justificar o contemporaneidade prisão,política,03/09/2020 12h39 ,Rayssa Motta,https://noticias.uol.com.br/ultimas-noticias/agencia-estado/2020/09/03/gabriela-hardt-nega-recurso-e-mantem-prisao-dos-irmaos-efromovich-na-lava-jato.htm,1
2287,Maranhão anuncia medidas restritivas para frear alta da covid-19 no estado  ,,o maranhão adotar medir restrição frear o alto caso e morte covid-19 o anúncio hoje governador flávio dino pcdob o sexta-feira ficar suspenso evento e aula presenciar — o horário funcionamento comércio reduzir medir continuar vigor o dia março dino o governar reavaliar o situação o período restrição o objetivo desaglomerar tirar pessoa transportar coletivo repartição ficar aglomerar garantir haver circulação vírus n período serviço essencial continuar o funcionar o trabalhar remoto afirmar entrevisto coletiva,saúde,03/03/2021 15h11 ,03/03/2021 15h11 ,https://noticias.uol.com.br/saude/ultimas-noticias/redacao/2021/03/03/maranhao-medidas-de-restricao.htm,1
2288,"

Restaurante Galeto’s entrou em falência e fechou as portas por causa do isolamento social em SP #boato 
","Boato – O restaurante Galeto’s entrou em falência e fechou as portas por causa do isolamento social em São Paulo. A franquia, com mais de 50 anos de história, não resistiu à quarentena.",“ olhar o retratar país voltar e acabar o história galeto ’ s ano olhar o situação fechar shopping o shopping eldorado”.restaurante galetos quebrar e fechar restaurante paísaeee turma “ ficar casar ” … esperar o água bater bhunda 😐 tristeza receber o notícia empresar falir e fechar portar galetos ano shopping e restaurante cidade paulo fechar portar loja shopping el dorado.acabou o história galetos ano prosperidade e o falência ficar casar acabar pedrar pedrar,brasil,14/05/2020,"
Raiane Gonoli ",https://www.boatos.org/brasil/restaurante-galetos-fechou-por-causa-do-isolamento-social.html,0
2289,"

Hospital Sírio-Libanês estar com vacinados internados prova que vacina não oferece imunização #boato 
","Boato – Pacientes imunizados contra a Covid-19 que estão na UTI do Hospital Sírio-Libanês revelam que a vacina não é eficaz, mostra vídeo.",o uti hospital sírio libanês inúmero caso pessoa vacinar dose e apresentar quadrar clínico gravar internar uti ’ s vacinar oferecer o imunidade desejar continuar cuidar tomar dose vacinar máscara e distanciamento continuar adotados descobrir vacinar realmente eficaz,saúde,15/05/2021,"
Carol Lira ",https://www.boatos.org/saude/sirio-libanes-vacinados-internados-vacina.html,0
2290,"CPI: senador pede quebra de sigilo de Carlos Bolsonaro, Filipe Martins e Pazuello  ",,o senador alessandro vieira cidadania-se pedir n segunda-feira dia o quebrar sigilo e o convocação vereador carlos bolsonaro republicanos-rj depor comissão parlamentar inquérito cpi covid vieira enviar requerimento pendente votação solicitar o filhar presidente jair bolsonaro o abrir sigilo bancário fiscal telefônico e telemático integrante chamar ministério saudar paralelo batizou o aconselhamento informal o o presidente durante o pandemia alvo pedir requerimento senador suplente cpi esteirar depoimento carlos murillo presidente pfizer américa latino murillo afirmar o senador carlos bolsonaro participar reunião negociação vacinar integrante governar palácio planalto dezembro encontrar o diretora jurídico pfizer shirley meschke o gerente governamental eliza samartini o secretário comunicação social fábio wajngarten e o assessor especial presidência assunto internacional filipe martim o potencial existência ministério saudar paralelo responsável aconselhar extraoficialmente o presidente repúblico s medir combater pandemia amplamente esclarecido extensão atuação periodicidade encontro e reunião o membro d participar o o conteúdo discussão e o o efetivo convencimento o tomar decisão escrever vieira pedir passar crivar cpi,política,18/05/2021 08h45 ,Felipe Frazão,https://noticias.uol.com.br/ultimas-noticias/agencia-estado/2021/05/18/cpi-senador-pede-quebra-de-sigilo-de-carlos-bolsonaro-filipe-martins-e-pazuello.htm,1
2291,Japão restringirá multidões após aumento de infecções pela covid-19  ,,o japão divulgar hoje limitar multidão tóquio evitar proliferação coronavírus cancelar comemoração aniversário imperador e restringir o maratona tóquio o corredor profissional elite o disseminação crescente surtir começar chino dezembro e matar cercar 1.700 pessoa ameaçar evento público e prejudicar o produção e o turismo japão propagação vírus minar o crescimento e levar o país recessão analista citar circunstância o agência casar imperial cancelar o discursar público aniversário imperador naruhito dia fevereiro o coroação ano passar o evento costumar atrair milhar pessoa s dependência interno palácio imperial localizar centrar tóquio,saúde,17/02/2020 12h26 ,Naomi Tajitsu,https://noticias.uol.com.br/saude/ultimas-noticias/reuters/2020/02/17/japao-restringira-multidoes-apos-aumento-de-infeccoes-pela-covid-19.htm,1
2292,"SP: Priorizamos a linha de frente, não há vacina para todos, diz secretário  ",,o secretário saudar paulo jean gorinchteyn hoje trabalhador atuam hospital e unidade saudar haver priorização levar contar linha frente o coronavírus decidir receber o coronavac infelizmente haver dose infelizmente dose priorizar pessoa linha frente atender prontos-socorros atender enfermaria atender utis unidade terapia intensivo gorinchteyn entrevisto o sp1 tv globo adiantar o gente ah profissional trabalhar saudar escritório receber n o prioridade frente necessidade gente proteger riscar ficar doente e afastar perder médico enfermeiro fisioterapeuta atender doente jean gorinchteyn secretário saudar sp,saúde,19/01/2021 14h04 ,19/01/2021 14h04 ,https://noticias.uol.com.br/saude/ultimas-noticias/redacao/2021/01/19/jean-gorinchteyn-secretario-saude-sp-vacinacao-coronavac.htm,1
2293,Saiba como limpar o seu celular para evitar que ele se torne um foco de coronavírus,,recomendação higiene pessoal lavar mão frequentemente preocupação importante o combater disseminação coranvírus o limpeza celular o telefonar ficar contato mão e o rostir usuário o o dia fundamental livrar vírus e o isolamento social recomendar interações pessoa feito o telefonar ajudar o manter o aparelhar livrar vírus preparar passar o passar higienizá-lo afetar funcionamento importante manter o telefonar celular objeto pessoal emprestar o aparelhar pessoa ler algum mensagem ligação desinfectar telefonar celular produto conter álcool isopropílico indicar lenço umedecidos antissépticos lenço limpar beber limpar o capar telefonar infectar o celular totalmente secar limpar o celular o o dia e lavar mão água e sabão higienizá-lo mergulhar celular solução desinfectante spray o umidade afetar o funcionamento aparelhar evitar entregar celular mão pessoa — compartilhar informação rede social bluetooth ninguém precisar ler tela telefonar atender ligação gravar ouvir áudio preferência o o fone ouvir evitar o telefonar encostar rostir,ciência, Publicado em  17/03/20 04:30 ,Evelin Azevedo,https://extra.globo.com/noticias/saude-e-ciencia/saiba-como-limpar-seu-celular-para-evitar-que-ele-se-torne-um-foco-de-coronavirus-24309350.html,1
2294,É #FAKE que vídeo mostre Torre Eiffel reaberta à visitação com inscrição 'por todas as vítimas' em homenagem aos mortos pela Covid-19,Ponto turístico segue fechado desde março por conta da pandemia do coronavírus. Imagens são de maio de 2019 e inscrição se refere a vítimas de atentados terroristas.,circular rede social mensagem o torrar eiffel principal turístico parir fechar contar crise coronavírus março reabrir o quarentenar e homenagem s vítima pandemia vídeo circular juntar mostrar espetáculo luzir e o inscrição vítima site oficial torrar permanecer o seguinte comunicar “ torrar eiffel fechar ordem esperar vê-lo ” visitar o o monumento receber milhão turista ano paralisar dia março o situação coronavírus agravar frança recadar alto página convite aproveitar o torrar eiffel casar convidar o re descobri-la graça o o conteúdo disponível online anunciar datar o reabertura o usuário simular comprar site existir opção datar o junho o acontecer seguinte,mundo, 04/06/2020," Por Roberta Pennafort, CBN ",https://g1.globo.com/fato-ou-fake/coronavirus/noticia/2020/06/04/e-fake-que-video-mostre-torre-eiffel-reaberta-a-visitacao-com-inscricao-por-todas-as-vitimas-em-homenagem-aos-mortos-pela-covid-19.ghtml,0
2295,DSEI Yanomami: equipes de saúde indígena reforçam atendimento nas aldeias,,o distrito sanitário especial indígena dsei yanomami levar saudar básico o aproximadamente indígena km2 florestar amazônica diviso amazona e roraima e fronteiro o venezuela o população indígena etnia yanomami e viver florestar denso topo serrar e beirar rio e riacho chegar s casar coletivas xapona viver família pessoa requerer o enfrentamento dificuldade logístico climático e cultural equipar multidisciplinar saudar indígena emsi distrito passar médio dia atender unidade básico saudar ubsi selva amazônica percorrer quilômetros o pé helicóptero dificuldade alcançar o levar assistência o população formar criança adulto e idoso o verificar o situação ocorrido relativo o o óbito criança região polos base surucucu waphuta e região ubsi kataroa o secretariar especial saudar indígena sesai enviar equipar técnico período o março o equipar composto técnico inspeção sanitário e monitoramento qualidade água aldeia e integrante equipar saudar volante sesai composto médico clínico pediatro enfermeiro e técnico enfermagem,saúde,15/03/2021 10h59,(61) 3315-3989,https://www.gov.br/saude/pt-br/assuntos/noticias/dsei-yanomami-equipes-de-saude-indigena-reforcam-atendimento-nas-aldeias,1
2296,"

SBT voltará a exibir “A Semana do Presidente” com Jair Bolsonaro #boato 
","Boato – Por ordem de Silvio Santos, o SBT voltará a exibir o programete “A Semana do Presidente”. Emissora vai destacar obras do presidente Jair Bolsonaro.",ordem silvio santo o sbt voltar o exibir “ o semana presidente ” programar sucesso durante o regime militar o dono sbt necessário destacar o trabalhar governar jair bolsonaro gostar,entretenimento,24/02/2021,"
Edgard Matsuki ",https://www.boatos.org/entretenimento/sbt-voltara-a-exibir-a-semana-do-presidente-com-jair-bolsonaro.html,0
2297,Vereadores do PT negam pressão para Haddad ser candidato a prefeito de SP  ,,vereador petistas câmara paulistano negar noto pressionar o trocar o pré-candidato pt o prefeitura paulo jilmar tatto alar favorável trocar tatto ex-prefeito paulistano fernando haddad pt desejar disputar o eleição motivo levantar o trocar resultar pesquisar intenção votar atribuir marcar e o o pré-candidato e histórico tatto ex-secretário transporte gestão haddad disputar majoritário vago o o senado colar imagem ex-presidente luiz inácio lula silvar pt ficar voto reportagem folhar s.paulo sexta-feira petistas avaliar tatto atrativo auxiliar o angariar voto candidatura câmara municipal o minar o forçar cidade haddad ganhar evidência disputar eleição presidencial jair bolsonaro cumprir melhor papel visão membro o bancada falso afirmação o bancada vereador pt pressão retomar o candidatura fernando haddad o ex-prefeito negar maneiro incisivo disposição o pleito o noto divulgar sábado assinar o bancada o incluir eduardo suplicy e jair tatto irmão pré-candidato,política,19/07/2020 09h13 ,19/07/2020 09h13 ,https://noticias.uol.com.br/eleicoes/2020/07/19/vereadores-haddad-prefeitura-sp-pt.htm,1
2298,O que as vacinas contra covid-19 podem e não podem fazer  ,,"vacinar infectar transmitir o coronavírus dw responder o perguntar comum imunizante medir variante surgir o eficácia vacinar afetada.apesar receber dose vacinar produzir pfizer-biontech o covid-19 idoso casar repousar cidade osnabrück noroeste alemanha testar positivar o variante b117 coronavírus descobrir reinar unir haver caso completamente assintomático e sintomático quadro leve burkhard riepenhoff assessor imprensar município osnabrück testar positivar covid-19 apresentar sintoma evolução levar doença normal o vacinação sinal o vacinar funcionando.vacinados testar positivar vacinar criar imunidade pessoa vacinar imunidade efetiva o chamar imunidade esterilizante proteção completar vírus partícula vírus conseguir entrar célula corpo e conseguir replicar impedir o transmissão o santo graal vacinar afirmar sarah caddy pesquisador imunologia viral universidade cambridge realmente difícil conseguir o vacinar conseguir impedir o vírus causar quadro grave doença impedir o pessoa infectar transmitir o vírus conseguir limitar o quantidade vírus entrar corpo haver algum replicação vírus entanto o vacinação resultar anticorpo suficiente reduzir o o vírus reproduzir caddy redução doença algum replicação vírus detectar infecção assintomático pessoa vacinar transmitir o vírus?atualmente haver suficiente vacinar covid-19 mrna e basear vetores virar prevenir reduzir o transmissão acordar o instituto robert koch rki entidade governamental alemão encarregar controlo doença infecciosas.até disponível pessoa vacinar e o o redor continuar o seguir medir proteção recomendar máscara manter distância e lavar mão regularmente alertar o rki o vacinar prevenir o transmissão ressaltar caddy incluir o vacinar haver induzir o imunidade esterilizante reduzir o transmissão o suficiente deter o vírus população explica.pessoas vacinar adoecer covid-19 depois?é adoecer covid-19 o vacinação o vacinação ajudar o prevenir quadro grave enfermidade vacinar casar contágio provavelmente ficar assintomático versão levar doença.a vacinar pfizer-biontech eficaz prevenção doença cepa original o moderno eficaz e o inoculante parceria oxford-astrazeneca eficaz.em teste realizar brasil o coronavac desenvolvido chinês sinovac parceria o instituto butantan obter eficácia 50,38 o índice indicar o capacidade vacinar proteger caso doença independente gravidade.a vacinar proteger variantes?as variante coronavírus influenciar o eficácia vacinar atuais série estudo realizar mundo diferente imunizante decifrar isso.a vacinar pfizer-biontech provavelmente eficaz o altamente infeccioso variante b117 vírus eficácia ligeiramente afetada acordar cientista universidade cambridge.mas o mutação e484k observar variante b1351 originário áfrico sul aumentar substancialmente o quantidade anticorpo necessário prevenir o infecção o estudar revisar parir e envolver pequeno pacientes.a mutação e484k presentar variante coronavírus encontrar amazona batizada p1 áfrico sul chamar 501y.v2.uma variante encontrar reinar unir passar o apresentar o mutação e484k região país acordar o public health england agência ligar o o ministério saudar britânico.a áfrico sul decidir suspender o lançamento vacinar oxford-astrazeneca estudar cercar pessoa descobrir o vacinar oferecer proteção caso leve e moderar covid-19 o pesquisar realizar especialista universidade oxford e witwatersrand johanesburgo.shabir madhi professor vacinologia witwatersrand dw científico mostrar o vacinar oxford-astrazeneca eficaz o variante dominante áfrico sul.a vacinar o covid-19 provocar testar positivo?as vacinar pfizer-biontech moderno e oxford-astrazeneca levar o resultar positivar covid-19 exame virar verificar o pessoa infecção vacinar conter o coronavírus propriamente dito.quando o corpo pessoa vacinar desenvolver respostar imunológico o objetivo vacinação receber resultar positivar teste anticorpo indicar o pessoa infecção anteriormente o centrar controlo e prevenção doença cdc unidos.a vacinar o covid-19 provocar covid-19?as vacinar pfizer-biontech moderno e oxford-astrazeneca infectar ninguém covid-19 vacinar conter o coronavírus si ensinar o imunológico o reconhecer e combater o vírus causar o covid-19 acordar o cdc s causar sintoma febre dor cabeça fadigar e dor muscular durar dias.já o vacinar coronavac produzir o coronavírus desativado e causar o covid-19 conter o estruturar vírus.quais efeito colateral comuns?o comum sentir algum vermelhidão calor e dor aplicar o injeção comum praticamente respostar imunológico caddy e verdade pessoa conhecer tomar o vacinar ficar satisfeito doer mostrar respostar imunológico funcionar braço dolorido completamente normal levar semana o corpo desenvolver imunidade o o coronavírus o vacinação acordar o cdc alguém infectar o vírus imediatamente receber o vacinar e desenvolver sintoma covid-19 ocorrer o vacinar suficiente criar proteção corpo",saúde,09/02/2021 15h57 ,Louisa Wright,https://www.uol.com.br/vivabem/noticias/deutsche-welle/2021/02/09/o-que-as-vacinas-contra-covid-19-podem-e-nao-podem-fazer.htm,1
2299,É #FAKE mensagem que diz que Pequim e Xangai não tiveram casos de coronavírus,Mensagem diz que principais centros chineses não foram afetados para validar tese conspiratória de que a China criou um vírus para obter vantagens. Estudo mostra que vírus não foi criado em laboratório.,circular rede social mensagem haver caso coronavírus pequim e xangai e o provar o chino criar o vírus laboratório espalhá-lo o o restar mundo o organização mundial saudar mostrar levantamento haver caso confirmar beijing pequim e caso shanghai xangai o caso dever o medir extremo isolamento social tomar país,mundo, 02/04/2020, Por G1 ,https://g1.globo.com/fato-ou-fake/noticia/2020/04/02/e-fake-mensagem-que-diz-que-pequim-e-xangai-nao-tiveram-casos-de-coronavirus.ghtml,0
2300,Há outras perguntas para se fazer ao presidente  ,,falar o imprensar o prisão queiroz arriscar o perguntar escrever o excelência d calar queiroz depositar r$ contar primeira-dama michelle haver aguardar algum respostar listo perguntar o jovem pan livrar presidente caro leitor acrescentar comentário semana preciso consultar o governar eua tomar decisão o g brasil o casar consultar o chino principal parceiro comercial tecnologia semelhante,política,05/09/2020 14h42 ,05/09/2020 14h42 ,https://noticias.uol.com.br/colunas/balaio-do-kotscho/2020/09/05/ha-outras-perguntas-para-se-fazer-ao-presidente.htm,1
2301,Navio do Greenpeace só chegou ao Nordeste após vazamento de óleo  ,,publicação circular rede social pedir o ministrar sergio morar justiçar exigir o polícia federal pf investigar o greenpeace o post sugerir equivocar o ong responsável vazamento óleo praia nordeste haver entanto provar d o responsável vazamento o boatar mentir o o afirmar o navio esperanza ong litoral brasileiro época o óleo começar o aparecer praia nordeste verdade o embarcação passar costa brasileiro início desastre ambiental agostar d o pf afirmar n sexta-feira 1º o o deflagrar o operação mácula o principal suspeitar vazamento o navio grego bouboulina o embarcação parar puerto josé venezuela carregar-se barrir petróleo e julho passar o km paraíba o pf haver indicação outro navio … vazar despejar óleo proveniente venezuela o marinho o navio deter unir dia abril riscar vazamento,brasil,01/11/2019 18h39 ,01/11/2019 18h39 ,https://noticias.uol.com.br/comprova/ultimas-noticias/2019/11/01/navio-do-greenpeace-so-chegou-ao-nordeste-apos-vazamento-de-oleo.htm,0
2302,"

Filha de Aldir Blanc grava vídeo alertando para coronavírus ativo um mês após a doença #boato 
","Boato – A filha de Aldir Blanc gravou um vídeo falando que, um mês após ter contraído o coronavírus, continua testando positivo e que está contaminando as pessoas. No fim, ela pede atenção à doença.",filho aldir blanc … importante passar adiantar … consciência e amor o o fundamental filho aldir blanc o informação d o vírus importante filho aldir blanc alertar perigo contaminação continuar o doença,entretenimento,14/06/2020,"
Edgard Matsuki ",https://www.boatos.org/entretenimento/filha-aldir-blanc-grava-video-alertando-coronavirus.html,0
2303,É #FAKE que vídeo mostre presos sem máscara em fila para receber auxílio em banco no meio da pandemia,Imagens são muito anteriores à chegada do novo coronavírus no Brasil. Mensagens falsas tentam criar tese mentirosa de prioridade aos detentos.,vídeo mostrar presidiário algemar máscara entrar agência banco brasil bombado rede social mensagem o vídeo durante o pandemia coronavírus e detentos receber prioridade atendimento pessoa precisar esperar filar receber o auxílio emergencial o vídeo antigo o banco brasil imagem feito haver ano o banco o vídeo gravar maranhão facebook haver publicação novembro o vídeo o registrar antigo encontrar buscar reverso imagem google o legendar “ preso penitenciário luís maranhão abrir contar banco ” o gravação anterior pandemia coronavírus e o auxílio emergencial governar federal,entretenimento, 18/05/2020," Por Thaís Matos, G1 ",https://g1.globo.com/fato-ou-fake/coronavirus/noticia/2020/05/18/e-fake-que-video-mostre-presos-sem-mascara-em-fila-para-receber-auxilio-em-banco-no-meio-da-pandemia.ghtml,0
2304,Maceió e Macapá são as únicas capitais com UTIs abaixo de 80%  ,,o agravamento pandemia coronavírus país capitar ocupação leito utis unidade terapia intensivo abaixar aproximar colapso vago o mostrar levantamento folhar e capitar país maceió e macapá o cenário crítico início d semana início capitar ocupação ... ler íntegro folhar,política,10/03/2021 18h50 ,10/03/2021 18h50 ,https://noticias.uol.com.br/colunas/reinaldo-azevedo/2021/03/10/maceio-e-macapa-sao-as-unicas-capitais-com-utis-abaixo-de-80.htm,1
2305,Butantan reforçará dados sobre aplicação da CoronaVac para evitar perdas  ,,o instituto butantan reforçar informação o aplicação vacinar coronavac o pandemia covid-19 o instituto constatar o prático incorreta extração dose ampola resultar perda dose posto aplicação notificação recebido instituto o relatar supor rendimento ampola devidamente investigar e identificou-se caso prático incorreta extração dose serviço vacinação tratar falho processo produção liberação lote butantan ressaltar noto divulgar instituto reunião realizar semana passar secretariar municipal saudar goiá cidade relatar ampola coronavac dose dose informar butantan,saúde,13/04/2021 12h41 ,13/04/2021 12h41 ,https://noticias.uol.com.br/ultimas-noticias/agencia-brasil/2021/04/13/butantan-reforcara-dados-sobre-aplicacao-de-vacina-para-evitar-perdas.htm,1
2306,Vive-se um dos momentos mais delicados da pandemia em terras nativas  ,,o brasil viver o delicado pandemia o doente identificar e justamente o vacinação começar e evidente ausência governar melhor presença o governar federal atrapalhar o diário caso e morte voltar o o patamar imaginar o picar o onda ameaçar e o situação piorar o depender acontecer carnaval aviso e alertar feito imprensar — jamais ministério saudar — risco festa ano ignorar amplo camada população o resultar contar corpo o caos saudar generalizar o o hoje minoritário milhão brasileiro desafiar o orientação oficial e insistir seguir regrar distanciamento social,política,28/01/2021 06h12 ,28/01/2021 06h12 ,https://noticias.uol.com.br/colunas/reinaldo-azevedo/2021/01/28/vive-se-um-dos-momentos-mais-delicados-da-pandemia-em-terras-nativas.htm,1
2307,Mensagem que promete auxílio emergencial de R$ 600 a R$ 1.200 é falsa  ,,circular whatsapp e facebook mensagem prometer liberar auxílio emergencial r$ o r$ 1.200 cadastrar e responder perguntar disponibilizar link comunicar o mensagem falsa.a proposto auxílio emergencial existir começar o valer acontecer o projeto aprovar câmara preciso passar senado e sancionar presidente jair bolsonaro precisar passar trâmite o governar informar o pagamento,entretenimento,30/03/2020 15h39 ,"Do UOL, em São Paulo",https://noticias.uol.com.br/confere/ultimas-noticias/2020/03/30/mensagem-falsa-auxilio-emergencial.htm,0
2308,É #FAKE que fotos mostrem lesões causadas por infecção após uso de máscaras contra a Covid-19,"Imagens retiradas de contexto mostram, na verdade, lesões provocadas por doenças que não têm relação com máscaras.",circular rede social painel foto mostrar rosto pessoa marcar erupção pelar imagem acompanhar legendar infecção stafilococcus dever o o máscara entender profissional saudar máscara descartável e trocar horar horar foto mostrar verdade garoto varicela e disponível banco imagem istock antigo pandemia buscar reverso foto criança vermelhidão tornar bocar levar o página wikipedia inglês eczema herpético e o máscara anterior o o casar coronavírus,saúde, 17/08/2020," Por Roney Domingos, G1 ",https://g1.globo.com/fato-ou-fake/coronavirus/noticia/2020/08/17/e-fake-que-fotos-mostrem-lesoes-causadas-por-infeccao-apos-uso-de-mascaras-contra-a-covid-19.ghtml,0
2309,Efeito pandemia faz shopping investir em vendas online e áreas ao ar livre  ,,o fechamento obrigatório comércio durante o quarentenar forçar dono shopping centers o repensar investimento aportar recurso expansão construção unidade esperar recuperação vender empresar investir formato comprar e alternativo o consumidor sentir segurar voltar o frequentar estabelecimento acelerar o conexão comércio físico o o eletrônico possibilitar o lojista realizar vender remoto aposto frente investimento revitalizar imóvel agregar espaço verde luzir natural ar livrar e integrar o espaço externo movimento radar empreendedor acabar catalisar pandemia investimento voltar o o desenvolvimento abl bruto locável e sentir gerar solução e transformação shopping afirmar o presidente brmalls ruy kameyama live recente solução o estratégia digitalizar estoque lojista integrar mercadoria o marketplaces o objetivo visibilidade o produto e utilizar shopping centro distribuição estratégia virar unanimidade setor e levar adiantar diverso companhia iguatemi multiplan aliansce sonae jhsf gazit ancar o iguatemi pretender expandir canal vender tradicional shopping luxar pessoa diferente e necessidade comprar online buscar e entrar shopping e passar preparar atender público multicanais afirmar o vice-presidente finanças e investidor cristina betts,saúde,15/07/2020 07h03 ,Circe Bonatelli,https://economia.uol.com.br/noticias/estadao-conteudo/2020/07/15/efeito-pandemia-faz-shopping-investir-em-vendas-online-e-areas-ao-ar-livre.htm,1
2310,Post engana ao culpar governadores por preço do gás de cozinha  ,,"enganoso umar postagem sugerir o preço gás cozinhar cair o governar federal zerou imposto março d ano culpar governador o realidade o cortar promover pelar gestão presidente jair bolsonaro desonerar o cadeia exatos r$ 2,18 o representar tornar 2,6 preço médio botijão praticar o brasil agência nacional petróleo gás natural e biocombustível anp o descontar acabar absorver outro fatores compor o preço gás cozinhar principalmente reajuste gás liquefazer petróleo glp o refinaria petrobras suar o companhia estatal seguir umar político preço acompanhar o cotação barril petróleo o mercar internacional",política,30/06/2021 17h15 ,30/06/2021 17h15 ,https://noticias.uol.com.br/comprova/ultimas-noticias/2021/06/30/post-engana-ao-culpar-governadores-por-preco-do-gas.htm,0
2311,É #FAKE post atribuído a presidente do Senado que diz que Bolsonaro acabará isolado e que ele e Maia assumirão protagonismo,Imagem foi gerada por perfil falso que usa imagem e endereço parecidos com o oficial de Davi Alcolumbre. Ele fez desmentido e a conta fake foi retirada do ar.,circular rede social o print post twitter nome e imagem similar o o presidente senado davi alcolumbre o seguinte frase bolsonaro entender governar articulação político acabar isolar o população ficar tranquilo e o presidente assumir o protagonismo e deixar o país refém paralisia político executivo o perfil e o declaração fake o assessoria alcolumbre informar escrever declaração twitter comunicar o o twitter o contar falso o perfil oficial davi alcolumbre o contar d verificar twitter e o sinal azul ticado o o direito e detalhe ajudar o identificar contar falso e verdadeiro dica checar mensagem falso,política, 25/06/2019," Por Roney Domingos, G1 ",https://g1.globo.com/fato-ou-fake/noticia/2019/06/25/e-fake-post-atribuido-a-presidente-do-senado-que-diz-que-bolsonaro-acabara-isolado-e-que-ele-e-maia-assumirao-protagonismo.ghtml,0
2312,Coronavírus nos EUA: 4 gráficos que mostram por que a pandemia de covid-19 não está controlada  ,,"O noticiário nos Estados Unidos tem sido dominado pelas manifestações antirracistas das últimas semanas, mas a pandemia de coronavírus voltou às manchetes. Diversos estados têm registrado um número recorde de casos registrados nos últimos dias, ampliando o temor de que o país esteja enfrentando uma segunda onda de infecções. Alguns especialistas, no entanto, afirmam que os EUA ainda estão na primeira onda. Para o vice-presidente americano, Mike Pence, esses temores são ""exagerados"". Ele acusou a mídia de usar ""previsões sombrias"" para assustar o povo americano. O que está acontecendo nos EUA então?",saúde,22/06/2020 10h49 ,Mike Hills,https://noticias.uol.com.br/ultimas-noticias/bbc/2020/06/22/coronavirus-nos-eua-4-graficos-que-mostram-por-que-pandemia-de-covid-19-nao-esta-controlada.htm,1
2313,"É #FAKE que Eduardo Cunha tenha proposto delação que inclui 150 deputados, 16 juízes e 4 bancos","Mensagem que circula nas redes sociais não tem fundamento. 'É tudo mentira', diz advogado do político. MPF também nega.",circular rede social mensagem o ex-deputado eduardo cunhar propor delação premiar incluir deputar togar stj e togar stf frigorífico banco advogar e cacique psdb e pt acordar o advogar cunhar delio lins e silvar mentir o ministério público federal manifesto acordo sigilar informar haver delação cunhar homologação supremo tribunal federal o ex-presidente câmara e deputar cassar eduardo cunhar pmdb-rj presar paraná outubro alvo operação lavar jato cunhar condenar receber propinar contratar petrobras o exploração petróleo benin áfrico e envolvimento esquema pagamento propinar liberação recurso fundir investimento fundir garantir serviço fi-fgts administrar caixa econômica federal,política, 07/05/2019," Por Roney Domingos, G1 ",https://g1.globo.com/fato-ou-fake/noticia/2019/05/07/e-fake-que-eduardo-cunha-tenha-proposto-delacao-que-inclui-150-deputados-16-juizes-e-4-bancos.ghtml,0
2314,Bélgica suspenderá trens e aviões procedentes do Reino Unido  ,,"A Bélgica suspenderá as chegadas de aviões e trens procedentes do Reino Unido a partir da meia-noite deste domingo (20h de Brasília), após descobrir uma nova variante do coronavírus em uma parte do território britânico, declarou um responsável do governo à AFP. O primeiro-ministro belga, Alexander De Croo, afirmou na cadena VRT que a suspensão duraria pelo menos 24 horas. A decisão chega no dia seguinte ao que o primeiro-ministro britânico, Boris Johnson, anunciou o reconfinamento de Londres e partes do sudeste da Inglaterra até 30 de dezembro.",saúde,20/12/2020 09h03 ,20/12/2020 09h03 ,https://noticias.uol.com.br/ultimas-noticias/afp/2020/12/20/belgica-suspendera-trens-e-avioes-procedentes-do-reino-unido.htm,1
2315,"Pfizer tentou pedir uso emergencial na Anvisa, mas esbarrou em exigências, diz Pazuello  ",,rir janeiro reuters o presidente pfizer brasil anvisa agência nacional vigilância sanitário apresentar pedir aprovação emergencial vacinar desenvolvido empresar o covid-19 brasil encontrar dificuldade afirmar n quinta-feira o ministrar saudar eduardo pazuello o emergencial o telefonar e falar o ceo pfizer domingo e pedir segunda-feira anvisa solicitar o emergencial e afirmar pazuello audiência senado o vacinação o covid e o respostar pensar simples o agência detalhista cumprir detalhe regulamentar acrescentar pazuello referência o converso o presidente pfizer brasil carlos murillo,saúde,17/12/2020 13h38 ,Por Pedro Fonseca,https://noticias.uol.com.br/ultimas-noticias/reuters/2020/12/17/pfizer-tentou-pedir-uso-emergencial-na-anvisa-mas-esbarrou-em-exigencias-diz-pazuello.htm,1
2316,"Saúde alerta que 1,5 mi de pessoas deixaram de tomar 2ª dose de vacina contra Covid  ",,"brasília reuters o ministério saudar alertar n terça-feira 1,5 milhão pessoa deixar tomar o dosar vacinar covid-19 prazo prever imunizar colocar riscar o eficácia completar imunização acordar o ministério levantamento secretariar estadual agir encontrar pessoa vacinar o orientação ministério o datar previsto passar pessoa procurar posto tomar o dosar garantir o imunização completar destacar vencer o prazo o recomendação programar nacional imunização pni completar o esquema atrasar e conseguir dia intervalar coronavac conseguir dia vacinar astrazeneca comparecer completar o esquema o coordenador programar nacional imunização pni francieli fantinato converso jornalista",saúde,13/04/2021 15h25 , Lisandra Paraguassu,https://noticias.uol.com.br/saude/ultimas-noticias/reuters/2021/04/13/saude-alerta-que-15-mi-de-pessoas-deixaram-de-tomar-2-dose-de-vacina-contra-covid.htm,1
2317,É #FAKE que foto mostre César Tralli de patins e sem máscara na orla do Rio em meio à pandemia ,"Imagem divulgada com legenda falsa em redes sociais foi tirada, na verdade, em 2014.",circular rede social imagem jornalista e apresentador césar tralli andar patim praia máscara e pessoa legendar o foto comprovar descumprir medir distanciamento social e proteção determinar autoridade saudar pandemia coronavírus foto césar tralli praia anterior o o surgimento pandemia covid-19 foto feito fevereiro d ano fotógrafo andré freitas agnews,política, 03/02/2021," Por Roney Domingos e Ariane Brione, G1 e TV Globo ",https://g1.globo.com/fato-ou-fake/coronavirus/noticia/2021/02/03/e-fake-que-foto-mostre-cesar-tralli-de-patins-e-sem-mascara-na-orla-do-rio-em-meio-a-pandemia.ghtml,0
2318,"

Dois sóis apareceram na fronteira dos Estados Unidos com o Canadá hoje #boato 
","Boato – Foto mostra o fenômeno do Hunters Moon, em que “dois sóis” aparecem um uma imagem. Isso aconteceu hoje na fronteira entre os EUA e o Canadá.",hoje … fronteiro unir e o canadá amanhecer sol surgir d o sol real e o outro o lua fenômeno moon hunters e acontecer o terra mudo eixo o lua e o sol nascer o o e o lua reflete o brilhar sol intensidade sol compartilhar bonito,mundo,12/03/2020,"
Edgard Matsuki ",https://www.boatos.org/mundo/dois-sois-fronteira-estados-unidos-canada-hoje.html,0
2319,Protocolo de uso da cloroquina não aumentou pacientes recuperados no Brasil  ,,falso o afirmação o paciente recuperar covid-19 brasil aumentar o ministério saudar passar o recomendar o cloroquina caso leve covid-19 o projeto verificar o texto publicar dia maio site paraná assinar oswaldo eustáquio o autor adoção protocolo cloroquina o brasil passar o o curar quase duplicar ministério saudar desmentir alegação.o blogueiro defensor presidente jair bolsonaro comemorar o brasil o paciente curar dia publicação — maio — e haver ultrapassar o alemanha entrevisto telefonar basear universidade johns hopkins chegar o conclusão matéria específico e claro o fonte instituição reconhecido mundialmente o faculdade ciência mundo e ranking john hopkins e o matéria estatístico porcentagem absoluto afirmar,ciência,08/06/2020 20h27 ,"Do UOL, em São Paulo",https://noticias.uol.com.br/comprova/ultimas-noticias/2020/06/08/protocolo-de-uso-da-cloroquina-nao-aumentou-pacientes-recuperados-no-brasil.htm,0
2320,"

Ricardo Amorim grava áudio pedindo o fim da quarentena e apoiando Bolsonaro #boato 
","Boato – Ricardo Amorim gravou um áudio e publicou no WhatsApp. O economista pediu o fim da quarentena do coronavírus, apoiou Bolsonaro e fez críticas a João Doria.",áudio ricardo amorim economista e comentarista economico programar manhattan conection globonews … … palestrar e falir tendência mercar econômico desconfiar ninguém “ letra ” o fato falar conferir!fala gedel olhar vir o pronunciamento bolsonaro o reação pôr tirar pessoa casar né colocar e pensar tá tamo falar epidemiar mundo matar trintar quarentar pessoa planar beleza o gente imprensar brasil duzentos morto brasil porra mundo frio matar quarentar tá o brasil falar quatrocentos e sessenta pessoa morto caro tirar lula tirar porcentagem importante entender o esquerdo e o centrão e o imprensar inimigo bolsonaro país corona armar pra causar o caos o caos absoluto e decisão presidente governar basear fato pro país imaginar o cenário apocalíptico esquerdo centrão né e etcétera verdadeiro quatrocentos e sessenta pessoa morrer fato brasil tá quatrocentos e sessenta pessoa quinhentos pronto quinhentos pessoa duzentos milhão significar perceber e o impactar d o país pra preservação ordem social ordem democrático vidar pessoa empregar triste e o irmão fatalidade biológico parar o país o joão doria paulo fechar o comércio caro d o comido restaurante pro caminhoneiro comer entregar entender o negócio imaginar país trintar e milhão autônomos parar caro o acontecer começar o testar mercar o criminalidade crescer assustadoramente cenário caos sacar fogo aumentar homicídio estuprar assaltar caro o polícia contar caos proteger ninguém e esquecer o tamanho o brasil tamo falar paulo assaltar bonito né mundo tá casar netflix dinheiro ficar guardar né fácil ficar casar orar o dono maria nordeste agreste viver dum dinheiro governar e nenhum comprar comido o comércio tá fechar e o caro quebrar comé ficar e o autônomo receitar comé ficar o negócio e impactar d economia d tamanho praticamente parar o mercar internar travar cê noção caro levar ano década pra recuperar d e cenário caos d esquerdo cê achar joão doria fechar o comércio paulo pensar vidar pessoa preocupação d o eleição esquecer esquerdo perigoso caos d e esquecer tá pagar contar o gente pagar contar democracia amanhã golpe esquerdo o gente pagar contar economia quebrar empresar quebrar caro bolsar desabar cê o inglaterra acabar o escravidão o mercar internar tava escravo consumir pra dinheiro circular país procê idear importância o mercar internar economia quebrar o mercar internar brasileiro o joão doria mão o coração país preciso ninguém d paulo fechar o país pizza cê achar o vídeo cê tá preocupar pessoa tá preocupar eleição golpe o governar sacrificar pessoa bastar o congresso golpe governar rotineiramente o stf apoiar o congresso o governar rotineiramente o gente o imprensar bater governar dia motivar razão o gente alarmismo catastrófico gerar globo e companhia apoiar governador olhar cadeira presidência e amplamente divulgar esquerdo esperar oportunidade golpe real o país parar o país economia sobreviver o vírus passar certar e o vidar voltar o o normal voltar ficar parar voltar o vírus passar o consequência economia o gente permitir ah e pessoa morrer caro formar proteger pessoa horizontal casar o casar lembrar nenhum o imagem mostrar matar impactar brasil o convidar e valer lembrar o curvo convite achatar o tendência brasil restar mundo enconomia voltar o funcionar comé o gente proteger pessoa vertical sair casar idoso gente riscar olhar falar eh bocar cheio pai setenta e ano cardíaco mãe doença autoimune mulher asma tá riscar comé funcionar casar sair sair ficar casar farmácia mercar resolver ficar higienizar o mão tô ruir ficar pessoa chegar casar tirar o sapato entrar casar indeniza o sola sapato tomar banhar cabô pra trabalhar pôr mundo parar o país bolsonaro razão ignorância armar o esquerdo esquerdo o corona pra transformar o brasil venezuela tá caos tomar o permitir acontecer tá mão o certar o horar estufar o peitar e defender o país é.presidente tá riscar o sobrevivência verdade vírus mídia vírus abraçar o,política,27/03/2020,"
Edgard Matsuki ",https://www.boatos.org/politica/ricardo-amorim-grava-audio-pedindo-fim-da-quarentena-apoiando-bolsonaro.html,0
2321,Municípios de Rondônia poderão abrir parte do comércio em 12 de abril  ,,o governador rondônia marco rocha publicar hoje decretar estender o período calamidade público dever o o surtir coronavírus município abrir comércio o dia abril seguir orientação o decretar publicar hoje diário oficial revogar o medir anterior manter o calamidade e o estender o dia ficar proibir evento e reunião pessoa o permanência e trânsito pessoa lazer e convivência e o funcionamento serviço e atividades essencial município reabrir comércio haver elevação significativo caso confirmar covid-19 o documentar serviço abrir funcionar estabelecimento garantir o realização limpeza minucioso diário equipamento componente pedir e utensílio disponibilização insumo e equipamento proteção individual proibir e controlar o ingressar cliente risco e sintoma covid manter o distância metro cliente e funcionário permitir o entrar cliente máscara e dispensar funcionário riscar,saúde,05/04/2020 16h01 ,05/04/2020 16h01 ,https://noticias.uol.com.br/saude/ultimas-noticias/redacao/2020/04/05/municipios-de-rondonia-poderao-abrir-parte-do-comercio-em-12-de-abril.htm,1
2322,"Após ataques de Bolsonaro, Maia divulga ações do Congresso no combate da covid-19  ",,o presidente câmara rodrigar maio dem-rj divulgar campanha medir congresso durante o combater crise covid-19 rede social o ação ocorrer dia ataque presidente jair bolsonaro o o deputar o chamar o coronavírus o congresso agir discutir maio divulgar cartaz projetos aprovar câmara deputar o início crise março proposto o ampliação validade receitar médico durante o pandemia o proibição exportação respirador e o regulamentação telemedicina maio citar o projeto socorrer o romper o o ministrar economia paulo guedes e preciso aprovar senado o deputar incluir lista o cortar gasto r$ milhão despesa câmara anunciar dia abril lista corte viagem parlamentar horar extra servidor suspensão obrar e reformar,saúde,18/04/2020 20h07 ,Camila Turtelli,https://noticias.uol.com.br/ultimas-noticias/agencia-estado/2020/04/18/apos-ataques-de-bolsonaro-maia-divulga-acoes-do-congresso-no-combate-da-covid-19.htm,1
2323,É falso que leilão vá entregar metade do petróleo brasileiro a estrangeiros  ,,"falsar texto viralizado facebook afirmar quase petróleo brasileiro entregar leilão o publicação recurso natural brasileiro vendido empresar estrangeiro e responsabilizar o presidente jair bolsonaro psl e o ministrar economia paulo guedes fato o agência nacional petróleo gás e biocombustível anp prever o realização megaleilão dia novembro o exploração pré-sal bacia santo descobrir exceder concedido petrobras acordar ficar cessão oneroso inexplorado estatal brasileiro o texto citar corretamente o produção estimar campo 1,2 milhão barrir óleo dia o anp confirmar o excedente produção chegar o montante o publicação viralizada acertar o produção óleo brasil cercar 2,6 milhão barrir diário produção médio o considerar o agostar quase milhão barrir dia",brasil,03/10/2019 21h00 ,03/10/2019 21h00 ,https://noticias.uol.com.br/comprova/ultimas-noticias/2019/10/03/e-falso-que-leilao-va-entregar-metade-do-petroleo-brasileiro-a-estrangeiros.htm,0
2324,"

Supermercado Guanabara vai fechar de 16/03 a 20/03 por causa do coronavírus #boato 
",Boato – A rede de supermercados Guanabara vai fechar entre os dias 16/03 e 20/03 por causa do novo coronavírus no Rio de Janeiro.,avisar atencao o redar supermercado guanabara haver atendimento 16/03/2020 20/03/2020 riodejaneiroinforma riodejaneiroinformarpro guanabara fechar ficar extremamente preocupar o guanabara fechar avisar atencao o redar supermercado guanabara haver atendimento 16/03/2020 20/03/2020,brasil,14/03/2020,"
Edgard Matsuki ",https://www.boatos.org/brasil/supermercado-guanabara-fechar16-03-a-20-03-coronavirus.html,0
2325,Europa teme segunda onda precoce do coronavírus após protestos em massa  ,,o europa enfrentar disparar infecção covid-19 semana dever o protesto massa ocorrido continente dia autoridade e especialista união europeu hoje dezena milhar manifestante reunir cidade europeu dia recente protestar o racismo o assassinato afro-norte-americano george floyd custódio polícia aconselhar o ficar o metro e e mundo ficar abraçar pressentimento d jozef kesecioglu presidir o sociedade europeu medicinar tratamento intensivo conferência indagar haver aumentar infecção quinzena responder esperar errar,saúde,11/06/2020 12h21 ,Francesco Guarascio,https://noticias.uol.com.br/ultimas-noticias/reuters/2020/06/11/europa-teme-segunda-onda-precoce-do-coronavirus-apos-protestos-em-massa.htm,1
2326,"
  Os decretos assinados por Biden em seu primeiro dia como presidente não estavam em branco","Um vídeo de Joe Biden assinando folhas supostamente em branco em seu primeiro dia como presidente dos Estados Unidos foi compartilhado centenas de vezes em redes sociais desde o último dia 20 de janeiro. Mas isso é falso. Embora os documentos sejam pouco visíveis na gravação, um vídeo semelhante e com maior contraste mostra que as páginas não estavam vazias.",“ o caro piar totalmente dementar video biden apor assinatura folhar papel branco o voltar o o mundo … ” publicação facebook ilustrar vídeo presidente unir salão oval assinar série documento postagens n redar social indicar maneiro folhar branco o sequência circular twitter e publicação inglês espanhol alemão e holandês,política,28/01/2021 às 20:35,"Clémence Overeem, AFP Holanda",https://checamos.afp.com//os-decretos-assinados-por-biden-em-seu-primeiro-dia-como-presidente-nao-estavam-em-branco,0
2327,Senado aprova projeto que institui canal contra maus-tratos a idosos  ,,"o senado aprovar n quarta-feira o projeto lei pl instituir o sos maus-tratos idoso trata-se serviço exclusivo receber telefonar fax e-mail denúncia suspeito maus-tratos o idoso o matéria seguir análise câmara deputados.o texto pl 5.981/2019 prever o canal divulgar comunicação especialmente repartição público hospital escola estação rodoviário e ferroviário terminar transportar metropolitano e locar circulação pessoa considerar maus-tratos atos omissão praticar o pessoa idade igual ano colocar riscar integridade físico bem-estar emocional violência e desamparar o público enfrentar o desafiar criar o amparar d pessoa superar o criança ano e ano constituir população brasileiro conformar projeções feito instituto brasileiro geografia e estatístico ibge ressaltar o relator texto senador rosar freitas podemos-es).as estatístico consolidar canal divulgar o o texto prever multar r$ o r$ deixar prestar o serviço atendimento e receber encaminhar denúncia violência o pessoa idosa.de acordar relatório rosar freitas ano passar o ouvidoria nacional direito humano ministério mulher família e direito humano receber 21.749 denúncia violência o pessoa idoso representar elevação 29,68 o o ano anterior quase informação recebido relatar denúncia negligência idoso",política,07/10/2020 20h03 ,07/10/2020 20h03 ,https://noticias.uol.com.br/ultimas-noticias/agencia-brasil/2020/10/07/senado-aprova-projeto-que-institui-canal-contra-maus-tratos-a-idosos.htm,1
2328,É #FAKE que dióxido de cloro previne e cura a Covid-19,"Substância é tóxica. Ingestão, além de não combater o coronavírus, pode causar graves efeitos colaterais, alertam especialistas.",circular rede social o ingestão dióxido cloro diluir água prevenir e curar o covid-19 ineficaz evitar conter o infecção coronavírus o dióxido cloro presentar alvejante e processo tratamento água tóxico advertir especialista entrevistar cbn ingerir dióxido cloro perigoso beber inalar produto limpeza esclarecer falso promessa curar envolver o substância químico comercializar o sigla mms compartilhar internet início pandemia covid-19 quadro autismo levar o agência nacional vigilância vigilância sanitário anvisa o banir o comercialização mms e o emitir alertar o anúncio perigoso,saúde, 03/08/2020," Por Roberta Pennafort, CBN ",https://g1.globo.com/fato-ou-fake/coronavirus/noticia/2020/08/03/e-fake-que-dioxido-de-cloro-previne-e-cura-a-covid-19.ghtml,0
2329,"Coronavírus: Mundo tem 566,6 mil mortes e 12,7 milhões de casos, diz OMS  ",,"o relatório recente oms organização mundial saudar indicar o caso coronavírus confirmar oficialmente o o redor mundo subir 12.768.307 compilar informação recebido organização 5h brasília dia julho haver aumentar 215.539 caso s informação divulgar o quantidade morto decorrência covid-19 aumentar 566.654 morte defasados o levantamento divulgar individualmente país fechar comedir dia considerar informação disponível o taxar global mortalidade caso confirmar coronavírus 4,4 período registrar oms país haver caso unir 62.369 brasil 39.023 e índio 28.701 n intervalar brasil 1.071 unir e méxico registrar o morte",saúde,14/07/2020 18h35 ,14/07/2020 18h35 ,https://noticias.uol.com.br/ultimas-noticias/2020/07/14/coronavirus-balanco-da-oms-registra-566654-mortes-e-12768307-casos-no-mundo.htm,1
2330,"

Parque 7D é lançado no Japão, mostra vídeo #boato 
","Boato – Vídeo mostra parque com tecnologia 7D que permite tocar, sentir e cheirar imagens de animais, no Japão.",parque 7d japão tocar sentir e cheirar animar 3d e 4d japonesar 7d,entretenimento,10/03/2019,"
Carol Lira ",https://www.boatos.org/tecnologia/parque-7d-no-japao.html,0
2331,"Em cidade sem prefeito, interino diz ""se socorrer"" com barrado pelo TRE  ",,"Embora condenado por receber doação suspeita na eleição de 2016, o prefeito de São Caetano do Sul, José Auricchio Junior (PSDB), reelegeu-se no primeiro turno das eleições de 2020 com 45% dos votos. Barrado pela Lei da Ficha Limpa, Auricchio aguarda resposta do TSE (Tribunal Superior Eleitoral) a um recurso que protocolou, enquanto vê o presidente da Câmara, o aliado Anacleto Campanella Junior (Cidadania), tomar posse em seu lugar prometendo governar com seus conselhos. Auricchio Junior foi condenado em duas instâncias por ter recebido uma doação de R$ 290 mil em 2016 de uma pessoa sem renda compatível. Então desempregada, a doadora não havia feito nem sua declaração de Imposto de Renda naquele ano, segundo a Procuradoria. A acusação diz que a mulher foi usada como laranja em um esquema de caixa 2.",política,06/01/2021 04h00 ,Wanderley Preite Sobrinho,https://noticias.uol.com.br/politica/ultimas-noticias/2021/01/06/sao-caetano-do-sul-prefeito-eleicoes-auricchio-junior-anacleto-campanella.htm,1
2332,"

China compra 30% de empresas do ocidente em operação Xeque-mate do coronavírus #boato 
","Boato – Depois do surto de coronavírus, China compra 30% de empresas estrangeiras no país e vai faturar cerca de US$ 20 bilhões ao realizar a operação Xeque-mate.",“ operação xeque-mate dia o chino bater recorde ganhar absolutamente us bilião notícia e comprar cercar ações empresar pertencente o o ocidente chino xi jinping superar europeu e democrata americano inteligente jogar jogar maravilhoso olho mundo inteirar dever situação wuhan o moeda chinês começar o declinar o banco central chinês tomar ação impedir colapso haver rumor o chino máscara suficiente combater o coronavírus.esses rumor e o declaração xi jinping pronto proteger residente wuhan o o bloquear fronteiro levar o forte declínio preço ações tecnologia chinês e indústria químico tubarão financeiro começar o vender ações chinês ninguém querer comprá-las e completamente desvalorizadas.xi jinping jogar n esperar semana inteiro e sorrir coletivas imprensar especial acontecer e o preço cair abaixar limitar permitir ordenar o comprar ações europeu e americano o o “ tubarão financeiro ” perceber haver enganar e falir ações haver passar o chino n faturou us bilião graça simulação tornou-se novamente o acionista majoritário empresar construir europeu e americano ações pertencer s empresar e tornaram-se proprietário indústria pesar o ue o américa e o mundo inteirar dependem.a o chino fixar o preço e o receitar empresar sair fronteiro chinês permanecer casar e manter reservar ourar chinês “ tubarão financeiro ” americano e europeu mostrar estúpido e minuto chinês coletaram o ações produzir bilião dólar lucro lembrar movimentar brilhante história mercar ações xeque-mate ”,mundo,10/03/2020,"
Kyene Becker ",https://www.boatos.org/mundo/china-operacao-xeque-mate-coronavirus.html,0
2333,PR: Empresa de fachada vendia e não entregava respiradores  ,,"Um homem de 35 anos foi preso hoje em Curitiba por se aproveitar da pandemia do novo coronavírus para aplicar golpes com uma empresa de fachada. Ele vendia e não entregava respiradores mecânicos, álcool em gel e máscaras aos clientes. A Polícia Civil contabiliza pelo menos 50 vítimas em três estados, resultando em um lucro de R$ 100 mil em apenas 15 dias de atividade na internet. O suspeito é programador e montou um site considerado ""profissional"" pela Delegacia de Estelionatos, em Curitiba. Nele, o homem colocou depoimentos falsos de supostos clientes para dar aparência de legalidade e oferecia preços em promoções, abaixo do praticado no mercado. Com o anúncio na internet, os consumidores pagavam pelo produto, mas não recebiam nada. As vítimas são do Paraná, São Paulo e Santa Catarina. O último boletim foi registrado ontem, em Curitiba. A investigação paranaense contou com apoio da Polícia Civil de São Paulo, a primeira a receber as denúncias contra o site.",saúde,17/04/2020 17h48 ,Abinoan Santiago,https://noticias.uol.com.br/cotidiano/ultimas-noticias/2020/04/17/pr-empresa-de-fachada-vendia-e-nao-entregava-respiradores.htm,1
2334,estranho máscara cônicas o méxico durante o gripar espanholar,"no dia 21 de maio de 2020, um perfil no twitter chamado “la colonia juárez” propagou uma foto muito exótica (arquivo). ela mostrava duas mulheres usando uma espécie de máscara transparente e cônica. segundo o perfil, as tais máscaras teriam sido utilizadas no méxico durante a gripe espanhola!",conferir o tuíte abaixar,política,31/05/2020,marco faustino,https://www.e-farsas.com/estranhas-mascaras-conicas-foram-usadas-no-mexico-durante-a-gripe-espanhola.html,0
2335,Brasil registra 2.384.302 casos de pessoas recuperadas,,"Número é superior à quantidade de casos ativos, ou seja, pessoas que estão em acompanhamento médico. Informações foram atualizadas às 18h30 desta sexta-feira (14/08) O Brasil ultrapassou dois milhões de recuperados da Covid-19. Em todo o Brasil, são 2.384.302 de pessoas curadas da doença. No mundo, estima-se que pelo menos 13 milhões de pessoas diagnosticadas com Covid-19 já se recuperaram. O número de pessoas curadas no Brasil é superior à quantidade de casos ativos (784.695), que são os pacientes em acompanhamento médico. O registro de pessoas curadas já representa mais da metade do total de casos acumulados (72,8%). As informações foram atualizadas às 18h30 e foram enviadas pelas Secretarias Estaduais e Municipais de Saúde. A doença está presente em 98,4% dos municípios brasileiros. Contudo, mais da metade das cidades (3.877) possuem entre 2 e 100 casos. Em relação aos óbitos, 3.785 municípios tiveram registros (68%), sendo que 768 deles apresentaram apenas um óbito confirmado.",saúde,14/08/2020 23h50,Da Agência SaúdeAtendimento à imprensa(61) 3315-3580 / 2351 / 3713,https://www.gov.br/saude/pt-br/assuntos/noticias/brasil-registra-2-384-302-casos-de-pessoas-recuperadas,1
2336,É #FAKE que vídeo mostra Serginho Groisman fazendo discurso em evento do PT,"Vídeo que tem bombado nas redes tem informação e legenda falsas. Evento mostrado nas imagens é o Festival Lula Livre, ocorrido em SC, e a voz é do locutor Duda Vieira.",circular rede social vídeo haver discursar durante atar político e o pessoa gravar o evento afirmar o homem palancar gritar lula livrar o apresentador serginho groisman o evento o festival lula livrar santo catarino realizar dia outubro centrar florianópolis confirmar tratar evento pilastra aparecer frente palco o pt santo catarino confirmar o vídeo gravar durante o festival e negar o apresentador presentar,entretenimento, 05/11/2019, Por G1 ,https://g1.globo.com/fato-ou-fake/noticia/2019/11/05/e-fake-que-video-mostra-serginho-groisman-fazendo-discurso-em-evento-do-pt.ghtml,0
2337,Coronavírus: Últimas notícias e o que sabemos até esta sexta-feira (17)  ,,"o brasil registrar 1.163 morte covid-19 horar balançar oficial ministério saudar disponível site oficial registro oficiar 77.851 óbito doença o o 2.046.328 caso confirmar 34.177 o balançar 3.832 falecimento investigação o total recuperar chegar o 1.321.036 representar 64,6 total infectar caso acompanhamento chegar o 647.441 31,6 montante contaminar brasil superar o marcar milhão caso oficiar diagnóstico coronavírus e ministério saudar contabilizar 1.322 morte dia julho e o registrar óbito horar junho",saúde,17/07/2020 12h58Atualizada em 17/07/2020 20h06 ,17/07/2020 12h58Atualizada em 17/07/2020 20h06 ,https://noticias.uol.com.br/saude/ultimas-noticias/redacao/2020/07/17/coronavirus-ultimas-noticias-e-o-que-sabemos-ate-esta-sexta-feira-17.htm,1
2338,Ilha em forma de golfinho! Será verdade?,,o imagem começar o espalhar rede social comedir quinzena junho levantar membro facebook,entretenimento,24/06/2021,Gilmar Lopes,https://www.e-farsas.com/ilha-em-forma-de-golfinho-sera-verdade.html,0
2339,Brasil tem maior média móvel de casos de Covid-19 desde a chegada da doença no país ,,o médio móvel caso covid-19 bater recordar n terça-feira chegar 56.453 significar dia o médio diagnóstico positivo o coronavírus horar notificar 68.656 caso doença elevar 8.326.115 o total pessoa infectar sars-cov-2 território brasileiro registrar 1.151 morte totalizar 207.160 vidar perdido o médio móvel óbito ficar o médio móvel dia médio o dia e anterior comparar médio semana indicar haver tendência alto estabilidade quedo caso morte o cálculo recurso estatístico conseguir enxergar o tendência abafar o ruir causar finar semana o notificação morte reduzir escassez funcionário plantão notificar caso covid-19 paulo 13.710 minar gerar 8.694 e paraná 5.777 registrar morte paulo rir janeiro e minar gerar consórcio formar o globo extra g1 folhar s.paulo uol e o s. paulo e reunir informação secretariar estadual saudar divulgar diariamente 20h o iniciativo veículo mídia criar o inconsistência apresentar ministério saudar o informação confirmar o o globo presidente frente nacional prefeito fnp jonas donizette psb ex-prefeito campino o reunir governante locar o ministrar afirmar o prefeito o início vacinação depender fatores o liberação agência nacional vigilância sanitário anvisa emergencial vacinar astrazeneca e coronavac e o logístico voar trazer índio milhão dose vacinar oxford astrazeneca,saúde, Publicado em  14/01/21 20:00 ,Evelin Azevedo,https://extra.globo.com/noticias/coronavirus/brasil-tem-maior-media-movel-de-casos-de-covid-19-desde-chegada-da-doenca-no-pais-24838949.html,1
2340,Nino cita erros do Flu e critica Carioca: 'Protocolo não é 100% seguro'  ,,o fluminense clube lutar o voltar campeonato carioca n apesar esforço o tricolor entrar campar domingo horar o voltar redondo adversário noite divulgar atleta testar positivar covid-19 exame prévio o o jogar protocolo jogar segurar elaborar ferj o zagueiro ninar afirmar interferir concentração jogador confrontar criticar o o protocolo seguir deixar claro posicionamento preservar vidar existir protocolo deixar claro respeitar o decisão tomar vestiário d passar cabeça o focar jogar nenhum passar cabeça o físico atleta voltar redondo ninar entrevisto coletiva videoconferência o protocolo si deixar brecha jogador voltar redondo testar e chegar infectar o testar e durante o semana o protocolo segurar o segurança existir o segurar ficar casar n atrapalhar jogar entender o complicar e o riscar existir campar atrapalhar completar apesar problema campar o rendimento fluminense reestreia ruim e culminar derrotar equipar o comandar técnico odair hellmann o o voltar redondo estádio nilton santo ninar avaliar o errar e atleta precisar manter o focar trabalhar crer errar costumar errar olhar o coletivo olhar o individual precisar melhorar cobrar demasiadamente saudável precisar respostar focar básico taticamente mundo juntar o pensamento e correr juntar jogar atípico errar e costumar trabalhar minimizar falir focar bater d frente focar suficiente o preparação n o jogar mental passar situação adverso n jogar o gol início e o expulsão acontecer batalhar interno desconcentrar e lutar o o time desfocar precisar melhorar e focar esquecer o passar o resultar voltar completou.caso o flamengo campeão taça rir e ficar classificação o campeonato carioca dia o brasileirão acordar o cbf retornar agostar ninar criticar paralisação o ideal d brigar presidente e posicionar o o d o voltar precoce carioca o gente ficar parar e acontecer quedo físico d treinar presencialmente manter o físico preparador fisiologia e capacitar n intervalar preparar o brasileiro o principal objetivo e o importante ano copar brasil afirmar,saúde,01/07/2020 16h34 ,01/07/2020 16h34 ,https://www.uol.com.br/esporte/futebol/ultimas-noticias/lancepress/2020/07/01/nino-cita-erros-do-flu-e-critica-carioca-protocolo-nao-e-100-seguro.htm,1
2341,"

Bolsonaro votou contra a transposição do rio São Francisco quando era deputado #boato 
","Boato – Bolsonaro votou contra a transposição do rio São Francisco quando era deputado. Agora, como presidente, inaugurou a obra dizendo que é dele.",bolsonaro falar o obrar transposição qnd parlamentar votar o pilantragem!!!o deputar bolsonaro votar o transposição s. francisco presidente inaugurar o obrar feito lula e dilma e d deputar bolsonaro votar o transposição água rir francisco acabar “ inaugurar ”,política,30/06/2020,"
Raiane Gonoli ",https://www.boatos.org/politica/bolsonaro-votou-contra-transposicao-do-rio-sao-francisco.html,0
2342,Ministério da Saúde habilitou 3352 leitos de UTI até agora  ,,r$ milhão o leito uti habilitar ministério saudar hospital diferente país,saúde,08/05/2020 19h57 ,08/05/2020 19h57 ,https://noticias.uol.com.br/videos/2020/05/08/ministerio-da-saude-habilitou-3352-leitos-de-uti-ate-agora.htm,1
2343,"
  A desinformação do cientista britânico e ex-funcionário da Pfizer sobre as vacinas e a covid-19","Várias publicações que foram compartilhadas mais de 9 mil vezes desde o último dia 24 de novembro mostram as declarações do cientista britânico Michael Yeadon, que afirmou que “a pandemia efetivamente acabou” e que não há necessidade de desenvolver vacinas, pois a maioria das pessoas não se contamina e os testes PCR dão falsos positivos. Estas afirmações, contudo, são falsas ou infundadas.Envie-nos por WhatsApp Email",“ ex-vice-presidente pfizer ‘ haver necessidade vacinar ’ ‘ o pandemia efetivamente acabar ’ ” assinalar publicação facebook twitter e instagram afirmação publicar blog circular igualmente idioma inglês eslovaco italiano e espanhol postagens citar parafrasear declaração michael yeadon ex-funcionário pfizer companhia farmacêutico desenvolver vacinar o covid-19,saúde,25/12/2020 às 00:03,"Robert Barca, AFP Eslováquia",https://checamos.afp.com//desinformacao-do-cientista-britanico-e-ex-funcionario-da-pfizer-sobre-vacinas-e-covid-19,0
2344,Merkel adverte alemães que momentos difíceis vão continuar em 2021  ,,o crise histórico coronavírus continuar advertir o chanceler alemão angela merkel mensagem ano afirmar o vacinar trazer esperançar dia e semana ... difícil o país e durante afirmar o líder cdu discursar ano deixar o cargo outonar hemisfério norte invernar continuar difícil acrescentar merkel o pandemia representar crise histórico,saúde,30/12/2020 20h18 ,30/12/2020 20h18 ,https://noticias.uol.com.br/ultimas-noticias/afp/2020/12/30/merkel-adverte-alemaes-que-momentos-dificeis-vao-continuar-em-2021.htm,1
2345,o medir provisório suspender o pagamento aposentadoria idoso flagrar o ruir,é verdade que uma medida provisória assinada pelo governo vai suspender o pagamento de aposentadoria dos idosos que forem pegos andando pelas ruas?,o alertar logotipo governar federal e previdência social surgir whatsapp quinzena março e espalhar facebook e twitter acordar o texto medir provisório assinar governar autorizar o suspensão pagamento aposentadoria o idoso pego ruir,saúde,20/03/2020,gilmar lopes,https://www.e-farsas.com/a-medida-provisoria-922-vai-suspender-o-pagamento-da-aposentadoria-dos-idosos-flagrados-na-rua.html,0
2346,Ministério da Saúde entrega 30 ventiladores pulmonares em Sergipe,,equipamento chegar n semana ventilador pulmonar auxiliar o enfrentamento pandemia o redar público saudar sergipe ganhar o reforçar ventilador pulmonar o equipamento indicar suportar ventilatório paciente grave infectar covid-19 apresentar dificuldade respiratório equipamento desembarcar n semana capital aracajú e distribuir secretariar estadual saudar responsável definir unidade saudar e município receber ventilador pulmonar conformar planejamento o comprar e distribuição ventilador estratégico governar brasil atendimento o o entregar ventilador comprar e enviar ministério saudar o o entregar levar contar o capacidade instalar redar assistência saudar público principalmente locar o transmissão velocidade total o ministério saudar entregar 1.437 ventilador pulmonar,saúde,26/05/2020 23h36,"Por Silvia Pacheco, da Agência Saúde Atendimento à imprensa(61) 3315-2745/2351",https://www.gov.br/saude/pt-br/assuntos/noticias/ministerio-da-saude-entrega-30-respiradores-em-sergipe,1
2347,Saúde distribui quase 1 milhão de vacinas do Butantan para segunda dose,,o ministério saudar enviar e distrito federal quase milhão dose vacinar covid-19 produzir brasil instituto butantan matéria-prima importar o lotar coronavac receber pastar quinta-feira 6/5 destinar o dosar o objetivo completar esquema vacinar pessoa o previsão unidade federativo receber imunizante o d sexta-feira 7/5 enviar dose ajustar esquema e continuidade planar nacional operacionalização vacinação o covid-19 pno n casar e df utilizar o quantitativo conclusão esquema incompleto seguir o vacinação prioritário dose o esquema completar dosar e d o pautar contemplar idoso e ano agente forçar segurança e salvamento e forçar armar atuam linha frente pandemia e trabalhador saudar santo catarino informação atualizadas 16º informar técnico secretariar vigilância saudar svs,saúde,07/05/2021 11h18,Marina PagnoMinistério da Saúde(61) 3315-3580 / 2351,https://www.gov.br/saude/pt-br/assuntos/noticias/saude-distribui-quase-1-milhao-de-vacinas-do-butantan-para-segunda-dose,1
2348,"

Revista Veja fechou e funcionários gravaram impressão da última edição #boato 
","Boato – A Revista Veja fechou e os funcionários gravaram a última edição que foi vendida. Em vídeo, eles se despedem uns dos outros enquanto filmam os exemplares.",bater bolsonaro perder o credibilidade!**teve fechar vender vender e anunciante sumiram!**revista abril globo fechar portas!*“rapaziada o vídeo despedir dia mundo correr thiagão mandar salvar pro pessoal … dia igor o querer … … tá certar … o face o milhão pra encerrar o ano aliás editorar abril o rapaziada sair … pássaro vulgo voador … beleza pássaro menino segurar o pessoal mundo focar … mundo trabalhar … o empilhador encostar o caderno o encostar … … peno parar pleno sexta-feira máquina rodar acabamento e restar parar … réles parar … jgv7 parar chegar réles … o roper o milhão … réles gente sono consertar … mandar salvar pra rapaziada pepeu e geovane arquitetando algum mundo reunir tomar coca-cola encerrar o gravação valer pessoal valer editorar abril valer companheiro ”,brasil,17/01/2021,"
Raiane Gonoli ",https://www.boatos.org/brasil/revista-veja-fechou-funcionarios-gravam-ultima-edicao.html,0
2349,"Brasil tem 12.400 mortes e 177.589 casos confirmados de novo coronavírus, diz ministério","Em 24 horas, foram confirmadas mais 881 novas mortes, sendo que 206 ocorreram nos últimos três dias.","o ministério saudar divulgar n terça-feira o recente balançar caso coronavírus brasil principal acordar o ministério saudar haver 92.593 paciente acompanhamento 52,1 caso e 72.597 recuperar 40,9 óbito incluir balançar n terça-feira ocorrer dia haver 2.050 morte investigação",ciência, 12/05/2020 18h58 , Por G1 ,https://g1.globo.com/bemestar/coronavirus/noticia/2020/05/12/brasil-tem-12400-mortes-e-177589-casos-confirmados-de-novo-coronavirus-diz-ministerio.ghtml,1
2350,Bolsonaro pode ser chamado de genocida?  ,,virar meme terminantemente proibir chamar o genocida presidente repúblico o chiste respostar inacreditável notícia delegar polícia civil rir janeiro haver intimar o youtuber felipe neto o o delegacia prestar depoimento chamar bolsonaro genocida redar social pablo sartori o eminente policial e presumir cidadão acatar queixa-crime protocolada vereador carlos bolsonaro o o ofenso dever enquadrar lei segurança nacional entulhar ditadura voltar o instrumentar perseguição político o atual governar o intimação expedir dia segunda-feira e cobrar o presença intimar o dia quinta-feira manhã d o investigação suspenso liminar justiçar rir o decisão corroborar o recurso apresentar defeso felipe neto o o afirmar caber delegacia repressão o crime informático conduzir investigação basear lei segurança nacional e continuidade o processar n sentir o instância corretar precisar necessariamente o polícia federal deixar curioso o acusação o youtuber o alegação crime o segurança nacional justamente o presidente repúblico o genocida criticar atentar o segurança nacional o início pandemia o segurança nacional sentir atribuir militar sancionar o referir lei o segurança cidadão compor nação fronteiro seguro haver espionagem estrangeiro país ninguém armar o sequestrar embaixador e distribuir ações terrorista brasília nação frangalho nação combalir e doente nação lutar e desgovernar quase ex-nação e o culpar felipe neto,política,18/03/2021 20h45 ,18/03/2021 20h45 ,https://noticias.uol.com.br/colunas/camilo-vannuchi/2021/03/18/bolsonaro-pode-ser-chamado-de-genocida.htm,1
2351,"

Collor usou slogan “Brasil acima de tudo, Deus acima de todos” em 1989 e foi copiado por Bolsonaro #boato 
","Boato – Cartaz prova que o ex-presidente Fernando Collor de Mello usou slogan de campanha “Brasil acima de tudo, Deus acima de todos” em campanha presidencial de 1989. Bolsonaro copiou Collor em 2018.",o chorar fakenews esquecer collor e luladrão macumbarias cristo collor e bolsonaro o slogam “ brasil acima e deus acima ” fu … o brasil e o povão bostonaro incompetente criar copiar plagiar o slogam collor versão vestir algum versão collor presidente brasil acima deus acima,política,,"
Edgard Matsuki ",https://www.boatos.org/politica/collor-brasil-acima-tudo-deus-acima-todos-bolsonaro.html,0
2352,"

Rihappy está dando presentes de Dia das Crianças por causa da Covid-19 em site no WhatsApp #boato 
","Boato – Devido à pandemia da Covid-19, a Rihappy está dando 150 mil pacotes de presentes de Dia das Crianças grátis em um site. Para ganhar só é preciso compartilhar um link com amigos no WhatsApp.",o dia criança preparar especial pacote presentar totalmente gratuito solidariedade criança carente e dever o pandemia covid-19!ainda pacote presentar disponível completar abaixar e receber casar presentar incrível filho(a preencher corretamente nome completar contato ddd presentar idade casar filhar processar próximoseu presentar reservar concluir o ultimar passar e receber dia útil criança ganhar presentar dia criança precisar compartilhar informação amigo finalizar etapa 24h útil entrar contato código rastreamento acompanhar o enviar pacote compartilhar completar o barrinha abaixar,entretenimento,,"
Edgard Matsuki ",https://www.boatos.org/tecnologia/rihappy-presentes-dia-das-criancas-covid-19-site-whatsapp.html,0
2353,"

Toffoli, Glenn Greenwald e David Miranda são flagrados conversando em restaurante #boato 
",Boato – Vídeo mostra o ministro do STF Dias Toffoli conversando com Glenn Greenwald e David Miranda em um restaurante. Eles estavam tramando.,tóffoli glenn greenwald e davi miranda flagrar conversar restaurante presidente stf dia toffoli glenn e maridar reunir restaurante barrir tijuca café manhã tranquilo e íntimo toffoli glenn greenwald falar campeonato brasileiro?*olha tramar tofolli n vídeo glenn marginar advogar pt stf e o outro crimisoso travestir jornalista pau mandar luladrão bilião bndes stfsailavajatofica,política,06/08/2019,"
Edgard Matsuki ",https://www.boatos.org/politica/toffoli-glenn-greenwald-david-miranda-flagrados-restaurante.html,0
2354,"

Gilmar Mendes vira de costas na hora do Hino Nacional, mostra vídeo #boato 
",Boato – O ministro do STF Gilmar Mendes ficou de costas na hora do Hino Nacional durante a diplomação no STF em protesto contra Bolsonaro. É um desrespeito.  ,gilmar mendes ficar costa propositadamente pleno execução hino nacional diplomação bolsonaro tse fato dever justificar o impeachment d inimigo brasil o ministrar “ injustiça ” gilmar mendes ficar costa horar execução hino nacional cerimônia diplomação presidente bolsonaro!esse canalha e antipatriótico drsprezível dever expulsar país!os brasileiro sentir nojo vergonha e repúdio e sentir excelência,política,13/12/2018,"
Edgard Matsuki ",https://www.boatos.org/politica/gilmar-mendes-costas-hino-nacional.html,0
2355,ruanda o país mundo o robô parir testagem massa covid-19,"no dia 22 de julho de 2020, uma cantora mineira chamada “bia ferreira” compartilhou uma publicação no twitter e fez uma alegação bem peculiar (arquivo).",eis o,saúde,25/07/2020,marco faustino,https://www.e-farsas.com/ruanda-foi-o-primeiro-pais-do-mundo-a-usar-robos-para-testagem-em-massa-da-covid-19.html,0
2356,vídeo mostrar o efeito furacão laura sobrar umar plataforma petróleo,,conferir abaixar o tuíte,entretenimento,29/08/2020,marco faustino,https://www.e-farsas.com/video-mostra-os-efeitos-do-furacao-laura-sobre-uma-plataforma-de-petroleo.html,0
2357,"

Bandidos estão fazendo app da Uber travar para realizar assaltos como falsos motoristas #boato 
","Boato – Bandidos estão fazendo app da Uber travar para realizar assaltos como falsos motoristas. Neste novo golpe, depois do “bug”, eles vão até onde a pessoa pediu a carona no lugar do verdadeiro motorista e roubam tudo.",alertar perigar importante principalmente mulher precisar sair pra resolver e chamar uber ficar portão casar esperar e repente o aplicativo travar bug e voltar aparecer o triplo normal o carro hb20 branco e o motorista rapaz moreno cavanhaque decorar o placar e ficar aguardar repente chegar carro preto sedan o marcar o motorista parar frente abrir o portar frente carona chamar nome e falar entrar o motorista d carro rapaz branco e careca iriar entrar o carro e o motorista aplicativo e falar pra segurança iriar cancelar o corrido ficar bravo perguntar iriar cancelar tom agressivo confirmar o carro completamente diferente aplicativo falar problema e d trocar o modelar carro trabalhar carro e conseguir atualizar dia o motorista outro recusar e manter o cancelamento ficar o portar carro aberto olhar bravo e ficar medo e entrar correr pra casar puxar o portar carro e cantar pneu conseguir cancelar o corrido e pra pedir outro minuto o verdadeiro motorista aplicativo chegar o hb20 cancelar o corrido explicar o acontecer e assustar minuto pedir outro uber e explicar o o motorista o acabar acontecer falar quadrilha invadir o uber pra aplicar golpe e sequestrar relâmpago conseguir o nome e endereçar cliente e o buscar pessoa principalmente mulher prestar atenção e cair motorista perguntar querer o delegacia bo horar nervoso vir o placar e o modelar carro acabar graça o deus acontecer comigo ligeiro o acontecer entrar prestar atenção o motorista o levar caixa eletrônico e sacar contar e o deixar estrar estância alto serrar sortir levar o dinheiro e vir relato mulher estuprar hoje conversar amigo e contar o ocorrer pra alertar e acontecer o o celular d travar e chegar carro chamar e estranhar o atitude motorista e entrar o celular d destravar o aplicativo procurar carro e aparecer o corrido outro carro e outro motorista graça o deus amor deus ficar esperto prestar atenção placar cor carro o modelar e principalmente decorar o rostir motorista cuidar acontecer frequência,entretenimento,21/09/2020,"
Raiane Gonoli ",https://www.boatos.org/tecnologia/bandidos-app-uber-travar-assaltos.html,0
2358,Portugal estabiliza número de casos do novo coronavírus  ,,"autoridade saudar portugal afirmar n quarta-feira o caso coronavírus permanecer estável infecção registrar horar propor aumentar o leito disponível unidade terapia intensivo uti acordar balançar divulgar hoje direção-geral saudar dgs morte covid-19 registrar e hoje país caso o o pandemia deixar 1.263 vítima e 29.660 infectar portugal o taxar aumentar contágio permanecer 0,8 o dia anterior controlo situação o ministro saudar marta temer destacar hoje o ambição aumentar o leito disponível utis atualmente médio europeu reconhecer discursar parlamentar",saúde,20/05/2020 14h33 ,20/05/2020 14h33 ,https://noticias.uol.com.br/ultimas-noticias/efe/2020/05/20/portugal-estabiliza-numero-de-casos-do-novo-coronavirus.htm,1
2359,"Brasileira não foi desclassificada do Miss Universo por gritar ""Lula Livre""  ",,mayra dia o representante brasileiro miss universo d ano desclassificar concurso realizar bancoc tailândia domingo o motivar político o o ex-presidente lula o mensagem facebook o segunda-feira mayra dia gritar lula livrar durante miss universo e desclassificar o mensagem o ignorância o beleza n concluir o notícia falso mayra dia citar lula discursar durante o competição desclassificar verdade acabar top durante discursar evento mayra falar lula político brasileiro o amazonense abordar verdade o ambientar,mundo,19/12/2018 04h00 ,Lucas Borges Teixeira,https://noticias.uol.com.br/confere/ultimas-noticias/2018/12/19/brasileira-nao-foi-desclassificada-do-miss-universo-por-gritar-lula-livre.htm,0
2360,Covid negativo em teste de farmácia não é 'passaporte' para a ceia de Natal  ,,procurar teste salivar sangue farmácia buscar espécie passaporte o cear natal o encontrar reveillón pesar o importância d teste confirmar o diagnóstico paciente sintoma covid-19 garantir assintomático transmitir o doença principalmente o pessoa idoso imunodeprimidas passaporte sentir absoluto utilizar tranquilo festa ano existir afirmar coluna andré nathan pneumologista hospital sírio-libanês e professor hospital clínico faculdade medicinar universidade paulo horar sintoma o testar sensibilidade o chance negativar doente aumentar garantir contaminar infectar ninguém explicar nathan sociedade médico nacional internacional indicar teste passar o natal tranquilo,saúde,21/12/2020 15h10 ,21/12/2020 15h10 ,https://noticias.uol.com.br/colunas/leonardo-sakamoto/2020/12/21/covid-negativo-em-teste-de-farmacia-nao-e-passaporte-para-a-ceia-de-natal.htm,1
2361,Variantes do coronavírus: Brasil faz pouca coisa certa para controlá-las  ,,infelizmente o planejamento ministério saudar obter vacinar o covid-19 levar o situação complicar administrar vacinar aprovar humanar vacinar suficiente vacinar o população massivamente falar outro problema o programar nacional conscientização o sociedade entender o vacinar o eficiente o controlo pandemia cuidar máscara e higienizar mão continuar o vacinação o pandemia controlar o o mutação coronavírus o dispersão vírus ocorrer exacerbar país mutação tender o ampliar o o surgir variante contagioso acontecer inglaterra áfrico sul e brasil variante afetado o capacidade vacinar desenvolvido prevenir o covid-19 áfrico sul decidir interromper o aplicação vacinar oxford astrazeneca testar pequeno paciente avaliar o capacidade proteção imunizante o variante vírus dominante valer ressaltar o oms anunciar vacinar incluir o oxford capaz proteger o desenvolvimento covid-19 o pessoa contrair variante,saúde,12/02/2021 04h00 ,12/02/2021 04h00 ,https://www.uol.com.br/vivabem/colunas/gustavo-cabral/2021/02/12/como-variantes-do-coronavirus-podem-afetar-vacinas-e-o-controle-da-pandemia.htm,1
2362,"Para sobreviver à pandemia, pequenos produtores vão ao consumidor final   ",,imposição distanciamento social coronavírus começar obrigar pessoa o passar casar s comprar drasticamente reduzir — significar volumar carro relatório mintel indicar brasileiro reduzir o cheio supermercado abril comportamento pandemia produtor rural pescador e pequeno distribuidor sofrer conseguir vender produto restaurante e bar fechar d atender delivery takeaway e presença cadeia varejar conseguir escoar produção e encontrar alternativo chegar o o consumidor — o ajudar empreendimento pequeno produtor queijar mineiro sofrer o pandemia imagem divulgação minar gerar produtor queijo artesanal d premiar concurso internacional virar vender reduzir drasticamente revendedor fazenda buscar remessar distribuir mercearia e diminuir visitar e pedir contar coronavírus,saúde,01/06/2020 04h00 ,Rafael Tonon,https://www.uol.com.br/nossa/noticias/redacao/2020/06/01/para-sobreviver-a-pandemia-pequenos-produtores-vao-ao-consumidor-final.htm,1
2363,Ocupação de UTIs de covid na rede pública municipal de SP chega a 50%  ,,o boletim diário acompanhamento pandemia prefeitura paulo hoje informar o taxar ocupação leito uti exclusivo o covid-19 o percentual representar aumentar percentual sexta-feira semana passar — s véspera turno eleição municipal total hoje haver pessoa tratamento intensivo sexta-feira semana passar — variação paciente o aumentar ocupação o secretário municipal saudar edson aparecer afirmar o situação atenção e controlo voltar o negar o cidade enfrentar onda covid-19 o secretário admitir o taxar ocupação crescer o situação estabilidade aparecer afirmar haver leito ocioso redar público,saúde,20/11/2020 21h54 ,Felipe Pereira,https://noticias.uol.com.br/saude/ultimas-noticias/redacao/2020/11/20/ocupacao-de-utis-de-covid-na-rede-publica-municipal-de-sp-chega-a-50.htm,1
2364,"

Tonel se rompe e causa vazamento de vinho na vinícola Aurora #boato 
",Boato – Vídeo mostra momento em que um tonel na vinícola Aurora se rompeu e causou um grande vazamento de vinho.,olhar o acontecer vinícola aurora bento gonçalves rir sul estourar o tonel vinho o vinícola aurora haver …,brasil,05/10/2019,"
Edgard Matsuki ",https://www.boatos.org/brasil/tonel-rompe-vazamento-vinho-vinicola-aurora.html,0
2365,Amor de pandemia: eles arrumaram crush para driblar solidão na quarentena  ,,o designer julia paulo manir limpeza o lavar o mão afirmar o disseminação coronavírus causador covid-19 o cuidar redobrar hábito higiene julia o único o intensificar durante o pandemia solteiro o o redor mundo sentir o solidão bater forte solteiro difícil imaginar durante o quarentenar treta entrevisto universo problema moderno pedir solução moderno pandemia julia entrar acordar contatinho ajudar o segurar o barrir durante o isolamento social natural ficar falar difícil passar e chegar conclusão legal termo o o outro apoiar o designer alguém trocar foto conversar e videochamadas diário o tocar recolher valer tornar pessoa decidir assumir relacionamento driblar o solidão quarentenar o atriz taís araújo contar pai separar haver ano decidir enfrentar período junto suportar o o outro durante o isolamento e quebrar deixar o filho tranquilo,saúde,27/03/2020 04h00 ,27/03/2020 04h00 ,https://www.uol.com.br/universa/noticias/redacao/2020/03/27/amor-de-pandemia-eles-arrumaram-crush-para-driblar-solidao-na-quarentena.htm,1
2366,"Campanha 'Vacina sim' ganha reforço de atores, jornalistas, colunistas e apresentadores",Consórcio de veículos de imprensa lança neste domingo (14) a segunda fase da campanha para conscientizar a população sobre a importância da vacina.,o consórcio veículo imprensar lançar n domingo o fase campanha vacinar o objetivo conscientizar o população o importância vacinar o covid-19 n etapa atores jornalista colunista e apresentador ajudar o amplificar o informação o vacinar proteger especialmente n enfrentar pandemia matar brasileiro o chefe sucursal brasília estadão andreza matar o campanha vacinação o único sair o brasil perder gente milhar brasileiro sobreviver o vacinar chegar hoje o gente medo respirar esbarrar outro medo idoso o vacinar chance voltar o o alegrar o colunista folhar s. paulo luiz felipe pondé lembrar importância vacinar combater doença,ciência, 14/02/2021 05h00 , Por G1 ,https://g1.globo.com/bemestar/vacina/noticia/2021/02/14/campanha-vacina-sim-ganha-reforco-de-atores-jornalistas-colunistas-e-apresentadores.ghtml,1
2367,"São Paulo imunizou apenas 22,5% do público-alvo da vacinação contra a gripe  ",,"o cidade paulo vacinar o 22,5 público-alvo campanha vacinação o gripar acordar o prefeitura o município imunizar 824.141 pessoa o vírus influenza causador gripar o expectativa o campanha julho o capital paulista imunizar 4,7 milhão pessoa o campanha vacinação o gripar começar dia abril o país diferentemente ano anterior o aplicação dose n ano criança o ano idade gestante e puérpera indígena e trabalhador saudar",saúde,17/05/2021 13h34Atualizada em 17/05/2021 13h49 ,17/05/2021 13h34Atualizada em 17/05/2021 13h49 ,https://noticias.uol.com.br/saude/ultimas-noticias/redacao/2021/05/17/vacina-gripe-sao-paulo-influenza.htm,1
2368,Saúde atualiza sistema de gestão de informações de residentes,,o objetivo aprimorar o acompanhamento e gerenciamento informação o pagamento bolsar residente financiar ministério saudar o pastar atualizou o informação gerenciais pró-residências sigresidências o versão disponível o d segunda-feira 01/02 link residente ano realizar etapa complementação informação facilitar o adesão o editar agilidade atualização informação programar e residente o modernização o finalidade qualificar processo administrativo gerar eficiência e proporcionar experiência transparentar e funcional o usuário o versão sigresidências estratégia modernização possibilitar mudança o coordenador comissão residência médico coreme e comissão residência multiprofissional saudar e profissional saudar coremu instituição parceiro cadastrar supervisor programar autorizar o residente o o cadastrar,saúde,01/02/2021 13h19,Por Karina BorgesMinistério da Saúde(61) 3315-3989,https://www.gov.br/saude/pt-br/assuntos/noticias/saude-atualiza-sistema-de-gestao-de-informacoes-de-residentes,1
2369,"

Mariana Gross comemora título do Flamengo no Brasileirão e aglomera em meio à pandemia #boato 
","Boato – Apresentadora do RJTV da Rede Globo, Mariana Gross, comemora título do Flamengo no Campeonato Brasileiro e faz aglomeração em meio à pandemia (2021). Vídeo mostra tudo. ",mariano gross apresentador rjtv rir pedir o população rir janeiro ficar casar o o salário dia ficar n hipocrisia misericórdia,entretenimento,27/02/2021,"
Carol Lira ",https://www.boatos.org/esporte/mariana-gross-comemora-flamengo-aglomeracao.html,0
2370,"
  Madagascar desmente ter denunciado uma tentativa de suborno da OMS para envenenar uma possível cura da COVID-19","De acordo com publicações compartilhadas centenas de vezes nas redes sociais desde meados de maio, o presidente de Madagascar denunciou que a OMS lhe ofereceu um suborno de 20 milhões de dólares “para envenenar a cura da COVID-19”, que é “baseada em uma planta”. O gabinete do próprio presidente malgaxe, Andry Rajoelina, “desmentiu formalmente” esta afirmação à AFP.Envie-nos por WhatsApp Email",“ o oms oferecer soborno milhão envenenar o curar covid-19-presidente madagascar sic ” o publicação afirmar o curar “ basear plantar artemisia annua ” “ curar paciente covid-19 dia o presidente ” o mensagem viralizou rede social o o o dia maio misturar afirmação atribuir o o presidente africanar acreditar “ o único razão o restar mundo recusar o tratar o curar madagáscar o coronavirus urgência e respeitar o remédio áfrico sic ” e o problema “ o bebido áfrico e admitir ... país madagáscar ... idealizar fórmula salvar o mundo sic ” postagens semelhante circular francês e espanhol,política,5/06/2020 às 22:07,"Ange Kasongo, AFP Espanha, AFP Brasil",https://checamos.afp.com//madagascar-desmente-ter-denunciado-uma-tentativa-de-suborno-da-oms-para-envenenar-uma-possivel-cura,0
2371,"

1720, 1820, 1920 e 2020: A cada 100 anos, exatamente, uma pandemia assola a humanidade #boato 
","Boato – Pandemias são ciclos centenários que acometem a humanidade, exatamente, a cada 100 anos, desde 1320. Em 1720, ocorreu a peste negra. Em 1820, ocorreu a cólera. Em 1920, ocorreu a gripe espanhola. Em 2020, ocorreu o coronavírus. ",“ o propósito corona vírus perigosidade e consequente possibilidade destruição lembrar seguinte datar – peste bubónico – peste negro – império azteca morrer varíola – surtir moléstia contagioso « passageiro mayflower » – praga marselha – epidemiar cólera – gripar espanholar – corona vírus ” “ o ano o século amaldiçoar •1520 – varíola milhão morto •1620 – amolestia milhão morto •1720 – peste negro morto •1820 – cólera morto •1920 – gripar espanholar 2.6 milhão morto •2020 – corona vírus loading acreditar coincidência prepare-se lavar mão frequentemente sair o máscara e cumprir o distanciamento social ”,saúde,19/06/2020,"
Kyene Becker ",https://www.boatos.org/saude/cada-100-anos-pandemia-assola-humanidade.html,0
2372,"

Salada de pepino com sal cura a Covid-19 #boato 
","Boato – Em vídeo, homem afirma que Deus disse em sonho que consumir salada de pepino com sal poderia curar a Covid-19. Está encontrada a cura da doença. ",“ sumidouro homem curar covid19 pepino ” “ vídeo senhor falir o pepino curar covid ”,saúde,18/03/2021,"
Kyene Becker ",https://www.boatos.org/saude/salada-de-pepino-com-sal-cura-covid-19.html,0
2373,É #FAKE que Maju Coutinho deu entrevista à TV de Portugal e disse que trabalha até de graça por queda de Bolsonaro,Apresentadora do JH não deu entrevista recente a nenhum veículo de comunicação. Mensagem é falsa.,circular rede social mensagem o apresentador jornal hoje maria júlia coutinho entrevisto recente o tv portugal existir crise brasil e necessário trabalhar graça o quedo presidente jair bolsonaro o mensagem circular internet elogio o o ex-presidente lula e terminar crítico redar globo o conteúdo falsar o apresentador jornal hoje entrevisto imprensar portuguesar falar bolsonaro e lula entrevisto recente o outro veículo comunicação basto buscar rápido internet haver registro propalar entrevisto declaração feito publicamente tampouco rede social,entretenimento, 15/05/2020, Por G1 ,https://g1.globo.com/fato-ou-fake/noticia/2020/05/15/e-fake-que-maju-coutinho-deu-entrevista-a-tv-de-portugal-e-disse-que-trabalha-ate-de-graca-por-queda-de-bolsonaro.ghtml,0
2374,Um dia com Collor: senador promove sorteio nas redes sociais para passeio em Brasília e café na Casa da Dinda,,"O senador Fernando Collor (Pros-AL) anunciou em seu Twitter, neste domingo, que vai promover um sorteio para levar um seguidor para passear em Brasília ao seu lado. Intitulada “Um dia no Senado com Collor”, a campanha promete um tour completo para conhecer a rotina do senador no Congresso. “Nos próximos dias, vamos anunciar como se inscrever e participar dessa experiência”, informou. Entre os benefícios, o ganhador terá passagem de ida e volta para a capital, hospedagem paga, tour pelos corredores da Casa, uma visita ao gabinete de Collor, além de um café na Casa da Dinda, famosa residência de Collor enquanto presidente da República, localizada no Lago Norte, bairro nobre de Brasília. O vencedor ainda vai poder acompanhar uma sessão no Senado e na Comissão de Desenvolvimento Regional e Turismo. None None None None",brasil, Publicado em  09/03/21 19:43 ,Filipe Vidon,https://extra.globo.com/noticias/brasil/um-dia-com-collor-senador-promove-sorteio-nas-redes-sociais-para-passeio-em-brasilia-cafe-na-casa-da-dinda-24917188.html,1
2375,Comissão decide ouvir Wajngarten antes de CPI  ,,antecipando-se cpi pandemia o comissão temporário senado acompanhar desdobramento pandemia aprovar n segunda-feira o realização audiência público o ex-chefe secretariar comunicação governar federal fabio wajngarten ouvir datar o marcar percalço retardar o comprar vacinar pfizer união deve-se o iniciativo senador eliziane gamo cidadania-ma utilizar base o pedir entrevisto wajngarten afirmar revisto o brasil comprar vacinar pfizer antecipadamente ano passar incompetência e ineficiência wajngarten declarar envolver negociação o pfizer setembro reconhecer o demorar negociação atrasar o início vacinação brasil elevar o morto o pastar saudar comandar general eduardo pazuello dispor time pequeno tímido experiência equipar incompatível o negociação milionário farmacêutico fechar contrato europa unir e israel,política,03/05/2021 16h23 ,03/05/2021 16h23 ,https://noticias.uol.com.br/colunas/josias-de-souza/2021/05/03/comissao-decide-ouvir-wajngarten-antes-de-cpi.htm,1
2376,"

MC Poze do Rodo é baleado e morre após xingar Bolsonaro em show #boato 
",Boato – O MC Poze do Rodo foi baleado e morreu após xingar Bolsonaro em um show. O artista levou vários tiros depois de cantar em trechos da apresentação frases de protesto contra o presidente.,mc poze balear tiro circular rede sair show.mc poze e morto chinga bolsonaromc poze morrer montar fã,entretenimento,,"
Raiane Gonoli ",https://www.boatos.org/entretenimento/mc-poze-do-rodo-morre-apos-xingar-bolsonaro.html,0
2377,"
  É montagem o vídeo em que Bonner cita Bolsonaro como exemplo de pessoa pública que não é investigada","“Qual é a pessoa que hoje está na vida pública que não é investigada?”, pergunta o ex-candidato à Presidência pelo PT, Fernando Haddad, ao apresentador do Jornal Nacional, William Bonner, em um vídeo compartilhado milhares de vezes em redes sociais desde o final de maio. “Jair Bolsonaro, do PSL”, responde Bonner, na gravação viralizada. O vídeo foi, contudo, editado. No original, o jornalista não responde a pergunta do político.Envie-nos por WhatsApp Email",“ o melhor bonner arrepender falar espalhar o memória esquerdo fraquiiiiinhaaaa sic ” o legendar acompanhar o gravação postagens compartilhar facebook o dia maio vídeo apresentador jornal nacional tv globo william bonner e renata vasconcellos entrevistar o político fernando haddad disputar o turno eleição bolsonaro responder o jornalista haddad discordar tentativo “ envolver o presidente dilma rousseff ” algum fato descrever trecho viralizado gravação o o bonner responder “ investigar candidatar ”,brasil,9/07/2020 às 21:20,AFP Brasil,https://checamos.afp.com//e-montagem-o-video-em-que-bonner-cita-bolsonaro-como-exemplo-de-pessoa-publica-que-nao-e-investigada,0
2378,É #FAKE que foto mostre corpos de vítimas da Covid-19 enterrados em vala comum em Nova York,"Imagem é antiga, de 2015, e mostra mortos após um tumulto durante uma peregrinação a Meca. Ou seja, não há nenhuma relação com a pandemia atual.",circular rede social foto corpo estendido chão e mensagem tratar valar comum york unir vítima covid-19 doença causar coronavírus o imagem antigo e o atual pandemia covid-19 feito unir tirar setembro arábio saúde durante o peregrinação anual muçulmano o meco ocasião haver confusão fiel resultar morto o tumulto ocorrer cidade minar o meco peregrino permanecer hospedar dia o tragédia causar pessoa aglomerar acabar morrer pisoteado o g1 noticiar o casar época,saúde, 14/05/2020," Por Thaís Matos, G1 ",https://g1.globo.com/fato-ou-fake/coronavirus/noticia/2020/05/14/e-fake-que-foto-mostre-corpos-de-vitimas-da-covid-19-enterrados-em-vala-comum-em-nova-york.ghtml,0
2379,"Após votar, Bolsonaro interage com moradores de Bento Ribeiro sem máscara  ",,o presidente jair bolsonaro revisitar hoje raiz rir e rápido passagem bento ribeiro subúrbio carioca votar escola municipal situar vila militar deodoro zonar oeste cidade bolsonaro interagir apoiadores e chegar o criança colar posar fotografia e cumprimentar policiar militar guardar região máscara item proteção obrigatório o reduzir o chance contaminação coronavírus bento ribeiro bairro classe médio zonar norte localizar o casar bolsonaro morar o carreira político ano o imóvel utilizar década espécie escritório eleitoral família,política,15/11/2020 12h05 ,Hanrrikson de Andrade,https://noticias.uol.com.br/eleicoes/2020/11/15/apos-votar-bolsonaro-vai-a-bairro-e-interage-com-moradores-sem-mascara.htm,1
2380,Rodo com radiação ultravioleta feito na USP mata vírus em chão de hospital  ,,"A Santa Casa da Misericórdia de São Carlos (SP) recebeu do Instituto de Física da USP [Universidade de São Paulo] na cidade dois rodos UV-C para a descontaminação dos pisos do hospital. Os equipamentos foram desenvolvidos no próprio instituto pelo Grupo de Óptica para descontaminar grandes superfícies. O rodo tecnológico emite radiação ultravioleta (UV) que evita a propagação de vírus, como o coronavírus, por meio dos sapatos de quem circula pelo hospital. A radiação ultravioleta é a fração do espectro eletromagnético que abrange comprimentos de onda menores que os da luz visível —e com frequência acima deste mesmo espectro de luz. Essa fração é subdividida em três tipos, sendo que cada tipo causa um dano biológico:",saúde,31/03/2020 11h57Atualizada em 15/05/2020 15h45 ,31/03/2020 11h57Atualizada em 15/05/2020 15h45 ,https://www.uol.com.br/tilt/noticias/redacao/2020/03/31/rodo-com-radiacao-ultravioleta-feito-na-usp-mata-virus-em-chao-de-hospital.htm,1
2381,É #FAKE que máscaras importadas da China são distribuídas contaminadas com o novo coronavírus,"Especialistas explicam que vírus não sobrevive ao traslado de dias. Além disso, equipamentos têm sido importados pelo Ministério da Saúde para uso por profissionais de saúde; não há distribuição para o público em geral.",circular rede social mensagem máscara importar chino distribuir contaminar o coronavírus e evitar precisar lavar água sanitário o informação falso referir s milhão máscara comprar ministério saudar chino lotar equipamento proteção individual epis profissional saudar – e o população governo estadual adquirir equipamento médico enfermeiro e trabalhador saudar noto o ministério saudar haver evidência expor mensagem falso “ vírus geralmente sobreviver corpo vivo e o tráfego d produto costumar dia ” explicar,mundo, 20/04/2020," Por Roberta Pennafort e Raoni Alves, CBN e G1 Rio ",https://g1.globo.com/fato-ou-fake/coronavirus/noticia/2020/04/20/e-fake-que-mascaras-importadas-da-china-sao-distribuidas-contaminadas-com-o-novo-coronavirus.ghtml,0
2382,"O ônibus com a comitiva do Lula acabou de ser expulso pelo povo de Itanagra, na Bahia?",,o vídeo minutar duração e começar o espalhar whatsapp e rede social maio n ônibus acompanhar pessoa o grito “ lula ladrão ” e xingamento,entretenimento,29/05/2021,Gilmar Lopes,https://www.e-farsas.com/o-onibus-com-a-comitiva-do-lula-acabou-de-ser-expulso-pelo-povo-de-itanagra-na-bahia.html,0
2383,É #FAKE que foto mostre Cristina Kirchner tomando vacina da Covid-19 sem máscara,"Imagem que circula com mensagem falsa foi feita na campanha de vacinação contra a gripe em 2013, quando não havia pandemia do novo coronavírus.",circular rede social mensagem mostrar o vice-presidente argentino cristina kirchner tomar vacinar o legendar afirmar o vice-presidente argentino o mulher o vacinar o covid-19 agulhar luva e seringar e máscara o competente enfermeiro pesquisar reverso imagem mostrar o foto cristina kirchner receber vacinar tirar março o presidente campanha nacional vacinação argentino época cristina kirchner postar perfil verificar twitter hoje receber o vacinar gripar grátis campanha nacional vacinação terça-feira,política, 06/01/2021," Por Roney Domingos, G1 ",https://g1.globo.com/fato-ou-fake/coronavirus/noticia/2021/01/06/e-fake-que-foto-mostre-cristina-kirchner-tomando-vacina-da-covid-19-sem-mascara.ghtml,0
2384,"

Carta da Shell da década de 80 mostra uma raridade sobre Lula #boato 
","Boato – Nos anos 80, o ex-presidente Lula enviou uma carta à Shell reclamando da Lei Seca no dia das eleições. Ele achava que ela não permitia venda de combustíveis.",cartar shell década mostrar raridade lula o texto transcrever o seguir verdadeiro e arquivo histórico shell e brasil o empresar o divulgar tratar-se cartar escrito torneiro mecânico luis inácio silvar lula ano o país o álcool combustível o shelle preservar o original cartar erro gramaticar mantido transcrição abaixar confira!olá!tenho corcel i o álco e cliente postar shell abastecer nenhum otro postar haver ano tô escrever tô dúvida achar indicar o ajuda.a questã tô progamando viage domingo dia 27/10 n dia realizar o 2º turno eleição e o proibição vender alco noite o noite domingo o chamar lei seco o trajeto pretender percorrer domingo caber alco tanque carro vender alco vô carregar algum vasilha o restar cálculo tanque e quase litro gostar o vasilha seguro pra transportar o alco algum solução pro pobrema pensar abastecer gasolina o proibição vender so alco vi.caso o solução o transportar o combustive o gostar algum postar região abc descontar comprar litro alco sábado contar o ajudar assinar luis inacio silvar torneiro mecânico – bernardo campar sp’resposta shell prezar sr luis inácio silvar retornar cartar gostar esclarecer o lei o o senhor referir proibir o vender bebido alcoólico dia eleição e o combustível automotor shell brasil s.a petróleo,política,16/10/2020,"
Edgard Matsuki ",https://www.boatos.org/politica/carta-da-shell-da-decada-de-80-mostra-uma-raridade-sobre-lula-boato.html,0
2385,tv uruguai revelar lula umar mansão punta del verdade,,o semana fevereiro vídeo mostrar trecho telejornal estrangeirar espalhar rapidamente redar social e gerar indignação n ouvir o apresentador falar castelhano descobrir o ex-presidente lula umar enorme mansão punta del o uruguai,entretenimento,12/02/2019,gilmar lopes,https://www.e-farsas.com/tv-do-uruguai-revela-que-lula-tem-uma-mansao-em-punta-del-este-sera-verdade.html,0
2386,"""Não há o que se contestar"", diz líder de Comissão de Relações Exteriores  ",,nelsinho trad presidente comissão exterior e defeso nacional senado acreditar haver o questionar eleição americano eleição equilibrar demonstrar vantagem o o candidatar democrata joe biden âmbito popular colégio eleitoral o senador matar grosso sul entender democrata e respeitador democrático direito haver o contestar o vontade americano afirmar esperar o governar sortir proteção deus e relacionar país o grandeza pautar o governante americano,política,06/11/2020 14h30 ,06/11/2020 14h30 ,https://noticias.uol.com.br/colunas/jamil-chade/2020/11/06/nao-ha-o-que-se-contestar-diz-lider-de-comissao-de-relacoes-exteriores.htm,1
2387,Bairros com menos empregos formais em SP têm mais mortes pelo coronavírus  ,,o quantidade proporcional emprego formar bairro e o render médio d região influenciar diretamente morte causar covid-19 capital paulista bairro posto formar e render haver vítima doença constar análise redar paulo cruzar informação mapa desigualdade ano passar registro morte coronavírus distrito capital paulista levar contar distrito posto trabalhar formar haver posto bairro nobre e centrar morador periferia deslocamento e ficar exposto o o vírus o análise redar paulo barrir fundo o proporção emprego formar o o pessoa idade ativa 5.920 vago 1.000 morador haver morte covid-19 suspeito e confirmar extremar ler cidade tiradentes o índice posto empregar formal cidade 1.000 habitante registrar vítima compilar o dia,saúde,10/07/2020 10h00Atualizada em 10/07/2020 11h26 ,Alex Tajra e Lucas Borges Teixeira,https://noticias.uol.com.br/cotidiano/ultimas-noticias/2020/07/10/bairros-com-menos-empregos-formais-em-sp-tem-mais-mortes-pelo-coronavirus.htm,1
2388,É #FAKE que sucuri de 15 metros tenha sido encontrada no Rio Xingu,Vídeo que viralizou foi gravado na zona rural de Rondônia e animal tinha cerca de 3 metros. Maior espécie do mundo é do sudeste asiático e recorde é de 10 metros.,"vídeo mostrar cobrar gigante lama viralizou rede social dia único post facebook chegar o 4,5 milhão visualização e quase compartilhamentos acordar o legendar imagem gravar rir xingu parar e o comprimento animal chegar o metro informação fake imagem publicar veículo mídia rondônia fevereiro d ano o casar ocorrer linha ribeirão município mamoré zonar rural o km capital portar velho acordar reportagem forte enchente atingir o região d contribuir o aparecimento animar o o extra o prefeitura mamoré assessoria confirmar conhecimento vídeo e acrescentar o região rural o atingir enchente sucuri aparecer frequência haver registrar nenhum casar metro",entretenimento, 07/06/2019," Por Hellen Guimarães, Extra ",https://g1.globo.com/fato-ou-fake/noticia/2019/06/07/e-fake-que-sucuri-de-15-metros-tenha-sido-encontrada-no-rio-xingu.ghtml,0
2389,"
  ButanVac: teste que inclui vacinados tem “total condição” de analisar eficácia, dizem especialistas","“Como saber se a ButanVac é efetiva, se testarão em pessoas já vacinadas? Assim fica fácil!”, dizem publicações compartilhadas milhares de vezes em redes sociais desde o último dia 20 de julho. A mensagem é, contudo, enganosa. Os ensaios clínicos no Brasil do novo imunizante contra covid-19 do Instituto Butantan realmente envolverão pessoas que já foram vacinadas, mas não somente. Além disso, especialistas explicaram à AFP que esse tipo de teste tem “total condição” de verificar a eficácia do imunizante.Envie-nos por WhatsApp Email",o alegação compartilhar inicialmente pelar deputar estadual janaína paschoal psl-sp o twitter e facebook somar 2.500 compartilhamentos capturar tela mensagem e afirmação semelhante começar o circular o rede “ o estratégia agripino testar o butanvac pessoa vacinar e o eficácia vacinar o golpe querer aplicar ” escrever usuário referência o o segundar nome governador paulo joão doria o butanvac produzir pelar instituto butantan centrar pesquisar ligar o o governar paulista o candidato vacinal o coronavírus o fabricar integralmente o brasil,ciência,5/08/2021 às 21:38,AFP Brasil,https://checamos.afp.com//http%253A%252F%252Fdoc.afp.com%252F9KB2R8-1,0
2390,"

Nasa afirma que queimadas na Amazônia estão abaixo da média e desmascara ambientalistas #boato 
","Boato – Nasa diz, em comunicado, que queimadas na Amazônia em 2019 estão “abaixo da média” para a região e desmascara dados de ambientalistas. ",o earth observatory site oficial agência espacial norte-americana nasa divulgar imagem satélite mostrar queimar brasil informar o fenômeno tradicional n época ano e abaixar médio queimar ano o informação nasa desmentir notícia divulgar brasil ilustrar foto earth observatory sinal fumaça registrar satélite denunciar o amazônia “ chamar ” o nasa informar site o satélite aqua capturar imagem incêndio cursar rondônia amazona parar e matar grosso dia e d “ o agostar observação satélite indicar o atividade total incêndio bacia amazônica ligeiramente abaixar médio comparação ano ” informar o nasa “ região amazônica incêndio raro ano o clima úmido impedir começar e espalhar ” esclarecer o nasa “ entanto julho e agostar o atividade normalmente aumentar dever chegar estação seco ” o nasa explicar site pessoa o fogo manter terra cultivável ​​e pastagem limpar o terra “ normalmente o picar atividade início setembro e principalmente parar novembro ” o site “ o atividade acima médio amazona e escalar rondônia abaixar médio matar grosso e parar acordar o banco mundial emissão incêndio,ciência,23/08/2019,"
Kyene Becker ",https://www.boatos.org/ciencia/nasa-queimadas-amazonia-abaixo-media.html,0
2391,"Governador de Goiás, Ronaldo Caiado é vacinado com a CoronaVac  ",,o governador goiá ronaldo caiar dem vacinar manhã hoje o dosar vacinar o coronavírus caiar receber o coronavac imunizante produzir parceria o instituto butantã paulo e o laboratório chinês sinovac ano vacinar puc goiá pontifício universidade católico goiá gratidão resumir o sentir n o o receber o dosar vacinar coronavac emoção gente e falar chegar filar tomar o vacinar o governador postar perfil twitter gratidão resumir o sentir n o o receber o dosar vacinar coronavac emoção gente e falar pra chegar filar tomar o vacinar pic.twitter.com/jvx5vwuip2,saúde,23/03/2021 09h06Atualizada em 24/03/2021 08h08 ,23/03/2021 09h06Atualizada em 24/03/2021 08h08 ,https://noticias.uol.com.br/saude/ultimas-noticias/redacao/2021/03/23/vacinacao-ronaldo-caiado-goias-covid.htm,1
2392,"

Pérolas são retiradas da Amazônia e contrabandeadas para a França, mostra vídeo #boato 
",Boato – Vídeo mostra pérolas sendo retiradas da Amazônia e contrabandeadas para a França por ONGs. Cacique Raoni e presidente Macron estão envolvidos.,o real motivar o governar francês e ongs olhar amazônia o retirar pérola contrabando descobrir atualmente cumplicidade cacicar raony x mácron d o frança interessar o defender o amazônia graça amigo,brasil,31/12/2019,"
Kyene Becker ",https://www.boatos.org/brasil/perolas-retiradas-amazonia-contrabandeadas-franca-video.html,0
2393,"

João de Deus diz que ministros do STF pediam dinheiro e encontros com garotas a ele #boato 
",Boato – O médium João de Deus afirmou que ministros do STF como Gilmar Mendes e Luiz Fux pediam dinheiro e encontro com garotas em lugares secretos a ele. Investigação faz parte da Operação Storm.,joão deus afirmar ministro stf pedir dinheiro e encontro garoto secreto joão deus afirmar ministro stf sair casar dom inácio loyola abadiânia pedir dinheiro e encontro garoto secreto o ministrar stf supremo tribunal federal gilmar mendes declarar impedir atuar processo envolver o médium joão teixeira joão deus o ministrar luiz fux deixar o relatoria pedir soltura alegar motivar foro íntimo joão deus afirmar ministro sair casar dom inácio loyola e pedir encontro íntimo menino programar e dinheiro – e o redar globo televisão aparecer juntar e pedir denunciá-lo tornar milhão real .eles extorquir – afirmar o médium joão deus concluir atender pedir ficar casar ameaçar contar o verdade d o casar dom inácio reunião secreto vender sentença e pedir encontro mulher – o presidente lula ministro stf o defeso médium apresentar reclamação o o supremo dezembro passar o processar inicialmente distribuir o ministrar gilmar declarar impedir medo d revelar podre d terço o reclamação passar o relatoria fux sair dinheiro e menino prático sexo afirmar o médium …,política,23/08/2020,"
Edgard Matsuki ",https://www.boatos.org/politica/joao-de-deus-diz-ministros-stf-pediam-dinheiro-encontros-garotas-ele.html,0
2394,Tele-UTI ajudará médicos do SUS nos atendimentos do coronavírus,,estratégia disponível hospital possuir leito uti paciente covid-19 profissional tirar dúvida condução caso telefonar vídeo o projeto tele-uti ministério saudar disposição hospital país possuir leito unidade terapia intensivo uti paciente covid-19 o medir auxiliar médico sus atendimento caso coronavírus profissional linha telefônica acessada horar consulto videoconferência equipar hospital excelência “ o expectativa melhorar o cuidar o o paciente estratégia tele-uti monitorar o médio permanência e taxar ocupação paciente leito aumentar o girar e ampliar o acesso o uti disseminar protocolo manejar clínico ministério saudar e fluxo atendimento pactuar ” destacar o secretário nacional atenção especializar saudar francisco figueiredo,saúde,13/04/2020 22h34,"Por Bruna Bonelli, da Agência Saúde Atendimento à imprensa(61) 3315-3580 / 2745 / 2351",https://www.gov.br/saude/pt-br/assuntos/noticias/tele-uti-ajudara-medicos-do-sus-nos-atendimentos-do-coronavirus,1
2395,"Brasil supera 363 mil casos de coronavirus e 22,6 mil óbitos  ",,o ministério saudar confirmar hoje o covid-19 provocar o morte 22.666 pessoa brasil horar confirmar óbito país acordar o boletim divulgar noite d domingo haver o confirmação 15.813 caso horar o elevar o somar brasileiro infectar 363.211 o colocar o brasil país atingir mundo eua conformar levantamento universidade johns hopkins o avançar covid-19 brasil o governar americano reagir anunciar o proibição entrar estrangeiro território brasil o secretário imprensar casar branco kayleigh mcenany declarar restrição visar garantir estrangeiro aumentar o infecção país hoje o afetado doença e 1.639.872 caso oficiar e 97.672 morte o universidade johns hopkins,saúde,24/05/2020 19h49Atualizada em 25/05/2020 00h16 ,24/05/2020 19h49Atualizada em 25/05/2020 00h16 ,https://noticias.uol.com.br/saude/ultimas-noticias/redacao/2020/05/24/coronavirus-covid-19-casos-mortes-brasil-24-de-maio.htm,1
2396,"""Onde vamos parar?"", diz governador do PI após recorde de mortes por covid  ",,o brasil registrar recordar morte decorrência covid-19 o governador piauí wellington dia pt reagir vídeo publicar rede social pedir medir restritivo o nacional conter o avançar doença hoje recordar ruim o brasil 1.726 óbito tratar homem e mulher profissional ajudar o brasil parar chegar sensibilidade centralização ações nacional questionar dia haver o necessidade medir restritivo país e governar federal dia o coronavírus vencer e vencer significar morte concluir,saúde,02/03/2021 23h01 ,02/03/2021 23h01 ,https://noticias.uol.com.br/saude/ultimas-noticias/redacao/2021/03/02/onde-vamos-parar-diz-governador-do-pi-apos-recorde-de-mortes-por-covid.htm,1
2397,"

Adidas dá presente de Dia das Mães e Dia do Trabalho em site no WhatsApp #boato 
","Boato – Por causa do Dia das Mães e do Dia do Trabalho, a Adidas está dando presentes grátis para quem entrar em um site, responder a perguntas e compartilhar um link com amigos no WhatsApp.",adir parabém hoje escolher participar pesquisar minutar receber prêmio fantástico escolher aleatoriamente usuário o o chance ganhar prêmios incrível prêmios incluir sapato 、 roupar 、 mochila etc haver vencedor sortudos!esta pesquisar visar melhorar o qualidade serviço prestar o usuário e participação recompensar minuto e responder o pesquisar apresse-se o prêmios disponível limitar homem mulher macho macho ano 18-29 30-39 40-49 avaliar serviço adir inacreditável ok o achar o adir preciso melhorar serviço pré-venda serviço pós-venda parabém respostar salvo sucesso o chance ganhar presente selecionar o caixa corretar prêmio tentativo sortir ok parabém ganhar par sapato grado regrar contar o amigo o presentar dia trabalhar adir inserir tamanho endereçar e concluir o registrar presente entregue o dia ok,entretenimento,28/04/2021,"
Edgard Matsuki ",https://www.boatos.org/tecnologia/adidas-presente-dia-das-maes-dia-do-trabalho-site-whatsapp.html,0
2398,É #FAKE que Teori Zavascki disse que 'método do juiz Moro é medieval e envergonha a sociedade'," Publicação distorceu uma frase que consta de decisão de 2015, em que foi julgado o habeas corpus de nove réus acusados de participar de um esquema de desvio de recursos da Petrobras.",circular rede social postagem atribuir o o ex-ministro supremo tribunal federal stf teori zavascki morto acidentar aéreo o afirmação o método juiz morar medieval e envergonhar o sociedade civilizar o conteúdo mensagem fake o publicação distorcer frase constar decisão julgar o habeas corpus réu acusar participar esquema desviar recurso petrobras o o contrário o postagem o ministrar citar o juiz federal sérgio morar hc 127.186 zavascki refutar o argumentar manter o prisão preventivo mecanismo extrair presar colaboração premiar e ressaltar atitude arbitrário passar cogitação juiz grau e tribunal examinar o presentar casar o trf 4ª região e o superior tribunal justiçar,política, 18/06/2019," Por Gisele Barros, O Globo ",https://g1.globo.com/fato-ou-fake/noticia/2019/06/18/e-fake-que-teori-zavascki-disse-que-metodo-do-juiz-moro-e-medieval-e-envergonha-a-sociedade.ghtml,0
2399,"
  Esta foto mostra um kit de teste para COVID-19 desenvolvido por uma empresa sul-coreana","Publicações compartilhadas mais de 2,9 mil vezes nas redes sociais afirmam que uma imagem mostra uma vacina criada por cientistas norte-americanos capaz de curar o coronavírus. Esta afirmação, na realidade, é falsa. A foto mostra um kit de testes para detectar a doença COVID-19 desenvolvido por uma empresa sul-coreana. Até março de 2020, especialistas internacionais da área de saúde indicaram que não há cura, ou vacina, para o novo coronavírus.Envie-nos por WhatsApp Email",“ notícia vacinar o vírus carona pronto capaz curar o paciente horar o injeção tirar o chapéu cientista eua trump anunciar o roche medical company lançar o vacinar domingo e milhão dose pronto ” indicar publicação compartilhar facebook 2.900 o dia março usuário mostrar contente o suposto descobrir vacinar “ parabém o população o mundo q.deus propocionol o país o f brincar o remédio curar o população doente sic ” e “ parabém o postar materia falar curar e deus viver querer falar so tragediar gostar d materia e realmente verdade sic ” o alegação o imagem suposto vacinar replicar tamil e espanhol rede social,saúde,27/03/2020 às 21:17,"AFP Sri Lanka, AFP Brasil",https://checamos.afp.com//esta-foto-mostra-um-kit-de-teste-para-covid-19-desenvolvido-por-uma-empresa-sul-coreana,0
2400,"

Interpol descobre que Lula roubou quadro de US$ 7 milhões do Palácio do Planalto #boato 
",Boato – A Interpol acabou de descobrir que o ex-presidente Lula roubou um quadro de US$ 7 milhões do Palácio do Planalto. Quadro de Franky Schayffyr foi encontrado com o italiano Gianluka Vachy.,"interpol descobrir quadrar desaparecer palácio planalto quadrar avaliar milhão dólar pintor franky schayffyr encontrar agenciar internacional mansão multi milionário italiano gianluka vachy o quadrar desa´parecido acervar planalto governar lula o assessoria milionário afirmar comprar o quadrar proprietário leilão 4,9 milhão dólar galeria arte itália o nome constar recibo inácio silvar brasileiro casar residente bernado campar – brasil inácio silvar",política,09/09/2020,"
Edgard Matsuki ",https://www.boatos.org/politica/interpol-descobre-lula-roubou-quadro-us-7-milhoes-palacio-planalto.html,0
2401,"UOL entrevista a ex-deputada Manuela D'Ávila, derrotada em Porto Alegre  ",,"O UOL entrevista ao vivo, às 11h, a jornalista e ex-deputada federal Manuela D'Ávila, candidata pelo PCdoB à Prefeitura de Porto Alegre, que foi derrotada por Sebastião Melo (MDB) no último domingo (29). A conversa dura 30 minutos e vai ser conduzida pelo jornalista Hygino Vasconcellos e terá participação da colunista do UOL, Maria Carolina Trevisan. Foi a terceira tentativa dela de comandar a Prefeitura de Porto Alegre. Desde 2018, quando concorreu ao cargo de vice-presidente da República ao lado de Fernando Haddad (PT), Manuela estava sem mandato.",política,02/12/2020 18h19 ,02/12/2020 18h19 ,https://noticias.uol.com.br/eleicoes/2020/12/02/uol-entrevista-a-ex-deputada-manuela-davila-derrotada-em-porto-alegre.htm,1
2402,"
  É montagem a foto do papa Francisco fumando perto de Evo Morales","Uma imagem compartilhada mais de 4,5 mil vezes nas redes sociais desde o final de setembro supostamente mostra o papa Francisco fumando ao lado de Evo Morales, ex-presidente da Bolívia. No entanto, trata-se de uma montagem feita a partir de duas fotografias e o cigarro na boca do papa foi inserido digitalmente, pois o registro original mostra que ele estava mandando um beijo.Envie-nos por WhatsApp Email",“ o chico o ar graça … caráter vermelhar santo falsidade .. ” o texto acima imagem compartilhar milhar o dia setembro facebook e acompanhar legendar “ papar moderno e cheio cão ” e “ papar maconheiro inferno ” o imagem viralizada montagem buscar reverso google foto viralizada rede social mostrar o imagem papar supostamente fumar o rostir evo morales o o fundir publicar facebook agostar d ano e site humor 9gag datar setembro,política,7/10/2020 às 21:45,AFP Brasil,https://checamos.afp.com//e-montagem-foto-do-papa-francisco-fumando-perto-de-evo-morales,0
2403,Câmara Municipal de São Paulo aprova adesão a consórcio de vacinas  ,,"A Câmara Municipal de São Paulo aprovou nesta quarta-feira (10) a participação da capital paulista no consórcio intermunicipal brasileiro de compra de vacinas. O texto, de iniciativa da Prefeitura da capital, destina R$ 55 milhões para a compra dos imunizantes, vindos da soma de emendas parlamentares de R$ 1 milhão a que cada um dos 55 vereadores têm direito a indicar.Segundo a Frente Nacional de Prefeitos (FNP), até esta quarta-feira o Consórcio Nacional de Vacinas das Cidades Brasileiras (Conectar) reunia 2.268 municípios brasileiros dos 5.570 que manifestaram interesse na compra de mais imunizantes.A matéria foi aprovada na Câmara Municipal de São Paulo por 51 votos favoráveis e nenhum contrário e segue para sanção do prefeito Bruno Covas (PSDB). Em fevereiro, a Câmara de vereadores havia aprovado também a possibilidade de a Prefeitura comprar diretamente de fornecedores os imunizantes que estejam disponíveis. Pedro Caramuru",saúde,11/03/2021 12h00 ,11/03/2021 12h00 ,https://noticias.uol.com.br/ultimas-noticias/agencia-estado/2021/03/11/camara-municipal-de-sao-paulo-aprova-adesao-a-consorcio-de-vacinas.htm,1
2404,Witzel: 'O processo penal brasileiro está se tornando um circo'  ,,"entrevisto o o programar direto o o rádio jovem pan o governador afastar rir janeiro wilson witzel psc comentar o processar impeachment acusação improbidade administrativo e mau dinheiro público durante o gestão pandemia covid-19 o acontecer comigo hoje juiz federal rigor excessivo frente errar conseguir consertar o procurador repúblico o chefe organização criminoso e mostrar o imprensar situação grave e o fato levar ministro buscar e apreensão achar o edmar encontrar r$ 8,5 milhão espécie o triste comigo jamais encontrar existir o processar penal brasileiro tornar circo pontuar o ex-juiz ressaltar haver rigor excessivo processar e deputar levar o votar decisão superior tribunal justiçar stj o culminar votação o o impeachment governador witzel atribuir o unanimidade decisão deputar continuidade processar impeachment político fragmentar país espaçar falar programar o amplo direito defeso auto perante o ministro processar técnico condição avaliar documento e provar pericial jurídico responsabilizar e o o chegar conclusão responsabilidade ilicitude praticar ex-secretário saudar edmar santo brasil existir nenhum governante bloco parlamentar identidade identidade propósito executivo e legislativo terrível o político feito interesse individuar e fragmentar ressaltar",política,06/10/2020 01h04 ,06/10/2020 01h04 ,https://noticias.uol.com.br/politica/ultimas-noticias/2020/10/06/witzel-o-processo-penal-brasileiro-esta-se-tornando-um-circo.htm,1
2405,Vídeo de circuito de segurança flagra 3 agressores batendo em médica no RJ  ,,câmera circuitar segurança flagrar agressor atacar o médico anestesista ticyana azambuja espancar sábado frequentador festa clandestino grajaú zonar norte rir imagem mostrar o carregar homem costa e agredir pessoa o uol divulgar sequência foto feito morador janela apartamento outro flagrante espancamento o vítima atua linha frente combater o o coronavírus hospital rir sofrer fratura joelhar esquerdar e lesão mão pisoteado agressor vir pra matar desabafar prestar depoimento delegacia o vídeo publicar instagram perfil grajaú rir divulgar notícia bairro redar social imagem captar câmera segurança homem aproximar trás carregar frequentador festa e tapar rostir agredi-la deixar objeto aparentar celular cair chão e abaixar pegá-lo seguir mulher o agarrar cabelo puxando-a homem caminhar o o agressor acompanhar o cena,saúde,02/06/2020 21h58 ,Herculano Barreto Filho,https://noticias.uol.com.br/cotidiano/ultimas-noticias/2020/06/02/video-de-circuito-de-seguranca-flagra-3-agressores-batendo-em-medica-no-rj.htm,1
2406,vídeo mostrar gigantesco bloco gelar desprender umar geleira o islândia,,conferir abaixar o tuíte d ativista ambiental,entretenimento,2/09/20202,marco faustino,https://www.e-farsas.com/video-mostra-um-gigantesco-bloco-de-gelo-se-desprendendo-de-uma-geleira-na-islandia.html,0
2407,Coronavírus: como o corpo humano combate a covid-19  ,,o sars-cov-2 chamar oficialmente o vírus família mear ano e circular animar especialmente morcego vírus capacidade sofrer mutação e produzir variedade infectar espécie humano vírus perigoso termo medicamento vacinar proteger defeso natural preparar combatê-lo proteção natural pessoa suscetíveis o infectar e motivo propensão espalhar o infectologista estevão portela vice-diretor serviço clínico instituto nacional infectologia evandro chagar defeso ficar o cargo imunológico conjuntar complexo célula tecido órgão e molécula cumprir função específico respostar coordenar neutralizar vírus bactéria fungo e parasito — fatal,saúde,08/04/2020 10h12 ,08/04/2020 10h12 ,https://noticias.uol.com.br/videos/bbc/2020/04/08/coronavirus-como-o-corpo-humano-combate-a-covid-19.htm,1
2408,"

Esquerdistas estão se passando por agentes de saúde do Ibope para contaminar as pessoas com testes falsos de Covid-19 #boato 
",Boato – Esquerdistas se disfarçam de agentes de saúde e do Ibope para espalhar o novo coronavírus por meio de testes falsos contaminados.,“ atenção o golpe exame verdade contaminar vídeo pessoa ligar o esquerdo passar agente saudar e tesar material contaminar o população pobre o vírus espalhar rápido … video o chegar vídeo enviar autoridade competente investigação urgente ” “ atenção brasileiro pessoa ligar o esquerdo passar agente saudar e ibope tesar materiais(kits covid-19 contaminar o população pobre o vírus espalhar rápido … o video q chamar o polícia ”,política,20/05/2020,"
Kyene Becker ",https://www.boatos.org/politica/esquerdistas-agentes-saude-ibope-contaminar-testes-falsos-covid-19.html,0
2409,"

Ministério da Educação anuncia fim de concursos públicos para professores #boato 
",Boato – O Ministério da Educação acabou de anunciar o fim dos concursos públicos para professores a partir de 2019. Mais detalhes estão em uma matéria do G1.,ministério educação anunciar o concurso público professorar o “ professor q contratar análise currículo ” ministrar -tbn3.gstatic.com/images?q=tbn:and9gctu8g-w0iefb7qbwgrqjsttmofcmcy9gp1mrrri5xq3ldeqgmg-cmsgktqf,brasil,24/12/2018,"
Edgard Matsuki ",https://www.boatos.org/brasil/ministerio-educacao-fim-concursos.html,0
2410,Homem preso por atear fogo à mata no Amazonas não foi pago pelo MTST  ,,homem deter crime ambiental iranduba cidade vizinho o manaus amazona afirmar depoimento pagar movimentar trabalhador teto mtst atear fogo matar o boatar publicar internet e rede social acompanhar foto mostrar homem e incêndio região rodovia am-070 pontar jornalista phelippe daou ligar manaus o iranduba o delegar sylvia laureana 31ª delegacia integrar polícia dip o suspeitar prestar depoimento confirmar o o aparecer imagem o homem deter polícia militar dia agostar e assinar circunstanciado ocorrência tco crime ambiental acesso o o documentar e o policial militar relatar o incêndio acontecer acidentar o depoimento queimar fio elétricos o intuito retirar o cobrir vender voltar horar o fogo espalhar o policial militar informar testemunhar o homem haver o incêndio o o desfazer fiação elétrica,política,30/08/2019 00h00 ,30/08/2019 00h00 ,https://noticias.uol.com.br/comprova/ultimas-noticias/2019/08/30/homem-preso-por-atear-fogo-a-mata-no-amazonas-nao-foi-pago-pelo-mtst.htm,0
2411,"
  Foto de fazenda atribuída a filho de Lula é, na verdade, de um campus universitário","A foto de uma fazenda supostamente comprada por Fábio Luís Lula da Silva, um dos filhos do ex-presidente Luiz Inácio Lula da Silva (PT), voltou a circular nas redes sociais desde o último 19 de março. Mas a alegação, com mais de 26 mil compartilhamentos desde 2014, é falsa. A imagem é, na verdade, do campus da Escola Superior de Agricultura Luiz de Queiroz, da Universidade de São Paulo.  Envie-nos por WhatsApp Email",“ empresario competente o mega campeão brasil enriquecimento súbito o proprietário d fazenda fazenda fortalezar comprar e certificar cartório registrar imóvel proprietário fábio luis lula silvar propriedade fazenda região valparaíso sp preço milhão real ” o trecho publicação compartilhar facebook e twitter postagens o alegação circular setembro buscar reverso feito google superior imagem viralizada o foto ex-presidente e filhar levar o publicação redar social compartilhamentos foto pinterest o legendar “ piracicaba sp campus esalq ”,brasil,15/04/2021 às 19:39,AFP Brasil,https://checamos.afp.com//foto-de-fazenda-atribuida-filho-de-lula-e-na-verdade-de-um-campus-universitario,0
2412,Inscrições para cursos on-line sobre prevenção da automutilação e do suicídio são prorrogadas,,matrícula novembro site prevencaoevida.com.br dever alto procurar prorrogar o dia novembro inscrição curso ensinar o distância prevenção automutilação e suicídio promover ministério saudar o pessoa inscrever curso on-line ministrar setembro e ficar disponível plataforma o dezembro realizar downloads cartilha digitar e quase inscrição o cursar prevenção automutilação e quase inscrito cursar prevenção o o suicídio ofertar educacional “ ciclo promoção e prevenção saudar ” ações educação saudar defeso vidar lançar passar ministério saudar secretariar gestão trabalhar e educação saudar sgtes curso possuir carga horário 20h e 40h e inscrição feito site prevencaoevida.com.br abrigar conteúdo fascículo cartilha e videoaulas o material disponibilizar módulo,saúde,22/10/2020 19h54, ,https://www.gov.br/saude/pt-br/assuntos/noticias/inscricoes-para-cursos-on-line-sobre-prevencao-da-automutilacao-e-do-suicidio-sao-prorrogadas,1
2413,Motociata com a participação de Bolsonaro teve mais de 1 milhão de motos e vai entrar pro Guinness?,,o afirmação surgir dia junho dia seguinte o o motociata “ acelerar cristo “ ocorrido paulo o participação presidente jair bolsonaro e assunto comentar rede social,entretenimento,14/06/2021,Gilmar Lopes,https://www.e-farsas.com/motociata-com-a-participacao-de-bolsonaro-teve-mais-de-1-milhao-de-motos-e-vai-entrar-pro-guinness.html,0
2414,"

Paulo Guedes critica ação do STF contra Moro, detona Glenn e diz que Brasil é surreal #boato 
","Boato – O ministro da Economia, Paulo Guedes, criticou a ação de suspeição do STF contra Sério Moro e detonou um dos editores da Intercept Brasil, Glenn Greenwald, por “vazamentos” de áudios da Operação Lava Lato. “O Brasil é surreal”, disse ele.",“ o brasil surreal caro roubar trilhão e o supremo cortar analisar o suspeição juiz base “ vazamento ” periciados cidadão banir país ” paulo guedes,política,,"
Raiane Gonoli ",https://www.boatos.org/politica/paulo-guedes-critica-stf-contra-moro-detona-glenn-brasil-e-surreal.html,0
2415,"Número de mortos por coronavírus passa de 90 mil na Europa, diz balanço  ",,o pandemia coronavírus matar 90.000 pessoa europa o representar óbito mundo balançar afp elaborar base fonte oficiar e divulgar s 7h30 horário brasília d quinta-feira 90.180 morto universo 1.047.279 caso diagnosticar o europa o continente afetado pandemia covid-19 mundo inteirar 137.499 óbito registrar 21.645 e 19.130 falecimento respectivamente itália e espanha país europeu castigar frança contabilizar 17.167 perda vidar humano e o reinar unir 12.868,saúde,16/04/2020 07h52 ,16/04/2020 07h52 ,https://noticias.uol.com.br/ultimas-noticias/afp/2020/04/16/afp-numero-de-mortos-por-coronavirus-passa-de-90000-na-europa.htm,1
2416,Foto de Moro em trem de Portugal é propaganda para conferência  ,,polêmica hackers invadir o celular ministrar sergio morar apoiadores ex-magistrado compartilhar anúncio trem metrô portugal eleger morar pessoa mudar o mundo metrôs portugal estampar foto personalidade nascer mudar o mundo brasileiro o satisfação o foto querer juiz sergio morar metrôs portugal foto o rostir morar acompanhar personalidade o legendar o mudar o mundo,entretenimento,06/08/2019 04h03 ,Lucas Borges Teixeira,https://noticias.uol.com.br/confere/ultimas-noticias/2019/08/06/foto-de-moro-em-trem-de-portugal-e-propaganda-para-conferencia.htm,0
2417,Policial é condenado pela morte de George Floyd  ,,o ex-policial derek chauvin condenar hoje morte george floyd homem negro morrer asfixiar minuto minneapolis unir o decisão unânime júri popular analisar o casar chauvin condenar assassinato intencional grau assassinato grau e homicídio culposo o promotoria decidir revogar o fiança o crime homicídio culposo o ex-policial sair tribunal algemar ... ler íntegro uol,política,20/04/2021 18h36 ,20/04/2021 18h36 ,https://noticias.uol.com.br/colunas/reinaldo-azevedo/2021/04/20/policial-e-condenado-pela-morte-de-george-floyd.htm,1
2418,"Doria: protocolo de 'lockdown' existe em SP e é iminente, mas não será adotado já  ",,o governador paulo joão doria psdb n segunda-feira executivo trabalhar protocolo lockdown isolamento total adoção imediato entrevisto rádio cbn o tucano afirmar o medir evitar casar o índice isolamento ficar médio população dia o dia avaliar o possibilidade lockdown importante ressaltar disponibilidade leito uti hoje aquisição respirador o governador paulista acordar doria medir isolamento social adotadas paulo efeito reduzir o caso e morte decorrência covid-19 o governador afirmar casar o distanciamento realizar o quinzena março o morte 4.782 registrar,saúde,18/05/2020 08h18 ,Cícero Cotrim e Maria Regina Silva,https://noticias.uol.com.br/ultimas-noticias/agencia-estado/2020/05/18/doria-protocolo-de-lockdown-existe-em-sp-e-iminente-mas-nao-sera-adotado-ja.htm,1
2419,"

Gibi da Turma da Mônica contra as drogas foi pedido por Bolsonaro #boato 
","Boato – A pedido de Bolsonaro, o Conselho Nacional Antidrogas e Maurício de Sousa lançaram um gibi da Turma da Mônica contra as drogas em 2019.",querido papar bolsonaro pedir e o governar federal presidente nacional antidrogas elaborar gibizinho ensinar criança o proteger drogar e ajudar o identificar colega envolvido o ajudá-los.em parceria maurício sousa o prazer atender o o presidente bolsonaro elaborar gibi o “ turma mônica ” recomendar imprimir e ler filho dormir e conversar seguir …,política,19/02/2019,"
Edgard Matsuki ",https://www.boatos.org/politica/gibi-turma-monica-drogas-bolsonaro.html,0
2420,É #FAKE que Lula foi grampeado falando que queria o assassinato de Palocci na prisão,Áudio falso é o mesmo que circulou em 2017. Voz não é do ex-presidente; Instituto Lula reforça que mensagem é falsa.,áudio acompanhar mensagem o ex-presidente lula grampear falar querer o ex-ministro antonio palocci assassinar prisão bombado rede o voz lula falsar áudio o homem simular o voz ex-presidente mostrar alterar e “ ninguém o competência e o coragem acabar caro palocci ” “ adiantar condição cercar d apartamento sair prédio pressão ” apesar o mensagem tratar grampar voz ouvir – o denotar o falsidade,política, 25/06/2019, Por G1 ,https://g1.globo.com/fato-ou-fake/noticia/2019/06/25/e-fake-que-lula-foi-grampeado-falando-que-queria-o-assassinato-de-palocci-na-prisao.ghtml,0
2421,"Povo não está vibrando por armas, como diz Bolsonaro. É calafrio de covid  ",,jair bolsonaro soltar decreto facilitar o comprar armar fogo e munição e prático dificultar o fiscalização e rastreamento arsenal particular perguntar n domingo responder o vibrar fato naco ridicularmente pequeno tremer emoção naco compor granir comprar armar barato fabricante e comerciante setor criminoso o destinar armar mercar legal e sonhar ordem jair messias sair s ruir e fuzilar o democracia,saúde,15/02/2021 12h19 ,15/02/2021 12h19 ,https://noticias.uol.com.br/colunas/leonardo-sakamoto/2021/02/15/povo-nao-esta-vibrando-por-armas-como-diz-bolsonaro-e-calafrio-de-covid.htm,1
2422,Doria nega ter sofrido pressão política ou econômica ao anunciar reabertura  ,,"Após anunciar a reabertura gradual da quarentena a partir de 11 de maio, o governador de São Paulo, João Doria (PSDB), negou que a iniciativa tenha partido de pressões políticas e disse que o anúncio feito com antecedência é uma demonstração de transparência. ""O governo de São Paulo não toma decisões sob nenhuma pressão, seja ela de ordem política, de ordem empresarial ou econômica. Tudo passa pela ciência, medicina e saúde"", declarou Doria em entrevista à Globonews nesta noite. O governador afirmou que não foi uma decisão impulsiva e que ela segue um planejamento. Ele repetiu argumentos apresentados em entrevista coletiva concedida mais cedo no Palácio dos Bandeirantes, onde destacou que a taxa de isolamento é de mais de 50%. ""Repito que será uma saída gradual, lenta e heterogênea. Não será homogênea"", disse o tucano.",saúde,22/04/2020 21h38 ,22/04/2020 21h38 ,https://noticias.uol.com.br/saude/ultimas-noticias/redacao/2020/04/22/doria-nega-pressao-politica-e-economica-em-anuncio-de-reabertura.htm,1
2423,"

Maju Coutinho é afastada da Globo por causa de briga com Bolsonaro #boato 
",Boato – A apresentadora Maju Coutinho foi afastada do Jornal Hoje e da Globo por causa de brigas com o presidente Jair Bolsonaro.,maju coutinho afastar globo mexer o presidente bolsonaro o imperio – maju coutinho e afastar globoapós brigar bolsonaro maju coutinho afastar globo e equipar reagir maju coutinho criticar bolsonaro receber onda ataque redar e afastar globo,entretenimento,13/09/2020,"
Edgard Matsuki ",https://www.boatos.org/entretenimento/maju-coutinho-afastada-globo-causa-briga-bolsonaro.html,0
2424,Rússia admite não ter capacidade para atender demanda pela Sputnik V  ,,o porta-voz governar rússia dmitry peskov admitir hoje o país capacidade satisfazer o procurar internacional agente imunizante o coronavírus batizado sputnik v. o demandar vacinar russo exterior realmente alto alto superar capacidade produtivo explicar o representante kremlin entrevisto coletiva diário conceder governar peskov explicar o campanha vacinação nacional prioridade absoluto o capacidade produtivo voltar o mercar internar,saúde,18/02/2021 21h50Atualizada em 19/02/2021 10h08 ,18/02/2021 21h50Atualizada em 19/02/2021 10h08 ,https://noticias.uol.com.br/saude/ultimas-noticias/efe/2021/02/18/russia-admite-nao-ter-capacidade-para-atender-demanda-pela-sputnik-v.htm,1
2425,"Após comunicado de governo irlandês, UFC Dublin pode não acontecer  ",,programar oficialmente acontecer dia agostar o ufc dublin correr riscar acontecer e o organização o mudar o justificativo o governar país proibir evento pessoa mear setembro medir prevenção o propagação coronavírus irlanda acordar comunicar governar reuters existir o possibilidade lei afrouxar aglomeração pessoa d maneiro organização informar show largo escalar aceito n período estipular país autoridade locar avisar governar promotor evento informar evento exigir licença superior o 5.000 considerar período o agostar o comunicar existir o possibilidade ultimate desembarcar cidade irlandês o franquiar trabalhar o idear realizar evento fechar público e limitar profissional o mencionar governar entanto restar o ufc preferir manter o card cidade amor o o esporte e correr o riscar prejuízo financeiro acontecer datar futuro,saúde,22/04/2020 13h24 ,Leandro Bernardes ,https://www.uol.com.br/esporte/ultimas-noticias/ag-fight/2020/04/22/apos-comunicado-de-governo-irlandes-ufc-dublin-corre-risco-de-nao-acontecer.htm,1
2426,"João Campos, PSB, vence a prima Marília Arraes, PT, em Recife  ",,"o deputar federal joão campo psb conseguir virar reta e vencer o deputar federal e primo marília arraes pt turno o ano campo eleito prefeito recife n domingo 96,09 urna apurar joão 56,21%% voto e marília 43,79 ... ler íntegro uol",política,29/11/2020 18h52 ,29/11/2020 18h52 ,https://noticias.uol.com.br/colunas/reinaldo-azevedo/2020/11/29/joao-campos-psb-vence-a-prima-marilia-arraes-pt-em-recife.htm,1
2427,"

Arraiá de prêmios do Mercado Livre dá presentes em site no WhatsApp #boato 
",Arraiá de prêmios do Mercado Livre dá presentes em site no WhatsApp #boato,parabém participar arraiá premiar mercar livrar completar o questionário parir ganhar presentar exclusivo restar presente conhecer o mercar librar ano 18-29 30-39 40-49 o achar mercar librar inacreditável ok recomendar o mercar librar parir amigo nãoparabéns suar respostar salvo sucesso o suar chance dever selecionar o caixa corretar o prêmio tentativo sortir ok parabém conseguir ganhar o prêmio celular xiaomi redmi notar gb o regrar dever contar o amigo sobrar promoção digitar endereçar e concluir o registrar ok,entretenimento,28/06/2021,"
Edgard Matsuki ",https://www.boatos.org/tecnologia/arraia-premios-mercado-livre-presentes-em-site-no-whatsapp.html,0
2428,"

Bolsonaro usou R$ 14 milhões de cartão corporativo para gastos pessoais em 2019 #boato 
",Boato – O presidente Bolsonaro usou R$ 14 milhões de cartão corporativo para gastos pessoais no ano passado. O valor é equivalente a mais de um salário mínimo e meio gasto a cada 38 minutos.,"“ mentir ” e “ fato existir argumentos”.bolsonaro gastar 14,9 milhão cartão corporativo r$ 14.900.000,00 ano r$ 1.241.666,00 mês.r$ 41.388,00 dia 24horas r$ 1.725,50 hora.ou salário mínimo o minuto dormindo.isto salário presidente e aposentadoria compulsório incapaz exército 60.000,00 líquido e computar ganho ‘ rachadinhas’.bolsonaro gastar milhão e cartão corporativo deputar paulo pimenta colocar milhão real dia 1.708 real horar gasto",política,03/01/2020,"
Raiane Gonoli ",https://www.boatos.org/politica/bolsonaro-usou-cartao-corporativo-gastos-pessoais-2019.html,0
2429,"

Festa na casa do filho de João Doria é realizada durante pandemia, mostra vídeo #boato 
","Boato – Vídeo mostra que o filho do governador João Doria, Johnny Doria, realizou uma festa durante a pandemia da Covid-19.",versão filhar joão doria festa mansão vizinho vagabundar confirmar filhar festa pra hoje mansão o população morrer fome trabalhar preso casa.versão governador perguntar ofender filhar festa madrugar d sábado datar o paulo trancar receber vídeo vizinho reclamar som alto mansão tirar dúvida?transcrição joão doria olhar o filhar governador olhar o johnny doria festa tá lotar festa som né o casar doria e o filhar o polícia pra proteger e o filhar festa pleno pandemia músico o o viver tá parabém fechar o país o filhar tá festa casar legal legal músico o o viver o vidar continuar pra,política,07/03/2021,"
Edgard Matsuki ",https://www.boatos.org/politica/festa-casa-do-filho-joao-doria-realizada-durante-pandemia-video.html,0
2430,"Melbourne, na Austrália, volta a decretar confinamento contra o coronavírus",Medidas de restrição na circulação na cidade do estado de Victoria deve durar pelo menos seis semanas. ,autoridade decretar n terça-feira confinamento habitante melbourne o cidade austrália quase milhão habitante frear o propagação coronavírus o confinamento cidade victoria começar meia-noite e durar semana anunciar o primeiro-ministro victoria daniel andrews fingir o pandemia covid-19 terminar afirmar andrews o o explicar o decisão o anúncio confinamento acontecer divulgação o cidade registrar caso doença horar continuar andrews,saúde, 07/07/2020 06h33 , Por G1 ,https://g1.globo.com/mundo/noticia/2020/07/07/melbourne-na-australia-volta-a-decretar-confinamento-contra-o-coronavirus.ghtml,1
2431,Ministro do STF rejeita pedido de suspensão de duas MPs editadas pelo governo ,Marco Aurélio analisou pedido da Rede Sustentabilidade. Bolsonaro editou duas MPs que abordaram transporte e circulação de pessoas em meio à pandemia do coronavírus.,o ministrar marcar aurélio mello supremo tribunal federal stf rejeitar n quarta-feira pedir redar sustentabilidade suspenso medir provisório editar presidente jair bolsonaro mps editar razão pandemia coronavírus e forçar lei trecho questionar medir tratar transportar intermunicipal o mp condicionar restrição locomoção recomendação agência nacional vigilância sanitário anvisa e o mp exigir atar conjuntar ministério restrição locomoção o o analisar o pedir redar o ministrar marcar aurélio mello entender restrição município feito e o união legislar território nacional véspera decidir ação e município decidir medir território o ministrar entanto caber o o congresso nacional deliberar o validade mps,política, 25/03/2020 16h30 ," Por Mariana Oliveira e Fernanda Vivas, TV Globo — Brasília ",https://g1.globo.com/politica/noticia/2020/03/25/ministro-do-stf-rejeita-pedido-de-suspensao-de-duas-mps-editadas-pelo-governo.ghtml,1
2432,É falso que irmãos Miranda forjaram recibos da compra da Covaxin para prejudicar Bolsonaro,,  o deputar luis miranda e irmão o funcionário público luis ricardo miranda forjar documentar sobrar o comprar covaxin parir propagar fake mews sic o presidente bolsonaro,saúde,2021-06-29,Comprova,https://projetocomprova.com.br/publicações/e-falso-que-irmaos-miranda-forjaram-recibos-da-compra-da-covaxin-para-prejudicar-bolsonaro/,0
2433,"

China comprou todo estoque de soja do Brasil para prejudicar Bolsonaro #boato 
","Boato – A China está com um plano maléfico para derrubar o presidente Jair Bolsonaro: vai comprar toda a soja do Brasil para que os estoques acabem, os preços aumentem, os caminhoneiros fiquem sem frete e o povo eleja Lula em 2022.",o chino provocar dano o o brasil caro comprar o safra soja e arroz e provocar desabastecimento país preço subir traição doria e governador intuito enfraquecer o governar bolsonaro passar sério atribulação contar d chinês solo comprar o trump espertar colocar o chino lista negro e eua criar alto arroz e óleo soja tática chino desestabilizar o governar bolsonaro armar o brasila chino comprar estoque arroz e soja fabricar o óleo soja e colocar o preço querer governador e prefeito vender chinês .. distribuidor alimento … aumentar e quebrar o auxiliar emergencial aumentar … o jogar sujar quebrar o economia e colocar culpar bolsonaro e o revoltar o presidente o congresso colocar o impeachment tirar bolsonaro entrar lula salvador pátrio … voltar o roubalheira … .por greve caminhoneiros .. dia … .tudo estudar chino congresso e stf … planar perfazer,política,,"
Edgard Matsuki ",https://www.boatos.org/politica/china-comprou-todo-estoque-soja-brasil-prejudicar-bolsonaro.html,0
2434,Amazônia: Post usa foto antiga de madeireiros para acusar ONGs de incêndios  ,,"falso postagens acusar ongs responsável queimar amazônia publicação foto antigo indígena prender madeireiro ilegal o viralização imagem haver ocorrer agostar ano passar o presidente jair bolsonaro provar haver ação criminoso d ongueiros chamar o atenção o governo"".tanto n época o clicar acompanhar legendar lembrar cair pau bolsonaro suspeitar ongs envolvido incêndio amazônia índio prender incendiário flagrante outro presar polícia iranduba insinuar indígena prender membro organização governamental",brasil,11/09/2020 18h03 ,O que é globalismo e por que ele é tão mencionado durante pandemia?  ,https://noticias.uol.com.br/comprova/ultimas-noticias/2020/09/11/amazonia-post-usa-foto-antiga-de-madeireiros-para-acusar-ongs-de-incendios.htm,0
2435,Malafaia divulga nomes de deputados evangélicos que votaram contra Silveira  ,,líder igreja assembleia deus vitória cristo o pastor silas malafaia cumprir ameaçar feito anteontem e publicar o nome deputar evangélico votar o manutenção prisão deputar daniel silveiro psl-rj o parlamentar presar terça-feira flagrante delito ameaçar o ministro stf supremo tribunal federal e o o democrático direito decisão ministrar alexandre moraes ficar vergonha deputar evangélico apoiar ilegalidade supremo tribunal federal e o jogar sujar d esquerdo nojento odiar princípio e valorar malafaia vídeo publicar rede social,política,20/02/2021 23h04 ,20/02/2021 23h04 ,https://noticias.uol.com.br/politica/ultimas-noticias/2021/02/20/malafaia-divulga-nomes-de-deputados-evangelicos-que-votaram-contra-silveira.htm,1
2436,Menino de 4 anos morre com suspeita de coronavírus no Rio   ,,criança ano morrer rir suspeito covid-19 doença causar coronavírus rhyan silvar fraga internar o dia abril síndrome respiratório gravar cti centrar terapia intensivo hospital jesus o secretariar municipal saudar o hospital aguardar o resultar exame realizar confirmar o menino morrer decorrência covid-19 haver acordar o pastar óbito covid-19 confirmar criança redar municipal saudar o registrar morte beber ano e criança ano,saúde,06/05/2020 08h52Atualizada em 06/05/2020 13h42 ,06/05/2020 08h52Atualizada em 06/05/2020 13h42 ,https://noticias.uol.com.br/saude/ultimas-noticias/redacao/2020/05/06/crianca-de-4-anos-morre-com-suspeita-de-covid-19-no-rio.htm,1
2437,É #FAKE que Fábio Porchat usou R$ 5 milhões da Lei Rouanet para financiar 'Meu passado me condena' e não prestou contas,"Ator não tem relação com a captação de recursos para o filme. Além disso, os recursos foram captados pela Lei do Audiovisual, e não pela Rouanet. Produtora da franquia, Mariza Leão tem o documento de prestação de contas dos dois filmes em 2014 e 2015.","circular rede social mensagem acusar o ator fábio porchat captar r$ milhão lei rouanet financiar o franquiar filme passar condenar prestar contar dinheiro filme franquiar sequer receber dinheiro lei rouanet captar recurso lei audiovisual n mecanismo o produtor receber investimento diretamente governar ancine agência nacional audiovisual recurso captar sair empresar privar deduzir o investir impor render o filmar pedir financiamento r$ 4,9 milhão lei audiovisual aprovar captar e r$ 2,1 milhão informação portal consulto projetos audiovisual ancine site constar o relatório prestação contar receber",entretenimento, 25/03/2021," Por Thaís Matos, G1 ",https://g1.globo.com/fato-ou-fake/noticia/2021/03/25/e-fake-que-fabio-porchat-usou-r-5-milhoes-da-lei-rouanet-para-financiar-meu-passado-me-condena-e-nao-prestou-contas.ghtml,0
2438,Ordem para 'enterrar' Renda Brasil veio quando técnicos já detalhavam medidas  ,,o ordem presidente jair bolsonaro enterrar o programar render brasil chegar noite segunda-feira integrante equipar econômica o recadar receber o secretário especial fazenda ministério economia waldery rodrigar conceder entrevisto o temer e confirmar o idear congelar benefício previdenciários aposentadoria pensão auxílio doença e salário-família ano fonte o clima azedar corredor ministério economia bolsonaro desistir programar técnico debruçar cálculo e proposto considerar tecnicamente defensável considerar impopular abortar publicamente chefe executivo o presidente ficar surpreender o o ler manchete jornal medir estudar equipar econômica abrir espaçar orçamentar bancar o programar assistencial o congelamento aposentadoria e pensão ano apurar o estadão broadcast notícia real trocar tabelar circular haver semana o economia previsto e o alcançar medir o desindexação o obrigatoriedade corrigir inflação o congelamento temporário ano considerar liderança político palatável recurso seriar direcionados o o render brasil o depender mix medir sair r$ bilião o r$ bilião redução despesa ano,política,16/09/2020 07h16 ,Camila Turtelli e Adriana Fernandes,https://economia.uol.com.br/noticias/estadao-conteudo/2020/09/16/ordem-para-enterrar-renda-brasil-veio-quando-tecnicos-ja-detalhavam-medidas.htm,1
2439,TV: Cabo eleitoral foi morta após denúncia contra ex-secretária de Magé  ,,denúncia levar morte cabo eleitoral renata castrar ano manhã hoje magé rj protagonista carine tavares ex-titular secretariar municipal saudar município o informação divulgar noite hoje redar globo o denúncia feito renata delegacia polícia federal niterói o emissor acesso carine seguir ordem centrar tratamento o covid-19 apesar preso setembro o cabo eleitoral chegar o divulgar rede social haver denúncia o prefeitura magé divulgar o conteúdo o boletim ocorrência referente morte renata base informação preliminar o assassinato motivação político,política,30/10/2020 21h49 ,30/10/2020 21h49 ,https://noticias.uol.com.br/eleicoes/2020/10/30/tv-cabo-eleitoral-foi-morta-apos-denuncia-contra-ex-secretaria-de-mage.htm,1
2440,Ator da Broadway pode perder movimentos da perna por causa do coronavírus  ,,o ator e músico nick cordero e família viver drama contar coronavírus reconhecer trabalho broadway espetáculos rock of agir waitress e o bronx talar o artista ano complicação internar califórnio unir e lutar vidar viver o incerteza ficar sequela o relatar batalhar mulher amanda kloots instagram nick internar haver cercar semana e chegar o teste o covid-19 negativar atestar o ator o doença nick inconsciente comer induzir e respirar aparelho piorar o ator começar o apresentar problema circulação ameaçar movimento perna amanda chegar o afirmar maridar voltar o andar instagram might make it look easy but assure it s not this guy and this kid arar my valentines today and everyday through good days and bad days that s what it s about though love isn't perfect it s trying and true love tries and stays,saúde,17/04/2020 15h59 ,17/04/2020 15h59 ,https://entretenimento.uol.com.br/noticias/redacao/2020/04/17/ator-da-broadway-pode-perder-movimentos-da-perna-por-causa-do-coronavirus.htm,1
2441,Dia da Mentira: seis boatos checados pelo Fato ou Fake que continuam a circular nas redes,Mensagens falsas continuam a se propagar; verifique sempre antes de compartilhar.,dia mentir alertar cair pegado o equipar fato fake listou boato diferente assunto — político saudar ciência — desmentir continuar o circular rede social evitar conteúdo falso continuar espalhar importante checar compartilhar dica descobrir o veracidade vídeo foto e texto conferir boato e ficar alertar,entretenimento, 01/04/2019," Por Hellen Guimarães, O Globo ",https://g1.globo.com/fato-ou-fake/noticia/2019/04/01/dia-da-mentira-seis-boatos-checados-pelo-fato-ou-fake-que-continuam-a-circular-nas-redes.ghtml,0
2442,"Irã relata 1.501 casos de coronavírus e 66 mortes, incluindo de conselheiro  ",,o irã relatar hoje o caso confirmar coronavírus país atingir 1.501 resultar morte vítima fatal mohammad mirmohammadi falecer n segunda-feira e integrar recomendação o o líder supremo irã o aiatolá khamenei o rádio estatal iraniano trata-se casar morte autoridade iraniano o início surtir doença país o irã o saldar morto coronavírus mundo chino epicentro surtir,saúde,02/03/2020 11h13 ,02/03/2020 11h13 ,https://noticias.uol.com.br/saude/ultimas-noticias/estado/2020/03/02/ira-relata-1501-casos-de-coronavirus-e-66-mortes-incluindo-de-conselheiro.htm,1
2443,São Paulo tem 389 mortes por covid-19 em 24 h e registra novo recorde  ,,"o paulo morte confirmar covid-19 horar — alto o início pandemia o recordar anterior vítima coronavírus registrar o o o contabilizar 11.521 morte e 191.517 caso oficiar o governar paulista o ocupação 70,6 leito utis paulo o 77,1",saúde,17/06/2020 14h50Atualizada em 17/06/2020 18h47 ,17/06/2020 14h50Atualizada em 17/06/2020 18h47 ,https://noticias.uol.com.br/videos/2020/06/17/sao-paulo-tem-389-mortes-por-covid-19-em-24-h-e-registra-novo-recorde.htm,1
2444,"

Datas de vacinação para pessoas de SP de 0 a 75 anos são divulgadas #boato 
",Boato – Governo de São Paulo divulga calendário de vacinação para moradores do estado que tem entre 0 a 75 anos. Imunização começa em 8/2. ,“ datar vacinação sp ano 8/2 o 1/3 e ano 15/2 o 10/3 o ano 22/2 o 30/3 o ano 1/4 o 30/5 o ano 1/6 o 30/6 o ano 1/7 o 30/7 atenção pessoal abrir pré cadastrar pra vacinação ano o cadastrar link abaixar e avisar o ” .é falso o mensagem mostrar o cronograma vacinação paulo único datar confirmar governar sp anoso dia fevereiro o paulo comedir o vacinar idoso acima ano idade fevereiro chegar o imunizar pessoa e anos.os juntar o prioritário vir imunizar janeiro profissional saudar indígena quilombolas idoso ano e pessoa deficiência viver instituição longo permanência ilpis,saúde,03/02/2021,"
Kyene Becker ",https://www.boatos.org/saude/datas-vacinacao-pessoas-sp-0-75-anos-sao-divulgadas.html,0
2445,Derrota de Trump leva Bolsonaro a perder seu amigo imaginário  ,,jair bolsonaro apostar cavalar perdedor passar o apoiar o jóquei chegar e espernear provar o vencedor dopar o cavalar sabotar o pistar subornar juiz e corromper o público o o presidente brasileiro o aposto o dinheiro o metáfora o sujeitar o vacar família feirar o vendê-lae comprar comido e voltar dúzia feijão o promessa mágico descobrir o vendedor levar polícia civil estelionato ficar ajoelhar hortar esperar o mágico acontecer aliar donald trump primeiros-ministros israel benjamin netanyahu e hungria viktor orbán felicitar o democrata bolsonaro seguir silêncio reconhecer o vitória joe biden,política,08/11/2020 12h33 ,08/11/2020 12h33 ,https://noticias.uol.com.br/colunas/leonardo-sakamoto/2020/11/08/derrota-de-trump-leva-bolsonaro-a-perder-seu-amigo-imaginario.htm,1
2446,"Doria diz que queimadas na Amazônia estão ""gerando prejuízos à economia""  ",,o governador paulo joão doria psdb hoje queimar amazônia gerar prejuízo economia brasileiro gerar prejuízo economia brasileiro o controlo o desmatamento e queimar região amazônica isse doria durante o entrevisto anunciar o contratar fornecimento milhão dose vacinar produzir laboratório chinês sinovac doria ressaltar haver fundo internacional realizar investimento brasil e país haver respeitar ambiental e clareza n procedimento evitar desmatamentos e queimar vir clareza fórum econômico mundial davos o ministrar economia paulo guedes duramente inquirir ambientalista investidor representante governamental e autoridade internacional completar o governador,política,30/09/2020 13h45 ,30/09/2020 13h45 ,https://noticias.uol.com.br/politica/ultimas-noticias/2020/09/30/doria-doz-que-quiemadas-na-amazonia-estao-gerando-prejuizos-a-economia.htm,1
2447,Vídeo distorce dados sobre queimadas na Amazônia,,diferentemente mostrar o vídeo haver aumentar foco incêndio amazônia o e o brasil o país produção sustentável alimento mundo 40ª país ranking the economist,política,2020/09/16,Comprova,https://projetocomprova.com.br/publicações/video-distorce-dados-sobre-queimadas-na-amazonia/,0
2448,Queiroga: País está perto de assinar acordo para mais 100 mi de doses da Pfizer  ,,paulo o ministrar saudar marcelo queiroga afirmar hoje o brasil iminência fechar contratar milhão dose vacinar covid-19 farmacêutico pfizer acordar o ministrar o acordar o brasil disposição sociedade milhão dose vacinar pfizer equivaler o imunizar cercar população n ano contratar prever o outubro milhão dose afirmar o ministrar durante evento promover fiesp federação indústria paulo).durante o encontrar o ministrar voltar o destacar o brasil o país distribuir dose vacinar aproveitar ressaltar o trabalhar instituto butantan e fiocruz fundação oswaldo cruz reforçar o fiocruz começar o produzir vacinar ifa totalmente nacional o trimestre d ano o notícia alvissareiro afirmar destacar o investimento governar,saúde,03/05/2021 12h51Atualizada em 03/05/2021 14h47 ,Matheus de Souza,https://noticias.uol.com.br/ultimas-noticias/agencia-estado/2021/05/03/queiroga-pais-esta-perto-de-assinar-acordo-para-mais-100-mi-de-doses-da-pfizer.htm,1
2449,Ministério aguarda pedido de juiz para tentar extradição de suspeito de atacar Porta dos Fundos, 02/01/2020 20h13 ,"Interlocutores do ministro da Justiça, Sergio Moro, informaram ao blog nesta quinta-feira (2) que o ministério aguarda um pedido formal do juiz responsável pelo caso de Eduardo Fauzi para tentar a extradição dele.  Fauzi é suspeito de envolvimento no ataque à produtora Porta dos Fundos e, conforme revelou a TV Globo, a Polícia do Rio de Janeiro descobriu que ele está em Moscou, na Rússia. Ele viajou na tarde do dia 29 de dezembro para Paris, um dia antes da expedição do mandado de prisão.  O pedido de extradição exige a decretação da prisão ou uma condenação de pena privativa de liberdade pela Justiça.  Após receber um pedido formal do poder judiciário, o Ministério da Justiça, através do Departamento de Recuperação de Ativos e Cooperação Jurídica Internacional (DRCI), analisa se a documentação é compatível com um processo de extradição.",política, 02/01/2020 20h13 , ,https://g1.globo.com/politica/blog/matheus-leitao/post/2020/01/02/ministerio-aguarda-pedido-de-juiz-para-tentar-extradicao-de-suspeito-de-atacar-porta-dos-fundos.ghtml,1
2450,Conselho do MP pune procuradora que insinuou que Maia recebeu propina para aprovar Previdência,"Órgão decidiu aplicar pena de censura o que, na prática, significa que o processo ficará registrado na ficha funcional da procuradora. ",o nacional ministério público cnmp decidir n terça-feira aplicar o peno censurar o procurador trabalhar paraná insinuar o presidente câmara deputar rodrigar maio pedir propinar ajudar aprovação reformar previdência o decisão órgão unânime prático o penalidade censurar significar registrar fichar funcional profissional o cnmp abrir o processar agostar e n terço julgar o casar o censurar sanção disciplinar previsto lei complementar reger o ministério público união conformar o norma membro ministério público sofrer advertência suspensão demissão e o aposentadoria cassar o processar margaret mato carvalho procurador trabalhar paraná reproduzir abril instagram imagem mostrar maio queixar suposto “ articulação ” presidente repúblico jair bolsonaro aprovação emendar,política, 26/05/2020 13h46 ," Por Luiz Felipe Barbiéri, G1 — Brasília ",https://g1.globo.com/politica/noticia/2020/05/26/conselho-do-mp-pune-procuradora-por-insinuar-que-maia-recebeu-propina-para-aprovar-previdencia.ghtml,1
2451,"

Caminhões jogam votos de Trump no lixo, mostra vídeo #boato 
",Boato – Vídeo mostra caminhões jogando cédulas enviadas pelo correio com votos de Trump no lixo. Está provada a fraude nas eleições dos Estados Unidos.,inúmero caminhão carregar voto trump literalmente jogar seriar voto trump n vídeo o caro alegar encontrar o voto trump descartar … aguardar novidade vídeo caminhão descartar cédula voto trump caminhão correar eua cheio voto aberto voto retirar trump e destruidos incrivel toar trump afirmar o votaçao fraudar comunista conseguir agir,mundo,05/11/2020,"
Edgard Matsuki ",https://www.boatos.org/mundo/caminhoes-jogam-votos-trump-lixo-video.html,0
2452,Federação Italiana cria protocolo de segurança para clubes treinarem  ,,acordar o jornal o gazzetta dello sport d domingo o federação italiano futebol figc reunir comissão médico esportivo o criação protocolo segurança o coronavírus clube retornar o treinamento dia maio documentar entregar o o ministrar esporte pretender divulgar decisão o dia caber salientar o campeonato italiano interromper início março virtude disseminação coronavírus país afetados doença mundo relatório divulgar governar italiano morto durante período pandemia o relatório realizar exame diário sangue e jogador retirar conformar constar divulgação medir o tomar existir vacinar haver riscar infecção doença entretanto chance reduzir cuidar específico jogador e equipar convocar exame médico o dia início treino escalonar garantir o distanciamento social,saúde,19/04/2020 16h50 ,19/04/2020 16h50 ,https://www.uol.com.br/esporte/futebol/ultimas-noticias/lancepress/2020/04/19/federacao-italiana-de-futebol-cria-um-protocolo-de-seguranca-para-que-clubes-voltem-a-treinar.htm,1
2453,"Kátia Abreu sobre chanceler: ""Não adianta trocar Ernesto por Ernesto""  ",,o anunciar sair ernesto araújo postar ministrar exterior o tornar o senador kátia abreu pp-to otimista o rumo itamaraty presidente comissão exterior senado preciso o sucessor outro ernesto explicar coluna querer pessoa comprometido militância extremista querer pessoa comprometido o diplomacia interno e externo kátia o decisão senado travar nomeação embaixador e acordo comerciar sair ernesto araújo pesar o mudança,política,29/03/2021 13h26 ,29/03/2021 13h26 ,https://noticias.uol.com.br/colunas/chico-alves/2021/03/29/katia-abreu-sobre-chanceler-nao-adianta-trocar-ernesto-por-ernesto.htm,1
2454,"

Prefeituras ganham R$ 8 mil e médicos ganham R$ 1 mil por diagnóstico positivo de Covid-19 #boato 
",Boato – Homem denuncia esquema de prefeituras e médicos que estariam recebendo dinheiro do governo federal por diagnóstico de Covid-19. Prefeituras recebem R$ 8 mil e médicos R$ 1 mil. ,“ hoje pedalar resolver caminhar mudar itinerário e encontrar o rafael amigar e o contar repassar pra passar dia o médico atestar pra o pessoa ficar dia casar o diagnóstico covid falar caro passar dia casar claro amauri esposo e filho receber diagnóstico covid dia apresentar trabalhar e passar dia praia falar pera querer explicar história o cidade o gente morar pra diagnóstico covid o prefeitura embolsar r$ r$ pro médico r$ pra prefeitura r$ pro médico e o diagnóstico o médico o pontar iceberg o diagnóstico o prefeitura receber r$ governar federal e pra óbito e geralmente o óbito médico o prefeitura receber r$ mil.aí médico amigar d chegar pra e rafael r$ mão tô precisar r$ esposo e filho o diagnóstico pra r$ r$ r$ tá rapaz problema perigar perigar nenhum ficar tranquilo e o acontecer o médico r$ completar o cotar d rafael r$ mão pra praia perguntar o covid acabar acabar feriar sexta-feira prefeitura parar o vacinação simplesmente feriar vidar importar vidar importar gente dinheiro tá entrar o governar federal mandar dinheiro pros estados?assistam hoje o … tá dinheiro o governar federal ejetou rir sul o governar estadual r$ bilião “ mi ” gente “ bi ” r$ bilião o governar joão doria o perseguir o bolsonaro bilião dólar perguntar o acabar o covid gente acabar ninguém morrer brasil ninguém morrer infarto ninguém morrer câncer aids morrer covid covid e verdade realmente mentir né médico pego r$ mão jesus cristo êiê passar frente funerário caixão passar frente o o cemitério velório tá morrer gente covid gente agnaldo timóteo vacinar e morrer deixar vídeo pra pra refletirem e pensar tá deus abençõe continuar o caminhar ”,política,16/04/2021,"
Kyene Becker ",https://www.boatos.org/politica/prefeituras-ganham-8-mil-medicos-ganham-1-mil-por-diagnostico-positivo-covid-19.html,0
2455,michelle bolsonaro inaugurar o escola robótico parir deficiente brasília df,"será verdade que a primeira-dama michelle bolsonaro inaugurou a primeira escola de robótica para deficientes do brasil, em brasília/df? bem, é isso que um determinado usuário resolveu divulgar recentemente através de sua conta, no facebook (arquivo)! segundo ele, a mídia não citou os fatos, pois prefere dar ênfase nas polêmicas que ela própria cria.",conferir abaixar o publicação d usuário obter quase compartilhamentos o dia outubro,política,10/10/2019,marco faustino,https://www.e-farsas.com/michelle-bolsonaro-inaugurou-a-primeira-escola-de-robotica-para-deficientes-em-brasilia-df.html,0
2456,"Diagnosticado com covid-19, MC Kevin publica foto chorando no Instagram  ",,"Na noite de hoje, MC Kevin usou os Stories de sua conta no Instagram para publicar uma nova foto. Na imagem, ele apareceu chorando em sua cama. O funkeiro foi diagnosticado com covid-19, doença causada pelo novo coronavírus. Ele mesmo deu a notícia aos seus fãs através do Instagram, na última segunda, quando afirmou ter feito o teste em um drive-thru sanitário. ""Saiu o resultado, deu positivo, família. Vamos nos cuidar porque é sério. Vou ficar sem postar mais nada até me recuperar"", disse ele no comunicado, feito pelo Stories de sua conta na rede social. No fim de semana, ele registrou o momento em que fez o exame dentro de um carro. ""Cheguei em casa, fiz o teste que tive que fazer, em torno de 48 horas sai o resultado. Vou ficar isolado no meu quarto quietinho, nada melhor do que tirar nossas dúvidas. Quem não fez o teste eu recomendo porque você vai saber se tem alguma coisa ou não, já que tá com o ponto de interrogação na mente, já tira ele. Obrigadão pelo carinho"", disse na ocasião.",saúde,14/05/2020 21h09 ,14/05/2020 21h09 ,https://tvefamosos.uol.com.br/noticias/redacao/2020/05/14/diagnosticado-com-covid-19-mc-kevin-publica-foto-chorando-no-instagram.htm,1
2457,"É #FAKE que vídeo mostre polícia atirando em surfista na Praia do Futuro, em Fortaleza, após ele descumprir isolamento social",Imagens que circulam nas redes sociais mostram esportista correndo da polícia enquanto um oficial dispara. Mas o vídeo foi gravado na Costa Rica.,vídeo surfista retirar o tiro mar polícia durante o pandemia coronavírus circular rede social o mensagem acompanhar imagem gravar praia futurar fortalezar vídeo policial converso surfista disparar direção o d sair mar e correr o mensagem falso tratar fortalezar e citar o governador cear camilo santana o fascista e terrorista camilo santana o policial atirar responsabilidade d e tirar o d reta covarde o vídeo verdade praia hermosa cidade jacó costa rico surfista aparecer imagem rafael villavicencio postar o vídeo contar pessoal instagram dia março imagem gravar dia,brasil, 25/05/2020," Por Thaís Matos, G1 ",https://g1.globo.com/fato-ou-fake/coronavirus/noticia/2020/05/25/e-fake-que-video-mostre-policia-atirando-em-surfista-na-praia-do-futuro-em-fortaleza-apos-ele-descumprir-isolamento-social.ghtml,0
2458,Hospitais municipais do Rio retomam cirurgias eletivas amanhã após pandemia  ,,hospital município rir janeiro retomar amanhã cirurgia eletivas suspenso causar necessidade capacidade total unidade saudar paciente infectar o coronavírus o anúncio retomar cirurgia eletivas hoje prefeito marcello crivella o retardar o voltar atendimento o paciente aguardar filar o prefeito pessoa esperar cirurgia fazê-las hospital miguel coutar souza aguiar salgar filhar e lourenço jorge integrar o redar municipal entrevisto coletiva reunião representante clube futebol rir janeiro discutir medir retornar jogo município crivella afirmar precisar voltar o atender paciente doença crônicas,saúde,17/06/2020 15h37 ,17/06/2020 15h37 ,https://noticias.uol.com.br/ultimas-noticias/agencia-brasil/2020/06/17/hospitais-municipais-do-rio-retomam-cirurgias-eletivas-amanha.htm,1
2459,É #FAKE que estudo realizado em Harvard indica que isolamento social não é bom para conter o avanço do novo coronavírus,"Duas pesquisas feitas na universidade concluíram justamente o contrário do que diz a mensagem falsa que tem viralizado. Grupo de cientistas diz, inclusive, que período de distanciamento pode ter de ser estendido até 2022.",circular rede social texto estudar prestigioso universidade harvard unir concluir o distanciamento social piorar o pandemia coronavírus contê-la estudo recente realizar pesquisador harvard – “ projetando o dinâmico transmissão sars-cov-2 período pós-pandemia ” e “ estratégia distanciamento social conter o epidemiar covid-19 ” – exatamente o opor mensagem falso o isolamento necessário reduzir o intensidade transmissão coronavírus o concluir o período distanciamento estender casar surgir vacinar medicamentar tratar o covid-19 modelo matemático e sazonalidade e imunidade população norte-americana vírus chegar o dinâmico transmissão sars-cov-2,ciência, 16/04/2020," Por Roberta Pennafort, CBN ",https://g1.globo.com/fato-ou-fake/coronavirus/noticia/2020/04/16/e-fake-que-estudo-realizado-em-harvard-indica-que-isolamento-social-nao-e-bom-para-conter-o-avanco-do-novo-coronavirus.ghtml,0
2460,Senado aprova MP que dá mais 1 ano para cinemas se adaptarem a pessoas com deficiência,"Estatuto da Pessoa com Deficiência previa adaptação até 1º de janeiro de 2020, mas governo estendeu prazo até 1º de janeiro de 2021. Texto não foi alterado e será promulgado.",o senado aprovar n quinta-feira o medir provisório mp ano cinema adaptar o pessoa deficiência o lei estatuto pessoa deficiência prever cinema dever adaptar 1º janeiro o governar editar o mp adiar o prazo 1º janeiro o texto aprovar câmara deputar aprovar voto o e seguir promulgação congresso nacional alterar parlamentar o congresso alterar o mp o texto seguir o presidente jair bolsonaro sancionar integral parcialmente vetar,política, 28/05/2020 19h04 ," Por Sara Resende, TV Globo — Brasília ",https://g1.globo.com/politica/noticia/2020/05/28/senado-aprova-mp-que-da-mais-1-ano-para-cinemas-se-adaptarem-a-pessoas-com-deficiencia.ghtml,1
2461,Butantan testa isolamento eficiente em duas cidades do interior paulista  ,,cidade batatal e taquaritinga interior paulista alvo projeto instituto butantan pretender testar rastrear e monitorar o transmissão covid-19 o projeto chamar isolamento inteligente começar batatal e início quinta-feira taquaritinga o projeto o butantan fornecer teste rápido antígeno e rt-qpcr distribuir unidade básico saudar ubss teste aplicar paciente sintomático assintomático contato pessoa diagnóstico confirmar covid-19 o testagem estratégia importante associar o o rastreamento contatos otimizar o isolamento corretar pessoa testar positivar o doença modo o vírus circular cidade o idear democratizar o acesso saudar e gerar impacto positivo combater pandemia batatal o secretário saudar batatal bruno toneti o município lockdown o dia d o medir terminar amanhã,saúde,30/05/2021 14h26 ,30/05/2021 14h26 ,https://noticias.uol.com.br/saude/ultimas-noticias/redacao/2021/05/30/butantan-testa-isolamento-eficiente-em-duas-cidades-do-interior-paulista.htm,1
2462,"Sem remédio ou vacina comprovados, como as pessoas se curam da covid-19?  ",,revelar contrair o covid-19 doença causar coronavírus o presidente jair bolsonaro afirmar realizar tratamento hidroxicloroquina medicamentar o malária e doença e o antibiótico azitromicina indicar infecção causar bactéria bolsonaro afirmar sentia-se melhor tomar o combinação remédio e afirmação embasamento científico administrar fase inicial doença o drogar chegar o sucesso o coronavírus contramão oms organização mundial saudar e instituição saudar diverso país afirmar haver comprovação benefício paciente covid-19 o presidente obrigar o ministério saudar o criar protocolo cloroquina e hidroxicloroquina paciente diagnosticar o coronavírus polêmica ficar perguntar afinal existir tratamento indicar o coronavírus curar doente covid-19 o casar contágio,saúde,09/07/2020 04h00 ,09/07/2020 04h00 ,https://noticias.uol.com.br/saude/ultimas-noticias/redacao/2020/07/09/como-as-pessoas-se-curam-de-covid-19.htm,1
2463,Messi revela surpresa com impactos do coronavírus e aborda 'novo' futebol  ,,o argentino lionel messi voltar o treinar o barcelona dia admitir ficar surpresar estrago causar pandemia coronavírus o mundo entrevisto concedido adir marcar o patrocinar o camisa barça citar dificuldade viver e manter trabalho incerteza o futurar haver pessoa falar haver pandemia global e acontecer o verdade imaginar o tremer impactar praticamente o mundo fácil viver trabalhar incerteza situação diferente e excepcional falar o argentino avaliar entrevisto consequência pandemia atuação jogador,saúde,27/05/2020 09h06 ,27/05/2020 09h06 ,https://www.uol.com.br/esporte/futebol/ultimas-noticias/2020/05/27/messi-revela-surpresa-com-impactos-do-coronavirus-e-aborda-novo-futebol.htm,1
2464,É #FAKE lista com locais de votação em Porto Alegre nas eleições 2020,TRE-RS alerta que a listagem em circulação era referente aos locais de votação para as eleições do Conselho Tutelar em 2019.,circular whatsapp lista o zonar locar votação e seções eleitoral correspondente portar alegrar rir sul lista fake o tribunal regional eleitoral rir sul o listagem referente o locar votação eleição tutelar e referência o eleição d domingo o consulto votação feito whatsapp bot oficial tse link wa.me/556196371078 telefonar +55 9637-1078 selecionando o opção menu automático site tse e app e-título,política, 15/11/2020," Por Isabela Aleixo, O Globo ",https://g1.globo.com/fato-ou-fake/noticia/2020/11/15/e-fake-lista-com-locais-de-votacao-em-porto-alegre-nas-eleicoes-2020.ghtml,0
2465,Itália amanhece em 'zona vermelha' para conter avanço da covid-19 no Natal  ,,o itália amanhecer hoje classificar zonar vermelho pandemia coronavírus tentativo governar conter o avançar covid-19 durante celebração natal o cor vermelho o escalar riscar definir roma evitar o onda crise sanitário e prever regrar semelhante s bloquear vigente março e maio fechamento comércio essencial e proibição sair casar o motivo trabalhar saudar urgente o medir ficar vigor o dia dezembro o país voltar o faixar laranjo proibir deslocamento interregionais e intermunicipal n classificação entanto permitir sair casar motivar restaurante suspender serviço mesa,saúde,24/12/2020 09h02 ,24/12/2020 09h02 ,https://noticias.uol.com.br/ultimas-noticias/ansa/2020/12/24/italia-amanhece-em-zona-vermelha-para-conter-covid-no-natal.htm,1
2466,"

Delcy Rodríguez diz que Maduro fez um acordo com coronavírus na Venezuela #boato 
","Boato – A vice-presidente da Venezuela, Delcy Rodríguez, disse, em entrevista, que o presidente Nicolás Maduro assinou um acordo para o coronavírus não infectar o país por uma semana.",dia acordar o decretar o presidente corresponder o o semana folgar o vírus pausar começar amanhã domingo livre ruir problema contágio assinar acordar delcy rodríguez vice-presidente venezuela informar o presidente nicolás madurar firmar decretar pausar o vírus semana e acordar … rir … venezuela assinar acordar covid e semana pausar pessoa andar ruir o vírus prometer contaminar ninguém governar venezuela afirmar convênio o virus nso contaminar ninguém semana madurar publicar hoje novembro decretar avisar o vírus pausar venezuela semana período haver riscar contágio assinar convênio o vírus contaminar pessoa n período … o comunismo frito neurônios impedir sinapse nervoso assistir o vídeo,mundo,24/11/2020,"
Edgard Matsuki ",https://www.boatos.org/mundo/delcy-rodriguez-diz-maduro-fez-acordo-coronavirus-venezuela.html,0
2467,Ministério da Saúde alerta para golpe com áudio de Mandetta pedindo doações  ,,o ministério saudar informar hoje circular mensagem falso utilizar o imagem ministrar luiz henrique mandetta pedir doação dinheiro o mensagem vir acompanhar áudio simular o voz ministrar o secretário-executivo ministério saudar joão gabbardo mensagem falso e o ministério receber doação dinheiro o enfrentamento o o coronavírus rede social o figurar ministrar mandetta o voz alguém imitar o voz d solicitação doação determinar contar gabbardo falsar verdadeiro o ministério saudar receber doação dinheiro afirmar o secretário-executivo pastar,saúde,04/04/2020 19h12 ,04/04/2020 19h12 ,https://noticias.uol.com.br/saude/ultimas-noticias/redacao/2020/04/04/ministerio-da-saude-alerta-para-golpe-com-audio-de-mandetta-pedindo-doacoes.htm,1
2468,"

Igreja Universal faz tatuagem de cruz para marcar a mão dos fiéis #boato 
",Boato – A Igreja Universal resolveu fazer uma tatuagem de cruz na mão de todos os fiéis. É a marca da besta sendo colocada nas pessoas.,pessoal dia repassar sério igreja universal hoje manhã começar marcar pessoa mão pastor marcar e falar marcar caro falar sinal abrir portar né.aonde o pessoa chegar abençoar abrir o mundo abrir e acostumar o ninguém mandar falar o marcar colocar o marcar falar colocar mão o gente pensar moção né algum mão manir passar o óleo mão gente montar gente d o sair mulher máquina mão e o mão pessoa e começar o tatuar cruz mau mão pessoa sumir … o marcar cristo entender e pessoa inocente manipular realmente inocentar causar criança receber troçar entender o gente o marcar cristo coração dna o sangue cristo purificar pecar o marcar o marcar cristo o olhar o o marcar cristo amar deus e o o o marcar cristo e adorar o deus acima,entretenimento,19/02/2019,"
Edgard Matsuki ",https://www.boatos.org/religiao/igreja-universal-tatuagem-cruz-fieis.html,0
2469,Doria: fábrica do Butantan começa produção industrial da CoronaVac em 2022  ,,o governador paulo joão doria psdb o fábrica instituto butantan produzir insumo nacional dose coronavac começar o operar dezembro produção escalar o janeiro o anúncio coletiva imprensar palácio bandeirante o tucano o obrar ficar pronto dia setembro o fábrica construção o dia novembro metro quadrar e capacidade produção milhão dose anuir o obrar ficar pronto dia setembro e comedir produção dezembro d ano o janeiro comedir produção industrial escalar atendimento brasil declarar o governador,saúde,04/02/2021 11h35 ,04/02/2021 11h35 ,https://noticias.uol.com.br/saude/ultimas-noticias/redacao/2021/02/04/doria-fabrica-do-butantan-comeca-producao-industrial-da-coronavac-em-2022.htm,1
2470,"Sardenha libera banhos de mar, mas com distanciamento social  ",,morador sardenho tomar banhar mar praia precisar respeitar o distanciamento social água informar o assessor autoridade locar e propriedade estatal quirico sanna ansa o representante pontuar n terça-feira o governar emitir normativo esclarecer detalhe e evitar o propagação covid-19 o confusão acontecer anúncio publicar o governador christian solinas sanna afirmar o ordem reabertura aplicar caminhar arear o banho mar converso região balneárias chegar o conclusão o banhar realizar manter o distanciamento social água ressaltar o assessor o sardenho desejar praia italiano e frequentar turista entanto o dia junho morador frequentá-las haver o proibição deslocamento região e país europeu contar pandemia coronavírus,saúde,19/05/2020 13h03 ,19/05/2020 13h03 ,https://noticias.uol.com.br/ultimas-noticias/ansa/2020/05/19/sardenha-libera-banhos-de-mar-mas-com-distanciamento-social.htm,1
2471,Post distorce informações para insinuar que China não usará a própria vacina,,o o contrário afirmar publicação facebook chinês realizar teste vacinar população o post desconsiderar país chino buscar diversificar fornecedor vacinar,saúde,2020/10/07,Comprova,https://projetocomprova.com.br/publicações/post-distorce-informacoes-para-insinuar-que-china-nao-usara-a-propria-vacina/,0
2472,Médicos dão vacina contra coronavírus a motoristas presos em nevasca  ,,preso estrar norte-americano oregon dever o nevasca profissional saudar condado josephine dose vacinar o covid-19 oferecer o motorista parar médico sair evento vacinação massa escola cidade illinois dose vacinar haver sobrar destinar original o cidade grants pass entanto tempestade nevar acabar impedir profissional chegar o,saúde,01/02/2021 12h24 ,Do UOL,https://www.uol.com.br/carros/noticias/redacao/2021/02/01/medicos-dao-vacina-contra-coronavirus-a-motoristas-presos-em-nevasca.htm,1
2473,Presidente da República assina MP que autoriza crédito extra de R$ 20 bilhões para vacinação contra o coronavírus,,apresentar o planar vacinação covid-19 o presidente repúblico jair bolsonaro editar medir provisório mp nº n quinta-feira 17/12 destinar crédito extraordinário r$ bilião o o ministério saudar o objetivo medir viabilizar o estratégia o vacinação brasileiro o financiar despesa relacionar o o planar aquisição dose seringar agulhar logístico comunicação tratar crédito extraordinário depender aprovação lei orçamentária o mp passar congresso nacional disponível o ministério s vacinar recurso servir o aquisição imunizante fase negociação caso farmacêutico pfizer e janssen e instituto butantan comprar registrar insumo juntar agência nacional vigilância sanitário anvisa,saúde,17/12/2020 13h14,Rodrigo VasconcelosMinistério da Saúde(61) 3315-3580 / 2351,https://www.gov.br/saude/pt-br/assuntos/noticias/presidente-da-republica-assina-mp-que-autoriza-credito-extra-de-r-20-bilhoes-para-vacinacao-contra-o-coronavirus,1
2474,"

Antifa e esquerda vão colocar black blocs com a camiseta de Bolsonaro para agredir mulheres em manifestação #boato 
","Boato – A esquerda e os Antifa vão colocar black blocs para atacar mulheres durante manifestações. A mando do Foro de São Paulo, eles estarão com a camiseta do Bolsonaro.",urgente semana dia e manifestação esquerdo junto psol bolsonaro rato colocar black blocs disfarçar camisa bolsonaro pra agredir mulher ruir e criar imagem impactar o presidente panfleto distribuir usp antifa estimular o agressão o viralizem organizar espalhar o quebradeira brasil chile o foro paulo ação divulgar rede social acontecer pessoa armação esquerdopatas,política,,"
Edgard Matsuki ",https://www.boatos.org/politica/antifa-esquerda-black-blocs-camiseta-bolsonaro-agredir-mulheres.html,0
2475,"Sem aulas, escolas de SP terão merenda para vulneráveis a partir de 2ª  ",,o governar paulo anunciar hoje fornecer merendar escolar redar estadual público ensinar o segunda-feira 1º semana voltar programar aula presenciar o alimentação requisitar aluno e responsável cadastrar internet solicitação presencial unidade ensinar o gestão governador joão doria psdb afirmar o voltar merendar escolar semana voltar prioritariamente aluno vulnerável estimativo feito secretário educação paulista hoje o redar estadual estudante n condição rossieli soar secretário estadual educação o merendar restrito o aluno vulnerável haver organização prévio solicitação evitar aglomeração escola determinação funcionar capacidade e o desperdício alimento,saúde,27/01/2021 13h12 ,"Lucas Borges Teixeira, Douglas Porto, Rafael Bragança e Allan Brito",https://educacao.uol.com.br/noticias/2021/01/27/escolas-abertas-merenda.htm,1
2476,"Empresário aparece tomando banho durante videoconferência com Bolsonaro, e Paulo Guedes diz: 'Tem um peladão aí'","Homem, aparentemente, não se deu conta de que havia se esquecido de desligar a câmera durante reunião on-line promovida na manhã desta quinta-feira (14) por Paulo Skaf, presidente da Federação das Indústrias do Estado de São Paulo (Fiesp). ",participante videoconferência o presidente jair bolsonaro e empresário realizar n quinta-feira aparecer tomar banhar durante o converso aparentemente haver esquecer desligar o câmera aparelhar o reunião promovido manhã d quinta-feira paulo skaf presidente federação indústria paulo fiesp relato feito o o g1 o bolsonaro notar o incidente o o levar o interromper falir skaf seguir desculpar ô paulo skaf colega quadro tá sair tá ok o presidente dirigir o paulo guedes o,política, 14/05/2020 16h00 ," Por Cauê Muraro, G1 ",https://g1.globo.com/politica/noticia/2020/05/14/participante-de-videoconferencia-com-bolsonaro-e-empresarios-aparece-tomando-banho-durante-reuniao.ghtml,1
2477,Brasil não acompanha tendência mundial de queda de mortes pela covid-19  ,,"o global morte covid-19 sofrer quedo importante semana taxar referente o o brasil acompanhar o evolução global acordar o levantamento semanal oms o pandemia publicar n terça-feira morte semana mundo o dia anterior brasil índice perder forçar semana terminar dia fevereiro o país levar aumentar morte total 7,4 vítima fatal semana o taxar haver recuar o tendência quedo manter comparação o janeiro e início fevereiro o taxar atual representar elevação importante mear cercar 6,7 vítima fatal brasil semana o taxar atingir 6,9",saúde,16/02/2021 19h14 ,16/02/2021 19h14 ,https://noticias.uol.com.br/colunas/jamil-chade/2021/02/16/brasil-nao-acompanha-tendencia-mundial-de-queda-de-mortes-pela-covid-19.htm,1
2478,Oposição pede que Aras investigue ofício do MEC sobre manifestação política  ,,líder oposição o o governar jair bolsonaro câmara deputar apresentar representação procuradoria-geral repúblico pgr cobrar investigação ofício enviar ministério educação mec alertar universidade federar manifestação político instituição imoralidade administrativo e punir o documentar enviar o reitor instituição fevereiro anexar o mec apresentar manifestação procurador ailton benedito ministério público federal e aliar bolsonaro buscar o tomar providência prevenir e punir atos político-partidários instituição público federar ensinar o utilização dependência físico o móvel material imaterial o promoção evento protesto manifestação etc natureza político-partidária contrário e favorável o o governar caracterizar imoralidade administrativo ofício citar o manifestação assinar ailton benedito,política,04/03/2021 12h21Atualizada em 04/03/2021 14h05 ,Paulo Roberto Netto,https://noticias.uol.com.br/ultimas-noticias/agencia-estado/2021/03/04/oposicao-pede-que-aras-investigue-oficio-do-mec-sobre-manifestacao-politica.htm,1
2479,o rover perseverance atropelar e matar o único formar vidar marte,,o notícia surgir o redar social o março e afirmar diana trujillo diretora missão nasa levar o rover perseverance marte pedir desculpar publicamente matar o único formar vidar encontrar o planeta vermelhar,entretenimento,29/03/2021,gilmar lopes,https://www.e-farsas.com/o-rover-perseverance-atropelou-e-matou-a-unica-forma-de-vida-em-marte.html,0
2480,"‘Junte eu e o Mandetta e divida por dois’, pede Bolsonaro a Teich",Frase foi dita pelo presidente da República ao empossar Nelson Teich como novo ministro da Saúde. Luiz Henrique Mandetta foi demitido por divergir de Jair Bolsonaro no combate ao coronavírus. ,o presidente jair bolsonaro pedir n sexta-feira o o ministrar saudar nelson teich sumir bolsonaro e o ex-ministro luiz henrique mandetta e “ dividir ” chegar o o resultar “ interessar ” o o país combater pandemia coronavírus bolsonaro o declaração durante o posse teich oncologista substituir mandetta demitir divergir presidente ações enfrentamento covid-19 doença provocar coronavírus o presidente repetir seguir discurso o economia preciso levar contar e incentivo o retomar atividades comerciar o flexibilização isolamento social adotado e município “ juntar e o mandetta e dividir chegar n interessar querer vencer o pandemia e d chamar o doutor paulo guedes solucionar consequência salário dinheiro e quase perspectivo função economia o gente sofrer revezar ” bolsonaro,política, 17/04/2020 12h28 ," Por Guilherme Mazui e Luiz Felipe Babiéri, G1 — Brasília ",https://g1.globo.com/politica/noticia/2020/04/17/junte-eu-e-o-mandetta-e-divida-por-dois-pede-bolsonaro-a-teich.ghtml,1
2481,EUA: Flórida tem novo recorde no registro diário de mortes por covid-19  ,,"o flórido registrar recordar morte coronavírus período horar informar o departamento saudar estadual hoje o recordar anterior morte registrar terça-feira o total morte 4.677 o o caso 13.956 infecção o flórido o contágio coronavírus avançar o semana sub-regiões miami-dade broward e palm beach concentrar terçar infecção e morte covid-19 o caso e morte miami-dade registrar 3.108 infecção e óbito decorrência doença o jornal miami herald o agência administração atenção saudar flórido 16,24 vago uti livre o situação crítico n sentir o broward 7,34 leito unidade terapia intensivo vago miami-dade o índice 14,17 e palm beach 26,16",saúde,16/07/2020 12h49Atualizada em 16/07/2020 13h36 ,"Do UOL, em São Paulo",https://noticias.uol.com.br/internacional/ultimas-noticias/2020/07/16/eua-florida-tem-novo-recorde-no-registro-diario-de-mortes-por-covid-16.htm,1
2482,"

Mandetta é flagrado com Gilmar Mendes em Portugal no meio da pandemia da Covid-19 #boato 
","Boato – Mandetta foi flagrado com Gilmar Mendes em Portugal no meio da pandemia de Covid-19. Em vídeo, o ex-ministro da Saúde e o magistrado do STF aparecem tomando chopp sem máscaras no bairro do Chiado, em Lisboa.",gilmar mendes e mandetta … .. tomar chopp portugalmandetta e gilmar mendes bairro chiar lisboa tomar chopinhomandetta e gilmar mendes tomar chops portugal mandetta o herói mídia comunista o “ melhor ministrar saudar história brasileiro ” o mídia notar pleno pandemia portugal viver normalmente flagrante mandetta e o rei togar gilmar mendes tomar chops distanciamento máscara e quarentenar viver enganir ficar casar bairro chiar lisboa portugal o farsa viver clicar hashtag mostreseuhospitalmandetta e gilmar mendes bairro chiar lisboa tomar chopinho ficar casar né o picar vírus julho,política,08/07/2020,"
Raiane Gonoli ",https://www.boatos.org/politica/mandetta-e-gilmar-mendes-em-portugal-na-pandemia.html,0
2483,"

Fábio Assunção chama Doria de canalha, defende Bolsonaro e critica isolamento social em vídeo #boato 
","Boato – Em vídeo, ator Fábio Assunção diz que Doria é canalha, ordinário e cafajeste, declara apoio a Bolsonaro e critica quarentena do coronavírus. ",“ oi pessoal falar rapidinho tô segurar falar aguentar … o gente aprender principalmente o gente paulo e o brasil inteirar sujeitar pretensão brasil inteirar o gente aprender vírus o gente o monstruoso vigarista ordinário cafajeste caro chamar joão doria … caro pensar tolher o gente querer vigiar celular o tá acontecer ditadura e medo bolsonaro amor deus bolsonaro lula mim desligar vídeo e casar encher o sacar bolsonaro adorar o presidente apoiar presidente doria falar o pai cloroquina … o vigarista o o gente o lula o lula m cartar baralhar falir lula o lula mau o doria o lula o gente bêbado cachaceiro vigarista ladrão o doria o doria apresentador televisão artista morto o coveiro o crápula o doria … servir lição pra gente ” “ o fábio assunção acordar pq o brasil acordar ” “ fábio assunção sóbrio mandar o recadar parabém ” “ fabio assunção sqn problema d achar sóbrio sábio palavra ” “ fábio assunção problema falar o verdade … e ” “ fábio assunção tomar comigo pra ficar tranquilo vc cair levar casar foradoria ”,entretenimento,21/04/2020,"
Kyene Becker ",https://www.boatos.org/entretenimento/fabio-assuncao-doria-canalha-defende-bolsonaro-critica-isolamento-video.html,0
2484,Moradora de Caxias perde mãe e mais 4 parentes para a covid-19 em 2 meses  ,,o assistente social thamires silvar netto ano perder familiar vítima covid-19 mãe irmão e tio comedir ano thamires haver despedir avô diagnóstico coronavírus confirmar haver suspeito infecção doença derly paula falecer decorrência insuficiência respiratório emocionar o assistente social conversar o uol manhã hoje e relatar o drama o família dificuldade enfrentar conseguir vago redar particular saudar outubro chegar e desgraçar tio acabar contaminar internar e seguir o esposar d chegar o dividir o hospital alto acabar voltar dia seguinte tio apresentar complicação e falecer tio parar receber notícia d piorar quadrar saudar e entubar passar diverso procedimento resistir contar thamires,saúde,15/12/2020 12h24 ,Marcela Lemos,https://noticias.uol.com.br/cotidiano/ultimas-noticias/2020/12/15/moradora-de-caxias-perde-mae-e-mais-4-parentes-para-a-covid-19-em-2-meses.htm,1
2485,"Após pressão do Congresso, Ernesto Araújo deixa comando do Itamaraty  ",,ano proferir discursar inaugural chanceler prometer alinhar o ministério exterior o anseio eleitor jair bolsonaro ernesto henrique fraga araújo deixar o cargo n segunda-feira — pressão congresso ernesto época posse desconhecer diplomata recém-promovido o embaixador deixar o postar amealhar o aversão diferente setores sociedade e governar cúpula congresso nacional o general aconselhar bolsonaro empresário o liderança agronegócio unir dia tirá-lo esplanada ... ler íntegro folhar,política,29/03/2021 12h38 ,29/03/2021 12h38 ,https://noticias.uol.com.br/colunas/reinaldo-azevedo/2021/03/29/apos-pressao-do-congresso-ernesto-araujo-deixa-comando-do-itamaraty.htm,1
2486,Recorde de mortes no dia aproxima Brasil do grupo dos dez mais afetados  ,,o registrar morte e terço decorrência covid-19 colocar o brasil perigoso ranking o país afetados pandemia coronavírus o ministério saudar o país registrar óbito decorrência doença e total 13.717 caso oficiar confirmar o único contabilizar morte o tocantim o preocupar aproximação brasil d país o confirmação o crise gerar coronavírus curvo crescimento o ministério saudar anunciar estimar o brasil d fase aceleração descontrolar caso coronavírus — o início d etapa prever o 19ª semana ano e maio o fase aceleração o país começar o caminhar rumar o o picar caso prever o início junho o quantidade caso doença covid-19 começar o desacelerar o mear junho 25ª semana o projeção tornar urgente o preocupação o escassez leito uti equipamento o sobrecarga saudar impacto pandemia economia e n cenário o brasil s voltar debater o eficácia isolamento social orientação organização mundial saudar oms e enfrentar o incerteza o permanência luiz henrique mandetta ministrar saudar,saúde,08/04/2020 01h30 ,08/04/2020 01h30 ,https://noticias.uol.com.br/saude/ultimas-noticias/redacao/2020/04/08/recorde-de-mortes-no-dia-aproxima-brasil-do-grupo-dos-dez-mais-afetados.htm,1
2487,"
  O ator Fábio Porchat não foi investigado ou denunciado por fraude à Lei Rouanet","Publicações insinuando que o ator Fábio Porchat se beneficiou propositalmente de uma fraude à Lei Rouanet circulam nas redes sociais desde 17 de março passado. No entanto, a alegação, compartilhada mais de 14 mil vezes, é enganosa, já que o ator não foi investigado pela Operação Boca Livre, deflagrada pela Polícia Federal em junho de 2016.Envie-nos por WhatsApp Email",“ trás teta dinheiro publicar haver ‘ artista ’ famosinho alguém surpresar ” postagens facebook twitter e instagram compartilhar deputar federal e filhar presidente jair bolsonaro eduardo bolsonaro o postagens acompanhar montagem tuíte publicar ator março chamar o presidente jair bolsonaro genocida juntar o imagem haver capturar tela notícia intitulada“escritório contratar humorista dinheiro fraudar lei rouanet ” e o seguinte subtítulo “ investigar polícia federal operação bocar livrar demarest e almeida contratar fábio porchat festa ” o notícia destacar publicar dia junho revisto época o texto informar fraudar lei rouanet cometido escritório advocacia demarest e almeida e descobrir operação bocar livrar realizar polícia federal paulo,brasil,25/03/2021 às 20:27,AFP Brasil,https://checamos.afp.com//o-ator-fabio-porchat-nao-foi-investigado-ou-denunciado-por-fraude-lei-rouanet,0
2488,"São Paulo volta a ter queda em casos, internações e mortes por covid-19  ",,semana alto o paulo voltar o apresentar semana passar quedo óbito e caso dever o o coronavírus manter quedo internação o ocorrer haver semana semana passar o 39ª semana epidemiológico doença compreender o período dia e setembro sp registrar 1.136 morte provocar coronavírus o médio móvel morte dia o o o registrar mear maio semana anterior o 38ª semana epidemiológico o haver registrar 1.360 morte obter médio móvel óbito dia o interromper semana consecutivo quedo indicador,saúde,28/09/2020 14h41 ,28/09/2020 14h41 ,https://noticias.uol.com.br/ultimas-noticias/agencia-brasil/2020/09/28/sp-volta-a-ter-queda-em-casos-internacoes-e-mortes-por-covid-19.htm,1
2489,"

Tubaína é uma gíria referente a tortura por afogamento cunhada no Brasil Colônia e usada na Ditadura #boato 
","Boato – Ao comparar cloroquina com Tubaína, o presidente Jair Bolsonaro se referiu a uma tortura por afogamento cunhada no Brasil Colônia e popularizada na Ditadura.",lançar tubaina referir o prático torturar tubo garganta e liquidar decendo parar sádico torturador!eu brincar o tubaína o presidente referir “ torturar d’água ” o prático originário idade médio consistir colocar funil garganta e despejar liquidar parar técnico receber br o apelidar tubaína apagar o post e colocar esclarecimento pessoa cair troçar d malucar cair o tubaína o o presidente jair messias bolsonaro referir consistir prático torturar afogamento utilizando-se funil o “ torturar d’água ” prático originário idade médio consistir colocar funil garganta indivíduo e despejar o liquidar parar técnico receber brasil colônia o apelidar tubaína bolsonaro sádico e perverso o líder o cruel estuprador torturador e assassinar carlos alberto brilhante ustra,brasil,21/05/2020,"
Edgard Matsuki ",https://www.boatos.org/brasil/tubaina-giria-tortura-afogamento-brasil-colonia-ditadura.html,0
2490,Maioria dos mortos por novo coronavírus em Nova York são latinos  ,,"o morto coronavírus cidade york o afetada pandemia unir latino informar n quarta-feira o prefeito bill blasio relatório preliminar 3.602 morto covid-19 hoje hispânico constituir população cidade americano 8,6 milhão habitante disparidade flagrante assinalar o prefeito entrevisto coletiva blasio citar principal motivo o idioma e anunciar campanha informação o coronavírus língua o acontecer par ano levar imigrante principalmente documento o afastar locar normalmente buscar atendimento médico comentar referindo-se político anti-imigração governar trump terçar hispânico viver york cercar milhão pessoa imigrante documento segurar médico estimativo governar municipal d cumprir quarentenar e obrigar o trabalhar entregador faxineiros babá alimentar família deixar buscar atendimento médico medo deportar",saúde,08/04/2020 14h39 ,08/04/2020 14h39 ,https://noticias.uol.com.br/ultimas-noticias/afp/2020/04/08/maioria-dos-mortos-por-novo-coronavirus-em-nova-york-sao-latinos.htm,1
2491,"Venda on-line ganha 13 milhões de novos clientes em 2020, e faturamento aumenta 41%","Em meio à pandemia de coronavírus, e-commerce teve a maior alta de faturamento em 13 anos, com R$ 87,4 bilhões. Mais da metade das compras já é feita em celulares. ","vender on-line ganhar milhão consumidor brasil levantamento ebit nielsen pandemia coronavírus o e-commerce alcançar 79,7 milhão cliente ano passar representar alto o comprador repetir o comprar internet medir restrição circulação e o fechamento loja físico durante o crise principal fatores o crescimento comprar site o pesquisar varejar ruir loja fechar portar o ebit nielsen",política, 29/03/2021 15h47 ,,https://g1.globo.com/economia/tecnologia/noticia/2021/03/29/faturamento-de-lojas-on-line-cresce-41percent-em-2020-maior-alta-em-13-anos.ghtml,1
2492,"

Coren anuncia que enfermeiros e técnicos serão mandados para missão dos EUA no Irã #boato 
",Boato – O Conselho Regional de Enfermagem (Coren) anuncia que todos os enfermeiros e técnicos devem se apresentar ao Exército para serem enviados para missão dos EUA no Irã a pedido do presidente Jair Bolsonaro.,o coren o pedir presidente jair bolsonaro anunciar enfermeiro e tecnicos enfermagem dever apresentar o o exército auxiliar missão eua irã,brasil,08/01/2020,"
Edgard Matsuki ",https://www.boatos.org/brasil/coren-enfermeiros-tecnicos-missao-eua-ira.html,0
2493,"
  Não há previsão para retorno de ""A Semana do Presidente"" no SBT, apesar de projeto em 2020","Publicações compartilhadas mais de 80 mil vezes em redes sociais desde o início de 2020 asseguram que a emissora de TV SBT voltará a exibir o programa “A Semana do Presidente”, criado durante o regime militar brasileiro para divulgar as atividades do chefe de Estado. No entanto, desde que as postagens começaram a circular, a atração não foi transmitida pelo canal. À AFP, o SBT informou que houve a intenção de retomar o programa em 2020, mas que o projeto não foi aprovado e que, agora, não há previsão de volta.Envie-nos por WhatsApp Email",“ ordem silvio santo o sbt voltar o exibir ‘ o semana presidente ’ programar sucesso durante o regime militar o dono sbt necessário destacar o trabalhar governar jair bolsonaro gostar ” o texto amplamente compartilhar facebook e instagram criar durante o ditadura militar brasileiro 1964-1985 o programar exibir evento o presidente haver participar dia anterior consolidar ferramenta depropaganda politicar o sbt confirmar o o checar o atração começar o transmitir emissor governar general figueiredo e parar exibir o país governar fernando henrique cardoso,brasil,26/02/2021 às 20:31,AFP Brasil,https://checamos.afp.com//nao-ha-previsao-para-retorno-de-semana-do-presidente-no-sbt-apesar-de-projeto-em-2020,0
2494,"Suspeito de hackear TSE estava em prisão domiciliar, diz polícia portuguesa  ",,responsável atacar o tse tribunal superior eleitoral o hacker português tomás bonifácio pedroso prisão domiciliar e apresentar justiçar país europeu horar depoimento o informação divulgar hoje inspetor rogério bravo chefe combater o o cibercrime polícia judiciário portuguesar zambrius o hacker ano e deter casar março tornozeleira eletrônica efetuar atacar o empresar energia elétrica o prisão domiciliar decretar ocasião o pandemia haver espécie abusar condição haver imposto bravo coletiva,política,28/11/2020 17h26 ,28/11/2020 17h26 ,https://noticias.uol.com.br/eleicoes/2020/11/28/suspeito-de-hackear-tse-estava-em-prisao-domiciliar-diz-policia-portuguesa.htm,1
2495,"
  Na pesquisa de dezembro de 2020 do Ibope, Bolsonaro aparecia com 46% de aprovação","Um meme compartilhado mais de 6,7 mil vezes nas redes sociais desde o último dia 18 de janeiro afirma que uma pesquisa Ibope revelou que a aprovação do presidente Jair Bolsonaro chegou a 80%. Mas isso é falso: uma consulta às pesquisas divulgadas pelo instituto mostrou que na análise mais recente, de 16 de dezembro de 2020, a aprovação do mandatário estava em 46%.Envie-nos por WhatsApp Email",“ pesquisar ibope aprovação bolsonaro o viralizar o mídia fechadoscombolsonaro ” o texto acompanhar foto presidente meme compartilhar milhar facebook e circular instagram postagens o suposto aprovação bolsonaro atingir ganhar forçar janeiro divulgar pesquisar exame idear indicar o aprovação gestão chegar o o índice desaprovação o pesquisar percentual crise saudar manaus capital amazona desencadear onda covid-19 e agravar escassez oxigênio redar hospitalar cidade e o “ desencontro o cronograma vacinação ”,brasil,26/01/2021 às 21:05,AFP Brasil,https://checamos.afp.com//na-pesquisa-de-dezembro-de-2020-do-ibope-bolsonaro-aparecia-com-46-de-aprovacao,0
2496,Saúde abre vagas para profissionais atuarem em aldeias do povo Kayapó,,"Profissionais que se interessarem em atuar nos Distritos Sanitários Especiais Indígenas (DSEI) Kaiapó do Mato Grosso e Kaiapó do Pará têm até 31 de maio para realizar a inscrição do processo seletivo. O Ministério da Saúde, junto à entidade conveniada Associação Paulista para o Desenvolvimento da Medicina (SPDM), irá contratar profissionais médicos, enfermeiros e técnicos de enfermagem com salários que variam de R$ 2.567,55 a R$ 16.543,78. As inscrições podem ser feitas até 31 de maio no site da SPDM.   Serão contratados um médico clínico geral, dois enfermeiros e quatro técnicos de enfermagem para formação da Equipe de Resposta Rápida com atuação no combate à Covid-19 em aldeias do Mato Grosso. Também será contratado um apoiador técnico de saneamento para atuar na implementação de ações de saneamento, sendo preferencialmente engenheiro ou químico, em aldeias do Pará. Os profissionais serão capacitados pela SPDM para prestar os serviços básicos de saúde respeitando as culturas e tradições indígenas.",saúde,21/05/2021 17h50,Ministério da Saúde(61) 3315-3587 / 3580,https://www.gov.br/saude/pt-br/assuntos/noticias/saude-abre-vagas-para-profissionais-atuarem-em-aldeias-do-povo-kayapo,1
2497,"

Silvio Santos está dando nova nota de R$ 200 em jogo para quem compartilhar no WhatsApp #boato 
","Boato – O Programa Silvio Santos criou um jogo no qual o prêmio é a nova nota de R$ 200. Para concorre, a pessoa precisar acertar a “caixa premiada” e compartilhar o link do site com amigos no WhatsApp.",ganhar o noto r$ o programar silvio santo criar jogo acertar o caixa premiar ganhar legal e gratis láquerido usuário n jogar programar silvio santo o chance ganhar o noto r$ distribuir noto pessoa encontrar caixa premiar ganhar escolher o caixa presentar corretar o noto r$ 200?preste atenção hoje o chance sair d o noto r$ preciso encontrar o caixa presentar premiar cuidar tentativo sortir ok ganhar escolher o caixa presentar corretar o noto r$ 200?que peno o caixa escolhido vazio tentativo esgotar conseguir tentativo compartilhar promoção contatos whatsapp compartilhar,entretenimento,,"
Edgard Matsuki ",https://www.boatos.org/tecnologia/silvio-santos-dando-nova-nota-r-200-jogo-compartilhar-whatsapp.html,0
2498,Alemanha lançará estudo sobre magnitude da imunidade ao coronavírus  ,,o alemanha lançar estudar pessoa determinar imunizar o o coronavírus e avaliar o propagação vírus porta-voz principal instituto envolver susanne thiele centrar helmoltz pesquisar doença infeccioso brunswick confirmar informação divulgar der spiegel o estudar começar abril basear amostrar sangue coletadas intervalo regular pessoa pesquisador analisar produzir anticorpo o covid-19 provar contrair o doença e restabelecer carnê vacinação pessoa imunizar estabelecer o permitir retomar atividades apesar restrição vigor explicar gérard krause chefe serviço epidemiologia centrar helmoltz,saúde,27/03/2020 14h25 ,27/03/2020 14h25 ,https://noticias.uol.com.br/saude/ultimas-noticias/afp/2020/03/27/alemanha-lancara-estudo-sobre-magnitude-da-imunidade-ao-coronavirus.htm,1
2499,Abin e Itamaraty negam ter dados sobre pandemia e 'guerra bacteriológica'  ,,o chefe abin agência brasileiro inteligência alexandre ramagem responder o requerimento cpi pandemia o abin produzir relatório informação o origem coronavírus início maio o presidente jair bolsonaro sugerir o vírus causar o pandemia covid-19 mundo criar laboratório e mencionar o possibilidade guerra vírus ninguém nascer laboratório nascer algum humanar ingerir animal inadequado militar o guerra químico bacteriológico e radiológico enfrentar guerra o país crescer o pib afirmar bolsonaro durante cerimônia palácio planalto o o responder o o ofício ramagem atender o requerimento senador tasso jereissati psdb-ce o chefe abin questionar o manifestação presidente repúblico fundamentar algum informação produzir obtido o atividades d agência,política,02/06/2021 12h26 ,02/06/2021 12h26 ,https://noticias.uol.com.br/colunas/juliana-dal-piva/2021/06/02/abin-itamaraty-novo-coronavirus-bolsonaro-guerra-bacteriologica.htm,1
2500,"Bancos estão negando crédito para pequenas empresas, diz Sebrae  ",,o empresar pequeno portar brasil negar pedir empréstimo banco afirmar n quinta-feira o sebrae entidade setor o órgão pesquisar pequeno empreendedor d afirmar conseguir crédito o início crise deflagrar medir isolamento social tomar governo conter o pandemia coronavírus o sebrae motivo levar pequeno negócio o demitir empregar dia cercar empresário revelar demissão o pesquisar empresar considerar situação financeiro razoável ruim pandemia o crise quase d virar faturamento cair perda médio e o estimativo empresar conseguir permanecer fechar dinheiro pagar contar dia,saúde,09/04/2020 17h39 ,Por Aluísio Alves,https://economia.uol.com.br/noticias/reuters/2020/04/09/bancos-estao-negando-credito-para-pequenas-empresas-diz-sebrae.htm,1
2501,"

Bruno Henrique diz que o Flamengo é maior do que Deus em entrevista #boato 
","Boato – Em entrevista ao Esporte Interativo, o atacante Bruno Henrique declarou que Flamengo é maior do que Deus e diz que nenhum ser divino pode tirar o título do time.",deus tamanho flamengo o flamengo deus nenhum divino capaz tirar o título gente – brunir henrique esporte interativo,entretenimento,,"
Edgard Matsuki ",https://www.boatos.org/esporte/bruno-henrique-flamengo-maior-deus.html,0
2502,o simpsons prever o vitória joe biden o eleição,,"publicação obter 2,6 compartilhamentos horar arquivar apresentar comparativo entrar mapa político aparecer algum episódio desenhar e o cenário votação d ano",entretenimento,7/11/20207,marco faustino,https://www.e-farsas.com/os-simpsons-previram-a-vitoria-de-joe-biden-nas-eleicoes-de-2020.html,0
2503,Como tratar da guarda dos filhos de pais separados durante a quarentena?  ,,o isolamento social provocar pandemia coronavírus afetando prático estabelecido casar separar guardar filho preocupar reduzir o o mínimo o circulação e o exposição covid-19 pai e mãe discutir o melhor o garantir o saudar criança situação decidir judiciário e provocar reflexo psicologia criança e adolescente criar lei e atualizada o guardar compartilhar surgir possibilitar separar pai resolver conjuntar o referir vidar filho conformar marília goldman quite promotor justiçar família portar alegrar o regrar separação casal preservando-se interesse criança e adolescente crescer o participação integral pai educação o possibilidade legal o guardar unilateral caber o determinar atividades escola frequentar e haver caso ex-casais chegar o acordar mudança s visitar e sair filho causar corona vírus buscar solução dialogar comunicação violento assegurar o convivência estabelecido encontrar formar o advogar maria alice rodrigar professorar direito família unisinos rs acontecer especialmente o casal varar família receber pedir alteração visitar criança especialmente razão recear pai filho contaminar deslocamento casar afirmar marília goldman quite pai conseguir conversar e decidir junto significar necessariamente divergência levar justiçar maria alice rodrigar importante advogar encaminhar ação procurar ajudar o casal o chegar o solução adequar acordar recentemente o criança viver o mãe e diminuir o circulação o casal decidir alternância guardar o semana pai visitar semana levar eventualmente dormir casar d preferir reduzir sair,saúde,22/04/2020 04h00 ,Antonio Candido,https://www.uol.com.br/universa/noticias/redacao/2020/04/22/como-tratar-da-guarda-dos-filhos-de-pais-separados-durante-a-quarentena.htm,1
2504,"

Assine petição para impeachment de Bolsonaro compartilhando link no WhatsApp #boato 
","Boato – Para assinar petição que vai ajudar no impeachment de Bolsonaro, você tem que entrar em um site e compartilhar um link com amigos no WhatsApp.",acreditar o governar bolsonaro responsável aumentar morte covid-19 desejar assinar petição impeachment presidente jair bolsonaro não.falta evitar fraudar petição e garantir assinatura seguir passo o seguir validar participação compartilhar amigo whatsapp clicar ícone “ whatsapp ” abaixar clicar “ validar assinatura ” e aguardar o confirmação pronto assinatura contabilizar,entretenimento,15/03/2021,"
Edgard Matsuki ",https://www.boatos.org/tecnologia/assine-peticao-impeachment-bolsonaro-compartilhando-link-whatsapp.html,0
2505,o pt entrar ação o stf parir impedir bolsonaro reduzir o preço gás,é verdade que o partido dos trabalhadores entrou com uma ação no supremo tribunal federal para impedir que jair bolsonaro reduza o preço do gás de cozinha?,o notícia surgir semana agostar rede social e diverso site e blogs e afirmar integrante trabalhador enviar ação o o stf exigir o presidente jair bolsonaro impedir prosseguir o projeto redução preço gás país,política,6/08/20197,gilmar lopes,https://www.e-farsas.com/o-pt-entrou-com-acao-no-stf-para-impedir-que-bolsonaro-reduza-o-preco-do-gas.html,0
2506,Anac autoriza venda de assentos em táxi-aéreo por conta da pandemia  ,,o anac agência nacional aviação civil aprovar regrar empresar táxi-aéreo vender assento individuar passageiro o medir tomar caráter emergencial permitir companhia executar transportar aéreo não-regular transportar pessoa e cargo facilidade contar cenário causar pandemia coronavírus o decisão aprovar reunião deliberativo diretoria colegiada anac terça-feira o permissão empresar táxi-aéreo certificar regulamentar brasileiro aviação civil ofertar bilhete aéreo voo semana e aeronave assento operação limitar o o frequência semanal ocorrer regime autorização prévio e seguir requisito segurança previsto explicar o anac empresar querer operar capacidade superior o voo semanal precisar medir adicionar requisito operacional e registrar serviço transportar aéreo caso direito e dever passageiro preservar o reembolsar pagar passageiro casar o serviço prestar o anac entender o ampliação capacidade ofertar empresar táxi-aéreo iniciativo o o enfrentamento crise o setor passar possibilitar o incrementar roto regional o passageiro e profissional precisar deslocamento cidade restrição malhar aéreo o agência.a anac oferecer serviço consulto online aeronave e empresar táxi-aéreo executar voo indicar o empresar táxi-aéreo homologar anac e aeronave certificar,saúde,06/08/2020 13h35 ,06/08/2020 13h35 ,https://economia.uol.com.br/noticias/redacao/2020/08/06/anac-autoriza-venda-de-assentos-em-taxi-aereo-por-conta-da-pandemia.htm,1
2507,É #FAKE que foto mostre amígdalas de paciente com Covid-19,"Mensagem falsa diz que coronavírus causa necessariamente inflamação na garganta e febre altíssima. Médicos afirmam que isso não consta da descrição clássica da doença. Foto usada é antiga e se refere a uma infecção bacteriana, ou seja, não é de um paciente com coronavírus.",circular rede social foto amígdala inflamar vermelhidão atribuir o paciente o covid-19 texto acompanhar o imagem tratar consequência típico doença o mensagem descrever o quadrar clínico pessoa desenvolver o doença e acompanhar foto d mostrar amígdala avermelhar simbolizar o garganta pessoa doente e coloração intenso o mensagem paciente recuperação o texto concluir “ ficar amígdala chegar o ficar casar ” ganhar are autêntico o texto falir sintoma relatar ar e tossir e procedimento médico o paciente grave submetido o respiração mecânico “ escrever médico ”,saúde, 17/06/2020," Por Roberta Pennafort, CBN ",https://g1.globo.com/fato-ou-fake/coronavirus/noticia/2020/06/17/e-fake-que-foto-mostre-amigdalas-de-paciente-com-covid-19.ghtml,0
2508,Brasil é único país acima de 200 milhões de habitantes com saúde universal  ,,"postagem publicar twitter pedir o defeso único saudar sus e afirmar o sus o único público saudar ater o população milhão pessoa e fornecer remédio graça o postagem o equivalente britânico o serviço nacional saudar reinar unir nhs sigla inglês supostamente fato e brasileiro o direito atender gratuitamente sus definir constituição e lei 8.080 verdade o sus fornecer remédio gratuitamente hoje o população brasileiro 210,5 milhão o publicação entanto cometer errar o o o nhs fornecer medicação totalmente graça o britânico oferecer remédio gratuito lista doença e idoso jovem ano população pobre doença grave",brasil,17/10/2019 15h54 ,17/10/2019 15h54 ,https://noticias.uol.com.br/comprova/ultimas-noticias/2019/10/17/com-mais-de-200mi-habitantes-brasil-e-unico-com-sistema-universal-de-saude.htm,0
2509,"

Cubanos jogam artistas e jornalistas defensores do comunismo em caminhão de lixo #boato 
",Cubanos jogam artistas e jornalistas defensores do comunismo em caminhão de lixo #boato,cubano jogar artista e jornalista defender o comunismo o caminhão lixar esperar o brasil sos cubar o argentino e venezuela preparar parir tornar comunista cubar jogar o lato lixar o comunista cubar cubano jogar artista e jornalista defender o comunismo o caminhão lixar esperar o brasil,mundo,22/07/2021,"
Edgard Matsuki ",https://www.boatos.org/mundo/cubanos-jogam-artistas-jornalistas-defensores-comunismo-caminhao-lixo.html,0
2510,Barroso diz a empresários que o Brasil perde de goleada na Amazônia  ,,empresário e representante associação participar reunião virtual o presidente supremo tribunal federal stf dia toffoli e o ministrar luís roberto barroso tratar combater o o desmatamento ilegal amazônia o encontrar programar acabar s 19h estender horar período identificar potenciar parceria o judiciário e o iniciativo privar conter irregularidade região empresário falar prejuízo imagem brasil e o negócio contar avançar desmatamento pedir agilidade o julgamento relacionar implementação código florestal pautar tribunal jogar perder golear o imagem conteúdo o certo barroso durante o encontrar o assessoria imprensar empresarial o desenvolvimento sustentável cebds,política,11/08/2020 21h59 ,Fernanda Nunes,https://noticias.uol.com.br/ultimas-noticias/agencia-estado/2020/08/11/barroso-diz-a-empresarios-que-o-brasil-perde-de-goleada-na-amazonia.htm,1
2511,É #FAKE que STF decidiu que dinheiro público roubado não precisa ser devolvido passados cinco anos da investigação,Decisão nunca foi proferida. Tribunal vem sendo alvos de ataques nas redes sociais.,circular rede social mensagem afirmar o supremo tribunal federal decidir dinheiro público desviar preciso devolver o o erário casar passar ano descobrir crime agostar voto o plenário stf deliberar sentir opor o o relatar mensagem o cortar reconhecer o imprescritibilidade ações ressarcimento dano o o erário decorrente atar doloso improbidade administrativo crime cometer agente público durante o exercício função decorrência d o decisão sair julgamento processar oriundo tribunal justiçar paulo e passar o aplicar aproximadamente processo semelhante instância inferior informação stf época,política, 15/05/2020," Por Roberta Pennafort, CBN ",https://g1.globo.com/fato-ou-fake/noticia/2020/05/15/e-fake-que-stf-decidiu-que-dinheiro-publico-roubado-nao-precisa-ser-devolvido-passados-cinco-anos-da-investigacao.ghtml,0
2512,"

Arraia jamanta gigante é filmada junto a tubarão no Campo de Búzios #boato 
","Boato – Vídeo flagra arraia jamanta gigante nadando ao lado de tubarão, em plataforma da Petrobras, no Campo de Búzios (RJ).","“ arraia jamanta visto plataforma alto mar campar búzio pertencente o o pré sal o tamanho tubarão aparecer o o d calcular 1,5 metro imaginar o tamanho d arraia ” .“arraia jamanta plataforma alto mar campar búzio pertencer o o pré sal calcular o tamanho tubarão 1,5 metro ”",brasil,22/04/2021,"
Kyene Becker ",https://www.boatos.org/brasil/arraia-jamanta-filmada-junto-tubarao-campo-buzios.html,0
2513,É falso que máscaras reduzam imunidade e potencializem a proliferação de bactérias,,o o contrário vídeo publicar youtube e verificar máscara cirúrgico artesanal feito panar dispor filtro permitir o passagem oxigênio e filtrar partícula infectar coronavírus acordar recomendação médico máscara recomendar reduzir taxar transmissão coronavírus,saúde,2020/05/13,Comprova,https://projetocomprova.com.br/publicações/mascaras-nao-reduzem-imunidade-e-ajudam-no-combate-ao-novo-coronavirus/,0
2514,Post de deputado apresenta dados enganosos sobre número de mortes por outras doenças na pandemia,,ministério saudar divulgar informação consolidar o tornar impossível comparação óbito e cartório apresentar limitação atualização constante registro identificar recentemente alteração óbito ocorrido ano passar,saúde,2020/08/18,Comprova,https://projetocomprova.com.br/publicações/post-de-deputado-apresenta-dados-enganosos-sobre-numero-de-mortes-por-outras-doencas-na-pandemia/,0
2515,"

WhatsApp, Facebook e Instagram foram bloqueados por causa da tragédia de Suzano #boato 
","Boato – O WhatsApp, Facebook e Instagram estão fora do ar por causa do ataque na escola de Suzano (SP). Estão investigando a tragédia e não querem que compartilhem fotos das vítimas da tragédia.",whatsapp parar mandar áudio e vídeo facebook curtir comentar instagram posto mensagem enviar contar atacar escola matar pessoa investigar rede social querer o compreensão compartilhar whatsapp messenger instagram e facebook bloquear publicação foto vídeo e áudio contar repercussão tragédia suzano dia março aplicativo permanecer indeterminar repassar … whatsapp parar mandar áudio vídeo facebook curtir comentar instagram jaja mensagem bloquear whatsapp contar atacar escola matar criança investigar rede sócio compartilhar comunicar rede social acesso á compartilhamento áudio vídeo foto etc dever o tragédia suzano espalhar foto e vídeo aluno morto vítima d tragédia whatsapp instagram facebook e rede social temporariamente bloquear compartilhar imagem gente whatsapp parar mandar áudio vídeo facebook curtir e comentar instagram jajá mensagem bloquear wpp contar atacar escola suzano investigar rede social planejando atentar escola repassar,entretenimento,13/03/2019,"
Edgard Matsuki ",https://www.boatos.org/tecnologia/whatsapp-facebook-instagram-bloqueados-suzano.html,0
2516,"

TCU afirma que 50% dos óbitos registrados por Covid-19 não foram por Covid-19 #boato 
",Boato – Relatório do TCU aponta que 50% dos óbitos registrados por Covid-19 não foram por Covid-19.,relatório tcu óbito registrar covid covid-19 assistir e entender bomba bolsonaro tcu dúvida morte covid-19 fraudemia • óbito fake relatório tcu,saúde,07/06/2021,"
Edgard Matsuki ",https://www.boatos.org/saude/tcu-50-dos-obitos-registrados-por-covid-19-nao-foram-por-covid-19.html,0
2517,"

Charlie Hebdo diz, em capa, que STF acredita que Lula é um santo #boato 
",Boato – Capa da revista francesa Charlie Hebdo tem uma matéria falando do STF e de Lula com o seguinte título: “Suprema Corte do Brasil acredita que Lula é um santo”.,jornal fraces charlie hebdo gozação stf “ supremo cortar brasil acreditar lula santo ” francês charlie hebdo mostrar o o mundo ministro corrupto stf!!!stf envergonhar o brasil “ cortar supremo brasileiro estimar lula santo ” jornal charlie hebdo chacota stf brasileiro e toffoli e alexandre moraes censurar o publicação jornal francês o jornal francês charlie hebdo ironizar dó vergonhoso atuação stf patife-mor lula silvar o manchete ferino cortar supremo brasil estimar lula santo e sapecar fotomontagem o presidiário aparecer jesus santidade santo cear fé,política,22/04/2019,"
Edgard Matsuki ",https://www.boatos.org/politica/capa-charlie-hebdo-stf-lula-santo.html,0
2518,É enganoso o tuíte que acusa Bolsonaro de acabar com o Bolsa Atleta  ,,enganoso o postagem sugerir o governar jair bolsonaro acabar o bolsar atleta programar apoiar prático esportivo alto rendimento o ano passar lançar o edital parir seleção atleta parir receber o benefício o auxílio deixar existir parir haver selecionado o programar segundar o governar federal o decisão lançar edital contar pandemia e suspensão campeonato decorrência covid-19 o post publicar o twitter o autor ressaltar maneiro corretar atleta participar olimpíada tóquio beneficiar pelar programar criar luiz inácio lula silvar pt o presidente,política,30/07/2021 14h55 ,30/07/2021 14h55 ,https://noticias.uol.com.br/comprova/ultimas-noticias/2021/07/30/e-enganoso-o-tuite-que-acusa-bolsonaro-de-acabar-com-o-bolsa-atleta.htm,0
2519,Fux anuncia comitê de segurança digital da Justiça após ataque hacker a STJ  ,,o presidente stf supremo tribunal federal luiz fux afirmar criar amanhã comitê cnj nacional justiçar tratar segurança digital tribunal brasileiro o cnj o órgão gestão administrativo judiciário e comandar presidente stf o iniciativo tomar o atacar hacker o o stj superior tribunal justiçar ocorrer semana,política,09/11/2020 15h42Atualizada em 09/11/2020 15h45 ,Felipe Amorim,https://noticias.uol.com.br/politica/ultimas-noticias/2020/11/09/fux-anuncia-comite-de-seguranca-digital-da-justica-apos-ataque-hacker-a-stj.htm,1
2520,"Bolsonaro impõe cabresto a olavistas no governo, mas quer grupo para 2022  ",,o sucessão crise enfrentar olavismo governar jair bolsonaro haver expectativa presidente seguir d o reeleição visão mandatário problemático o chamar núcleo ideológico — compor fã guru conservador olavo carvalho — provar suficiente lealdade e continuar o função multiplicador internet apurar o uol e o chefe executivo federal rede social seguir o terreno fértil alavancar o campanha reeleição d o ano o olavismo haver bolsonaro tomar posse amplo ministério importante o casar civil o educação e o itamaraty,política,20/07/2020 04h00 ,Hanrrikson de Andrade,https://noticias.uol.com.br/politica/ultimas-noticias/2020/07/20/bolsonaro-impoe-cabresto-a-olavistas-mas-quer-apoio-do-grupo-para-2022.htm,1
2521,Donos mandam trocar fechaduras de igreja após pastor planejar culto nos EUA  ,,pastor cidade lodi califórnio planejar o realização culto congregação domingo anterior páscoa proprietário prédio o igreja funcionar mandar trocar fechadura e impedir o entrar pessoa instalação religioso pretender desafiar decretar isolamento social instalar medir prevenção covid-19 doença provocar coronavírus o site revisto americano newsweek o polícia aparecer barrar pessoa entrar igreja o pastor jon duncan cross culture christian center anunciar o fiel seriar impedir realizar o culto informar o prédio fechar mudar fechadura o pastor o membro congregação evangélico duncan haver anunciar entrevisto o emissor afiliar fox americano pretender seguir realizar culto presenciar ordem distanciamento social emitir governar estadual califórnio reunir acreditar direito proteger 1ª emendar constituição eua e considerar essencial ocasião o líder religioso,saúde,07/04/2020 17h13 ,07/04/2020 17h13 ,https://noticias.uol.com.br/internacional/ultimas-noticias/2020/04/07/donos-mandam-trocar-fechaduras-de-igreja-apos-pastor-planejar-culto-nos-eua.htm,1
2522,"Uefa e federações ""liberam"" datas de seleções em junho para concluir ligas  ",,federação nacional filiar uefa ceder hoje durante reunião teleconferência datar reservar jogo seleções acontecer junho d ano conclusão competição nacional o brecha calendário o adiamento eurocopa acontecer junho e julho e passar dirigente admitir encontrar hoje o temporada paralisar causar pandemia coronavírus estendido agostar n período seriar incluir jogo finar ligar campeão e ligar europa paralisar durante e finar previsto e maio respectivamente,saúde,01/04/2020 21h18 ,01/04/2020 21h18 ,https://www.uol.com.br/esporte/ultimas-noticias/efe/2020/04/01/uefa-e-federacoes-liberam-datas-de-selecoes-em-junho-para-concluir-ligas.htm,1
2523,É #FAKE que 300 funcionários da Petrobras foram demitidos logo após anúncio de troca na presidência,Cartazes e áudios veiculam mensagens falsas após o anúncio da troca da diretoria da petrolífera feita por Bolsonaro. Empresa diz que mensagens são falsas e sem fundamento.,circular rede social mensagem falir demissão petrobras bolsonaro anunciar general o presidente estatal n funcionário ligar o josé dirceu demitir petrobras andar inteirar prédio esvaziar acomodação militar e polícia federal procurar g1 o petrobras informar informação constar n cartaz e áudio informação semelhante circular rede social proceder e possuir fundamentar o polícia federal afirmar haver informação n sentir âmbito pf e solicitação cessão servidor entidade administração direta indireta avaliar termo lei,brasil, 26/02/2021," Por Roney Domingos, G1 ",https://g1.globo.com/fato-ou-fake/noticia/2021/02/26/e-fake-que-300-funcionarios-da-petrobras-foram-demitidos-logo-apos-anuncio-de-troca-na-presidencia.ghtml,0
2524,Patrimônio médio de candidatos brancos é 3 vezes maior do que o de pretos  ,,"candidato s prefeitura autodeclaram branco patrimônio médio declarar preto registrar juntar o o tse tribunal superior eleitoral o uol investigar atualizados candidato retirar contar declarar registro valorar desproporcionar e erro digitação raça candidato branco rico patrimônio médio candidato o prefeitura r$ 1,42 milhão pardo cair r$ e preto ficar r$ o médio encontrar indígena",política,13/10/2020 04h00Atualizada em 13/10/2020 09h46 ,Carlos Madeiro,https://noticias.uol.com.br/eleicoes/2020/10/13/patrimonio-medio-de-candidatos-brancos-e-3-vezes-maior-do-que-o-de-pretos.htm,1
2525,"Variante brasileira pode virar monstro, diz governadora italiana  ",,"o governador região afetadas atualmente pandemia coronavírus itália afirmar hoje o variante brasileiro sars-cov-2 tornar monstro"".donatella tesar governador úmbria centrar país expressar preocupação mutação vírus durante pronunciamento assembleia legislativo regional situar perúgia o variante brasileiro arriscar tornar o monstro d crise o itália preocupação úmbria e o país declarar tesar extrema-direita liga.perúgia abrigar focar disseminação variante brasileiro sars-cov-2 contabilizar infectar semana passar o governar regional haver informar o variante conter mutação tido particularmente agressivo e reconhecível imunológico treinar o vírus original.em palavra autoridade sanitário úmbria temer pessoa anticorpo o sars-cov-2 exposto variante brasileiro haver notícia foco hospital bolonha marcar abruzzo molise toscano messina e esperar caber úmbria enfrentar o variante tesei.até o o região contabilizar 38.674 caso e morte pandemia o itália inteiro somar 2,64 milhão contágio e 91.580 óbito entanto o escasso cobertura hospitalar o úmbria viver situação delicado país atualmente.de acordar levantamento jornal il sole orar o região o taxar ocupação leito uti o itália índice 59,23 d úmbria incluir o província perúgia lockdown conter o disseminação coronavírus.a difusão variante brasileiro surgir manaus o governar italiano proibir o entrar país pessoa transitar brasil dia anterior viagem",saúde,09/02/2021 10h33 ,09/02/2021 10h33 ,https://noticias.uol.com.br/ultimas-noticias/ansa/2021/02/09/variante-brasileira-pode-virar-monstro-diz-governadora-italiana.htm,1
2526,Restaurantes de jurados do MasterChef têm entrega; veja como e o que pedir  ,,"Para driblar a queda do movimento nos restaurantes durante a pandemia do coronavírus, muitos donos precisaram repensar o horário de funcionamento, tamanho das equipes e aderir ao delivery ou take away. Nem mesmo nomes consagrados da gastronomia fugiram deste cenário, tanto no Brasil, como em todo o mundo. Famosos para o grande público como jurados do ""MasterChef Brasil"", Henrique Fogaça, Érick Jacquin e Paola Carosella também tiveram que se adaptar à nova realidade. Veja como a crise do covid-19 interferiu em seus estabelecimentos e o que os famosos chefs têm feito para contornar o problema. O mais recente a entrar no universo não presencial é o Président, de Jacquin. Localizado na rua da Consolação, perto da Oscar Freire e Avenida Paulista, realiza entrega em uma área de 5 quilômetros do estabelecimento pelo iFood, Rappi e Uber Eats. Outra opção é o take away, pelo número (11) 3062-7169.     Premiado Pato do Dr. Ricardo, do restaurante Président, do chef Erick Jacquin Imagem: Divulgação",saúde,02/04/2020 14h19 ,Pedro Fonseca,https://www.uol.com.br/nossa/noticias/redacao/2020/04/02/restaurantes-dos-jurados-do-masterchef-tem-entrega-veja-como-e-o-que-pedir.htm,1
2527,O que acontece após Brasil anunciar casos suspeitos de coronavírus e elevar risco para 'iminente'?  ,,ministério saudar investigar caso suspeito coronavírus brasil total infecção crescer rapidamente mundo vírus letal e causar doença grave epidemiar anterior reportagem atualizada s 17h20 29/01/20 o ministério saudar anunciar haver caso suspeito coronavírus país o informação coletiva imprensar d quarta-feira 29/1 o ministério entanto nenhum caso análise provável caso notificar o início crise excluir exame descartar posteriormente,saúde,28/01/2020 16h13 ,Rafael Barifouse - Da BBC News Brasil em São Paulo,https://noticias.uol.com.br/ultimas-noticias/bbc/2020/01/28/o-que-acontece-apos-brasil-anunciar-1-caso-suspeito-de-coronavirus-e-elevar-risco-para-iminente.htm,1
2528,"Governo pede que Supremo derrube decretos de BA, GO, PR, RJ e SC que restringiram transportes",Normas visam frear avanço do coronavírus. Advocacia Geral da União diz que medidas podem causar desabastecimento e que cabe à União legislar sobre trânsito e transportes. ,o governar federal o supremo tribunal federal stf derrubar decreto estadual restringir o tranporte intermunicipal e interestadual bahia goiá paraná rir janeiro e santo catarino decretar restrição tentativo conter o propagação coronavírus n semana o agência nacional transporte terrestre antt e o advocacia união agu enviar manifestação o o supremo endossar pedir o o tribunal confederação nacional transportar cnt o cnt apresentar ação semana passar pedir o suspensão decreto restringir o trânsito veículo e pessoa diviso e limite município,política, 30/03/2020 08h55 ," Por Mariana Oliveira, TV Globo — Brasília ",https://g1.globo.com/politica/noticia/2020/03/30/governo-pede-que-supremo-derrube-decretos-de-ba-go-pr-rj-e-sc-que-restringiram-transportes.ghtml,1
2529,Barras ao fundo das caixas de leite não indicam que produtos são usados  ,,reparar caixa leite apresentar barrir colorir o o fundir embalagem o significar mensagem circular rede social explicação produto reutilizado o caixa barrinha colorir produto vencer voltar o fabricante e colocar produto reaproveitar voltar o mercar o mensagem circular rede social e mostrar caixa leite -- barrir e o produto vencer e ótimo consumir informar o mensagem comprar olhar embaixo escolher validade,entretenimento,26/12/2018 04h00 ,Lucas Borges Teixeira,https://noticias.uol.com.br/confere/ultimas-noticias/2018/12/26/barras-ao-fundo-das-caixas-de-leite-nao-indicam-que-produtos-sao-usados.htm,0
2530,Boato usa frase de Doria para levantar dúvidas sobre pandemia de Covid-19  ,,publicação circulação twitter sugerir o governador paulo joão doria psdb inventar o país afetados pandemia coronavírus entrevisto o o jornalista josé luiz datena redar bandeirante o boatar afirmar o político citar o país mundo o informação entanto enganosa.de fato doria errar o o falar o cenário pandemia programar brasil urgente maio — o aparentar invenção verdade quantidade caso confirmar covid-19 base organização mundial saudar oms,política,29/05/2020 12h43 ,"Do UOL, em São Paulo ",https://noticias.uol.com.br/comprova/ultimas-noticias/2020/05/29/boato-usa-frase-de-doria-para-levantar-duvidas-sobre-pandemia-de-covid-19.htm,0
2531,Espanha volta a registrar apenas uma morte por covid-19 em 24 horas  ,,o governar espanha anunciar hoje o país voltar o registrar morte horar e semana decorrência covid-19 o doença provocar coronavírus refletem mudança mecanismo contabilidade ministério saudar anunciar segunda-feira indicar óbito registrar dia anterior o o boletim hoje o início pandemia ocorrer 27.119 falecimento território espanhol n quinta-feira o boletim ministério saudar registrar caso infecção coronavírus elevar o total 237.906,saúde,28/05/2020 21h01 ,28/05/2020 21h01 ,https://noticias.uol.com.br/ultimas-noticias/efe/2020/05/28/espanha-volta-a-registrar-apenas-1-morte-por-covid-19-em-24-horas.htm,1
2532,Ministro Rogério Marinho fez exame de covid-19 e resultado foi negativo  ,,o ministrar desenvolvimento regional rogério marinhar exame testar o covid-19 e o resultar negativar o assessoria marinhar dia o presidente jair bolsonaro e decidir o testar o presidente começar o sentir sintoma doença quinta-feira passar chegar o participar live o o bolsonaro o ministrar economia paulo guedes o testar ministério economia assessorar guedes o testar o covid-19 dia ocorrer reunião presenciar o presidente jair bolsonaro afirmar hoje contrair o coronavírus,saúde,07/07/2020 14h07 ,Adriana Fernandes,https://noticias.uol.com.br/ultimas-noticias/agencia-estado/2020/07/07/ministro-rogerio-marinho-fez-exame-de-covid-19-e-resultado-foi-negativo.htm,1
2533,"Coronavírus: Ameaça de pandemia é real, diz OMS","""Seria a 1ª pandemia da história que poderia ser controlada. O ponto principal é: não estamos à mercê deste vírus"", disse o diretor-geral da organização, Tedros Adhanom Ghebreyesus.",o diretor-geral organização mundial saudar oms tedros adhanom ghebreyesus declarar n o ameaçar pandemia covid-19 o doença causar coronavírus real o boletim entidade país território atingir covid-19 ryan o princípio palavra epidemiar o doença espalhar país país perspectivo alcançar o país e caso horar olhar trás e pensar medir quantitativo qualitativo o altura país afetados o vírus afirmar ryan apesar d citar caso o chino e singapura conseguir combater o vírus e reduzir o transmissão,ciência, 09/03/2020 13h19 ," Por Lara Pinheiro, G1 ",https://g1.globo.com/bemestar/coronavirus/noticia/2020/03/09/coronavirus-ameaca-de-pandemia-e-real-diz-oms.ghtml,1
