,Titulo,Subtitulo,Noticia,Categoria,Data,Autor,URL,Classe
2896,"

Vídeo de Regina Duarte sobre foro privilegiado foi censurado após passar na TV Tarobá #boato 
","Boato – Um vídeo de Regina Duarte falando sobre o foro privilegiado passou hoje pela manhã na TV Tarobá (grupo da Band). Depois, o Congresso e o Senado censuraram e já foi retirado até do YouTube.",o tv tarobá band apresentar vídeo hoje manhã seguir o congresso e senado ligar o tv intimar ameaçar retirar telejornal e retirar youtube.regina duarte pedir socorrer amigo compartilhar o congresso o supremo ditar regrar calar rede comunicação e blindar corrupto o foro privilegiar ditadura total aceitar,entretenimento,12/02/2020,"
Edgard Matsuki ",https://www.boatos.org/entretenimento/video-regina-duarte-foro-privilegiado-censurado-tv-taroba.html,0
2897,"

Número de mortes diárias por Covid-19 caiu por causa de investigação de Nelson Teich e Sérgio Moro #boato 
","Boato – O número de mortes diárias por Covid-19 caiu por causa de investigação de Nelson Teich e Sérgio Moro, depois que os ministros anunciaram uma auditoria sobre os óbitos divulgados. ",anúncio ministrar sérgio morar o pf investigar morte covid cair o morto país.nelson teich auditando divulgar o covid-19 resultar 1-números sp começar o cair mágico 2-a globo parar divulgar óbito 3-estados e prefeitura avisar reabrir economia,saúde,23/04/2020,"
Raiane Gonoli ",https://www.boatos.org/saude/numero-de-mortes-covid-19-caiu-investigacao-teich-moro.html,0
2898,Servidor que voltar do exterior fará trabalho remoto por 7 dias  ,,o secretariar especial desburocratização gestão e governar digital editar instrução normativo orientar servidor e empregar público realizar viagem internacional o serviço privar apresentar sintoma associar o o coronavírus dever executar atividades remotamente o dia contar datar retornar o o país o regrar adicionar in anterior publicar estabelecer orientação o órgão administração público federal s medir proteção enfrentamento emergência saudar público decorrente coronavírus o regrar determinar servidor voltar viagem internacional sintoma doença o trabalhar remoto o 14º dia retornar o o país o in publicar edição extra diário oficial união circular n sexta-feira,saúde,13/03/2020 19h02 ,Sandra Manfrini,https://noticias.uol.com.br/ultimas-noticias/agencia-estado/2020/03/13/servidor-que-voltar-do-exterior-fara-trabalho-remoto-por-7-dias.htm,1
2899,TJ-SP manda devolver valor pago pela ex-primeira dama Marisa Letícia por apartamento no Guarujá,,"o 8ª câmara direito privar tribunal justiçar paulo determinar o oas e o cooperativo habitacional bancário bancoop devolver o pagar ex-primeira-dama marisa letícia comprar apartamento guarujá sp o unidade origem investigação lava-jato condenar o ex-presidente lula acusar receber tríplex construtor o título propinar pago contrato o petrobras desembargador dono marisa comprar direito o apartamento entregar e haver provar o casal — o ex-primeira dama e lula — receber o posse o propriedade imóvel advogar lula afirmar o casal o posse usufruir imóvel início d o ministrar luiz edson fachin decidir o 13ª varar federal curitiba incompetente julgar lula ação tríplex e atibaia condenação anular o 2ª turma stf considerar o ex-juiz sergio morar parcial julgamento casar tríplex dono marisa adquirir cotar edifício construção cooperativo bancário abril o unidade corresponder o o apartamento metro quadrar e o entregar feito o prédio ficar pronto e prestação pago dezembro o empreendimento transferir o oas finalizar o construtor exigir cooperar assinar contratar o casar dono marisa o edifício solaris finalizar ano prazo original prometer cooperativo e lula o o edifício guarujá e visitar o tríplex reformar e receber elevador o lava-jato o tríplex pertencer o o casal e manter nome oas lula negar interessar imóvel afirmar justiçar visitar o apartamento querer fechar negócio durante investigação dono marisa desistir exercer cotar empreendimento haver desembolsar cercar r$ ingressar ação receber voltar o dinheiro pagar o desembargador mônica carvalho relator processar afirmar haver provar o imóvel disponibilizar o dono marisa o ressarcimento haver determinar juiz adilson rodrigar cruz 34ª cível paulo oas e bancoop recorrer o decisão 8ª turma tomar quarta-feira o manifestação instância e recorrer o tribunal superior transitar julgar o dinheiro devolver o o espólio ex-primeira dama lula inventariante o denúncia o ex-presidente lula apresentar força-tarefa lava-jato setembro o juiz sergio morar determinar sentença peno ano e prisão fevereiro 2018,o trf-4 aumentar o peno ano e prisão",brasil, Publicado em  26/03/21 15:44 ,Extra,https://extra.globo.com/noticias/brasil/tj-sp-manda-devolver-valor-pago-pela-ex-primeira-dama-marisa-leticia-por-apartamento-no-guaruja-24943137.html,1
2900,"“Nunca vi a sopa de morcego”, diz brasileiro em Wuhan, foco de novo coronavírus",A comunidade brasileira na cidade epicentro do vírus tem cerca de 70 pessoas. ,estrangeiro viver cidade wuhan habituar o dia o o alertar mundial provocar coronavírus chino o estudante brasileiro heros fernandes martines ano morar localidade haver ano e evitar sair casar proteger “ ficar casar virar macarrão instantâneo e comido guardar ” contar o paulista rfi ressaltar sair s ruir comprar mantimento “ precisar sair vestir o máscara recomendar – afinal seguro ” o protocolo aconselhar autoridade chinês incluir medir frequente desinfetar mão e o moradia verificar regularmente o temperatura e cozinhar alimento o comunidade brasileiro cidade reduzir cercar pessoa apesar o contaminar e morto subir dia heros demonstrar confiança gestão crise governar,ciência, 24/01/2020 14h17 ," Por RFI, G1 ",https://g1.globo.com/ciencia-e-saude/noticia/2020/01/24/nunca-vi-a-sopa-de-morcego-diz-brasileiro-em-wuhan-foco-de-novo-coronavirus.ghtml,1
2901,"3,7 mil brasileiros ainda esperam repatriação: 'Desamparo' e 'sem dinheiro'  ",,"dia o início repatriação itamaraty 3,7 brasileiro exterior enfrentar problema retornar o o brasil pandemia coronavírus o ministério exterior o governar informar concentrar o pedir retornar março repatriar 17.906 pessoa acordar o governar federal rede social pastar perceber brasileiro buscar orientação proceder haver pessoa afirmar maltar guiné-bissau venezuela e espanha conseguir voar o brasil questionar uol o itamaraty responder haver prazo o término repatriação reiterar brasileiro residente retido exterior considerar itamaraty e continuar trabalhar trazê-los voltar o brasil afirmar noto",saúde,01/05/2020 04h00 ,Luciana Amaral,https://noticias.uol.com.br/internacional/ultimas-noticias/2020/05/01/apos-40-dias-37-mil-brasileiros-ainda-aguardam-repatriacao-diz-itamaraty.htm,1
2902,É #FAKE que Ziraldo fez defesa da cloroquina e criticou quem faz campanha contra o remédio,Cartaz atribui ao cartunista frase que ele jamais disse. Estudos recentes mostram que a cloroquina não tem eficácia contra o novo coronavírus.,circular rede social cartaz atribuir o o cartunista ziraldo declaração defeso cloroquina combater o o coronavírus o cartaz foto presidente bolsonaro e o declaração o presidente ano curar covid-19 o cloroquina vidar salvo o globo lixar e político campanha o cloroquina procurar equipar fato fake o ziraldo arte e produção afirmar o mensagem fake grosseiro rede social o agência oficial publicar stories reforçar ziraldo d fake news,entretenimento, 27/07/2020," Por Roney Domingos, G1 ",https://g1.globo.com/fato-ou-fake/coronavirus/noticia/2020/07/27/e-fake-que-ziraldo-fez-defesa-da-cloroquina-e-criticou-quem-faz-campanha-contra-o-remedio.ghtml,0
2903,"

Papa diz que é necessário um líder mundial para a humanidade #boato 
","Boato – Em declaração polêmica, o papa Francisco disse que a humanidade precisa de um novo líder mundial para comandar a todos em um governo único.",papar francisco necessário “ líder mundial ” o humanidade.em cartar dirigir o bispo católico o papar francisco escrever acreditar governar global necessário o papar autoridade político responsável redução poluição e desenvolvimento país e região pobres.para o papar francisco mudança climático real e perigoso e recente cúpula realizar mundo o ambientar conseguir atender s expectativa o vontade político alcançar acordo global significativo “ o recente cúpula mundo o ambientar atender s expectativa dever vontade político capaz alcançar acordo ambientar verdadeiramente significativo e efetivos ” escrever o papar francisco encíclico …,entretenimento,,"
Hellen Bizerra ",https://www.boatos.org/religiao/papa-diz-necessario-lider-mundial.html,0
2904,Pacheco e Guedes se encontram ainda hoje para discutir reforma tributária  ,,o presidente senado rodrigar pacheco dem-mg encontrar hoje o ministrar economia paulo guedes deliberar proposto o reformar tributário brasil sessão plenário casar avisar ligar o o chefe pastar manhã converso o presidente câmara arthur lira pp-al o assunto aguardar o reunião guedes bater o martelar assessoria horário sessão senado haver encontrar paulo guedes tratar d reformar tributário e assistência social contar,política,04/02/2021 16h43 ,Natália Lázaro,https://economia.uol.com.br/noticias/redacao/2021/02/04/pacheco-e-guedes-se-encontram-ainda-hoje-para-discutir-reforma-tributaria.htm,1
2905,"

Vídeo prova que sistema da urna eletrônica pode ser fraudado #boato 
","Boato – Um vídeo prova que o sistema da urna eletrônica pode ser fraudado. No tutorial, o homem mostra um teste de “modo fraude” (aplicando um código) e consegue adulterar os votos.",possivel fraudar urna eletrônica link vídeo completo:[link]veja fácil fraudar urna!como “ fraudar ” o urna …,política,18/11/2020,"
Raiane Gonoli ",https://www.boatos.org/politica/video-urna-eletronica-fraudada.html,0
2906,"
  Facebook restaurou post sobre hidroxicloroquina, mas mantém política contra desinformação contra covid","Publicações alegando que o Facebook admitiu um erro por ter censurado conteúdos sobre o uso de hidroxicloroquina para tratar a covid-19 foram compartilhadas mais de 42 mil vezes desde pelo menos o último dia 30 de janeiro. Essa afirmação, entretanto, é enganosa. Um comitê independente formado pela rede social, de fato, solicitou a restauração de uma publicação feita por um usuário na França, alegando que ela não incentivava as pessoas a comprar ou tomar medicamentos sem receita, o que foi aceito pelo Facebook. Mas a empresa garantiu que mantém suas políticas contra a desinformação sobre o novo coronavírus. Envie-nos por WhatsApp Email","“ facebook reconhecer ‘ cometer errar ’ o o censurar hidroxicloroquina"",aparece imagem amplamente compartilhar redar social e site o redar social realmente restaurar postagem específico feito usuário frança outubro crítico o o governar francês haver recusar o autorizar o combinar hidroxicloroquina azitromicina o tratamento covid-19 entanto decisão alterar o posturar plataforma desinformação o covid-19",saúde,12/02/2021 às 22:40,AFP Brasil,https://checamos.afp.com//facebook-restaurou-post-sobre-hidroxicloroquina-mas-mantem-politica-contra-desinformacao-contra,0
2907,"Anvisa tem 30 dias para responder CE sobre importação da Sputnik, julga STF  ",,o ministrar stf supremo tribunal federal ricardo lewandowski prazo dia o anvisa agência nacional vigilância sanitário manifestar o importação excepcional vacinar sputink v o covid-19 decisão liminar casar o agência respostar o prazo o cear automaticamente autorizar o importar e distribuir o vacinar russo o prazo o magistrado começar o contar o dia março o anvisa manifestar o casar o dia abril,saúde,20/04/2021 00h18 ,20/04/2021 00h18 ,https://noticias.uol.com.br/saude/ultimas-noticias/redacao/2021/04/20/anvisa-tem-30-dias-para-responder-ce-sobre-importacao-da-sputnik-julga-stf.htm,1
2908,"

Complexo Hospitalar de Niterói (CHN) repassa orientações da Fiocruz sobre o coronavírus #boato 
","Boato – O Complexo Hospitalar de Niterói enviou um e-mail para a Dra. Sandra Mara com informações da Fiocruz sobre o coronavírus. O CHN disse, entre outras coisas, que o vírus é maior do que o normal e que não se propaga no ar.",chn – complexo hospitalar niterói médico e profissional saudar casar setor infectologia setor neurofisiologia dr sandra mara o preocupação informar profissional assustar e esclarecer dúvida o chn repassar informação fiocruz – centrar pesquisar e tecnologia epidemiar orientação fiocruz coronavírus o corona vírus o normal o diâmetro célula o mícron e motivar máscara impedir o entrar organismo o vírus propagar ar o coronavírus cair superfície metal permanecer viver durante horar lavar mão água e sabão suficiente o destruir.o corona vírus cair tecer permanecer viver durante horar lavar o roupar colocá-la o o sol durante horar suficiente o eliminar o vírus viver mão durante minuto desinfetante gel o eliminar o vírus expor o temperatura o ° c morre.a água exposto o o sol consumir perigar evitar comer gelar prato frio alimento quente seguro vestir o calor eliminar o vírus gargarejar água morno salgar matar vírus alojar amígdala e evitar passar pulmão medir suficiente evitar o ocorrência e propagação vírus mundo,saúde,24/04/2020,"
Edgard Matsuki ",https://www.boatos.org/saude/complexo-hospitalar-niteroi-chn-repassa-orientacoes-fiocruz-coronavirus.html,0
2909,"
  Imagens de pessoas nadando em canal de transposição do rio São Francisco são de 2017 ","“Com Bolsonaro deserto vira praia”, diz legenda que acompanha imagens de pessoas se banhando em um canal de transposição do rio São Francisco, compartilhadas milhares de vezes em redes sociais após o presidente Jair Bolsonaro inaugurar um trecho da obra de infraestrutura hídrica. As fotos datam, contudo, do início de 2017, quando o então presidente Michel Temer finalizou uma outra parte do projeto.Envie-nos por WhatsApp Email",“ transposiçao rir francisco virar piscina caatinga nordeste o homem ano mandar água e mandar bolsonaro desertar virar praia .. sic ” escrever usuário o o publicar imagem facebook “ bolsonaro defeito conseguir botar praia desertar ” postagem mensagem semelhante multiplicar facebook e twitter somar compartilhamentos o dia julho versão replicar mencionar bolsonaro ganhar forçar o presidente inaugurar o trecho projeto integração rir francisco cear dia junho,brasil,6/07/2020 às 22:43,AFP Brasil,https://checamos.afp.com//imagens-de-pessoas-nadando-em-canal-de-transposicao-do-rio-sao-francisco-sao-de-2017,0
2910,Veja o que é #FATO ou #FAKE nas declarações dos candidatos à Prefeitura do Rio na 6ª semana de campanha,"Frases foram ditas em redes sociais, no horário eleitoral na TV e no rádio e em entrevistas.",candidato prefeitura rir janeiro continuidade campanha eleitoral cidade n semana o registrar oficial candidatura postar rede social falar horário eleitoral e participar entrevisto e evento campanha o equipar fato fake checar principal declaração durante o semana candidato aparecer numericamente frente pesquisar o ordem seguir o pesquisar ler: eduardo paes dem “hospital mulher infelizmente virar maternidade”,política, 06/11/2020," Por G1, O Globo, Extra, TV Globo, CBN, Valor e GloboNews ",https://g1.globo.com/fato-ou-fake/noticia/2020/11/06/veja-o-que-e-fato-ou-fake-nas-declaracoes-dos-candidatos-a-prefeitura-do-rio-na-6a-semana-de-campanha.ghtml,0
2911,Veja o que é #FATO ou #FAKE nas declarações dos candidatos à Prefeitura do Rio na 6ª semana de campanha,"Frases foram ditas em redes sociais, no horário eleitoral na TV e no rádio e em entrevistas.","candidato prefeitura rir janeiro continuidade campanha eleitoral cidade n semana o registrar oficial candidatura postar rede social falar horário eleitoral e participar entrevisto e evento campanha o equipar fato fake checar principal declaração durante o semana candidato aparecer numericamente frente pesquisar o ordem seguir o pesquisar ler: eduardo paes dem ""o rir o capital brasileiro o índice desempregar inverter completamente hoje o capital brasileiro o índice desempregar”",política, 06/11/2020," Por G1, O Globo, Extra, TV Globo, CBN, Valor e GloboNews ",https://g1.globo.com/fato-ou-fake/noticia/2020/11/06/veja-o-que-e-fato-ou-fake-nas-declaracoes-dos-candidatos-a-prefeitura-do-rio-na-6a-semana-de-campanha.ghtml,0
2912,Veja o que é #FATO ou #FAKE nas declarações dos candidatos à Prefeitura do Rio na 6ª semana de campanha,"Frases foram ditas em redes sociais, no horário eleitoral na TV e no rádio e em entrevistas.",candidato prefeitura rir janeiro continuidade campanha eleitoral cidade n semana o registrar oficial candidatura postar rede social falar horário eleitoral e participar entrevisto e evento campanha o equipar fato fake checar principal declaração durante o semana candidato aparecer numericamente frente pesquisar o ordem seguir o pesquisar ler: marcelo crivella republicano “o transoeste custar r$ milhão o obrar superfaturada”,política, 06/11/2020," Por G1, O Globo, Extra, TV Globo, CBN, Valor e GloboNews ",https://g1.globo.com/fato-ou-fake/noticia/2020/11/06/veja-o-que-e-fato-ou-fake-nas-declaracoes-dos-candidatos-a-prefeitura-do-rio-na-6a-semana-de-campanha.ghtml,0
2913,Veja o que é #FATO ou #FAKE nas declarações dos candidatos à Prefeitura do Rio na 6ª semana de campanha,"Frases foram ditas em redes sociais, no horário eleitoral na TV e no rádio e em entrevistas.","candidato prefeitura rir janeiro continuidade campanha eleitoral cidade n semana o registrar oficial candidatura postar rede social falar horário eleitoral e participar entrevisto e evento campanha o equipar fato fake checar principal declaração durante o semana candidato aparecer numericamente frente pesquisar o ordem seguir o pesquisar ler: marcelo crivella republicano ""o candidatar psol o deputar marcelo freixo desistir suar candidatura desistir parir eduardo paes apresentar comer candidatar disfarçar candidatar camuflar""",política, 06/11/2020," Por G1, O Globo, Extra, TV Globo, CBN, Valor e GloboNews ",https://g1.globo.com/fato-ou-fake/noticia/2020/11/06/veja-o-que-e-fato-ou-fake-nas-declaracoes-dos-candidatos-a-prefeitura-do-rio-na-6a-semana-de-campanha.ghtml,0
2914,Veja o que é #FATO ou #FAKE nas declarações dos candidatos à Prefeitura do Rio na 6ª semana de campanha,"Frases foram ditas em redes sociais, no horário eleitoral na TV e no rádio e em entrevistas.",candidato prefeitura rir janeiro continuidade campanha eleitoral cidade n semana o registrar oficial candidatura postar rede social falar horário eleitoral e participar entrevisto e evento campanha o equipar fato fake checar principal declaração durante o semana candidato aparecer numericamente frente pesquisar o ordem seguir o pesquisar ler: marcelo crivella republicano “haver umar orientação o kit gay parir ensinar o escola doutrinar nefasto”,política, 06/11/2020," Por G1, O Globo, Extra, TV Globo, CBN, Valor e GloboNews ",https://g1.globo.com/fato-ou-fake/noticia/2020/11/06/veja-o-que-e-fato-ou-fake-nas-declaracoes-dos-candidatos-a-prefeitura-do-rio-na-6a-semana-de-campanha.ghtml,0
2915,Veja o que é #FATO ou #FAKE nas declarações dos candidatos à Prefeitura do Rio na 6ª semana de campanha,"Frases foram ditas em redes sociais, no horário eleitoral na TV e no rádio e em entrevistas.",candidato prefeitura rir janeiro continuidade campanha eleitoral cidade n semana o registrar oficial candidatura postar rede social falar horário eleitoral e participar entrevisto e evento campanha o equipar fato fake checar principal declaração durante o semana candidato aparecer numericamente frente pesquisar o ordem seguir o pesquisar ler: marta rocha pdt “durante o gestão secretário josé mariano beltrame o draco subordinar polícia civil delegacia subordinar diretamente secretariar segurança formar o subsecretariar inteligência subordinar polícia civil e secretariar segurança”,política, 06/11/2020," Por G1, O Globo, Extra, TV Globo, CBN, Valor e GloboNews ",https://g1.globo.com/fato-ou-fake/noticia/2020/11/06/veja-o-que-e-fato-ou-fake-nas-declaracoes-dos-candidatos-a-prefeitura-do-rio-na-6a-semana-de-campanha.ghtml,0
2916,Veja o que é #FATO ou #FAKE nas declarações dos candidatos à Prefeitura do Rio na 6ª semana de campanha,"Frases foram ditas em redes sociais, no horário eleitoral na TV e no rádio e em entrevistas.",candidato prefeitura rir janeiro continuidade campanha eleitoral cidade n semana o registrar oficial candidatura postar rede social falar horário eleitoral e participar entrevisto e evento campanha o equipar fato fake checar principal declaração durante o semana candidato aparecer numericamente frente pesquisar o ordem seguir o pesquisar ler: marta rocha pdt “o eleição o pdt apoiar ninguém parir o governar”,política, 06/11/2020," Por G1, O Globo, Extra, TV Globo, CBN, Valor e GloboNews ",https://g1.globo.com/fato-ou-fake/noticia/2020/11/06/veja-o-que-e-fato-ou-fake-nas-declaracoes-dos-candidatos-a-prefeitura-do-rio-na-6a-semana-de-campanha.ghtml,0
2917,Veja o que é #FATO ou #FAKE nas declarações dos candidatos à Prefeitura do Rio na 6ª semana de campanha,"Frases foram ditas em redes sociais, no horário eleitoral na TV e no rádio e em entrevistas.","candidato prefeitura rir janeiro continuidade campanha eleitoral cidade n semana o registrar oficial candidatura postar rede social falar horário eleitoral e participar entrevisto e evento campanha o equipar fato fake checar principal declaração durante o semana candidato aparecer numericamente frente pesquisar o ordem seguir o pesquisar ler: benedita silvar pt ""o falar publicar verdade publicar joão vaccari neto inocentar delúbio soar inocentar e pessoa considerar inocente comprovadamente inocente o nó antar""",política, 06/11/2020," Por G1, O Globo, Extra, TV Globo, CBN, Valor e GloboNews ",https://g1.globo.com/fato-ou-fake/noticia/2020/11/06/veja-o-que-e-fato-ou-fake-nas-declaracoes-dos-candidatos-a-prefeitura-do-rio-na-6a-semana-de-campanha.ghtml,0
2918,Veja o que é #FATO ou #FAKE nas declarações dos candidatos à Prefeitura do Rio na 6ª semana de campanha,"Frases foram ditas em redes sociais, no horário eleitoral na TV e no rádio e em entrevistas.",candidato prefeitura rir janeiro continuidade campanha eleitoral cidade n semana o registrar oficial candidatura postar rede social falar horário eleitoral e participar entrevisto e evento campanha o equipar fato fake checar principal declaração durante o semana candidato aparecer numericamente frente pesquisar o ordem seguir o pesquisar ler: benedita silvar pt “nó milhão pessoa sair miséria absoluto comer”,política, 06/11/2020," Por G1, O Globo, Extra, TV Globo, CBN, Valor e GloboNews ",https://g1.globo.com/fato-ou-fake/noticia/2020/11/06/veja-o-que-e-fato-ou-fake-nas-declaracoes-dos-candidatos-a-prefeitura-do-rio-na-6a-semana-de-campanha.ghtml,0
2919,"Médica influencer do HC: ""Ninguém precisa visitar UTI para saber gravidade""  ",,o mundo mudar e prioridade o médico luciana haddad hc-fmusp hospital clínico faculdade medicinar universidade paulo post redar social semana passar o ano cirurgião departamento transplantar fígado mãe criança haver ano dedicar s competicões corrido e triathlon amador alto frente batalhar coronavírus começar abandonar o esporte o equilibrar e o vidar familiar adaptar e puxar rotina trabalhar crise sanitário mundial época luciana o chamar influencer seguidor instagram perfil falir medicinar família esporte e atuação linha frente o covid-19 durante crítico durar pessoa desrespeitar o isolamento sensação ruim o o gente amigo gostar e respeitar festa correr devido cuidar e ignorar o trabalhar durar linha frente resolver focar e controlar o real médico esforçar dedicar frear pandemia e pessoa levar o sério n quase pandemia decepcionar o governar federal posicionamento frente o batalhar saudar,saúde,16/06/2020 11h00 ,Yara Achôa,https://www.uol.com.br/vivabem/noticias/redacao/2020/06/16/medica-influencer-do-hc-ninguem-precisa-visitar-uti-para-saber-gravidade.htm,1
2920,Infectologista detalha projeto de vacinação em massa contra a covid-19 em Botucatu (SP)  ,,o cidade botucatu interior paulo selecionada projeto pesquisar inédito avaliar o efetividade vacinar astrazeneca oxford variante coronavírus brasil adulto pessoa convidar o vacinar entrevisto rfi o infectologista alexandre naime barbosa chefe infectologia unesp botucatu sp e consultor sbi sociedade brasileiro infectologia explicar o projeto corresponder fase teste avaliar o efetividade vacinar conceito o salientar completamente diferente eficácia o vacinar astrazeneca oxford eficaz e funcionar querer avaliar o potência o funcionar vidar real vidar cidadão diferente condição e classe social o objetivo o respostar vacinação massa termo evitar internação hospitalar uti e mortalidade,saúde,29/04/2021 13h51 ,29/04/2021 13h51 ,https://noticias.uol.com.br/ultimas-noticias/rfi/2021/04/29/infectologista-detalha-projeto-inedito-de-vacinacao-em-massa-contra-a-covid-19-em-botucatu-sp.htm,1
2921,"Ex-ministros dizem que Bolsonaro ‘busca conflito’; para governista, presidente se defende de ataques","Eduardo Cardozo, ministro no governo Dilma Rousseff; Raul Jungmann, que integrou governo Temer; e Eduardo Gomes, líder do governo no Congresso, participaram de debate na GloboNews. ","Os ex-ministros José Eduardo Cardozo e Raul Jungmann afirmaram neste sábado (30) que o presidente Jair Bolsonaro ""busca o conflito"" com os demais poderes da República. Já o líder do governo no Congresso, senador Eduardo Gomes (MDB-TO), disse que Bolsonaro se defende democraticamente de ataques que recebe.  Os três deram as declarações durante debate sobre democracia, fake news e crise institucional promovido pela GloboNews.  Eles foram questionados sobre recentes atitudes do presidente Jair Bolsonaro, caso de postagem feita neste sábado em que o presidente afirma que ""tudo aponta para uma crise"" e elenca reportagens sobre decisões do Judiciário a respeito do governo e seus aliados.  Ministro da Defesa e, depois, da Segurança Pública no governo do ex-presidente Michel Temer, Raul Jungmann afirmou que Bolsonaro optou por fazer um ""presidencialismo de colisão"" em vez de praticar o presidencialismo de coalizão, para ter governabilidade.",política, 30/05/2020 21h42 , Por G1 — Brasília ,https://g1.globo.com/politica/noticia/2020/05/30/ex-ministros-dizem-que-bolsonaro-busca-conflito-para-governista-presidente-se-defende-de-ataques.ghtml,1
2922,"Sem strip ou balada, Las Vegas ainda não voltou a ser a ""Cidade do Pecado""  ",,semana diverso atrações o vegas voltar o abrir portar o turismo hotel cassino e restaurante retomar funcionamento fechar pandemia coronavírus longo período hibernação o metrópole nevar o velho e famoso cidade pecar série procedimento sanitário necessário evitar o disseminação covid-19 descaracterizar e face boêmia clube strip-tease little darlings querer oferecer dançar esquema drive-thru vetar imagem getty images turista procurar diversão adulto o realidade distante pandemia apesar abertura gradual vegas o turismo clube strip-tease encontrar fechar março surgir o notícia casar noturna cidade chamar little darlings iriar oferecer show drive-thru cliente assistir s dançar sensual carro entreter o público o estabelecimento pretender realizar lutar mulher nu álcool gel,saúde,19/06/2020 04h00 ,Marcel Vincenti,https://www.uol.com.br/nossa/noticias/redacao/2020/06/19/sem-strip-ou-balada-las-vegas-ainda-nao-voltou-a-ser-a-cidade-do-pecado.htm,1
2923,Coronavírus: especialista recomenda evitar 'abraços e beijos',"Segundo John Oxford, da Universidade Queen Mary de Londres, o novo coronavírus é um 'vírus social'; alerta coincide com proximidade do Dia de São Valentim (Dia dos Namorados) e ocorre depois de confirmação de nono caso da doença no Reino Unido.",principal virologistas britânico recomendar pessoa parir abraçar e beijar evitar o contágio coronavírus o alertar coincidir proximidade dia valentim dia namorar reinar unir comemorar n sexta-feira e ocorrer confirmação nono casar doença país john oxford universidade queen mary londres o coronavírus vírus social achar precisar refletir ações social interagir pessoa achar extremamente importante máscara máscara distração bbc,ciência, 13/02/2020 18h12 , Por BBC ,https://g1.globo.com/ciencia-e-saude/noticia/2020/02/13/coronavirus-especialista-recomenda-evitar-abracos-e-beijos.ghtml,1
2924,"
  Foto de manifestação na França é de 2015 e não de movimentos iniciados em 14 de julho de 2021","Circula nas redes sociais desde 17 de agosto de 2021, com mais de 2.700 compartilhamentos, uma imagem de uma multidão de pessoas como se fosse de um dos protestos iniciados em 14 de julho de 2021 na França. Desde essa data, têm acontecido manifestações contra a obrigatoriedade do passe sanitário como medida de contenção da covid-19 no país. Mas a alegação é falsa. A fotografia mostra a Marcha pela República de 11 de janeiro de 2015, em homenagem às vítimas dos atentados em Paris dias antes.Envie-nos por WhatsApp Email",“ o frança o o recuperar país tirar o chapéu julho o o ruir protestar ” escrever umar usuário o facebook “ chance setedesetembro retomar liberdade e filho o covarde ficar braço cruzar ” umar publicação o twitter usuário o imagem parir incentivar o pessoa sair s ruir o brasil o manifestação realizar o setembro apoiar o o presidente jair bolsonaro o atar convocar mear o o clima tensão institucional acirrar pelar diverso crítico presidente o o eleitoral brasileiro o umar buscar reverso fotografia o google e o bing o extensão invid-weverify o afp checar chegar o notícia site francês vl e canal televisão alemão deutsche welle dw brasil janeiro o imagem utilizar o reportagem dw igual circular o rede social creditar o o fotógrafo charlar platiau parir o agência reuters,política,20/08/2021 às 21:37,"Guillaume Daudin, Sami ACEF, Grégoire Lemarchand, AFP França, AFP Brasil",https://checamos.afp.com//http%253A%252F%252Fdoc.afp.com%252F9LF2DU-1,0
2925,"

Amazônia já foi vendida pelo Brasil para outros países (Alemanha, França, Rússia etc) #boato 
","Boato – Em governos anteriores, Brasil vendeu Amazônia para ONGs internacionais e, agora, parte da região pertence à outros países como Alemanha, França e Rússia.  ",amazônia vendido país alemanha rússia etc … “ nero ” criar guerra amazona mandar exército lá.olá nome entender n gravação falar amazônia notar bolsonaro esconder algum falir soberania e o amazônia brasileiro tá e o exército brasileiro o vidar defender o soberania e o liberdade amazônia e vidar amazônia problema bolsonaro esquecer corredor triplo o o amazônia internacional gente falir projeto existir corredor triplo o corredor ecológico existir o amazônia internacional ficar norte brasil reservar internacional território internacional adiantar brasileiro venezuela e colômbio formar corredor internacional colombiano chamar “ o condir ” e chamar corredor triplo a. … verdade n zonar brasil n amazônia vendido ongs internacional principalmente alemão francês e russo ongs comprar pedaço amazônia e território brasileiro o objetivo discutir fórum clima parir o formação corredor internacional tá fiscalização n zonar desmatamento o corredor internacional o amazônia internacional existir o fiscalização existir reservar ambientar e indígena e protegido comunidade internacional reservar internacional verdade o bolsonaro puto mexer reservar indígena d território verdade amazônia internacional pertencer o o brasil bolsonaro meter desmatamento e explorar reservar corredor internacional automaticamente gerar confrontar país dono d pedaço ongs internacional proteção ambiental comprar antigo governar vender amazônia e ongs repassar o governar estrangeirar região norte proteção ambiental país estrangeiro …,política,,"
Carol Lira ",https://www.boatos.org/politica/amazonia-vendida-brasil-outros-paises.html,0
2926,Governo de SP diz que Rússia procurou estado para fazer parceria na produção de vacina com registro previsto para agosto ,"Dimas Covas disse que ainda é cedo afirmar se o governo se associaria ou não ao governo russo na produção dessa vacina. Para ele, ainda é preciso conhecer melhor a tecnologia da vacina.Velocidade da pesquisa russa tem levantado dúvidas sobre efetividade e segurança do imunizante desenvolvido em Moscou.",o presidente instituto butantan dimas cova afirmar durante coletiva n quarta-feira o governar rússia procurar o governar paulo associar produção vacinar russo o governar russo afirmar n o vacinar covid-19 desenvolvimento país receber aprovação regulatória agostar procurar emissário governar russo vacinar feito instituto estatal russo enfim querer associar o o produção d vacinar dimas tatiana golikova vice-primeira-ministra rússia afirmar o imunizante desenvolvimento instituto gamaleya epidemiologia e microbiologia moscar registrar prever agostar o condição outro ensaiar clínico pessoa realizar seguir o início produção prever setembro completar,ciência, 29/07/2020 14h47 , Por G1 — São Paulo ,https://g1.globo.com/sp/sao-paulo/noticia/2020/07/29/governo-de-sp-diz-que-russia-procurou-estado-para-fazer-parceria-na-producao-de-vacina-com-registro-previsto-para-agosto.ghtml,1
2927,Latam anuncia retomada gradual de suas operações a partir de junho  ,,o companhia aéreo chileno-brasileira latir o américa latino anunciar hoje retomar o junho gradual operação reduzir abril causar pandemia coronavírus durante o junho o latir passar atuais capacidade operacional tarifar reduzir e flexibilidade o comprar e o programação viagem anunciar o companhia junho o latir reabrir roto internacional brasil frankfurt londres madri e miami chile retomar voo paulo e miami julho aumentar o destino internacional doméstico o latir airlines operar roto brasil e chile destino peru e equador o empresar trabalhar retomar voo doméstico junho colômbio o julho restrição imposto autoridade d país,saúde,20/05/2020 19h22 ,20/05/2020 19h22 ,https://economia.uol.com.br/noticias/afp/2020/05/20/latam-anuncia-retomada-gradual-de-suas-operacoes-a-partir-de-junho.htm,1
2928,TSE faz acordo com agências de checagem para combater informações falsas na eleição ,"Ministro Luís Roberto Barroso, presidente do TSE, disse que tribunal conta com a imprensa profissional para combater a desinformação. Serviço de checagens do Grupo Globo, o Fato ou Fake integra a iniciativa. ",o tribunal superior eleitoral tse lançar n quinta-feira parceria agência checagem combater o disseminação informação falso eleição o fato fake serviço checagem formar equipar g1 o globo extra época cbn globonews e tv globo parceiro tse iniciativo agência checagem afp lupa o fato boatos.org e-farsas estadão verificar uol conferir o acordar o tse prever checagens ficar disponível site agência e página fato boatar justiçar eleitoral,política, 01/10/2020 13h22 ," Por Rosanne D'Agostino, G1 — Brasília ",https://g1.globo.com/politica/eleicoes/2020/noticia/2020/10/01/tse-faz-acordo-com-agencias-de-checagem-para-combater-informacoes-falsas-na-eleicao.ghtml,1
2929,"
  A estampa do vestido de Melania Trump é obra de estudantes, não de vítimas de abuso sexual","Uma foto que mostra a primeira-dama dos Estados Unidos, Melania Trump, usando um vestido branco com alguns traços pretos irregulares foi compartilhada milhares de vezes nas redes sociais desde o início de julho junto  à afirmação de que se tratam de “esboços desenhados por vítimas de abuso sexual infantil para descrever seus sentimentos”. A estampa, contudo, foi criada por estudantes durante uma aula em uma universidade de Artes de Londres, segundo a instituição e a maison Alexander McQueen, que fez o vestido.Envie-nos por WhatsApp Email","“ o imprensar debochar vestir melania trump parecer haver rabiscar n marcador acontecer vestir desenhar alexander mcqueen esboço desenhar vítima abusar sexual infantil descrever sentimento ” legendar publicação compartilhar facebook 3,6 o dia julho postagens ler o o “ o 1ª-dama incrível invejar chamar despeitar ” o imagem primeira-dama norte-americana viralizou afirmação instagram e twitter e replicar espanhol e inglês",política,3/08/2020 às 19:27,"W.G. Dunlop, AFP Estados Unidos, AFP Colombia",https://checamos.afp.com//estampa-do-vestido-de-melania-trump-e-obra-de-estudantes-nao-de-vitimas-de-abuso-sexual,0
2930,Toffoli suspende investigações da Lava Jato sobre senador José Serra,"Senador do PSDB foi alvo de operações da PF sobre suposto caixa 2 e irregularidades no Rodoanel, o que ele nega. Uma hora após decisão de Toffoli, juiz de SP o transformou em réu. ",o ministrar dia toffoli presidente supremo tribunal federal stf suspender n quarta-feira investigação operação lavar jato o senador josé serrar psdb serrar alvo operação polícia federal n apuração investigar supor caixa campanha investigar suposto lavagem dinheiro obrar rodoanel sul paulo governador caso o polícia federal buscar e apreensão o senador negar acusação o decisão ministrar toffoli suspender investigação tomar s 16h56 horar s 18h04 o justiçar federal paulo aceitar o denúncia referente o o rodoanel e transformar o senador e o filho d verônica réu crime lavagem dinheiro o defeso serrar acionou o stf e argumentar caso direito o o foro privilegiar dever condição senador processar âmbito supremo,política, 29/07/2020 19h36 ," Por Márcio Falcão e Fernanda Vivas, TV Globo — Brasília ",https://g1.globo.com/politica/noticia/2020/07/29/toffoli-suspende-investigacoes-da-lava-jato-sobre-campanha-de-serra.ghtml,1
2931,"

João Pedro, jovem morto pela polícia, posa com armas e drogas em vídeo #boato 
","Boato – Morto em favela, João Pedro de 14 anos posa com armas, drogas e dinheiro em vídeo nas redes sociais. ",“ o adolescente joão pedrar o coitado o fantástico redar globo defender veementemente ” “ joao pedrar o adolescente “ coitado ” defender fantástico ”,brasil,30/05/2020,"
Kyene Becker ",https://www.boatos.org/brasil/joao-pedro-morto-policia-posa-armas-drogas-video.html,0
2932,"No Rio com recorde de mortes por covid, governantes liberam boates e folia  ",,"o rir janeiro escandaloso mundial fracassar combater pandemia coronavírus o o taxar letalidade brasil óbito habitante dezembro fiocruz o capital percentual 7,5 letalidade casar coronavírus 3,7 brasil e 3,3 mundo precisar lembrar desastre acontecer unidade federação dispor redar público hospitalar brasil hospital federar apesar d trágico o governador fluminense cláudio castrar psc o prefeito recém-eleito rir eduardo paes dem parecer disposto o tratar o problema o rigor dever",saúde,14/01/2021 14h24 ,14/01/2021 14h24 ,https://noticias.uol.com.br/colunas/chico-alves/2021/01/14/no-rio-recordista-em-mortes-por-covid-governantes-querem-boates-e-folia.htm,1
2933,É #FAKE que mistura de pimenta com mel e gengibre cure a Covid-19,Mensagem falsa afirma que cura milagrosa foi descoberta na Índia e chancelada pela OMS; informação não procede.,circular rede social pimenta preto mel e gengibre misturar eficaz o coronavírus o mensagem falso “ finalmente estudante indiano universidade pondicherry chamar ramu encontrar curar remédio caseiro o covid-19 o aceito oms provar adicionar colher sopa pó pimenta preto o colher mel e suco gengibre dia consecutivo suprimir efeito corona e eventualmente o mundo começar o aceitar remédio finalmente notícia ” lenir paola infectologista beneficência portuguesar paulo alertar o mensagem fundamentar algum e mudar prevenção e o o tratamento covid-19 existir remédio caseiro comprar farmácia prevenir neutralizar o infecção,ciência, 20/07/2020," Por Roberta Pennafort, CBN ",https://g1.globo.com/fato-ou-fake/noticia/2020/07/20/e-fake-que-mistura-de-pimenta-com-mel-e-gengibre-cure-a-covid-19.ghtml,0
2934,Menino de 3 anos com síndrome de Down deixa hospital após vencer covid-19  ,,super chico mochila e voltar casar o ano o menino síndrome down vencer o coronavírus e hoje deixar o enfermar hospital chegar o internar uti finalmente chegar o aguardar horar chico o mochila batalhar vencido soldar e lutar o covid-19 oração vibração energia amor escrever o mãe o advogar daniela guedes bombini post instagram inimigo espantar história superação francisco guedes bombini super chico o casa e continuidade história felicidade esperançar fé e claro amor gratidão o o pessoal hospital o o mundo inteirar completar daniela hashtag o menino forte mundo e o frase resumir o lutar chico o covid-19 o menino passar dia internar uti hospital particular bauru sp síndrome down nascer cardiopatia hipotireoidismo e displasia pulmonar,saúde,27/07/2020 18h31 ,27/07/2020 18h31 ,https://noticias.uol.com.br/saude/ultimas-noticias/redacao/2020/07/27/menino-de-3-anos-com-sindrome-de-down-deixa-hospital-apos-vencer-covid-19.htm,1
2935,"Entenda o que é o Centrão, bloco na Câmara do qual Bolsonaro tenta se aproximar","Presidente sempre rejeitou articular um bloco parlamentar de apoio no Congresso, mas agora busca construir uma base aliada a fim de barrar eventual processo de impeachment.",semana o presidente jair bolsonaro articular aproximação chamar centrão bloco informal câmara deputar reunir parlamentar legendar centrar e centro-direita o bandeiro e característico aliar o governo diferente independentemente ideologia acordar o proposto discussão voto d bloco corresponder parlamentar e decisivo aprovação rejeição matéria gestão negociação bolsonaro o centrão envolver o distribuição cargo o o direito indicar aliar vago,mundo, 29/04/2020 18h45 ," Por Fernanda Calgaro, G1 — Brasília ",https://g1.globo.com/politica/noticia/2020/04/29/entenda-o-que-e-o-centrao-bloco-na-camara-do-qual-bolsonaro-tenta-se-aproximar.ghtml,1
2936,"'Uma vida é mais importante do que ser presidente', diz Neto  ",,apresentador dono bolar neto aproveitar o programar d quarta-feira criticar posturar presidente jair bolsonaro governador paulo joão dório pandemia coronavírus cobrar o valorização vidar o ex-jogador criticar buscar fama dinheiro status promover o eleição presidencial diga-se passagem gostar falar o o acontecer o gente o entendimento o ministério saudar vidar importante milhão dólar vidar importante presidente repúblico vidar importante governador vidar importante prefeito vidar pessoa o entendimento o vidar importante dinheiro status querer famoso querer autopromover presidente d o ano afirmar o ídolo corinthians interessar futebol amanhã interessar abrir o o pessoa pessoa o pessoa o autopromover o geração o entendimento o gente preciso humanar completar,saúde,29/04/2020 13h48 ,29/04/2020 13h48 ,https://www.uol.com.br/esporte/futebol/ultimas-noticias/2020/04/29/neto-coronavirus-bolsonaro-doria.htm,1
2937,o foto umar idoso participar umar manifestação maio,será que a foto de uma senhora idosa caminhando em meio a manifestantes foi tirada durante manifestações ocorridas no dia 26 de maio de 2019?,dia maio o foto simpático senhor caminhar asfaltar o ajudar andador o o pessoa vestir e amarelar tornar compartilhar rede social,política,27/05/2019,gilmar lopes,https://www.e-farsas.com/a-foto-de-uma-idosa-participando-de-uma-manifestacao-e-de-maio-de-2019.html,0
2938,É #FAKE que imagem mostre Papais Noéis de verde e amarelo recrutados por shoppings chiques de SP em protesto contra o PT,"Foto utilizada na mensagem é antiga. Ela foi publicada em 2012 e mostra voluntários que faziam ação social em Itapira, no interior.",circular rede social post foto o pt shopping chique paulo recrutar papar noel e amarelar o foto mensagem antigo publicar g1 e mostrar voluntário itapira o cercar km paulo vestir e amarelar durante ação social imagem texto o ação realizar praça cidade interior o bernardino campo centrar papar noéis entregar brinquedo o criança carente município,entretenimento, 21/11/2019, Por G1 ,https://g1.globo.com/fato-ou-fake/noticia/2019/11/21/e-fake-que-imagem-mostre-papais-noeis-de-verde-e-amarelo-recrutados-por-shoppings-chiques-de-sp-em-protesto-contra-o-pt.ghtml,0
2939,"Apesar do desconforto de militares do governo, Mourão não pensa em se calar  ",,certar ministro alar militar gostar hamilton mourão evitar entrevisto opinião vice-presidente frequentemente opor s presidente jair bolsonaro entanto acontecer mourão cogitar deixar expressar publicamente pensamento demonstrar entrevisto hoje rádio gaúcho o vice-presidente mostrar tranquilo emitir o opinião pessoal colaborador continuar n manhã mourão falar imprensar o o chegar o o planalto costumar auxiliar vice-presidente chamar atenção detalhar importante o observar n entrevisto diário mourão ater jornalista entrar e sair anexar planalto o intenção evitar o imprensar outro acesso,política,13/11/2020 14h49 ,13/11/2020 14h49 ,https://noticias.uol.com.br/colunas/chico-alves/2020/11/13/apesar-do-desconforto-de-militares-do-governo-mourao-nao-pensa-em-se-calar.htm,1
2940,"Por voto evangélico, Bolsonaro cria veto com fé  ",,espremer o fiscalismo paulo guedes e o oportunismo bancada bíblia jair bolsonaro refugiou-se equilibrismo criar modalidade vetar o vetar fé barrar o perdão dívida tributário igreja querer o ministrar economia expressar fé disposição congresso remover o montanha oprimir o cristandade sonegação olhar votar evangélico bolsonaro tratar vetar pecar estimular congressista o castigá-lo derrubar o vetar esclarecer infligir o penitência o si confessar casar deputar senador ocasião análise vetar ocorrer outubro votar derrubar o passivar irmão nascer autuação receitar federal dispor imunidade tributário certo igreja realizar distribuição incerto resultar financeiro pastorar e líder religioso parecer o distribuição lucro empresar o fisco decidir cobrar o contribuição social o lucrar líquido csll e o contribuição previdenciária r$ bilião o projeto anistiou o débito igreja aprovar congresso aplauso líder governar o o microfone recomendar votar o bolsonaro sinalizar avalizar o perdão vetar o alegação haver obstáculo jurídico incontornável anotar rede social o vetar evitar quase certar processar impeachment irresponsabilidade fiscal,política,14/09/2020 03h35 ,14/09/2020 03h35 ,https://noticias.uol.com.br/colunas/josias-de-souza/2020/09/14/por-voto-evangelico-bolsonaro-cria-o-veto-com-fe.htm,1
2941,"Mariana Ferrer 2: Tão grave como o ""estupro culposo"" é o ""por merecimento""  ",,estuprar culposo — dolo — expressão o recorrer the intercept brasil tornar claro o o o público leigar certo o advogar cláudio gastão rosar filhar didático humilhar mariano ferrer maneiro miserável haver o o perceber pronto reação juiz ministério público e defensor vítima assistiu-se o espetáculo grotesco o deixar respostar o o intenção advogar promotor e juiz gravar o impossível estuprar consentir criam-se circunstância o estuprar merecer certo aventar o deputar jair bolsonaro hoje presidente repúblico o o agredir o deputar maria rosário casar ângela diniz amplo setores sociedade passar o considerar o assassinar o vítima mulher cruel viver horizontal vertical mariano tratar tribunal haver evidência alguém haver preparar armadilhar o advogar acusar exibir foto moço sensual extrair rede social reproduzir agressão,política,04/11/2020 05h27 ,04/11/2020 05h27 ,https://noticias.uol.com.br/colunas/reinaldo-azevedo/2020/11/04/mariana-ferrer-2-mais-grave-do-que-estupro-culposo-e-o-por-merecimento.htm,1
2942,É #FAKE que áudio que fala em afastar ministros do STF foi feito pelo general Braga Netto,"Mensagem atribuída a comandante do Exército tem viralizado nas redes. Mas a voz não é dele; autor do áudio é Wagner Cunha, que tem um canal no YouTube e participa de hangouts na plataforma de vídeos.",circular rede social áudio homem falir dentre ministro stf dever afastar temporariamente cargo julgar crime o nação brasileiro o texto circular juntar o áudio falir general braga netto o voz braga netto o áudio wagner cunhar canal youtube apresentar psicólogo escritor palestrante e ativista político patriota nacionalista e conservador áudio falar o thiago movimentar brasília o pessoa citar início áudio viral alguém colocar texto general walter braga chegar d jeito mim áudio,política, 05/10/2019, Por Roney Domingos ,https://g1.globo.com/fato-ou-fake/noticia/2019/10/05/e-fake-que-audio-que-fala-em-afastar-ministros-do-stf-foi-feito-pelo-general-braga-netto.ghtml,0
2943,"
  Estas imagens de produtos danificados foram registradas em um shopping na Malásia","Publicações compartilhadas nas redes sociais desde meados de maio mostram várias fotos de produtos em mau estado juntamente à afirmação de que isto teria ocorrido em um shopping no Brasil devido ao fechamento ordenado por conta da pandemia do novo coronavírus. As imagens, contudo, foram feitas em um shopping da Malásia e, segundo a administração do local, a loja já passou por um processo de desinfecção.Envie-nos por WhatsApp Email",“ shopping belém fechar dia ar condicionar foto lojista q entrar loja d o prejuízo material o psicológico tbm … sic ” e “ shopping iguatemi paulo sp o acontecer desligar o ar-condicionado shopping dia ” legendar publicação compartilhar dezena o o o dia maio facebook e replicar twitter usuário comentário lamentar o situação “ so ‘ bolsonaro razao ’ sic ” e “ e cobrar prejuízo ” indicar foto corresponder o o brasil elemento foto palavra escrito inglês “ brasil manir kkkkkkkk sic ” e “ malásio placar inglês mentir e espalhar fake news foto outro idioma e gado cair n ô toscar ”,saúde,22/05/2020 às 22:30,AFP Brasil,https://checamos.afp.com//estas-imagens-de-produtos-danificados-foram-registradas-em-um-shopping-na-malasia,0
2944,É verdade que o Ensino Médio apresentou melhor resultado em 15 anos do Ideb  ,,"verdadeiro informação texto site jornal cidade online o avaliação ensinar médio ano governar jair bolsonaro o saltar o notícia índice desenvolvimento educação básico ideb apresentar noto 4,2 escalar o 10.o índice divulgar o ano o resultar o 3,8 o ficar abaixar meter previsto governar o resultar seguir tendência ensinar médio brasileiro bater o meter resultar ideb",brasil,21/09/2020 17h41 ,21/09/2020 17h51 ,https://noticias.uol.com.br/comprova/ultimas-noticias/2020/09/21/e-verdade-que-o-ensino-medio-apresentou-melhor-resultado-em-15-anos-do-ideb.htm,0
2945,Médica da Fiocruz diz que Brasil está 6 meses atrasado em plano para vacina  ,,o pesquisador e pneumologista margareth dalcolmo fiocruz noite hoje o brasil atrasar haver planar logístico o vacinar brasileiro o covid-19 deixar tomar providência visto logístico o vacinar começar período recordar haver dever pensar considerar o experiência pni brasileiro dever preocupar quase problema domesticar prevenir estocar agulhar seringar e redar frio absolutamente pronto receber vacinar durante o programar rodar vivo tv cultura durante o atração o diretor instituto butantan dimas cova rechaçar o rótulo o vacinar coronavac produzir instituto butantan parceria o farmacêutico sinovac tratar vacinar chinês chamar principalmente apoiadores presidente jair bolsonaro dimas o rótulo colocar imunizante o covid-19 objetivo político e ideológico,saúde,14/12/2020 23h39 ,14/12/2020 23h39 ,https://noticias.uol.com.br/saude/ultimas-noticias/redacao/2020/12/14/medica-da-fiocruz-diz-que-brasil-esta-6-meses-atrasado-em-plano-para-vacina.htm,1
2946,É #FAKE que aposentadoria de Celso de Mello seja por invalidez,"Ministro do STF se aposentou neste mês por tempo de serviço, ao contrário do que afirma mensagem falsa.",viralizou rede social o ministrar celso mello – decano supremo tribunal federal haver ano cortar – aposentar invalidez pagar impor render fake celso mello requerer o aposentadoria setembro e deixar o stf n terço invalidez serviço – ano total somar o período ministério público paulo e posteriormente supremo o período mínimo serviço ano cumprir o dobrar d o mensagem viralizou afirmar o magistrado “ perfeito condição saudar ” e aposentadoria sinal conduta corrupto celso mello ingressar stf indicação presidente josé sarney e 1º novembro ano idade estipular o aposentadoria compulsório tribunal superior o mandatar cortar caráter vitalício marcar,entretenimento, 14/10/2020," Por Roberta Pennafort, CBN ",https://g1.globo.com/fato-ou-fake/noticia/2020/10/14/e-fake-que-aposentadoria-de-celso-de-mello-seja-por-invalidez.ghtml,0
2947,Congresso quer auxílio emergencial fora do teto e sem corte de despesas  ,,"O comando do Congresso sinalizou hoje que quer uma via expressa para a retomada do auxílio emergencial. Os gastos com o benefício devem ficar de fora do limite do teto de gastos, a regra que proíbe que as despesas cresçam em ritmo superior à inflação. Além disso, ao contrário do que defende o ministro da Economia, Paulo Guedes, a nova rodada do auxílio não deve prever contrapartidas, como a aprovação de medidas de controle de gastos. Enquanto o presidente da Câmara, Arthur Lira (PP-AL), acenou com a possibilidade de o Congresso abrir uma ""excepcionalização temporária"" do Orçamento para garantir o pagamento de novas parcelas do auxílio, o presidente do Senado, Rodrigo Pacheco (DEM-MG), foi além.",política,09/02/2021 13h01Atualizada em 09/02/2021 14h38 ,Daniel Weterman e Adriana Fernandes,https://economia.uol.com.br/noticias/estadao-conteudo/2021/02/09/congresso-quer-auxilio-emergencial-fora-do-teto-e-sem-corte-de-despesas.htm,1
2948,É #FAKE que edição da revista 'Veja' de 2003 já falasse da Covid-19,"Em vídeo, homem folheia exemplar da revista com reportagem sobre a Sars. Legendas que acompanham o vídeo afirmam que a Covid-19 já era conhecida na época. Mas especialistas explicam que são eventos diferentes.",circular rede social vídeo homem folhear exemplar revisto publicar maio capar revisto sars o epidemiar o mundo pânico legendar acompanhar o vídeo afirmar o revisto alertar o coronavírus o vírus vidar faltar patrocinador divulgar mensagem fake o edição revisto existir fato abordar o síndrome respiratório agudo gravar sars provocar sars-cov epidemiar ocorrer e epicentro ásia acordar leonardo weissmann médico infectologista e consultor sociedade brasileiro infectologia e rômulo neris virologista doutorar universidade federal rir janeiro ufrj weissmann haver coronavírus abaixar afetar humano o sars-cov aparecer e e desaparecer o sars-cov-2 provável origem chino o causar o atual pandemia coronavírus,entretenimento, 07/07/2020," Por Roney Domingos, G1 ",https://g1.globo.com/fato-ou-fake/coronavirus/noticia/2020/07/07/e-fake-que-edicao-da-revista-veja-de-2003-ja-falasse-da-covid-19.ghtml,0
2949,"

NOM é uma agenda globalista para 2030 que acaba com propriedade privada #boato 
",Boato – Nova Ordem Mundial (NOM) vai implementar agenda globalista 2030 com o fim da propriedade privada e Trump e Bolsonaro estão tentando impedir. ,“ o nom gente falir ordem mundial nom pessoa o q realmente significar desenhar finalidade utilidade público o implantação nom agendar q centrar acontecer hoje mundo casar o famoso agendar político isentões esquerdista juiz ativistas stf e abaixar trabalhar pra teoria conspiração realidade o objetivo acabar c o direito propriedade privar e garantir individuar nivelar o o o padrão hoje viver escravizar chinês suprir necessidade mínimo c “ salário ” chamar render mínimo universal parecer c o auxílio emergencial controlar o consumir escolher indivíduo fazendo-o compartilhar o o invés conquistar proibir o livrar expressão o credo religioso e estabelecer o família defender abortar diminuição pessoa mundo verdade desenvolver vírus matar idoso e comórbidos q interessante o q poupar jovem saudável e criança mão obrar anos.o covid pra faxinar o critério custo-benefício globalistas desejar amarrar coleira chamar medo e q acontecer o q cidadão livrar dever combater d sabichão semana e perguntar o q o eleição eua o comigo o lutar empreendido trump e bolsonaro resistir o agente nom infiltrar profundar dório maio morar barroso isentões mandetta e conduta mostrar verdadeiro embaixador nom pudor falir abertamente o implantação d agendar acordar resistir geração deixar legar escravidão q receber mundo livrar pai e avô preciso acreditar mim absurdo q parecer acontecer nariz interessar temer pesquisar perguntar gado pro matadouro sorrir e defender tomar o liberdade ”,mundo,03/12/2020,"
Kyene Becker ",https://www.boatos.org/mundo/nom-agenda-globalista-2030-acaba-propriedade-privada.html,0
2950,Alemanha prorroga regras de distanciamento social até 29 de junho  ,,o alemanha prorrogar junho regrar distanciamento social conter o pandemia coronavírus anunciar hoje o governar angela merkel medir locar público reunir pessoa família decisão governar e regional autoridade recomendar o contato o pessoa preferência o o ar livrar o comunicar governar federal,saúde,26/05/2020 16h23 ,26/05/2020 16h23 ,https://noticias.uol.com.br/ultimas-noticias/afp/2020/05/26/alemanha-prorroga-regras-de-distanciamento-social-ate-29-de-junho.htm,1
2951,"

Boneca Annabelle fugiu de museu nos EUA e veio parar no Brasil #boato 
","Boato – A boneca Annabelle fugiu do museu nos EUA, onde estava há 40 anos, e veio parar no Brasil. Ela já chegou em São Paulo. E vocês acharam que este ano não poderia ficar pior?",e achar ano ficar anabelle sumir museu deus ajudar vírus lutar o diabo pra mim o ta falar o boneca anabelle sumir museu preso o ano ficar calmo decidir ferir quarentenar aguentar imaginar o ano kkkkkkkkkkkkkkkkkkkk chamaqueamaetaonanabelle fugir museu e chegar sp,entretenimento,19/08/2020,"
Raiane Gonoli ",https://www.boatos.org/entretenimento/boneca-annabelle-fugiu-de-museu-veio-para-brasil.html,0
2952,Câmara aprova MP com prazo de cinco dias para Anvisa autorizar vacina registrada fora do país,"Proposta ampliou número de agências estrangeiras a serem consideradas, de 4 para 9. Texto veta 'termo de responsabilidade' até para vacinas em uso emergencial. Medida vai ao Senado.",o câmara deputar aprovar n sexta-feira o medir provisório tratar comprar e distribuição vacinar o covid-19 brasil o matéria seguir o o senado o versão texto incluir regrar flexível o agência nacional vigilância sanitário anvisa autorizar o emergencial vacinar território brasileiro d mudança reduzir dia o prazo o agência nacional vigilância sanitário anvisa autorizar o emergencial vacinar aprovar principal autoridade estrangeiro lista abaixar o lista d principal agência ampliar incluir órgão regulador argentino canadá e reinar unir,ciência, 18/12/2020 15h58 ," Por Luiz Felipe Barbiéri, Fernanda Calgaro, Elisa Clavery e Sara Resende, G1 e TV Globo — Brasília ",https://g1.globo.com/politica/noticia/2020/12/18/camara-aprova-mp-com-prazo-de-cinco-dias-para-anvisa-autorizar-vacina-registrada-fora-do-pais.ghtml,1
2953,Sergipe recebe mais 55.650 doses de vacinas covid-19,,"o sergipe receber o d sexta-feira 16/04 55.650 dose vacinar covid-19 ministério saudar entregue 22,4 dose coronavac instituto butantan e 33.250 astrazeneca oxford fundação oswaldo cruz fiocruz o o longo campanha vacinação o receber dose vacinar covid-19 e o aplicar o ministério saudar ultrapassar o marcar milhão dose vacinar covid-19 distribuir o brasil o início campanha janeiro n semana 6,3 milhão dose enviar e distrito federal – lotar o pastar coordenar o distribuição 53,9 milhão dose o início campanha vacinação acordar o 11º informar técnico secretariar vigilância saudar svs prioritário atender o idoso e ano destinar dose idoso e ano trabalhador saudar e forçar segurança e salvamento e forçar armar atuam linha frente pandemia",saúde,16/04/2021 18h11,Ministério da Saúde(61) 3315-3580 / 2351,https://www.gov.br/saude/pt-br/assuntos/noticias/sergipe-recebe-mais-55-650-doses-de-vacinas-covid-19,1
2954,Estudo da Lancet não levou estados e municípios a deixarem de receitar cloroquina,,haver comprovação governo estadual prefeitura brasil restringir o cloroquina durante período publicar estudar revisto lancet d existir comprovação científico o cloroquina eficácia o coronavírus,saúde,2020/08/17,Comprova,https://projetocomprova.com.br/publicações/estudo-da-lancet-nao-levou-estados-e-municipios-a-deixarem-de-receitar-cloroquina/,0
2955,'John Wick': Diretor diz que série de TV baseada na saga expandirá submundo  ,,o diretor franquiar filme john wick chad stahelski revelar o série the continental basear saga abordar detalhe o universo assassino profissional apresentar história stahelski explicar o série datar lançamento visto totalmente diferente o o abordar durante filme protagonizar keanu reeves o idear diretor mostrar aspecto envolver o mercar assassino profissional john wick seguir história o o período semana vidar pessoa acontecer e o situação acabar sair controlo explicar chad ressaltar o tramar perspectivo personagem interpretar keanu reeves o série tv assassino o envolver história origem personagem john wick interessante visão legal mundo wick envolver perspectivo d,saúde,14/05/2020 14h19 ,14/05/2020 14h19 ,https://entretenimento.uol.com.br/noticias/redacao/2020/05/14/john-wick-serie-de-tv-submundo.htm,1
2956,Caso Backer: Justiça amplia bloqueio de bens e dá até o fim da semana para cervejaria cobrir tratamentos,,garantir o pagamento o juiz sérgio henrique cordeiro caldo fernandes 23ª varar cível comarcar belo horizonte determinar o bloquear empresar empreendimento khalil ltda pertencente o sócio lobo o determinação ater o o pedir advogar vítima intoxicação e familiar sócio cervejar afastar quadrar empresar família khalil lebbos — evidência o família reorganizar empresarialmente e indício tentativo ocultação patrimônio querer resguardar e evitar acontecer — guilherme leroy advogar assinar o petição o decisão d quarta-feira ampliar o bloquear requerer ministério público minar gerar e aprovar semana passar o o o quantiar tutelar r$ milhão valorar veículo e imóvel o magistrado mandar o backer abrir canal informação pessoa consumir cervejar empresar e “ o riscar iminente dano saudar ” o assessoria imprensar backer afirmar “ oficialmente intimar decisão n sentir ” “ o processar tramitar sigilar e o empresar intimar manifestar auto ” o polícia civil investigar caso vítima minar gerar — pessoa morrer vítima conseguir andar desenvolvimento saudar o situação delicado e sequer conseguir delegacia prestar esclarecimento o situação neurológico vítima complexo — afirmar o delegar responsável casar flávio grossi pessoa contaminar correr riscar morrer o restante permanecer internação hospitalar — d relato familiar inconsciente unidade tratamento intensivo hospital variar capital mineiro,ciência, Publicado em  19/02/20 21:40 ,"Camila Bastos, com G1",https://extra.globo.com/noticias/saude-e-ciencia/caso-backer-justica-amplia-bloqueio-de-bens-da-ate-fim-da-semana-para-cervejaria-cobrir-tratamentos-24259601.html,1
2957,Panfletos distorcem frase de Marília Arraes sobre a Bíblia  ,,s panfleto e posts afirmar o deputar federal marília arraes pt candidato prefeitura recife querer proibir o leitura bíblia sessão câmara vereador capital pernambucano vereador material alegar cristão verdade votar petista e estampar trecho falir candidato retirar contexto.os conteúdo verificar o entender o petista o bíblia esconder o frase destacar envolver defeso laico e ação anti-bíblia,entretenimento,27/11/2020 13h18 ,"Do UOL, em São Paulo*",https://noticias.uol.com.br/comprova/ultimas-noticias/2020/11/27/panfletos-distorcem-frase-de-marilia-arraes-sobre-a-biblia.htm,0
2958,projeto abigail aterrorizante projeto realmente existir,"desde o último trimestre de 2018, uma estranha história sobre a área 51 vem circulando na internet. essa história é referente a um suposto projeto chamado “abigail“, que teria sido o primeiro projeto dessa instalação militar norte-americana. o objetivo era criar uma espécie de supersoldado, porém as consequências teriam sido nefastas.",d pessoa idear tratar o problema explicar o remoto base aéreo edwards teste e treinamento nevar unir atualmente o objetivo principal base publicamente desconhecer base evidência histórico provavelmente presto suportar o o desenvolvimento e testar aeronave experimentar e armar o base declarar secreto pesquisar e ocorrência informação confidenciar dever o o forte sigilar teoria conspiratório envolver nave e extraterrestre permear o imaginário popular,política,23/05/2019,marco faustino,https://www.e-farsas.com/projeto-abigail-esse-aterrorizante-projeto-da-area-51-realmente-existiu.html,0
2959,"

Padre Fábio de Melo posa para foto usando sunga vermelha #boato 
","Boato – Padre Fábio de Melo posa de sunga vermelha em clube e malhando sem camisa em academia, apontam imagens. ",o padrar fábio melo????o infernar tá seduzir o lúcifer o céu tá jogar pesar o padrar fábio melar … e subir descer,entretenimento,15/09/2019,"
Carol Lira ",https://www.boatos.org/religiao/padre-fabio-melo-sunga-vermelha.html,0
2960,"É falso que cloroquina teria salvado 100 mil vidas, como diz Bolsonaro  ",,o cloroquina salvar vidar perdido brasil durante o pandemia coronavírus o afirmação feito presidente jair bolsonaro haver entanto comprovação científico eficácia drogar tratamento doença.o testar recovery universidade oxford reinar unir classificar inútil o utilização hidroxicloroquina tratamento covid-19 resultar mostrar diferençar considerável taxar mortalidade dia e paciente ficar internar paciente tomar o medicação morrer,ciência,14/08/2020 12h54 ,Covid: É enganoso post que questiona ética dos testes em humanos de vacinas  ,https://noticias.uol.com.br/comprova/ultimas-noticias/2020/08/14/e-falso-que-cloroquina-teria-salvado-100-mil-vidas-como-diz-bolsonaro.htm,0
2961,Damares contraria Bolsonaro e sugere home office a profissionais do sexo  ,,o ministério mulher família e direito humano divulgar hoje cartilha combater o o coronavírus feito especialmente o população lgbt o motivar o pastar parcelar significativo d população viver condição vulnerabilidade social e suscetível contaminação cartilha dedicar o profissional sexo e sugerir medir preventivo trabalhador autônomos e profissional sexo adaptar oferecer serviço virtual trabalhador autônomos profissional sexo e pessoa render fixo infelizmente prejudicar durante recomendação quarentenar crise nascer ideia trabalhar conversar cliente o opção serviço virtual o documentar trazer orientação vir divulgar ministério saudar o casar confirmar covid-19 país lavar mão álcool gel e evitar tocar o rostir — diagramado tom rosar e lilá ilustração arco-íris,saúde,01/04/2020 18h44 ,Mariana Gonzalez,https://www.uol.com.br/universa/noticias/redacao/2020/04/01/damares-lanca-cartilha-de-combate-a-covid-19-para-pessoas-lgbt.htm,1
2962,"

Carla Bruni fala sobre mulheres de 35 anos em entrevista para Veja #boato 
",Boato – Carla Bruni deu um show ao falar das mulheres de 35 anos durante uma entrevista para a Revista Veja.,impossível compartilhar o cantor e ex-primeira dama frança carla brunir falar entrevisto o revisto verdadeiro,entretenimento,,"
Edgard Matsuki ",https://www.boatos.org/entretenimento/carla-bruni-mulheres-35-anos-veja.html,0
2963,o governar japão proibir o microonda o país,é verdade que o governo japonês decidiu se livrar de todos os fornos de microondas do país até antes do final do ano?,o notícia surgir rede social quinzena maio e espalhar rapidamente whatsapp acordar o texto o governar japonês decidir livrar forno microonda país ano pesquisar feito universidade hiroshima descobrir aparelho gerar onda radioativas maléfico o o organismo,saúde,17/05/2019,gilmar lopes,https://www.e-farsas.com/o-governo-do-japao-proibiu-o-uso-de-microondas-em-todo-o-pais.html,0
2964,Ygona Moura tem piora no estado de saúde e família pede ajuda nas redes  ,,internar o dia janeiro complicação covid-19 ygona mouro seguir uti postagem feito familiar influencer piorar saudar gente o ygona melhorar hoje ajudar senhor o mensagem publicar instagram oficial d semana passar o mãe ygona rede social informar comer,saúde,25/01/2021 09h31 ,25/01/2021 09h31 ,https://tvefamosos.uol.com.br/noticias/redacao/2021/01/25/ygona-moura-tem-piora-no-estado-de-saude-e-familia-pede-ajuda-nas-redes.htm,1
2965,"

Atentado com bomba é a causa do rompimento ocorrido na barragem de Jati #boato 
",Boato – Rompimento da barragem de Jati foi causado por um atentado à bomba. Colocaram explosivos para sabotar trecho da transposição do Rio São Francisco no Ceará.,estrago colocar bomba barragem captação água rir francisco jati q responsável encontrar mandante comunista … romper bomba :o colocar bomba barragem captação água rir francisco jati cear responsável encontrar mandante e enjaular mandar explodir esquerdo centrão colocar bomba barragem captação água rir francisco jati cear achar trás disso?alguém convencer haver sabotagem barragem captação água rir francisco jati sabotagem represo compor o transposição rir francisco … jati … colocar bomba barragem captação água rir francisco jati punição comunista terrorista maldizer rompimento jati atentar explosivo o aguar represar e aguar retorcer o concreto armar desenhar atentar terrorista,brasil,23/08/2020,"
Edgard Matsuki ",https://www.boatos.org/brasil/atentado-bomba-causa-rompimento-barragem-jati.html,0
2966,Usuários tentam derrubar portão para entrar em hospital em Belém  ,,usuário derrubar o portão entrar hospital abelardo santo belém capital parar hoje imagem viralizaram rede social o ação acontecer o governador hélder barbalho anunciar rede social tomar o decisão transformar o hospital pronto-socorro tentativo auxiliar o município o desafogar unidade saudar o semana unidade pronto atendimento e prontos-socorros capital o capacidade atendimento saturar hospital redar público privar leito uti o quinta-feira o hospital abelardo santo passar o portar aberto específico síndrome agudo respiratório maneiro especial sintoma coronavírus o governador o governador explicar o o população dispor alar observação leito pré-consulta atendimento leito uti e setenta e leito clínico enfermar,saúde,29/04/2020 23h04 ,Luciana Cavalcante,https://noticias.uol.com.br/saude/ultimas-noticias/redacao/2020/04/29/usuarios-tentam-derrubar-portao-para-entrar-em-hospital-em-belem.htm,1
2967,É #FAKE que hospital de campanha do Anhembi ficou vazio,Vídeo circula em redes sociais acompanhado de legenda que diz que 'não tem ninguém dentro'. Prefeitura afirma que foram filmadas alas do hospital ainda não ativadas. Há quase 400 pacientes internados no local.,circular rede social vídeo mulher filmar o interior hospital campanha anhembi o legendar acompanhar o vídeo urgente hospital anhembi sp invadir provar ninguém o edição boletim diário covid-19 divulgar secretariar municipal n sexta-feira mostrar o hospital internar e aguardar paciente o dia o filmagem feito procurar g1 o secretariar municipal saudar paulo noto o hospital campanha anhembi preparar atender 1.800 paciente e atualmente quase paciente enfermar e estabilização entrar funcionamento atender 3.700 pessoa 2.800 curar e alto acordar o secretariar,saúde, 05/06/2020," Por Roney Domingos, G1 ",https://g1.globo.com/fato-ou-fake/coronavirus/noticia/2020/06/05/e-fake-que-hospital-de-campanha-do-anhembi-ficou-vazio.ghtml,0
2968,noivo fantasma registrar câmera segurança birmingham o inglaterra,,segundar o site brasileiro nd+ “ o mulher segurar o mão e parecer flutuar ” e passar canteiro obrar o centrar cidade,entretenimento,23/08/2020,marco faustino,https://www.e-farsas.com/noiva-fantasma-foi-registrada-por-camera-de-seguranca-em-birmingham-na-inglaterra.html,0
2969,Unidades básicas de Saúde retomam consultas agendadas em São Paulo  ,,"o prefeitura paulo retomar o hoje atendimento suspenso redar municipal saudar o marcação e o realização consulto feito gradual voltar o agendar atendimento seguinte serviço unidade básico saudar ubs),centro atenção psicossocial caps unidade referência saudar idoso ursi programar acompanhamento idoso pai centrar especialidade odontológico ceo equipar multidisciplinar atenção domiciliar emad centrar especializar reabilitação cer centrar convivência e cooperativo cecco e unidade prático integrativas e complementar paciente orientar o dia e horário agendar evitar aglomeração feito atendimento presenciar remoto teleatendimento atendimento vir realizar o início pandemia mantido serviço precisar atendimento prévio unidade assistência médico ambulatorial amo unidade pronto-atendimento upar e hospital continuar funcionar normalmente",saúde,24/06/2020 05h58 ,24/06/2020 05h58 ,https://noticias.uol.com.br/ultimas-noticias/agencia-brasil/2020/06/24/unidades-basicas-de-saude-retomam-consultas-agendadas-em-sao-paulo.htm,1
2970,Uso correto de máscaras reduz chances de contaminação pelo coronavírus e não torna o sangue ácido,,especialista negar o veracidade afirmação feito médico vídeo viralizou rede social garantir máscara recomendar autoridade saudar permitir trocar gás o ambientar reduzir chance infecção coronavírus e causar aumentar gás carbônico sangue tornar o sangue ácido,saúde,2020/06/24,Comprova,https://projetocomprova.com.br/publicações/uso-correto-de-mascaras-reduz-chances-de-contaminacao-pelo-coronavirus-e-nao-torna-o-sangue-acido/,0
2971,Fronteiras fechadas fazem Europa sentir falta de imigrantes nas colheitas  ,,o sonhar principal líder extrema-direita e xenófobo atingir o europa fechar fronteiro pandemia coronavírus país dessar contar acesso o morango fresco azeitar oliva aspargo produto depender trabalhar milhar imigrante colheita d alimento o o longo março dezena posto fronteiro país ue união europeu fechar e o bloco suspender voo praticamente capitar mundo o objetivo parar o proliferação vírus efeito colateral o descobrir parcelar importante safra perdido o ano o europa necessitar o milhão trabalhador temporário campar d estrangeiro região huelva espanha o colheita morango dever ocorrer n temporada depender imigrante marroquino total acordar país permitir pessoa cruzar o fronteiro trabalhar campar o fechamento o realidade trabalhador conseguir chegar s fazenda,saúde,20/04/2020 04h01 ,20/04/2020 04h01 ,https://noticias.uol.com.br/colunas/jamil-chade/2020/04/20/imigrantes-colheitas-europa.htm,1
2972,"BRF diz ser 'complexo' testar produtos para covid-19, mas garante segurança  ",,o testagem produto aferir potencial contaminação coronavírus o chino processar extremamente complexo hoje executivo brf acrescentar o empresar perder negócio exportação trimestre pandemia executivo afirmar apesar dificuldade logístico testar carga alimento o empresar garantir produto seguro o consumir produzir fábrica higienizar surto covid-19 incluir fábrica produto carnar suíno cidade lajear e carnar frango dourar o chino barrar exportação instalação brf comentário ocorrer notícia o governar cidade chinês shenzhen identificar hoje fábrica brasileiro aurora alimento origem asar frango testar positivar o coronavírus,saúde,13/08/2020 19h30Atualizada em 13/08/2020 20h29 ,13/08/2020 19h30Atualizada em 13/08/2020 20h29 ,https://economia.uol.com.br/noticias/reuters/2020/08/13/brf-alerta-para-desafios-de-testes-de-coronavirus-em-produtos-mas-garante-seguranca.htm,1
2973,"Maior evento de cerveja do mundo, Oktoberfest da Alemanha deve ser adiada  ",,o primeiro-ministro baviera markus soeder afirmar hoje entrevisto o jornalista o edição tradicional oktoberfest improvável acontecer ano alemanha contar pandemia coronavírus soeder e autoridade alemão manter cauteloso o o evento encontrar mundial cervejar o festa reunir cercar milhão turista cidade munique tomar cervejar experimentar prato típico e acompanhar show o datar inicial programar acontecer dia setembro outubro soeder reunir o prefeito munique dieter reiter tomar o decisão o evento cervejar governador flexibilizar o quarentenar reunião e evento proporção proibir alemanha o dia agostar,saúde,16/04/2020 12h41 ,16/04/2020 12h41 ,https://noticias.uol.com.br/internacional/ultimas-noticias/2020/04/16/oktoberfest-alemanha-adiada-coronavirus.htm,1
2974,"

Animais ficam bêbados após comer fruta chamada Marula (Amarula) #boato 
","Boato – Marula (Amarula) tem teor alcoólico de 17% e vídeo mostra animais, como elefantes, bêbados depois de comerem a fruta.",“ vídeo francês … documentar áfrico árvore ano produzir frutar saboroso chamar amarula conter alto percentagem álcool e n época ano animar deslocam-se comer o frutar e o engraçar ajudar o o comer o ”,mundo,28/02/2020,"
Kyene Becker ",https://www.boatos.org/mundo/animais-bebados-apos-comer-fruta-marula-amarula.html,0
2975,"

Venezuela e Rússia invadiram espaço aéreo brasileiro e EUA reagiu #boato 
","Boato – A Venezuela e a Rússia invadiram o espaço aéreo brasileiro com aviões bombardeiros TU-160. Em reação, os EUA enviaram para o Brasil a sua 4ª tropa da Marinha.",invasão espaçar aéreo brasileiro provocação trump reagir o invasão espaçar aéreo brasileiro bombardeiro tu-160 russo “ emprestar ” venezuela provocação o unir e o o brasil o presidente russo vladimir putin o o ditador venezuelano nicolás madurar avaliar diplomata miguel gustavo paiva torre articulista diário episódio tratar o brasil “ vira-latas esquinar ” eua reagir imediatamente … o blefe putin durar o presidente eua donald trump enviar o costa brasileiro o 4ª frota composto navio interceptação e contra-bombardeiros avião russo retornar imediante o o país origem o brasil preso fácil incursão russo virtude investimento militar durante governo fhc lula e dilma tropa brasileiro o inquietação nítido apesar nicolás madurar pedir desculpar “ acidentar ” e michel temer calar … …,brasil,17/12/2018,"
Edgard Matsuki ",https://www.boatos.org/brasil/venezuela-russia-invadiram-espaco-aereo.html,0
2976,É enganoso que Bolsonaro tenha liberado R$ 8 bilhões para a educação  ,,"falso o informação circular rede social o governar jair bolsonaro psl liberar r$ bilião o educação início outubro o texto confundir valorar desbloquear despesa ministério e superestima o parcelar fato destinar o o ministério educação mec r$ 1,99 bilião o conteúdo verificar publicar perfil twitter e facebook publicação acusar crítico governar e estudante protestar corte silenciar supor desbloquear r$ bilião o educação cadê o mídia pra noto perceber falir ruim questionar texto viralizaram realidade o ocorrer o desbloquear o decretar 10.028 setembro cercar r$ 12,46 bilião o orçamentar união d total r$ 8,3 bilião pastar executivo educação defeso infraestrutura etc r$ 1,99 bilião destinar o o mec",política,15/10/2019 00h00 ,15/10/2019 00h00 ,https://noticias.uol.com.br/comprova/ultimas-noticias/2019/10/15/e-enganoso-que-bolsonaro-tenha-liberado-r-8-bilhoes-para-a-educacao.htm,0
2977,Coronavírus chega ao Palácio do Planalto; Bolsas têm o pior dia desde a década de 80,Veja quais são as notícias de destaque nos jornais brasileiros,o avançar coronavírus brasil continuar destacar n sexta-feira jornal brasileiro o secretário comunicação presidência fábio wajngarten diagnosticar o doença e acender o alertar contaminação integrante equipar governar incluir o presidente jair bolsonaro o s.paulo afirmar o presidente receber n o resultar exame informar infectar coronavírus durante transmissão o o viver redar social noite d o o ministrar luiz henrique mandetta saudar bolsonaro máscara e sugerir o adiamento manifestação marcar o domingo redar nacional rádio e tv o presidente afirmar atos domingo precisar repensar o estadão comentar o rápido avançar coronavírus paulo e ressaltar o centrar contingência o coronavírus governar paulo haver transmissão comunitário doença território paulista,política, 13/03/2020 08h30 ,,https://g1.globo.com/politica/blog/matheus-leitao/post/2020/03/13/coronavirus-chega-ao-palacio-do-planalto-bolsas-tem-o-pior-dia-desde-a-decada-de-80.ghtml,1
2978,"
  Imagem de ato contra Michel Temer em 2016 circula atribuída à manifestação contra Bolsonaro em 2021","A fotografia de uma multidão em uma rua durante um protesto foi compartilhada mais de 1,5 mil vezes nas redes sociais em menos de 24 horas com a afirmação de que o registro foi feito durante um ato realizado contra o presidente Jair Bolsonaro e a sua gestão da pandemia de covid-19 no último dia 19 de junho. Mas isso é falso. A imagem data de setembro de 2016, quando milhares de pessoas foram às ruas pedindo a saída do então chefe de Estado Michel Temer.Envie-nos por WhatsApp Email",“ belo horizonte minar gerar gigante forabolsonaro19j forabolsonaro 19jpovonarua forabolsonaro19j ” umar legendar visto o publicação circular o facebook e o twitter compartilhar político o sábado junho dezena milhar pessoa tomar o ruir capitar brasileiro parir protestar o presidente jair bolsonaro suar gestão pandemia n dia o brasil registrar o marcar óbito decorrência doença causar pelar coronavírus o palavra ordem ouvir o diverso atos demandar o presidente sair governar e o chamar “ genocida ” “ bolsonaro ” “ genocida ” “ governar fome e desempregar ” “ vacinar ” e “ vacinar o braço e comido o prato ”,política,21/06/2021 às 16:00,AFP Brasil,https://checamos.afp.com//imagem-de-ato-contra-michel-temer-em-2016-circula-atribuida-manifestacao-contra-bolsonaro-em-2021,0
2979,"Sem IFA, Fiocruz para hoje produção de vacinas; volume será afetado  ",,instituto butantan o fiocruz fundação oswaldo cruz paralisar o hoje o produção vacinar oxford astrazeneca o covid-19 insumo o interrupção afetar o volumar entregar o o pni planar nacional imunização o o longo junho o fundação confirmar o o uol trabalho fábrica bio-manguinhos paralisar razão rápido escalonamento produção o fiocruz atingir remessar ifa ingrediente farmacêutico ativo consumir prever inicialmente e necessário interromper o produção quinta-feira 20/5 o chegar lotar insumo,política,19/05/2021 12h15Atualizada em 20/05/2021 08h40 ,Wanderley Preite Sobrinho e Lola Ferreira,https://noticias.uol.com.br/saude/ultimas-noticias/redacao/2021/05/19/sem-ifa-fiocruz-para-amanha-producao-de-vacinas-volume-sera-afetado.htm,1
2980,"EUA: na crise, clube de strip aposta em delivery e show em drive-through  ",,clube strip-tease norte-americano oregon forçar o entrar ramo alimentação coronavírus retornar s raiz burlesco o o oferecer serviço entregar e drive-through dançarino — conceito o proprietário promover food go-go o lucky devil lounge clube noturno vermelhar sudeste portland fechar o governador kate brown proibir reunião público o e ordenar bar e lanchonetes interromper o serviço internar março restringir o comércio conter o disseminação covid-19 o governador permitir o realização entregar determinar o manter intacto o imagem negócio shon boulden proprietário lucky devil reorganizar cozinhar oferecer comido entregar dia seguinte vender despencar principal atrações habituar clube dançarino roupar e bar,saúde,28/04/2020 11h44 ,Por Terray Sylvester,https://noticias.uol.com.br/ultimas-noticias/reuters/2020/04/28/clube-de-strip-tease-dos-eua-oferece-novo-tipo-de-diversao-na-era-do-coronavirus.htm,1
2981,Não há evidências de que morte de ator indiano esteja associada à vacina,,tuíte associar o morte ator indiano imunização vacinar covaxin ocorrido dia o artista sofrer infarto e o equipar médico o atender descartar ligação fato conformar divulgar amplamente imprensar indiano cardiologista ouvir afirmar o vacinar trombo levar doença cardíaco,saúde,2021/05/27,Comprova,https://projetocomprova.com.br/publicações/nao-ha-evidencias-de-que-morte-de-ator-indiano-esteja-associada-a-vacina/,0
2982,É #FAKE que vídeo mostre baile funk e ninguém com máscara em favela do Rio após decisão do STF de proibir operações policiais,"Festa aconteceu em março, quase três meses antes da determinação do ministro Edson Facchin e quando não havia nem sequer quarentena na cidade.",circular rede social vídeo mostrar bailar funk favela carioca participação quantidade pessoa máscara mensagem “ baile tráfico o vapor decisão stf proibir operação comunidade rj ” legendar afirmar baile “ voltar forçar ” e acompanhar desenho simbolizar o coronavírus o vídeo bailar favela holanda zonar norte rir publicar facebook dia março perfil cantor funk mc poze anterior decisão ministrar stf edson facchin publicar dia tiroteio derivar operação durante o quarentenar resultar morte comunidade pobre dia março sequer haver quarentenar rir registrar caso coronavírus – o casar confirmar fundação instituto oswaldo cruz fiocruz dia março o mulher ano morador município barrir manso sul fluminense viajar europa e voltar fevereiro,entretenimento, 10/06/2020," Por Roberta Pennnafort, CBN ",https://g1.globo.com/fato-ou-fake/coronavirus/noticia/2020/06/10/e-fake-que-video-mostre-baile-funk-e-ninguem-com-mascara-em-favela-do-rio-apos-decisao-do-stf-de-proibir-operacoes-policiais.ghtml,0
2983,"Brasil registra média móvel de casos de 47.439, a maior desde o início da pandemia","País tem 186.365 mortes e 7.212.670 casos de Covid-19 desde o início da pandemia, segundo o consórcio dos veículos de imprensa. A média móvel de mortes está em alta de 27%.",o brasil registrar o médio móvel caso confirmar covid-19 o início pandemia 47.439 diagnóstico diário médio dia secretariar estadual saudar consolidar consórcio veículo imprensar 20h d sábado caso confirmar 7.212.670 brasileiro o coronavírus o comedir pandemia 48.758 d confirmar dia o médio móvel variar +15 o caso registrar semana o indicar tendência estabilidade diagnóstico o país registrar morte covid-19 horar chegar o o total 186.365 óbito o comedir pandemia o médio móvel morte brasil dia o variação +27 comparação médio dia indicar tendência alto óbito doença o df e apresentar alto médio móvel morte pr rs es mg rj df go ms mt am ap pa ro al ce pb pe rn e,ciência, 19/12/2020 13h00 , Por G1 ,https://g1.globo.com/bemestar/coronavirus/noticia/2020/12/19/casos-e-mortes-por-coronavirus-no-brasil-em-19-de-dezembro-segundo-consorcio-de-veiculos-de-imprensa.ghtml,1
2984,"

Filtros Mann envia carta ao Ministério da Saúde criticando compra de máscaras da China #boato 
",Boato – Filtros Mann escreveu para o Ministério da Saúde reclamando da compra de máscaras da China e da falta de valorização do Brasil. ,“ tras cortinar fumaça ler cartar repassar prezar gostar deixar indignação o o ministério saudar mandar avião o chino buscar máscara proteção falir o empresar trabalhar empresar conhecimento tecnologia e qualidade mundo filtragem o filtro mann brasil linha produção máscara feito midia filtragem aprovar e validar órgão competente mostrar eficiência e qualidade produto e o consulto instituição federar e estadual fornecer máscara necessitam.se divulgar o contatos seguir foto máscara e o importante produzir brasileiro e manter o empregar família brasil produto especificação performance e qualidade filtragem o chino funcionar aprovar e validar máscara chinês ajudar o manter emprego brasil e privilegiar produto agradecer o e atenção esperar chegar autoridade país melhor o bolsonaro o empresar ficar indaiatuba e filtro mann o verdadeiro nome mann-hummel seguir abaixar o contato mann+hummel brasil ltda alamedar filtro mann ”,brasil,18/04/2020,"
Kyene Becker ",https://www.boatos.org/brasil/filtros-mann-carta-ministerio-saude-criticando-mascaras-china.html,0
2985,"PEC Emergencial está na pauta de quinta, mas pode ser adiada, diz Pacheco  ",,o presidente senado rodrigar pacheco dem confirmar hoje o pec emergencial estabelecer diretrizes o retomar auxílio emergencial mantido pautar sessão deliberativo senado quinta-feira entanto afirmar haver o possibilidade o discussão o texto e o votação ocorrer semana haver apelar terça-feira senador adiamento receber hoje quarta-feira diverso segmento social pedir n sentir reflexão n sessão quarta-feira oportunidade o falir o senador o o líder governar senado fernando bezerro o gente abordagem o princípio o pec emergencial mantido pautar quinta-feira pacheco manhã d quarta-feira parlamentar pt e líder centrar sindicar reunião o presidente senado solicitar o adiamento votação d pec acordar o debater centralizar retomar auxílio emergencial e ampliação acesso s vacinar população desvincular aprovação pec medir o relatório d proposto sugerir o prever o pisar o investimento orçamentário saudar e educação,política,24/02/2021 17h57 ,Agência Senado,https://economia.uol.com.br/noticias/redacao/2021/02/24/pec-emergencial-esta-na-pauta-de-quinta-mas-pode-ser-adiada-diz-pacheco.htm,1
2986,Governador de Roraima pede fechamento de fronteira devido ao coronavírus,Antonio Denarium enviou ofício citando projeções do governo sobre aumento de casos nas próximas semanas. Brasil tem ao menos 221 casos confirmados. ,o governador roraima antônio denarium psl enviar n segunda-feira o o governar federal ofício pedir o fechamento fronteiro o guiana e o venezuela razão pandemia coronavírus o documentar endereçar o o ministrar secretariar governar luiz eduardo ramo o senador chico rodrigar dem-rr entregar o ofício início d ministério defeso autoridade discutir o temer denarium haver riscar efetivo circulação vírus fronteiro o agravar o crise saudar público estadual quinta-feira denarium haver manifestar fechamento fronteiro converso o ministrar saudar henrique mandetta,política, 16/03/2020 13h19 ," Por Luiz Felipe Barbiéri, G1 — Brasília ",https://g1.globo.com/politica/noticia/2020/03/16/governador-de-roraima-pede-fechamento-de-fronteira-por-causa-de-pandemia-do-coronavirus.ghtml,1
2987,"Crise da covid-19 afeta trabalho de 53,5% das famílias brasileiras, diz FGV  ",,"o crise econômica causar coronavírus afeta o trabalhar 53,5 família brasileiro acordar levantamento instituto brasileiro economia fundação getulio varga fgv ibre e maio e divulgar hoje o pesquisar levar contar 1.300 consumidor e 53,5 responder familiar sofrer algum impactar econômico quase d 1.300 43,9 ficar impedir trabalhar causar medir isolamento social e lockdown cercar redução salarial proporcional quedo jornada trabalhar 14,7 informar familiar contratar suspenso durante o período e 12,7 relatar pessoa núcleo familiar sofrer demissão família afetadas render ganhar r$ 2.100 d haver esperar e evidente quedo consumir 78,3 responder comprar produto e serviço essencial abril o percentual 79,1",saúde,20/05/2020 18h35 ,20/05/2020 18h35 ,https://economia.uol.com.br/noticias/redacao/2020/05/20/crise-da-covid-19-afeta-trabalho-de-535-das-familias-brasileiras-diz-fgv.htm,1
2988,Rosa Weber dá 48h para Salles explicar decisão que tirou proteção de manguezais e restingas ,"Ministra é relatora de uma ação do PT que questionou os atos do Conama. Retirada de proteção de manguezais e restinga foi suspensa por outra decisão, da Justiça Federal do Rio de Janeiro. ",o ministro rosar weber supremo tribunal federal determinar o ministrar ambientar ricardo salles prestar informação horar o decisão nacional ambientar conama revogar regrar proteger manguezal e restinguir o deliberação conama segunda-feira suspenso determinação justiçar federal rir janeiro o atar questionar supremo pt rosar weber o relator ação urgência qualificador tutelar provisório requerido e relevância problema jurídico-constitucional postar requisitem-se informação prévio o o ministrar ambientar o prestar prazo horar dê-se visto o o advogado-geral união e o o procurador-geral repúblico prazo ordenar o ministro atos conama disputar justiçar,política, 01/10/2020 15h08 ," Por Fernanda Vivas e Márcio Falcão, TV Globo — Brasília ",https://g1.globo.com/politica/noticia/2020/10/01/rosa-weber-da-48h-para-salles-explicar-decisao-que-tirou-protecao-de-manguezais-e-restingas.ghtml,1
2989,É #FAKE que pode ter o CRM cassado o médico que não prescrever hidroxicloroquina a pedido do paciente em casos de Covid ,"Conselho Federal de Medicina esclarece que a decisão de receitar o medicamento, cuja ação contra o coronavírus não é comprovada, é individual de cada profissional.",circular rede social o médico recusar o prescrever hidroxicloroquina quadro covid-19 o pedir paciente o registrar cassar regional medicinar o mensagem falso “ atenção alertar contaminar o covid-19 e pedir tratar hidroxicloroquina e o médico recusar o hospital permitir pedir familiar o delegacia boletim ocorrência posse voltar o o hospital apresente-o o o médico pedir o documentar autorização assinar médico recusar o o receitar o o ministério público e pedir o cassação imediato crm d médico governador e prefeito praticar genocídio o o recolher medicamento farmácia e proibir pessoa o defender vidar ” o texto sentir acordar médico entrevistar cbn médico forçar o receitar remédio o pedir paciente o prerrogativa recomendar o considerar o melhor quadrar e pessoa o registrar profissional cassar ministério público – caber o medicinar e o processar ético rito sumário,brasil, 17/07/2020," Por Roberta Pennafort, CBN ",https://g1.globo.com/fato-ou-fake/noticia/2020/07/17/e-fake-que-pode-ter-o-crm-cassado-o-medico-que-nao-prescrever-hidroxicloroquina-a-pedido-do-paciente-em-casos-de-covid.ghtml,0
2990,FALSO: Marcola citado por Lula não é o do PCC,,uol notícia 19/11/2019 04h01 internet surgir fake news ligar lula o o líder pcc marco camacho o marcola o notícia falso mostrar vídeo lula citar marcola o citar verdade assessor pt o sociólogo marcar aurélio santana ribeiro levar e trazer cartar o ex-presidente presar curitiba falso o mensagem divulgar internet ligar lula o o marcola pcc,política,19/11/2019 04h01 ,UOL Notícias,http://noticias.uol.com.br/videos/?id=falso-marcola-citado-por-lula-nao-e-o-do-pcc-0402CD99326AC8B96326,0
2991,Cinthia Ribeiro (PSDB) é reeleita prefeita de Palmas  ,,"cinthia ribeiro psdb reeleito prefeito palmar n domingo continuar governar o o viçar eleito andré gomar avante o chapar o mdb redar dem e patriota urna apurar cinthia obter 36,24 voto ficar professor júnior geo pros 14,52 e eli borges solidariedade cinthia ribeiro fonoaudióloga e empresário casar o senador joão ribeiro pr-to morrer o morte maridar começar carreira político partidário filiar o o ptn e presidente estadual candidato o vice-governadora tocantim chapar perder o disputar",política,15/11/2020 19h49Atualizada em 15/11/2020 23h09 ,Fabiana Maranhão,https://noticias.uol.com.br/eleicoes/2020/11/15/cinthia-ribeiro-psdb-e-reeleita-prefeita-de-palmas.htm,1
2992,"

Criança encontrada em Cascavel procura família. Compartilhe a foto dele #boato 
",Boato – Menino foi encontrado na rua em Cascavel. Para encontrar a família dele é preciso compartilhar a foto.,divulgar o foto d criança cascavel pq o dia 10/10 encontrar e achar o família … criança inocentar falar papai.criança encontrar cascavel pr dia 10/10/2017 raptar outro compartilhar encontrar família,brasil,08/12/2018,"
Hellen Bizerra ",https://www.boatos.org/brasil/crianca-em-cascavel-procura-familia.html,0
2993,Butantan adia para maio conclusão de entrega de 46 milhões de doses da CoronaVac  ,,"paulo reuters o presidente instituto butantan dimas cova n quarta-feira o conclusão entregar contratar milhão dose coronavac o ministério saudar feito maio abril prever inicialmente maio o dia entregar milhão e o entregar milhão adicionar cova entrevisto coletiva palácio bandeirante governar paulo o o o butantan vincular o contratar butantan o ministério prever o entregar milhão dose vacinar covid-19 laboratório chinês sinovac o abril d total o instituto entregar o 40,7 milhão dose pastar",saúde,14/04/2021 15h47 ,Eduardo Simões,https://noticias.uol.com.br/saude/ultimas-noticias/reuters/2021/04/14/butantan-adia-para-maio-conclusao-de-entrega-de-46-milhoes-de-doses-da-coronavac.htm,1
2994,"

Nova casa de Lula em Lauro de Freitas (BA) custa R$ 5 milhões, mostra foto #boato 
","Boato – Lula comprou uma mansão que custa R$ 5 milhões em Lauro de Freitas (BA). Foto mostra a casa e prova a tese do “socialismo para você, capitalismo para mim”.",casar lula lauro freitas .. ba … socialismo vc otário e capitalismo mim o “ defensor ” pobre comunidade pobre e empobrecido opressão tráfico o meliante dedo escolher d morar casar lula lauro freitas .. ba … socialismo vc otário e capitalismo mim casar larápio lauro freitas ba gente barraco gritar lula livrar,política,06/11/2020,"
Edgard Matsuki ",https://www.boatos.org/politica/nova-casa-de-lula-lauro-de-freitas-ba-custa-r-5-milhoes-foto.html,0
2995,Tuíte engana ao dizer que o STF decidiu que voto impresso é inconstitucional,,realidade o stf decidir o votar impresso inconstitucional artigo reformar eleitoral o dever feito o impressão comprovante o votar urna eletrônicas,política,2020/09/17,Comprova,https://projetocomprova.com.br/publicações/tuite-engana-ao-dizer-que-o-stf-decidiu-que-voto-impresso-e-inconstitucional/,0
2996,Lucas Rangel distribui 5 mil unidades de álcool em gel em BH  ,,o pandemia coronavírus item básico prevenção o álcool gel esgotar rapidamente mercar e farmácia país inteirar causar d o youtuber luca rangel resolver ação região belo horizonte minar gerar distribuir cercar fraco álcool gel morador carente cidade o álcool gel escasso encontrar preço exorbitante cidade produzir frasco juntar o distribuir bh assistir vídeo ficar casar e lavar mão e o principal pensar passar junto alertar vídeo aparecer o distribuição luca youtube cercar milhão inscrito canal costumar vídeo trollagens e desafio conteúdo popular plataforma e permitir independente financeiramente o ano entrevisto recente explicar começar o produzir vídeo ano começar brincadeira vídeo amigo começar o postar internet e acabar virar o youtube e expandir conteúdo hoje trabalhar começar megadespretensioso curtir afirmar época,saúde,26/03/2020 16h47 ,26/03/2020 16h47 ,https://tvefamosos.uol.com.br/noticias/redacao/2020/03/26/coronavirus-lucas-rangel-distribui-5-mil-garrafas-de-alcool-em-gel-em-bh.htm,1
2997,Incêndio na boate Kiss completa oito anos sem julgamento dos réus  ,,"""Kiss, oito anos de impunidade"" é a frase do novo mural grafitado sobre a fachada do que restou da boate Kiss, em Santa Maria, no Rio Grande do Sul, onde um incêndio de grandes proporções matou 242 jovens, a maioria universitários, na madrugada do dia 27 de janeiro de 2013. A tragédia que comoveu o país e gerou grande repercussão internacional ainda se arrasta numa novela sem data para terminar. Quase uma década depois, os quatro réus do caso ainda aguardam o júri popular, que não tem data para acontecer. Na melhor das hipóteses, ocorrerá em algum momento no segundo semestre deste ano. ""Essa situação é muito injusta. São oito anos de sofrimento e dor e, durante esses anos, a gente perdeu muitos familiares, pais de vítimas, que tiveram outras doenças, agravadas pela dor da perda, e acabaram morrendo"", lamenta Flávio Silva, presidente da Associação dos Familiares de Vítimas e Sobreviventes da Tragédia de Santa Maria. Fundada cerca de dois meses após a tragédia, a entidade reúne pais e familiares das vítimas em busca de reparação. Flávio Silva perdeu a filha Andrielle, de 22 anos, no incêndio. Na ocasião, ela estava na discoteca com mais quatro amigas para celebrar seu aniversário. Todas morreram asfixiadas pela fumaça tóxica liberada pelo fogo que consumia a espuma de isolamento acústico do local.",saúde,27/01/2021 06h22 ,27/01/2021 06h22 ,https://noticias.uol.com.br/ultimas-noticias/agencia-brasil/2021/01/27/incendio-na-boate-kiss-completa-oito-anos-sem-julgamento-dos-reus.htm,1
2998,"Após apoio a Bruno Covas, Marta rompe com Solidariedade e oficializa saída   ",,romper publicamente o contar eleição o prefeitura paulo o ex-prefeita e ex-ministra marta suplicy oficializar n domingo desfiliação solidariedade ingressar marta aproximar prefeito brunir cova psdb e decidir desistir pré-candidatura auxiliar reeleição tucano o rompimento ocorrer o oficializar o o o ex-governador márcio frança psb o comunicar marta endereçar o o deputar federal paulo pereira silvar o paulinho forçar presidente nacional e fundador legendar e o pedrar nepomuceno presidente municipal solidariedade marta o desejar viçar chapar brunir cova haver acordar o solidariedade semana passar nepomuceno afrmou o o uol haver esgotamento converso o ex-prefeita,política,13/09/2020 18h58 ,Igor Mello,https://noticias.uol.com.br/eleicoes/2020/09/13/apos-apoio-a-bruno-covas-marta-rompe-com-solidariedade-e-oficializa-saida.htm,1
2999,Trump propõe plano de três fases para reabertura econômica dos EUA  ,,o presidente unir donald trump apresentar planar fase governador país sair pandemia coronavírus sars-cov-2 e retomar o economia entanto o republicano afirmar o decisão reabertura tomar maneiro independente o equipar especialista acordar o fato fronte guerra chamar reabrir o américa proteger o saudar cidadão precisar preservar o saudar e o funcionamento economia trump afirmar o picar covid-19 superar o presidente unir reabrir e economia giro e querer rapidamente.é o mandatário ressaltar velocidade reabrir curtir período deixar governador anunciar o dia completar trump pedir atenção redobrar governador permitir o vírus voltar o circular o chegar estrangeiro o reabrir precisar vigiar bloquear o ingressar vírus exterior o controlo fronteiro restrição viagem e limitação entrar importante pontuar o diretor instituto nacional doença infeccioso anthony fauci o planar fase anunciar governar colocar central o segurança e o saudar norte-americanos e apresentar tabelar fixo ações indicar o levar consideração precisar apresentar quedo constante caso período dia consecutivo passar fase o outra.a fase prever o distanciamento social público vetar evento reunião pessoa e continuar o incentivar o trabalhar maneiro remoto restaurante cinema e academiar autorização voltar o funcionar norma distância e rígido norma higiene o bar escola e creche permanecer fechar e cirurgia eletivas voltar o feito visitar s escola e asilo continuar proibidas.na fase haver o liberação amplo gamo estabelecimento escola creche e bar permitir o voltar viagem motivo essencial entanto recomendar aglomeração pessoa o home office continuar o incentivar atividades essencial regrar distanciamento social continuar válido e comum evento permanecer fechadas.já o fase prever pessoa riscar covid-19 voltar o circular público manter o distanciamento social recomendar visitar s instituição médico e o asilo retomar e integrante riscar evitar permanecer locar fechar e aglomeração unir pandemia coronavírus ranking país acordar centrar universitário john hopkins haver 671.425 contaminar covid-19 e 33.286 morte doença início d reabertura trump sugerir começar dia 1º maio o york o epicentro pandemia eua o 12.586 morto e 223.691 caso confirmar sequência o vizinho jersey 75.317 contaminação e 3.518 falecimentos.só horar o país bater o recordar vítima 4.591 morto dia,saúde,17/04/2020 11h00 ,17/04/2020 11h00 ,https://noticias.uol.com.br/ultimas-noticias/ansa/2020/04/17/trump-propoe-plano-de-3-fases-para-reabertura-economica.htm,1
3000,o governador paulo joão doria virar chacota umar tv americano,vídeo mostra dois apresentadores de um telejornal rindo de uma notícia que cita joão doria e falta de credibilidade na eficácia da vacina! será verdade?,o vídeo duração e começar o espalhar rede social quinzena janeiro n duplo apresentador telejornal rir notícia o credibilidade governador paulo joão doria o divulgação eficácia vacinar coronavac,saúde,13/01/2021,gilmar lopes,https://www.e-farsas.com/o-governador-de-sao-paulo-joao-doria-virou-chacota-em-uma-tv-americana.html,0
3001,"Trump falha em teste para ser presidente e só pensa em reeleição, diz Biden  ",,o candidatar democrata presidência unir joe biden acusar o atual presidente donald trump falhar básico testar ocupar o cargo donald trump falho básico testar presidente — o dever importar o país inteirar o possibilidade reeleição afirmar cidade natal wilmington delaware biden criticar atitude candidatar republicano pandemia coronavírus e protesto antirracistas acontecer unir maio acusar trump forçar militar federar reprimir manifestação portland oregon tática político incentivar o divisão país e resgatar o biden considerar campanha perdido,saúde,28/07/2020 22h45 ,28/07/2020 22h45 ,https://noticias.uol.com.br/internacional/ultimas-noticias/2020/07/28/trump-falha-em-teste-para-ser-presidente-e-so-pensa-em-reeleicao-diz-biden.htm,1
3002,Vecina Neto: 'temos grandes chances de chegar a 1 milhão de mortes'  ,,gonzalo vecina neto ex-presidente anvisa agência nacional vigilância sanitário participar uol news hoje e comentar o depoimento dimas cova cpi covid afirmar declaração diretor instituto butantan mostrar o brasil concluir o vacinação covid-19 maio e o brasil agir haver sério riscar registrar milhão morte causar doença o d ano d o ano correr o riscar duplicar o morte hoje chance chegar o milhão morte lockdown distanciamento social máscara e governar dever analisar vecina neto fundador anvisa assistir o o programação canal uol,política,27/05/2021 18h37 ,27/05/2021 18h37 ,https://noticias.uol.com.br/politica/ultimas-noticias/2021/05/27/vecina-anvisa-dimas-vacina-covid.htm,1
3003,"

Família de Ciro Gomes é dona de 77 empresas de carros-pipa no Ceará #boato 
","Boato – A família de Ciro Gomes é dona de 77 empresas de carros-pipa no Ceará. Por isso, o PT não quis concluir antes a transposição do rio São Francisco, que vai levar água gratuita para o estado e falir essas empresas.",o chegar água rir francisco o família ciro gomar ficar fretar 1.500 carro pipas.77 empresar carro pipa cear dever falir família gomar entender pq o pt concluia o obrar cear empresar “ pipa d’água ” quebrar o chegar água gratuito empresar família gomes.família ciro gomar empresar carro pipa cear interessar inauguração transposição,política,02/07/2020,"
Raiane Gonoli ",https://www.boatos.org/politica/familia-de-ciro-gomes-empresas-de-carros-pipa.html,0
3004,"

Covid só vai parar quando infectar maioria das pessoas, mutação está menos letal e mentiram sobre isolamento #boato 
","Boato – Segundo médica, Covid-19 só vai parar quando “infectar a maioria das pessoas”, mutação é menos letal e isolamento é uma mentira",explicar milésimo o vir enfiar cabeça pessoa pandemia decretar calmo e termo fácil vcs entender desgraçar d vírus parar infectar o pessoa o acontecer p … ciclo virar c … apesar criar p … chino nenhum extra terrestre comportar outro vírus respiratório o ciclo cumprir querer vc código genético codificar vestir mutação deixa-o letal mentir vcs ficar casar merda d vírus iriar desaparecer e o pessoa acreditar n loucura fechar o p … e criar caos mundo hoje entender objetivos trás d obviamente o vírus outro planeta idiota acreditar ficar esperar vc sentir encontrar caro pálido parir marika e enfrentar p … coragemmas acreditar o tolerar entender tolerar acreditar n mentir o cabeça deparar gente histérico e frouxo achar mundo morrer e o onda deus céu geração m … suportar gente denunciar pessoa e aplaudir lockdown enganir haver gente o óbito fechar prender pessoa totalmente irresponsável e comprovação eficácia claro objetivos proteger o população entender preciso tratar mentir o preocupação sobrecarregar o saudar morte leito uti o organizar e continuar terrorismo o morte negar o tratamento e internamento precoce causar óbito jogar contar vírus responder d acontecer o justificativo ameaçar restrição gente acreditar mentira?outra óbvio libertar escravo parcialmente o caso iriar aumentar preciso gênio concluir o vírus o pessoa suscetíveis diminuir aumentar caso acarretar óbito parir informar mídia vcs precisar o acreditar o objetivo o midia terrorismo trabalhar hospital trabalhar uti destinar o paciente covid participar problema precisar informar e horda cientista desonesto descobrir existir caso manifestar levar e ocorrer múltiplo fatores mutação vírus pessoa tomar sol exercitar novamente tomar profilaxia funcionar tratamento precoce aceitar restrição liberdade proteger pessoa frágil aliás precisar protegido outro agente infeccioso e covid parir denunciar pessoa parir assistir tv deixar prender acontecer motivar pra guerra civil ”,saúde,26/11/2020,"
Kyene Becker ",https://www.boatos.org/saude/covid-parar-quando-infectar-maioria-pessoas-mutacao-menos-letal-mentira-isolamento.html,0
3005,É #FAKE que Gleisi Hoffmann foi agredida em carnaval fora de época em Fortaleza,Mensagem que acompanha vídeo feito no Fortal 2019 diz que mulher em camarote é a presidente do PT. Não é verdade. Gleisi estava em Curitiba durante o festival.,circular rede social vídeo folião atirar objetos direção o mulher camarote o legendar acompanhar o vídeo carnaval época fortalezar d ano fortal o atração o camarote pt o gleise hoffman ... o vídeo durante o fortal – carnaval época realizar fortalezar julho o trocar agressão folião pistar e integrante camarote registrar rede social e jornal o presidente pt gleisi hoffmann evento fortalezar semana curitiba o quinta-feira e retornar o brasília domingo sábado capital paraná o deputar participar agendar conformar foto publicar instagram informar o assessoria imprensar deputar,política, 29/07/2019, Por G1 ,https://g1.globo.com/fato-ou-fake/noticia/2019/07/29/e-fake-que-gleisi-hoffmann-foi-agredida-em-carnaval-fora-de-epoca-em-fortaleza.ghtml,0
3006,Coronavírus: imigrantes estão sendo expulsos dos EUA em cerca de 96 minutos  ,,"Imigrantes que atravessam ilegalmente para os Estados Unidos estão sendo 'expulsos' para o México em cerca 96 minutos, em média, segundo disseram ao The Washington Post funcionários dos EUA com conhecimento das últimas estatísticas do governo. Essa é uma medida emergencial de combate ao coronavírus em vigor na fronteira sul dos Estados Unidos.  Dentro das novas regras, segundo o jornal norte-americano, os agentes dos EUA estão processando migrantes do México, Guatemala, El Salvador e Honduras ""no campo"", antes de poderem pôr os pés dentro de uma estação de Patrulha de Fronteira dos EUA. Os imigrantes são levados de volta para a fronteira e enviados para o México. Enquanto estão sob custódia, os imigrantes não recebem exames médicos — essa é uma das razões pelas quais os agentes podem enviá-los de volta ao México, segundo um funcionário da Alfândega e Proteção de Fronteiras.",saúde,30/03/2020 22h09 ,30/03/2020 22h09 ,https://noticias.uol.com.br/internacional/ultimas-noticias/2020/03/30/coronavirus-imigrantes-estao-sendo-expulsos-dos-eua-em-cerca-de-96-minutos.htm,1
3007,França registra primeira morte por coronavírus na Europa e fora da Ásia  ,,turista chinês ano diagnosticar o coronavírus morrer hoje frança o morte confirmar ásia e europa informar o ministro saudar frança agnes buzyn acordar informação jornal le mondar o homem voltar viagem chino janeiro e internar hospital o morte registrar chino continental filipino hong kong e japão o ministro informar o saudar paciente deteriorar rapidamente e haver dia condição crítico buzyn informar morte noite,saúde,15/02/2020 07h50Atualizada em 15/02/2020 10h23 ,"Do UOL, em São Paulo",https://noticias.uol.com.br/saude/ultimas-noticias/redacao/2020/02/15/franca-registra-primeira-morte-por-conoravirus-fora-da-asia.htm,1
3008,"

Apenas 8 estados sustentam o Brasil enquanto 18 estados exploram o país #boato 
","Boato – Estudo mostra que 8 estados sustentam o país, enquanto 18 deles arrecadam menos do que recebem e estão explorando o Brasil.",sustentar o brasil e o explorar pasmar sentimento entretanto veracidade d diferençar astronômicas reflexão situação econômica e social região o político situação.e criar brasil federação norte-americana o regrar básico entrar união o produzir riqueza e auto-suficiente … e existir regrar abaixar receber e repassar o o governar federal arrecadação imposto contar e sustentar assustador … o brasil trabalhar … … maranhão – o receber esmolar seguir bahia e pará.e o contar feio listamos brasília o capital “ ali-babás ” … entender o popularidade “ d “ alta?dos federação o prejuízo receber e morder o esforçar b lucrar pagar viver boa).divulgue o amigo conhecer,brasil,03/12/2019,"
Kyene Becker ",https://www.boatos.org/brasil/8-estados-sustentam-brasil-18-estados-exploram.html,0
3009,Coronavírus deixa 73 países sob risco de escassez de remédios para aids  ,,"setenta e país alertar riscar ficar medicamento antirretrovirais razão pandemia covid-19 acordar pesquisar organização mundial saudar feito conferência bianual sociedade internacional aids e país relatar estocar arvs sofrer interrupção fornecimento d medicamento salvar vidas.a pesquisar previsão maio interrupção acesso o medicamento levar o o dobrar morte aids áfrico subsaariana -- 2020.em aproximadamente 8,3 milhão pessoa beneficiar antirretrovirais país enfrentar o escassez fornecimento representar cercar terçar pessoa mundo tratamento o hiv apesar haver curar antirretrovirais controlar o vírus.a incapacidade fornecedor entregar antirretrovirais prazo e o paralisação serviço transporte terrestre e aéreo causar interrupção citar pesquisar o acesso limitar o serviço saudar decorrência pandemia fator preponderante o descobrir d pesquisar preocupante país e parceiro precisar garantir o preciso o acesso o o tratamento o hiv permitir o pandemia covid-19 desfazer conquistar respostar global o doença alertar o diretor-geral oms tedros adhanom ghebreyesus.o anual infecção hiv atingir 1,7 milhão ano haver o oms pequeno redução morte relacionar doença ano passado.procurado o ministério saudar brasil informar haver desabastecimento remédio apesar ocorrência diverso desafio logístico razão pandemia o governar garantir estocar suficiente pessoa terapia antirretroviral receber medicamento dia tratamento o suspensão programar vacinação evitar aglomeração e deslocamento durante o pandemia o oms alertar o riscar disseminação doença o entidade global o o país interromper algum campanha imunização infantil doença prevenção sarampo poliomielite e difteria",saúde,08/07/2020 20h37 ,08/07/2020 20h37 ,https://noticias.uol.com.br/ultimas-noticias/agencia-estado/2020/07/08/covid-deixa-73-paises-sob-risco-de-escassez-de-remedios-para-aids.htm,1
3010,"

Teste de unha identifica se há alguém lhe espiando em um espelho de duas direções #boato 
","Boato – Para identificar se você está sendo espionado através de um espelho de duas direções, basta fazer o teste de unha e ver a profundidade do seu reflexo. ",“ menino alertar … cuidar o espelhar público o verdadeiro espelhar direções detectar informação policial curtir hotel loja departamento pousar banheiro público prestar atenção espelho observar o testar abaixar serviço utilidade público prol integridade feminino mulher banheiro hotel vestiário mudar roupar academiar etc certo o espelhar aparentemente comum pendurar parede espelhar verdade espelhar direções d imagem refletida alguém outro vidrar casar artista o fazenda e big brother).tem caso pessoa instalar espelho direções locar frequentar mulher filmar fotografar simplesmente ficar olhar difícil identificar positivamente o espelhar olhar determinar dosar precisão espelhar o simples testar tocar superfície refletida o pontar unhar existir espaçar o unhar e o imagem refletida o espelhar genuíno o espaçar equivalente espessura espelhar o reflete o fundir vidrar o frente.entretanto o unhar tocar diretamente imagem haver espaçar cuidar espelhar direções o reflexivo o frente o fundir vidrar lembre-se o espelhar o “ testar unhar ” haver espaçar aproveitar chamar o polícia trata-se crime prever lei mulher ensinar amigo homem ensinar esposo filho namorar amigo ”,ciência,,"
Kyene Becker ",https://www.boatos.org/ciencia/teste-unha-identifica-espiando-espelho-duas-direcoes.html,0
3011,Economia indiana tem menor crescimento trimestral em duas décadas  ,,"o economia indiano crescer ritmar trimestral lentar década período janeiro o março revelar divulgar hoje governar o economia ásia crescer 3,1 período coincidir o semana confinamento dever o o coronavírus seguir o tendência o crescimento anual 4,2 o ano o crise financeiro global",saúde,29/05/2020 12h05 ,29/05/2020 12h05 ,https://economia.uol.com.br/noticias/afp/2020/05/29/economia-indiana-tem-menor-crescimento-trimestral-em-duas-decadas.htm,1
3012,Programa de incentivo ao empreendedorismo tecnológico feminino está com inscrições abertas em Juiz de Fora,O projeto é do Centro Regional de Inovação e Transferência de Tecnologia (Critt) da UFJF. ,aberto inscrição o “ adir tech ” programar incentivar o o empreendedorismo tecnológico feminino centrar regional inovação e transferência tecnologia critt universidade federal juiz ufjf o programar buscar premiar mulher ideia modelo negócio tecnológico envolver inovação produto serviço processar marketing e o objetivo principal encontrar proposto solucionar problema real mercar o ufjf inscrição individuar participante interessar participar precisar vínculo o instituição e o idear apresentar recém-criada funcionamento o gerente planejamento e gestão critt débora marcar explicar o o mg1 etapa projeto iniciativo selecionadas mulher passar rodar mentorias e workshop,ciência, 17/06/2020 16h30 , Por MG1 e G1 Zona da Mata ,https://g1.globo.com/mg/zona-da-mata/noticia/2020/06/17/programa-de-incentivo-ao-empreendedorismo-tecnologico-feminino-esta-com-inscricoes-abertas-em-juiz-de-fora.ghtml,1
3013,umar estranho criatura espalhar o pânico o cidade ilhéu o bahia,,inicialmente diverso perfil árabe o redar social disseminar vídeo comer mero meme parir refletir o caótico ano demorar parir o vídeo chegar o o brasil e propagar comer umar criatura carnar e osso encontrar circular ilhéu o bahia algum outro versão o entanto indicar o criatura avistar outro cidade brasileiro,entretenimento,9/09/20209,marco faustino,https://www.e-farsas.com/uma-estranha-criatura-espalhou-o-panico-na-cidade-de-ilheus-na-bahia.html,0
3014,camelô vender vacinar o covid-19 o rir janeiro,será que a afirmação de que camelôs estão vendendo vacinas contra o novo coronavirus no rio de janeiro é verdadeira ou falsa?,o notícia começar o espalhar rede social quinzena dezembro e afirmar vendedor ambulante vender vacinar o covid-19 bairro madureira zonar norte cidade rir janeiro rj acordar o publicação amplamente compartilhar – e acompanhar foto produto inscrição chinês – camelô vender embalagem o vacinar r$,saúde,24/12/2020,gilmar lopes,https://www.e-farsas.com/camelos-estao-vendendo-vacina-contra-a-covid-19-no-rio-de-janeiro.html,0
3015,É #FAKE que vídeo mostre fiscais da Prefeitura de São Paulo sendo agredidos por ambulantes em meio à pandemia de Covid-19,"Vídeo que circula nas redes sociais mostra confronto após operação de busca e apreensão de mercadorias ilegais. Imagens, porém, são antigas. Elas foram registradas em setembro de 2019 e não têm relação com o coronavírus.",circular rede social vídeo mostrar confrontar fiscal prefeitura paulo e vendedor ambulante ruir movimentar centrar cidade d conseguir fugir agredir mensagem acompanhar o vídeo tratar operação feito início maio durante o pandemia covid-19 descumprimento isolamento social decretar governar o vídeo verdade gravar setembro pandemia covid-19 brasil e adoção distanciamento social procurar g1 o prefeitura desmentir o informação o datar e o confrontar mencionar mensagem falso o prefeitura paulo subprefeitura sé informar o vídeo postar setembro atual o ação realizar região santo ifigênia março,política, 11/05/2020," Por Thaís Matos, G1 ",https://g1.globo.com/fato-ou-fake/coronavirus/noticia/2020/05/11/e-fake-que-video-mostre-fiscais-da-prefeitura-de-sao-paulo-sendo-agredidos-por-ambulantes-em-meio-a-pandemia-de-covid-19.ghtml,0
3016,Sabará evita criticar Amôedo e diz que denúncia contra candidatura é falsa  ,,candidatar o prefeito paulo filipe sabará diminuir o tom o o falar o fundador legendar joão amoêdo e evitar crítico entrevisto o o sbt hoje minimizar discordância colega recentemente e aproveitar negar denúncia surgir recentemente o lançamento candidatura sabará gerar controvérsia o início causar discordância político amôedo costumar criticar o presidente jair bolsonaro sabará normalmente o defender trocar ataque d sabará conter existir pessoa discordar haver discordância seita ditadura pessoa discordar mim e afirmação principalmente pessoa raiz defender o liberdade o liberdade o democracia e haver discordância pessoa acabar filiar o o e vieses esquerdo e pessoa acabar discordar o normal minimizar sabará,política,16/10/2020 18h03 ,16/10/2020 18h03 ,https://noticias.uol.com.br/eleicoes/2020/10/16/sabara-evita-criticar-amoedo-e-diz-que-denuncia-contra-candidatura-e-falsa.htm,1
3017,"
  Foto de multidão é de protesto contra armas de fogo em 2018, não de ato a favor de Trump","Uma imagem de uma multidão em Washington foi compartilhada centenas de vezes em redes sociais desde meados de dezembro como se mostrasse um protesto ao redor da Suprema Corte dos Estados Unidos exigindo um resultado “justo” para a eleição presidencial, vencida pelo democrata Joe Biden. Isso é falso. A imagem data, na verdade, de março de 2018 e foi feita durante um protesto contra armas de fogo, desencadeado por um massacre ocorrido em uma escola na Flórida um mês antes.Envie-nos por WhatsApp Email",“ milhar norte-americanos variar raça origem e localidade cercar o prédio supremo cortar capital país washington d.c pressionar resultar justar detalhar armar ” o texto acompanhar postagens compartilhar facebook twitter e instagram o dia dezembro “ o multidão americano cercar o stf … o ” escrever usuário o o compartilhar o imagem dia colégio eleitoral reunir formalizar o resultar eleição novembro encontrar confirmar o vitória democrata joe biden o atual presidente donald trump o conteúdo compartilhar tambémem inglês- reflete o retórico empregar trump serecusavaa reconhecer derrotar afirmar querecorreria supremo cortepara provar vencer eleição recurso aliar presidente sidonegadospelo tribunal,política,17/12/2020 às 19:23,AFP Brasil,https://checamos.afp.com//foto-de-multidao-e-de-protesto-contra-armas-de-fogo-em-2018-nao-de-ato-favor-de-trump,0
3018,É #FAKE que estudo concluiu que fumar maconha torna pessoa imune ao novo coronavírus,"Print diz que conclusão é de estudo feito por pesquisadores nos Estados Unidos. Mensagem, que tem sido encarada como satírica por alguns, tem viralizado.",circular rede social print simular reportagem estudar realizar unir concluir pessoa fumar maconha imune covid-19 o texto usuário cannabis diferentemente d fumar cigarrar comum mostrar resistente o o coronavírus o infectologista roberto medronho doutor saudar público e professor ufrj haver fundamentar informação o existir estudo mostrar substância ciência capaz tornar alguém imune o o coronavírus – desenvolvido vacinar o hipótese plausível o o analisar o fisiopatologia covid-19 afirmar medronho lembrar pessoa fumar compartilhar cigarro recomendar dividir cuia chimarrão copo garrafa objetos bocar o contaminação oral,ciência, 22/03/2020," Por Roberta Pennafort, CBN ",https://g1.globo.com/fato-ou-fake/noticia/2020/03/22/e-fake-que-maconha-torna-pessoa-imune-ao-novo-coronavirus.ghtml,0
3019,Decisões do STF contra Bolsonaro estão dentro das atribuições da Corte,,tuíte distorcer fato sugerir atitude inconstitucionalidade supremo tribunal federal stf o ações envolver o governar jair bolsonaro decisão basear artigo constituição,política,2020/09/23,Comprova,https://projetocomprova.com.br/publicações/decisoes-do-stf-contra-bolsonaro-estao-dentro-das-atribuicoes-da-corte/,0
3020,corpo jovem beatificar o itália encontrar incorrupto,,umar publicação o facebook obter compartilhamentos o dia 1º outubro arquivar n mencionar caixa alto letra maiúsculo corpo incorrupto jovem chamar carlo acutis suar beatificar o dia outubro,entretenimento,4/10/20204,marco faustino,https://www.e-farsas.com/corpo-de-jovem-que-sera-beatificado-na-italia-foi-encontrado-incorrupto.html,0
3021,o nestlé doar caixa leite condensar parir o forçar armar,,o texto surgir o redar social o janeiro e mostrar umar notar divulgar pelar empresar nestlé afirmar irar doar caixa leite condensar parir o forçar armar agradecimento campanha marketing o nome produto o leite moço gratuitamente o país,entretenimento,30/01/2021,gilmar lopes,https://www.e-farsas.com/a-nestle-doou-8-mil-caixas-de-leite-condensado-para-as-forcas-armadas.html,0
3022,"

Ministério da Educação (MEC) cria votação sobre Hino Nacional nas escolas #boato 
","Boato – Após a polêmica sobre a implantação do Hino Nacional nas escolas, o Ministério da Educação (MEC) criou uma votação popular sobre o tema em um site de pesquisas.",bombardear mídia implantar o patriotismo escola ministério educação colocar projeto votar popular o decidir site abaixar e deixar votar site]).devido o repercussão projeto o hino nacional brasileiro dever cantar aula ministério educação colocar votação popular o hino nacional cantar escola naoseu votar registrar sucesso o resultar votação seguir passo abaixar clicar botão compartilhar abaixar e selecione amigo whatsapp certificar robô enviar votação compartilhar aparecer o resultar e votar quizer compartilhar compartilhar completar o barrinha abaixar,entretenimento,01/03/2019,"
Edgard Matsuki ",https://www.boatos.org/tecnologia/ministerio-educacao-votacao-hino-nacional.html,0
3023,o polícia federal apreender fortalezar caminhão urna eletrônicas roubar,vídeo com milhares de visualizações afirma que o motorista de um caminhão foi preso após ser apanhado em flagrante roubando urnas eletrônicas! será verdade?,imagem começar o circular quinzena novembro o turno eleição municipal e mostrar caminhão cheio urna eletrônicas parar popular,política,19/11/2020,gilmar lopes,https://www.e-farsas.com/a-policia-federal-apreendeu-um-caminhao-com-urnas-eletronicas-roubadas.html,0
3024,"Brasil atinge 14,8 milhões de vacinados contra covid, 7,03% da população  ",,"o brasil superar o marcar 14,8 milhão vacinar o covid-19 n sexta-feira total 14.883.220 pessoa receber o o dosar vacinar o correspondente o 7,03 população brasileiro o levantamento consórcio veículo imprensar o uol base fornecido secretariar estadual saudar e hoje 808.643 brasileiro receber o dosar imunizante o dosar aplicar 124.955 pessoa horar ... ler íntegro uol",política,26/03/2021 20h14 ,26/03/2021 20h14 ,https://noticias.uol.com.br/colunas/reinaldo-azevedo/2021/03/26/brasil-atinge-148-milhoes-de-vacinados-contra-covid-703-da-populacao.htm,1
3025,Médico denuncia festa com som alto ao lado de UPA com pacientes com covid  ,,o médico nelson muzel o instagram noite denunciar festa som alto acontecer o o upar unidade pronto atendimento itaquera zonar ler paulo paciente internar covid-19 gravar e gravar o desabafar médico vídeo repercutir rede social manhã hoje olhar o gente conseguir falar paciente o barulhar o gente conseguir ouvir e ouvir o o paciente falar afirmar cobrar o prefeito brunir cova psdb e o governador joão doria psdb gestor apesar pedir ajudar prefeito brunir cova governador joão doria trabalhar ó trabalhar d jeito condição afirmar,saúde,28/03/2021 10h38Atualizada em 28/03/2021 17h42 ,Luís Adorno,https://noticias.uol.com.br/saude/ultimas-noticias/redacao/2021/03/28/medico-denuncia-festa-com-som-alto-ao-lado-de-upa-com-pacientes-com-covid.htm,1
3026,Montagem falsifica encontro de Evo com traficantes Pablo Escobar e El Chapo  ,,prestar atenção foto falsificar circular rede social mostrar confraternização o ex-presidente boliviano evo morales renunciar domingo e narcotraficante pablo escobar morto e o joaquín guzmán el chapar presar unir o democrata evo morales herói lula e esquerdo pablo escobar e el chapar traficante mundo ídolo mensagem circular aplicativo mensagem foto preto e branco evo aparecer sorrir o mexicano el chapar esquerdo e o colombiano pablo escobar olhar,mundo,15/11/2019 04h02 ,Lucas Borges Teixeira,https://noticias.uol.com.br/confere/ultimas-noticias/2019/11/15/evo-morales-bolivia-traficantes-pablo-escobar-e-el-chapo.htm,0
3027,Ibope: Abilio tem 48% e Emanuel Pinheiro marca 40% no 2º turno em Cuiabá  ,,adversário turno cuiabá abilio e emanuel pinheiro mdb aparecer empatar limitar margem errar corrido eleitoral pesquisar ibope divulgar hoje — o feito capital mato-grossense o turno dia abilio intenção votar emanuel somar o margem errar percentual cravar frente o liderança candidatar o cenário provável branco e nulo somar preferir responder,política,23/11/2020 22h09Atualizada em 24/11/2020 00h27 ,23/11/2020 22h09Atualizada em 24/11/2020 00h27 ,https://noticias.uol.com.br/eleicoes/2020/11/23/ibope-abilio-tem-48-e-emanuel-pinheiro-marca-40-no-2-turno-em-cuiaba.htm,1
3028,"É #FAKE que Facebook, Instagram e WhatsApp foram bloqueados por tempo indeterminado em razão de ataque em Suzano","Mensagem que circula na web é falsa. Apps apresentam instabilidade, mas problema é verificado em vários países, não apenas no Brasil, e não tem relação com a tragédia na Grande SP.",circular web mensagem o facebook o instagram e o whatsapp bloquear publicação foto vídeo e áudio contar repercussão tragédia suzano d o texto apps permanecer indeterminar haver nenhum bloquear o facebook “ instabilidade temporário ” ocorrer o família aplicativo usuário afetados haver o atacar ocorrer escola estadual raul brasil suzano sp provar d o problema aplicativo restringir o o brasil haver relato país o o redor mundo,entretenimento, 13/03/2019, Por G1 ,https://g1.globo.com/fato-ou-fake/noticia/2019/03/13/e-fake-que-facebook-instagram-e-whatsapp-foram-bloqueados-por-tempo-indeterminado-em-razao-de-ataque-em-suzano.ghtml,0
3029,Opinião: Descontrole da Covid causa dano irreparável ao esporte do Brasil  ,,o o escolher reabrir economia o caso coronavírus continuar franco crescimento o brasil optar preservar empregar e render significar enterrar e brasileiro o opção morte gravar o suficiente acompanhar consequência esporte irreparável exterior ligar o espanholar basquete autorizar o voltar haver somar fatores redução caso país e aplicação protocolo sanitário o passar o haver dinheiro esporte amador o realização teste teste haver superliga haver nbb haver campeonato judô vôlei praia realizá-los testar replicar o mau experiência novak djokovic sérvio o pandemia chegar o superliga masculino especialmente avistar o tempestade redução clube o covid potencializar o problema times país pagar salário e manter atleta país desistir times adulto equipar sobreviver o debandar começar e crescer medir crescer caso coronavírus país o concorrência desleal pensar o cabeça atleta ficar brasil o pandemia haver superliga e haver empregar aceitar receber moeda estrangeiro jogar outro cantar mundo condição seguro o agostar o êxodo ficar restrito o o vôlei masculino afetar significativo o basquete feminino o lbf acabar agostar ano passar o realizar e o começar março ano,saúde,25/06/2020 04h00 ,25/06/2020 04h00 ,https://www.uol.com.br/esporte/colunas/olhar-olimpico/2020/06/25/opiniao-descontrole-da-covid-causa-dano-irreparavel-ao-esporte-do-brasil.htm,1
3030,Mercado financeiro prevê mais inflação e tombo menor do PIB em 2020,"Projeção de retração da economia neste ano passou de 5,04% para 5,02% e estimativa de inflação subiu para 2,12%. Números foram divulgados pelo Banco Central no relatório Focus.","economista mercar financeiro elevar estimativo inflação ano e melhorar previsão o tombar produto internar bruto pib expectativa boletim mercar relatório focus divulgar n segunda-feira banco central bc levantar semana passar pesquisar instituição financeiro o pib o somar e serviço produzir país e servir medir o evolução economia o previsão retração economia passar 5,04 5,02 semana seguir melhorar o mercar continuar projetando alto 3,5",política, 05/10/2020 08h31 ," Por Alexandro Martello, G1 — Brasília ",https://g1.globo.com/economia/noticia/2020/10/05/mercado-financeiro-preve-mais-inflacao-e-tombo-menor-do-pib-em-2020.ghtml,1
3031,É #FAKE que carro de empresa de engenharia aplica multas em rodovia,"Em vídeo que circula em redes sociais, narrador afirma que equipamento é radar. Empresa de engenharia dona do carro e concessionária que administra a Raposo Tavares explicam que veículo mede qualidade do asfalto.",circular rede social vídeo mostrar carro equipamento acoplado carroceria circular rodovia raposar tavares paulo o homem narrar o vídeo o veículo aplicar multar o carro o copavel consultoria engenhar ltda consultar fato fake o empresar informar atua ramo engenhar e equipamento acoplado o o veículo perfilômetro o laser e vídeo registrar equipamento levantamento irregularidade longitudinal e capturar imagem pavimentar avaliação o encarregar recurso humano empresar silvano limar o ccr concessionário administrar o raposar tavares informar o vídeo mencionar mostrar verdade veículo inspeção pavimentar utilizar câmeras,entretenimento, 13/11/2018," Por Ariane Brione e Roney Domingos, TV Globo e G1 ",https://g1.globo.com/fato-ou-fake/noticia/2018/11/13/e-fake-que-carro-de-empresa-de-engenharia-aplica-multas-em-rodovia.ghtml,0
3032,"

Dra. Natalia Pasternak mentiu no currículo e se apresenta de forma falsa como bióloga #boato 
","Boato – Dra. Natalia Pasternak, médica da Globo, é falsa bióloga, mentiu em currículo e é contra todos os tratamentos e testes da Covid-19. ",“ o mídia sujo emplacar charlatães conhecer natália pasternak falir nome ciência rebar esgotar e o currículo importar globolixo ” “ vc natália pasternak o falso biólogo difusor mentira globolixo ” “ escutar médico escutar cientista … o mídia sujo emplacar charlatão conhecer natália pasternak falir nome ciência redar globo e o currículo importar ” “ o rede social papel importante permitir acesso informação incontável fonte e opinião servir desmascarar propagador notícia falso porte … comentarista metido o cientista âncora televisão aberto ”,saúde,08/09/2020,"
Kyene Becker ",https://www.boatos.org/saude/dra-natalia-pasternak-mentiu-curriculo-falsa-biologa.html,0
3033,"

Ministro da Educação Abraham Weintraub pede que crianças voltem às aulas nas escolas, mostra vídeo #boato 
",Boato – Ministro da Educação Abraham Weintraub quer que crianças voltem às aulas e gravou vídeo convocando para volta à escola. ,“ forabolsonaro louco voltar o aula s criança o pandemia genocida ” “ urgente ministrar educação criança voltar s escola pleno pandemia ” “ o ministrar educação supor o suspensão aula higiene escola e endossar o discursar bolsonaro prometer recurso comprar álcool e água sanitário o recomendação ” voltar s aula ” ignorante n governar ”,política,26/03/2020,"
Kyene Becker ",https://www.boatos.org/politica/ministro-educacao-abraham-weintraub-pede-criancas-voltem-aulas.html,0
3034,"Festival da carne de cachorro na China, vítima colateral do coronavírus  ",,ano junho milhar cão sacrificar cidade yulin sul chino famoso festival carnar cachorro entanto o coronavírus salvar o vidar d ano o pandemia causar o morte 470.000 pessoa surgir mercar wuhan centrar chino vendido animar vivo o lei o comércio animar reforçar n contexto o americano jeffrey bari criar abrigar o pequim cuidar cercar cachorro salvo destinar fatal esperar o milhar km o o sul capital o festa yulin desumano e bárbaro afirmar defensor animar encontrar família acolhido hóspede,saúde,23/06/2020 10h29 ,23/06/2020 10h29 ,https://noticias.uol.com.br/ultimas-noticias/afp/2020/06/23/festival-da-carne-de-cachorro-na-china-vitima-colateral-do-coronavirus.htm,1
3035,NY: Homem ganha R$ 375 mi e não entrega respiradores que prometeu em tuíte  ,,o governar york levar calote us$ milhão cercar r$ milhão confiar homem prometer respostar twitter o o presidente donald trump respirador pronto entregar yaron oren-pines tuíte respirador invasivo e invasivo ligar urgente o engenheiro especialista tecnologia telefone celular trabalhar silicon valley experiência comprovar o governar york encomendar 1.450 respirador pagar total us$ milhão cercar r$ comprar autoridade falar off o buzzfeed o contratar s pressa executar recomendação direta força-tarefa coronavírus casar branco respirador custar us$ aproximadamente r$ o pagar representar o triplo normalmente custar aparelho entregue,saúde,30/04/2020 16h10 ,30/04/2020 16h10 ,https://noticias.uol.com.br/internacional/ultimas-noticias/2020/04/30/ny-homem-ganha-r-375-mi-e-nao-entrega-respiradores-que-prometeu-em-tweet.htm,1
3036,família koslov umar família humano mutante morar chernobyl,,entrar casar divulgar exclusivamente pelar internet mencionar o série envolver umar família chamar “ koslov ” seriar umar supor “ família mutante viver chernobyl ” o o canal chamar “ ” o youtube resolver contar o o público milhão seguidor,entretenimento,11/06/2019,marco faustino,https://www.e-farsas.com/familia-koslov-uma-familia-de-seres-humanos-mutantes-mora-em-chernobyl.html,0
3037,Holanda vai fechar escolas e restaurantes para combater coronavírus  ,,haia reuters — o holanda fechar escola café restaurante e clube esportivo país decisão governar n domingo severo medir restringir o movimentação pessoa medir visar conter o disseminação coronavírus o gabinete ministrar mark rutte haver inicialmente resistir o o fechamento escola mudar opinião pressão educador e especialista medicinar o emissor público o medir entrar vigor segunda-feira detalhe dever anunciar coletiva imprensar governar n domingo rutte discursar segunda-feira cidadão o objetivo explicar medir precedente,saúde,15/03/2020 13h02 ,15/03/2020 13h02 ,https://noticias.uol.com.br/ultimas-noticias/reuters/2020/03/15/holanda-vai-fechar-escolas-e-restaurantes-para-combater-coronavirus.htm,1
3038,Maratona de Berlim é adiada devido ao coronavírus; prova seria em setembro  ,,"organizador maratona berlim divulgar o adiamento provar dever o o coronavírus e o decisão senado alemão proibir aglomeração pessoa o dia outubro d ano o provar marcar ocorrer dia setembro e edição corredor país inscrever o competição noto promotor maratona berlim informar lidar consequência proibição oficial evento coordenar etapa adicionar e informar o postagem organizador divulgar o datar apesar circunstância permanecer forte e junto dear runners we have learned from the press conference of the berlin senate on april that all events with morar than 5,000 persons will be prohibited until october unfortunately this also applies to the bmw berlin-marathon which cannot now take place on september planned we will now deal with the consequences coordinate the further steps and inform you soon we can let us remain strong together your team from the bmw berlin-marathon bmwberlinmarathon staystrong",saúde,22/04/2020 09h37 ,22/04/2020 09h37 ,https://www.uol.com.br/esporte/ultimas-noticias/2020/04/22/maratona-de-berlim-adiada-coronavirus.htm,1
3039,"
  Não há prova de que mortes relatadas à Anvisa sejam consequência de vacinas contra a covid-19","Circulam pelas redes sociais desde o dia 1° de março publicações compartilhadas mais de 7 mil vezes que alegam que a Agência Nacional de Vigilância Sanitária (Anvisa) “confirmou” 34 óbitos e 767 efeitos adversos no primeiro mês de vacinação contra a covid-19 no Brasil. No entanto, os números coletados do painel de notificações do órgão não são comprovadamente decorrentes dos imunizantes. A Anvisa informou que, até agora, não há nenhum óbito conhecido relacionado ao uso das vacinas contra covid-19 autorizadas no país.Envie-nos por WhatsApp Email",publicação acompanhar imagem aparecer o título notícia “ anvisa confirmar óbito e efeito adverso vacinação ” “ o o notificação efeito adverso leve e grave vacinar coronavac e astra zeneca ” acrescentar o texto compartilhar postagens facebook e instagram o imagem aparecer publicação o título artigo publicar site estudo nacional base plataforma vigimed hospedar site ministério saudar e disponibilizar anvisa cidadão e profissional saudar relatar evento adverso o medicamento e vacinar o artigo compartilhar facebook o ferramenta medição audiência crowdtangle explicar “ janeiro o dia fevereiro o agência nacional vigilância sanitário anvisa confirmar o óbito pessoa decorrência vacinar covid-19 o país morte coronavac e vacinar universidade oxford ” o plataforma realmente indicar notificação atualizadas morte e efeito adverso pesquisar vacinar aplicar considerar prioritário população brasileiro consulto realizar afp checar março efeito imunizante coronavac e oxford astrazeneca pesquisar datar utilizar autor artigo site estudo nacional mostrar o notificação e morte o dia março registrar 1.091 notificação haver óbito,brasil,12/03/2021 às 20:45,AFP Brasil,https://checamos.afp.com//nao-ha-prova-de-que-mortes-relatadas-anvisa-sejam-consequencia-de-vacinas-contra-covid-19,0
3040,o ex-presidente lula escoltar agente norte-americano swat,,o site “ revistar fórum ” publicar texto intitular “ policial escoltar lula símbolo ‘ miami police – s.w.a.t ’ ” alegar ipsis litteris “ o escudar representar o policial algum treinamento o unir o s.w.a.t contar membro atuando o brasil “ semelhante publicar pelar site “ brasil ” título “ policial escoltar lula metralhador símbolo polícia eua “,política,3/03/20194,marco faustino,https://www.e-farsas.com/o-ex-presidente-lula-foi-escoltado-por-um-agente-norte-americano-da-swat.html,0
3041,"Patacoada pró-Deltan; omissão e ""fake image"" como expressões de ""fake news""  ",,o despudor absoluto o herança o lavar jato deixar o político brasileiro claro feito conseguir levar jair bolsonaro o o o comprovar o tesar ... despudor absoluto procurador lavar jato divulgar n domingo vídeo e noto o deltan dallagnol ex-coordenador operação curitiba defender o chamar direito liberdade expressão e criticar decisão ministrar gilmar mendes stf sustar efeito liminar concedido celso mello impedir o nacional ministério público julgar dallagnol procedimento disciplinar o espetáculo hipocrisia limite celso licença médico e voltar o trabalhar dia — dia prescrição punição o procurador eventualmente sofrer ações movido senador renan calheiros mdb-al durante o eleição o mesa senado dallagnol plantão rede social o político eleito renan comandar o pautar anticorrupção jamais aprovar claro,política,07/09/2020 06h50 ,07/09/2020 06h50 ,https://noticias.uol.com.br/colunas/reinaldo-azevedo/2020/09/07/patacoada-pro-deltan-omissao-e-fake-image-como-expressoes-de-fake-news.htm,1
3042,"

Lockdown em Araraquara não funcionou e serviu para aumentar lotação em UTIs #boato 
","Boato – Após lockdown, contaminação, mortes e lotação em leitos de UTIs aumentaram em Araraquara, São Paulo. Medidas de isolamento não funcionaram.",funcionar trancar ruir sp ce ba conseguir comprovar o eficácia d covid-19 lockdown aumentar o paciente internar leito uti araraquara morte diário crescer o implantação medir,saúde,27/03/2021,"
Carol Lira ",https://www.boatos.org/saude/lockdown-araraquara-nao-funcionou-lotou-uti.html,0
3043,"
  Imagem de Maju Coutinho sem máscara na praia é de maio de 2019, antes da pandemia de coronavírus ","Uma foto em que a jornalista Maria Júlia Coutinho passeia em uma praia sem usar máscara foi compartilhada milhares de vezes em redes sociais ao menos desde o final de 2020. “‘Fique em casa’, ‘use máscara’, ‘isolamento social’, né Maju?”, questionaram usuários, criticando a apresentadora da Rede Globo por aparentemente não estar cumprindo as medidas de prevenção contra o novo coronavírus. A imagem viralizada é, contudo, de maio de 2019, meses antes da detecção da doença.Envie-nos por WhatsApp Email",“ maju e o namorar flagrar praia máscara e distanciamento social ‘ ficar casar vc passear orlar máscara ’ ” publicação compartilhar facebook instagram e twitter dezembro imagem o jornalista frequentemente defender medir isolamento conter o pandemia covid-19 caminhar orlar praia o o maridar agostinho paulo mouro e pessoa d máscara buscar palavras-chave google demonstrar o foto anterior detecção coronavírus e o o início recomendação máscara e distanciamento social o mundo,brasil,4/01/2021 às 21:18,AFP Brasil,https://checamos.afp.com//imagem-de-maju-coutinho-sem-mascara-na-praia-e-de-maio-de-2019-antes-da-pandemia-de-coronavirus,0
3044,"EUA voltam ao Conselho de Direitos Humanos com agenda ""anti-Damares""    ",,o ausência ano o governar americano anunciar n segunda-feira genebra retornar o o direito humano onu o decisão reverter posturar governar donald trump acusar o órgão palco acusação israel e promover país venezuela chino diplomata brasileiro brasília o pautar joe biden prometer radicalmente diferente posturar governar jair bolsonaro principalmente temer costume agendar anti-damares ironizar experiente negociador itamaraty referência ministro família mulher e direito humano damares alves o diplomacia joe biden deixar claro discursar o órgão preciso passar reformar e o funcionamento questionável o avaliação casar branco abandonar o debater e deixar o espaçar país trazer resultar,política,08/02/2021 10h13 ,08/02/2021 10h13 ,https://noticias.uol.com.br/colunas/jamil-chade/2021/02/08/eua-voltam-ao-conselho-de-direitos-humanos-com-agenda-anti-damares.htm,1
3045,"

Show da Virada da TV Globo foi cancelado por falta de público #boato 
","Boato – O Show da Virada, atração anual da TV Globo, foi cancelado após fracasso na venda de ingressos. Evento foi um fracasso de público.",show virar fracassar vender ingresso e cancelar … o edição programar ano show virar ocorrer dia dezembro cancelar público.a organização evento esperar pessoa o apresentação atrair fã o dinheiro devolver informação portal o fofoca expectativa o edição contar show luan santana pablo vittar daniela mercury johnny walker claudia leite o evento pagar e ingresso custar r$ o r$ … fonte confiar afirmar organizador esperar o conseguir vender entrar resolver cancelar dia horar,entretenimento,15/12/2018,"
Edgard Matsuki ",https://www.boatos.org/entretenimento/show-da-virada-tv-globo-cancelado.html,0
3046,vídeo mostrar colete indestrutível grafeno verdade,,o vídeo surgir o youtube o dezembro voltar o compartilhar o semana fevereiro ano seguinte n homem vestir colete escuro segundar senhor bater diverso formar o vestimenta golpe tacar beisebol parecer sentir pelar homem receber o pancada,entretenimento,7/02/20197,gilmar lopes,https://www.e-farsas.com/video-mostra-um-colete-indestrutivel-feito-de-grafeno-sera-verdade.html,0
3047,"

Carlos Bolsonaro chama Regina Duarte de comunista e desaprova decisão do pai #boato 
",Boato – Carlos Bolsonaro se irrita com indicação de Regina Duarte para a a Secretaria Especial de Cultura e chama atriz de comunista. ,“ carlos bolsonaro chamar regina duarte comunista e desaprovar decisão pai o ex-atriz regina duarte ganhar rival família bolsonaro o vereador carlos bolsonaro psc-rj aprovar o decisão pai o atual presidente repúblico jair bolsonaro o o indicar regina o secretariar cultura o vereador o famoso “ comunista ” e o escolher dever nome o “ perfil bolsonarista ” o manifestação o opinião acontecer gabinete irmão o senador flávio bolsonaro partido-rj semana passar brasília o converso tenso irmão e acontecer “ noivar ” regina e bolsonaro …,política,23/01/2020,"
Kyene Becker ",https://www.boatos.org/politica/carlos-bolsonaro-regina-duarte-comunista.html,0
3048,Rogério Carvalho: CPI da Covid mostra que houve crime contra saúde pública  ,,o senador rogério carvalho pt-se membro suplente cpi covid-19 hoje o o uol debater haver elemento suficiente comprovar crime governar federal o saudar público brasileiro o presidente jair bolsonaro agir deliberadamente expor o sociedade o imunidade natural conformar indicar depoimento semana comissão parlamentar inquérito dúvida o o longo d semana ficar evidente o o presidente jair bolsonaro conduzir o pandemia agir o população adquirir naturalmente imunidade conseguir o imunidade rebanhar o imunização rogério carvalho uol debater mediar apresentador fabíola cidral e repórter luciana amaral ações presidente o o longo pandemia coronavírus corroborar visão citar o máscara o presença aglomeração o demorar aquisição vacinar e o insistência medicamento ação comprovar o covid-19 atitude condenável bolsonaro,política,17/05/2021 10h39Atualizada em 17/05/2021 12h12 ,17/05/2021 10h39Atualizada em 17/05/2021 12h12 ,https://noticias.uol.com.br/saude/ultimas-noticias/redacao/2021/05/17/uol-debate---rogerio-carvalho---luis-carlos-heinze.htm,1
3049,"Filha de Bill Gates é vacinada contra covid: ""Não implantou gênio do pai""  ",,jennifer gatar filho velho magnata bill gatar receber o vacinar o covid-19 publicar o selar comprovante imunização instagram imagem o estudante medicinar ano comemorar o fato e alertar o importância o população vacinar o coronavírus o rápido passar ano o variante sarscov2 surgir e solução incluir imunização ajudar o proteger indivíduo e comunidade o privilégio receber dosar ensinar célula o formar respostar imunológico protetora o vírus jennifer,saúde,14/02/2021 12h07 ,14/02/2021 12h07 ,https://noticias.uol.com.br/internacional/ultimas-noticias/2021/02/14/filha-de-bill-gates-e-vacinada-contra-covid-nao-implantou-genio-do-pai.htm,1
3050,Ministério da Saúde de Israel nega que seus dados permitam concluir sobre imunidade de infectados,,postagens site e rede social enganir o o afirmar segundar o ministério saudar israel pessoa infectar pelar coronavírus ficar vezar protegido tomar o vacinar pfizer,saúde,2021-08-05,Comprova,https://projetocomprova.com.br/publicações/ministerio-da-saude-de-israel-nega-que-seus-dados-permitam-concluir-sobre-imunidade-de-infectados/,0
3051,"

Lula é vaiado e expulso da Feira dos Importados de Brasília (DF) #boato 
","Boato – Vídeo mostra o ex-presidente Lula sendo hostilizado durante visita à Feira dos Importados de Brasília. Ele foi vaiado pelo povo, expulso do local e só não apanhou por causa dos seguranças.",lula visitar o feirar importar brasília achar ovacionar feirar popular o acontecer .. o bandido molusculo lula visitar o feirar importar brasília achar ovacionar feirar popular kkkkk kkk expulsar e apanhar pq segurança kkkkkkkk,política,16/12/2019,"
Edgard Matsuki ",https://www.boatos.org/politica/lula-vaiado-expulso-feira-dos-importados-brasilia-df.html,0
3052,Mais de 60% dos países atingidos pelo Covid-19 têm apenas casos importados da doença,"Houve transmissão local da doença em 37,5% dos países afetados, e 30% tiveram apenas um caso da doença, segundo levantamento do G1. ","levantamento g1 organização mundial saudar oms mostrar país relatar caso covid-19 d incluir o brasil caso importar doença pessoa infectar território o equivalente o total somar 37,5 registrar transmissão pessoa infectar país reportar o casar país mônaco casar investigação correção o g1 errar o o informar país registrar transmissão e reportar caso importar o manhã o corretar país registrar transmissão e o país reportar caso importar informação atualizadas s 8h21 dia 03/03 o apuração g1 levar consideração caso reportar oms o manhã d segunda-feira registrar doença wuhan chino dezembro",ciência, 02/03/2020 19h01 ," Por Lara Pinheiro, G1 ",https://g1.globo.com/bemestar/coronavirus/noticia/2020/03/02/mais-de-60percent-dos-paises-atingidos-pelo-covid-19-tem-apenas-casos-importados-da-doenca.ghtml,1
3053,"Brasil ultrapassa 234 mil mortes por Covid-19, aponta boletim de imprensa",,"O Brasil ultrapassou nesta quarta-feira a marca de 234 mil mortes causadas pela Covid-19. Nas últimas 24 horas foram registrados 1.357 óbitos, elevando para 234.945 o total de vidas perdidas para o novo coronavírus. A média móvel foi de 1.050 mortes, 1% menor do que o cálculo de duas semanas atrás. As informações são do boletim das 20h do consórcio de veículos de imprensa.  None Desde as 20h de terça-feira, 60.271 novos casos de Covid-19 foram registrados, totalizando 9.662.305 infectados pelo Sars-CoV-2. A média móvel foi de 46.055 diagnósticos positivos, 11% menor do que o cálculo de 14 dias atrás.  A ""média móvel de 7 dias"" faz uma média entre o número do dia e dos seis anteriores. Ela é comparada com média de duas semanas atrás para indicar se há tendência de alta, estabilidade ou queda dos casos ou das mortes. O cálculo é um recurso estatístico para conseguir enxergar a tendência dos dados abafando o ruído"" causado pelos finais de semana, quando a notificação de mortes se reduz por escassez de funcionários em plantão. None Mais de 4 milhões de doses de vacinas contra a Covid-19 já foram aplicadas em todo território nacional. Foram 4.321.678 de vacinas aplicadas em 1ª dose até agora e 80.507 em 2ª dose. Distrito Federal, Maranhão, Minas Gerais, Mato Grosso do Sul, Pernambuco e Sergipe já começaram a vacinar pessoas do grupo prioritário com a segunda dose do imunizante. Apenas 2,04% da população brasileira recebeu a 1ª dose enquanto que 0,04% recebeu a segunda.  None Os dados são do consórcio formado por O GLOBO, Extra, G1, Folha de S.Paulo, UOL e O Estado de S. Paulo e reúne informações das secretarias estaduais de Saúde divulgadas diariamente até as 20h. A iniciativa dos veículos da mídia foi criada a partir de inconsistências nos dados apresentados pelo Ministério da Saúde. None O prazo está explicitado no artigo quinto da MP para imunizantes que já tenham obtido aval de agências reguladoras específicas no exterior. Barra Torres argumentou que o ato tira a competência da Anvisa e implica em risco sanitário para a população. None Em recomendações provisórias sobre a vacina, o painel do Grupo Consultivo Estratégico de Especialistas em Imunização da OMS disse que o imunizante deve ser administrado em duas doses, com um intervalo de cerca de 8 a 12 semanas entre a primeira e a segunda. — Não há razão para não recomendar seu uso, mesmo em países que têm circulação de variantes — disse o presidente do grupo, Alejandro Cravioto. None Os dados se referem à semana epidemiológica fechada na última segunda-feira, 8. Dentro da margem da universidade britânica, o Rt brasileiro pode variar de 0,91 até 1,05. O Imperial College também projeta que o Brasil registrará 7.460 óbitos pela Covid-19 até a próxima semana, uma diferença de 92 vítimas fatais em relação às mortes contabilizadas no último período pelo instituto britânico no cenário mediano. No pior quadro estimado, as perdas para a Covid-19 podem chegar a 7.960.",saúde, Publicado em  10/02/21 20:12 ,Extra,https://extra.globo.com/noticias/coronavirus/brasil-ultrapassa-234-mil-mortes-por-covid-19-aponta-boletim-de-imprensa-24877736.html,1
3054,Investidas moralmente dolosas contra o BTG sob o pretexto de combater crime  ,,"o dia tomar ciência qualidade delação premiar antonio palocci indicar o único premiar praticar falcatruar o admitir livrar cadeia trecho d delação picareta o juiz sergio morar tornar público dia turno eleição incluir trecho d auto ação penal lula acusar oferecer vantagem odebrecht trocar terreno criar instituto — terreno doar diga-se e morar o caro pau alegar o acusar cinismo peculiar escreveu:""ninguém processar julgar opinião político haver sério acusação crime corrupção e lavagem dinheiro procedente o avaliar sentença o defeso o oportunidade apresentar argumento alegação finar o farsa invocação perseguição político perante juízo o juiz aceitar o cargo ministrar justiçar governar jair bolsonaro fingir o decisão evidente viés político e haver dúvida o suspeição atuar casar",política,17/08/2020 06h42 ,17/08/2020 06h42 ,https://noticias.uol.com.br/colunas/reinaldo-azevedo/2020/08/17/investidas-moralmente-dolosas-contra-o-btg-sob-o-pretexto-de-combater-crime.htm,1
3055,Fiéis fazem de Santa Corona a padroeira da resistência a epidemia  ,,hoje católico celebrar o dia santo corona o intercessor doença infeccioso o pandemia coronavírus fiel aproveitar o semelhança nome d e doença pedir proteção e acabar ganhar o atribuição o santo viver sírio século i cristo acredita-se corona ano morto romano professar o fé cristão o lenda o jovem sofrer morte cruel amarrar o árvore dobrar e rasgar tronco solto santo corona imagem reprodução março o catedral aachen alemanha retirar cofre relíquia santo realizar exibição o pandemia covid-19,saúde,14/05/2020 13h42Atualizada em 14/05/2020 16h40 ,14/05/2020 13h42Atualizada em 14/05/2020 16h40 ,https://noticias.uol.com.br/cotidiano/ultimas-noticias/2020/05/14/santa-corona-padroeira-da-resistencia-as-epidemias-e-celebrada-hoje.htm,1
3056,"
  Esta foto mostra uma mulher afetada pela tuberculose cutânea em 1895, não por sífilis","A fotografia de uma mulher com feridas no rosto, atribuídas à sífilis, foi compartilhada mais de 4,7 mil vezes nas redes sociais desde o final de fevereiro de 2020. Mas a imagem mostra as consequências da tuberculose cutânea em 1895, segundo a diretora do arquivo que adquiriu o registro.Envie-nos por WhatsApp Email",“ efeito sífilis penicilina ” e “ mulher sífilis descobrir penicilina ” publicação somar interações facebook instagram e twitter conteúdo semelhante compartilhar idioma espanhol e inglês o sífilis infecção transmitir sexual curar penicilina descobrir alexander fleming,saúde,7/06/2021 às 14:57,AFP Filipinas,https://checamos.afp.com//esta-foto-mostra-uma-mulher-afetada-pela-tuberculose-cutanea-em-1895-nao-por-sifilis,0
3057,foto bananeiro cacho falso entender o foto,,março foto publicar maneiro aleatório umar página gaúcho o facebook chamar “ jornal irmão ” legendar diverso usuário acreditar o veracidade foto,entretenimento,12/09/2020,marco faustino,https://www.e-farsas.com/foto-de-bananeira-com-quatro-cachos-e-falsa-entenda-a-foto.html,0
3058,Comandante do Exército decide abrir procedimento contra Pazuello por presença em ato com Bolsonaro,,o comandante exército general paulo sérgio oliveira decidir abrir procedimento administrativo o ex-ministro saudar general ativa eduardo pazuello participar atar político o o presidente jair bolsonaro n domingo rir o expectativa pazuello notificar n segunda-feira e seguir o exército divulgar noto esclarecimento o comandante forçar reunir o ministrar defeso walter braga netto discutir o situação pazuello semana passar o braga netto general reservar participar manifestação pró-bolsonaro brasília o gerar crítico notificar pazuello manifestar escrever e seguir ouvir pessoalmente comandante exército o ex-ministro ouvir outro superior repercussão fato general paulo sérgio assumir o responsabilidade caber o decidir pazuello punir estatuto militar e regulamentar disciplinar exército haver vedação expresso militar participar manifestação político coletivas o artigo estatuto falir proibir manifestação coletivas atos superior caráter reivindicatório político forçar o desejar o desfechar o casar pazuello anunciar tardar o d semana o entendimento solução rápido interessar ex-ministro chamar novamente o prestar esclarecimento cpi covid senado o prazo entanto estender o pedir ex-ministro apresentar justificativo o auxílio advogar fonte militar pazuello comprovar o transgressão disciplinar pazuello punir advertência o brando punição repreensão enérgico feito escrever e publicar boletim internar detenção prisão disciplinar o situação pazuello considerar grave o sanção comum punição aplicar oficiais-generais o participação pazuello manifestação bolsonarista aumentar o pressão o ex-ministro passar reservar remunerar o intenção o general pedir aposentadoria presentar o comandar exército cargo ministrar intensificar o participação frequentar pazuello atos político o o bolsonaro levar o general o viagem brasil o pazuello o o atar d domingo deixar integrante cúpula exército especialmente irritar pazuello alvo recente cpi covid senado enfrentar frente investigação órgão o ministério público federal e o tribunal contar contar condução combater pandemia ministrar saudar o temor militar o presença general atos político arranhar o imagem instituição associação indevido o exército e o governar,brasil, Publicado em  24/05/21 16:37 ,Jussara Soares,https://extra.globo.com/noticias/brasil/comandante-do-exercito-decide-abrir-procedimento-contra-pazuello-por-presenca-em-ato-com-bolsonaro-25031848.html,1
3059,Confira 20 perguntas e respostas para um retorno seguro às aulas,,ano predominantemente ensinar remoto pai aluno preparar o voltar s aula ajudá-los o tomar decisão n o extra ouvir diverso especialista e tirar dúvida o respeitar retornar presencial segurar — lidar o medo aprendizado fase desenvolvimento e experiência pandemia o medo ficar exacerbar e o situação crise desestabilizar fundamental seguir cuidar e responsabilidade considerar atentamente colocar riscar família precisar entender o n e o escola caminhar juntar possibilidade aparecer o família perceber existir — afirmar palomar basto pedagogo e coordenador pedagógico laboratório inteligência vidar cidade rir escola privar liberar o funcionar regularmente entanto adotaram regime híbrido — distância e sala aula o retornar marcar o dia 1º. o redar estadual anunciar n seguir aula distância aluno condição vulnerabilidade e possuir celular estudar prioridade equipamento digitar escola e tutorial professorar o secretariar educação o representar aluno n situação o retornar s aula marcar o dia fevereiro o município o comandar prefeito eduardo paes divulgar planar retornar s aula o cronograma o anúncio n semana tira-dúvidas extra ouvir o pneumologista fiocruz patrício cantar coordenador trabalhar retornar escolar instituição o virologista ufsm eduardo florir e o educador andrea ramal tira-dúvidas 1)quantos aluno sala aula segurar considerar mandar filhar o distanciamento adequar carteiro o aluno depender tamanho sala carteiro distância mínimo metro e direções e e o professor 2)as escola manter o ar-condicionado deixar janela aberto n adiantar deixar o ar janela aberto o ideal o ventilação natural janela e portar aberto o virologista ufsm eduardo florir afirmar deixar o ar-condicionado janela aberto alternativo seguro 3)quantas máscara dever enviar o filhar o o longo turno horar considerar máscara o horar extra máscara trocar úmidas sujo o frequência 2h especial aluno e professorar o falir gerar emissão gotícula suor d recomenda-se o trocar máscara retirar durante refeição levar máscara extra eventualidade esquecer higienização mão retirar e colocar máscara e o adequar acondicionamento d saco evitar ficar mesa cadeira 4)cada alunar levar água o bebedouro bebedouro utilizar diretamente o abastecimento copo garrafa bebedouro antigo o alunar colocar o bocar diretamente fonte água abolir 5)como horar lanchar comer refeitório junto o ideal escalonar horário evitar estudante junto o o alternativo turma lanchar sala janela aberto optar refeitório colocar cadeira o metro e ficar aluno frente o frente e mesa pequeno higienização frequentar espaço e mão o o entrar e sair refeitório 6)escolas cantina mantê-las aberto melhor o alunar levar o comer casar cantina aglomeração horar intervalo melhor alunar e funcionário levar lanchar 7)todo alunar comorbidade evitar o voltar presencial doença respiratório comum bronquite e asma considerar comorbidades asma e bronquite leve e controlar considerar fatores riscar aumentar covid-19 aluno professorar comorbidades diabete e hipertensão e ano priorizado o trabalhar ensinar remoto “ n ano alternativo o o ensinar híbrido haver o disponibilização aula remoto e presenciar fundamental e necessário ” afirmar o pneumologista patrício cantar 8)os professorar aula máscara falar alto ouvir sala aula o máscara ficar molhar professorar utilizar máscara e trocar frequência decorrência umidificação falir máscara extra contemplar o turno aula garantir o segurança aluno e professorar 9)basta filhar ficar máscara importante face shield proteger olho haver necessidade face shield importante o máscara trocar 4h depender condição e o higienização mão frequentemente 10)as escola piscina utilizá-la e atividades extracurricular esportes município regulamentação o o piscina “ entendimento locar máscara e aluno recomendar n ” cantar florir afirmar haver problema “ casar o distanciamento criança controlar ” aula extracurricular implicar contato físico recomendar n aumentar caso 11)devo mandar filhar transportar escolar melhor evitar contar juntar criança veículo o virologista ufms afirmar o melhor evitar o transportar coletivo diminuir o exposição o criança casar o transportar privar 12)se alunar o professor turma testar positivar aluno d turma cumprir quarentenar dia casar o turma permanecer isolamento domiciliar e retornar escola dia o dia contato alguém infecção covid-19 suspeito confirmar casar alguém desenvolver sintoma o isolamento depender datar início sintoma e gravidade casar casar criança obrigatoriedade frequentar escola equilibrar o balançar medo pandemia e impactar emocional e social quarentenar melhor mandar o escola esperar o pneumologista patrício cantar afirmar família atento o sinal sofrimento emocional jovem “ escola preciso encarar essencial negligenciar ano aluno ficar privar d direito aumentar desigualdade e vulnerabilizar parcelar sociedade ” 14)há influência planar imunização retornar s aula presenciar condicionar o retornar s aula vacinação cantar “ condicionamento relacionar o condição biossegurança escola e o indicador epidemiológico demostrar haver possibilidade aula presenciar segurança especial redução transmissão covid-19 região disponibilidade redar assistencial incrementar caso e capacidade realizar rastreamento caso e contatos ” o especialista eduardo florir afirmar o processar imunização população facilitar o voltar resistência criança receber o vacinar vacinar testar e necessário aguardar teste o anvisa liberar vacinar ano 15)como evitar criança compartilhar objetos o educador andea ramal criança educação infantil incentivar o compartilhar brinquedo o disseminação vírus precisar cautela “ escola promover ações educativo explicar criança o pandemia e importante brincar brinquedo dica pai evitar filho levar o escola brinquedo objetos difícil higienizar ” afirmar 16)a idade considerar segurar o criança levar frasco álcool gel o anvisa publicar documentar alertar o população o aumentar caso intoxicação álcool gel durante o pandemia principalmente criança o recomendação lavar mão criança água e sabão afirmar andrea ramal o álcool gel restrito ocasião o lavagem mão e o produto manter alcançar criança e ano idade casar o utilização necessário feito supervisão responsável 17)no casar criança idade inferior obrigatoriedade o escola matricular ano?ou direito cobrar ano o criança criança ano idade matricular creche ano o criança entrar creche particular ano responsável pagar o período ingressar 18)as escola obrigar o apresentar o responsável testar covid professorar e obrigar o testar professorar algum frequência haver nenhum obrigação n sentir 19)as escola obrigar o manter o opção ensinar remoto oferecer o presencial escola liberar o oferecer ensinar remoto desejar obrigar aluno redar privar trocar escola casar desejar atender o redar público divulgar plano voltar presencial 20)algumas mãe criança pequeno período obrigação escola desmatricularam filho ano passar conseguir acompanhar aula online remediar o situação juntar o o tutelar direito e dever d pai pai direito opção colocar filho escola ano o d e o dever manter o filhar escola peno responder crime abandonar intelectual o conselheiro pai matricular filho escola ano considerar negligência e pai sofrer medir protetivas pai desmatricularam criança idade escolar obrigatório n quarentenar procurar escola o o riscar responder abandonar intelectual acionados tutelar precisar seguir orientação conselheiro,saúde, Publicado em  24/01/21 03:30 ,Bruno Alfano,https://extra.globo.com/noticias/coronavirus/confira-20-perguntas-respostas-para-um-retorno-seguro-as-aulas-24852636.html,1
3060,"China dá aval provisório para vacina da Sinopharm, permitindo uso em massa  ",,pequim o administração nacional produto médico chino o principal regulador medicamento país noite quarta-feira autorização provisório vacinar o covid-19 desenvolvido estatal sinopharm o imunizante massa cercar ano o pandemia começar o surgir centrar país.o regulador aprovar o vacinar n quinta-feira o vice-comissário regulador chen shifei.na quarta-feira o sinopharm afirmar vacinar eficácia proteção o covid-19 fase ensaio clínico exterior.a vacinar e feito país haver receber autorização emergencial chino pequim permitir vacinar concluir teste clínico considerar urgente ajudar o emergência público saúde.o aval sinopharm o o permitir amplo vacinar o covid-19 país.a sinopharm começar o produzir massa o vacinar informar o governar chinês quinta-feira o regulador atentar empresar o garantir realizar o restante ensaio clínico fase planejado dow jones newswires,saúde,31/12/2020 09h58 ,31/12/2020 09h58 ,https://www.uol.com.br/vivabem/noticias/agencia-estado/2020/12/31/china-da-aval-provisorio-para-vacina-da-sinopharm-permitindo-uso-em-massa.htm,1
3061,Carnaval de São Paulo de 2021 é adiado devido à pandemia de covid-19  ,,"O Carnaval de São Paulo de 2021 foi oficialmente adiado. O anúncio foi feito pelo prefeito da capital paulista, Bruno Covas (PSDB), em entrevista coletiva no Palácio dos Bandeirantes. O evento deve acontecer a partir de maio do ano que vem. Apesar de não ter uma nova data confirmada, Covas disse que o Carnaval em São Paulo dificilmente será realizado em junho de 2021, mesma data dos festivais de São João no Nordeste do Brasil. ""Estamos definindo ou final de maio ou começo de julho. Estamos definindo isso em conversa com outras cidades, para que possa haver um movimento conjunto. Adiamos os preparativos para fevereiro do ano que vem para ter uma segurança. É claro que esta data pode ser revista mais para a frente, como aconteceu com a Parada e a Marcha. Estamos tentando dar a maior previsibilidade possível às pessoas"", afirmou Covas. Além de conversar com as escolas de samba, o prefeito também entrou em contato com os principais blocos de rua da cidade, que também decidiram pelo adiamento. Participaram membros de blocos como Minhoqueens, Agrada Gregos, Acadêmicos do Baixo Augusta, Tarado Ni Você, Lua Vai e Ilú Obá De Min.",saúde,24/07/2020 12h32 ,Felipe Pereira e Patrick Mesquita,https://www.uol.com.br/carnaval/2020/noticias/redacao/2020/07/24/carnaval-de-sao-paulo-de-2021-e-adiado.htm,1
3062,"

Governador de Nova York (EUA) disse que as pessoas precisam voltar ao trabalho e voltou atrás no lockdown #boato 
","Boato – Em coletiva, o governador de Nova York (EUA) disse que as pessoas precisam voltar ao trabalho e voltou atrás no lockdown que ele mesmo decretou. ",governador york acabar coletiva voltar lockdown decretar pessoa precisar voltar o o trabalho.parece o racionalidade vencer o imbecilidade 1º mundo,mundo,26/03/2020,"
Raiane Gonoli ",https://www.boatos.org/mundo/governador-de-nova-york-diz-pessoas-voltarem-trabalho.html,0
3063,Cloroquina poderá ser usada em casos graves do coronavírus,,"o medicamentar indicar curtir prazo paciente grave hospitalizadosdevido o o coronavírus o ministério saudar comedir o distribuir o o d sexta-feira 3,4 milhão unidade medicamento cloroquina paciente formar grave covid-19 doença haver evidência científico suficiente comprovar o eficácia medicamentar caso coronavírus entanto haver estudo promissor demonstrar o benefício paciente grave acesse o noto técnico enviar o",saúde,25/03/2020 23h49,"Por Natália Monteiro, da Agência Saúde Atendimento à imprensa3315.3580 / 2351",https://www.gov.br/saude/pt-br/assuntos/noticias/cloroquina-podera-ser-usada-em-casos-graves-do-coronavirus,1
3064,É #FAKE que filha de Maria do Rosário passou oito anos cursando ciências sociais na UFRGS e fez TCC enaltecendo visitas íntimas nas prisões ,Assessoria da deputada federal e universidade desmentem post falso.,circular rede social post o filho deputar federal maria rosário maria laura graduar ciência social universidade federal rir sul ufrgs ano faculdade o mensagem o temer tcc ai tô bandido o visitar íntimo método empoderamento detentas presídio feminino madre peletier o informação falso acordar o assessoria deputar maria rosário maria laura ano casar completar ano estudar graduação começar o faculdade o ano e ocorrer d estudar instituição ensinar e psicologia procurar o universidade federal rir sul jamais matricular cursar e basto buscar repositório oficial ufrgs lume concluir haver trabalhar conclusão nome d nenhum tcc registrar o título ai tô bandido o visitar íntimo método empoderamento detentas presídio feminino madre peletier,política, 30/04/2021," Por Roney Domingos, G1 ",https://g1.globo.com/fato-ou-fake/noticia/2021/04/30/e-fake-que-filha-de-maria-do-rosario-passou-oito-anos-cursando-ciencias-sociais-na-ufrgs-e-fez-tcc-enaltecendo-visitas-intimas-nas-prisoes.ghtml,0
3065,EUA têm recorde de mortes em 2020; Covid é a 3ª principal causa,"Os óbitos cresceram 16%, para mais de 3,3 milhões. Foi o maior salto anual desde 1918, quando as mortes dispararam 46% devido à 1ª Guerra Mundial e à pandemia de Gripe Espanhola.","o pandemia covid-19 empurrar o total morte unir 3,3 milhão o registrar óbito ano informar o governar americano quarta-feira o coronavírus causar cercar morte ano passar e o principal causar óbito doença cardíaco e câncer somar relatório centro controlo e prevenção doença país cdcs doença cardíaco responsável 20,5 morte país 17,8 óbito câncer e 10,3 covid-19 causar somar 51,4 principal causar morte eua lesão intencional 4º derramar cerebral avc 5º doença respiratório inferior crônica 6º alzheimer 7º diabete 8º gripar e pneumonia 9º e doença renal 10º",saúde, 01/04/2021 13h49 , Por Associated Press ,https://g1.globo.com/mundo/noticia/2021/04/01/eua-tem-recorde-de-mortes-em-2020-covid-e-a-3a-doenca-que-mais-mata.ghtml,1
3066,foto mostrar o comportamento população durante pandemia anterior,"recentemente, um determinado usuário, no facebook, resolveu fazer uma publicação questionando o otimismo de algumas pessoas que estariam acreditando, que a vida voltará ao normal ainda este mês ou no mês que vem (arquivo). como comparação, foram citadas a “peste negra” e a gripe espanhola. o usuário afirmou que a primeira acabou com 70% da população da europa e durou 7 anos (1346-1353). já a segunda, de acordo com ele, matou mais de 50 milhões de pessoas e durou dois anos (1918-1920).",d o usuário publicar foto ilustrar o mudança comportamento d pessoa referir período,saúde,22/05/2020,marco faustino,https://www.e-farsas.com/fotos-mostram-o-comportamento-da-populacao-durante-pandemias-anteriores.html,0
3067,"Caixa de R$ 19,2 bi na pandemia gera embate eleitoral em São Paulo  ",,"o depositar caixa prefeitura paulo n reta campanha virar alvo crítico concorrente prefeito brunir cova psdb falir recurso custear promessa haver r$ 19,2 bilião saldar o suficiente candidato viabilizar programar render mínimo e testagem massa o coronavírus o o mandatar o cair r$ 6,2 bilião considerar alto o r$ 5,5 bilião deixar fernando haddad pt acordar o secretariar municipal fazenda r$ 11,2 bilião hoje classificar recurso livre o restante verba carimbar empregar determinar lei causar pandemia entanto e o aprovação câmara municipal cova publicar decretar desvincular recurso carimbar diferente fundo municipal ampliar o possibilidade utilizá-los ações emergenciais o economista mariano almeida superintendente fundação tide setubal e professorar insper afirmar diferentemente cidadão comum poupar dinheiro o público economizar",política,08/11/2020 08h05 ,"Adriana Ferraz, com colaboração de Tulio Kruse",https://noticias.uol.com.br/eleicoes/estadao-conteudo/2020/11/08/caixa-de-r-192-bi-na-pandemia-gera-embate-eleitoral-em-sao-paulo.htm,1
3068,É #FAKE que imagem mostre paciente curado da Covid-19 após uso de medicamento,"Foto é antiga. Foi feita em 2019, quando não havia nem sequer registro da doença. Homem que aparece na imagem é o arquiteto e pintor Walter Hugo Balestra, que tem um enfisema pulmonar. Post com a desinformação foi compartilhado por um dos filhos do presidente, o senador Flávio Bolsonaro.",circular rede social o foto homem cama hospital e legendar caso grave covid-19 curar tomar medicamentar caráter experimental brasil o homem aparecer fotografia o arquiteto e pintor walter hugo balestra diagnosticar o coronavírus tampouco curar doença internar recentemente paulo o foto antigo tirar julho verdade balestra fotografar haver quase ano hospital moinho ventar rir sul tratamento enfisema pulmonar o imagem feito equipar rbs durante reportagem o respeitar estudar o visitar utis trazer benefício o familiar paciente o g1 publicar reportagem o respeitar o imagem mensagem falso o constar texto,saúde, 29/03/2020," Por Roney Domingos, G1 ",https://g1.globo.com/fato-ou-fake/noticia/2020/03/29/e-fake-que-imagem-mostre-paciente-curado-da-covid-19-apos-uso-de-medicamento.ghtml,0
3069,"1 em cada 5 crianças com Covid internadas em hospital de Brasília precisou de suporte de oxigênio, diz pesquisa","Outros 28,6% foram internados na Unidade de Terapia Intensiva (UTI), enquanto que 36% foram assintomáticos. O estudo é conduzido pelo Hospital da Criança de Brasília.","pesquisador hospital criança brasília acompanhar paciente ano o covid-19 semestre ano passar entender efeito doença organismo paciente jovem criança e adolescente internar julho e outubro hospital d 19,5 testar positivar o covid-19 e d aceitar participar pesquisar considerar paciente infectar sars-cov-2 apresentar sintoma 28,6 precisar internar unidade terapia intensivo uti e precisar suportar oxigênio o médio internação dia evoluir caso grave o pediatro hospital criança luciana montar coordenador estudar explicar algum comorbidade",ciência, 09/02/2021 14h09 , Por G1 ,https://g1.globo.com/bemestar/coronavirus/noticia/2021/02/09/19percent-de-pacientes-de-ate-18-anos-infectados-com-covid-necessitaram-de-suporte-de-oxigenio-aponta-pesquisa.ghtml,1
3070,o vídeo papar francisco impedir fiel beijar anel real,é verdadeiro ou falso o vídeo mostrando o papa francisco tirando a mão para impedir que os fiéis beijassem o seu anel?,o vídeo surgir rede social março e deixar gente dúvida veracidade imagem n o papar francisco receber filar católico beijar mão o sumir pontífice puxar o mão fugir gesto caro fiar,saúde,30/03/2019,gilmar lopes,https://www.e-farsas.com/o-video-do-papa-francisco-impedindo-que-fieis-beijassem-seu-anel-e-real.html,0
3071,É #FAKE que Xuxa e Bolsonaro discutiram no Twitter após críticas do presidente ao carnaval de rua,Perfis oficiais não publicaram mensagens que aparecem na imagem compartilhada nas redes.,circular rede social imagem suposto trocar alfinetar o apresentador xuxa meneghel e o presidente jair bolsonaro o mensagem o entender o conflito ocorrer bolsonaro divulgar vídeo atar pornográfico ocorrer bloco paulo “ golden shower ” criticar o carnaval ruir o mensagem fake o presidente sofrer duro crítico o o redor mundo compartilhar o vídeo perfil e acordar o imagem xuxa unir o o corar o imagem s 10h44 d quarta-feira cinzar o apresentador tuitou “ mérito governar publicar golden shower rede social criança acessar conteúdo ” verdade o respostar bolsonaro citar filmar protagonizar atriz início carreira falso “ o mérito idade ‘ amor estranhar amor ’ ” imagem,entretenimento, 06/03/2019, Por O Globo ,https://g1.globo.com/fato-ou-fake/noticia/2019/03/06/e-fake-que-xuxa-e-bolsonaro-discutiram-no-twitter-apos-criticas-do-presidente-ao-carnaval-de-rua.ghtml,0
3072,Salvador: Vacinação da 1ª dose contra covid é suspensa por falta de estoque  ,,o aplicação dosar vacinar o covid-19 suspenso hoje salvador bahia estocar o vacinação pessoa aguardar o dosar seguir normalmente o estocar prever sms secretariar municipal saudar agendar imunização hoje s 12h idoso o ano entrevisto tv globo doiane ler subcoordenadora doença imunopreveníveis explicar vacinar acabar o posto cidade o cronograma entregar cumprir escalonar,saúde,06/04/2021 15h48Atualizada em 06/04/2021 16h03 ,06/04/2021 15h48Atualizada em 06/04/2021 16h03 ,https://noticias.uol.com.br/saude/ultimas-noticias/redacao/2021/04/06/salvador-vacinacao-da-1-dose-contra-covid-e-suspensa-por-falta-de-estoque.htm,1
3073,"

Vacina brasileira contra Covid-19 foi mantida em segredo por Bolsonaro, Pazuello e Fiocruz #boato 
","Boato – Secretamente, para que não houvesse interferência dos “esquerdopatas”, Bolsonaro, Pazuello e a Fiocruz desenvolveram a primeira vacina brasileira contra a Covid-19 e só revelaram agora.",bolsonaro o caro cnn pronunciamento fiocruz revelar pazuelo julho assinar e injetado bilião fundação o produção vacinar brasileiro o “ peste chinês ” brasil vacinar revelar fiocruz o presidente calar haver interferência esquerdopatas único vacinar brasileiro realmente aprovar anvisa … entregue milhão dose semana parabém bolsonaro e pazuelo.golpe mestre milhão semana maquinar e cientista vir israel estagiário ficar dia israel e funcionário recrutar universidade golpe mestre manter sigilar o fiocruz produzir o ifa e o vacinar .agora petistas esquerdista e centro-esquerdistas parque industrial américa latino fábrica vacinar diferente entrar autorizar general hamilton mourão .fotos pensar .vai assombrar o mundo pivfi-parque industrial vacinar .com supervisão cientista israel,política,21/03/2021,"
Edgard Matsuki ",https://www.boatos.org/politica/vacina-brasileira-covid-19-mantida-segredo-bolsonaro-pazuello-fiocruz.html,0
3074,"

Programa Prato Cheio e governo dão cesta básica para quem compartilhar link no WhatsApp #boato 
","Boato – O governo federal, por meio do programa Prato Cheio, está dando cesta básica gratuita para quem entrar em um site e compartilhar um link com amigos no WhatsApp.",programar prato cheio e governar federal cadastre-se e solicitar cesta básico gratuito acesse site]informe selecione informar cidade selecione cidade nome completar abreviação cadastrar © governar federal benefício disponível direito o cesta básico mensal inscrição 10/06/2020 solicitar entregar solicitar o entregar domiciliar cesta básico mensal compartilhar informação familiar e contatos whatsapp!solicitar,entretenimento,09/06/2020,"
Edgard Matsuki ",https://www.boatos.org/tecnologia/programa-prato-cheio-governo-dao-cesta-basica-compartilhar-link-whatsapp.html,0
3075,Gustavo Borges vê academia como 'supercontrolado' e torce por reabertura  ,,o ex-nadador gustavo borges hoje presidente acad brasil associação brasileiro academiar afirmar o ambientar academiar supercontrolado o o comentar risco contaminação coronavírus estabelecimento flexibilização medir isolamento social academiar voltar o funcionar cidade país casar academiar diferentemente locar supercontrolado hoje o medalhista olímpico entrevisto cnn brasil ambientar controlar professor ambientar demarcar chão passar e protocolo rigoroso decreto cidade comparar borges comentar o compartilhamento aparelho característico comum academiar,saúde,03/07/2020 13h30 ,03/07/2020 13h30 ,https://noticias.uol.com.br/cotidiano/ultimas-noticias/2020/07/03/gustavo-borges-ve-academia-como-super-controlado-e-torce-por-reabertura.htm,1
3076,"

Começou votação do impeachment de Bolsonaro e estão divulgando só em grupos de esquerda #boato 
","Boato – A votação para o pedido de impeachment do presidente Jair Bolsonaro já começou e estão divulgando só nos grupos de esquerda. Por isso, a direita tem que entrar no site da CBN e votar.","começar o pedir impeachment bolsonaro divulgar esquerdista repassar maciçamente o direito entrar e clicar entrar o link e votar tardar achar votar dever enviar o lista direito e abafar pedir atualmente ganhar 49,73 38,90 e 11,38 idecisos mudar pesquisar ganhar voto compartilhar o canhoto voltar c td turma sossegar",política,26/06/2021,"
Edgard Matsuki ",https://www.boatos.org/politica/comecou-votacao-impeachment-bolsonaro-estao-divulgando-esquerda.html,0
3077,"

Voluntário que morreu de Covid-19 tomou a vacina de Oxford #boato 
",Boato – Voluntário brasileiro desenvolveu sintomas de Covid-19 e morreu após tomar de vacina de Oxford e da AstraZeneca.,“ voluntário vítima vacinar oxford o curar covid19 médico e ex-aluno ufrj deus receber abraçar ” “ morrer ajudar curar covid19 morte esquecido honrar vidar saudar ”,saúde,22/10/2020,"
Kyene Becker ",https://www.boatos.org/saude/voluntario-morreu-covid-vitima-vacina-oxford.html,0
3078,É #FAKE que homem pego com fuzis e mais de 100 kg de cocaína estava em prisão domiciliar e tinha sido liberado por causa do coronavírus,"Mensagem tem bombado nas redes sociais. Informação foi dada pelo ministro Sérgio Moro em entrevista no Palácio do Planalto na terça (31). Na ocasião, ele pediu a palavra e disse que tinha uma 'informação de última hora, que precisava ser confirmada'. Após a coletiva, porém, o boato se espalhou. Homem não cumpria pena.","mensagem circular rede social homem presar rir sul quantidade drogar e armar casar liberar prisão dever pandemia coronavírus o boatar espalhar falir ministrar justiçar e segurança público sérgio morar n terça-feira palácio planalto pronunciamento morar pedir o palavra e ler celular declaração vir rapidamente o informação horar preciso confirmar o informação receber presar leopoldo detento ano libertar semana passar prisão domiciliar humanitário apreender kg cocaína kg crack fuzil e submetralhadora m e 5,5 cartucho fuzil afirmar o ministrar",entretenimento, 01/04/2020," Por Marcelo Parreira, TV Globo ",https://g1.globo.com/fato-ou-fake/noticia/2020/04/01/e-fake-que-homem-pego-com-fuzis-e-mais-de-100-kg-de-cocaina-estava-em-prisao-domiciliar-e-tinha-sido-liberado-por-causa-do-coronavirus.ghtml,0
3079,Ex-conselheiro de Trump e guru de E. Bolsonaro é preso acusado de fraude  ,,ex-conselheiro donald trump casar branco e guru atual prestar consultoria informal o o deputar federal eduardo bolsonaro psl-sp e apoiar o campanha presidencial jair bolsonaro steve bannon presar hoje acusação fraudar o procuradoria york indiciar bannon e pessoa andrew badolato brian kolfage e timothy shea enganar doador esquema arrecadação fundo online we build the wall construir o murar o motivação campanha juntar us$ milhão cercar r$ milhão arrecadar dinheiro construir murar fronteiro o méxico acusar recurso pessoal acordar o acusação bannon prometer dinheiro doar o projeto réu coletivamente centena milhar dólar maneiro inconsistente representação público organização fraudar centena milhar financiador capitalizar o interessar d financiar o construção murar fronteiro e o falsar pretextar recurso seriar gasto obraprocuradora audrey strauss distrito sul york,política,20/08/2020 11h00Atualizada em 20/08/2020 17h27 ,20/08/2020 11h00Atualizada em 20/08/2020 17h27 ,https://noticias.uol.com.br/internacional/ultimas-noticias/2020/08/20/ex-conselheiro-da-casa-branca-e-preso-por-fraude.htm,1
3080,"
  Esta foto de uma tempestade foi tirada em dezembro de 2019 no Rio Grande do Sul","A impactante imagem de uma tempestade foi compartilhada mais de 4,4 mil vezes nas redes sociais desde o último dia 1º de julho como se tivesse sido registrada em Santa Catarina durante a passagem do “ciclone bomba” no final de junho pela região sul do Brasil. A fotografia em questão foi tirada, entretanto,  em dezembro de 2019 na cidade de Torres, no Rio Grande do Sul.Envie-nos por WhatsApp Email",“ imagem tirar alto prédio ciclone passar santo catarino noção o catarinense sofrer … sic ” e “ florianópolis sc ... assustador ” legendar publicação compartilhar milhar facebook dia postagens o autor especificar o foto tirar “ ” referência o o dia junho ciclone extratropical atingir região sul país causar chuva torrencial e vento km h buscar reverso o equipar checagem afp brasil encontrar o imagem viralizada publicar março site domínio europeu severe weather artigo concurso fotografia tempestade,brasil,2/07/2020 às 22:47,AFP Brasil,https://checamos.afp.com//esta-foto-de-uma-tempestade-foi-tirada-em-dezembro-de-2019-no-rio-grande-do-sul,0
3081,"

Fungo negro é causado pelo uso de máscaras contra Covid-19 #boato 
",Boato – Infecção por fungo negro na Índia é causada pelo uso de máscaras contra Covid-19 e pessoas devem parar de usá-la. ,“ o original inglês encontra-se o tradução o fungar negro causar medo índio causar pelar máscara médico e jornalista o mundo criar pânico o infecção fúngico atualmente supostamente afetam pessoa o índio algum afirmar o infecção fúngico sintoma covid-19 outro o infecção fúngico causar pelar prescrição excessivo esteróide parir covid-19 e culpar o diabete mellitus contribuir parir o problema fungo acreditar o único o principal causar acreditar assustador planejado parir encorajar o pessoa o aceitar umar pseudo-vacinas experimentar o alegar epidemiar infecção fúngico causar pelar máscara o problema particularmente prevalente o índio o pessoa pobre dinheiro parir comprar máscara regularmente o máscara repetidamente d o clima quentar aumentar o sudorese agravar o infecção fúngico pessoa máscara facial umar máscara horar haver riscar desenvolvimento fungo afetem o pelar o nariz o bocar e o pulmão e claro o máscara prejudicial o o imunológico – o aumentar o suscetibilidade o o infecção bacteriano e fúngico particular somar o bloqueio e o cobiçar “ vacinar ” danificar o imunológico deixar o pessoa suscetíveis o infecção fúngico e complicação causar infecção fúngico provar o máscara pessoa o máscara horar o perigoso máscara descartável ​​mais umar o perigoso deixar lavar máscara panar o significar acumular bactéria fungo e vírus – o respirar tocar suar máscara o tornar o máscara inútil colocar o máscara bolso bolsar e seguir colocá-las voltar vincar e sujo umar perigoso o usuário respirar insetos transmitir máscara o solução simples persuadir o pessoa o remover suar máscara ”,saúde,04/06/2021,"
Kyene Becker ",https://www.boatos.org/saude/fungo-negro-causado-uso-mascaras-contra-covid-19.html,0
3082,"
  Os macacos foram gravados nadando na piscina de um complexo residencial na Índia","Um macaco pula da varanda de um apartamento, mergulhando na piscina do prédio enquanto outro o observa. A sequência foi compartilhada milhares de vezes em redes sociais desde 16 de abril, em publicações que garantem que os animais estavam aproveitando a área de lazer de um condomínio no Jardim Botânico, bairro do Rio de Janeiro, enquanto os moradores estão confinados devido à pandemia de coronavírus. Embora o vídeo seja autêntico, as imagens foram gravadas, na verdade, na Índia.Envie-nos por WhatsApp Email",“ amar macaco mergulhar piscina condomínio jardim botanico rir janeiro interditar quarentenar morar sic ” publicação compartilhar facebook o dia abril imagem acompanhar descrição aparecer diverso postagens facebook twitter e instagram somar compartilhamentos e milhão visualização 	  o vídeo circular postagens inglês e espanhol garantir imagem gravar hotel quênia,saúde,22/04/2020 às 20:54,"AFP Argentina, Nadia Nasanovsky, Masroor Gilani, AFP Brasil",https://checamos.afp.com//os-macacos-foram-gravados-nadando-na-piscina-de-um-complexo-residencial-na-india,0
3083,"

Carlos Slim determinou que Globo pare de perseguir Bolsonaro #boato 
","Boato – O mexicano Carlos Slim é co-proprietário da Globo e determinou, em reunião no Rio de Janeiro, que a emissora pare de perseguir o presidente Jair Bolsonaro.",o globo cordo bambo falar sério o mundo voltar e s perceber d fato semana passar marcante o quantidade coincidência ocorrido o o político viver o o filhar carlos slim o mexicano rico mundo dono claro e co-proprietário globo comunicação rir janeiro e brasília terra carioca reunir o direção globo e determinar parar perseguir o governar bolsonaro fato acarretar perda concessão canal tv ano hipótese suave pagamento débito gigantesco o brasileiro o governar federal diverso o o filhar carlos slim família disposto o desembolsar bilião real cobrir político brasileiro provocar ataque o bolsonaro e governar imediatamente e noite seguinte o jornal nacional começar o divulgar notícia positivo governar federal fato surpreender o prestar atenção noticiário empresar atualmente atividade o visitar o o rir slim júnior o brasília e reuniu-se bolsonaro – sorrir – e assessorar informar slim pai haver determinar o o globo o ataque bolsonaro ouvir e calar ficar visitante o o encontrar rodrigar maio e reunião coletiva câmara deputar tornar mesa cercar pessoa informar tomar providência globo o federal seriar amanciadas e atender cabeça rolar emissor televisão conglomerar sócio gigantesco introdução capital ocorrido recentemente finalizar o jornal nacional observação e editorar vigilância o conferir,política,25/11/2019,"
Edgard Matsuki ",https://www.boatos.org/politica/carlos-slim-determinou-globo-pare-perseguir-bolsonaro.html,0
3084,"

Mulher é devorada por piranhas no Rio Negro (Pará), no Maranhão, em Paulo Afonso (BA) e Tangará (MT) #boato 
","Boato –  Uma mulher morreu após ser atacada por piranhas. Vídeo mostra o resgate do corpo. Há relatos de que o caso ocorreu no Rio Negro (Pará), no Maranhão, Paulo Afonso (Bahia) e Tangará da Serra (MT). ",“ rir negro parar mulher divertir mergulhar pular retornar ” “ mulher devorar piranha tangar serrar matar grosso ” “ o mulher atacar piranha cidade paulo afonso bahia ” menino comido piranha maranhão,brasil,26/03/2019,"
Kyene Becker ",https://www.boatos.org/brasil/jovem-devorada-piranhas-rio.html,0
3085,Marcos Pontes será voluntário de testes de medicamento contra covid-19  ,,o ministrar ciência tecnologia e inovação marco ponte hoje voluntário teste brasileiro nitazoxanida combater covid-19 o cloroquina e o ivermectina o medicamentar eficácia combater doença causar coronavírus ponte anunciar diagnóstico positivar o covid-19 dia o primeira-dama michelle bolsonaro testar positivar o doença tornar o ministrar governar presidente jair bolsonaro o contaminar coronavírus dia voluntário teste nitazoxanida combater covid-19 publicar hoje o ministrar facebook ponte março o ministrar minar e energia bento albuquerque e o titular gsi gabinete segurança institucional general augusto heleno diagnóstico positivo e recuperar doença,saúde,31/07/2020 11h21 ,31/07/2020 11h21 ,https://noticias.uol.com.br/politica/ultimas-noticias/2020/07/31/marcos-pontes-sera-voluntario-de-testes-de-medicamento-contra-covid-19.htm,1
3086,o papar francisco holograma,,o vídeo surgir o redar social o semana abril e mostrar o regina coeli conduzir pelar papar francisco o biblioteca palácio apostólico o vaticano o oração o papar aparecer o janela e acenar parir o câmeras voltar parir aposentar,entretenimento,14/04/2020,gilmar lopes,https://www.e-farsas.com/o-papa-francisco-e-um-holograma.html,0
3087,"Covid-19: com os riscos de contágio, poderemos usar ar-condicionado no verão?  ",,o passar aparelho ar-condicionado comprar brasil — ano mercar crescer país apesar crise econômica e quedo consumir impactar o vender produto pandemia coronavírus haver dúvida o calor aproximar ligar milhão aparelho casar pequeno comércio loja shopping carro e transportar público afinal haver indício transmissão vírus ar e julho estudar chino surpreender o o o ar-condicionado restaurante vilão infecção pessoa família diferente almoçar,saúde,20/09/2020 08h09 ,Mariana Alvim - @marianaalvim - Da BBC News Brasil em São Paulo,https://noticias.uol.com.br/ultimas-noticias/bbc/2020/09/20/covid-19-com-os-riscos-de-contagio-poderemos-usar-ar-condicionado-no-verao.htm,1
3088,homem ressuscitar dia enterrar túmulo verdade,,o filminho cercar duração e espalhar whatsapp o junho acordar o texto acompanhar o imagem homem debilitar umar cama hospital o sujeitar morrer e dia resgatar túmulo,entretenimento,26/06/2019,gilmar lopes,https://www.e-farsas.com/homem-ressuscita-apos-38-dias-enterrado-em-um-tumulo-sera-verdade.html,0
3089,"
  A Associação Médica Americana não passou a recomendar a hidroxicloroquina contra a covid-19","Publicações assegurando que uma prestigiosa associação médica norte-americana voltou atrás e passou a recomendar o uso da hidroxicloroquina para tratar a covid-19 foram compartilhadas mais de 25 mil vezes em redes sociais desde o último dia 17 de dezembro. Mas, embora a Associação Médica Americana tenha debatido o tema, a moção proposta não foi adotada.Envie-nos por WhatsApp Email",“ associação médico americano declarar retirar restrição hidroxicloroquina e admitir benefício liberar tratamento precoce vestir o quantidade artigo científico citar resultar positivo dosar corretar ” escrever o imunologista nise yamaguchi twitter compartilhar artigo publicar dezembro o alegação difundir médico afastar hospital albert einstein julho d ano replicar múltiplo publicação facebook twitter e instagram “ imaginar vidar salvo o tratamento o hidroxicloroquina ” questionar o deputar estadual coronel sandro psl facebook o conteúdo publicar twitter infectologista francês didier raoult mensagem posteriormente deletada,brasil,22/12/2020 às 20:03,"AFP França, François D'Astier",https://checamos.afp.com//associacao-medica-americana-nao-passou-recomendar-hidroxicloroquina-contra-covid-19,0
3090,robô autônomo atropelar e morto carro tesla autônomo,,o notícia compartilhar o redar social o quinzena maio publicação vário site e blogs acordar o manchete robô autônomo atropelar e morto veículo autônomo motorista marcar tesla,entretenimento,23/05/2019,gilmar lopes,https://www.e-farsas.com/um-robo-autonomo-foi-atropelado-e-morto-por-um-carro-tesla-autonomo.html,0
3091,"

Renan Calheiros é condenado à perda de mandato em 2018 #boato 
",Boato – O senador Renan Calheiros foi condenado à perda do mandato e suspensão de direitos políticos por oito anos pela 14ª Vara Federal de Brasília. Decisão ocorreu em 2018.,renan calheiros condenar perda mandatar 14ª varar federal brasília o senador reeleito alagoa renan calheiros pmdb-al condenar semana 14ª varar federal brasília perda mandatar e suspensão direito político ano improbidade administrativa.a sentença juiz instância waldemar carvalho 14ª varar federal distrito federal e obtido uol o senador condenar “ enriquecimento ilícito ” e “ vantagem patrimonial indevido ” o casar segredar justiçar o uol apurar o sentença relacionar o o casar mônica veloso suposto amantar senador alagoano.o senador recorrer e o decisão temer juiz instância “ causar surpreso ” argumentar o supremo tribunal federal analisar o casar e o receber provar,política,24/12/2018,"
Edgard Matsuki ",https://www.boatos.org/politica/renan-calheiros-perda-mandato-2018.html,0
3092,"No Planalto, operação contra aliados foi vista como uma espécie de 'cerco' ao presidente ", 27/05/2020 08h53 ,o operação deflagrar manhã d quarta-feira polícia federal inquérito supremo tribunal federal stf apurar ameaçar e ofenso cortar gerar clima apreensão auxiliar palácio planalto palavra interlocutor o operação “ significar cercar ” entornar jair bolsonaro focar aliar presidente o o o operação mandar buscar e apreensão ordem expedir ministrar stf alexandre moraes relator inquérito temer preocupar bolsonaro aliar alvo operação ex-deputado federal roberto jefferson o empresário luciano hang e blogueiros bolsonaristas,política, 27/05/2020 08h53 , ,https://g1.globo.com/politica/blog/gerson-camarotti/post/2020/05/27/no-planalto-operacao-contra-aliados-foi-vista-como-uma-especie-de-cerco-ao-presidente.ghtml,1
3093,Brasileiros ganham prêmio com app para aliviar hospitais na pandemia  ,,"time brasileiro morar país diferente conseguir criar aplicativo horar ajudar principal vítima pandemia coronavírus o paciente infectar conseguir atendimento hospitalar dever superlotação saudar chamar cautio o projeto ganhar prêmio euro r$ 28,4 executar concurso acontecer semana abril o the global hack apelidar hackathon reunir online participante país focar iniciativo originar combater o crise mundial covid-19 escutar hospital sobrecarregar e utis contar ficar imaginar o realidade pessoa mandar voltar casar e ficar o navio o ecoar advogar brasileiro filipe costa especialista direito internacional público costa baiano ano morar genebra suíço reunir brasileiro desenvolver o idear hackathon designer viver bauru interior paulo e engenheiro viver estocolmo capital suécio e trabalhar klarna o startup financeiro europa completar o time vir outro colega klarna repúblico dominicano",saúde,22/04/2020 04h00 ,Fernanda Ezabella,https://www.uol.com.br/ecoa/ultimas-noticias/2020/04/22/brasileiros-ganham-premio-com-app-para-aliviar-hospitais-na-pandemia.htm,1
3094,"

Goolpe: Google escreve palavra “golpe” em buscador #boato 
","Boato – Para falar sobre a situação política do Brasil, o Google escreveu a palavra Goolpe no buscador para simbolizar o golpe.",voltar 01:40 entrar google rápido pesquisar sonolento e achar o tradicional nome google tava escrever ‘ golpe ’ esfregar olho e vir ilusão ótico escrever goolpe o idear rápido printar o página e sair o perguntar pros amigo facebook online alguém vestir o computador sofrer vírus recentemente acontecer perguntar o google voltar o o normal e gente perguntar amigo afirmar vestir o voltar e brincar comigo,entretenimento,,"
Edgard Matsuki ",https://www.boatos.org/tecnologia/google-escreve-palavra-goolpe.html,0
3095,"Projeto de compra de vacina por empresas é oportunismo, diz senador  ",,o senador alessandro vieira cidadania-se hoje o projeto permitir o comprar vacinar empresar privar vacinar funcionário tramitar congresso nacional oportunismo e sentir entrevisto o o uol conduzir colunista juliano dal piva vieira ressaltar encontrar nenhum especialista saudar público apoiar o aprovação projeto o o gente encontrar opinião contrário mau idear projeto oportunista projeto coxo agradar empresário nominalmente o caro havan luciano hang e wizard carlos wizard martim campanha e o o governar o projeto trazer nenhum avançar,política,08/04/2021 14h28 ,08/04/2021 14h28 ,https://noticias.uol.com.br/politica/ultimas-noticias/2021/04/08/projeto-de-compra-de-vacina-por-empresas-e-oportunismo-diz-senador.htm,1
3096,Mensagem falsa diz que Bolsonaro proibiu droga e isso gerou manifestações  ,,supor decretar assinar jair bolsonaro psl gerar elogio o o governar internet mensagem circular rede social o presidente proibir o drogar universidade decretar assinar n sexta-feira presidente jair bolsonaro proibir o consumir drogar interior universidade país o texto prever o proibição aluno vestimenta interno instituição acordar o governar o medir visar manter o ordem e o bem-estar aluno principalmente d consumir tabelar ficar efeito entorpecente alheio o mensagem o unir união nacional estudante repudiar o decisão e convocar protestar hoje,política,30/05/2019 04h02 ,Lucas Borges Teixeira,https://noticias.uol.com.br/confere/ultimas-noticias/2019/05/30/bolsonaro-nao-assinou-decreto-que-proibe-drogas-em-universidades.htm,0
3097,"Ao contrário do que afirma blog, OMS recomenda isolamento como uma das medidas de combate ao novo coronavírus",,declaração porta-voz oms tirar contexto o entender o organização recomendar o confinamento ferramenta combater o o coronavírus verificar o declaração original e claro o recomendação utilizar o isolamento único medir combater,saúde,2020/05/06,Comprova,https://projetocomprova.com.br/publicações/ao-contrario-do-que-afirma-blog-oms-recomenda-isolamento-como-uma-das-medidas-de-combate-ao-novo-coronavirus/,0
3098,Bancos estendem prazo de negativação de clientes inadimplentes  ,,banco e birôs crédito estender o processar negativação dia dia o sexta-feira o decisão tomar associação nacional birôs crédito anbc e o federação brasileiro banco febraban o febraban o medir válido dia prorrogar o objetivo manter o fluxo informação avaliação crédito e o o conceder prazo adicional credor consumidor e empresar renegociar crédito setores continuar monitorando impacto covid-19 e acreditar o colaboração o país capaz enfrentar o pandemia e reduzir efeito negativo o população o febraban noto,saúde,14/04/2020 11h16 ,14/04/2020 11h16 ,https://noticias.uol.com.br/ultimas-noticias/agencia-brasil/2020/04/14/bancos-estendem-prazo-de-negativacao-de-clientes-inadimplentes.htm,1
3099,Facebook permite transferir publicações e notas para outras plataformas,"Google Docs, Blogger e WordPress poderão receber conteúdos da rede social com recurso de migração de dados.",o facebook anunciar n segunda-feira ferramenta permitir transferir publicação e noto o google docs blogger e wordpress.com o novidade expansão recurso o redar social inaugurar passar o permitir o transferência foto serviço google foto dropbox backblaze e koofr caso pessoa manter cópia facebook plataforma o ferramenta configuração facebook,política, 19/04/2021 13h49 , Por G1 ,https://g1.globo.com/economia/tecnologia/noticia/2021/04/19/facebook-permite-transferir-publicacoes-e-notas-para-outras-plataformas.ghtml,1
3100,Câmara permite saques mensais do FGTS a quem teve salário reduzido  ,,o câmara deputar aprovar madrugar hoje medir provisório autorizar o sacar emergencial r$ 1.045 fgts fundir garantir serviço o relator deputar marcel van hattem novo-rs propor mudança texto original enviar governar proposto aprovar trabalhador redução salário suspensão contratar trabalhar direito sacar recurso contar fgts complementar o render o texto seguir o senado e preciso votar agostar o mp perder validade texto relator o trabalhador sacar mensalmente equivalente o o necessário recompor salário redução suspensão contratar o sacar correspondente o o salário trabalhador saque mensal fgts seriar permitir durar o redução salário o suspensão contratar trabalhar o governar criar o sacar emergencial fgts apoiar trabalhador n crise causar pandemia coronavírus mp sacar r$ 1.045 fundir acordar calendário seguir o datar nascimento trabalhador,saúde,30/07/2020 12h55 ,Antonio Temóteo,https://economia.uol.com.br/noticias/redacao/2020/07/30/camara-saques-mensais-fgts-salario-reduzido.htm,1
3101,Amazon vai contratar mais 75 mil funcionários com aumento de demanda online  ,,o amazon.com afirmar n segunda-feira contratar funcionário emprego centro distribuição e logístico enfrentar o aumentar demandar gerar isolamento social o companhia comércio eletrônico enfrentar o tarefar contratar pessoal apesar aumentar pedir fechar instalação o empresar registrar caso coronavírus funcionário galpões produto e enfrentar protesto afirmar realizar checagens temperatura e fornecer máscara funcionário centro distribuição unir e europa o amazon afirmar n segunda-feira preencher vago aberto anteriormente e posto adicionar s contratação anterior o companhia afirmar esperar gastar milhão dólar globalmente aumento salariar funcionário durante o pandemia alto antar o estimativo anterior milhão,saúde,13/04/2020 13h48 ,13/04/2020 13h48 ,https://www.uol.com.br/tilt/noticias/reuters/2020/04/13/amazon-vai-contratar-mais-75-mil-funcionarios-com-aumento-de-demanda-online.htm,1
3102,o vídeo vítima covid descer amarrar necrotério o rússia real,será que o vídeo mostrando corpos descendo amarrados em cordas na lateral de um prédio são mesmo de vítimas fatais do coronavírus na rússia?,o filmar duração e vestir milhão o semana setembro n o parecer corpo embrulhar descer ajudar cordo lateral edifício,saúde,6/10/20206,gilmar lopes,https://www.e-farsas.com/o-video-de-vitimas-do-covid-descendo-amarrados-de-um-necroterio-na-russia-e-real.html,0
3103,"Flávio Bolsonaro: anotação de corretor de imóveis é prova nova contra senador, diz MP-RJ  ",,anotação apreendido corretor imóvel o provar flávio bolsonaro flávio bolsonaro dinheiro desviar salário assessorar comprar apartamento o mp acordar o ministério público o senador flávio comandar esquema desviar salário assessorar,política,12/11/2020 16h03 ,12/11/2020 16h03 ,https://noticias.uol.com.br/videos/2020/11/12/flavio-bolsonaro-anotacao-de-corretor-de-imoveis-e-prova-nova-contra-senador-diz-mp-rj.htm,1
3104,"

Thiego Lula da Silva, da UNE, tem 33 anos e está há 15 anos no curso de ciências sociais #boato 
","Boato – “Devolvam nosso futuro”, pede o estudante e diretor da UNE, Thiego Lula da Silva, de 33 anos, que está há 15 anos matriculado. ",devolver futurar ” o estudante e diretor unir thiego lula silvar ano haver matricular cursar ciência social universidade federal pato branco#estudanteprofissional“devolvam futurar ” o “ estudante ” e diretor unir thiego lula silvar ano haver ano matricular ufpb.devolvam futurar gritar o diretor unir thiego lula silvar ano haver matricular cursar ciência social universidade federal pato branco.estudante profissional o caro pretender aposentar estudante caro pau “ devolver futurar ” o estudante e diretor unir thiego lula silvar ano haver matricular cursar ciência social universidade federal,política,,"
Carol Lira ",https://www.boatos.org/politica/thiego-lula-une-ciencias-sociais.html,0
3105,Voto de Nunes Marques revela que Bolsonaro teme mais Lula que Moro em 2022  ,,visto político o votar ministrar stf nunes marcar o suspeição sergio morar revelar o presidente jair bolsonaro temer o ex-presidente lula o ex-juiz federal disputar eleitoral manifestar n terço julgamento 2ª turma stf o respeitar habeas corpus defeso lula pedir o suspeição morar processo o petista juridicamente nunes marcar confessar dificuldade votar o divergência pensar divergir opinar suspeição morar lembrar melhorar rosar weber supremo abril o o analisar habeas corpus lula evitar o prisão condenação instância o ministro votar o pensamento ano o obedecer jurisprudência recente cortar indicar bolsonaro ministrar stf nunes marcar piruetar jurídico capaz o garantismo o morar corromper o lei processual penal respeitar o o contraditório levar contar morar e parceiro lavar jato,política,23/03/2021 15h55 ,23/03/2021 15h55 ,https://noticias.uol.com.br/colunas/kennedy-alencar/2021/03/23/voto-de-nunes-marques-revela-que-bolsonaro-teme-mais-lula-que-moro-em-2022.htm,1
3106,É preciso aceitar: esporte não terá presença de público tão cedo   ,,ninguém defender o jogar o torcedor ninguém o esporte crescer alimentar paixão o acompanhar e o financiar estádio lotar o atmosfera jogar o expectativa olhar ajudar o oxigenar e deixar gigante o evento esportivo irar acostumar provável evento esportivo receber o principal companheiro o angeles capital entretenimento mundial o prefeito cidade eric garcetti entrevisto o o the atlantic evento esportivo público o conseguir imaginar profissional saudar público colocar dezena milhar pessoa junto novamente estádio garcetti fórmula o diretor-executivo ross brown entrevisto falir plano voltar categoria e retornar portão fechar sair ótima melhor correr milhão assistir casar isolamento importante algum entretenimento o pessoa crise viver colocar ninguém riscar alemanha times bundesliga voltar o treinar e o previsão retornar o jogo continuar início maio existir o liberação governar reunião pessoa evento entrevisto n semana o treinador bayern munique hans flickr estádio vazio o pessoa habituar-se face pandemia coronavírus claro incomodar o vírus assustar o mostrar pesquisar divulgar escola stillman negócio universidade seton hall jersey,saúde,11/04/2020 04h30 ,11/04/2020 04h30 ,https://www.uol.com.br/esporte/colunas/lei-em-campo/2020/04/11/goste-ou-nao-aceite-esporte-nao-devera-ter-publico-por-um-bom-tempo.htm,1
3107,É #FAKE que bebê de 2 anos morreu após receber vacina da Pfizer durante teste,"Mensagem falsa afirma que criança morreu em 3 de março. No entanto, testes só começaram no dia 24 de março. Pfizer afirma que estudos pediátricos da vacina não registraram nenhum evento adverso grave.",circular rede social mensagem beber ano idade morrer durante experimento vacinar o covid-19 pfizer criança o mensagem falso o criança morrer dia março e o vacinar aplicar fevereiro entanto o pfizer começar o teste dia março amplamente divulgar errar o informação teste andamento incluir criança idade e ano e criança idade outro verdade o pfizer e o biontech planejam averiguar o segurança vacinar dose dosagem diferente e micrograma testar estágio inicial e intermediário participante,saúde, 10/05/2021," Por Roney Domingos, G1 ",https://g1.globo.com/fato-ou-fake/coronavirus/noticia/2021/05/10/e-fake-que-bebe-de-2-anos-morreu-apos-receber-vacina-da-pfizer-durante-teste.ghtml,0
3108,É falso que China não usará suas próprias vacinas  ,,o chino comprar bilião vacinar o covid-19 desenvolvimento austrália e nenhum imunizante produzir laboratório e universidade afirmação feito originalmente postagem facebook atingir compartilhamentos o dia dezembro n semana página e perfil replicar informação falsas.há o o vacinar desenvolvimento país e o conteúdo verificar desconsiderar o chino conceder novembro autorização especial vacinar sinovac e sinopharm — desenvolvido — aplicar população país considerar alto riscar casar médico e profissional saudar o npr o processar intensificar novembro d ano o vacinar sinopharm o cnn julho o sinopharm aplicar trabalhador profissão alto riscar,mundo,21/12/2020 04h00Atualizada em 22/12/2020 14h36 ,"Do UOL, em São Paulo*",https://noticias.uol.com.br/comprova/ultimas-noticias/2020/12/21/e-falso-que-china-nao-usara-suas-proprias-vacinas.htm,0
3109,Ministro Paulo Guedes reúne secretários e assessores especiais pelo segundo dia consecutivo,Ministro já havia reunido equipe por mais de 4 horas nesta quarta (16) para alinhar discurso. Assessoria não informou tema da reunião desta quinta (17).,o ministrar economia paulo guedes reunir n quinta-feira dia consecutivo o equipar secretário e assessorar especial pastar o encontrar ministério começar s 18h40 e terminar 22h o assessoria informar o temer encontrar d quinta-feira abaixar participar reunião n guedes reunir horar assessorar especial e secretário alinhar o discursar equipar econômica,política, 17/09/2020 21h28 ," Por Laís Lis, G1 — Brasília ",https://g1.globo.com/economia/noticia/2020/09/17/ministro-paulo-guedes-reune-secretarios-e-assessores-especiais-pelo-segundo-dia-consecutivo.ghtml,1
3110,Lenta retomada da China indica rota difícil para economia global  ,,"A frágil recuperação da economia da China também aponta para um longo caminho de volta para o resto do mundo. Uma série de dados de peso mostrou que a produção industrial, gastos dos consumidores e investimento na China continuaram a melhorar em maio, mas há poucos sinais de uma ampla recuperação necessária para estimular uma recuperação em forma de V. A preocupação para a economia global é que, se o aparente sucesso da China em conter o coronavírus não puder despertar confiança e um rápido retorno à atividade normal, isso também será um desafio para outros países. Essas preocupações são agravadas pela notícia de um surto de casos de vírus em Pequim, o que despertou temores de ressurgimento da pandemia. ""A experiência da China até agora sugere que será um caminho difícil de volta para a economia global"", disse Shaun Roache, economista-chefe da S&P Global Ratings para Ásia-Pacífico, segundo o qual a confiança entre consumidores chineses e empresas privadas permanece baixa. ""Ainda esperamos recuperação no segundo semestre, mas expectativas de aumento da demanda reprimida podem ser frustradas.""",saúde,15/06/2020 08h00 ,Bloomberg News,https://economia.uol.com.br/noticias/bloomberg/2020/06/15/lenta-retomada-da-china-indica-rota-dificil-para-economia-global.htm,1
3111,Estudo da USP mostra a importância de manter massa muscular para longevidade,,falar dieta “ low carb ” o pessoa aumentar o consumir carnar o importante ingestão proteína origem animal vegetal importante o ano continuar comer peixe ovar carnar e frango proteína origem vegetal feijão grão bicar lentilha e amêndoa e o atividade físico musculação peso aumentar o massa muscular o estudar faculdade medicinar universidade paulo fm-usp cientista avaliar o quantidade músculo pessoa braço e perna quantidade gordura camada abaixar pelar e órgão vital voluntário participar pesquisar usp examinar técnico densitometria emissão raio x duplo energia rápido e indolor o exame requerer nenhum preparar especial e realizar intensidade exposição o raio x. densitometria fornecer informação massa ósseo magro e gordura corpo inteirar específico expresso porcentagem massa total o equipamento adquirir auxílio fapesp,ciência, Publicado em  04/07/19 06:00 ,Helena Borges,https://extra.globo.com/noticias/saude-e-ciencia/estudo-da-usp-mostra-importancia-de-manter-massa-muscular-para-longevidade-23782630.html,1
3112,"Além de caso confirmado de coronavírus, BA, ES e PE têm uma suspeita cada  ",,casar confirmar contaminação coronavírus paulo o brasil caso suspeito doença espírito santo e pernambuco caso trata-se paciente chegar viagem itália dia país europeu o caso contaminação coronavírus disparar durante o carnaval caso confirmar e pessoa morrer segunda-feira o itália passar o integrar o lista ministério saudar país alertar coronavírus paulo homem ano viajar o lombardia norte itália apresentar sinal e sintoma febre tossir seco dor garganta e coriza compatível o suspeito covid-19 testar positivar o doença exame hospital israelita albert einstein o contraprovar realizar instituto adolfo lutz hospital referência teste covid-19 resultar positivar o folhar s. paulo,saúde,26/02/2020 09h16 ,Ana Carla Bermúdez,https://noticias.uol.com.br/saude/ultimas-noticias/redacao/2020/02/26/alem-de-caso-confirmado-de-coronavirus-ha-mais-2-suspeitos-no-es-e-pe.htm,1
3113,"Só 13% de municípios têm capacidade de atendimento em UTI, diz estudo  ",,estudar fiocruz fundação oswaldo cruz município brasileiro possuir capacidade atender paciente covid-19 necessitar tratamento uti unidade terapia intensivo total 5.570 conclusão feito pesquisador o população migrar preciso tratar o coronavírus e procurar cidade disposto o recebê-la d município estruturar acolher habitante utis o estudar icict instituto comunicação e informação saudar reforçar o importância integrar político enfrentamento o o covid especialmente município compartilhar rede saudar decisão isolar município trazer o aumentar caso localmente provocar o ocupação leito compartilhar d redar atenção saudar deixar o população d redar atendimento e consequentemente demandar atendimento rede vizinho concluir o estudar,saúde,13/04/2021 11h04 ,13/04/2021 11h04 ,https://noticias.uol.com.br/saude/ultimas-noticias/redacao/2021/04/13/so-13-de-municipios-tem-capacidade-de-atendimento-em-uti.htm,1
3114,Bruno Covas nega interesse eleitoral ao determinar reabertura de escolas  ,,"O prefeito de São Paulo, Bruno Covas (PSDB), negou hoje que a determinação para a reabertura de escolas públicas e particulares na cidade seja movida por interesse eleitoral. ""Eu continuo tranquilo em relação às decisões que nós tomamos. São decisões baseadas no que recomenda a Vigilância Sanitária, a área da saúde. Eu sou prefeito da cidade, não sou prefeito do sindicato das escolas particulares"", disse Covas durante entrevista coletiva no Palácio dos Bandeirantes. Covas ainda fez uma crítica sutil aos diretores de escolas da rede particular: ""Seria pequeno da minha parte dizer que as escolas particulares estão pensando somente no próprio bolso, e não na educação das nossas crianças"". Na tarde de hoje, o governador João Doria (PSDB), que também estava na entrevista coletiva, anunciou que, na rede estadual, as aulas para estudantes do ensino médio e de EJA (Educação de Jovens e Adultos) voltarão no dia 7 de outubro.",política,18/09/2020 14h28 ,18/09/2020 14h28 ,https://noticias.uol.com.br/eleicoes/2020/09/18/bruno-covas-nega-interesse-eleitoral-ao-determinar-reabertura-de-escolas.htm,1
3115,SP: Doria confirma que reajuste de pedágios de rodovias será em novembro  ,,o governador paulo joão doria psdb confirmar hoje o adiamento reajustar valorar pedágios rodovia paulista o medir haver publicar diário oficial paulo e anunciar artesp agência transportar paulo acordar concessionário rodovia o reajustar anual entrar vigor o novembro inicialmente estrar valorar vigorar o hoje hoje acordar o contratar concessionário dever o reajustar pedágio natural e ocorrer ano frutar entendimento concessionário adiar o entrar vigor novembro e hoje estabelecer o contratar anunciar doria comum acordar entendimento diálogo concessionário condição governador agradecer o compreender o situação difícil país e especial paulo e permitir reajustar pedágio praticar o dia novembro acrescentar,saúde,01/07/2020 13h48 ,01/07/2020 13h48 ,https://economia.uol.com.br/noticias/redacao/2020/07/01/doria-confirma-adiamento-de-reajuste-de-valores-de-pedagios-de-sao-paulo.htm,1
3116,"Com covid acelerada no AM, Justiça fala em mais auxílio e proíbe jatinho  ",,o amazona registrar hoje morte covid-19 o representar 1.209 óbito país causar doença 14º dia seguir o país registrar médio móvel superior o morte o levantamento consórcio veículo imprensar o uol o médio móvel óbito — comparação dia doença — aumentar amazona o proporcionalmente o aceleração registrar segunda-feira e terço demonstrar o pandemia continuar acelerar fevereiro o amazona lutar o colapso saudar causar crescimento caso e morte covid-19 o justiçar estadual imoral contratar jatinho executivo r$ milhão,saúde,03/02/2021 22h54 ,03/02/2021 22h54 ,https://noticias.uol.com.br/saude/ultimas-noticias/redacao/2021/02/03/resumo-do-dia-covid-19-am.htm,1
3117,PF intima Moro a depor como testemunha em inquérito no STF sobre atos antidemocráticos ,Informação foi divulgada pela defesa de Moro; apuração tramita em segredo de Justiça. Ex-ministro deve ser ouvido em Curitiba no começo de outubro.,o polícia federal intimar n sexta-feira o ex-ministro justiçar e segurança público sergio morar o depor inquérito aberto supremo tribunal federal stf apurar o organização e o financiamento atos antidemocrático o informação divulgar advogar morar rodrigar sánchez rio o inquérito stf relatar ministrar alexandre moraes tramitar segredar justiçar o oitiva motivar razão ocupar época fato o titularidade ministério justiçar e segurança público o noto divulgar defeso rio o depoimento ocorrer dia outubro superintendência polícia federal curitiba sergio morar ouvir testemunhar o advogar,política, 18/09/2020 17h24 ," Por Márcio Falcão e Mateus Rodrigues, TV Globo e G1 — Brasília ",https://g1.globo.com/politica/noticia/2020/09/18/pf-intima-moro-a-depor-como-testemunha-em-inquerito-no-stf-sobre-atos-antidemocraticos.ghtml,1
3118,É #FAKE que fotos e vídeos mostrem produtos mofados em shopping de São Paulo durante a quarentena,"Mensagens dizem que governador João Doria tem que pagar pelo prejuízo dos lojistas. As imagens, porém, foram feitas numa loja da Malásia.",circular rede social foto e vídeo mostrar produto roupar bolsar e sapato couro mofar loja mensagem ocorrer contar desligamento ar-condicionado shopping paulo durante o quarentenar e atribuir o prejuízo o o governador joão doria e s medir isolamento social tomar o associação brasileiro shopping centers abrasce informar o incidente acontecer brasil imagem verdade loja departamento malásio o loja chamar metrojaya e comunicar rede social o assunto o estabelecimento informar o problema ocorrer fechamento unidade dia março o texto atribuir o estragar o o ar-condicionado “ existir razão produto ficar n e investigar ” o comunicar mencionar refrigeração dia divulgar loja foto limpeza prateleiro e substituição produto inutilizar o loja voltar o funcionar dia,brasil, 20/05/2020," Por Roberta Pennafort, CBN ",https://g1.globo.com/fato-ou-fake/coronavirus/noticia/2020/05/20/e-fake-que-fotos-e-videos-mostrem-produtos-mofados-em-shopping-de-sao-paulo-durante-a-quarentena.ghtml,0
3119,"'Não tem UTI, amo vcs': a história por trás do tuíte viral que revela mensagens de mãe morta por covid-19 no RS  ",,pra uti vago nenhum amar escrever o comerciante valéria abreu mensagem o filho velho o assistente comercial giulia mariano sábado 27/02 valéria ano internar decorrência complicação covid-19 hospital público estear município rir sul passar dia vidar o o caos leito diverso região país razão aumentar caso coronavírus brasil o contato comerciante o filho velho whatsapp compartilhar jovem ano twitter horar o morte valéria terça-feira 02/03,saúde,05/03/2021 08h16Atualizada em 05/03/2021 12h50 ,Vinícius Lemos - Da BBC News Brasil em São Paulo,https://noticias.uol.com.br/saude/ultimas-noticias/bbc/2021/03/05/a-historia-por-tras-do-tuite-viral-que-revela-mensagens-de-mae-morta-por-covid-19-no-rs.htm,1
3120,Alerj aprova alteração em lei e repasse para confecção de respiradores  ,,deputar estadual rir janeiro aprovar alteração fundir especial assembleia legislativo possibilitar o repassar r$ milhão o confecção respirador o projeto respirador conceber universidade federal rir janeiro ufrj e o iniciativo tentativo driblar o crise coronavírus o alteração lei estadual 6.041/2011 fundir especial feito transferência recurso poupar alerj projetos vincular o universidade federar e estadual o o expectativa ufrj o recurso produzir aparelho período hospital público rir o iniciativo preciso chancelar executivo desenvolver equipar multidisciplinar pesquisador programar engenhar biomédico coppe ufrj respirador projetados emergencial durante o pandemia,saúde,01/05/2020 12h32 ,Maria Luisa de Melo,https://noticias.uol.com.br/politica/ultimas-noticias/2020/05/01/alerj-aprova-alteracao-em-lei-e-repasse-para-confeccao-de-respiradores.htm,1
3121,"Para especialistas, Brasil vive ‘apagão’ de dados sobre a Covid-19",,o aspecto problemático base notificação ministério saudar acesso restrito o secretariar municipal e estadual saudar e fiocruz haver informação diferente categoria ajudar o ciência brasileiro o fortalecer político público o disseminação coronavírus — o voar s cego atitude ministério fechar base decisão mim estritamente político liberar — avaliar renato coutinho professor matemático aplicar universidade federal abc e integrante observatório covid-19 br público sujeito lei acesso informação o prazo dia completamente incompatível o objetivo acompanhar o evolução pandemia pontuar coutinho o posse teich o ministério saudar deixar divulgar cidade situação emergência d tradicional coletivas imprensar diário o atualização caso e óbito país tornar ocasião pontuar procurar globo o pastar manifestar dificuldade encontrar pesquisador o uniformidade o nacional informação disponibilizar determinar divulgar o dificultar parâmetro verdadeiro situação país combater pandemia fernanda campagnucci diretora-executiva open knowledge brasil ong análise semanal transparência portar brasileiro e distrito federal união avaliar o governar federal dever servir — o sensação monitoramento situação absoluto escuridão apagão o chamar atenção o papel governar federal dever liderança processar transparência evoluir o início crise o painel internet trazer informação útil agregar e difícil mergulhar detalhe — avaliar campagnucci — o mínimo o governar federal dever abrir o base completar omitir pessoal e colocar disposição público o quadrar melhorar semana avaliação ong o cenário ideal crise o organização brasileiro disponibilizar chamar microdados o detalhamento registro caso — importante o população gestor público formular político o pandemia jornalista e organização sociedade civil ajudar o melhorar o qualidade e o consistência e confrontá-los o realidade o gestor e país o o preciso olho melhorar o qualidade informação — avaliar o diretora-executiva ong campagnucci posse informação pesquisador melhorar projeções doença — vulnerável sintoma pesquisar precisar feito haver desenvolvedores software conseguir ajudar o projeções e tecnologia ajudar o população o lidar e monitorar o contágio ana freitas ribeiro epidemiologista instituto infectologia emílio riba paulo o manejar fundamental trazer o real dimensão desafiar covid-19 óbito suspeito ocorrer realização exame informação permitir estimar o quadrar doença — coletado amostrar confirmar o diagnóstico importante trabalhar conjuntar universidade juntar profissional expertise,ciência, Publicado em  02/05/20 08:12 ,Johanns Eller,https://extra.globo.com/noticias/saude-e-ciencia/para-especialistas-brasil-vive-apagao-de-dados-sobre-covid-19-24406996.html,1
3122,STF dá 5 dias para União Química enviar informações sobre a Sputnik V  ,,o ministrar ricardo lewandowski stf supremo tribunal federal determinar prazo dia o farmacêutico união químico detalhar informação enviar anvisa agência nacional vigilância sanitário pedir autorização o emergencial vacinar sputnik v desenvolvido instituto gamaleya rússia lewandoswki o empresar informar providência tomar viabilizar o aprovação imunizante brasil exigência técnico pendente e o e o pretender atendê-las o união químico esclarecer o o stf capacidade produção e importação sputnik v maneiro o possibilitar o utilização imunizante campanha nacional vacinação o covid-19 cursar discriminar quantidade e prazo entregar definir ministrar,saúde,26/01/2021 15h22Atualizada em 26/01/2021 15h28 ,26/01/2021 15h22Atualizada em 26/01/2021 15h28 ,https://noticias.uol.com.br/saude/ultimas-noticias/redacao/2021/01/26/stf-da-5-dias-para-uniao-quimica-enviar-informacoes-sobre-a-sputnik-v.htm,1
3123,o ministro damares cervejar bock apologia o o sexo oral,,o notícia espalhar diverso site e blogs e o redar social o janeiro compartilhar whatsapp acordar o texto o ministrar damares alves – ministério mulher família e direito humanar – aparecer vídeo afirmar cervejar estilar bock apologia o o sexo oral e dever proibir,política,30/01/2019,gilmar lopes,https://www.e-farsas.com/a-ministra-damares-disse-que-cerveja-bock-e-apologia-ao-sexo-oral.html,0
3124,"

Projeto Aster, de Dilma e Putin, traria Exército da Rússia (UFA) ao Brasil #boato 
","Boato – Dilma tinha feito acordo com Putin para instalar base e trazer o exército russo ao Brasil. Por pouco, nos livramos do Projeto Aster  e da UFA.",o implantar brasil o começar o implantar venezuela n semana o chegar avião tanque e soldar russo o embrião urso união repúblico socialista américa comandar e inspiração rússia comunista putin escapar … p planar sórdido dilma e o rússia … ufa … projeto aster base russo dominar o brasil provavelmente canhão voltar o claro né livrar mulher louco desvairar solto … articular o soberania brasileiro preso,política,19/12/2018,"
Hellen Bizerra ",https://www.boatos.org/politica/projeto-aster-dilma-putin-exercito.html,0
3125,É #FAKE que integrante do MTST foi preso após ser pago para incendiar mata no Amazonas,"Texto com imagens que circula em redes sociais é falso. Um homem, de fato, foi detido no estado, mas após fazer uma fogueira para queimar fios e extrair cobre. Ele não faz parte do movimento sem-teto nem foi pago por ninguém para botar fogo na floresta.",imagem homem atear fogo e presar carro polícia circular rede social o o texto integrante mtst deter pagar incendiar florestar amazona confrontar imagem o secretariar segurança público amazona afirmar homem ano deter policiar militar rodovia am-070 e conduzir 31ª delegacia interativa iranduba entanto mtst movimentar trabalhador teto pagar ninguém botar fogo florestar o mensagem o homem depoimento o o delegar afirmar morador assentamento mtst periferia manaus pago cometer o atar criminoso o secretariar negar declaração n sentir,política, 26/08/2019, Por G1 ,https://g1.globo.com/fato-ou-fake/noticia/2019/08/26/e-fake-que-integrante-do-mtst-foi-preso-apos-ser-pago-para-incendiar-mata-no-amazonas.ghtml,0
3126,É #FAKE que pessoas na Argentina estejam perdendo suas propriedades para movimentos sociais com o aval do governo,"Ocupações irregulares aumentaram no país durante a pandemia da Covid-19, mas são enfrentadas por autoridades por meio de acordos com famílias ocupantes. Proprietários de imóveis argentinos não perderam seus terrenos. Governo argentino classifica vídeo como 'fake news'.",circular rede social vídeo homem dono terreno e casar argentino perder propriedade dever o invasão movimento comunista e socialista o aval governar durante o pandemia vídeo o homem identificar argentino invasão ocorrer região nobre argentino turístico falir existir o propriedade privar país e proprietário perder casar verdade o governar argentino classificar o vídeo fake news,mundo, 29/03/2021," Por Lucas Vidigal e Thaís Matos, G1 ",https://g1.globo.com/fato-ou-fake/noticia/2021/03/29/e-fake-que-pessoas-na-argentina-estejam-perdendo-suas-propriedades-para-movimentos-sociais-com-o-aval-do-governo.ghtml,0
3127,"Candidatos empatam, e o mais velho vence disputa para prefeitura na Paraíba  ",,"A cidade paraibana de Caraúbas, distante da capital João Pessoa 245 quilômetros, teve empate nas eleições para o cargo de prefeito. A chapa do atual gestor Silvano Dudu e o vice Zé de Laura, ambos do DEM, recebeu o mesmo número de votos que a chapa adversária, de Nerivan (MDB) e Pedro Correia (PC do B): 1.761. Como o município só possui 3.744 pessoas aptas a votar, e a legislação eleitoral só permite segundo turno para cidades com mais de 200 mil eleitores, a disputa foi decidida pela idade dos candidatos, com base na Lei 4.737/ 1965, que prevê que o candidato mais velho deve assumir o cargo. Silvano se reelegeu por ter 52 anos, nascido em 12/03/1968, enquanto Nerivan nasceu em 24/11/1985 e tem 34 anos de idade.",política,15/11/2020 23h28 ,Anderson Santana,https://noticias.uol.com.br/eleicoes/2020/11/15/candidatos-empatam-e-o-mais-velho-vence-disputa-para-prefeitura-na-paraiba.htm,1
3128,Fabricante busca nos EUA avião para levar carreta com oxigênio para Manaus  ,,único fabricante nacional gás industriar e medicinar o indústria brasileiro gás ibg jundiaí negociar diverso instituição o locação aeronave supercarga unir transportar carretar tonelada oxigênio líquido manaus o logístico produto simples o gás cilindro o brasil dispor avião cargueiro capacidade o sócio-presidente ibg newton oliveira o fábrica país dedicar produção oxigênio forquilhinha sc e jundiaí operar capacidade d paulo parar mercar informar o executivo,saúde,17/01/2021 08h33 ,Cleide Silva,https://noticias.uol.com.br/saude/ultimas-noticias/estado/2021/01/17/fabricante-busca-nos-eua-aviao-para-levar-carreta-com-oxigenio-para-manaus.htm,1
3129,"

Portal da Transparência do Registro Civil mostra que não há pandemia de Covid-19 no Brasil #boato 
",Boato – Números que estão no Portal da Transparência do Registro Civil mostram que não há pandemia da Covid-19 no Brasil ao comparar óbitos de 2020 com de outros anos.,cair fake-news o imprensar calar o direito acesso verdade vc o situação morte brasil morrer e dever novidade instilar o terror vc e o golpe liberdade portal transparência óbito brasil obs “ portal transparência ” dignar respeitar alguém conhecer o compilação dados?comparei morte abril ano e haver diferençar informação constante site estranhar … pensar o pandemia trazer aumentar absurdo numeros morte … pensar … espantar matéria fúnebre e alarmista jornal nacional enterrar corpo perguntar enterrar e fonte portal transparência registrar cívil algum errar “ tô bobera ”,saúde,05/06/2020,"
Edgard Matsuki ",https://www.boatos.org/saude/portal-transparencia-registro-civil-nao-ha-pandemia-covid-19-brasil.html,0
3130,Greca diz que não há manual para pandemia e compara Curitiba à Europa  ,,o prefeito curitiba e candidatar reeleição rafael greca dem o e voltar decreto liberar e fechar o comércio durante o pandemia coronavírus capital paranaense acontecer o mundo pretender melhor o restar mundo durante sabatino uol parceria o folhar s.paulo transmitir hoje o pandemia manual calibrar e ajustar necessidade trocar voto vidar o vaivém reabertura afligir o senhor angela merkel alemanha o primeiro-ministro inglaterra santidade o papar francisco e o primeiro-ministro itália espanha portugal greca s repórter ana carla bermúdez uol e katna baran folhar,política,16/10/2020 10h48 ,16/10/2020 10h48 ,https://noticias.uol.com.br/eleicoes/2020/10/16/sabatina-rafael-greca.htm,1
3131,Veja a situação da covid-19 nos estados nesta quinta-feira (20)  ,,dia consecutivo o brasil apresentar tendência estabilidade médio móvel morte dia quedo 2.527 morte covid-19 horar levar o total 444.391 óbito o início pandemia obtido consórcio veículo imprensar o uol juntar s secretariar estadual saudar dever o o represamento ocorrer secretariar saudar durante semana e feriar o médio móvel diário o índice adequar analisar o comportamento pandemia especialista o médio dia corrigir flutuação e tornar observar o doença crescer cair país e o médio hoje comparar o índice dia — o comum manifestação doença variação ficar acima haver aceleração abaixar -15 desaceleração e índice indicar tendência estabilidade,saúde,20/05/2021 20h15Atualizada em 20/05/2021 20h22 ,Carolina Marins e Douglas Porto,https://noticias.uol.com.br/saude/ultimas-noticias/redacao/2021/05/20/veja-a-situacao-da-covid-19-nos-estados-nesta-quinta-feira-20.htm,1
3132,"

Igrejas na França estão sendo transformadas em bares e boates pelo governo #boato 
","Boato – Igrejas na França estão sendo transformadas em bares, boates e casas de show. Governo socialista é quem está fazendo isso.",igreja frança transformar bar boite e casar show o o regime socialista o país e o família,entretenimento,,"
Edgard Matsuki ",https://www.boatos.org/religiao/igrejas-franca-sendo-transformadas-bares-boates-governo.html,0
3133,Post engana ao sugerir que ponte entre Acre e Rondônia é obra apenas do governo Bolsonaro,,o obrar o rir madeirar prazo atual inauguração o governar dilma rousseff,política,2020/08/06,Comprova,https://projetocomprova.com.br/publicações/post-engana-ao-sugerir-que-ponte-entre-acre-e-rondonia-e-obra-apenas-do-governo-bolsonaro/,0
3134,Lista de vacinas da OMS para uso emergencial visa aumentar acesso em países pobres  ,,o organização mundial saudar listou quinta-feira o vacinar pfizer e biontech covid-19 emergencial movimentar visar acelerar o acesso mundo desenvolvimento o agência saudar onu trabalhar parceiro regional informar s autoridade nacional saudar o injeção dose e benefício esperar o oms estabelecer processar lista emergência ajudar país pobre recurso regulatórios o aprovar rapidamente medicamento doença o covid-19,saúde,01/01/2021 09h44 ,John Miller,https://noticias.uol.com.br/ultimas-noticias/reuters/2021/01/01/lista-de-vacinas-contra-covid-da-oms-para-uso-emergencial-visa-aumentar-acesso-em-paises-pobres.htm,1
3135,"

CNN acaba de noticiar que Sérgio Moro recebia R$ 50 mil por mês de doleiro #boato 
","Boato – A CNN acaba de noticiar que o ex-ministro da Justiça, Sérgio Moro, recebia cerca de R$ 50 mil por mês de um doleiro para ele não ser preso.",o cnn acabar noticiar o brasil sergio morrer receber cercar pra deter processo doleiro presar e juizéco moropropina,política,25/08/2020,"
Edgard Matsuki ",https://www.boatos.org/politica/cnn-sergio-moro-recebia-r-50-mil-mes-doleiro.html,0
3136,Irmãs alemãs inventam jogo de tabuleiro do coronavírus e fazem sucesso no Natal  ,,perdido durante o confinamento alemanha irmão schwaderlapp decidir longo horar casar inventar jogar tabuleiro basear coronavírus vender o milhar corona jogar jogador competir comprar mantimento lista comprar vizinhar idoso proteger vírus jogador coletam e trocar cartar jogar e o vencedor entregar item obstáculo o o longo incluir encontrar o vírus o colocar quarentenar descobrir acumulador abocanhar massa rolo papel higiênico,saúde,22/12/2020 12h28 ,Reuters TV,https://www.uol.com.br/splash/noticias/reuters/2020/12/22/irmas-alemas-inventam-jogo-de-tabuleiro-do-coronavirus-e-fazem-sucesso-no-natal.htm,1
3137,"Cotado para substituir Mandetta, Nelson Teich chega a Brasília e se reúne com Bolsonaro no Planalto","Oncologista é tido como um dos principais nomes para assumir o Ministério da Saúde. Em artigos recentes, ele defendeu o isolamento horizontal contra o coronavírus, ao contrário do presidente. ",o oncologista nelson teich cotar assumir o ministério saudar atual ministrar luiz henrique mandetta chegar o brasília manhã d quinta-feira o o desembarcar aeroporto cidade querer responder o perguntar encontrar o presidente jair bolsonaro palácio planalto crise pandemia coronavírus o bolsonaro e mandetta desgastar principal discordância o ministrar e o presidente o isolamento população estratégia conter o avançar vírus mandetta favorável o o chamar isolamento horizontal pessoa bolsonaro defender medir brando o isolamento vertical pertencer o riscar,política, 16/04/2020 09h49 , Por G1 e Bom Dia Brasil — Brasília ,https://g1.globo.com/politica/noticia/2020/04/16/cotado-para-assumir-saude-teich-chega-a-brasilia-para-reuniao-com-bolsonaro.ghtml,1
3138,É #FAKE que Ministério da Saúde repassa R$ 12 mil a hospitais por cada morte por Covid-19,Mensagem falsa dá a entender que dados sobre óbitos são manipulados para que crise pareça mais grave.,circular rede social mensagem “ o atestar óbito coronavírus o hospital receber governar federal r$ explicar ” o ministério saudar esclarecer “ repassar verba registrar morte ” “ o pastar realizar o repassar recurso ações e serviço público saudar verba secretariar estadual e municipal saudar custear serviço aquisição insumo básico o funcionamento posto saudar e hospital proporcionar equipamento e recurso humano o e município ” informar noto oficial cbn repasse impactar óbito decorrência coronavírus registrar unidade saudar o o contrário afirmar mensagem falso similar médico obrigar o atestar morte covid-19,política, 18/05/2020," Por Roberta Pennafort, CBN ",https://g1.globo.com/fato-ou-fake/coronavirus/noticia/2020/05/18/e-fake-que-ministerio-da-saude-repassa-r-12-mil-a-hospitais-por-cada-morte-por-covid-19.ghtml,0
3139,China anuncia mais 71 mortos pelo covid-19  ,,pequim fev afp autoridade saudar chino divulgar n terça-feira noite segunda-feira brasil morte provocar coronavírus o diário falecimento registrar semana o elevar o vítima fatal 2.663 o comissão nacional saudar relatar caso confirmar país d diagnosticar província hubei epicentro epidemiar detectar dezembro passar véspera o diagnóstico positivo covid-19 o país sugerir o surtir reduzir progressivamente o ritmar expansão chino caso região mundo acelerar,saúde,24/02/2020 22h47 ,24/02/2020 22h47 ,https://noticias.uol.com.br/ultimas-noticias/afp/2020/02/24/china-anuncia-mais-71-mortos-pelo-coronavirus.htm,1
3140,Conecte SUS avança em todo país com a implantação da rede nacional de dados em saúde,,o cidadão acesso o trajetória sus vacinar tomar atendimento exame internação medicamento armazenar redar nacional rnds o ministério saudar publicar edição d o portar nº 1.434 instituir o programar conectar sus compor redar nacional saudar rnds e informatização atenção saudar desenvolver departamento informático sus datasus o conectar sus novembro o projeto-piloto alagoa estratégia possibilitar o o cidadão o trajetória sus vacinar tomar atendimento realizar exame internação medicamento estabelecimento saudar organizar o rnds ampliar o país o resultar melhor e organizar ofertar serviço saudar público o redar nacional saudar rnds plataforma permitir o prontuário eletrônico saudar e aplicativo conectar e trocar informação formato digital saudar indivíduo aprovação determinar população objetivando o aprimoramento promoção cuidar integrar saudar espera-se rnds informação saudar circular profissional saudar envolvido n casar seguro e rastreável proporcionar precisão diagnóstico e consequentemente acarretar resolutividade e continuidade cuidar o redar contribuir redução custo e desperdício serviço saudar,saúde,01/06/2020 19h24,"Por Silvia Pacheco, da Agência Saúde Atendimento à imprensa(61) 3315-2745/2351",https://www.gov.br/saude/pt-br/assuntos/noticias/conecte-sus-avanca-em-todo-pais-com-a-implantacao-da-rede-nacional-de-dados-em-saude,1
3141,"

Médico alemão Walter Weber acerta ao falar que máscaras não protegem, PCR tem 85% de erro, Covid-19 não existe e vacina altera o DNA #boato 
","Boato – Médicos pelo esclarecimento (como o Dr. Walter Weber) dizem que máscaras não funcionam, PCR erra 85% das vezes, Covid-19 não existe e vacina altera o DNA.",“ gostar esclarecer sentir coração o obrigatoriedade máscara cientificamente falar alto evidência o máscara proteger o vírus o e o visto científico nenhum quase nenhum vírus pode-se proteger máscara precisa-se testar 20.000 pessoa testar positivamente “ hotspost ” locar surtir produzir teste positivo e doença mencionar caso e analisar caso teste positivo e doente perguntar o enfermo hospital e morto e nenhum testar positivo e falso resultar teste pcr falso positivo significar pandemia pode-se produzir surto locar desejar o desejar citar e tocar o coração o vacinar planejada o alto probabilidade o vacinar e comumente mercar manipulação genético injetado técnico manipulação genético “ o farsa trás disseminação vírus o o longo contribuído médicos o o redor mundo alertar à população o real planar elite cabal o humanidade n vídeo o médico alemão dr walter weber mostrar o vdd o vírus máscaras e v.a.c.i.n.a.s assistir e tirar conclusões ” “ polêmica … máscara proteger covid-19 dr walter weber ” “ importante pessoal alemão médico esclarecimento o respeitar covid-19 – máscara e vacinar gerar câncer e alterar o dna humanar ”,saúde,01/09/2020,"
Kyene Becker ",https://www.boatos.org/saude/medico-alemao-walter-weber-mascaras-pcr-erro-vacina-dna.html,0
3142,"
  É falso que eleitor com mais de 60 anos não é obrigado a votar nas eleições municipais de 2020","Publicações que circulam em redes sociais no momento em que brasileiros vão às urnas escolher prefeitos e vereadores afirmam que eleitores com mais de 60 anos não são obrigados a votar neste dia 15 de novembro devido à pandemia de covid-19. Isso é falso. A mudança foi proposta pelo PL 3833/2020, mas o projeto de lei ainda está em tramitação e, portanto, não entrou em vigor. O voto é facultativo apenas para pessoas com mais de 70 anos, analfabetos e aqueles que têm entre 16 e 18 anos.Envie-nos por WhatsApp Email",“ acordar o tribunal superior eleitoral tse o votar obrigatório eleitor ano e isentar o cidadão ano idade ” comedir o texto compartilhar facebook o dia novembro “ entretanto dever o pandemia covid-19 criar o projeto lei 3833/20 permitir o eleitor ano idade faltar eleição sofrer punição ” continuar postagens alegação semelhante circular twitter o projeto lei citar rede realmente apresentar julho d ano deputar federal pompeo mattos pdt-rs,brasil,15/11/2020 às 17:50,AFP Brasil,https://checamos.afp.com//e-falso-que-eleitor-com-mais-de-60-anos-nao-e-obrigado-votar-nas-eleicoes-municipais-de-2020,0
3143,"É #FAKE que a Justiça Eleitoral indeferiu candidatura de Vantoil Martins à Prefeitura de Iguaba Grande, no Rio","Página falsa na internet, que tenta se passar pelo G1, diz que a Justiça Eleitoral aceitou recurso que impediu candidatura. Não é verdade. Eleições para prefeito em Iguaba Grande acontecem neste domingo (2). ",circular rede social página falso passar g1 o justiçar eleitoral validar recurso o candidatura vantoil martim pps prefeitura iguaba região lago rir janeiro o página e o texto g1 d trata-se informação falso realidade o tribunal regional eleitoral rir janeiro tre-rj rejeitar o pedir indeferimento candidatura vantoil martim pps prefeitura iguaba região lago rir eleição suplementar marcar domingo o decisão permitir vantoil manter candidatura,política, 01/06/2019, Por G1 — São Paulo ,https://g1.globo.com/fato-ou-fake/noticia/2019/06/01/e-fake-que-a-justica-eleitoral-indeferiu-candidatura-de-vantoil-martins-a-prefeitura-de-iguaba-grande-no-rio.ghtml,0
3144,"
  O cubano Alexis Valdés escreveu em 2020 o poema conhecido como “Quando a tempestade passar”","Um poema sobre os ensinamentos que uma crise coletiva pode deixar aos seres humanos foi compartilhado mais de 16 mil vezes nas redes sociais desde o fim de setembro com a afirmação de que foi escrito no século XIX depois de uma epidemia. Mas o autor do texto é, na realidade, o ator e humorista cubano Alexis Valdés, que publicou-o pela primeira vez em sua conta no Instagram em 20 de março deste ano.Envie-nos por WhatsApp Email",“ olhar beleza d poema escrever haver século ” indicar publicação compartilhar milhar facebook o dia setembro juntamente poema estrofe reflexão humano melhorar atravessar crise coletiva o o estrofe afirma-se linha escrito k. o’meara “ durante o epidemiar peste ” o afirmação o poema escrever século xix circular instagram e rede social espanhol,saúde,13/10/2020 às 17:23,"Ana Prieto, AFP Argentina",https://checamos.afp.com//o-cubano-alexis-valdes-escreveu-em-2020-o-poema-conhecido-como-quando-tempestade-passar,0
3145,Merkel diz que Alemanha vive 'nova pandemia' e anuncia restrições para a Semana Santa,"Chanceler alemã alertou que 'situação é grave' e que variante britânica, hoje dominante no país, 'é muito mais letal, muito mais infecciosa e contagiosa por muito mais tempo'.",o chanceler alemão angela merkel afirmar n segunda-feira o país entrar pandemia o variante britânico dominar infecção o o anunciar medir restrição o semana santo e o páscoa o comércio fechar e serviço religioso cancelar 1º o abril d medir restrição vigor atualmente alemanha prorrogar abril merkel pedir s igreja e templo culto on-line e s pessoa ficar casar durante o feriar prolongar e afirmar feriar prolongar loja alimento aberto o alemanha país europa enfrentar onda caso dever reabertura economia e s variante coronavírus contagioso e adotar medir impedir o aumentar infecção covid-19,saúde, 23/03/2021 00h37 , Por G1 ,https://g1.globo.com/mundo/noticia/2021/03/23/alemanha-reforca-confinamento-na-semana-santa-e-prorroga-restricoes-ate-18-de-abril.ghtml,1
3146,Globoplay lança série documental que mostra a pandemia nas periferias de SP  ,,o globoplay lançar hoje o série documental m² retratar o cenário pandemia coronavírus e isolamento social periferia cidade paulo o o episódio produzir o trazer propor debater racial violência policial desigualdade social e transexualidade o mostrar o sofrimento atravessar o quarentenar m² — metragem médio casar mostrar — e consequência o medo sair trabalhar o evasão escolar e o violência doméstico o apresentar impacto d cenário saudar mental pessoa periferia paulistano apresentar quadro ansiedade pânico e suicídio e encerrar o projeta o futurar o pandemia espiritualidade e amor,saúde,28/12/2020 16h48 ,28/12/2020 16h48 ,https://www.uol.com.br/splash/noticias/2020/12/28/globoplay-lanca-serie-documental-que-mostra-a-pandemia-nas-periferias-de-sp.htm,1
3147,Coronavírus: Auxílio emergencial deve chegar primeiro a quem recebe Bolsa Família  ,,"beneficiário bolsar família o receber o pagamento auxílio emergencial r$ r$ 1,2 casar mulher chefe família aprovar congresso nacional acordar o ministério cidadania receber transferência render governar federal cidadão base governar o objetivo pastar viabilizar o pagamento folhar comedir o pago abril o beneficiário casar haver hábil radar o possibilidade rodar folhar suplementar agilizar o liberação beneficiário receber o ajudar casar o auxílio emergencial substituir o bolsar temporariamente o programar hoje milhão família trabalhador pretender pleitear o auxílio emergencial dirigir o agência bancário lotérica centrar referência assistência social cras n o governar definir o cadastrar o ministério esperar definir amanhã o solução tecnológico cadastrar trabalhador informar hoje invisível administração público base o gargalo operacionalização pagamento auxílio emergencial",saúde,31/03/2020 16h13 ,Idiana Tomazelli,https://economia.uol.com.br/noticias/estadao-conteudo/2020/03/31/auxilio-emergencial-deve-chegar-primeiro-a-quem-recebe-bolsa-familia.htm,1
3148,"

Byram Bridle está certo ao dizer que proteína spike das vacinas é um veneno tóxico #boato 
",Boato – Byram Bridle está certo ao afirmar que a proteína spike das vacinas é um veneno tóxico e pode causar doenças. ,o imunologista viral pesquisador câncer e especialista vacinar professor byram bridle expressar chocar entrar contato o resultar estudar japonês abrangente sobrar o o vacinar covid-19 o corpo pessoa “ perceber cometer errar pensar o proteína spike passar o produzir função vacinar corpo pessoa vacinar belo antígeno o proteína spike si umar substância tóxico e umar proteína patogênica causador doença vacinar o pessoa consciência injetando-as umar substância tóxico,saúde,12/06/2021,"
Carol Lira ",https://www.boatos.org/saude/byram-bridle-proteina-spike-veneno-toxico.html,0
3149,"""Não recebia remédios e acordava suja"", diz paciente de hospital em Manaus  ",,paciente hospital público manaus exposto medicamento e cuidar básico causar colapso saudar o cidade atingir país pandemia coronavírus e enfrentar caos funerário pedir o parente tirar hospital agostar receber remédio e limpar enfermeiro e técnico enfermagem trocar fraldar o afirmação funcionário público maria internar durante dia unidade hospitalar gestão responsabilidade governar amazona o nome n reportagem fictício o pedir afirmar conversar médico prontuário anotar haver tomar medicação o senhor tratamento o médico o o maria exclamar tomar remédio nenhum,saúde,24/04/2020 04h07 ,Flávio Costa,https://noticias.uol.com.br/saude/ultimas-noticias/redacao/2020/04/24/coronavirus-manaus-relato-paciente-hospital-publico.htm,1
3150,Governo do Paraná e Rússia vão assinar acordo para fabricação de vacina contra coronavírus,"Presidente Vladimir Putin anunciou mais cedo que vacina é a 1ª a ser registrada no mundo; comunidade científica ainda não tem comprovação de sua eficácia. Previsão é que distribuição no Brasil ocorra em 2021, mas Anvisa ainda precisa liberar.",o governar paraná anunciar assinar convênio o rússia produzir o vacinar sputnik v. o anúncio horar o presidente russo vladimir putin divulgar o vacinar o registrar mundo o vacinar russo questionar comunidade internacional eficácia o site oficial o pesquisar afirmar dia ° agostar teste fase e concluir o organização mundial saudar oms recomendar realizar etapa teste noto o agência nacional vigilância sanitário anvisa informar o laboratório russo responsável desenvolvimento vacinar apresentar nenhum pedir análise d vacinar agência o noto matéria o governar paraná o passar seguinte assinatura acordar o compartilhamento protocolo russo o anvisa o agência brasileiro liberar o realização procedimento necessário teste jorge callado presidente tecpar ressaltar o pesquisar avançar conformar o compartilhamento informação,saúde, 11/08/2020 10h04 ," Por Carolina Wolf, Luciane Cordeiro e Thais Kaniak, RPC e G1 PR ",https://g1.globo.com/pr/parana/noticia/2020/08/11/governo-do-parana-e-russia-vao-assinar-acordo-para-fabricacao-de-vacina-contra-coronavirus.ghtml,1
3151,"

Lula diz que é contra prender menor só porque matou porque quem morreu não volta mais #boato 
",Boato – Ex-presidente Lula diz que é contra prender um menor que mata pessoas porque quem morreu não volta mais. ,frase imbecil o mundo produzir “ totalmente prender matar pessoa dever coloca-lo escola reeduca-lo morrer morrer voltar deixar presar muleque matar ” luiz inácio lula silvar,política,,"
Carol Lira ",https://www.boatos.org/politica/lula-contra-prender-menor.html,0
3152,Moderna diz que preço de vacina contra covid-19 garantirá acesso amplo  ,,o moderno inc planeja estabelecer preço vacinar experimental covid-19 garantir acesso amplo o farmacêutico hoje acrescentar pretender realizar teste fase vacinar unir o moderno o testar apoiar governar norte-americano segunda-feira e punhado empresar teste estágio avançar vacinar experimentar dezena milhar voluntário saudável o presidente-executivo companhia stéphane bancel querer comentar o preço exato vacinar durante teleconferência analista ciente obrigação responsável maneiro precificar o vacinar durante o fase pandêmica bancel,saúde,29/07/2020 12h24 ,29/07/2020 12h24 ,https://www.uol.com.br/vivabem/reuters/2020/07/29/moderna-diz-que-preco-de-vacina-contra-covid-19-garantira-acesso-amplo.htm,1
3153,Cloroquina não é alvo de conspiração a favor do remdesivir,,haver estudo andamento verificar o eficiência drogar tratamento paciente covid-19 e governante defender abertamente o cloroquina casar donald trump e jair bolsonaro d haver registrar o homem aparecer vídeo verificar envolver tratamento paciente infectar coronavírus,saúde,2020/05/13,Comprova,https://projetocomprova.com.br/publicações/cloroquina-nao-e-alvo-de-conspiracao-a-favor-do-remdesivir/,0
3154,"

Índia processa China no tribunal internacional e pede US$ 20 trilhões de indenização #boato 
",Boato – A Índia apresentou uma denúncia contra a China no Tribunal Penal Internacional. Governo do país alega que a China construiu uma arma biológica responsável por espalhar a Covid-19 no mundo e pede US$ 20 trilhões de indenização.,índio globo lixar e willian corona bonner defender chinês e criticar brasileiro atrever o acusar o poderoso chino o acontecer índia*índia arrastar chino o tribunal internacional e pedir indenização u$ trilhões dano causar covid e convidar americano afetados tornar ação coletiva.ele argumento plausível surgir o vírus e o país vizinhar implantar o coronavírus tentativo controlar o economia mundo comprar ações país beirar colapso econômico empresar índio arrastar o chino o tribunal internacional e pedir indenizacao u$ 20trilhoes dano causar covid,mundo,14/04/2020,"
Edgard Matsuki ",https://www.boatos.org/mundo/india-processa-china-tribunal-internacional-pede-us-20-trilhoes-indenizacao.html,0
3155,"

Bauducco abre vagas para temporada de final do ano em site no WhatsApp #boato 
","Boato – A Bauducco está com vagas de emprego para a temporada de final de ano. Para concorrer, é preciso entrar em um site e compartilhar um link com amigos no WhatsApp.","bauducco abrir vago temporada ano desempenhar contratar fixar empresar salário temporada r$ 1.950,00 novembro dezembro e janeiro interessar site]página inicial site bauducco contratar vago aberto manhã e noite sexo salário r$ 1.950,00 vr vt convênio preciso experiência preencher corretamente nome cidade emailpedido compartilhamento atenção restar vago localidade … preencher vago precisar compartilhar oportunidade empregar amigo completar o processar compartilhamento redirecionado agendar entrevisto",entretenimento,14/11/2019,"
Edgard Matsuki ",https://www.boatos.org/tecnologia/bauducco-vagas-temporada-final-ano-site-whatsapp.html,0
3156,"

Itaú e Turma da Mônica estão dando livros e gibis para quem compartilhar link no WhatsApp #boato 
",Boato – O Itaú e a Turma da Mônica estão dando gratuitamente quatro histórias em gibi (ou livro) para as pessoas que entrarem em um site e compartilharem um link com amigos no WhatsApp.,"unir forçar durante o quarentenar o itaú e o turma mônica parceria e distribuir gratuitamente combo historinhas edição especial ler criança by turma mônica solicitar o acesse o site oficial promoção site ler casar e ajudar programar ler criança parceria o instituto maurício souza o itaú doar 500.000 exemplar “ combo turma mônica edição especial quarentenar casar “ o combo compor revistinhas e o entregar feito correio criança o brasil ganhar combo totalmente grátis basto indicar promoção amigo e cadastrar simples e rápido 10,000 criança contemplar município brasileiro receber casar pedir agora!#todomundoama unir forçar o ajudar vencer problema facilidade preencher o cadastrar ajudar o divulgar campanha enviar convite pra começar",entretenimento,,"
Edgard Matsuki ",https://www.boatos.org/tecnologia/itau-turma-da-monica-dando-livros-gibis-whatsapp.html,0
3157,MP pede multa de R$ 50 mil a Crivella por descumprir ordem sobre isolamento  ,,o mprj ministério público rir janeiro pedir hoje o aplicação multar pessoal r$ o o prefeito rir janeiro marcelo crivella republicano descumprimento ordem judicial político flexibilização isolamento social capital fluminense acordar procurador força-tarefa cuidar fiscalização ações enfrentamento pandemia coronavírus rj e 7ª promotoria justiçar tutelar coletiva capital o prefeito cumprir decisão justiçar mandar o administração municipal editar atos administrativo desacordar legislação federal e estadual temer o covid-19 item decisão suspender o autorização crivella o funcionamento culto religioso presenciar cidade rir janeiro o mp o prefeito carioca anunciar medir flexibilização contrariar o decretar estadual atualmente vigor regrar isolamento social apesar d cenário e notícia publicação atar oficial município o prefeito municipal marcello crivella passar o divulgar amplamente imprensar e rede social planar flexibilização isolamento social e reabertura atividades município rir janeiro início datar hoje procurador citar mensagem crivella rede social,saúde,02/06/2020 22h32 ,02/06/2020 22h32 ,https://noticias.uol.com.br/saude/ultimas-noticias/redacao/2020/06/02/mp-pede-multa-de-r-50-mil-a-crivella-por-descumprir-ordem-sobre-isolamento.htm,1
3158,"Pazuello diz ao STF que liberou R$ 341,8 milhões mensais para 7,1 mil leitos de Covid-19 nos estados",Ministro negou que decisões de Rosa Weber que mandaram reativar leitos estejam sendo descumpridas. Brasil vive momento crítico com superlotação de UTIs e recorde de casos.,"o ministrar saudar eduardo pazuello afirmar o o supremo tribunal federal stf autorizar o pagamento r$ 341,8 milhão garantir o financiamento 7.166 leito uti voltar o tratamento covid-19 o ministrar negar o pastar descumprir decisão judiciar determinar o retomar leito e afirmar confirmar adotará medir administrativo cabíveis o ministrar o orientação governar federal reabilitar leito necessário garantir atenção adequar o o coronavírus e precisar tratamento intensivo “ importante registrar o orientação d ministério sentir autorizar o funcionamento habilitação e leito clínico clínico necessário atender o população brasileiro pagamento antecipar recurso correspondente conformar pactuar comissão intergestores tripartite cit sus o ministério saudar poupar esforço recurso atender demandar ” escrever o ministrar",saúde, 15/03/2021 14h52 ," Por Márcio Falcão e Fernanda Vivas, TV Globo — Brasília ",https://g1.globo.com/politica/noticia/2021/03/15/pazuello-diz-ao-stf-que-liberou-r-3418-milhoes-mensais-para-71-mil-leitos-de-covid-19-nos-estados.ghtml,1
3159,"

Chefe de rotina do Hospital de Acari (Ronaldo Gazolla) pede que as pessoas saiam às ruas e voltem ao trabalho #boato 
","Boato – Em áudio no WhatsApp, o chefe da rotina de pacientes graves do Hospital Ronaldo Gazolla, de Acari (no Rio de Janeiro), diz que está tudo sob controle e pede que as pessoas saiam às ruas e voltem ao trabalho.",coronavirua hospital ronaldo gazolla chefe rotina paciente grave hospital acari ronaldo gazolla varga virar referência coronavírus rir janeiro ouvir o … depoimento chefe rotina ronaldo gazolla o hospital acari vc gostar enganar assistir o redar globo ouvir o governador prefeito e político esquerdo falar vc o verdade ouvir depoimento ouvir o … extremamente relevante repassar informação!!boa noite eh desculpar ausência dia achar falar né eh chefe rotina ronaldo gazola o hospital acari virar referência atendimento conoravírus o rir janeiro.em sumir paciente tá gravar pro ronaldo gazola né eh ler o e vir notícia pra mundo independente mensagem trump bolsonaro witzel doria e pra mim witzel e o doria filho puta concordar mundo tá falar independente d o notícia pra o seguinte notícia basear o escutar o ler basear experiência tô virar tá trabalhar e horar domingo dormir hospital dormir medir o gente tá montar e cinquenta leito cti desativamos o maternidade desativamos ambulatório cirurgia eletivas cirurgia eletivas operar programar emergência né tá formar o ronaldo gazolla santo catarino verdadeiro tender guerra né.bem o notícia segunda-feira cti paciente óbito escutar né paciente nenhum óbito d paciente tubo grave manter andar e sessenta leito distribuir … achar e e enfermaria leito paciente internar estável paciente enfermar cormovidades asmático lúpus diabético e etc … nenhum paciente cti paciente faixar etário e olhar tô cinquenta e ano crer o velho dever tá classificar faixar etária.meus amigo o falar sério tá .. amar falar merda adorar falar sacanagem saudade caro … churrasco putarias o falar sério gente voltar o o trabalhar ficar casar o o bolsonaro falar tá cobrir razão o gente tá experimentar tá favela trabalhar favela acari chefe vermelho rocha n sair hospital adão pereira nunes o saracuruna mediação d hospital formar população pobre tá piquete pedir dinheiro o tá começar o entrar desesperar o gente repetir basear nenhum texto ler o áudio vídeo facebook whatsapp ficar casa.faça ressalvar o bolsonaro paciente acima sessenta ano mãe oitenta e noventa tá casa guaratiba tá isolar irmão leucemia pra irmão leucemia tratar tá mãe irmão e o filho irmão jaqueline estudante biologia médico tá faculdade né tá parar e tô manutenção distância o gente voltar o trabalhar gente saracuruna o banco tá abrir o botequim frente coca-cola café tá funcionando.se o gente voltar crer semana o ficar sério existir riscar conoravírus matar faixar etário quarentar ano quarentar e ano gente casar o vírus replicar velocidade região temperar eh tropical né temperar tropical abaixar linha equador o taxar replicação vírus pesquisar mostrar existir gráfico virar cor o faixar acima equador tá vermelho tomar o ambientar frio inverno radicar evitar o .. colapso econômico totalmente o tiago tiago o tiago uber trabalhar policial joãozinho voltar pro negócio achar o semana pro doria o witzel apesar pressão resistir liberar.nosso presidente tá corretar tá botar pressão falar gripezinha o presidente malucar médico esclerosar globo tá o drauzio varella cardiologista conhecer amigar pai viver custar dinheiro globo né gente tô visitar estender muito.vou resumir gazola paciente cti gazola paciente andar preparar pra receber trezentos paciente alto d acontecer óbvio aumentar o tendência vir contrariar expectativa ninguém divulgar e olhar estação fixo globo porra portar gazola entrevistar achar né perguntar falir responsável rotina atendimento paciente gravar nome bonito pego crachá pra comprovar tô mentir mostrar aparecer algum televisão entrevistar caro o falir interessar o “ grave etc .. etc … o paralisação ” d grave receber paciente paciente chegar ambulância entrar portar receber alto avaliação portar trás ninguém falir gente bora pra frente retomar o brasil o gente pra certar merda vencer o gente tô falar experiência ler e opinião pessoal coração basear viver domingo noite sair d eixo ronaldo gazola rocha e saracuruna abraçar pra mundo esperar o gente voltar rápido e começar o putaria beijar saudade,saúde,28/03/2020,"
Edgard Matsuki ",https://www.boatos.org/saude/chefe-rotina-hospital-acari-ronaldo-gazolla-pede-pessoas-saiam-as-ruas-voltem-trabalho.html,0
3160,É #FAKE que foto de mulher segurando pinos de cocaína foi tirada na Ufes,"Boato viralizou em meio a anúncio de cortes nas universidades federais. Imagem, no entanto, foi feita durante uma ação voluntária do Instituto EcoFaxina, em um manguezal em Santos.",foto mulher segurar recipiente repletar pino utilizar armazenar cocaína circular rede acompanhar legendar afirmar o registrar campus universidade federal espírito santo ufes o postagem fake o foto verdade feito dia abril d ano durante o 101º ação voluntário instituto ecofaxina manguezal localizar bairro manoel santo litoral paulo o trabalhar acompanhar equipar reportagem tv tribuna e divulgar prefeitura santo o balançar instituto voluntário participar coleta retirar quilo lixar feito plástico o imagem utilizar postagem falso publicar rede social instituto dia abril,entretenimento, 14/05/2019, Por Extra ,https://g1.globo.com/fato-ou-fake/noticia/2019/05/14/e-fake-que-foto-de-mulher-segurando-pinos-de-cocaina-foi-tirada-na-ufes.ghtml,0
3161,Doria diz que ACM lhe garantiu que DEM não apoiará o governo Bolsonaro  ,,o governador paulo joão doria psdb hoje o presidente nacional dem acm neto garantir o apoiar o governar presidente jair bolsonaro doria o decisão valer o orientação legendar o parlamentar atuação congresso o dem candidatura bolsonaro reeleição ano o governador paulista receber acm neto jantar palácio bandeirante paulo o reunião acontecer contexto aproximação doria o ex-presidente câmara deputar rodrigar maio dem-rj anunciar intenção deixar o dem doria convidar maio integrar o psdb maio chegar o afirmar sentir trair eleição presidência câmara realizar semana passar o candidatar apoiar maio balear rossi mdb-sp derrotar arthur lira pp-al o preferência bolsonaro votação o dem liberar parlamentar o votar querer desembarcar bloco apoiar balear,política,10/02/2021 13h33Atualizada em 10/02/2021 15h19 ,"Lucas Borges Teixeira, Rafael Bragança e Allan Brito",https://noticias.uol.com.br/politica/ultimas-noticias/2021/02/10/doria-diz-que-acm-lhe-garantiu-que-dem-nao-apoiara-o-governo-bolsonaro.htm,1
3162,Grupo leva ao Planalto banner com pergunta que irritou Bolsonaro  ,,manifestante levar o frente palácio planalto painel o perguntar cheque fabrício queiroz primeira-dama michelle bolsonaro causar o irar presidente jair bolsonaro e o ameaçar jornalista vontade encher bocar porrada semana presidente jair bolsonaro esposo michelle bolsonaro receber real depósito fabrício queiroz questionar o banner o protestar ocorrer manhã jair bolsonaro encontrar brasília o presidente cumprir agendar foz iguaçu pr e voltar o capital federal previsto repórter jornal o globo o seguinte perguntar o bolsonaro presidente o esposo receber r$ real fabrício queiroz referência o reportagem revisto crusoé o texto afirmar o ex-assessor senador flávio bolsonaro republicanos-rj fabrício queiroz e o mulher d márcio aguiar repassar r$ o contar michelle bolsonaro e,política,27/08/2020 14h28Atualizada em 27/08/2020 14h44 ,27/08/2020 14h28Atualizada em 27/08/2020 14h44 ,https://noticias.uol.com.br/politica/ultimas-noticias/2020/08/27/grupo-planalto-faixa-pergunta-bolsonaro.htm,1
3163,Vídeo do diretor da OMS foi tirado de contexto para validar discurso de Bolsonaro,,alertar tedros adhanom ghebreyesus entanto significar o oms deixar apoiar o isolamento social estratégia o coronavírus,saúde,2020/03/31,Comprova,https://projetocomprova.com.br/publicações/video-do-diretor-da-oms-foi-tirado-de-contexto-para-validar-discurso-de-bolsonaro/,0
3164,Post atribui a Bolsonaro sucesso em segurança com dados fora de contexto  ,,"enganoso publicação circular rede social exaltar o governar jair bolsonaro psl reduzir o criminalidade brasil bater recordar apreensão drogar e deflagrar o operação lavar jato o texto tirar contexto e creditar gestão efeito governo anterior o taxar morte violento intencional haver cair 10,8 gestão michel temer mdb acordar o fórum brasileiro segurança público s drogar agostar e indicar haver recordar apreensão haxixe e o apreensão cocaína o o apreensão maconha recordar lavar jato deflagrar operação ano anterior",política,09/10/2019 18h48 ,09/10/2019 18h48 ,https://noticias.uol.com.br/comprova/ultimas-noticias/2019/10/09/post-atribui-a-bolsonaro-sucesso-em-seguranca-com-dados-fora-de-contexto.htm,0
3165,Mutações estão deixando o coronavírus mais infeccioso?  ,,"O coronavírus que está ameaçando o mundo no momento não é o mesmo que o coronavírus que surgiu pela primeira vez na China. O Sars-Cov-2, o nome oficial do vírus que causa a doença covid-19 e que continua a abrir um caminho de destruição em todo o mundo, está mudando. Mas, embora os cientistas tenham visto milhares de mutações ou alterações no material genético do vírus, apenas uma delas foi apontada como uma que possivelmente pode alterar seu comportamento. As questões cruciais sobre essa mutação são: isso torna o vírus mais infeccioso —ou letal — em humanos? E poderia representar uma ameaça para o sucesso de uma futura vacina?",saúde,19/07/2020 16h51 ,Rachel Schraer - Da BBC News,https://www.uol.com.br/vivabem/noticias/bbc/2020/07/19/mutacoes-estao-deixando-o-coronavirus-mais-infeccioso.htm,1
3166,Será que Bolsonaro quer a agenda liberal de seu 'posto Ipiranga'?, 12/08/2020 05h01 ,jair bolsonaro o agendar liberal paulo guedes o oferecer prometido campanha presidencial o sair principal secretário especial ministério economia responsável agendar caro o o ideário liberal – privatização e redução pesar e burocracia – n terça-feira levantar dúvida pedir demissão salim mattar empresário comandar o agendar privatização e paulo uebel economista organizar o lei liberdade econômica aprovar uebel frente reformar administrativo proposto reduzir custo servidor e haver quase ano dormir gaveta presidente repúblico,política, 12/08/2020 05h01 , ,https://g1.globo.com/economia/blog/ana-flor/post/2020/08/12/sera-que-bolsonaro-quer-a-agenda-liberal-de-seu-posto-ipiranga.ghtml,1
3167,"

Doação de filhotes de bull terrier e husky siberiano no WhatsApp e Facebook #boato 
",Boato – Estão doando filhotes de bull terrier e husky siberiano. A mãe morreu e o dono não pode os sustentar. Anúncio está no WhatsApp é Facebook.,repassar o mensagem amigo pessoal ajudar filhote bull terrier dia o mãe complicação e amigar cuidar recém nascido o dono doar filhote morrer interessar ligar mandar mensagem urgência falar buir telefonar adotar divulgar,brasil,19/10/2019,"
Edgard Matsuki ",https://www.boatos.org/brasil/doacao-filhotes-bull-terrier-husky-siberiano.html,0
3168,"É #FAKE áudio que diz que Einstein tem 700 internados com coronavírus e Sírio, o dobro disso",Mensagem em áudio cita empresa que também desmente todas as informações ditas. Números propalados não são reais.,circular rede social áudio mulher afirmar haver o internar coronavírus hospital albert einstein e o dobrar d hospital sírio-libanês o revelar ordem governar áudio o mulher identificar citar empresar chamar bio trata-se laboratório responsável transportar órgão transplantar o empresar relatar receber proposto transferir paciente infectar e durante reunião principal hospital paulo revelar esconder o internar ordem governar informação falso noto o bio transporte empresar courier especializar transportar nacional e internacional amostrar biológico correlatos medicamento produto termolábeis reagente e documento o o contrário divulgar o bio transporte laboratório transportar pessoa órgão o transplantar afirmar,entretenimento, 18/03/2020, Por G1 ,https://g1.globo.com/fato-ou-fake/noticia/2020/03/18/e-fake-audio-que-diz-que-einstein-tem-700-internados-com-coronavirus-e-sirio-o-dobro-disso.ghtml,0
3169,"

Damares Alves pede demissão a Bolsonaro e vai deixar o cargo de ministra #boato 
","Boato – A ministra da Mulher, Família e Direitos Humanos, Damares Alves, pediu demissão do cargo a Bolsonaro e vai deixar o governo.",ministro mulher família e direito humano damares alves pedir demissão o ministro damares alves responsável pastar mulher família e direito humano pedir deixar o governo.de acordar o o pedir reunião o presidente jair bolsonaro balançar atividades ministério mulher família e direito humano damares comunicar deixar o cargo alegar cansar e preciso cuidar saudar andar debilitada.desde assumir o comandar pastar haver o ministro enfrentar rotina estressante — ingrediente incomum damares receber ameaçar morte abandonar residência brasília e passar o morar hotel endereçar manter segredar …,política,03/05/2019,"
Edgard Matsuki ",https://www.boatos.org/politica/damares-alves-pede-demissao.html,0
3170,"Tuíte compara orçamento do STF para plano de saúde com arrecadação do Pátria Voluntária, mas omite dados",,valorar constar tuíte roberto jefferson aproximar valorar real omitir o orçamentar stf-med ater o 4.180 pessoa e pago beneficiário,política,2020/07/21,Comprova,https://projetocomprova.com.br/publicações/tuite-compara-orcamento-do-stf-para-plano-de-saude-com-arrecadacao-do-patria-voluntaria-mas-omite-dados/,0
3171,"Na costa espanhola, estrangeiros experimentam ""nova normalidade"" turística  ",,terraço bar tapar frente o o mar pilar romanach servir sangria empolgação sinal turista estrangeiro voltar espanha o reabertura fronteiro n domingo o arear dourar rosar povoar costeiro catalão o quilômetros fronteiro o frança banhista acomodar estrear o o praia e espaçoso impor controlo acessá-la dezena metro toalha e toalha sentar terraço antigo bar ribereta estrangeiro degustar o o governar chamar o normalidade espanha o destinar turístico mundial frança,saúde,22/06/2020 10h16 ,22/06/2020 10h16 ,https://www.uol.com.br/nossa/noticias/afp/2020/06/22/na-costa-espanhola-estrangeiros-experimentam-nova-normalidade-turistica.htm,1
3172,MPF cobra das aéreas esclarecimentos sobre remarcação e reembolso de voos  ,,o ministério público federal mpf cobrar companhia aéreo atuam brasil respostar detalhar empresar adotado medir remarcação e reembolsar passagem durante o período pandemia coronavírus o órgão o mpf receber notícia descumprimento firmar companhia aéreo dia o temer principalmente dificuldade operacionalização remarcação e negação reembolsar ofício enviar o latir gol azul e passaredo o mpf afirmar haver empresar aéreo compelir passageiro o realizar remarcação o datar voar ameaçar o perda direito remarcação o prazo impor empresar o mpf pedir companhia relatar detalhar critério utilizar o remarcação reembolso decorrência cancelamento voo o pedir cliente ofício o órgão lista série perguntar precisar respondido empresar prazo dia o mpf questionar oferecido o passageiro o alternativo remarcação custar e prazo o passageiro decidir datar viagem o órgão procurar existir site companhia informação regrar cancelamento remarcação e reembolsar valer o medir provisório editar governar e o assinar empresar e o mpf,saúde,14/04/2020 19h59 ,Amanda Pupo,https://economia.uol.com.br/noticias/estadao-conteudo/2020/04/14/mpf-cobra-das-aereas-esclarecimentos-sobre-remarcacao-e-reembolso-de-voos.htm,1
3173,"Bolsonaro tem 15 dias para explicar, se quiser, fala sobre uso de Forças Armadas  ",,"O ministro Marco Aurélio Mello, decano do Supremo Tribunal Federal (STF), deu 15 dias para que o presidente Jair Bolsonaro envie, caso queira, explicações sobre uma declaração dada em março, quando defendeu o uso das Forças Armadas para a manutenção da liberdade na pandemia.  ""Notifiquem o requerido [Bolsonaro] para, querendo, apresentar manifestação no prazo de 15 dias"", escreveu o ministro em despacho na última quinta-feira, 8. O presidente não é obrigado a responder ao pedido de explicações.",política,13/04/2021 14h27 ,Rayssa Motta e Rafael Moraes Moura,https://noticias.uol.com.br/ultimas-noticias/agencia-estado/2021/04/13/bolsonaro-tem-15-dias-para-explicar-se-quiser-fala-sobre-uso-de-forcas-armadas.htm,1
3174,"Partículas do coronavírus no ar podem infectar pessoas, dizem cientistas  ",,cientista país afirmar partícula coronavírus permanecer ar ambientar fechar capaz infectar pessoa informar reportagem jornal the new york times o oms organização mundial saudar entanto manter o coronavírus espalhar principalmente gotícula respiratório expelir pessoa infectar tossir e espirro estudar publicar maio centrar controlo e prevenção doença guangzhou chino levantar o debater o distância o vírus espalhar ar o papel ambientar fechar e ventilar transmissão ciente artigo e avaliar conteúdo especialista técnico tarik jasarevic porta-voz oms respostar enviar e-mail hoje o pedir reuters comentário cartar aberto oms o jornal o pesquisador descrever evidência mostrar partícula infectar pessoa e pedir revisão recomendação planejam publicar o cartar revisto científico semana,saúde,06/07/2020 08h34 ,06/07/2020 08h34 ,https://www.uol.com.br/vivabem/noticias/redacao/2020/07/06/coronavirus-ar-cientistas-the-new-york-times.htm,1
3175,"

Canil de golden foi desativado e cachorros estão sendo doados #boato 
",Boato – Um canil só de cães da raça golden retriever foi desativado em Bragança Paulista (SP). Cachorros precisam ser doados senão serão sacrificados. Compartilhe vídeo dos animais.,pessoal umar amigar contar ficar triste … canil golden bragança desativado problema o vigilância sanitário e doar … .sao conseguir doar sacrificar “ norma ” vigilância.eles o doação amanhã … casar alguém interessar video e contato abaixar contato diego canil telefonar,brasil,04/02/2019,"
Edgard Matsuki ",https://www.boatos.org/brasil/canil-golden-desativado-cachorros-doados.html,0
3176,"Covaxin: pagar quem não está no contrato não é 'normal', como disse senador  ",,o senador fernando bezerro coelho mdb-pe líder governar o senado hoje o cpi covid o o rebater suspeito sobrar o tratativas parir o comprar vacinar indiano covaxin pagamento contrato internacional ministério saudar feito o umar e normal o entanto o tentativo pagamento denunciar pelar servidor público luis ricardo miranda normal segundar umar especialista contar público ouvir pelar uol conferir luis ricardo apresentar hoje cpi umar fatura o empresar madison biotech pte ltd cobrar ministério saudar us$ milhão milhão dose covaxin o entanto o madison constar contratar assinar pelar governar federal o farmacêutico indiano bharat biotech fabricante vacinar o covid-19 o fatura pago,saúde,25/06/2021 20h55Atualizada em 25/06/2021 22h04 ,Bernardo Barbosa e Beatriz Montesanti,https://noticias.uol.com.br/confere/ultimas-noticias/2021/06/25/covaxin-pagar-quem-nao-esta-no-contrato-nao-e-normal-como-disse-senador.htm,0
3177,"Não há tratamento prévio para covid-19, ao contrário do que sugere médica no Instagram",,verdade o população tomar hidroxicloroquina e ivermectina protegido o covid-19 e medicamento o circulação vírus acabar chegar invernar,saúde,2020/11/06,Comprova,https://projetocomprova.com.br/publicações/nao-ha-tratamento-previo-para-covid-19-ao-contrario-do-que-sugere-medica-no-instagram/,0
3178,Mandetta reconhece divergência com Bolsonaro e admite sair; saiba o que disse o ministro,Ministro da Saúde e secretários que comandam enfrentamento ao coronavírus deram entrevista nesta quarta; Mandetta diz reconhecer que há 'visões diferentes' entre ele e o presidente.,conferir abaixar principal declaração ministrar luiz henrique mandetta entrevisto coletiva conceder n quarta-feira entrevisto mandetta reconhecer haver insatisfação claro governar ministério e pessoa cotar assumir o cargo chegar o ligar pedir aconselhamento o ministrar integrante equipar montar trabalhar junto o sair junto pedir demissão wanderson oliveira,política, 15/04/2020 21h03 ," Por Mateus Rodrigues, G1 — Brasília ",https://g1.globo.com/politica/noticia/2020/04/15/mandetta-reconhece-divergencia-com-bolsonaro-e-admite-sair-saiba-o-que-disse-o-ministro.ghtml,1
3179,"É #FAKE que operação da PF fez cidade do Rio de Janeiro excluir 1,1 mil mortes por Covid-19 da estatística oficial","Controversa mudança na divulgação da contagem de óbitos pela prefeitura da capital nada teve a ver com ação policial, que teve o estado como alvo. Além disso, por conta de decisão judicial, município voltou atrás na disponibilização dos dados.",mensagem viralizado rede social morte covid-19 cidade rir janeiro retirar estatístico oficial razão operação polícia federal realizar escopo investigação irregularidade comprar equipamento conter o doença o secretariar municipal saudar rebater o informação “ mentiroso fake news proceder algum o afirmação ” o operação “ placebo ” realizar pf terço suspeito desvio ações visar conter o pandemia coronavírus o comprar respirador centrar governar rir município,política, 29/05/2020," Por Roberta Pennafort, CBN ",https://g1.globo.com/fato-ou-fake/coronavirus/noticia/2020/05/29/e-fake-que-operacao-da-pf-fez-cidade-do-rio-de-janeiro-excluir-11-mil-mortes-por-covid-19-da-estatistica-oficial.ghtml,0
3180,o banco fechar dia parir o financeiro quântico e o gesara,,o mensagem começar o espalhar whatsapp o semana setembro e afirmar o banco mundo fechar dia o o setembro parir o implantação financeiro chamar “ sfq financeiro quântico “,entretenimento,9/09/20209,gilmar lopes,https://www.e-farsas.com/os-bancos-vao-fechar-dia-11-para-iniciar-com-o-sistema-financeiro-quantico-e-o-gesara.html,0
3181,Dia D da campanha de vacinação de crianças e adolescentes acontece hoje  ,,"Crianças e adolescentes menores de 15 anos têm, neste sábado (17), a oportunidade de atualizar suas cadernetas de vacinação. O chamado Dia D de mobilização nacional para a vacinação é uma estratégia adotada há anos pelas autoridades de saúde, com o objetivo de fazer com que o máximo de pessoas tenha acesso a todas vacinas do calendário nacional. Segundo a pasta, com a campanha de multivacinação é possível evitar o risco de adquirir doenças como sarampo, febre amarela, rubéola, caxumba, hepatites A e B, entre outras. Em nota, o Ministério da Saúde (MS) informou que os postos de saúde estão adaptados para evitar risco de contaminação pela covid-19, e que vem dando orientações para que as ações de vacinação sejam realizadas conforme as recomendações sobre distanciamento social, com lavagem das mãos, uso de álcool em gel e máscara.",saúde,17/10/2020 08h40 ,17/10/2020 08h40 ,https://noticias.uol.com.br/ultimas-noticias/agencia-brasil/2020/10/17/dia-d-campanha-de-vacinacao-criancas-e-adolescente.htm,1
3182,Coreia do Sul confirma primeiro caso de nova pneumonia  ,,o coreia sul confirmar hoje casar pneumonia viral originar cidade wuhan chino deixar morto caso país e prontamente detectar tailândia e japão o casar diagnosticar coreia o chinês chegar o o aeroporto internacional incheon wuhan sofrer febre problema respiratório e sintoma e positivar o coronavírus informar o centrar sul coreano prevenção e controlo doença kcdc o mulher ano chegar o o aeroporto escalar o japão festividade ano lunar d semana durante chinês viajar levantar preocupação o potencial propagação vírus o paciente colocar observação sala isolamento designar incheon o oeste seul tratamento o tripulação cabina voar cz6079 chino southern airlines o mulher chegar e passageiro monitorados o sintoma pessoa isolamento e examinar acordar o kcdc,saúde,20/01/2020 11h03 ,20/01/2020 11h03 ,https://noticias.uol.com.br/ultimas-noticias/efe/2020/01/20/autoridades-confirmam-1-caso-na-coreia-do-sul-de-nova-pneumonia.htm,1
3183,Salles é cobrado por corte no orçamento e pede emendas parlamentares  ,,"o ministrar ambientar ricardo salles n segunda-feira durante audiência comissão câmara deputar corte orçamentar ministério ambientar fragilizar o atuação pastar e pedir deputar destinar dinheiro emendar parlamentar recompor o orçamentar ministério orçamentar aprovar congresso nacional r$ 677,5 milhão destinar ambiental cortar r$ 457,4 milhão compilar consultoria orçamentar câmara e senado federal o ministério economia refere-se s emendar parlamentar destinar o o ambientar aumentar durante o tramitação pedir orçamentária ano passar ... ler íntegro g1",política,03/05/2021 17h36 ,03/05/2021 17h36 ,https://noticias.uol.com.br/colunas/reinaldo-azevedo/2021/05/03/renan-apoio-convocacao-de-ministro-da-justica-para-nao-pairar-ameaca-a-cpi.htm,1
3184,Ricardo Barros deveria ser rebatizado de 'Dilmo'  ,,o líder jair bolsonaro câmara deputar ricardo barro mudar nome dilmo o asfaltar roncar brasil o presidente dilma rousseff convidar governador o o planalto reação insatisfação popular anunciar o enviar o o congresso proposto realização plebiscitar convocar constituinte querer reformar político o idear morrer semana o governar dilma morrer ano deposição feito base constituição desejar reformar ricardo barro sugerir o brasil imitir o chile reescrever constituição constituinte ninguém pedir d o absurdo abater instantaneamente o líder governar crivar crítico comparar o constituição chileno época ditadura pinochet o brasileiro escrito alvorecer redemocratização mencionar defeito texto constitucional considerar virtude reescrever o constituição cabo o rabo transportar o país caos o pântano o constituição brasileiro perfeito imperfeição corrigir emendar constitucional líder ricardo barro revela-se incapaz reunir voto necessário aprovação reformar proposto governar representar — dever representar atrair interlocutor sentar o o redor mesa negociação o deputar flerta virar mesa,política,27/10/2020 20h20 ,27/10/2020 20h20 ,https://noticias.uol.com.br/colunas/josias-de-souza/2020/10/27/ricardo-barros-deveria-ser-rebatizado-de-dilmo.htm,1
3185,É #FAKE que vídeo mostre chineses construindo ferrovia ligando Mato Grosso ao Maranhão,"Imagem, na verdade, é de obra realizada na Suécia. A empresa responsável (CEAB) e as máquinas (da Volvo) também são suecas. A CEAB fez um comunicado no Facebook sobre o boato que circula no Brasil. Além disso, não há ferrovia sendo construída no trajeto citado pela mensagem.",vídeo bombado rede social mostrar o construção ferrovia tecnologia inovador juntar imagem haver o mensagem olhar o maquinário chinês o estrar ferrar região luca rir o maranhão marabá parar golaço presidente compartilhar ninguém ficar o globo mostrar o vídeo verdade mostrar o construção estrar ferrar sul suécio imagem máquina o inscrição ceab connys entreprenad ab empresar sueco município höör especializar construção e manutenção ferrovia,mundo, 25/10/2019, Por G1 ,https://g1.globo.com/fato-ou-fake/noticia/2019/10/25/e-fake-que-video-mostre-chineses-construindo-ferrovia-ligando-mato-grosso-ao-maranhao.ghtml,0
3186,"
  A matéria sobre queda em atendimento é anterior a pedido de Bolsonaro para filmar hospitais","Publicações compartilhadas mais de 8 mil vezes em redes sociais desde meados de junho asseguram que emissoras de TV passaram a mostrar uma redução na procura por atendimento de pacientes de COVID-19 no Brasil após o presidente Jair Bolsonaro pedir que seus apoiadores filmem hospitais públicos “para mostrar se os leitos estão ocupados ou não”. A reportagem usada para embasar a alegação foi exibida, no entanto, horas antes do presidente fazer o polêmico pedido. Desde então, diversas outras matérias retrataram grande ocupação em hospitais.Envie-nos por WhatsApp Email",“ o presidente pedir o filmar hospital e eis o milagre acontecer comedir o esvaziar pronto atendimento hospital campanha e leito uti supostamente lotar brasil ” umtuíte acompanhar reportagem vídeo tv globo quedo procurar atendimento hospital localizar cidade rir janeiro mensagem semelhante replicar milhar publicação facebook twitter e instagram o dia junho “ bolsonaro razão o pandemia político ” comentar usuário postagens “ olhar o motivar esquerdo querer o filmace sic e ficar acusar o presidente esquerdista ” escrever outro,brasil,18/06/2020 às 21:15,AFP Brasil,https://checamos.afp.com//materia-sobre-queda-em-atendimento-e-anterior-pedido-de-bolsonaro-para-filmar-hospitais,0
3187,"Brasil tem 6.750 mortes e 96.559 casos confirmados por coronavírus, diz ministério",País registrou 421 mortes a mais nas últimas 24 horas.,o ministério saudar divulgar n sábado o recente balançar caso coronavírus brasil principal reportagem atualização,ciência, 02/05/2020 18h31 , Por G1 ,https://g1.globo.com/bemestar/coronavirus/noticia/2020/05/02/brasil-tem-6750-mortes-e-96559-casos-confirmados-por-coronavirus-diz-ministerio.ghtml,1
3188,É #FAKE que vídeo mostra deputado que chamou Moro de ladrão colocando dinheiro na cueca,"Mensagem diz que vídeo traz o deputado Glauber Braga (PSOL-RJ), que atacou Moro durante audiência na Câmara dos Deputados. Mas vídeo é de 2009 e mostra empresário recebendo dinheiro do Mensalão do DEM.",circular rede social vídeo homem receber interlocutor quantidade cédula dinheiro seguir guardar noto calçar o vídeo acompanhar legendar o caro chamar morar ladrão provar o texto referência o o deputar federal glauber braga psol-rj durante sessão câmara deputar realizar dia julho atacar morar aparecer imagem o empresário alcyr collaço receber dinheiro ex-secretário institucional governar distrito federal durval barbosa o vídeo vir o público barbosa gravação e denunciar esquema corrupção governar josé roberto arruda dem o escândalo ficar mensalão dem,política, 05/07/2019, Por G1 ,https://g1.globo.com/fato-ou-fake/noticia/2019/07/05/e-fake-que-video-mostra-deputado-que-chamou-moro-de-ladrao-colocando-dinheiro-na-cueca.ghtml,0
3189,"

Moro está envolvido até o pescoço em falcatrua de venda de inquérito da PF, denuncia Bolsonaro #boato 
",Boato – Bolsonaro denunciou que o ex-ministro da Justiça Sérgio Moro está envolvido até o pescoço em falcatrua e que ele vendeu o inquérito da PF para Dória.,"morar envolver o pescoço falcatruar explicar o razão bolsonaro declarar o seguinte frase “ pessoa o acontecer ministério justiçar ficar enojar ” brasileiro ficar chocar e triste sair morar ministério dever o expor abaixar o notícia mão investigar rádio e jornal o brasil e estrangeiro especificamente wall street journal of americas e o gazzeta delo sport e sair mídia provar colhido e confirmar fatos.fato comprovar o morar vender inquérito pf o doria bolsonaro d s 13:00 dia abril dia demissão morar reunião envolver o sr chefe abin ramagem o filhar carlos bolsonaro o sr helio supervisor secretariar casar civil e o sr ronald rhovald representante ciar brasil o princípio contrariar bolsonaro recusar o trocar o diretor pf valeixo.a aceitação vir informacao morar receber o pagamento total prêmios us$ 70.000,00 inquérito vender bônus us$ 400.000,00 assessorar e integrante comissão total us$ 23.000.000,00 e milhão dólar empresar joão doria e joão amoedo.mesmo o diretor abin descobrir o esquema delator assessor morar e concordar o prático o o obrigar o pedir exoneração cargo juntar morar notícia divulgar s 13:30 centrar imprensa).assim combinou-se o morar pedir demissão bolsonaro o demitir o culpar ficar bolsonaro e morar o vantagem haver errado.dr wagner maio denunciar morar fugir governar descobrir cometer crime alto traição “ o abin descobrir o ex-diretor pf(valeixo comparsa morar ocultação patrão adélio e advogar haver esconder nome crime político-administrativos witzel e passar informação sigiloso investigação dório março pr bolsonaro alertar aguardar morar informar tudo.como morar fugir reunião e omitir e o presidente morar participar fhc maio alcolumbre e tofolli planar derruba-lo pr bolsonaro convocar pessoalmente morar pra reunião presença investigador abin colocar o assunto mesa e informar proteger delegar maurício valeixo o principal informante esquerdo morar empalidecer e o traição descobrir e outro jeito resolver costa pr bolsonaro o coletiva traição declarada.nota confirmar oficialmente o ex- diretor pf delegar maurício valeixo proteger morar e demitir pr bolsonaro o delegar infiltrar pra finalizar o inquérito adélio bispar ordem esconder nome mandante e pagador milionário advogar impedir o perícia celular advogar e adelio adélio agir e problema mentais.o medo morar delegar alexandre ramagem assumir o diretoria pf descobrir o crime alto traição cometer ex-ministro morar antigo aliar comunista brasileiro e pai o comunista dalton morar fundador psdb e antigo comparsa fhc pai esquerdo brasileiro ” copiar",política,01/07/2020,"
Edgard Matsuki ",https://www.boatos.org/politica/moro-envolvido-pescoco-falcatrua-venda-inquerito-pf-denuncia-bolsonaro.html,0
3190,  Fux derruba liminar que liberava abertura de bares no interior de SP  ,,o presidente stf supremo tribunal federal ministrar luiz fux derrubar hoje liminar decisão provisório justiçar paulo permitir o funcionamento bar e restaurante aparecido sp e região dia 1º e janeiro haver dia haver derrubar liminar autorizar estabelecimento cidade valer paraíba o abrir liminar autorizar o abertura bar e restaurante interior paulo proferir desembargador leonel costa tribunal justiçar paulo tjsp o pedir sindicato setor decisão desembargador suspender cidade interior o eficácia decretar governar paulo instituir o fase vermelho dia ano n fase comércio essencial supermercado e farmácia receber cliente,saúde,02/01/2021 14h53 ,02/01/2021 14h53 ,https://noticias.uol.com.br/ultimas-noticias/agencia-brasil/2021/01/02/fux-derruba-liminar-que-liberava-abertura-de-bares-no-interior-de-sp.htm,1
3191,"

Vídeo mostra criança de 10 meses desenhando na China #boato 
",Boato – Vídeo mostra criança de 10 meses que já aprendeu a desenhar muito bem. Bebê é da China.,beber outro planeta criança desenhar achar chinês humano ets disfarçar pra viver planeta rs … v idade e desenhar d jeito montagem criança gênio criança o habilidade d desenhar ciência explicar … deus lindar,mundo,14/12/2019,"
Edgard Matsuki ",https://www.boatos.org/mundo/video-crianca-10-meses-desenhando-china.html,0
3192,Não espere chegar ao ‘fundo do poço’: saiba onde conseguir terapia gratuita ou barata no Rio,,o pandemia covid-19 provocar avalanche saudar mental pessoa brasil e mundo estudar canadense mostrar o prevalência depressão chegar o e ansiedade o e respectivamente frequente comparação o ano anterior relatar organização mundial saudar oms tratamento indicar auxiliar recuperação saudar mental o psicoterapia existir variar abordagem terapêutico comum abaixar ajudar o resolver problema ansiedade depressão trauma e autoconfiança — o terapia chance pessoa tornar consciente conteúdo acessível e o levar o repetir padrão comportamento trazer sofrimento — bárbaro carissimi coordenador psicologia universidade veiga almeida uva especialista saudar mental mundo dever psicoterapia o trabalhar certar precisar comprometimento — o pessoa sentir aberto e disponível processar o terapia sessão processar trabalhar pensamento e mentir sessão disponível emocionalmente trabalhar — fabiane curvar psicólogo especializar terapia cognitivo comportamental e idealizador plataforma on-line aterapia importante escolher o abordagem psicoterapia decidir profissional guiar o tratamento o ideal receber indicação alguém confiança — normalmente pessoa procurar o terapia “ fundir poço ” ninguém conseguir lidar o profissional independente recomendação e referência empatia pessoa o paciente abrir medo criticar julgar — orientar flavia pitella psicólogo criar o projeto terapia pra o isolamento social atendimento psicoterapêuticos disparar especialista afirmar consulto remoto benéfico paciente haver agilidade marcação converso caso atender imediatamente — o psicoterapia melhorar o saudar mental o qualidade vidar e permitir o indivíduo orientar pensamento sentimento e relacionamento — finalizar vanessa jaccoud psicólogo idealizador associação tranquilamente apesar trazer benefício o psicoterapia acessível o população contar preço o extra lista o seguir conseguir acompanhamento gratuito preço popular variar r$ o r$ abaixar infográfico obter ajudar o serviço psicologia aplicar spa universidade estácio sá oferecer abordagem psicoterapêuticas graça o ajudar oferecido unidade o universidade oferecer atendimento gratuito interessar ligar 3780-2600 consulto duque caxias o serviço psicologia aplicar spa universidade veiga almeida oferecer consulto o preço popular variar r$ o r$ receber atendimento unidade tijuca basto mandar e-mail spa o clínico psicologia oferecer atendimento abordagem social r$ o r$ variar acordar o render paciente o contato whatsapp 21-99328-2539 oferecer atendimento psicológico o transgêneros o preço popular contato whatsapp 99729-9309,ciência, Publicado em  11/04/21 04:30 ,Evelin Azevedo,https://extra.globo.com/noticias/saude-e-ciencia/nao-espere-chegar-ao-fundo-do-poco-saiba-onde-conseguir-terapia-gratuita-ou-barata-no-rio-rv1-1-24965433.html,1
3193,verdade empresário cuiabá fretar avião parir vacinar cubar,notícia afirma que 120 empresários vão pagar r$30 mil cada para fretar um avião que irá levá-los para serem vacinados em cuba! será verdade?,o notícia surgir dia março e afirmar o presidente cubar autorizar o entrar empresário brasileiro receber o vacinar sputnik v país,saúde,17/03/2021,gilmar lopes,https://www.e-farsas.com/e-verdade-que-empresarios-de-cuiaba-fretaram-aviao-para-se-vacinarem-em-cuba.html,0
3194,Quando a Libertadores vai voltar?  ,,haver hoje o futebol voltar brasil e américa sul consenso dirigente ouvir blog semana o libertador o tornear o pensar o respostar simples o deslocamento internacional afetado causar pandemia coronavírus vacinar remédio eficiente o covid-19 país dever controlar entrar e sair fronteiro e afetará diretamente libertador e claro o sul-americana o conmebol confederação sul-americana futebol oficialmente finalizar competição diferente principalmente melindrar patrocinador internamente haver preocupação contato governante diverso país continente comprovar o acesso fronteiro normalizar o médio prazo jogar entrar país vizinhar e o brasil o país preocupar dirigente atualmente político país o presidente argentino alberto fernández demonstrar apreensão o escalar caso e morte covid-19 brasil — 135.106 doente confirmar 9.146 morto,saúde,08/05/2020 11h00 ,08/05/2020 11h00 ,https://www.uol.com.br/esporte/futebol/colunas/marcel-rizzo/2020/05/08/quando-a-libertadores-vai-voltar-se-voltar.htm,1
3195,Post engana ao afirmar que preço do gás só não caiu significativamente por causa dos governadores,,fato haver registrar aumentar redução icms sobrar o gás cozinhar o início d ano haver garantir alteração provocar mudança significativo o preço o o consumidor comer afirmar o post verificar o composição preço mostrar n reportagem o principal motivar parir o aumentar o preço botijão o vender refinaria influenciar diretamente pelar cotação petróleo e dólar,política,2021-06-30,Comprova,https://projetocomprova.com.br/publicações/post-engana-ao-afirmar-que-preco-do-gas-so-nao-caiu-significativamente-por-causa-dos-governadores/,0
3196,'Bota Pra Chorar': Música de Joelma ganha clipe; assista  ,,o cantor joelma lançar hoje o clipe músico boto pra chorar o clipe gravar casar cantor contar medir isolamento social imposto coronavírus o vídeo contar o participação fã gravar vídeo dançar o músico aparecer o o joelma bailarino conferir ficar o clipe artista,saúde,30/04/2020 11h31 ,30/04/2020 11h31 ,https://entretenimento.uol.com.br/noticias/redacao/2020/04/30/bota-pra-chorar-musica-de-joelma-ganha-clipe-assista.htm,1
3197,"

Joice Hasselmann bateu o carro depois de ir a festa clandestina #boato 
",Joice Hasselmann bateu o carro depois de ir a festa clandestina #boato,estadão exclusivo o farsa revelar joice hasselmann festa rave clandestino drogar e bêbado e voltar parir residência s manhã bater carro luxar postar buscar atendimento médico e utilizar nome fictício parir reconhecido suar face haver inchar e maquiagem joice halloween cassar decorar parlamentar,política,24/07/2021,"
Edgard Matsuki ",https://www.boatos.org/politica/joice-hasselmann-bateu-carro-depois-de-ir-festa-clandestina.html,0
3198,Placar acachapante de punição a Bretas indica que a Justiça ainda respira  ,,o órgão especial tribunal regional federal região marcar n quinta-feira importante democracia direito dever processar legal e decorar punir voto o o juiz marcelo bretas titular 7ª varar federal rir o peno censurar andré fonte suspeitar voto — alcides martim — errar atuação juiz o bretas dia fevereiro bolsonaro visitar o rir jornada atividades o buliçoso juiz recebê-lo base aéreo aeroporto santo dumont e passar o integrar o comitiva presidencial participar culto evangélico o o bolsonaro e político — incluir o prefeito marcelo crivella — e inauguração obrar sequência amplo proselitismo rede social exaltar evento e destacar político presente — diga-se o deputar flordelis ... o oab entrar representação juntar o o nacional justiçar pedir o juiz investigar o suspeito atuação político-partidária e autopromoção e superexposição avançar precisar desfazer ilação mentiroso o lavajatismo espalhar determinar o investigação o ministrar humberto martim corregedor cnj e presidir o superior tribunal justiçar eduardo martim filhar ministrar investigar espetaculosa operação e$ quema s bretas juiz,política,18/09/2020 05h28 ,18/09/2020 05h28 ,https://noticias.uol.com.br/colunas/reinaldo-azevedo/2020/09/18/placar-acachapante-de-punicao-a-bretas-indica-que-a-justica-ainda-respira.htm,1
3199,"'O Brasil não deu certo', diz Huck em evento com presidenciáveis  ",,candidatar presidência o apresentador tv globo luciano huck criticar hoje o cenário político atual discurso preso o o brasil passar olhar frente huck precisar aceitar o país certar e reunir diferente representante sociedade civil — incluir político — pensar projeto o brasil o gente deixar vaidade e exercitar humildade entender o enorme potencial d país o brasil certar o apresentador durante participação painel desafio brasil brazil conference at harvard mit organizar parceria o jornal o s. paulo participar evento governador rir sul e paulo eduardo leite psdb e joão doria psdb ex-prefeito paulo fernando haddad pt e o ex-ministro ciro gomar pdt,política,17/04/2021 20h42Atualizada em 18/04/2021 07h48 ,17/04/2021 20h42Atualizada em 18/04/2021 07h48 ,https://noticias.uol.com.br/politica/ultimas-noticias/2021/04/17/o-brasil-nao-deu-certo-diz-huck-em-evento-com-presidenciaveis.htm,1
3200,Apoiadores de Bolsonaro que fizeram ato contra Alexandre de Moraes são transferidos para presídio em SP,"Antonio Carlos Bronzeri e Jurandir Alencar foram presos no sábado (16) pelos crimes de desobediência, descumprimento de medida sanitária preventiva e incitação ao crime.",apoiadores presidente jair bolsonaro participar manifestação o ministrar supremo tribunal federal stf alexandre moraes transferir n segunda-feira o centrar detenção provisório diademar abc paulista o secretariar administração penitenciário antonio carlos bronzeri e jurandir alencar preso preventivamente n sábado crime desobediência descumprimento medir sanitário preventivo e incitação o o crime participar protestar dia maio frente o o prédio ministrar paulo terça-feira antonio carlos bronzeri e jurandir alencar virar réu ameaçar difamação injúria e perturbação sossegar prisão decorrente investigação polícia civil inquérito policial descumprir medir cautelar preso sair casar e visto ruir manifestação caminhoneiros o quarentenar imposto paulo,política, 18/05/2020 19h34 , Por G1 SP e TV Globo — São Paulo ,https://g1.globo.com/sp/sao-paulo/noticia/2020/05/18/apoiadores-de-bolsonaro-que-fizeram-ato-contra-alexandre-de-moraes-sao-transferidos-para-presidio-em-sp.ghtml,1
3201,Líderes partidários querem derrubar veto à desoneração da folha de pagamentos,Presidente Jair Bolsonaro vetou prorrogação até 2021 da desoneração da folha de pagamentos de mais de 6 milhões de trabalhadores. Congresso pode rejeitar o veto e resgatar medida. ,"líder congresso derrubar o vetar presidente jair bolsonaro prorrogação desoneração folhar pagamento milhão trabalhador o construção civil abrir vago trabalhar ano o pandemia empresário preocupar o ano o setor contemplar o desoneração folhar pagamento o medir permitir empresar substituir o contribuição previdenciária salário alíquota e 4,5 o receitar bruto o desoneração terminar d ano o congresso prorrogar o medir o ano o presidente jair bolsonaro vetar deputar e senador derrubar o vetar",política, 07/09/2020 20h54 , Por Jornal Nacional — Brasília ,https://g1.globo.com/politica/noticia/2020/09/07/lideres-partidarios-querem-derrubar-veto-a-desoneracao-da-folha-de-pagamentos.ghtml,1
3202,"

Alfredo Léo, diretor da XP, falou, em vídeo, sobre Bolsonaro para um amigo #boato 
",Boato – O diretor da XP Investimentos Alfredo Léo gravou um vídeo falando do presidente Jair Bolsonaro e enviou para um amigo.,escutar o alfredo léo analista mercar diretor xp falir amigar alfredo léo diretor xp “ bolsonaro o presidente o brasil ”,política,06/09/2019,"
Edgard Matsuki ",https://www.boatos.org/politica/alfredo-leo-diretor-xp-video-bolsonaro.html,0
3203,É #FAKE foto que mostra Evo Morales com Pablo Escobar e El Chapo,"Imagem é uma dupla montagem; nem Evo nem o traficante mexicano aparecem na imagem original. Foto do narcotraficante colombiano é antiga e tem na mesa Virginia Vallejo, jornalista e amante dele.",circular rede social foto o o traficante mexicano joaquín guzmán el chapar o boliviano evo morales e o narcotraficante colombiano pablo escobar mensagem o acompanhar imagem valer palavra o imagem preto e branco viralizou o o tumultuar processar culminar o renúncia presidente bolívia abrir mão acompanhar viçar álvaro garcía linera o afastamento ocorrer auditoria organização americano oea informar haver fraudar eleição presidencial outubro evo morales chegar n terça-feira o o méxico país conceder asilar o renúncia,mundo, 13/11/2019, Por G1 ,https://g1.globo.com/fato-ou-fake/noticia/2019/11/13/e-fake-foto-que-mostra-evo-morales-com-pablo-escobar-e-el-chapo.ghtml,0
3204,Bahia testará vacina russa contra covid-19 e pode comprar 50 milhões de doses  ,,o governar bahia assinar acordar conduzir teste clínico fase vacinar russo o covid-19 sputnik v e planeja comprar milhão dose distribuir brasil informar autoridade hoje o governador ruir costa pt acordar confidencialidade assinar terça-feira 8) formalizar teste e o bahia receber dose o agência nacional vigilância sanitário anvisa aprovar o protocolo o testagem o rússia promover o sputnik o vacinar o coronavírus o registrar mundo o fase teste concluir,saúde,10/09/2020 21h40 ,Anthony Boadle,https://noticias.uol.com.br/saude/ultimas-noticias/reuters/2020/09/10/bahia-testara-vacina-russa-contra-covid-19-e-pode-comprar-50-milhoes-de-doses.htm,1
3205,Paul McCartney pede fim de mercados com animais vivos na China: 'medieval'  ,,o provável origem coronavírus mercar comercializar animar vivo chino banir consequência pandemia covid-19 o prever paul mccartney o futurar realmente esperar significar o governar chinês ok pessoal realmente precisar super-higiênicos sincero medieval comer morcego afirmar hoje o ex-beatle o o apresentador rádio americano howard stern mccartney reconhecer defensor direito animar n mercar o principal motivar o surtir atual coronavírus estabelecimento comum cidade wuhan considerar o epicentro epidemiar chino n vender mercadoria vivo abatido animar horar d silvestre,saúde,14/04/2020 13h02 ,14/04/2020 13h02 ,https://entretenimento.uol.com.br/noticias/redacao/2020/04/14/paul-mccartney-preve-fim-de-mercados-com-animais-vivos-na-china-medieval.htm,1
3206,"

Lula é vaiado em Paris (França) após chamar Moro de mentiroso, mostra vídeo #boato 
",Boato – Vídeo mostra momento exato em que plateia vaia Lula após ex-presidente chamar Sérgio Moro de “mentiroso” durante evento em Paris (França).,“ lula vaiar frança pt passar vergonha brasil ” “ … pensar o lula vaiar parir afirmar o morar mentiroso conclusivamente pra entender o lula ladrão condencoram o corrupto e o condenar esquisito francês ” “ lula lula … vaiar pai socialista frança – falar mau ministrar sérgio morar ”,política,03/03/2020,"
Kyene Becker ",https://www.boatos.org/politica/lula-vaiado-paris-chamar-moro-metiroso-video.html,0
3207,Patricia Abravanel faz selfie com máscara e viseira: 'Look do dia'  ,,patricia abravanel mostrar cuidar n pandemia coronavírus foto postar instagram o filho silvio santo posar máscara e viseira proteção look dia acostumar o apresentador post hashtag e pedir máscara comentário fã elogiar o o moreno o internautas ai paty mulher acostumar afirmar look dia acostumar usemascara,saúde,20/05/2020 09h00 ,20/05/2020 09h00 ,https://tvefamosos.uol.com.br/noticias/redacao/2020/05/20/patricia-abravanel-mascara-viseira-de-protecao.htm,1
3208,"

Rodrigo Maia diz, no Twitter, que desviar dinheiro do fundão eleitoral é prejudicial à democracia #boato 
","Boato – Em post no Twitter, Rodrigo Maia afirma que desviar dinheiro do fundão eleitoral prejudica a democracia e deve ser evitado, mesmo que custe vidas.",rodrigar “ desviar o dinheiro fundão eleitoral prejudicial o democracia dever manter pilar intacto custar o vidar brasileiro ” fundãoedemocracia,política,06/04/2020,"
Kyene Becker ",https://www.boatos.org/politica/rodrigo-maia-twitter-desviar-fundao-eleitoral-prejudicial-democracia.html,0
3209,"Magazine Luiza e FedEX estão interessadas nos Correios, diz ministro  ",,o ministrar comunicação fábio afirmar live o governar privatizar correio e gigante varejar o magazine luiza demonstrar interessar aquisição estatal processar privatização vaziar players interessar magalu dhl e fedex adiantar o ministrar ressaltar correio empresar saudável citar o amazon procurar uol o magazine luiza querer comentar declaração ministrar o amazon informar comentar rumor especulação o dhl comentar especulação mercar acrescentar plano atingir o crescimento negócio postal privatização e serviço postar estrangeiro o fedex afirmar monitor continuamente o mercar oportunidade expandir negócio brasil e região político empresar comentar especulação referente estratégia negócio questionar diretrizes e o composição acionária correio privatizar discutir decidir congresso comprar o estatal precisar continuar entregar macapá santarém ... obrigação,política,16/09/2020 19h20Atualizada em 17/09/2020 17h51 ,"Do UOL, em São Paulo",https://economia.uol.com.br/noticias/redacao/2020/09/16/magazine-luiza-e-fedex-estao-interessadas-nos-correios-diz-ministro.htm,1
3210,"

Caixa bloqueou Auxílio Emergencial de 187 mil pessoas que compraram eletrônicos após receber benefício #boato 
","Boato – A Caixa bloqueou o auxílio emergencial de 187 mil pessoas compraram eletrônicos após receber o benefício. Segundo o presidente, a fiscalização visa auxiliar apenas quem realmente precisa.",o caixa bloquear cercar 187.000 cpf ’ s receber o parcelar auxílio emergencial cadastrar comprar aparelho eletrônicos dia o recebimento auxílio o presidente caixa visar auxiliar realmente preciso o fiscalização continuar o término pagamento parcelar justo fonte brnotícias computador considerar eletrônicos necessário e isento fiscalização,brasil,30/04/2020,"
Raiane Gonoli ",https://www.boatos.org/brasil/caixa-bloqueou-auxilio-emergencial-pessoas-compraram-eletronicos.html,0
3211,"Isolamento por coronavírus levará a dura crise na América Latina, prevê FMI  ",,"washington abr afp o américa latino registrar quedo acentuar 5,2 pib dever s restrição conter o coronavírus praticamente país recessão e recuperação visto estimar o fmi terça-feira acordar relatório world economic outlook weo português perspectivo economia mundial- o pandemia coronavírus sobrecarregar o economia global levar o contração atingir fortemente o região o quedo brutal o américa latino o brasil economia américa latino contração 5,3 o méxico 6,6 e o argentino reestruturação dívida quedo pib 5,7 economia pacífico saudar o salvar o chile quedo 4,5 o colômbio 2,4 e o peru 4,5",saúde,14/04/2020 13h36 ,14/04/2020 13h36 ,https://economia.uol.com.br/noticias/afp/2020/04/14/isolamento-por-coronavirus-levara-a-dura-crise-na-america-latina-preve-fmi.htm,1
3212,"

Bolsonaro se solidariza com ingleses por incêndio na catedral de Notre Dame #boato 
",Boato – Bolsonaro faz publicação em solidariedade ao incêndio na catedral de Notre Dame e erra o país onde o monumento foi construído ao citar ingleses.,“ pessoalmente consternar o incêndio atingir o catedral notre-dame símbolo cultura ocidental e fé cristão solidarizar inglesar n difícil e doloroso ” o mensagem “ bolsonaro solidarizar … inglesar mudar o catedral notre dame o inglaterra ” “ bolsonaro solidarizar inglesar incêndio notre-dame ficar frança burro pra ” “ ioooooóooo … .. ióooooo creo en o brujas pero o hay o hay ”,política,,"
Kyene Becker ",https://www.boatos.org/politica/bolsonaro-solidariza-ingleses-notre-dame.html,0
3213,"Greenwald nega ter produzido filme pornô: ""Fui advogado e sócio de empresa""  ",,circular rede social artigo afirmar o jornalista glenn greenwald fundador site notícia the intercept brasil produzir filme pornográfico gay unir originalmente publicar reportagem o texto chamar o público descobrir o segredar greenwald compartilhamentos usuário criticar e chegar o discursar ódio o jornalista estrangeirar greenwald alvo ataque apoiadores lavar jato especialmente o the intercept o série reportagem mensagem trocar o força-tarefa versão similar notícia fabricar circular inglês greenwald o cobertura casar snowden revelar o governar unir monitorava comunicação cidadão e chefe,entretenimento,28/08/2019 04h01 ,Anita Grando Martins,https://noticias.uol.com.br/confere/ultimas-noticias/2019/08/28/glenn-greenwald-intercept-vaza-jato-pornografia-filmes-pornograficos-porno.htm,0
3214,"Brasil tem 1.300 mortes por coronavírus em 24 horas, revela consórcio de veículos de imprensa; são 39.797 no total"," Levantamento feito por jornalistas de G1, O Globo, Extra, Estadão, Folha e UOL junto às secretarias estaduais de Saúde mostra ainda que houve 33.100 novos casos de Covid-19 em um dia; são 775.184 no total. ",o brasil 1.300 morte registrar razão coronavírus horar levantamento consórcio veículo imprensar juntar s secretariar estadual saudar 39.797 óbito covid-19 país quarta-feira consolidar s 20h obtido parceria inédito g1 o globo extra o s.paulo folhar s.paulo e uol passar o trabalhar colaborativa reunir informação necessário e distrito federal o objetivo brasileiro o evolução e o total óbito provocar covid-19 consolidar caso testar e resultar positivar o coronavírus o parceria veículo comunicação feito respostar decisão governar jair bolsonaro restringir o acesso o o pandemia covid-19 personalidade mundo político e jurídico juntamente entidade representativo profissional e imprensar elogiar o iniciativo,ciência, 10/06/2020 20h00 , Por G1 ,https://g1.globo.com/bemestar/coronavirus/noticia/2020/06/10/brasil-tem-1300-mortes-por-coronavirus-em-24-horas-revela-consorcio-de-veiculos-de-imprensa-sao-39797-no-total.ghtml,1
3215,Bolsonaro diz que Brasil pode comprar vacina da Moderna contra a covid-19  ,,"Em transmissão ao vivo ontem em rede social, o presidente Jair Bolsonaro comentou que o Brasil poderá comprar doses da vacina contra a covid-19 desenvolvida pela empresa norte-americana Moderna. Ele não abordou detalhes de como o acordo poderia ocorrer. O presidente citou um artigo científico publicado nesta semana no New England Journal of Medicine, que aponta eficácia de 94% do imunizante, a mesma anunciada antes pela empresa de biotecnologia. Ele também comentou sobre o início da vacinação em países como os Estados Unidos, a Alemanha e o Reino Unido, mas não abordou quando esse tipo de ação começará no Brasil. ""Além da Pfizer, temos uma outra agora que se apresenta no momento, a Moderna, que poderá ser adquirida pelo Brasil"", afirmou.",saúde,01/01/2021 15h02 ,Priscila Mengue,https://noticias.uol.com.br/ultimas-noticias/agencia-estado/2021/01/01/bolsonaro-diz-que-brasil-pode-comprar-vacina-da-moderna-contra-covid.htm,1
3216,"Volta do Boeing 737 MAX deve ser adiada por pandemia, diz jornal  ",,"o retornar boeing max adiar o contar tensão financeiro setor aviação causar pandemia coronavírus informação jornal wall street journal o aeronave receber aprovação voar o agostar o decisão agência administração federal aviação eua colocar o max are o meter receitar antecipar boeing co o ano cair brasil o volumar passageiro transportar voo doméstico recuar 35,46 março igual período ano passar o o 4,9 milhão pessoa circular n voo o quantidade março",saúde,24/04/2020 10h18Atualizada em 24/04/2020 17h01 ,24/04/2020 10h18Atualizada em 24/04/2020 17h01 ,https://economia.uol.com.br/noticias/redacao/2020/04/24/boeing-737-max-adiado-coronavirus.htm,1
3217,"Página usa texto de janeiro para louvar ""feitos"" do governo Bolsonaro  ",,"publicação viralizou facebook n semana tirar contexto coluna opinião revisto forbes afirmar o presidente jair bolsonaro devolver o credibilidade e o perspectivo o país publicar sábado o post página movimentar avançar brasil trecho texto jornalista kenneth rapoza elogiar o governar entanto o coluna dia janeiro — quase e cenário econômico diferente atual o expectativa crescimento produto internar bruto pib destacar texto época 2,4 revisto outubro o colunista forbes alternar crítico e elogio o o governar bolsonaro",política,06/11/2019 15h48 ,06/11/2019 15h48 ,https://noticias.uol.com.br/comprova/ultimas-noticias/2019/11/06/pagina-usa-texto-de-janeiro-para-louvar-feitos-do-governo-bolsonaro.htm,0
3218,SP vacinou apenas 40% do público-alvo contra gripe; veja como se imunizar  ,,"passar o campanha imunização o influenza início o cobertura vacinal paulo abaixar ideal acordar o secretariar estadual saudar trabalhador saudar criança o ano grávido e puérpera aderir o o esforçar o meter garantir proteção o público-alvo o etapa contemplar formar 5,5 milhão pessoa começar dia abril d total 1,8 milhão vacinar o baixar santista o região apresentar índice terça-feira idoso e professorar rede público e privar procurar aplicação espalhar n etapa esperar 7,8 milhão paulista",saúde,14/05/2021 18h55 ,14/05/2021 18h55 ,https://noticias.uol.com.br/saude/ultimas-noticias/redacao/2021/05/14/sp-gripe-40-publico-alvo.htm,1
3219,É #FAKE que 'barrinha colorida' em caixa de leite indique produto vencido que voltou ao mercado,"Mensagem com imagens de caixas de leite circula nas redes sociais. Segundo a Tetra Pak, que fabrica as embalagens, a barra colorida é um teste de cores para o controle de qualidade de impressão das caixas.",circular rede social mensagem afirmar caixa leite barrinha colorir o produto vencer reaproveitar e voltar o o mercar o mensagem acompanhar imagem caixa leite informação fake o mensagem falso produto encaixotar leite cremar leite leite condensar achocolatar etc padrão imagem fundir caixa o barrinha colorir produto vencer voltar o fabricante e colocar produto reaproveitar voltar o mercar o produto vencer e ótimo consumir o imagem mostrar o fundir caixa leite caixa ficar esquerdar padrão corar presentar embalagem,entretenimento, 27/11/2018," Por Clara Velasco, G1 ",https://g1.globo.com/fato-ou-fake/noticia/2018/11/27/e-fake-que-barrinha-colorida-em-caixa-de-leite-quer-dizer-que-produto-venceu-mas-voltou-ao-mercado.ghtml,0
3220,Florianópolis multa 2 pessoas com suspeita de covid-19 por saírem de casa  ,,o prefeitura florianópolis aplicar multar pessoa suspeito covid-19 causar coronavírus descumprir o isolamento social e sair casar o multar r$ aplicar o pessoa suspeito doença casar testagem casar negar o material coletado equipar vigilância sanitário d o paciente preciso assinar o responsabilidade isolamento coletas feito casar pessoa suspeito e o vigilância epidemiológico o acompanhamento diário telefonar haver confirmação o equipar entrar contato passar o diagnóstico e recomendação necessário acordar o prefeitura o objetivo multar proteger o saudar coletividade o o restringir contatos paciente suspeito covid-19 limitar o circulação viral,saúde,08/04/2020 14h12Atualizada em 08/04/2020 14h22 ,08/04/2020 14h12Atualizada em 08/04/2020 14h22 ,https://noticias.uol.com.br/cotidiano/ultimas-noticias/2020/04/08/florianopolis-multa-coronavirus.htm,1
3221,Testes positivos para covid-19 em SP atingem o índice do auge da pandemia  ,,haver cercar semana laboratório e farmácia crescimento teste positivo o covid-19 hoje consequência alertar oficiar o pandemia o resultar positivo paulo crescer comparação o anterior dia novembro o total resultar positivo teste rt-pcr — considerar confiar detecção vírus — semelhante o dia julho e agostar durante o auge pandemia o fenômeno vir ocorrer o comedir segunda-feira o regredir reabertura novembro 50.862 resultar positivo redar público outubro 42.179,saúde,03/12/2020 04h00 ,Carolina Marins,https://noticias.uol.com.br/saude/ultimas-noticias/redacao/2020/12/03/testes-covid-19-rt-pcr-sao-paulo-novembro.htm,1
3222,Governo de Santa Catarina e de 179 municípios do Estado devem informar execução orçamentária até 2 de março,,gestor saudar município santo catarino e o gestor estadual o dia março enviar o o informação orçamento público saudar siops execução orçamentária referente o o 6º bimestre exercício extrair manhã março município catarinense informação homologar ente federar prestar informação o dia janeiro prazo enviar informação relativo o o 6º bimestre receber notificação automático alertar o expiração prazo e conceder dia o regularização situação prazo ente federar sofrer sansão chegar suspensão transferência constitucional o fundir participação município o impedimento firmar convênio recebimento recurso transferência voluntário o regularidade enviar informação o gestor especialmente atento o d ano o regularidade alimentação siops passar o integrar o lista requisito informação requisito fiscal cauc atualização diário d o ente federar impedir firmar convênio o governar federal casar situação regular cauc visto mudança gestão municipal eleição o departamento economia saudar investimento e desenvolvimento ministério saudar buscar contato gestor entidade o nacional secretariar municipal saudar conasems o nacional secretário saudar conass e o confederação nacional município cnm o objetivo apoiar equipar acesso e alimentação siops,saúde,09/02/2021 21h45,Por Comunicação/Desid/SE,https://www.gov.br/saude/pt-br/assuntos/noticias/governo-de-santa-catarina-e-de-179-municipios-do-estado-devem-informar-execucao-orcamentaria-ate-2-de-marco,1
3223,"
  Nem todas estas imagens são do protesto contra medidas de prevenção do coronavírus em Berlim","Publicações compartilhadas milhares de vezes em redes sociais nos últimos dias asseguram mostrar a grande escala da manifestação realizada em Berlim no último dia 1º de agosto contra as medidas de prevenção do novo coronavírus. No entanto, múltiplas imagens viralizadas foram tiradas em outros eventos, outros anos e, até, fora da Alemanha.Envie-nos por WhatsApp Email","cercar pessoa o polícia alemão e 1,3 milhão manifestante organizador protestar s ruir berlim sábado exigir o medir restrição adotadas combater o covid-19 país múltiplo foto frequentemente o evento publicar rede social comprovar o suposto escalar manifestação verificar abaixar o origem diverso d",saúde,2/08/2020 às 21:23,AFP França,https://checamos.afp.com//nem-todas-estas-imagens-sao-do-protesto-contra-medidas-de-prevencao-do-coronavirus-em-berlim,0
3224,Governo do Brasil entrega mais 115 ventiladores pulmonares para Goiás,,o contar equipamento comprar e enviar ministério saudar reforçar o assistência hospitalar enfrentamento pandemia o redar público saudar goiá ganhar o reforçar ventilador pulmonar o equipamento indicar suportar ventilatório paciente grave infectar covid-19 apresentar dificuldade respiratório equipamento desembarcar dia e junho capital goiânia e distribuir secretariar estadual saudar responsável definir unidade saudar e município receber ventilador pulmonar conformar planejamento o entregar ventilador pulmonar o goiá contar equipamento auxiliar o assistência hospitalar o paciente grave infectar covid-19 apresentar dificuldade respiratório o comprar e distribuição ventilador estratégico governar brasil atendimento o e município o enfrentamento pandemia entregar levar contar o capacidade instalar redar assistência saudar público principalmente locar o transmissão velocidade o ministério saudar entregar 4.435 ventilador pulmonar e o distrito federal,saúde,20/06/2020 14h10,(61) 3315-2745/2351,https://www.gov.br/saude/pt-br/assuntos/noticias/governo-do-brasil-entrega-mais-115-ventiladores-pulmonares-para-goias,1
3225,Brasileiras repatriadas de Wuhan não apresentam sintomas do coronavírus e ficarão em quarentena em Portugal  ,,funcionário hospital pulido valente lisboa confirmar hoje telefonar rfi brasileiro evacuar wuhan chino encontrar estabelecimento o comunicação o imprensar feito entanto equipar hospital santo maria capital portuguesar confirmar apresentar sintoma e cumprir o período quarentenar portuguesar e cidadão brasileiro retirar wuhan embarcar marselha frança rumar o lisboa voar c-130 forçar aéreo portuguesar aterrissaram capital portuguesar base militar figo madurar s 20h24 repatriar ficar quarentenar nome e detalhe brasileiro mantido observação hospital pulido valente sigilar médico o equipar funcionário hospital santo maria coordenar informação lisboa afirmar passar e assintomático receber visitar durante o quarentenar e o ministério saudar portugal acordar o procedimento receptivo médico português entanto pessoa repatriar portugal apresentar sintoma coronavírus profissional e prestador serviço contato brasileiro e o restante hospital pulido valente e santo maria receber treinamento específico e material descartável procedimento,saúde,03/02/2020 14h28Atualizada em 03/02/2020 21h17 ,03/02/2020 14h28Atualizada em 03/02/2020 21h17 ,https://noticias.uol.com.br/saude/ultimas-noticias/rfi/2020/02/03/brasileiras-repatriadas-de-wuhan-nao-apresentam-sintomas-do-coronavirus-e-ficarao-em-quarentena-em-portugal.htm,1
3226,"

Empresa de Bill Gates é a dona da patente do novo coronavírus #boato 
",Boato – Empresa de Bill Gates patenteou o novo coronavírus em 2015 e agora também possui a patente da vacina contra o vírus que está assustando o mundo. ,“ olhar “ curioso ” coronavirus us patente 10.130.701 datar ep 3172319a1 instituto europeu patente cessionário atual inst pirbright financiar oms comissão européia e inst bill e melinda gatar achar mundo dever assistir video … ” “ o patente vacinar corona virus pertencer bill gatar ” .“coronavirus chegar o o brasil patentear bill gatar ”,saúde,07/02/2020,"
Kyene Becker ",https://www.boatos.org/saude/bill-gates-dono-patente-coronavirus.html,0
3227,"

Marina Silva e marido são donos de madeira apreendida pelo Exército no Pará #boato 
",Boato – Marina Silva e marido são um dos maiores traficantes de madeira do mundo e tiveram carga apreendida pelo Exército no Pará. ,“ o exército aprender madeirar família marino silvar taí o maridar e o traficante madeirar juntar stf pra impedir o exército atuar amazônia o bruxo carmem lúcia interferir o presidente bolsonaro e viçar mourão atenção pra mordomar condir drácula e serviço esquerdalha amazônica e brasil e forçar armar aliar ” “ o exército o madeirar família bruxo marino silvar ” “ o dono madeirar apreendido escoltar caminhão exército pertencer o o fundador principal ong preservação ambiental amazônia cabeça mst parar esquerdista radical detentor título recebido europa cidadão defensor e protetor bioma região.esse ambientalista o maridar marino silvar ex-candidata o presidente brasil ”,política,08/10/2020,"
Kyene Becker ",https://www.boatos.org/politica/marina-silva-marido-donos-madeira-apreendida-exercito-para.html,0
3228,Jane Fonda troca protesto presencial por virtual em tempos de coronavírus  ,,jane fonda parar protestar — o pandemia ano passar o atriz preso protestar o fire drill fridays exigir ações enfático governo mundial e especialmente estadunidense o aquecimento global seguir recomendação prevenção o coronavírus e ficar casar fonda planejando edição virtual protestar parceria o greenpeace o evento acontecer amanhã instagram organização o 15h horário brasília protesto virtual contar o presença fonda e cientista e ativistas ambientar continuar semanalmente o dia abril comemorar o dia árvore eua planejando o protestar global datar fonda variety diferente claro descobrir o internet pessoa ficar consciente crise existencial mudança climático,saúde,02/04/2020 16h12 ,02/04/2020 16h12 ,https://entretenimento.uol.com.br/noticias/redacao/2020/04/02/jane-fonda-troca-protesto-presencial-por-virtual-em-tempos-de-coronavirus.htm,1
3229,Fux usou caso de André do Rap para espinafrar Mello e acalmar colegas  ,,o presidente supremo tribunal federal ministrar luiz fux o sessão hoje tratar libertação traficante andré rap objetivos claro o garantir o colega o suspensão liminar concedido o o presar ministrar marcar aurélio mello recurso excepcional o espinafrar mello fux comentar o decisão decano corrigir estagiário o meter presidente stf estabelecido responder o temor ministro o o suspender o liminar colega início gestão simbolizar prático o adotada caso fux espécie superministro e consolidar futuro presidente supremo afastar temor repetir o palavra excepcional falir inicial referir-se suspensão liminar classificar o decisão excepcionalíssima chegar o garantir criar jurisprudência,política,14/10/2020 17h10 ,14/10/2020 17h10 ,https://noticias.uol.com.br/colunas/chico-alves/2020/10/14/fux-usou-caso-de-andre-do-rap-para-espinafrar-mello-e-acalmar-colegas.htm,1
3230,Médico de 28 anos morre de covid após ficar internado: 'Lutou até o fim'  ,,médico enfrentar vírus iriar enfrentá-lo forçar doença e lutar vidar o o desabafar emocionar universitário giovana rei ano irmão médico gillian vitor rei o jovem morrer complicação covid-19 sexta-feira ficar semana internar hospital santo heleno josé rir preto sp giovana relatar o início pandemia março ano passar gillian trabalhar linha frente combater doença atender paciente covid-19 uti unidade terapia intensivo hospital salvador ba março trabalhar uti ater paciente covid-19 comedir acreditar ficar medo dedicar o cuidar d pessoa lembrar o irmão,saúde,20/01/2021 16h53 ,Simone Machado,https://noticias.uol.com.br/cotidiano/ultimas-noticias/2021/01/20/medico-de-28-anos-morre-de-covid-apos-ficar-internado-lutou-ate-o-fim.htm,1
3231,Seis pessoas são presas no México por venderem vacina falsa contra covid-19  ,,"Pelo menos seis pessoas foram presas no estado mexicano de Nuevo León (norte) por vender uma vacina falsa contra a covid-19 a preços de até US$ 2.000, informaram as autoridades locais nesta quarta-feira (17). Depois de receber uma denúncia, as autoridades policiais foram a uma casa na área metropolitana de Monterrey, onde encontraram falsas doses da vacina Pfizer/BioNTech e prenderam seis pessoas acusadas de vender a mercadoria. ""Temos evidências diretas de que é uma vacina fraudulenta (...) foi vendida por até 40.000 pesos"" (cerca de US$ 2.000), revelou Hugo López Gatell, subsecretário mexicano de Saúde, em uma entrevista coletiva.",saúde,17/02/2021 23h59 ,17/02/2021 23h59 ,https://noticias.uol.com.br/ultimas-noticias/afp/2021/02/17/seis-pessoas-no-mexico-presas-por-venderem-vacina-falsa-contra-covid-19.htm,1
3232,É #FAKE que Moro afastou promotor que investigava Flávio Bolsonaro e delegado do caso Marielle,"O promotor e o delegado atuam em órgãos estaduais, no Rio de Janeiro, e não são subordinados ao Ministério da Justiça.",circular rede social mensagem o afirmação o ministrar justiçar e segurança público sérgio morar afastar o promotor investigar movimentação financeiro atípico senador flávio bolsonaro psl-rj casar controlo atividades financeiro coaf e o delegar responsável investigação assassinato vereador marielle franco psol-rj o texto publicação fake o promotor e o delegar atuam órgão estadual rir janeiro e subordinar o o ministério justiçar o promotor ministério público rir janeiro mp-rj responsável apuração envolver o senador flávio bolsonaro e o ex-assessor d fabrício queiroz afastar função verdade fevereiro cláudio calar informar noto deixar o casar cunhar pessoal haver participar reunião amigo o senador eleito tratar assunto o combater corrupção e lavagem dinheiro,política, 14/06/2019," Por Gisele Barros, O Globo ",https://g1.globo.com/fato-ou-fake/noticia/2019/06/14/e-fake-que-moro-afastou-promotor-que-investigava-flavio-bolsonaro-e-delegado-do-caso-marielle.ghtml,0
3233,Bolsonaro diz que encaminhará reforma administrativa ao Congresso no dia 3  ,,o presidente repúblico jair bolsonaro afirmar hoje enviar quinta-feira o o congresso o proposto reformar administrativo pretender reestruturar o rh o o ministrar economia paulo guedes e líder partidário chamar centrão bolsonaro ressaltar regrar atingir futuro servidor reunião produtivo líder e tomar decisão o encaminhar quinta-feira o reformar administrativo ficar claro atingir nenhum atuais servidor aplicar o futuro servidor concursados bolsonaro ano passar o equipar econômica apresentar o o presidente proposto reformar administrativo bolsonaro preferir engavetá-la divulgar o idear propor salário entrar serviço público e colocar degrau o ascensão carreira funcionalismo escada hoje chegar o o topar rápido,política,01/09/2020 10h28 ,Julia Lindner e Jussara Soares,https://economia.uol.com.br/noticias/estadao-conteudo/2020/09/01/bolsonaro-diz-que-encaminhara-reforma-administrativa-ao-congresso-no-dia-3.htm,1
3234,"

FHC foi o primeiro a receber Bolsa Ditadura, benefício que ele mesmo criou #boato 
","Boato – O ex-presidente Fernando Henrique Cardoso (FHC) foi o primeiro a receber a Bolsa Ditadura, benefício que ele criou, tem 20 mil anistiados e custa R$ 365 milhões por mês.","descobrir o brasil arrepiar você fhc criar o bolsar ditadura bolsar terrorista benefício imoral o ex-bandidos e ex-terroristas ano e fhc o o receber benefício ficar algum horar presar acusar subversão e conspiração o regime o dops o ano 60?você aproximadamente anistiados receber o “ bolsar ditadura ” entrar lula dilma fernando henrique zé dirceu josé genuíno chico buarque gilberto gil caetano veloso marieta severo miriam leitão e outro receber o benefício mensalmente e são isento pagar impor render d receber indenizações mensal acima teto constitucional r$ 33.763,00).além d benefício o lula o dilma e o fernando henrique receber também o aposentadoria comer ex-presidentes é r$ 30.471,00 esquerdo maldizer tirar cofre públicos mensalmente o bagatela r$ milhões r$ 4,38 bilhões ano pago nós otários o governar bolsonaro já mandar auditar o benefício e acabar farra estão desesperar recear perder mamata compartilhar festança dinheiro público parir",política,23/07/2021,"
Edgard Matsuki ",https://www.boatos.org/politica/fhc-primeiro-receber-bolsa-ditadura-beneficio-ele-mesmo-criou.html,0
3235,"

OMS muda discurso e admite que isolamento aumenta contaminação da Covid-19 #boato 
","Boato – Depois de orientar o isolamento horizontal, OMS começa a admitir que o confinamento aumenta os vetores de contaminação, muda discurso e dá razão a Bolsonaro e Osmar Terra.",ler e pessoa culto acreditar gritar “ ciência ” parar autoridade saudar impor o isolamento horizontal esperançar supor “ achatamento curvo ” contágio v inocente e burro acatar bovinamente instrução oms tornar belicoso defeso instituição “ científico ” o perceber sequência verdade o confinamento aumentar vetores contaminação o oms comedir o admitir o verdade caro o confinamento quebrar o economia país medir “ científico ” o idiota amigar médico ficar falar pra ar superioridade sugestão chino e endossar oms nenhum estudar preliminar justificar o aplicação cobaia experimentar chinês e resultar d experimentar traduzir descobrir o dr osmar terra certar o gritar o confinamento aumentar o velocidade contágio e história “ achatar curvo ” invencionice ridículo inimigo gritar “ democracia ” impor o ditadura gritar “ ciência ” impor o mentir gritar “ amor”enquanto exterminar … e acreditar e novo!!a verdade o hidroxicloroquina combater exatamente o sars … exatamente o covid-19 corona vírus pq ninguém associar o tratamento conhecer o sars enterrar passar nenhum “ cientista ” recordar o comunidade científico burro e pilantra pq o hidroxicloroquina o patente vencido e q licença anvisa produzi-la custo iriar lucrar o “ pandemia ” querer ganhar inventar algum “ curar ” patentear e monetizar esconder o hodroxicloriquina o google ajudar o esconder e vc encontrar relato cloroquina trapacear o google e digitar o nome fantasiar drogar e o governador o d o hidroxicloroquina real e o paciente tratar casar caso tratar sintoma dispensar uti e respirador pra perder o chance construir leito e hospital centena milhão real pra investir comprimir real investir respirador custar pessoa e comprar chino governador genocida comunidade científico genocida o chino genocida e o oms genocida trouxa trouxa e trouxa … decidir basto n d o obstinação bolsonaro salvar … peno demais.v.g e conhecer o verdade e o verdade libertar copiar e colar msg parar,saúde,19/04/2020,"
Edgard Matsuki ",https://www.boatos.org/saude/oms-muda-discurso-admite-isolamento-horizontal-aumenta-contaminacao-covid-19.html,0
3236,distração durante converso sobrar o covid-19 causar acidentar aéreo o paquistão,,interessante destacar o acidentar ocorrer dia o paquistão retomar o voar comerciar razão pandemia covid-19,entretenimento,27/06/2020,marco faustino,https://www.e-farsas.com/distracao-durante-conversa-sobre-a-covid-19-causou-um-acidente-aereo-no-paquistao.html,0
3237,Futebol na TV está bagunçado e caro. Nem essa alegria o brasileiro tem mais  ,,guerra fraticida bolsonaro e o globo chegar o futebol e o principal vítima o telespectador pagar caro acompanhar jogo time o o tirar globo o transmissão campeonato carioca o fluminense junho o presidente flamengo rodolfo landim operação casar o presidente jair bolsonaro implantar o lei mandante abrir o porteiro bagunçar o mercar futebol tv quase monopólio globo,política,14/10/2020 15h16 ,14/10/2020 15h16 ,https://noticias.uol.com.br/colunas/balaio-do-kotscho/2020/10/14/vinganca-contra-a-globo-bagunca-e-encarece-futebol-na-tv.htm,1
3238,haver pôster abelhar o nasa feito parir voar,,segundar o publicação o lei físico umar abelhar voar o princípio aerodinâmico o amplitude suar asar pequeno parir conservar enorme corpo voar umar abelhar d conhecer nadar sobrar físico suar lógico e voar maneiro,entretenimento,19/09/2020,marco faustino,https://www.e-farsas.com/ha-um-poster-de-abelhas-na-nasa-dizendo-que-elas-nao-foram-feitas-para-voar.html,0
3239,"É #FAKE que Camila Pitanga contraiu Covid-19, mas fingiu ter malária para tomar cloroquina","Exames provam que a atriz e a filha tiveram mesmo malária. Além disso, resultados deram negativo para o novo coronavírus.",circular rede social mensagem o atriz camila pitanga contrair covid-19 fingir malária o cloroquina camila publicar contar instagram o relatar dia sufocar e o filho passar o o contrair malária post mostrar exame realizar superintendência controlo endemia secretariar saudar paulo atestar o malária procurar g1 o assessoria atriz reforçar o atriz malária exame mostrar testar negativar o coronavírus,entretenimento, 13/08/2020," Por Roney Domingos, G1 ",https://g1.globo.com/fato-ou-fake/coronavirus/noticia/2020/08/13/e-fake-que-camila-pitanga-contraiu-covid-19-mas-fingiu-ter-malaria-para-tomar-cloroquina.ghtml,0
3240,baderneiros petistas atear fogo aldear indígena o amazônia,"nos últimos dias, o vídeo de uma índia mostrando uma área de reserva ambiental ardendo em chamas viralizou nas redes sociais. naturalmente, diante da situação, ela estava muito exaltada, segurando o choro e muito nervosa.",eis o,política,25/08/2019,marco faustino,https://www.e-farsas.com/baderneiros-petistas-atearam-fogo-em-aldeia-indigena-na-amazonia.html,0
3241,"Psicólogo explica comportamento de pessoas que deixam de se proteger da Covid, mesmo sabendo dos riscos","Em entrevista ao podcast 'O Assunto', o doutor em psicologia Altay de Souza diz que a falta de autocontrole é comum a todos os grupos. Apesar disso, ele afirma que, para os jovens, é mais difícil associar 'ação com resultado'.",o estatístico e doutor psicologia altay souza afirmar entrevisto o o podcast o assunto g1 o dificuldade manter o autocontrole ajudar o explicar o comportamento colocar o si e o o perigar participar aglomeração e festa clandestino avançar contágio coronavírus país souza pesquisador universidade federal paulo unifesp e apresentador podcast divulgação científico naruhodo afirmar o comportamento aparecer unicamente ente jovem aparecer pessoa “ jovem apto o pensar futurar longínquo prazer imediato ” afirmar “ difícil associar ação resultar o participação souza podcast comedir o minuto e episódio ouvir abaixar,ciência, 14/12/2020 16h52 , Por G1 ,https://g1.globo.com/bemestar/coronavirus/noticia/2020/12/14/psicologo-explica-comportamento-de-pessoas-que-deixam-de-se-proteger-da-covid-mesmo-sabendo-dos-riscos.ghtml,1
3242,"

Brasil Sorridente tem inscrições abertas em site no WhatsApp #boato 
","Boato – O projeto Brasil Sorridente está com inscrições abertas. Para se inscrever, você precisa entrar em um site no WhatsApp e compartilhar um link com amigos.",inscrição o projeto brasil sorridente aberto acabar cadastrar periodontia-limpeza rir janeiro rj tratamento oferecido brasil cadastrar e agendar consulto gratuito aparelhar implantar restauração e … dia inscrição inscreva-se site ↴ projeto brasil sorridente o governar federal oferecer tratamento odontológico gratuito cadastre-se mesmo!o programar brasil sorridente ater sus 130.000 procedimento realizar participar edição pré requisito – brasileiro(a – cartão sus – render pessoal inferior o salário mínimos.75 pessoa cidade escolhido selecionadas o tratamento agendar implante unidade sus cidade selecionada finalizar agendamento preciso divulgar o projeto brasil sorridente contatos whatsapp,entretenimento,27/12/2018,"
Edgard Matsuki ",https://www.boatos.org/tecnologia/brasil-sorridente-inscricoes-whatsapp.html,0
3243,"

Filha (Lolita, de 26 anos) se casou com a mãe (Loreta, de 44 anos) na África do Sul #boato 
","Boato – Na África do Sul, a filha se casou com a própria mãe. Lolita (de 26 anos) afirmou que escolheu se casar com Loreta (44 anos) porque cresceu sem pai e a ama.",verdade áfrico sul filho casar o mãe lolita ano casa-se o mãe loreta e justificar atar “ mãe o o nascer crescer pai amar mãe e ficar d escolher casar viver junto jovem e feliz cama ” mãe loreta “ filho pronto sair casar recusar o casar amar filho e fazê-la feliz ”,mundo,20/09/2020,"
Edgard Matsuki ",https://www.boatos.org/mundo/filha-lolita-26-anos-se-casou-com-mae-loreta-44-africa-do-sul.html,0
3244,"

Vacinação contra gripe em idosos será por ordem alfabética em todo Brasil #boato 
",Boato – Vacinação contra gripe em idosos será feita por ordem alfabética até o dia 22/05 em todo o Brasil. Profissionais de saúde só se vacinam em 30/03.,“ calendário vacinação gripar divulgar parente e amigo fase idoso ano e – período 23/03 o 22/05 semana exclusivo idoso acordar o letra inicial nome registrar certidão nascimento – 23/03 idoso – letra o b c d e e 24/03 idoso letra f g h e j 25/03 idoso letra k l m n e o 26/03 idoso letra p q r s e t 27/03 idoso letra u v w x y e z … o trabalhador saudar o dia 30/03 ”,saúde,24/03/2020,"
Kyene Becker ",https://www.boatos.org/saude/vacinacao-gripe-idosos-ordem-alfabetica-brasil.html,0
3245,"Rio Grande do Sul recebe mais 187,8 mil doses de vacina contra a Covid-19",,"187.800 dose vacinar o covid-19 produzir brasil instituto butantan enviar o o rir sul ministério saudar o início campanha vacinação janeiro o pastar destinar o o 1,2 milhão dose vacinar concretizar o distribuição o governar federal depender real entregar quantitativo dose laboratório fornecedor imunizante trabalhar cronograma sujeitar o constante alteração acordar o produção insumo considerar haver fluxo regular produção vacinar total o ministério saudar distribuir 2,6 milhão dose coronavac e distrito federal proporcional e igualitário juntar indicação público-alvo fase campanha o planar nacional operacionalização vacinação o covid-19 o previsão entregar ocorrer o d terço e durante o quarta-feira o lotar vacinar butantan corresponder entregar dose necessário e município o reservar dosar garantir o esquema vacinal completar período recomendar o semana",saúde,09/03/2021 22h33, ,https://www.gov.br/saude/pt-br/assuntos/noticias/rio-grande-do-sul-recebe-mais-187-8-mil-doses-de-vacina-contra-a-covid-19,1
3246,Estudo mostra transmissão intrauterina do novo coronavírus,"Bebê sofria de sintomas neurológicos associados à Covid-19. Especialistas alertam que, embora rara, a transmissão do vírus entre mãe e filho ainda no útero é possível.",médico frança relatar o casar confirmar transmissão intrauterina coronavírus estudar publicar n terça-feira revisto nature communications o recém-nascido sexo masculino nascer março e sofrer sintoma neurológico associar covid-19 mostrar o transmissão mãe o feto placenta semana gravidez agência france presse o médico daniele luca hospital antoine beclere clamart principal autor estudar estudo anterior sugerir o possibilidade transmissão pré-natal mãe filhar estudar fornecer evidência ressaltar médico conduzir o estudar mulher ano hospitalizar início março o realizar cesariano amostrar coletadas reservatório vírus sars-cov-2 carga alto encontrar placenta,ciência, 14/07/2020 16h11 , Por France Presse ,https://g1.globo.com/bemestar/coronavirus/noticia/2020/07/14/estudo-mostra-transmissao-intrauterina-do-novo-coronavirus.ghtml,1
3247,Campanha Nacional de Vacinação termina nesta sexta-feira (30),,"terminar n sexta-feira o campanha nacional vacinação o poliomielite brasil preliminar secretariar estadual saudar 4,9 milhão criança vacinar o paralisia infantil o início mobilização dia outubro o cercar 6,3 55,9 milhão criança vacinar o doença o público-alvo estimar 11,2 milhão criança o ano idade continuar mobilização acordar o planejamento e estocar locar o ministério saudar alertar o população importância vacinação respeitar diretrizes e orientação segurança evitar o riscar transmissão covid-19 o poliomielite paralisia infantil doença infectocontagiosa gravar afeta o nervoso provocar paralisia permanente transitório membro inferior existir tratamento e o único prevenção o vacinação o cobertura o registrar criança ano idade o registrar criança ano idade o amapá registrar o índice vacinação o poliomielite país 76,4 seguir pernambuco e paraíba o cobertura registrar rondônia 17,3",saúde,29/10/2020 17h40,(61) 3315-3880/ 2351,https://www.gov.br/saude/pt-br/assuntos/noticias/campanha-nacional-de-vacinacao-termina-nesta-sexta-feira-30,1
3248,Embraer corta 2.500 empregos durante pandemia; sindicato anuncia greve  ,,"o embraer anunciar o demissão funcionário trabalhar unidade empresar brasil 1.600 aderir o plano demissão voluntário — proposto julho e agostar — total 2.500 desligamento pandemia o fabricante avião empregar d operar brasil total 15,6 mão obrar companhia país desligar considerar operação internacional 12,5 o tamanho cortar semelhante o o realizar fabricante aeronave pandemia covid-19 o americano boeing anunciar o demissão funcionário o equivalente o total europeu airbus trabalhador o comunicar embraer demissão relacionar o efeito causar pandemia economia global e cancelamento vender divisão aviação comercial o boeing o objetivo assegurar o sustentabilidade empresar e capacidade engenhar o embraer comunicar",saúde,04/09/2020 07h11 ,Luciana Dyniewicz e Andre Vieira,https://economia.uol.com.br/noticias/estadao-conteudo/2020/09/04/embraer-corta-125-do-total-de-funcionarios.htm,1
3249,Fake em Nóis: Bolsonaro fez tudo isso de obra mesmo?,,o posse presidente jair bolsonaro circular rede social diverso foto obrar público inaugurar gestão acontecer d fotografia antigo e ligação o atual governar,entretenimento,7/07/2021,Gilmar Lopes,https://www.e-farsas.com/fake-em-nois-bolsonaro-fez-tudo-isso-de-obra-mesmo.html,0
3250,Bolsonaro afirma que 'talvez' tenha sido contaminado pelo coronavírus  ,,o o travar disputar judicial divulgar resultar exame o presidente jair bolsonaro admitir hoje contaminar coronavírus vírus passar e sentir afirmar o presidente entrevisto rádio guaíba portar alegrar o presidente realizar teste contaminar doença — e março — e divulgar resultar negativo recusar o apresentá-los haver dia entanto o presidente afirmar o doença e mentir virar rastejar coriza ... pôr coronavírus e mentir e mentir afirmar o declaração ocorrer dia o s. paulo garantir justiçar federal o direito obter laudo exame coronavírus feito presidente repúblico,saúde,30/04/2020 19h28 ,Lorenna Rodrigues e Rafael Moraes Moura,https://noticias.uol.com.br/ultimas-noticias/agencia-estado/2020/04/30/bolsonaro-diz-que-talvez-tenha-sido-contaminado-pelo-coronavirus.htm,1
3251,É #FAKE que OMS desmentiu recomendações anteriores sobre retomada da economia em países afetados pela pandemia da Covid-19,"Fala de diretor da agência foi tirada de contexto. Ao falar de abertura de fronteiras, Michael Ryan afirmou que cada país deve analisar em que momento e de que forma pode rever restrições.",circular rede social o informação o organização mundial saudar oms contradizer recomendação anterior contexto pandemia coronavírus e defender o retomar imediato economia país o mensagem compartilhar foto diretor-geral oms tedros adhanom e “ oms defender retomar economia ‘ pessoa precisar trabalhar ’ desmoralizar o oms desmentir recomendação anterior e defender o necessário retomar economia provar perdido n pandemia depender d voltar o trabalhar ” procurar o oms afirmação proceder coletiva imprensar dia o diretor-executivo agência responsável programar emergência saudar michael ryan – e adhanom – o o falar o abertura fronteiro país fato pessoa precisar trabalhar o frase tirar contexto e compartilhar o induzir ler o interpretar o oms rever posicionamento anterior pregar o fechamento país,mundo, 31/07/2020," Por Roberta Pennafort, CBN ",https://g1.globo.com/fato-ou-fake/coronavirus/noticia/2020/07/31/e-fake-que-oms-desmentiu-recomendacoes-anteriores-sobre-retomada-da-economia-em-paises-afetados-pela-pandemia-da-covid-19.ghtml,0
3252,Freixo diz que vai apresentar ação para impedir Ramagem de assumir a PF,"Delegado Alexandre Ramagem foi chefe da segurança de Bolsonaro na campanha e é cotado para assumir comando da PF. Para deputado, presidente quer PF a serviço de seu 'clã'. ",o deputar federal marcelo freixo psol-rj n sábado apresentar ação justiçar impedir o delegar alexandre ramagem assumir o comandar polícia federal ramagem atualmente diretor agência brasileiro inteligência abin chefe segurança presidente jair bolsonaro campanha eleitoral cotar o cargo diretor-geral pf o vago ficar aberto bolsonaro exonerar o ex-diretor maurício valeixo o o ex-ministro justiçar sergio morar o exoneração valeixo levar morar o deixar o governar apresentar ação impedir alexandre ramagem assumir o chefiar polícia federal ramagem chefe segurança bolsonaro e amigar filho presidente jair transformar o pf polícia político o serviço clã deixar escrever freixo redar social o o anunciar sair ministério morar bolsonaro vir interferir politicamente polícia federal,política, 25/04/2020 11h12 , Por G1 — Brasília ,https://g1.globo.com/politica/noticia/2020/04/25/freixo-diz-que-vai-apresentar-acao-para-impedir-ramagem-de-assumir-a-pf.ghtml,1
3253,Cuba irá reduzir voos de EUA e outros países ante alta de casos de covid  ,,cubar anunciar n segunda-feira permitir o entrar voo oriundo unir e país o 1º janeiro dever o aumentar caso coronavírus abrir aeroporto novembro cubano viver país e retornar visitar familiar voltar viagem comprar espalhar o vírus parente e pessoa o o quebrar quarentenar afirmar o governar méxico panamá bahamas haiti e repúblico dominicano lista o governar voo dia seriar permitir,saúde,28/12/2020 20h02 ,28/12/2020 20h02 ,https://noticias.uol.com.br/ultimas-noticias/reuters/2020/12/28/cuba-ira-reduzir-voos-de-eua-e-outros-paisesante-alta-de-casos-de-covid.htm,1
3254,"

Cristiano Ronaldo e Ivete enviam aviões para apagar os incêndios na Amazônia #boato 
","Boato – O jogador Cristiano Ronaldo e a cantora Ivete Sangalo enviaram aviões para apagar os incêndios na Amazônia. Foram três aeronaves, com 80 mil litros de água, para ajudar a combater as queimadas.","notícia supostamente o jogador cristiano ronaldo contratar avião suportar litro água apagar o incêndio amazônia.noticia cr7 halla juventus elaborar jedmais quão cristiano ronaldo o melhor futebolista mundo continuar o demonstrar o grandeza e quadrar cr7 contratar avião capaz transportar 80,000 litro apoiar o controlar o incendiar destruir o amazonasobs texto ivete sangalo enviar avião litro água ajudar o combater incêndio amazôniaa cantor ivete sangalo mostrar generosidade e preocupação o incêndio atingir o florestar amazônica ivete enviar avião transportar litro água ajudar combater s queimar o gesto rapidamente ganhar rede social internautas começar o exaltar ivete e rebater o cantor anitta recentemente vídeo polêmico falar índio …",entretenimento,27/08/2019,"
Raiane Gonoli ",https://www.boatos.org/esporte/cristiano-ronaldo-ivete-sangalo-avioes-incendios-amazonia.html,0
3255,analisar notícia falso fraudar o eleição o eua,assista ao vídeo dessa semana onde analisamos e mostramos a verdade sobre 10 notícias falsas que circularam a respeito de possíveis fraudes nas eleições presidenciais de 2020 nos estados unidos!,o eleição nação poderoso mundo deixar acontecer envolto fake news e desinformação o republicano donald trump e outro o democrata joe biden concorrer presidência unir trump concorrer reeleição,política,9/11/20201,gilmar lopes,https://www.e-farsas.com/analisamos-10-noticias-falsas-de-fraude-nas-eleicoes-de-2020-nos-eua.html,0
3256,"Covid-19: Mandetta cita Raul Seixas, rasga elogios pra equipe e pede ajuda ao substituto  ",,luiz henrique mandetta demitir ministério saudar n quinta-feira e sair agradecer o equipar reforçar o ciência e pedir ajudar o o substituto o oncologista nelson teich mandetta convencer o mudar idear equipar e citar metamorfose ambulante raul seixa,saúde,16/04/2020 17h50 ,16/04/2020 17h50 ,https://noticias.uol.com.br/videos/2020/04/16/covid-19-mandetta-cita-raul-seixas-rasga-elogios-pra-equipe-e-pede-ajuda-ao-substituto.htm,1
3257,É #FATO que TV alemã exibiu imagens de elefantes ao falar de queimadas no Brasil,Reportagem foi tirada do ar por conta do erro. Episódio ocorreu em 2019 e não tem relação com incêndios atuais. Animal jamais fez parte da fauna brasileira.,circular rede social emissor tv alemão exibir imagem elefante o o falar queimar brasil o print viralizado web mentir fato procurar cbn o emissor n-tv fato exibir o referir reportagem constatar o falho o retirar ar “ infelizmente errar cometer removido ano passar e o falso imagem contexto d reportagem encontrar ” informar o empresar o reportagem veicular queimar amazônia e elefante rir – cenário africanar o narração fugir fogo florestar amazônica,mundo, 21/09/2020," Por Roberta Pennafort, CBN ",https://g1.globo.com/fato-ou-fake/noticia/2020/09/21/e-fato-que-tv-alema-exibiu-imagens-de-elefantes-ao-falar-de-queimadas-no-brasil.ghtml,0
