,Titulo,Subtitulo,Noticia,Categoria,Data,Autor,URL,Classe
10498,"

Ministro da Educação, Abraham Weintraub, fez plágio de fala de Hitler de 1933 #boato 
","Boato – Ao discursar que comunistas estão no topo da sociedade, novo ministro da Educação, Abraham Weintraub fez plágio de um discurso de Adolf Hitler datado de 1933 e que está no livro Mein Kampf.",o gente chegar n situação judeu pobre judeu topar país o topar organização financeiro dono jornal dono empresar dono monopólio … a. hitler setembro “ o gente chegar n situação comunista pobre comunista topar país o topar organização financeiro dono jornal dono empresar dono monopólio … ” a. weintraub setembro 2018)o ministrar educação embusteiro parafrasear hitler assistir e rir chorar sair neo nazista entrar outro desonestar intelectual mero plagiador hitler o discursar mein kampf palavra “ judeus”alemanha “ … judeu topar país o topar organização financeiro dono jornal dono empresar dono monopólio … ” adolf hitler.brasil “ … comunista topar país o topar organização financeiro dono jornal dono empresar dono monopólio … ” abraham weintraub,política,12/04/2019,"
Edgard Matsuki ",https://www.boatos.org/politica/ministro-educacao-abraham-weintraub-plagio-hitler.html,0
10499,"

Sérgio Reis escreveu carta sobre Ditadura no Diário de São Paulo hoje #boato 
",Boato – O cantor sertanejo Sérgio Reis escreveu uma carta no Diário de São Paulo hoje. Ele disse que está arrependido de lutar contra a Ditadura.,"o o sérgio rei escrever hoje jornal diário paulo sérgio rei cantor sertanejo cartar publicar jornal diário paulo hoje pessoa morrer filar hospital bandido matar r$ 10,00 e pessoa andar zumbir ruir causar drogar adolescente x menino ano parir filho pai o classe político d país desfilar incompetência absurdo o país ridicularizar escândalo … pedir perdão o o brasil porcaria … dever ficar casar lutar pra corrupto manobrar pra manter e cade voce ruir esquecer cor bandeiras.vamos unir e lutar so .motivo direito trintar milhão aposentar nao admitir policial r$ 3.660,00 arriscar o vidar bombeiro r$ 3.960,00 salvar vidar professor r$ 2,200,00 preparar o vidar médico r$ 9.260,00 manter o vidar e o deputar federal?r$ 26.700,00 salário r$ 94.300,00 verba gabinete r$ 53.400,00 auxílio paletó r$ 5.000,00 combustível r$ 22.000,00 auxílio moradia)r$ 59.000,00 passagem aéreas)r$ 17.997,00 auxílio saudar r$ 12.100,00 auxílio educação r$ 16.400,00 auxílio restaurante)r$ 13.400,00 auxílio cultural)auxílio dentista auxílio farmácia e lascar o vidar e o trabalhador r$ 1.045,00 sustentar o família.será o problema brasil aposentar publique!!!se repassar amigo horar horar o população brasileiro aposentar tomar conhecimento d absurdo",entretenimento,12/11/2020,"
Edgard Matsuki ",https://www.boatos.org/entretenimento/sergio-reis-escreveu-carta-sobre-ditadura-diario-de-sao-paulo.html,0
10500,"

Governo da Argentina bloqueia todas contas bancárias do país #boato 
",Boato – O governo da Argentina bloqueou todas as contas bancárias do país. A medida surge como parte da implantação do regime de comunismo na política local.,argentino contar bancário bloquear continuar votar pt psol ciro e ciar e brasil tb.argentina bloquear “ ” contar bancárias.governo argentino bloquear contar bancário cidadão vivo o socialismo,mundo,30/07/2020,"
Raiane Gonoli ",https://www.boatos.org/mundo/argentina-bloqueia-todas-contas-bancarias.html,0
10501,"Sem 1ª dose, ao menos três capitais suspendem vacinação contra covid  ",,o escassez vacinar covid-19 o o capitar o campanha imunização suspenso joão pessoa aguardar o enviar remessar ministério saudar maceió e goiânia receber hoje o lotar vacinar retomar o aplicação 1ª dosar amanhã joão pessoa o campanha vacinação suspenso o quarta-feira haver previsão chegar lotar vacinar amanhã informar o secretariar municipal saudar o o uol o prazo ministério saudar e hoje maceió aplicar o 2ª dosar vacinar covid o o uol o prefeitura cidade informar lotar imunizante chegar o o hoje possibilitar o retomar vacinação amanhã 17).em goiânia o aplicação 1ª dosar vacinar ficar suspenso dia retomar amanhã --a cidade receber lotar imunizante ministério saudar idoso o ano agendar o vacinação aplicativo prefeitura,saúde,16/04/2021 17h10Atualizada em 16/04/2021 17h53 ,16/04/2021 17h10Atualizada em 16/04/2021 17h53 ,https://noticias.uol.com.br/saude/ultimas-noticias/redacao/2021/04/16/sem-1-dose-ao-menos-tres-capitais-suspendem-vacinacao-contra-covid.htm,1
10502,incrível foto animar realmente verdadeiro falso,,o o acessarmos página notar umar série outro foto o chamar o atenção resolver trazer o o conhecimento d foto publicar haver umar semana — o antigo d publicar dezembro detalhar interessante nenhum publicação constar fonte minimamente confiável algum credibilidade o,entretenimento,22/12/2019,marco faustino,https://www.e-farsas.com/incriveis-fotos-de-animais-sao-realmente-verdadeiras-ou-falsas.html,0
10503,"

Flávio Dino, governador do Maranhão, ordenou troca da bandeira do Brasil pela comunista #boato 
",Boato – O governador do Maranhão aboliu a bandeira do Brasil e trocou pela bandeira comunista no estado. Flávio Dino aparece em foto com a bandeira vermelha estendida ao fundo.,governador flávio dino cadê o bandeiro brasil????por o bandeiro chino usada????por utilizar o bandeiro brasileiro e o china????o maranhão país pra cadeia renegado???no maranhão o comunista flávio dino abolir o bandeiro brasil foto oficiar anotar horar “ h ” o choradeira justificar farra comunista n país acabar,política,,"
Raiane Gonoli ",https://www.boatos.org/politica/governador-do-maranhao-troca-bandeira-brasil-comunista.html,0
10504,"

Filho do dono da água sanitária Dragão xinga nordestinos em vídeo #boato 
","Boato – Vídeo mostra o filho do dono da água sanitária Dragão falando que, depois das eleições, Bolsonaro não vai suportar “o pessoal do Norte e Nordeste” e vai “excluir do grupo”.",falir galera beleza tranquilo querer o seguinte galera o bolsonaro ganhar fdp graça o deus excluir nordestino acabar mandar whatsapp pessoalmente falar o seguinte faca caveira o gente suportar pessoal acre roraima pessoal norte falar … galera nordeste parar gastar o dinheiro o sudeste produzir p … exatamente o gente tá cansar produzir e mulo … o água comprar jumento o … filhar dono água sanitário dragão babaca d conversar merda … depender mim comprar garrafa e propaganda .. babaca … compartilhar e marcar … o empresar d babaca ..,política,09/01/2019,"
Edgard Matsuki ",https://www.boatos.org/politica/filho-dono-dragao-nordestinos-video.html,0
10505,É falso que urnas adulteradas foram encontradas em Fortaleza  ,,"1,4 compartilhamentos o início noite hoje vídeo circular rede social suposto provar adulteração urna eleitoral fortalezar ce).no vídeo pequeno pessoa aparecer o o caminhonete e mostrar carroceria haver urna eleitoral o legendar postagem afirmar letra maiúsculo o casar tratar gravar descobrir suposto máfia urna adulterar e pessoa sair carro seriar cabo eleitoral candidatar pdt josé sarto o informação divulgar falso",brasil,29/11/2020 18h51 ,"Colaboração para o UOL, em Curitiba",https://noticias.uol.com.br/confere/ultimas-noticias/2020/11/29/uol-confere-urnas-adulteradas-em-fortaleza-falso.htm,0
10506,"
  Imagem com dados de Detroit é de dezembro de 2019 e não tem relação com a eleição nos EUA","Uma captura de tela da transmissão de um canal norte-americano que supostamente prova que houve fraude eleitoral em Detroit durante as presidenciais nos Estados Unidos foi publicada nas redes sociais, somando 12,6 mil interações desde o último dia 5 de novembro. A imagem, contudo, data de dezembro de 2019, quando uma fundação jurídica entrou com uma ação contra a cidade, acusando-a de fraude. O processo em questão foi finalizado em junho de 2020, meses antes do pleito de 3 de novembro.Envie-nos por WhatsApp Email",“ detroit aberto processar eleitoral motivar 4.788 registro duplicar 32.519 voto o votante 2.503 pessoa morto registrar votante nascer ” indicar legendar publicação compartilhar centena facebook denunciar suposto fraudar eleitoral n cidade michigan vencer candidatar democrata joe biden imagem o alegação fraudar eleição presidencial norte-americanas circular instagram e twitter idioma francês inglês e espanhol o apuração voto eleger o 46º presidente unir começar terça-feira novembro o vencedor confirmar dia novembro biden alcançar liderança intransponível estado-chave pensilvânia e apesar acusação fraudar votação feito atual presidente donald trump,política,9/11/2020 às 17:16,"Marie Genries Genries, AFP Bélgica",https://checamos.afp.com//imagem-com-dados-de-detroit-e-de-dezembro-de-2019-e-nao-tem-relacao-com-eleicao-nos-eua,0
10507,Testes para vacina contra Covid da Johnson & Johnson são interrompidos  ,,o anvisa agência nacional vigilância sanitário receber n terça-feira comunicar empresar janssen-cilag — divisão farmacêutico johnson johnson — informar o interrupção teste vacinar o coronavírus contar evento adversar gravar noto o agência brasileiro afirmar informação o processar sigiloso n comunicar o empresar informar o estudar temporariamente interromper dever o evento adversar gravar ocorrer voluntário exterior detalhe o evento e o saudar voluntário permanecer sigilar o texto noto ... ler íntegro folhar,política,13/10/2020 16h20 ,13/10/2020 16h20 ,https://noticias.uol.com.br/colunas/reinaldo-azevedo/2020/10/13/testes-para-vacina-contra-covid-da-johnson--johnson-sao-interrompidos.htm,1
10508,Governo estuda isentar conta de luz de consumidores de baixa renda em meio à covid-19  ,,o governar estudar formar isentar o contar luzir consumidor render cadastrar programar tarifar social dia o medir chance prosperar acordar o diretor-geral agência nacional energia elétrica aneel andré pepitone medir conter impacto econômicos avançar pandemia coronavírus existir tratativa governar tramitar n capitanear casar civil participação ministério minar e energia e o discussão haver subsídio período inferior o dia reunião público diretoria aneel o custar mensal isentar o contar luzir d consumidor pepitone r$ milhão decisão caber aneel o o governar federal avaliar vir recurso medir estudar e chance prosperar o programar tarifar social funcionar escalonar o recolhimento impor render família render consumir mensal kwh pago kwh descontar o faixar kwh e kwh descontar o parcelar kwh e kwh descontar e o acima kwh descontar algum,saúde,31/03/2020 16h09 ,Anne Warth,https://economia.uol.com.br/noticias/estadao-conteudo/2020/03/31/governo-estuda-isentar-conta-de-luz-de-consumidores-de-baixa-renda.htm,1
10509,"

Hunter Biden, filho de Joe Biden, abusou e torturou crianças chinesas #boato 
",Boato – Donald Trump tem provas que Hunter Biden torturou e abusou crianças chinesas. Todo o conteúdo de pedofilia estava no notebook do filho de Joe Biden.,o bomba trump o discar rígido notebook hunter biden informação recente vídeo biden sexo criança chinês e torturar trump e revelar dia informação q chegar hunter biden estuprar e torturar criança chinês …,mundo,21/10/2020,"
Edgard Matsuki ",https://www.boatos.org/mundo/hunter-biden-filho-joe-biden-torturou-abusou-criancas-chinesas.html,0
10510,Vídeo mostra garimpeiros atirando de lancha contra indígenas Yanomamis  ,,agente polícia federal e militar exército seguir n terça-feira o comunidade palimiú interior terra indígena yanomami conflito armar garimpeiro e indígena o informação confirmar fonte ouvir globo o confrontar deixar invasor morto e ferir indígena atingir cabeça raspão acordar o presidente saudar indígena yanomami e ye´kuanna júnior hekurari yanomami o pf abrir investigação apurar o casar confirmar morte o avião cesnna caravan fretar fundação nacional índio funai levar militar exército e investigador pf total agente aguardar o melhorar seguir voar ... ler íntegro n'o globo,política,11/05/2021 13h14 ,11/05/2021 13h14 ,https://noticias.uol.com.br/colunas/reinaldo-azevedo/2021/05/11/video-mostra-garimpeiros-atirando-de-lancha-contra-indigenas-yanomamis.htm,1
10511,fake nóis e o mms o remédio “ milagroso ” matar,"nesse episódio, explicamos a verdade por trás do mineral miracle solution (mms). um suposto remédio que cura todos os tipos de doenças!",pensar horrível alguém beber água sanitário e alguém injetar água sanitário ânus,saúde,1/10/20191,gilmar lopes,https://www.e-farsas.com/fake-em-nois-e-o-mms-o-remedio-milagroso-que-pode-matar.html,0
10512,É #FAKE que Lula comprou mansão de R$ 5 milhões na Bahia,Corretora da mansão cuja foto foi utilizada na mensagem diz que o imóvel continua à venda. Assessoria do ex-presidente nega compra; Lula tem falado em se mudar de SP.,"post circular rede social afirmar o ex-presidente lula adquirir mansão quase r$ milhão cidade baiano lauro freitas região metropolitano salvador o imagem imóvel circular juntar texto o corretor responsável imóvel afirmar o casar permanecer vender e o instituto lula ex-presidente negar o comprar haver mensagem falso conteúdo diferente o foto o imagem utilizar real extrair propaganda casar página corretor responsável e portar específico comprar e aluguel imóvel anúncio o casar ficar condomínio fechar e possuir suítes 1.400 metro quadrar construir e banheiro hidromassagem garagem carro o imóvel anunciar r$ 4,995 milhão",política, 13/11/2020," Por Marcelo Parreira, TV Globo ",https://g1.globo.com/fato-ou-fake/noticia/2020/11/13/e-fake-que-lula-comprou-mansao-de-r-5-milhoes-na-bahia.ghtml,0
10513,"Tivemos várias falhas nesse caso, diz Gilmar Mendes sobre André do Rap  ",,o ministrar gilmar mendes comentar hoje o decisão plenário stf supremo trbunal federal manter o pedir prisão traficante andré rap haver falho processar o renovação prisão preventivo o decisão acatar o habeas corpus e o crise instalar tribunal causar guerra decisão avião cair falho haver falho e contexto concessão d habeas corpus episódio seguir reparar gilmar entrevisto rádio bandeirante andré rap considerar líder pcc soltar sábado decisão ministrar marcar aurélio mello utilizar argumentar artigo pacote anticrime exigir prisão preventivo necessário renovar o dia o ocorrer dia o presidente stf luiz fux derrubar o decisão colega quela altura andré haver deixar o brasil e considerar foragir,política,16/10/2020 09h32Atualizada em 16/10/2020 11h54 ,"Colaboração para o UOL, em São Paulo",https://noticias.uol.com.br/politica/ultimas-noticias/2020/10/16/tivemos-varias-falhas-nesse-caso-diz-gilmar-mendes-sobre-andre-do-rap.htm,1
10514,vídeo porco equilibrista estação metrô verdadeiro falsar,,perfil japonês o disseminar obter retuítes e curtir o dia setembro arquivar,entretenimento,10/09/2020,marco faustino,https://www.e-farsas.com/video-de-porquinho-equilibrista-numa-estacao-do-metro-e-verdadeiro-ou-falso.html,0
10515,Mulheres decoram unhas para combinar com máscaras de tecido; veja exemplos  ,,"Mulheres de várias partes do mundo resolveram estilizar suas unhas para combinar com as máscaras de tecido. A OMS (Organização Mundial da Saúde) passou a recomendar o uso do acessório em locais públicos durante a pandemia do novo coronavírus e alguns países têm estados que obrigam o uso. Como as máscaras são, em sua maioria, de tecido, sobra espaço para a criatividade na hora de escolher a estampa ou até mesmo de montar um look completo cheio de estilo. Nos exemplos a seguir, as mulheres resolveram investir na manicure caprichada, ficando ainda mais estilosas ao mesmo tempo que se protegeram da covid-19. Uma publicação compartilhada por Marsha Toussaint (@marsha_marsha_nails) em 26 de Mai, 2020 às 10:42 PDT",saúde,19/08/2020 15h18 ,19/08/2020 15h18 ,https://www.uol.com.br/universa/noticias/redacao/2020/08/19/esmalte-unhas-mascaras-de-tecido.htm,1
10516,"

Carta psicografada de Alex Bardonnie revela data do fim da pandemia do coronavírus #boato 
","Boato – Espírito Alex Bardonnie afirma, em carta psicografada, que o fim da pandemia da Covid-19 está próximo e revela a data em que a cura do coronavírus será encontrada. ",“ cartar psicografada alex bardonnie médium elizabeth oliveira uberlândia mg – casar espírita psicografia “ noite o navegante planeta terra apesar o tripulação planetário encontrar aparentemente alarmar pandemia alastrar o globo durante planar reencarnatório ciência d desafiar importância passar único farto notícia esclarecimento e informação o atual viver permitam-me o visão o situação vivido ótico planar o planar espiritual permitam-me apresentação nome alex bardonnie membro egrégora espiritual denominar projeto luzir e hoje trabalhar arduamente n processar transicional o planeta encontrar vastamente informar irmão francisco xavier mudança drástico ocorrer e explicar projeto saltar presenciar n momento.em antagônico parecer encarar período presentar puro merecimento … olhar viver conduta totalmente antagônica o experiência encarnatória sentir vivenciado saborear e aprender o focar o futurar o semana o festa o feriar o objetivo material palavra o cercar oitenta e população terra subutilizando existência e ocorrer pandemia frear o humanidade encontrar movimentar propósito e destinar … o dever esperar d frente o planeta ficar “ observação dia ” casar o consciência adquirir resultar mudança comportamental prático onda pandêmica d rígido preparar justamente fixar o aprendizado plano casar o evolução comportamental continuar encontrar dia atuais amor compaixão e fé o início reversão quadrar mundial começar dezessete maio d ano médico começar o encontrar tratamento eficaz o diminuição pandemia e marcar o chance renascimento o planeta ficar observação e oitenta dia casar o consciência adquirir resultar mudança comportamental prático onda pandêmica d rígido preparar justamente fixar o aprendizado ” …,entretenimento,21/04/2020,"
Kyene Becker ",https://www.boatos.org/religiao/carta-psicografada-alex-bardonnie-data-fim-pandemia-coronavirus.html,0
10517,"Derrubada de vetos ao pacote anticrime, peritos veem prejuízo a bancos genéticos  ",,o derrubar congresso nacional veto presidente jair bolsonaro o o chamar pacote anticrime perito federar comedir o articular o elaboração texto tentativo recuperar o terreno perder regramento disciplinar o banco perfil genético acordar o presidente associação nacional perito criminar federar marco camargo o derrubar veto afetou o lei nº 13.964/2019 ganhar o alcunhar pacote anticrime atingir legislação anterior regulamentar o dna investigação gerar prejuízo combater criminalidade reduzir o atuação banco avaliar realmente segurança público avançar resolução crime realmente ruim,política,21/04/2021 18h31 ,Rayssa Motta e Fausto Macedo,https://noticias.uol.com.br/ultimas-noticias/agencia-estado/2021/04/21/derrubada-de-vetos-ao-pacote-anticrime-peritos-veem-prejuizo-a-bancos-geneticos.htm,1
10518,É #FAKE página que simula site de Drauzio Varella para vender produto para dores nas articulações,Página simula cores e marcas do site oficial do médico para fazer propaganda de suplemento. Falas do médico e reportagem do Fantástico citados não existem. Drauzio pede que pessoas joguem produto fora.,circular rede social página imitir o visual página médico drauzio varella o página atribuir o drauzio declaração produto e serviço e mencionar reportagem fantástico o o ar domingo o página falso declaração e o citação reportagem drauzio varella propaganda nenhum medicamentar e afirmar o reportagem fantástico citar página existir absolutamente o página imitir o site drauzio varella apresentar texto dor articular e oferecer produto comprar encomendar drauzio varella recomendar produto pessoa estelionatário ninguém tomar d comprar jogar lixar confiar vender drauzio,entretenimento, 27/08/2019, Por G1 ,https://g1.globo.com/fato-ou-fake/noticia/2019/08/27/e-fake-pagina-que-simula-site-de-drauzio-varella-para-vender-produto-para-dores-nas-articulacoes.ghtml,0
10519,"Em 2019, Brasil tinha quase 40 milhões de pessoas sem acesso à internet, diz IBGE","Número representa 21,7% da população com idade acima de 10 anos. Dados são da Pesquisa Nacional por Amostra de Domicílios Contínua (Pnad C).","o brasil 39,8 milhão pessoa conexão o internet o representar 21,7 população idade acima ano pesquisar nacional amostrar domicílio contínuo pnad c levantamento 4º trimestre divulgar n quarta-feira instituto brasileiro geografia e estatístico ibge ano o brasileiro acesso redar mundial computador 45,9 milhão o corresponder o 25,3 população ano ano o internautas brasil aumentar 6,1 milhão pessoa haver país o o 143,5 milhão pessoa conectar internet 78,3",política, 14/04/2021 10h00 , Por G1 ,https://g1.globo.com/economia/tecnologia/noticia/2021/04/14/em-2019-brasil-tinha-quase-40-milhoes-de-pessoas-sem-acesso-a-internet-diz-ibge.ghtml,1
10520,EUA ultrapassam 200 mil casos do novo coronavírus  ,,o infectar o coronavírus unir ultrapassar 200.000 conformar divulgar hoje centrar referência manter o contagem caso confirmar país o universidade johns hopkins paciente morto covid-19 registrar hoje 4.475 unir o país o infectar mundo 213.372 o york o epicentro pandemia americano 1.900 morte o governador andrew cuomo tentativo limitar o propagação crescente vírus americano confinar casar,saúde,01/04/2020 16h56 ,01/04/2020 16h56 ,https://noticias.uol.com.br/ultimas-noticias/afp/2020/04/01/eua-supera-200000-casos-do-novo-coronavirus.htm,1
10521,Lava Jato: integrantes de conselho do MPF defendem que Aras prorrogue forças-tarefa,"Nesta semana, força-tarefa no Paraná pediu que trabalhos sejam prorrogados por mais um ano; prazo acaba em 10 de setembro. Para integrantes do CSMPF, prorrogação é 'essencial'.",integrante superior ministério público federal csmpf enviar n sexta-feira ofício o o procurador-geral repúblico augusto arar defender o prorrogação mínimo atuais forças-tarefa operação lavar jato n semana procurador força-tarefa paraná pedir pgr trabalho prorrogar ano o prazo atual terminar setembro o superior órgão cúpula procuradoria repúblico e tomar decisão administrativo conselheiro assinar o documentar o extensão essencial e evitar ruptura trabalhar enfrentamento o o crime medir fato essencial o importante trabalhar tornar aprimoramento atual modelar implicar indesejável solução continuidade condução caso relevar argumentar integrante,política, 28/08/2020 17h38 ," Por Márcio Falcão e Fernanda Vivas, TV Globo — Brasília ",https://g1.globo.com/politica/operacao-lava-jato/noticia/2020/08/28/lava-jato-integrantes-de-conselho-do-mpf-defendem-que-aras-prorrogue-forcas-tarefa.ghtml,1
10522,Bolsonaro nega interferência na Petrobras um dia após indicar presidente  ,,"Após indicar o general Joaquim Silva e Luna para o comando da Petrobras no lugar de Roberto Castello Branco, o presidente Jair Bolsonaro (sem partido) disse na tarde de hoje que não houve qualquer interferência na empresa. A fala ocorreu logo depois de evento militar realizado em Campinas (SP). ""Vocês, que estão acompanhando aí, sei que não é fácil, mas vamos buscar soluções, Não vai faltar para nós coragem para decidirmos. Não houve qualquer interferência na Petrobras, tanto é que continua esse reajuste de 15% [dos combustíveis, anunciada nessa semana]. Você quem diz se é [um reajuste] abusivo ou não"", disse Bolsonaro. (Assista ao vídeo, na íntegra, abaixo) ""Espero que até o dia 20 [de março], quando vai de vez sair o atual presidente, ele não vai dar mais um percentual de reajuste no diesel e na gasolina. Então, o que aconteceu até agora, para mim, já faz parte do passado. O novo presidente da Petrobras, caso aprovado pelo conselho, vai dar uma nova dinâmica [à empresa]. Vai dar transparência e previsibilidade. Não adianta a imprensa falar que houve a minha interferência, assim como na Polícia Federal, que não acharam nada. Tudo é um jogo político, de poder, para desgastar"", completou.",política,20/02/2021 16h18Atualizada em 20/02/2021 20h10 ,20/02/2021 16h18Atualizada em 20/02/2021 20h10 ,https://economia.uol.com.br/noticias/redacao/2021/02/20/apos-indicar-nome-bolsonaro-diz-que-nao-houve-interferencia-na-petrobras.htm,1
10523,"

Vídeo mostra avião israelense apagando incêndio na Amazônia do Brasil #boato 
",Boato – Israel envia avião para ajudar no combate aos incêndios na Amazônia e pessoas registram o momento da ação.,avião israelense sobrevoar o amazônia colaboração extinguir foco incêndio n região brasil e israel unir o alegria filmar gota jatos água cair o matar amazônica,brasil,12/09/2019,"
Kyene Becker ",https://www.boatos.org/brasil/video-aviao-israelense-apagando-incendio-amazonia.html,0
10524,"
  Vídeo de presos comemorando é de 2016, sem relação com a anulação de condenações de Lula","Uma sequência que mostra detentos supostamente cantando um jingle do ex-presidente Lula foi visualizada mais de 152 mil vezes nas redes sociais em algumas horas. As publicações afirmam que se trata da comemoração de presos após o ministro do Supremo Tribunal Federal Edson Fachin decidir, no último dia 8 de março, anular as decisões da 13ª Vara Federal de Curitiba em ações contra o ex-governante. Mas este vídeo é de julho de 2016 e no áudio original não há qualquer menção a Lula.Envie-nos por WhatsApp Email",“ presidiário comemorar decisão ministrar edson fachin stf anular condenação ex presidiário lula ” e “ amigo luladrão ficar feliz o decisão ministrar fachin ” legendar contido postagens o gravação visualizar dezena milhar facebook instagram e twitter vídeo diverso preso pular parecer cantar “ olê olê olê olá lula lula ” jingle comumente ouvir manifestação o ex-presidente governar o brasil o o versão original sequência julho quase ano decisão tomar ministrar supremo tribunal federal stf edson fachin e conter o canção pró-lula,brasil,9/03/2021 às 19:59,AFP Brasil,https://checamos.afp.com//video-de-presos-comemorando-e-de-2016-sem-relacao-com-anulacao-de-condenacoes-de-lula,0
10525,Parlamentares defendem isolamento; ex-ministro diz que Bolsonaro está certo  ,,debater realizar uol hoje parlamentar divergir deputar federal osmar terra mdb-rs ex-ministro cidadania governar jair bolsonaro o importância quarentenar enfrentar o epidemiar coronavírus senador simone tebet mdb-ms presidente ccj comissão constituição e justiçar e randolfe rodrigar rede-ap líder senado deputar federal kim kataguiri dem-sp defender o isolamento o encontrar mediar colunista uol talar terra médico formação e atuou secretário saudar rir sul elogiar o posturar presidente bolsonaro o considerar corajoso e afirmar o o presidente certar bolsonaro pessoa riscar voltar o o trabalhar o o economia travar o ex-ministro estimar o coronavírus causar o morte pessoa o h1n1 — terra o doença matar cercar 2.100 pessoa país,saúde,31/03/2020 16h03Atualizada em 31/03/2020 21h20 ,Guilherme Mazieiro e Luís Adorno,https://noticias.uol.com.br/politica/ultimas-noticias/2020/03/31/parlamentares-defendem-isolamento-ex-ministro-diz-que-bolsonaro-esta-certo.htm,1
10526,"

Atacadão está distribuindo cestas básicas de dia das crianças em site no WhatsApp #boato 
","Boato – Em comemoração ao mês das crianças, o mercado Atacadão está dando milhares de cestas básicas grátis em site no WhatsApp. Para ganhar, só é preciso entrar na página e compartilhar um link com amigos.",ofertar limitar aproveitar 11/10 20:06 boato org n outubro o redar mercar atacadão s o lindo campanha o dia criança criança feliz criança barriga cheio e distribuir milhar cesta básico retirar o parabém ganhar cesta básico receber o cesta básico precisar robô .. compartilhar site amigo whatsapp clicar compartilhar abaixar compartilhar site amigo automaticamente redirecionado o cesta básico retirar receber confirmação o minuto o esperar compartilhar site amigo,entretenimento,11/10/2019,"
Edgard Matsuki ",https://www.boatos.org/tecnologia/atacadao-cestas-basicas-dia-das-criancas.html,0
10527,"SP dá primeiro passo para aprovação de volta às aulas com ""compra de vagas""  ",,o câmara vereador paulo aprovar hoje discussão o projeto regulamentar o voltar s aula escola público capital incluir o controverso proposto comprar vago escola particular o pl o votação quarta-feira haver previsão datar o retornar cálculo realizar governar estadual sugerir aluno retornar s escola setembro debater acalorar presença on-line o plenário câmara municipal decidir aprovação projeto discussão voto o o pl votar regime urgência especificar datar retornar aula emendar pt — oposição o o prefeito brunir cova psdb — pedir adiamento retornar presencial haver vacinar rejeitar o situação argumentar caber o pai definir filho voltar s aula haver protocolo segurança escola outro o oposição argumentar haver garantir o segurança aluno e trabalhador e o retomar aumentar o disseminação coronavírus contratação vago ensinar infantil redar público o texto elaborar executivo autorizar o contratação professorar regime emergencial e o repassar verba o comprar material escolar e uniforme o s família estudante,saúde,29/07/2020 23h26 ,Alex Tajra e Lucas Borges Teixeira,https://educacao.uol.com.br/noticias/2020/07/29/volta-as-aulas-sp.htm,1
10528,PGR defende que STJ recuse recurso de Flávio para anular decisões do TJ-RJ  ,,o procuradoria-geral repúblico pgr defender o superior tribunal justiçar stj rejeitar pedir defeso senador flávio bolsonaro republicanos-rj anular decisão tomar juiz flávio itabaiana 27ª varar criminal tribunal justiçar rir janeiro casar apurar o esquema rachadinhas o processar parlamentar analisar turma stj semana passar o ministrar felix fischer stj negar o concessão liminar decisão provisório invalidar decisão instância justiçar casar advogar flávio bolsonaro argumentar o tribunal justiçar rir garantir o foro privilegiar o o senador atos magistrado instância dever considerar nulo ... ler íntegro g1,política,06/10/2020 15h55 ,06/10/2020 15h55 ,https://noticias.uol.com.br/colunas/reinaldo-azevedo/2020/10/06/pgr-defende-que-stj-recuse-recurso-de-flavio-para-anular-decisoes-do-tj-rj.htm,1
10529,"

Dilma pede a Michelle Bolsonaro potes de Tupperware do Palácio da Alvorada #boato 
",Boato – A ex-presidente Dilma Rousseff pediu à primeira-dama Michelle Bolsonaro potes de Tupperware deixados no Palácio da Alvorada.,dilminha gente o gente dilma pedir o michelle bolsonaro pote tupperware deixar palácio alvorar o ex-presidenta dilma rousseff solicitar assessoria noto o devolução pote tupperware originar deixar palácio alvorar dilma pote presente ganhar durante mandatar presidente,política,05/10/2019,"
Edgard Matsuki ",https://www.boatos.org/politica/dilma-pede-michelle-bolsonaro-potes-tupperware.html,0
10530,Voto antecipado de mais de 50 milhões de norte-americanos sugere alto comparecimento  ,,washington reuters milhão norte-americanos depositar cédula o eleição presidencial especialista votação antecipar hoje o comparecimento recordar o disputar novembro o presidente donald trump e o desafiante joe biden acordar michael mcdonald projeto eleição universidade flórido o o milhão pessoa votar presencialmente correar dia eleição representar eleitor habilitar mcdonald e especialista preveem o eleição estabelecer recordar moderno comparecimento superar o participação eleição presidencial recente,política,23/10/2020 17h33 ,23/10/2020 17h33 ,https://noticias.uol.com.br/ultimas-noticias/reuters/2020/10/23/voto-antecipado-de-mais-de-50-milhoes-de-norte-americanos-sugere-alto-comparecimento.htm,1
10531,Ministério da Saúde fortalece vigilância genômica para combater mutações do vírus causador da Covid-19,,o ministério saudar implementar laboratório centrar saudar público lacen o redar nacional sequenciamento genético investigar mutação e diferente linhagem sars-cov-2 circulação brasil fase pilotar sequenciadas 1.200 amostrar vírus unidade federação laboratório referência instituto adolfo lutz sp instituto evandro chagar pa lacen bahia e lacen minar gerar o redar discutir quarta-feira 10/2 webinar vigilância genômica sars-cov-2 vírus causador covid-19 o encontrar contar abertura secretário vigilância saudar svs arnaldo medeiro e reunir especialista instituto fiocruz evandro chagar e adolf lutz o secretário arnaldo o inciativa acelerar o investigação mutação vírus covid-19 “ o vigilância e o acompanhamento d mutação ajudar respostar sus o controlo pandemia país e entender o comportamento vírus ”,saúde,12/02/2021 15h33, ,https://www.gov.br/saude/pt-br/assuntos/noticias/ministerio-da-saude-fortalece-vigilancia-genomica-para-combater-mutacoes-do-virus-causador-da-covid-19,1
10532,"'Não é o isolamento que afeta a economia, é a pandemia', diz Meirelles  ",,ex-ministro fazenda e atual secretário fazenda e planejamento paulo henrique meirelles hoje o pandemia coronavírus e medir isolamento o contágio o verdadeiro responsável crise econômica atingir o e o brasil hoje o governador joão doria psdb estender o quarentenar paulo o dia maio durante entrevisto coletiva concedido hoje palácio bandeirante afirmar equívoco o quarentenar causar problema o economia citar o setor serviço doméstico atingir restrição imposto existir equívoco o isolamento social o quarentenar causar o crise econômica o o contrário o crise causar pandemia óbvio discursar esfera agir direção contrário o setor afetado crise serviço doméstico objeto restrição entanto o afetado preocupação pessoa o afeta o economia o pandemia medir combater ressaltar meirelles citar nome o presidente jair bolsonaro principal crítico s medir isolamento social e associar frequência crise economia e o o desempregar acompanhar ministrar economia paulo guedes o o stf supremo tribunal federal reunião emergência empresário e o presidente cortar dia toffoli voltar o defender o retomar comércio e atividades econômicas encontrar guedes o economia começar o colapsar,saúde,08/05/2020 13h57Atualizada em 08/05/2020 16h06 ,Felipe Pereira,https://economia.uol.com.br/noticias/redacao/2020/05/08/nao-e-o-isolamento-que-afeta-a-economia-e-a-pandemia-diz-meirelles.htm,1
10533,Covid: os Estados onde possível '4ª onda' já ameaça virar realidade  ,,semestre pesquisador universidade harvard falar possibilidade vaivém quarentenar o o longo pandemia coronavírus causador covid-19 morador viver espécie abrir e fechar constante medir onda infecção avançar e recuar ano brasil sinal chegar onda doença recuar onda anterior chegar o matar 4.000 pessoa dia país,saúde,26/05/2021 11h43 ,Matheus Magenta - Da BBC News Brasil em Londres,https://noticias.uol.com.br/saude/ultimas-noticias/bbc/2021/05/26/os-estados-onde-possivel-4-onda-ja-ameaca-virar-realidade.htm,1
10534,Rosa exige resposta de Bolsonaro em ação de 'assédio judicial' contra mídia  ,,o ministro stf supremo tribunal federal rosar weber dia o presidente jair bolsonaro manifestar o ação direta inconstitucionalidade movido abi associação brasileiro imprensar contestar o submissão excesso ações judiciar reparação dano morar e material jornalista e canal comunicação país rosar pedir informação o o senado federal e câmara deputar o matéria objeto presentar revela-se extremo delicadeza e relevância singular n contemplar dúvida especial significar o ordem social e o proteção liberdade constitucional índole fundamental escrever o ministro o relator ação o abi o classificar assédio judicial objetivo intimidar profissional e órgão imprensar e aplicar abusivo brasil,política,19/04/2021 15h50 ,19/04/2021 15h50 ,https://noticias.uol.com.br/politica/ultimas-noticias/2021/04/19/rosa-weber-pede-manifestacao-de-bolsonaro-em-acao-de-assedio-judicial.htm,1
10535,Pesquisa Datafolha aponta queda de adesão à vacinação contra Covid-19,,pesquisar instituto datafolha mostrar o adesão vacinação o covid-19 e o imunização obrigatório registrar quedo eleitor paulo rir janeiro belo horizonte e recife comparar o o levantamento instituto outubro haver quedo capitar interessar imunizar o taxar pretender vacinar haver imunizante aprovar e segurar e favorável obrigatoridade aplicação dose majoritário pesquisar o levantamento antecipar n sábado jornal folhar s. paulo acordar o instituto paulo belo horizonte e rir janeiro o taxar adesão vacinação cair percentuais.ao taxar recusar o imunização chegar o e respectivamente d o vacinação obrigatório perder rir janeiro o percentual d favorável imposição vacinar cair e paulo o quedo belo horizonte e recife recife o percentual d pretender vacinar cair novembro período subir o parcelar pretender tomar o vacinar acordar o instituto o achar o vacinação obrigatório majoritário estrato pesquisar exceção eleitor morador capital paulista render acima salário mínimo posicionar o medir o datafolha índice vacinação ficar mulher entrevistar faixar o ano e escolaridade paulo o adesão ficar eleitor ano o levantamento mostrar o entrevistar declarar pretender vacinar vacinar desenvolvido chino encontrar resistência o vacinar chinês receber confiança eleitor recife aceitação seguir rir janeiro e belo horizonte o capital paulista o demonstrar resistência o instituto o rejeição o vacinar produzir chino concentrar aprovar o governar presidente jair bolsonaro rir apoiadores presidente recusar o o tomar o imunizante chinês resistência cair entanto reprover bolsonaro o instituto ouvir 1.260 eleitor o ano capital paulista 1.064 fluminense mineiro e capital pernambucano dia e novembro o margem errar percentual e o confiança caso,ciência, Publicado em  07/11/20 19:32 ,Extra,https://extra.globo.com/noticias/saude-e-ciencia/pesquisa-datafolha-aponta-queda-de-adesao-vacinacao-contra-covid-19-24735091.html,1
10536,"Renan critica Alcolumbre na CCJ: ""Passa a ideia de que o Senado tem dono""  ",,escolher líder senado renan calheiros mdb-al dispor o desempenhar o tarefar empenhar ano o casar e o congresso abrir mão prerrogativa fundamentar o investigação atos executivo d reverter melhorar avaliação sociedade comissão parlamentar inquérito avaliar renan ajudar o coletar assinatura instalação cpi averiguar o desempenhar governar combater pandemia coronavírus d o senador alagoano criticar o transparência casar e votação medir provisório feito horar resultar aprovação regrar controverso o mp reduzir dia o prazo agência vigilância sanitário avaliar pedir aprovação vacinar analisar exterior,política,07/02/2021 04h00 ,07/02/2021 04h00 ,https://noticias.uol.com.br/colunas/chico-alves/2021/02/07/renan-critica-alcolumbre-na-ccj-passa-a-ideia-de-que-senado-tem-dono.htm,1
10537,Post engana ao dizer que Exército construiu ponte em 24 horas em Goiás,,o vídeo apresentar real e militar levar semana realizar o instalação o pontar provisório e substituir estruturar fixo,política,2020/07/08,Comprova,https://projetocomprova.com.br/publicações/post-engana-ao-dizer-que-exercito-construiu-ponte-em-24-horas-em-goias/,0
10538,Ayres Britto não vê abalo entre Poderes; Gilmar aponta Bolsonaro angustiado  ,,o pandemia coronavírus criar preocupação saudar mundo o brasil e país defrontar preocupação político o presidente repúblico jair bolsonaro protagonizar diverso envolver nome — caso luiz henrique mandetta ex-ministro saudar e rodrigar maio dem-rj presidente câmara deputar carlos ayres britto ex-ministro supremo tribunal federal stf bolsonaro e demonstrar atrito semana entanto o ex-ministro o situação controlo haver certo fricção tensionamento incomum o chefe executivo federal e legislativo e judiciário — planar depoimento declaração frase solto n sentir certo hostilidade executivo o instabilizar o vidar institucional país analisar o sociedade avançar democraticamente e institucionalmente entender princípio separação elemento conceitual repúblico e democracia cláusula pétreo funcionar permanentemente preferência harmonia o harmonia o independência permanecer acrescentar,saúde,22/04/2020 13h28 ,22/04/2020 13h28 ,https://noticias.uol.com.br/politica/ultimas-noticias/2020/04/22/ayres-britto-nao-ve-abalo-entre-poderes-gilmar-aponta-bolsonaro-angustiado.htm,1
10539,Festas secretas desafiam lei e pandemia em Berlim  ,,apesar clube capital alemão fechar haver dever covid-19 aglomeração secreto organizar telegram d reunir semana max nome alterar proteger o anonimato verificar o localização geográfico google maps o festa algum penetrar parque noroeste berlim horar manhã e poste luzir apagar iluminar o lanterna bolsar olhar regularmente o tela telefonar alfinetar destinar desejar noite quentar julho max provavelmente filar entrar clube berlim frequentador assíduo festa techno o ajudar o lidar o estresse trabalhar o sexta-feira o jovem ano gerente empresar tecnologia quase o nenhum clube portar fechar e o recear onda pandemia coronavírus haver sinal abrir significar festa acabar simplesmente mudar raves mantido secretamente parque florestar e prédio abandonar o cidade d exatamente o max procurar amigar convidar telegram pessoa postar informação raves explicar percorrer d chats celular,saúde,30/07/2020 05h53 ,Tatiana Kondratenko,https://noticias.uol.com.br/ultimas-noticias/deutschewelle/2020/07/30/festas-secretas-desafiam-lei-e-pandemia-em-berlim.htm,1
10540,guilherme boulos o twitter suar esposo dormir o prefeito paulo,é verdade que o candidato à prefeito de são paulo escreveu em seu twitter que sua esposa ia dormir com o próximo prefeito da cidade?,o imagem compartilhar rede social e site e blogs semana novembro o o dia – turno eleição municipal d ano,política,1/12/20201,gilmar lopes,https://www.e-farsas.com/guilherme-boulos-disse-no-twitter-que-sua-esposa-ia-dormir-com-o-proximo-prefeito-de-sao-paulo.html,0
10541,Use máscara! Turma da Mônica se une a ONU em campanha por proteção  ,,cansar ouvir reforçar máscara atar amor o o proteger e o o redor infecção coronavírus entanto gente desrespeitar norma pensar n e o compromisso disseminar orientação e informação educativo cuidar tomar o proteção o covid-19 o turma mônica unir o campanha verificar iniciativo onu organização nação unir combater o desinformação n pandemia,saúde,02/09/2020 10h09 ,02/09/2020 10h09 ,https://www.uol.com.br/vivabem/noticias/redacao/2020/09/02/use-mascara-turma-da-monica-se-une-a-onu-em-campanha-por-protecao.htm,1
10542,Vacina que teve estudos suspensos no Peru não é a mesma testada no Brasil,,site publicar noto mencionar tratar vacinar testar brasil e produzir instituto butantan o levar leitor o manifestar o coronavac comentário dia o site editar o texto incluir o referência o o laboratório sinopharm,saúde,2020/12/14,Comprova,https://projetocomprova.com.br/publicações/vacina-que-teve-estudos-suspensos-no-peru-nao-e-a-mesma-testada-no-brasil/,0
10543,"

Centro Kennedy tem cursos gratuitos (maquiagem, inglês, espanhol etc) para 2019 #boato 
","Boato – Em São Bernardo (SP), Centro Kennedy oferece cursos de maquiagem, inglês, espanhol e outros de forma gratuita para o ano de 2019. ",curso gratuito centrar kennedy – maquiagem – designer sobrancelha – inglês – espanhol – informático word excel power point – dançar – massagem matrícula feito matrícula rematrícula mediante xerox rg cpf comprov endereçar comprov render e foto 3x4 av rir janeiro – bernardo fone 3272.7224,brasil,14/10/2019,"
Kyene Becker ",https://www.boatos.org/brasil/centro-kennedy-cursos-gratuitos-maquiagem-ingles-espanhol.html,0
10544,É #FAKE que vídeo mostre policiais agredindo cidadãos por descumprirem isolamento social na Turquia,"Imagens são antigas. Elas foram feitas em 2019 e registradas, na verdade, no Arzebaijão. Não há nenhuma relação com a pandemia do coronavírus. Trata-se de uma repressão policial durante um comício.",circular rede social vídeo policiar prender e arrastar cidadão escolhido aleatoriamente multidão legendar acompanhar o vídeo afirmar imagem mostrar o turquia lidar cidadão cumprir o isolamento social o vídeo gravar turquia tampouco o pandemia coronavírus verdade imagem mostrar o ação brutal policiar arzebaijão outubro o símbolo aparecer alto vídeo estação televisão descrever o evento repressão policial durante comício o evento registrar bbc reuters e radiofree europe,entretenimento, 14/04/2020, Por G1 ,https://g1.globo.com/fato-ou-fake/coronavirus/noticia/2020/04/14/e-fake-que-video-mostre-policiais-agredindo-cidadaos-por-descumprirem-isolamento-social-na-turquia.ghtml,0
10545,É #FAKE que foto mostre flor rara do Himalaia que só floresce a cada 400 anos,"Imagem tem bombado nas redes. Flor, na verdade, é um cacto presente em desertos do México e dos EUA e que desabrocha todos os anos.",foto flor juntar mensagem espécie raro florescer o ano himalaia bombado rede social o texto fake o flor himalaia o famoso cordilheira passar país e o montanha alto mundo o everest trata-se verdade cacto saguaro nome científico carnegiea gigantea o espécie encontrar deserto méxico e eua,entretenimento, 04/10/2019, Por G1 ,https://g1.globo.com/fato-ou-fake/noticia/2019/10/04/e-fake-que-foto-mostre-flor-rara-do-himalaia-que-so-floresce-a-cada-400-anos.ghtml,0
10546,Demarcação de terra indígena em RR não tem relação com arroz mais caro  ,,"o conteúdo vídeo relacionar o alto preço arroz ocorrido n ano o demarcação terra indígena raposar serrar sol localizar roraima.a terra indígena identificar fundação nacional índio funai demarcar governar fernando henrique cardoso psdb e homologar presidente luiz inácio lula silvar pt corroborar decisão supremo tribunal federal stf o demarcação promover o expulsão arrozeiro região e o quedo produção grão roraima alegar imagem o vídeo entanto levar contar o arroz produzir roraima representar 0,79 safra brasileiro médio ano homologação e desconsiderar agricultor preferir investir soja dever rentabilidade",brasil,30/09/2020 19h37 ,Anúncio de reabertura de orla foi feito um dia após homem implorar em praia  ,https://noticias.uol.com.br/comprova/ultimas-noticias/2020/09/30/demarcacao-de-terra-indigena-em-rr-nao-tem-relacao-com-arroz-mais-caro.htm,0
10547,Sesc-DF abre licitação para comprar 100 mil doses de vacina de covid-19  ,,o sesc serviço social comércio distrito federal abrir processar licitação comprar vacinar o covid-19 especificar o imunizante o concorrência o processar aberto terça-feira nenhum laboratório pedir autorização anvisa emergencial voltar o específico o registrar vacinar o população o aval agência regulador condição aplicação dose brasil o presidente fecomércio-df entidade coordenar o sesc brasília francisco maio o aplicação dose prioritário comerciários,saúde,05/01/2021 15h25Atualizada em 05/01/2021 15h29 ,Guilherme Mazieiro,https://noticias.uol.com.br/saude/ultimas-noticias/redacao/2021/01/05/sesc-df-abre-licitacao-para-comprar-100-mil-doses-de-vacina-de-covid-19.htm,1
10548,É #FAKE cartaz que anuncia vacinação prioritária de homossexuais contra a Covid-19,"Boato tem circulado em várias cidades. Prefeituras de Jacareí, Belém e Bom Jesus da Lapa desmentem cartaz que circula nas redes sociais. Há também uma versão do cartaz sem indicação do local e data da vacinação.",circular rede social cartaz logotipo prefeitura belém pa jacareí sp e jesus lapa ba anunciar o abertura vacinação o covid-19 homossexual o prefeitura jacareí afirmar o informação fake e divulgação campanha vacinação o covid-19 divulgar canal oficiar prefeitura jacareí o prefeitura belém igualmente afirmar falsar o cartaz circular rede social o vacinação homossexual o prefeitura tomar conhecimento casar produzir desmentir circular aplicativo mensagem instantâneo,saúde, 17/05/2021," Por Roney Domingos, G1 ",https://g1.globo.com/fato-ou-fake/coronavirus/noticia/2021/05/17/e-fake-cartaz-que-anuncia-vacinacao-prioritaria-de-homossexuais-contra-a-covid-19.ghtml,0
10549,Oposição vai ao STF para que governo Bolsonaro explique planos sobre vacina  ,,oposição entrar ação stf supremo tribunal federal pedir o governar presidente jair bolsonaro apresentar dia plano vacinar e medicamento o coronavírus o documentar assinar pt pcdob psol psb e cidadania pedir o governar segurança científico o procedimento administrativo indispensável ... providenciar o aquisição vacinar e medicamento admitir e aprovar agência vigilância sanitário oposição o pedir stf protocolado início madrugar hoje o ação bolsonaro desautorizar o ministrar saudar eduardo pazuello o comprar milhão dose vacinar coronavac juntar o o instituto butantan o oposição o atar bolsonaro militar o vidar pessoa,política,23/10/2020 08h55 ,Nathan Lopes,https://noticias.uol.com.br/saude/ultimas-noticias/redacao/2020/10/23/oposicao-stf-vacina-coronavac-bolsonaro.htm,1
10550,"
  Médicos não foram proibidos de prescrever tratamentos sem eficácia comprovada anti-covid","Circula nas redes sociais desde 16 de março um vídeo no qual um homem que não se identifica denuncia que os infectologistas brasileiros assinaram um documento em que se comprometeram a não prescrever o chamado “tratamento precoce” contra a covid-19. Essa alegação, compartilhada mais de 1.300 vezes, é falsa. Apesar de alertarem para a falta de evidência científica desse tipo de medicação, o Ministério da Saúde e a Sociedade Brasileira de Infectologia negaram a existência da proibição.  Envie-nos por WhatsApp Email",“ denúncia gravar o associação brasileiro infectologia abi o integrante e presidente o pai boulos o pai boulos e bancada pfizer e d pseudoassociação proibir infectologistas parecer ” publicação compartilhar twitter e facebook o denúncia principal vídeo o duração minuto e o médico assinar documentar suposto associação brasileiro infectologistas proibir prescrever o chamar “ tratamento precoce ” compor medicamento comprovação científico cloroquina hidroxicloroquina azitromicina e ivermectina “ o associação brasileiro infectologistas infectologistas assinar documentar ficar proibir medicar o tratamento precoce ” o homem vídeo,brasil,25/03/2021 às 15:19,AFP Brasil,https://checamos.afp.com//medicos-nao-foram-proibidos-de-prescrever-tratamentos-sem-eficacia-comprovada-anti-covid,0
10551,Mandetta e Gilmar Mendes reagem a postagem racista da deputada Bia Kicis  ,,o ex-ministro saudar luiz henrique mandetta reagir montagem o deputar bia kicis psl-df publicar rede social d domingo rosto ex-ministro sérgio morar justiçar e mandetta saudar pintar negro sugerir buscar vago empregar redar magazine luiza referência o o programar trainee negro anunciar empresar procurar estadão mandetta declarar mensagem racista nauseabundo chulo pequeno inútil abjeta racista telefonar afirmar lamentar profundamente parlamentar prestar o provocação ... n citar o nome bia kicis o ministrar supremo tribunal federal gilmar mendes o o twitter criticar manifestação racismo o preconceito racial chagar tradição colonial iniciativo iniciativo privar visar o reparar o história segregação população negro louvar jamais achincalhar racismo crime e fomentá-lo escrever gilmar ... ler íntegro estadão,política,28/09/2020 17h21 ,28/09/2020 17h21 ,https://noticias.uol.com.br/colunas/reinaldo-azevedo/2020/09/28/mandetta-e-gilmar-mendes-reagem-a-postagem-racista-da-deputada-bia-kicis.htm,1
10552,Sabotagem do governo Bolsonaro atrasou vacinação de mais de 2 milhões  ,,"o governar bolsonaro ignorar o proposto vender vacinar pfizer agostar cercar 1,5 milhão dose entregue dezembro e milhão março d ano 4,5 milhão dose 2,2 milhão pessoa vacinar dose e dezena milhar enterro evitar informação prestar n cpi pandemia carlos murillo gerente-geral farmacêutico o américa latino o ofertar confirmar chefe secretariar comunicação social presidência repúblico fabio wajngarten revisto n enrolar o comissão preservar o chefe acabar entregar provar o cartar proposto recebido e ignorar",política,13/05/2021 16h59 ,13/05/2021 16h59 ,https://noticias.uol.com.br/colunas/leonardo-sakamoto/2021/05/13/na-cpi-pfizer-confirma-que-governo-sabotou-vacinacao-o-que-custou-vidas.htm,1
10553,Qual foi a 'mutreta' que Lula acusa Globo de ter feito nas eleições de 1989,,daniel palomar splash paulo 10/03/2021 13h43,política,10/03/2021 13h43 ,Daniel Palomares,https://www.uol.com.br/splash/noticias/2021/03/10/qual-foi-a-mutreta-que-lula-acusa-globo-de-ter-feito-nas-eleicoes-de-1989.htm,1
10554,Abin não identificou terroristas de Venezuela e Cuba ligados a Brumadinho  ,,"mensagem circular aplicativo mensagem encontrar o causar real o rompimento barragem brumadinho"",na região metropolitano belo horizonte sexta-feira acordar o texto o abin agência brasileiro inteligência investigar o envolvimento estrangeiro -- venezuelano e cubano --no desastre causadopor atentar terrorista fonte ligar abin confirmar n o polícia rodoviário federal deter próximoà cidade itaguará cercar km brumadinho venezuelano e cubano",brasil,28/01/2019 16h22 ,Lucas Borges Teixeira,https://noticias.uol.com.br/confere/ultimas-noticias/2019/01/28/barragem-brumadinho-mg-venezuelanos-cubanos-ataque-terrorista-terrorismo.htm,0
10555,"""Precisamos de políticas públicas para evitar uma nova pandemia"", diz especialista em mudanças climáticas ","Vice-presidente da Academia Brasileira de Ciência alerta que a Amazônia abriga vírus desconhecidos que podem infectar as pessoas com o desmatamento. Ele diz que foi encontrado na floresta pelo menos oito variantes do Sars-CoV-2 recentemente, sendo algumas são novas e que ainda não haviam sido descritas no Brasil.",desmatamento tráfico animar e político público manter equilibrar o o homem e o ambientar favorecer o surgimento pandemia século o amazônia e biodiversidade abundante negligenciar forte candidato o celeiro d doença adalberto pesquisador experiente e respeitar amazônia vice-presidente academiar brasileiro ciência abc o região norte atua instituto nacional pesquisar amazônia inpa haver ano comandar moderno laboratório e produtivo equipar região receber pesquisador mundo inteirar buscar compreensão o florestar tropical mundo sobreviver futurar o brasil cometer erro comprometer o lutar doença colocar o mundo pandemia deixar passar o boiar o pra gente aumentar processo transmissão vírus florestar o homem destacar,ciência, 25/11/2020 13h08 ," Por Izabel Santos, Deutsche Welle ",https://g1.globo.com/ciencia-e-saude/noticia/2020/11/25/precisamos-de-politicas-publicas-para-evitar-uma-nova-pandemia-diz-especialista-em-mudancas-climaticas.ghtml,1
10556,Alemanha registra duas primeiras mortes por coronavírus  ,,o alemanha registrar n segunda-feira morte decorrência coronavírus matar quase pessoa e infectar o o o mundo autoridade distrito heinsberg e cidade essen citar agência alemão dpa óbito ocorrer renânia norte-vestfália vítima idoso ano o diagnosticar o covid-19 terça-feira 3).hoje o instituto robert koch informar o contaminação doença país subir 1.112 o o pessoa colocar quarentenar suspeito escola o ministrar saudar recomendar o cancelamento evento público dever crise coronavírus sessão plenário parlamentar europeu reduzir e realizar hoje e amanhã o medir decidir durante reunião extraordinário inicialmente agendar estrasburgo transferir bruxelas assunto debatido n dia o dia internacional mulher o epidemiar coronavírus o crise imigratório o grécia,saúde,09/03/2020 14h19 ,09/03/2020 14h19 ,https://noticias.uol.com.br/saude/ultimas-noticias/redacao/2020/03/09/alemanha-registra-duas-primeiras-mortes-por-coronavirus.htm,1
10557,Donos de bares e restaurantes paulistanos demonstram cautela em retomada  ,,otimismo desconfiança prudência o triste constatação reações proprietário e gestor bar e restaurante viver o expectativa reabertura controlar negócio o anúncio oficial acontecer sexta-feira o previsão estabelecimento autorizar o abrir portar o dia esquinar famoso cidade cruzamento ipiranga o joão o bar brahma atravessar o quarentenar o estabelecimento investir serviço delivery d o brahma precisar lidar fake news sentenciar o fechamento durante o pandemia covid-19 inventar falar aluguel r$ ... verdade ansioso comemorar ano bar o gestor anderson moraes o expectativa o bar reabrir limitação imposto prefeitura o julho o decisão abrir semana moraes mexer gargalo estruturar reformar encanamento e banheiro o o reabrir o brahma operar capacidade o distanciamento mesa e o primordial terraço e externo o cardápio adaptação atender cliente o brahma o expectativa retomar atividades semana outro endereçar histórico cidade avaliar o viabilidade reabertura facundo guerra proprietário riviera bar existir segurança reabertura casar confuso entender o pressão abrir pessoa seguro frequentar bar e restaurante visto prático o abertura semana inviável precisar recontratar brigar funcionário treinar funcionário refazer cardápio ... enumerar facundo o faturamento loja e shopping reabrir e abrir operação representar aprofundamento e alívio prejuízo o casar aberto perder o possibilidade negociar o aluguel e,saúde,01/07/2020 13h57 ,Gilberto Amendola,https://www.uol.com.br/nossa/noticias/agencia-estado/2020/07/01/donos-de-bares-e-restaurantes-paulistanos-demonstram-cautela-em-retomada.htm,1
10558,"

Jovem que foi humilhado por garotas no Bob’s ganhou uma bolsa de estudos #boato 
","Boato – Depois de ser humilhado por duas garotas enquanto trabalhava na lanchonete Bob’s e ter vídeo divulgado, jovem ganhou uma bolsa de estudos na Unisuam (faculdade em que estuda uma das meninas).",o unisuam bolsar estudo o o jovem humilhar menino bob ’ s informação parabém unisuam gesto junto voar alto dá-lhe coruja!a faculdade unisuam bolsar estudo o jovem humilhar menino bob ’ s parabém melhor noticiar dia versão acabar receber o informação o unisuam bolsar estudo o jovem humilhar menino bobs parabém,brasil,05/04/2019,"
Edgard Matsuki ",https://www.boatos.org/brasil/jovem-humilhado-bobs-bolsa-estudos.html,0
10559,Covas é principal alvo de debate e titubeia para falar de Doria  ,,"demorar o prefeito paulo e candidatar reeleição brunir cova psdb perceber papel debater o alvo perguntar precisar explicar suspeito viçar ricardo nunes mdb creche afirmar confiar parceiro chapar o vereador ricardo nunes ano mandatar responder o nenhum processar judicial haver denúncia responder judiciário durante gestão descredenciamos economizar r$ 7,7 milhão contar revisão aluguel haver descredencie o trabalhar ricardo nunes sequência o candidatar guilherme boulos psol incluir o governador joão doria psdb converso querer o rival colocar o mão fogo doria o perguntar capcioso o governador aparecer índice ruim mau pesquisar ibope d semana",política,11/11/2020 12h02Atualizada em 11/11/2020 16h15 ,Felipe Pereira,https://noticias.uol.com.br/eleicoes/2020/11/11/covas-e-principal-alvo-de-debate-e-titubeia-para-falar-de-doria.htm,1
10560,"

Lula é recebido em Recife sob os gritos de “o ladrão chegou”, mostra vídeo #boato 
","Lula é recebido em Recife sob os gritos de “o ladrão chegou”, mostra vídeo #boato","o recife o o aeroporto internacional guararapes receber lula o recepção caloroso versão o ladrão chegar o lula ladrão chegar o recife hoje o o aeroporto internacional guararapes receber “ o dedos”,lula o recepção o o grito “ o ladrão chegar conferir o vídeo",política,16/08/2021,"
Edgard Matsuki ",https://www.boatos.org/politica/lula-recebido-em-recife-sob-gritos-ladrao-chegou-video.html,0
10561,Itamaraty irá manter lealdade a Trump até o final do processo  ,,o governar brasileiro mostrar leal o o presidente donald trump o processar o definição resultar eleitoral arrastar tribunal eua itamaraty o orientação haver manifestação casar joe biden atingir voto colégio eleitoral mágico garantir o vitória salvar o presidente americano reconhecer derrotar governar brasileiro desculpar legalista mostrar sinal aceitação imediato resultar urna trump fato abrir guerra jurídico manter o itamaraty justificar o processar concluir e antecipar o decisão doméstico outro país o diplomacia fato recomendar posturar não-ingerência o governar brasileiro optar meter eleição argentino criticar manifestante chile e envolver diretamente caos constitucional bolívia claro contar o decisão governar brasileiro reconhecer juan guaidó o auto-proclamado presidente venezuela,política,05/11/2020 05h35 ,05/11/2020 05h35 ,https://noticias.uol.com.br/colunas/jamil-chade/2020/11/05/itamaraty-ira-manter-lealdade-a-trump-ate-o-final-do-processo.htm,1
10562,foto mostrar o público rock in rir deixar tonelada lixar verdade,,o imagem surgir o redar social o setembro o noite abertura rock in rir festival começar o dia o rir janeiro o cena mostrar o gramar repletar sujeira e o texto acompanhar o imagem afirmar o público – gritar “ salvar o amazônia ” o deixar cercar tonelada lixar parir degradar o mear ambientar,entretenimento,30/09/2019,gilmar lopes,https://www.e-farsas.com/foto-mostra-que-o-publico-do-rock-in-rio-2019-deixou-toneladas-de-lixo-sera-verdade.html,0
10563,Previsão de furacão para Santa Catarina e Rio Grande do Sul é falsa  ,,circular whatsapp diferente áudio alertar o população santo catarino e rir sul o chegar furacão mensagem o pessoa gravar o áudio explicar o fenômeno formar alto mar ciclone extratropical chegar o o continente furacão o velocidade inicial km h o possibilidade termo outro catarino hoje amanhã e sábado o informação atribuir o o instituto nacional meteorologia inmet e o o pessoal unir n áudio o indivíduo contar marino torre rs funcionário trancar lanchar lacrar portar e pregar madeirar o mensagem recomendar morar mar fechar o casar e cuidar,brasil,31/01/2019 12h32 ,Anita Grando Martins,https://noticias.uol.com.br/confere/ultimas-noticias/2019/01/31/previsao-de-furacao-para-santa-catarina-e-rio-grande-do-sul-e-falsa.htm,0
10564,CIA não classificou Foro de São Paulo como grupo terrorista milionário  ,,espantar algum parente vir alertar o brasil abrigar organização terrorista rico mundo.a suposto lista ciar agência central inteligência eua circular whatsapp o foro paulo verdadeiro,brasil,15/12/2019 04h01 ,"Colaboração para o UOL, em São Paulo",https://noticias.uol.com.br/confere/ultimas-noticias/2019/12/15/cia-nao-classificou-foro-de-sao-paulo-como-grupo-terrorista-milionario.htm,0
10565,Consumo de ultraprocessados cresce no Norte e Nordeste durante pandemia  ,,mudança comportamento proteger o covid-19 o população brasileiro mudar hábito alimentar durante o pandemia coronavírus estudar realizar participante coorte nutrinet brasil identificar aumentar consumir frutar hortaliça e feijão o população região norte e nordeste país haver crescimento consumir alimento ultraprocessados pessoa chegar universidade ultraprocessados relacionar o o desenvolvimento doença crônicas impactar letalidade covid-19 alimento saudável aumentar mecanismo defeso organismo o doença mudança hábito pandemia provir estudar coorte nutrinet brasil criar nupens núcleo pesquisar epidemiológico nutrição e saudar usp universidade paulo o proposto investigar prospectivamente o população adulto padrão alimentação praticar região brasileiro e o incidência doença crônicas responsável morte brasileiro e ano idade incluir o diabete doença cardiovascular e o câncer identificar mudança hábito alimentar pandemia o estudar delimitar período o janeiro e fevereiro e o e maio artigo o temer mudança alimentação coorte nutrinet brasil vigência covid-19 publicar agostar revisto saudar público plataforma digital pesquisar participante coorte nutrinet brasil responder questionário o consumir dia anterior alimento saudável hortaliça frutar e leguminoso e saudável ultraprocessados e durante o pandemia,saúde,16/08/2020 04h00 ,Ivanir Ferreira,https://www.uol.com.br/vivabem/noticias/redacao/2020/08/16/consumo-de-ultraprocessados-cresce-no-norte-e-nordeste-durante-pandemia.htm,1
10566,fake nóis o verdade sobrar o triângulo bermuda,,o triângulo bermuda umar cercar milhão quilômetros quadrar ficar entrar o flórido portar rico e o ilhar bermuda km quadrar n triângulo segundar o crença popular navio avião e pessoa desaparecer misteriosamente nenhum vestígio d,entretenimento,11/03/2020,gilmar lopes,https://www.e-farsas.com/fake-em-nois-a-verdade-sobre-o-triangulo-das-bermudas.html,0
10567,Câmara de São Paulo aprova em 1ª votação o fim do salário-esposa  ,,"o câmara vereador paulo aprovar o projeto lei acabar o salário-esposa pagar o servidor homem mulher trabalhar o temer passar votação o benefício pagar o r$ 3,39 o servidor contar anual gerar gastar r$ o projeto lei propor vereador soninha francine cidadania e preciso passar votação aprovar seguir sanção prefeito brunir cova psdb",política,16/07/2020 12h32Atualizada em 16/07/2020 13h16 ,16/07/2020 12h32Atualizada em 16/07/2020 13h16 ,https://noticias.uol.com.br/politica/ultimas-noticias/2020/07/16/camara-de-sp-aprova-projeto-que-acaba-com-salario-esposa.htm,1
10568,Cloroquina: sociedade de infectologia rebate procurador negacionista  ,,o sociedade brasileiro infectologia sbi reafirmar respostar o inquérito civil ministério público federal goiá dia haver indicação científico tratamento precoce covid-19 e o hidroxicloroquina funcionar o doença questionamento mpf goiá feito o sbi divulgar dia d resumir recomendação médico o covid-19 incluir atualizações o o ciência diagnóstico tratamento e vacinar o sbi afirmar recomendar o tratamento farmacológico precoce covid-19 medicamentar cloroquina hidroxicloroquina ivermectina azitromicina nitazoxanida corticoide zincar vitaminar anticoagulante ozônio retal dióxido cloro estudo clínico randomizados controlo existente o mostrar benefício e d d medicamento causar efeito colateral,saúde,18/12/2020 12h36 ,18/12/2020 12h36 ,https://noticias.uol.com.br/colunas/diogo-schelp/2020/12/18/cloroquina-sociedade-de-infectologia-rebate-procurador-negacionista.htm,1
10569,Vacinação nos EUA já chega a lares de idosos  ,,família parente lar idoso unir o aprovação emergência vacinar covid-19 adicionar paz espírito o o ano difícil residente e funcionário d instituição filar e condado pinellas autoridade começar o administrar vacinar órgão saudar unir o processar visitar o lar idoso administrar o vacinar pfizer semana semana autoridade saudar condado pinellas começar o ampliar o vacinação o medicamentar pfizer dezena residente e funcionário lar idoso receber o injeção e instalação grand villa lista achar o o canal tv fox13 john venturella mãe ano dolores morar grand villa petersburgo,saúde,19/12/2020 14h26 ,19/12/2020 14h26 ,https://noticias.uol.com.br/internacional/ultimas-noticias/2020/12/19/familias-isoladas-por-covid-19-aguardam-visitas-pos-vacina.htm,1
10570,"
  Foto de Lula em jatinho circula como se fosse de 2021 em Brasília, mas foi feita em 2017 em Curitiba","Uma foto do ex-presidente Lula saindo de um jatinho foi compartilhada mais de 10,5 mil vezes nas redes sociais desde o último dia 3 de maio como se fosse um registro de sua chegada a Brasília em 2021. Mas a imagem é antiga. Na verdade, a foto foi feita por um fotógrafo da AFP em maio de 2017 em Curitiba. Envie-nos por WhatsApp Email",“ lula chegar jatinho fretar o brasília e fugir imprensar ” o trecho publicação compartilhar facebook e twitter alegação semelhante circular site o afirmação começar o circular o ex-presidente desembarcar maio brasília reunir dia liderança partidário viagem político o plenário supremo tribunal federal confirmar o anulação condenação âmbito operação lavar jato,brasil,12/05/2021 às 19:54,AFP Brasil,https://checamos.afp.com//foto-de-lula-em-jatinho-circula-como-se-fosse-de-2021-em-brasilia-mas-foi-feita-em-2017-em-curitiba,0
10571,Celular roubado ou perdido: o que você deve fazer para proteger seus dados ou até recuperar seu aparelho,Tira-dúvidas explica os 8 passos que você deve tomar após ter seu celular extraviado.,algum dúvida segurança informação antivírus invasão cibercrime roubar etc enviar e-mail g1seguranca o coluna responder perguntar deixar leitor s terço e quintas-feiras perder celular shopping belo horizonte b.o o imei bh pra conseguir autorização judicial rastreá-lo – ruth ruth o rastreamento smartphones depender operador – o android o ios possuir função rastreamento gps telefone simples achar haver algum chance reaver aparelhar casar perda acidental ligar o e esperar alguém atender obter informação recuperá-lo rastrear o aparelhar operador provavelmente resultar o rastreamento direto redar móvel precisão suficiente recuperar o telefonar,política, 29/12/2020 07h00 , ,https://g1.globo.com/economia/tecnologia/blog/altieres-rohr/post/2020/12/29/celular-roubado-ou-perdido-o-que-voce-deve-fazer-para-proteger-seus-dados-ou-ate-recuperar-seu-aparelho.ghtml,1
10572,Biden nomeia autoridade em pandemia para nova equipe de segurança nacional  ,,wilmington delaware reuters o presidente eleito unir joe biden planeja adicionar autoridade sênior supervisionar o segurança saudar global o o reformular o segurança nacional casar branco restaurar função cortar governar trump pandemia covid-19 informar gabinete comunicar sexta-feira biden passar campanha presidencial argumentar o decisão equipar presidente donald trump dissolver voltar o biodefesa deixar o país despreparado o coronavírus elizabeth cameron biólogo liderar o pandêmico dissolução retornar atuar diretora sênior equipar biden preparar estratégia o esperar reduzir o mortalidade e doença causar pandemia continuar o assolar unir afirmar o comunicar,saúde,08/01/2021 15h20Atualizada em 08/01/2021 15h39 ,Trevor Hunnicutt,https://noticias.uol.com.br/ultimas-noticias/reuters/2021/01/08/biden-nomeia-autoridade-em-pandemia-para-nova-equipe-de-seguranca-nacional.htm,1
10573,"
  Este espectáculo na Torre Eiffel é de 2019 e não uma homenagem às vítimas do novo coronavírus","“Reabertura da iluminação da Torre Eiffel”, asseguram publicações nas redes sociais que mostram um vídeo, compartilhado dezenas de vezes desde o último dia 31 de maio, com a afirmação de que se trata de “uma homenagem da França às vítimas da COVID-19”. A gravação é real, mas corresponde a um show de luzes realizado em maio de 2019 pela celebração dos 130 anos do famoso monumento conhecido como “Dama de Ferro”.Envie-nos por WhatsApp Email",“ lágrima vítima covid-19 reabertura iluminação torrar eiffel homenagem frança s vítima covid determinar homenagem o torrar derramar lágrima sic ” indicar o mensagem compartilhar facebook acompanhar o vídeo publicação similar o vídeo circular n redar social instagram twitter e youtube o gravação circular milhar espanhol mensagem afirmar tradução livrar “ cheio símbolo o som vídeo drone ouvir ventilador conectar imagem monitor oxigênio e barulho o sirene e o lágrima paciente morrer o relógio representar o o valioso terra e o imagem subir luzir representar almo morrer o o subir o o céu ”,saúde,6/07/2020 às 15:35,"AFP Colombia, AFP Brasil",https://checamos.afp.com//este-espectaculo-na-torre-eiffel-e-de-2019-e-nao-uma-homenagem-vitimas-do-novo-coronavirus,0
10574,Vacinas empurram descaso para o Código Penal  ,,claro o crise sanitário mudar patamar o brasileiro comemorar o declínio contágio o coronavírus voltar o agir o médio móvel morte registrar aumentar o país o repetir o marcar morte dia o total vidar perdido o início pandemia encaminhar rapidamente o marcar flagelar precedente história diretos jair bolsonaro bem-posto fotografia reposicionar reconhecer governar cair buracar o reconhecimento resolver o problema evitar o presidente continuar jogar terra si e brasileiro o julgar viagem o o rir sul bolsonaro receber o visitar autocrítica declarar viver o pandemia voltar o citar o hidroxicloroquina elixir anti-covid didáticos o fantasiar bolsonaro visto esquisitice extravagância idiossincrasia o paixão presidente cloroquina tratar evidência o diferençar o genialidade e o estupidez o genialidade limite instante o reinar unir inaugurar o fase imunização o encrencar ganhar contorno,política,11/12/2020 04h55 ,11/12/2020 04h55 ,https://noticias.uol.com.br/colunas/josias-de-souza/2020/12/11/vacinas-empurram-descaso-para-o-codigo-penal.htm,1
10575,o cut o mst e o intelectual esquerdo ajudar brumadinho,"publicações espalhadas nas redes sociais cobram a ajuda da cut, do mst e dos “intelectuais da esquerda caviar” no desastre em brumadinho! eles estão ajudando ou não?",janeiro diverso publicação começar o espalhar rede social pessoa cobrar o ajudar sociedade o compartilhar ajudar desastre ocorrer cidade mineiro brumadinho,política,29/01/2019,gilmar lopes,https://www.e-farsas.com/a-cut-o-mst-e-os-intelectuais-da-esquerda-foram-ajudar-em-brumadinho.html,0
10576,"Saúde na Hora: R$ 1,7 bilhão está disponível, mas apenas 7% dos municípios participam do programa",,"Dos cerca de 42 mil postos de saúde espalhados por todo o país, 1.987 ampliaram o horário de atendimento à população Para reforçar o atendimento durante a Emergência de Saúde Pública de Importância Nacional pela COVID-19, o Governo do Brasil facilitou a adesão dos municípios ao programa Saúde na Hora, que amplia repasses mensais a postos de saúde que estenderem o horário de atendimento à população. No início de março, o Ministério da Saúde anunciou a flexibilização de alguns critérios para que todos os cerca de 42 mil postos de saúde espalhados pelo Brasil pudessem participar do programa. No período de um mês, o Ministério da Saúde recebeu menos de 300 novas solicitações de adesão para que postos de saúde possam abrir as portas por mais tempo para prestar assistência à população. Atualmente, 1.987 (5%) postos de saúde participam do programa, em 387 (7%) municípios. Deste total, até o momento, 900 deles começaram a funcionar com horário ampliado, sendo os estados com os maiores números de adesão ao programa São Paulo, com 407 unidades de saúde, e Minas Gerais, com 288. Caso todos os postos de saúde (1.987) que aderiram ao programa já estivessem funcionando por mais tempo, o investimento federal chegaria a R$ 53,7 milhões de um total R$ 1,7 bilhão disponibilizado para o programa. Desta forma, mais de 40 milhões de brasileiros seriam beneficiados.",saúde,14/04/2020 21h50,"Por Nicole Beraldo, da Agência Saúde Atendimento à imprensa (61) 3315-3713 / 3580 / 2351",https://www.gov.br/saude/pt-br/assuntos/noticias/saude-na-hora-r-1-7-bilhao-esta-disponivel-mas-apenas-7-dos-municipios-participam-do-programa,1
10577,Estudo da Fiocruz: RJ precisa redistribuir polos de atendimento de covid-19  ,,"estudar fiocruz fundação oswaldo cruz problema o rir janeiro realizar atendimento paciente covid-19 o concentração atendimento caso grave capital e o deslocamento pessoa município rir o parecer divulgar noto técnico programar avaliação desempenhar saudar proadess fiocruz o estudar o necessidade repensar o regionalização atendimento o noto técnico internação covid-19 acontecer cidade rir janeiro 87,2 internação residente haver afluxo município baixar fluminense iguaçu responder 2,4 internação capital o absoluto semelhante o o internar município o distribuição recurso especialmente leito uti o idear repensar o regionalização atendimento saudar evitar deslocamento pessoa e concentração demandar atenção município acontecer principalmente rir janeiro capital explicar ricardo dantas coordenador proadess",saúde,17/07/2020 12h00 ,17/07/2020 12h00 ,https://noticias.uol.com.br/saude/ultimas-noticias/redacao/2020/07/17/fiocruz-aponta-falhas-em-atendimento-no-rj.htm,1
10578,Governo foi infectado pelo vírus da falta de nexo  ,,"matéria tratamento covid-19 o governar brasileiro oscilar o mundo lua e o realidade dia jair bolsonaro atacar o rival joão doria e o vacinar chinês testar instituto butantã defender o liberdade brasileiro vacinar dia seguinte o ministério saudar confirmar parceria o governar paulo adquirir milhão dose vacinar coronavac imunizar brasileiro residir medir provisório abrir crédito orçamentário r$ 1,9 bilião instante o presidente oferecer cloroquina ema jardim alvorar cobrar o óbvio necessidade comprovação científico eficácia vacinar horar o bolsonaro presidir solenidade marco ponte o ministrar astronauta ciência e tecnologia definitivo o eficácia vermífugo combater o o vírus definir cientificamente abril marco ponte haver trombetear o estonteante boa-nova medicamentar potencial anular 93,4 pujança coronavírus declarar o resultar pesquisar revelar maio decorrido o ministrar ornamentar exposição solenidade comandar bolsonaro gráfico mentira disponível internet sinal estudar científico o ministrar alegar aguardar o publicação resultar revisto científico",política,20/10/2020 19h39 ,20/10/2020 19h39 ,https://noticias.uol.com.br/colunas/josias-de-souza/2020/10/20/governo-foi-infectado-pelo-virus-da-falta-de-nexo.htm,1
10579,Pagamento do novo auxílio emergencial deve começar apenas em abril  ,,o rodar auxílio emergencial pago o abril médio r$ o mp medir provisório regrar benefício publicar semana o promulgação pec proposto emendar constitucional emergencial o governar e o cúpula congresso chegar o prever o auxílio pagar o março duração junho atrasar votação pec e operacional adiar repasse ... ler íntegro folhar,política,12/03/2021 19h59 ,12/03/2021 19h59 ,https://noticias.uol.com.br/colunas/reinaldo-azevedo/2021/03/12/pagamento-do-novo-auxilio-emergencial-deve-comecar-apenas-em-abril.htm,1
10580,"

Site dá pacote de Internet 3G para quem compartilha no WhatsApp #boato 
",Boato – Site dá pacotes de dados de internet 3G para quem compartilha mensagem no WhatsApp e informa número do celular.,ganhar pacote internet g correr ai galera,entretenimento,,"
Edgard Matsuki ",https://www.boatos.org/tecnologia/pacote-internet-3g-whatsapp.html,0
10581,Portugal registra primeiro caso do novo coronavírus  ,,portugal registrar o casar coronavírus território homem ano viajar o o norte itália anunciar hoje o ministro saudar marta temer o ministro indicar o governar aguardar o resultar testar realizar pessoa homem ano hospitalizar domingo portar determinar infectar vírus o paciente passar féria valencia foco coronavírus espanha domingo autoridade portuguesar informar o escritor chileno luis sepúlveda morar norte espanha e visitar recentemente o cidade portar diagnosticar o coronavírus,saúde,02/03/2020 08h42 ,02/03/2020 08h42 ,https://noticias.uol.com.br/ultimas-noticias/afp/2020/03/02/portugal-registra-primeiro-caso-do-novo-coronavirus.htm,1
10582,FHC: Bolsonaro pensa como um militar de baixa patente que gosta de aumento  ,,o ex-presidente fernando henrique cardoso psdb hoje o presidente jair bolsonaro movimentar politicamente pessoa corporativista e o visão militar patente gostar aumentar salário entrevisto o o uol conduzir colunista talar fhc avaliar bolsonaro ganhar o eleição o capacidade comunicar certo camada população achar o bolsonaro ganhar fácil criticar o desastre pt negativar o ilusão visão liberal ... pessoa corporativista o visão militar patente gostar aumentar salário governar e movimentar o movimentar o ligeireza e o verbalidade necessário tocar sentimento avaliar,política,30/11/2020 11h47Atualizada em 03/12/2020 18h10 ,30/11/2020 11h47Atualizada em 03/12/2020 18h10 ,https://noticias.uol.com.br/politica/ultimas-noticias/2020/11/30/fhc-bolsonaro-tem-visao-de-militar-de-baixa-patente-que-gosta-de-aumento.htm,1
10583,Veterano de guerra de 99 anos se cura de covid-19 na Inglaterra  ,,veterano guerra ano receber alto hospital inglaterra n sexta-feira curar covid-19 albert chambers doncaster cidade distante quilômetros londres ferir e prisioneiro 2ª guerra mundial e completar século vidar enfrentar batalhar triunfar e deixar o unidade saudar cadeira rodar aplauso enfermeiros.um vídeo saudar inglaterra mostrar o veterano guerra reconhecer o esforçar tratamento trecho agradecer mim melhor militar chambers atingir perna lutar alemão exército hitler 2ª guerra mundial contaminar coronavírus frequentar o hospital reabilitação fratura braço sofrido quedo doméstica.o veterano guerra começar o sentir sintoma covid-19 e o exame o diagnóstico positivar colocar oxigênio liberar internação hoje chambers voltar casar elogio parente e enfermeiro julho completar século vidar,saúde,10/04/2020 15h44 ,10/04/2020 15h44 ,https://noticias.uol.com.br/saude/ultimas-noticias/redacao/2020/04/10/veterano-de-guerra-de-99-anos-se-cura-de-covid-19-na-inglaterra.htm,1
10584,É #FAKE que Paraguai vetou urnas brasileiras nas eleições de 2020,"País vizinho nem sequer teve pleito neste ano. As eleições municipais no Paraguai foram adiadas para 2021. Fato, na verdade, ocorreu em 2013 e com urnas brasileiras de um modelo antigo.",circular rede social mensagem afirmar o paraguai vetar o urna eletrônicas brasileiro eleição e decidir votar manual o paraguai sequer eleição municipal n ano razão pandemia o pleito adiar postagens atuais o entender haver vetar o aparelho verdade o print notícia compartilhar – o datar aparecer n ano o jornal gazeta o decisão congresso nacional paraguaio o modelar defasado,mundo, 29/09/2020," Por Roney Domingos, G1 ",https://g1.globo.com/fato-ou-fake/noticia/2020/09/29/e-fake-que-paraguai-vetou-urnas-brasileiras-nas-eleicoes-de-2020.ghtml,0
10585,"Primeiras 100.000 vacinas russas chegarão à Venezuela na próxima semana, diz Maduro  ",,o presidente venezuela nicolás madurar anunciar n terça-feira semana chegar o o país vacinar sputnik v covid-19 total milhão acordar autoridade russo semana milhar vacinar sputnik v chegar venezuela anunciar o chegar 100.000 vacinar sputnik v revelar o presidente durante discursar televisão representar total acordar o rússia novembro o visitar delegação governamental o moscar,saúde,09/02/2021 20h07 ,09/02/2021 20h07 ,https://noticias.uol.com.br/ultimas-noticias/afp/2021/02/09/primeiras-100000-vacinas-russas-chegarao-a-venezuela-na-proxima-semana-diz-maduro.htm,1
10586,"

Avião da Emirates com 275 passageiros faz pouso forçado no aeroporto de Dubai e explode #boato 
",Boato – Um avião da Emirates fez um pouso forçado com 275 passageiros no aeroporto de Dubai. A aeronave explodiu e um vídeo mostra o impacto do fogo.,tragédia avião emirates passageiro pousar forçar aeroporto dubai e explodir matar centena pessoa rapido piscar olho e o internet o olhar o o desperto pra realidade cumprir s mensagem jesus cristo o juízo tragédia avião emirates passageiro pousar forçar aeroporto dubai e explodir matar centena pessoa …,mundo,18/08/2020,"
Edgard Matsuki ",https://www.boatos.org/mundo/aviao-emirates-275-passageiros-faz-pouso-forcado-aeroporto-dubai-explode.html,0
10587,"
  É falso que hacker tenha atacado sistema de votos do TSE","Em 29 de novembro, dia do segundo turno das eleições municipais brasileiras, usuários voltaram a questionar a confiabilidade das urnas eletrônicas e do sistema de votação do Tribunal Superior Eleitoral (TSE), um dia após a prisão pela Polícia Federal em Portugal de um jovem suspeito de vazar os dados administrativos da corte em 15 de novembro. Mas a ação ocorrida no primeiro turno do pleito não teria como afetar as urnas, já que elas não funcionam em rede.Envie-nos por WhatsApp Email",“ rapaz ano repetir ano morar portugal prisão domiciliar celular repetir celular atacar o segurar proteger e invadir voto tse auditoria votar impresso segurança ” indicar usuário twitter durante o turno eleição cidade brasileiro “ hacker português conseguir entrar servidor tse celular ...... imaginar o fragilidade … ” afirmar outro facebook o repercussão notícia o rapaz agir celular vazar novembro recurso humano e hackers chegar o invadir o apuração voto urna eletrônicas o justiçar eleitoral o polícia federal e especialista cibersegurança analisar informação vazar dia o falho segurança tornar público,brasil,30/11/2020 às 00:10,AFP Brasil,https://checamos.afp.com//e-falso-que-hacker-tenha-atacado-sistema-de-votos-do-tse,0
10588,"Pandemia levou 23 estados e o DF a implementarem auxílios econômicos próprios; e 17 estados a fecharem rodovias, aponta levantamento","Relatório Mapa Covid-19 analisa como os estados, a União e quatro capitais reagiram à pandemia durante os três primeiros meses de enfrentamento à Covid-19.",o pandemia provocar coronavírus e o df adotassem auxílio financeiro linha especial o micro-empreendedores e o estudante conter o crise econômica d fechar rodovia frear o disseminação doença e adotaram lockdown o balançar mapa covid-19 fundação getúlio varga obter g1 o levantamento maio analisar o união e capitar rir paulo manaus e fortalezar reagir pandemia o casar confirmar brasil fevereiro o conclusão haver enxurrar legislação feito reorganizar o estruturar ação governar e processar desfederalização o fortalecimento aliançar regional – destacar o o consórcio nordeste fundar comitê científico coordenação neurocientista miguel nicolelis,saúde, 19/06/2020 05h01 ," Por Elida Oliveira, G1 ",https://g1.globo.com/bemestar/coronavirus/noticia/2020/06/19/pandemia-levou-23-estados-e-o-df-a-implementarem-auxilios-economicos-proprios-e-17-estados-a-fecharem-rodovias-aponta-levantamento.ghtml,1
10589,Globo mostra bastidores e enaltece cobertura da pandemia em documentário  ,,investimento produção documentário o globoplay lançar n quinta-feira cercar o imprensar o negacionismo pandemia dirigir cair cavechini o filmar quase horar mostrar embater o presidente jair bolsonaro e o mídia cobertura pandemia coronavírus março e setembro cercar referência gradear apelidar cercadinho mantido jornalista cobrir o entrar palácio alvorar brasília,política,03/12/2020 14h56 ,03/12/2020 14h56 ,https://www.uol.com.br/splash/colunas/mauricio-stycer/2020/12/03/globo-mostra-bastidores-e-enaltece-cobertura-da-pandemia-em-documentario.htm,1
10590,Bancos reforçam medidas para garantir atendimento em Manaus  ,,ressurgimento caso coronavírus covid-19 manaus banco reforçar medir garantir o segurança sanitário cliente e funcionário informar hoje o federação brasileiro banco febraban ações o criação horário exclusivo o atendimento o pessoa riscar e o triagem cliente entrar agência o segunda-feira agência capital amazonense atender o cliente riscar pessoa acima ano e gestante 9h s 10h cliente atendido 10h s 15h o febraban orientar o correntistas canal digitar celular mobilar banking computador internet banking e telefonar call centers transações o d segunda-feira o entrar cliente agência restrito o caso absolutamente prioritário triagem atendimento feito funcionário agência o medir objetivo evitar aglomeração ambientar fechar paralelamente banco reforçar medir higiene instalação agência caixa eletrônicos,saúde,15/01/2021 17h17 ,15/01/2021 17h17 ,https://noticias.uol.com.br/ultimas-noticias/agencia-brasil/2021/01/15/bancos-reforcam-medidas-para-garantir-atendimento-em-manaus.htm,1
10591,"Sistema de publicidade comete fraude e captura links em mais de mil aplicativos para iOS, diz empresa",Componente é embutido em aplicativos para gerar receita publicitária. Código oculto captura cliques e desvia atribuição de publicidade. ,o empresar segurança snyk publicar relatório analisar função suspeito componente software mintegral redar publicitário origem chinês especialista o código registrar site visitar aplicativo incluir o finalidade desviar o receitar proveniente clique anúncio o publicidade web utilizar identificador atribuição definir pagar anúncio d o mudança identificador suficiente redirecionar o receitar publicitário produzir s o desempenhar publicidade – clique e acesso gerar redar contabilizar,política, 31/08/2020 08h00 , ,https://g1.globo.com/economia/tecnologia/blog/altieres-rohr/post/2020/08/31/sistema-de-publicidade-comete-fraude-e-captura-links-em-mais-de-mil-aplicativos-para-ios-diz-empresa.ghtml,1
10592,PNI ou CoronaVac? Como os estados estão planejando a vacinação contra covid  ,,"Com o início da vacinação contra covid-19 pelo mundo, no Brasil, governo federal e estados começaram a agilizar seus planos de imunização. Nesta terça-feira (8), o Ministério da Saúde se reuniu com os governadores e reforçou que o PNI (Plano Nacional de Imunização) deverá cobrir todo o país, em rejeição a planejamentos ""paralelos"" —uma referência ao governo de São Paulo, que anunciou um plano próprio na segunda (7) e prometeu oferecer vacina a outros estados. De um lado, o plano do governo paulista de começar a imunização em janeiro ainda depende da aprovação pela Anvisa (Agência Nacional de Vigilância Sanitária) da CoronaVac —a vacina desenvolvida pelo laboratório chinês Sinovac, em parceria com o Instituto Butatan. Do outro, o governo federal fala em começar a campanha em fevereiro, mas ainda não publicou um plano completo e também não tem uma vacina aprovada. No meio, alguns estados preferem esperar pela evolução do PNI, enquanto outros se adiantam e já aceitaram a proposta do governador João Doria (PSDB-SP), que disse que pode distribuir 4 milhões de doses da CoronaVac a outras regiões ainda no primeiro bimestre do ano que vem, para que possam vacinar profissionais de saúde.",saúde,08/12/2020 18h20 ,Lucas Borges Teixeira,https://noticias.uol.com.br/saude/ultimas-noticias/redacao/2020/12/08/vacinacao-planejamento-estados.htm,1
10593,"

Conselho tutelar pede que pais parem de deixar filhos com conhecidos e dá lista de dicas de segurança #boato 
","Boato – Em dicas de segurança, Conselho Tutelar pede que pais parem de deixar filhos com conhecidos e alerta para o abuso de menores. ",o tutelar advertir parir deixar filho o noivar conhecer parir deixar o vizinhar parir deixar pessoa conhecer graça alertar olhar viver o abusar o estuprar o sequestrar o maltratar etc real e ferir sarar criança o loja escola criança ficar carro descer rapidinho criança acostumar o andar pessoa criança sair jogar supervisão o irmão velho cuidar irmão responsabilidade criança ambientar consumir álcool tranquilo criança pessoa instável mau costume criança dormir casar conhecer pessoa … criança conviver amigo pai mãe necessário pessoa …,brasil,23/09/2019,"
Carol Lira ",https://www.boatos.org/brasil/conselho-tutelar-pais-conhecidos-dicas-seguranca.html,0
10594,Gilmar pede investigação por vazamento de inquérito contra Toffoli  ,,o o votar anulação acordar sérgio cabral o ministrar gilmar mendes indicar o necessidade instauração investigação apurar abusar autoridade e violação segredar profissional delegar pedir o inquérito dia toffoli o delação cabral conduzir delegar bernardo guidali serviço inquérito especial pf ... ler íntegro folhar,política,21/05/2021 15h51 ,21/05/2021 15h51 ,https://noticias.uol.com.br/colunas/reinaldo-azevedo/2021/05/21/gilmar-pede-investigacao-por-vazamento-de-inquerito-contra-toffoli.htm,1
10595,São enganosas as postagens que dizem que os vacinados pela CoronaVac estarão protegidos pela metade,,o imunização estratégia coletiva proteger o sociedade e vacinar desenvolvido sinovac e instituto butantan indicar capaz atenuar o crise saudar público brasil,saúde,2021/01/18,Comprova,https://projetocomprova.com.br/publicações/sao-enganosas-as-postagens-que-dizem-que-os-vacinados-pela-coronavac-estarao-protegidos-pela-metade/,0
10596,PGR decide apurar supostos pagamentos da JBS ao advogado Frederick Wassef,"Segundo revista 'Crusoé', procurador-geral Augusto Aras teria recebido pedido do presidente Jair Bolsonaro para se reunir com advogado. Em nota, PGR nega que algum pedido tenha sido feito.",o procuradoria-geral repúblico pgr decidir instaurar n quinta-feira procedimento apuração suposto pagamento feito empresar jbs o o advogar frederick wassef trabalhar o família bolsonaro o pgr pagamento efeito acordar colaboração premiar firmar procuradoria executivo empresar acordar noto divulgar pgr solicitar informação o o ministério público rir janeiro identificar pagamento controlo atividades financeiro coaf irregularidade reforçar indício omissão acordo colaboração premiar executivo companhia o texto noto o casar divulgar revisto crusoé wassef receber r$ milhão jbs e atuar juntar procuradoria,política, 20/08/2020 17h14 , Por G1 — Brasília ,https://g1.globo.com/politica/noticia/2020/08/20/pgr-decide-apurar-supostos-pagamentos-da-jbs-ao-advogado-frederick-wassef.ghtml,1
10597,Kamala Harris deve atacar Trump frontalmente em discurso histórico na convenção democrata  ,,o senador norte-americana kamala harris o discursar importante carreira político hoje dirigir convenção nacional democrata colega chapar candidatar presidencial joe biden o ex-procuradora-geral califórnio história o o tornar o descendente negro e asiático país o integrar o chapar presidencial posicionar frontalmente o reeleição presidente republicano donald trump novembro harris provavelmente falar diretamente s milhão mulher jovem e eleitor negro eleitorado importante biden derrotar trump discursar noite convenção partidário barack obama o presidente negro unir o ex-candidata presidencial hillary clinton perder trump o senador elizabeth warren e o presidente câmara deputar nancy pelosi,saúde,19/08/2020 08h41 ,James Oliphant,https://noticias.uol.com.br/ultimas-noticias/reuters/2020/08/19/kamala-harris-deve-atacar-trump-frontalmente-em-discurso-historico-na-convencao-democrata.htm,1
10598,Deltan admite influência no pleito e diz formar time com o Jornal Nacional  ,,"algum dúvida o influência deltan dallagnol e lavar jato resultar eleição mesa senado — atribuição turma deltan dallagnol e colega e esquecer companheiro lutar jornal nacional e transparência internacional diálogo vazar jato deixar o dúvida dia agostar ano passar the intecept brasil trazer luzir twitter converso eloquente escrever vladimir arar deltan dallagol:""vc ajudar o derrubar renan morar ficar feliz falar atenção morar ministrar justiçar noto — tribunal esplanada ministério — vladimir comemorar o chamar enfraquecimento bandeiro mello o representante senado nacional ministério público",política,08/09/2020 17h20 ,08/09/2020 17h20 ,https://noticias.uol.com.br/colunas/reinaldo-azevedo/2020/09/08/deltan-admite-influencia-no-pleito-e-diz-formar-time-com-o-jornal-nacional.htm,1
10599,"SUS continuaria gratuito mesmo com privatização das UBS, diz secretária  ",,parceria o setor privar e o público construção e administração ubs unidade básico saudar mexer caráter sus único saudar continuar público e gratuito o o população garantir o secretário especial ppi programar parceria investimento martha seillier o declaração dia o presidente jair bolsonaro e o ministrar economia paulo guedes assinar decretar autorizar estudo parceria o medir duramente criticar deputar e ex-ministros saudar ouvir colunista uol chico alves e gerar preocupação o suposto privatização sus o sus saudar público falar parceria manter público e gratuito população alteração o o vontade melhorar prático atração investimento privar prestar serviço melhorar o população explicar martha entrevisto cnn brasil,saúde,28/10/2020 14h57Atualizada em 28/10/2020 15h10 ,28/10/2020 14h57Atualizada em 28/10/2020 15h10 ,https://noticias.uol.com.br/saude/ultimas-noticias/redacao/2020/10/28/sus-continuaria-gratuito-mesmo-com-privatizacao-das-ubs-diz-secretaria.htm,1
10600,perigar parir o saudar vídeo mostrar energético derreter alimento verdade,homem aparece em vídeo mostrando os perigos do consumo de energéticos ao derreter alimentos com a bebida! será verdade?,o vídeo minuto duração e começar o espalhar whatsapp quinzena janeiro n homem experimento bebido energético derreter alimento transformar pão e martelar parecer borracho,saúde,23/01/2020,gilmar lopes,https://www.e-farsas.com/perigo-para-a-saude-video-mostra-energetico-derretendo-alimentos-sera-verdade.html,0
10601,Transmissão de covid-19 avança em 15 das 22 regiões de SP  ,,o sp covid-19 info tracker plataforma desenvolvido cientista usp e unesp projeções e monitorar o pandemia real o o região apresentar taxar transmissão rt acima prático significar o vírus propagação acelerar o piorar significativo indicador diagnóstico caso suspeito e internação percebido paulo e baixar santista início novembro pesquisador ferramenta entanto campino sorocaba e taubaté passar o o situação delicado caso ativos doença subir comparação o o início,saúde,01/12/2020 13h06 ,Felipe Resk e Marco Antônio Carvalho,https://noticias.uol.com.br/ultimas-noticias/agencia-estado/2020/12/01/transmissao-de-covid-19-avanca-em-15-das-22-regioes-de-sp.htm,1
10602,"Bolsonaro diz que Brasil terá vacinas gratuitamente, mas sem uso político  ",,"O presidente Jair Bolsonaro (sem partido) reafirmou que disponibilizará vacinas, de forma gratuita e voluntária, mas sem usá-las para fins políticos, de olho em ""projetos pessoais e de poder"". A reação de Bolsonaro ocorre um dia depois de o governador de São Paulo, João Doria (PSDB), possível candidato às eleições de 2022, se antecipar à Anvisa (Agência Nacional de Vigilância Sanitária) e anunciar a data de início para a vacinação contra a covid-19 no estado. ""O Brasil disponibilizará vacina de forma gratuita e voluntária após comprovada eficácia e registro na Anvisa. Vamos proteger a população respeitando sua liberdade, e não usá-la para fins políticos, colocando sua saúde em risco por conta de projetos pessoais de poder"", escreveu Bolsonaro, em post publicado nas redes sociais.",saúde,08/12/2020 18h13 ,08/12/2020 18h13 ,https://noticias.uol.com.br/saude/ultimas-noticias/redacao/2020/12/08/bolsonaro-brasil-tera-vacina-gratuita-e-voluntaria-apos-aval-da-anvisa.htm,1
10603,"'Se pegar em aldeia, a chance de uma tragédia é grande', disse secretário  ",,dia março o secretário especial saudar indígena robson silvar órgão vincular o o ministério saudar participar videoconferência integrante frente parlamentar indígena congresso nacional líder indígena indigenistas e ongs o crise coronavírus recomendar quarentenar aldeia indeterminar silvar reconhecer o riscar tragédia terra indígena o responsabilidade aldear o chance tragédia hoje perguntar o senhor o responder e papel o gente buscar ativa cotidiano coordenador ... tô o consciência tranquilo o e o equipar adequar o alertar silvar março ganhar dimensão o confirmação semana caso indígena o covid-19 incluir amazona etnia kokama e roraima adolescente yanomami organização governamental isa instituto socioambiental morte e caso doença haver diferençar o sesai contabilizar caso e óbito ocorrido aldeia n quarta-feira 8) entrevisto coletiva o ministrar saudar henrique mandetta haver extremo preocupação o evolução doença indígena,saúde,08/04/2020 17h24 ,08/04/2020 17h24 ,https://noticias.uol.com.br/colunas/rubens-valente/2020/04/08/coronavirus-saude-indigena.htm,1
10604,"Isolamento contra coronavírus levará economia global a encolher 3% em 2020, diz FMI  ",,"washington reuters o economia global encolher 3,0 impressionante colapso atividade impulsionar coronavírus marcar o recessão o depressão década informar o fundir monetário internacional fmi n terça-feira o fmi relatório perspectivo econômica global prever recuperação parcial o economia mundial crescer o taxar 5,8 previsão marcar extremo incerteza e resultar piorar depender situação pandemia recuperação parcial o atividade econômica permanecer abaixar projetamos impactar vírus o economista-chefe fmi gita gopinath comunicar o melhor cenário fundir o mundo provavelmente perder produção acumular trilhões dólar ano o pib combinar alemanha e japão acrescentar",saúde,14/04/2020 09h39 ,14/04/2020 09h39 ,https://economia.uol.com.br/noticias/reuters/2020/04/14/isolamento-contra-coronavirus-levara-economia-global-a-encolher-3-em-2020-diz-fmi.htm,1
10605,Infectologista acompanhou aids no Brasil e vê semelhanças com o coronavírus  ,,"A infectologista Ana Beatriz Sampaio, do serviço de atendimento especializado às pessoas com HIV do Hospital Escola São Francisco de Assis, da Universidade Federal do Rio de Janeiro (UFRJ), trata de pacientes soropositivos desde o início da pandemia da aids, nos anos 1980, e agora está envolvida com a de covid-19 — causada pelo Sars-coV2, ou novo coronavírus. Ela diz que, se no passado não se conhecia quase nada sobre a causa da aids, hoje sabe-se muito pouco sobre a covid-19. ""Naquela época, a grande maioria dos pacientes soropositivos adoecia e morria de aids. Não havia tratamento 100% eficaz, assim como não há para covid-19. A cloroquina se mostrou ineficiente em estudos pequenos. Outros, mais robustos, estão em andamento. E há pesquisas sendo feitas com vários medicamentos."" Coincidentemente, uma das drogas que se revelaram promissoras no tratamento do novo coronavírus é um antirretroviral chamado lopinavir-ritonavir, que pertence a uma classe de medicamentos usados no combate ao HIV. ""Os resultados iniciais foram razoáveis, mas é preciso provar a eficácia, ou não, em mais estudos."" Mestre em doenças infecciosas e parasitárias pela UFRJ, Ana Beatriz fala na entrevista abaixo da época em que a aids era tratada como ""câncer gay""; do preconceito enfrentado pelos homossexuais na aids, e pelos idosos na pandemia do covid-19; e da obstinada corrida, em ambos os casos, pela descoberta de uma vacina.",saúde,18/04/2020 04h03 ,18/04/2020 04h03 ,https://noticias.uol.com.br/colunas/paulo-sampaio/2020/04/18/entrevista-medica-infectologista-aids-covid-19.htm,1
10606,"Fiocruz e Butantan preveem entregar 27 milhões de doses em abril, mesmo sem receber novos lotes de insumos importados",Número é uma estimativa que considera apenas doses que podem ser envasadas com matéria-prima importada que já está no país. Butantan prevê a chegada de ao menos mais um lote de insumos no próximo mês.,o campanha nacional vacinação o covid-19 receber abril o o milhão dose coronavac e vacinar oxford acordar instituto responsável fabricação o previsão considerar o entregar matéria-prima importar o entregar d dose depender chegar lote ingrediente farmacêutico ativo ifa abaixar panorama informação fundação oswaldo cruz fiocruz e instituto butantan status produção fiocruz status produção butantan,saúde, 30/03/2021 05h01 ," Por Mariana Garcia, G1 ",https://g1.globo.com/bemestar/vacina/noticia/2021/03/30/fiocruz-e-butantan-preveem-entregar-27-milhoes-de-doses-em-abril-mesmo-sem-receber-novos-lotes-de-insumos-importados.ghtml,1
10607,Ministro do STF decide que verba para candidatura de negros vale já em 2020  ,,o ministrar stf supremo tribunal federal ricardo lewandowski determinar aplicar eleição d ano o regrar distribuição proporcional recurso fundo eleitoral e propaganda eleitoral tv candidato negro o decisão ministrar ater o ação movido psol e ong educafro pedir o aplicação regrar aprovar tse tribunal superior eleitoral agostar o tse aprovar o destinação proporcional o candidato negro recurso fundir partidário e fundir eleitoral recebido estabelecer o regrar valer o eleição o decisão ministrar ricardo lewandowski determinar o regrar passar o valer o eleição d ano realizar novembro,política,10/09/2020 15h08Atualizada em 10/09/2020 16h11 ,Felipe Amorim e Eduardo Militão,https://noticias.uol.com.br/eleicoes/2020/09/10/ministro-do-stf-determina-recurso-proporcional-a-candidatos-negros-em-2020.htm,1
10608,"Próximos seis meses serão cruciais para a UE, diz presidente da Comissão  ",,o presidência alemão união europeu cruciar o futurar bloco hoje o chefe-executiva ue alertar atraso tornar acordar fundir recuperação custar emprego ursula von der leyen falar o o chanceler alemão angela merkel vídeo problema pré-coronavírus desaparecer desafio anterior crise o crise afirmar von der leyen consistir desafiar mudança climático digitalização precisar urgentemente impulsionar e europa mundo acrescentar,saúde,02/07/2020 12h50 ,John Chalmers e Philip Blenkinsop,https://economia.uol.com.br/noticias/reuters/2020/07/02/proximos-seis-meses-serao-cruciais-para-a-ue-diz-presidente-da-comissao.htm,1
10609,Coronavírus: Micaela Góes dá 10 dicas para organizar a casa e a rotina  ,,organizar o casar hábito enfrentar o pandemia coronavírus necessário aprender o criar formar arrumar espaço principalmente viver país pessoa acostumar o terceirização d serviço apresentador programar santo ajudar gnt micaela góes ivana portella e stella rangel o cursar online organização residencial curseria conversar o dica fácil e prático aplicar o cotidiano deixar o casar organizar e principalmente higienizar evitar o contágio covid-19 rotina facilitar o organização diário casar e adaptar afazer o o cotidiano imagem getty images istockphoto,saúde,30/03/2020 04h00 ,Gustavo Frank,https://www.uol.com.br/nossa/noticias/redacao/2020/03/30/10-dicas-praticas-para-a-organizacao-da-casa-em-meio-ao-coronavirus.htm,1
10610,"Infecção por vírus do sarampo destrói memória imunológica do organismo, aponta estudo de Harvard ",,escanear o sangue pessoa e medir memória imunológico servir defeso patógenos e descobrir o sarampo e d memória desaparecer completamente sugerir criança apresentar riscar aumentar infecção memória proteger — explicar michael minar outro coautor estudar e epidemiologista universidade harvard o estudar realizar macaco amostrar sangue coletadas e animar infectar vírus sarampo e o resultar o acordar pesquisador o efeito perda imunológico duradouro “ permanente o reinfecção vacinação ” pesquisador implicação potenciar descobrir efeito vírus sarampo o imunológico o necessidade vacinar novamente doença pólio catapora hepatite pneumococo e rotavírus — programar saudar público revacinar criança vacinar rotina patógenos comum o sarampo ajudar o mitigar efeito o longo prazo e acelerar o reaquisição memória imunológico — destacar elledge ana karolina barreto marinhar coordenador departamento científico imunização associação brasileiro alergia e imunologia asbai descobrir d pesquisar servir futurar início discussão o reforçar vacinar o hepatite b pessoa infectar vírus sarampo — resultar precisar desenvolver pesquisar brasil entender o reforçar vacinal funcionar prático estudar servir alertar avisar problema sarampo sintoma imediato falar o perigar o sarampo apresentar o cobertura vacinal jovem hoje conhecer o sarampo e gravidade d o brasileiro deixar tomar vacinar medo contrário vacinação o ocorrer sentir necessidade imediato vacinar informação o doença mostrar perigoso pessoa vacinar — considerar isabella ballalai vice-presidente sociedade brasileiro imunização sbim cientista confiante resultar trabalhar ajudar família o mudar visto o vacinação — acreditar forte motivador o vacinação o sarampo pai hesitar vacinar,ciência, Publicado em  31/10/19 17:03 ,Evelin Azevedo,https://extra.globo.com/noticias/saude-e-ciencia/infeccao-por-virus-do-sarampo-destroi-memoria-imunologica-do-organismo-aponta-estudo-de-harvard-24053823.html,1
10611,É #FAKE que vídeo mostre Alexandre de Moraes fazendo ameaças ao STF antes de ser ministro,"Vídeo foi gravado durante o julgamento da continuidade do inquérito das fake news. No trecho cortado, ministro lê mensagem de um internauta fazendo ameaças à Corte.",circular rede social vídeo ministrar supremo tribunal federal alexandre moraes ler o seguinte mensagem atirar queima-roupa costa ministrar filhar puta supremo tribunal federal querer acabar o prisão instância acabar o prisão instância restar jogar combustível e tocar fogo plenário supremo tribunal federal ministro barbies o legendar ministrar stf o alexandre moraes o vídeo alexandre moraes afirmação gravar ministrar stf o imagem feito durante o julgamento continuidade inquérito fake news junho o julgamento concluir dia voto o o stf decidir o inquérito fake news continuar o investigação aberto tribunal apurar ameaçar o integrante e o disseminação conteúdo falsar internet o ministrar marcar aurélio divergir o vídeo editar cortar parecer o declaração ministrar verdade n trecho vídeo moraes ler mensagem circular internet ameaçar o ministro stf,política, 22/06/2020," Por Roney Domingos, G1 ",https://g1.globo.com/fato-ou-fake/noticia/2020/06/22/e-fake-que-video-mostre-alexandre-de-moraes-fazendo-ameacas-ao-stf-antes-de-ser-ministro.ghtml,0
10612,"'Não pense que você não tem nada para doar', diz liderança do RJ  ",,isabela souza liderança comunitário e diretora observatório favela destacar hoje durante participação uol debater favela brasileiro precisar ajudar e doação combater o coronavírus doar pensar mundo doar granir doar articulação garantir gilson rodrigar coordenador nacional g10 favela explicar existir formar ajudar cobrir prefeito governador político público favela o gente precisar resumir christiane teixeira liderança coroadinho luís ma professorar redar comunitário ensinar e idealizador comitê coroadinho corona destacar celular álcool gel e informação necessidade região pobre coronavírus,saúde,24/04/2020 14h25 ,24/04/2020 14h25 ,https://www.uol.com.br/ecoa/ultimas-noticias/2020/04/24/nao-pense-que-voce-nao-tem-nada-para-doar-diz-lideranca-do-rj.htm,1
10613,"
  Estudo alemão citado por Bolsonaro não prova que máscaras são prejudiciais para crianças ","Em transmissão ao vivo no último dia 25 de fevereiro, o presidente Jair Bolsonaro citou um estudo de “uma universidade alemã” que provaria que as máscaras de proteção contra a covid-19 são prejudiciais para crianças. “Irritabilidade, dor de cabeça, dificuldade de concentração, diminuição da percepção de felicidade”, são alguns dos efeitos adversos mencionados pelo presidente. Embora um estudo tenha chegado a essas conclusões, elas são preliminares e “inicialmente dizem pouco sobre as relações causais” entre os sintomas e as máscaras, segundo os próprios autores do trabalho.Envie-nos por WhatsApp Email",“ pessoal comedir o aparecer estudo entrar detalhar né o máscara universidade alemão falir prejudicial o criança ” bolsonaro transmissão o o viver realizar semanalmente rede social o presidente continuar citar suposto efeito colateral identificar estudar “ levar contar item irritabilidade dor cabeça dificuldade concentração diminuição percepção felicidade recusar o escola creche desânimo comprometimento capacidade aprendizado vertigem fadigar ... comedir o aparecer efeito colateral máscara tá ok ”,brasil,26/02/2021 às 19:05,"AFP Brasil, AFP México, AFP França",https://checamos.afp.com//estudo-alemao-citado-por-bolsonaro-nao-prova-que-mascaras-sao-prejudiciais-para-criancas,0
10614,Pedido de desculpas não livra de punição desembargador que humilhou o guarda  ,,o pedir desculpar público desembargador eduardo siqueira sábado humilhar e chamar analfabeto guardar municipal santo isentá-lo investigação e punição ordem administrativo penal avaliar advogar ouvir estadão outro especialista siqueira beneficiar acordar persecução penal e isentar peno difamação casar oficiar envolvido apresentar queixa-crime o desembargador evidente reconhecer o errar importante e considerar julgamento processo instaurar pedir desculpar afastar o possibilidade aplicação sanção investigação prosseguir reafirmar princípio reger o atuação agente público afirmar o criminalista conrado gontijo doutor direito penal usp o advogar defender o pedir desculpar desembargador suficiente juridicamente deixar investigar e eventualmente sancionar o ministrar marcar aurélio stf ruir contexto fato o autoridade o guardar civil o desembargador o guardar dever respeitar afirmar o criminalista daniel bialski mestre processar penal puc-sp e membro instituto brasileiro ciência criminar ibccrim explicar o desembargador pessoa cometer atar o siqueira avaliação caracterizar desacatar investigar e processar,saúde,24/07/2020 14h31 ,Redação,https://noticias.uol.com.br/ultimas-noticias/agencia-estado/2020/07/24/pedido-de-desculpas-nao-livra-de-punicao-desembargador-que-humilhou-o-guarda.htm,1
10615,"

Coronavírus já existia desde 2014 e China já vacinou população em 2018 e 2019 #boato 
","Boato – Coronavírus surgiu em 2014, China vacinou sua população em 2018 e 2019 e Doria já sabia da “guerra biológica”. ",“ o guerra biologica vírus estáva o disposição chino o vacinar pronto o população chinês vacinar e o vacinar o covid pacote vacinar trivial obrigatorias contar desenvolver o vacinar incriminar o dório anunciar o vacinar d peecisam população credibilidade resultar chino deixar região tomar o vacinar exportar o vírus criar cortinar fumaça e colocar vítima verdade o controlo genético comercial parar o mundo emquanto trabalhar o vapor quebrar economia planeta instalar o custar continente comprar empresar safra infraestrutura e político país enfasar áfrico e américa sul realmente planar audacioso e golpe mestre o onda o cepa vírus produzir defeso organismo contato determinar anti corpo o virus transmutar enganar o defeso provar medicação combater o onda resultar iludir o guerra biológico e comercial o sobretaxa anericanas produto chinês o gatilho disseminar o vírus tática guerra presentar potência o guerra frio decada e o único diferençar o chino o coragem e o audácia,saúde,10/11/2020,"
Kyene Becker ",https://www.boatos.org/saude/coronavirus-existia-desde-2014-china-vacinou-populacao-2018-2019.html,0
10616,Coronavírus: EUA têm alta de 35 mil casos em 24 h; mortes chegam a 126.739  ,,"o total caso confirmar coronavírus unir subir 2.581.229 acordar o atualização hoje cdc centrar o controlo e prevenção doença americano o morte decorrência covid-19 atingir 126.739 o 35.664 caso confirmar covid-19 país crescimento 1,4 o ritmar o registrar dia anterior anteontem o aumentar 1,6 2.504.175 2.545.250 caso o ritmar morte regredir o o dia anterior aumentar cercar 0,2 126.369 126.739 anteontem o crescimento 0,7 125.484 126.369 o york o registrar o caso oficiar covid-19 unir total 394.667 seguir califórnio 216.550 caso e jersey 171.272 caso",saúde,30/06/2020 15h04 ,30/06/2020 15h04 ,https://noticias.uol.com.br/ultimas-noticias/2020/06/30/coronavirus-eua-registram-126739-mortes-e-2581229-casos-confirmados.htm,1
10617,"Após reunião, toque de recolher em MG é suspenso até quarta-feira  ",,o tocar recolher e o proibição reunião familiar e social domicílio suspenso hoje minar acordar celebrar o tjmg tribunal justiçar minar gerar e o governar o decisão valer o quarta-feira reunião realizar comitê enfrentamento covid-19 criar executivo e avaliação o doença região medir previsto atos normativo governar suspenso quarta-feira e o governador romeu zema e o secretário-geral mateus simão prometer convencer o comitê medir efetivamente revogar avançar o desembargador gilson leme vídeo publicar rede social medir haver imposto governador romeu zema passar — região minar gerar entrar chamar fase roxo — conter o expansão covid-19,saúde,05/04/2021 20h53 ,05/04/2021 20h53 ,https://noticias.uol.com.br/saude/ultimas-noticias/redacao/2021/04/05/apos-reuniao-toque-de-recolher-em-mg-e-suspenso-ate-quarta-feira.htm,1
10618,"

Doria propõe redução de 20% no salário de servidores públicos #boato 
","Boato – O governador de São Paulo, João Doria, propõe a redução de 20% do salário de servidores públicos por 6 meses. Proposta segue para votação na Assembleia Legislativa.",governador doria propor redução salário servidor público o proposto incluir ativos aposentar e pensionista projeto seguir votação assembleia legislativo semana,política,23/02/2021,"
Edgard Matsuki ",https://www.boatos.org/politica/doria-propoe-reducao-20-salario-servidores-publicos.html,0
10619,livrar ensinar comer conversar sobrar homossexualidade e comunismo cachorro,,conferir abaixar o publicação arquivar datar outubro,entretenimento,13/10/2019,marco faustino,https://www.e-farsas.com/livro-ensina-como-conversar-sobre-homossexualidade-e-comunismo-com-cachorros.html,0
10620,Djokovic se diz contrário a vacina obrigatória para voltar às competições  ,,o sérvio novak djokovic atual líder ranking mundial tênis pronunciar vacinar obrigatório o reinício competição explicar viajar o desafiar jogador videoconferência atleta país realizar noite domingo pessoalmente vacinação gostar alguém obrigar o vacinar viajar o sérvio viajar e acreditar o desafiar ... viagem o principal obstáculo declarar djokovic converso organizar página facebook celebrar o páscoa ortodoxo o jogador sérvio falar casar espanha encontrar confinar o família dever pandemia coronavírus,saúde,20/04/2020 09h22 ,20/04/2020 09h22 ,https://www.uol.com.br/esporte/ultimas-noticias/afp/2020/04/20/djokovic-se-diz-contrario-a-vacina-obrigatoria.htm,1
10621,"Bolsonaro não suspendeu implantação da placa do Mercosul, mas pediu estudo  ",,compartilhar facebook o notícia o presidente jair bolsonaro suspender o implantação placar veículo padrão mercosul acordar o postagem encomendar estudar avaliar o possibilidade acabar o medir o compartilhamentos e comentário apoiadores presidente elogiar o decisão usuário comemorar o fato o suspensão continuar o cidade registrar veículo placar o campanha bolsonaro implementação placar padrão mercosul revogar publicar perfil twitter o o compartilhar o notícia rir o o adotar placar mercosul país maio ano passar,mundo,02/03/2019 04h01 ,Anita Grando Martins,https://noticias.uol.com.br/confere/ultimas-noticias/2019/03/02/bolsonaro-nao-suspendeu-implantacao-da-placa-do-mercosul-mas-pediu-estudo.htm,0
10622,vídeo mostrar umar criança chinês tomar umar “ sopa ” girino vivo,"no início deste mês recebemos um questionamento em nossa página no facebook sobre um vídeo muito estranho. nele, é possível ver uma mulher alimentando uma criança, aparentemente de origem chinesa, com uma “sopa” repleta de pequenos animais vivos! é possível notar claramente, inclusive, que os tais animais se movimentam em meio a “sopa” aquosa!",o vídeo disseminar possuir cercar verdade o ação si duro cercar o disseminar o editar parecer ação contínuo basicamente repetir único vídeo cercar o quantidade exata animar vivo ingerir criança o mulher servir o o colherada d “ sopa ” o criança esboçar reação nojo irritação,saúde,6/02/20206,marco faustino,https://www.e-farsas.com/video-mostra-uma-crianca-chinesa-tomando-uma-sopa-de-girinos-vivos.html,0
10623,É falso que urnas eletrônicas sejam fabricadas na Venezuela  ,,rede social diferente artifício deslegitimar o eleitoral brasileiro d questionar o legitimidade urna eletrônicas processar produção acordar circular rede social urna brasileiro fraudar fabricar venezuela — o verdade comer confiar urna fabricar venezuela questionar postagem compartilhar twitter o boatar tomar forçar e voltar o circular rede social e aplicativo mensagem setembro d ano o aproximação eleição,mundo,05/10/2020 04h00 ,"Do UOL, em São Paulo",https://noticias.uol.com.br/confere/ultimas-noticias/2020/10/05/urna-eletronica-brasil-fabricada-venezuela.htm,0
10624,É #FAKE que Felipe Neto atue para criar conceito de 'idade fluída' com aval do STF e justificar pedofilia,Meme criado nos Estados Unidos para atacar a comunidade LGBT tem sido usado em boatos também no Brasil. Youtuber e Supremo não defendem tal ideia.,circular rede social mensagem acabar chegar o o brasil onda esquerdo pedir o criação agir fluid idade fluir buscar normalizar o pedofilia o mensagem o movimentar acobertar stf e o youtuber felipe neto principal patrocinador idear o mensagem explicar o agir fluid respeitar o pessoa sentir adulto e relacionar adulto e sentir criança e relacionar criança seguir complementar o movimentar lgbt e feminista defender pedofilia ideologia gênero introduzir o pedofilia maneiro romantizar e disfarçar chegar criança o assessoria felipe neto afirmar o post citar mentir articular extrema-direita acusação falso e insano objetivo unicamente atacá-lo e destruir o reputação o envolvido associando-o o supor movimentar felipe neto reiterar responder esfera cível e criminal o internet terra lei e haver compromisso e responsabilidade falir e publicar,entretenimento, 31/07/2020," Por Roney Domingos, G1 ",https://g1.globo.com/fato-ou-fake/noticia/2020/07/31/e-fake-que-felipe-neto-atue-para-criar-conceito-de-idade-fluida-com-aval-do-stf-e-justificar-pedofilia.ghtml,0
10625,É #FAKE que Joe Biden acusou juiz da Suprema Corte de abuso sexual,"Denúncia foi feita por uma ex-funcionária do governo; à época, Biden apenas presidia a comissão do Senado responsável por analisar a aprovação do magistrado para o tribunal.",viralizado rede social mensagem o presidente eleito unir joe biden acusar injustamente o juiz thomas clarence hoje supremo cortar o alto tribunal país abusar sexual passar o mensagem falso mostrar foto magistrado o seguinte legendar “ thomas clarence homem honestar e honrar difamar humilhar e acusar joe biden abusar sexual espancamento esposo e gay o homem presidir o supremo cortar americano julgar fraude eleitoral ” o panar fundir o discursar republicano donald trump o processar eleitoral biden anunciar vencedor fraudar o intenção mensagem falso induzir o leitor o acreditar haver “ acertar contar ” clarence e biden trump recorrer supremo cortar tentativo obter o recontagem voto,mundo, 13/11/2020," Por Roberta Pennafort, CBN ",https://g1.globo.com/fato-ou-fake/noticia/2020/11/13/e-fake-que-joe-biden-acusou-juiz-da-suprema-corte-de-abuso-sexual.ghtml,0
10626,"
  Não é o governador do Maranhão, Flávio Dino, o homem agredido em vídeo viralizado","Um vídeo que supostamente mostra o governador do Maranhão, Flávio Dino (PCdoB), sendo agredido após decretar novas medidas restritivas para conter a propagação da covid-19 no estado foi visualizado mais de 105 mil vezes em redes sociais desde o início de março. Dino não tem relação, contudo, com a gravação viralizada. A sequência mostra, na verdade, uma briga entre um ex-vereador e um atual vereador maranhenses devido ao não comparecimento a sessões da Câmara do município de Timon, que ocorreu no último dia 1º de março.Envie-nos por WhatsApp Email",vídeo homem camisa azul chutar terno pessoa intervir “ governador maranhão agredir ” o texto sobrepor gravação amplamente compartilhar facebook instagram e twitter “ o lockdown fraudemia terminar ... o população via fato ditador totalitário comunista quebrar o brasil ” escrever usuário o o replicar o sequência flávio dino restringir o horário funcionamento estabelecimento comerciar maranhão conter o propagação coronavírus buscar reverso vídeo viralizado mostrar o agressão o governador maranhão,brasil,9/03/2021 às 20:11,AFP Brasil,https://checamos.afp.com//nao-e-o-governador-do-maranhao-flavio-dino-o-homem-agredido-em-video-viralizado,0
10627,"

Bolsonaro acabou com o Dia das Bruxas e transformou o 31/10 em Dia do Evangelho #boato 
","Boato – O presidente Jair Bolsonaro resolveu acabar com o Dia das Bruxas no Brasil. Por meio de lei, ele transformou o 31/10 em Dia do Evangelho.",n o t c o m o r o v l h o s o bolsonaro aprovar lei divulgar deus fiel e agradar aleluia glória o deus dia outubro dia bruxo brasil o dia proclamar jesus viver e voltar o dia evangelho preciso propagar preciso comemorar mobilizar escrever historiar naçao levar o o conhecimento publicar diário oficial união dia o dia 31/10 o dia nacional evangelho lei 13.246 diário oficial união valer o peno orar nação gloriar o deus,política,20/10/2019,"
Edgard Matsuki ",https://www.boatos.org/politica/bolsonaro-acabou-dia-das-bruxas-31-10-dia-do-evangelho.html,0
10628,Minirreforma não tiraria direitos de todos os trabalhadores como dá a entender vídeo no TikTok,,  vídeo o tiktok afirmar o medir provisório sobrar o minirreforma trabalhista derrotar n semana o senado tirar direito o trabalhador segundar texto aprovar o câmara eliminar benefício o formato trabalhar criar e empregar clt caso específico,política,2021-09-03,Comprova,https://projetocomprova.com.br/publicações/minirreforma-nao-tiraria-direitos-de-todos-os-trabalhadores-como-da-a-entender-video-no-tiktok/,0
10629,"

STF atende pedido de PT, PSOL, PCdoB, DEM e PSDB e proíbe hospitais militares de atenderem pacientes com Covid-19 #boato 
","Boato – PT, PSOL, PCdoB, DEM e PSDB pedem e STF acata pedido para proibir que hospitais militares atendam pacientes com Covid-19.",“ hospital militar começar o atender paciente covid o pandemia acabar o stf barrar pedir barrar pt psol pc b dem psdb acordar brasil ” “ o brasil enlouquecer tirar pé metralhar pé lacraia esbórnia ”,política,,"
Kyene Becker ",https://www.boatos.org/politica/stf-pedido-pt-psol-pcdob-dem-psdb-proibe-hospitais-militares-pacientes-covid-19.html,0
10630,"

Bandidos se aproveitam de decisão do STF para empunhar metralhadoras em favela do Rio, mostra vídeo #boato 
","Boato – Bandidos se aproveitam de decisão do STF para empunhar metralhadoras em favela no Rio. Em vídeo, os criminosos aparecem carregando as armas e comemorando o veto da Suprema Corte ao pedido da União para a retomada das operações policiais no local.",stf vergonha nacional bandido tomar contar comunidades!!!trabalhadores comunidade agradecer o o stf vetar o pedir união retomar operação policiar favela traficante fortemente armar desfilar livremente ruir favela graça o o stf o favela deixar terra ninguém bandido comemorar e desfilar o comunidade agradecer o stf vetar o pedir união retomar operação policiar favela o stf empurrão o surgimento paramilitar combater o “ fascismo ” e ousar tomar o esquerdo o pandemia enfraquecer o trabalhador e seguidor lei outro o ajudar stf fortalecer o tráfico e o banditismo gente acreditar o bandidagem cumprir o lei desarmamento o lei só desarmar o cidadão cumprir o lei amor deus,entretenimento,22/07/2020,"
Raiane Gonoli ",https://www.boatos.org/entretenimento/bandidos-empunham-metralhadoras-em-favela-no-rj.html,0
10631,foto mostrar o bancada psl posar frente o ícone comunismo verdade,,o imagem começar o circular o comedir quinzena janeiro e mostrar o membro bancada psl o frente enorme painel representar algum líder comunista comer mao tsé-tung stalin lenin e o filósofo karl marx,política,17/01/2019,gilmar lopes,https://www.e-farsas.com/foto-mostra-a-bancada-do-psl-posando-em-frente-a-icones-do-comunismo-sera-verdade.html,0
10632,Supremo começa julgamento sobre suposto dossiê do governo contra servidores antifascistas,Rede Sustentabilidade pediu ao Supremo que impeça Ministério da Justiça de produzir dossiês e que seja aberto inquérito para apurar prática.,o supremo tribunal federal stf começar o julgar n quarta-feira ação redar sustentabilidade pedir o suspensão imediato produção ministério justiçar relatório sigiloso supor dossiê conter informação quase servidor público o ligar o movimento antifascista ação o redar pedir o o stf o imediato suspensão produção e disseminação conhecimento e informação inteligência estatal produzir integrante ‘ movimentar antifascismo ’ e professorar universitário o relator ação o ministro cármen lúcia apresentar sustentação orar advogar o procuradoria-geral repúblico e o advocacia-geral união representante governar o advogado-geral união josé levi mello defender o rejeição ação e o união rejeitar totalitarismo vídeo abaixar e ler adiantar,política, 19/08/2020 15h39 ," Por Rosanne D'Agostino, G1 — Brasília ",https://g1.globo.com/politica/noticia/2020/08/19/supremo-comeca-julgamento-sobre-suposto-dossie-do-governo-contra-servidores-antifascistas.ghtml,1
10633,Saúde transporta oito pacientes com câncer de mama de Manaus para o Rio de Janeiro,,manhã d sexta-feira 29/01 o ministério saudar transferir paciente câncer mamar manaus o rir janeiro avião forçar aéreo brasileiro fab o ação resultar análise in-loco realizar equipar pastar cidade planar ação comitê enfrentamento covid-19 paciente necessitar assistência diagnosticar o covid-19 acesso o tratamento oportuno aliviar o sobrecarga saudar e liberar leito tratamento paciente covid-19 garantir acesso o o tratamento adequar paciente doença crônicas maíra botelho diretora departamento atenção especializar e temático ministério saudar equipar técnico gestor médico enfermeiro e especialista regulação visitar hospital locar manaus identificar paciente priorizados transferência interestadual,saúde,29/01/2021 12h35,"Gustavo Frasão, do NUCOM SAESMinistério da Saúde(61) 3315-3580",https://www.gov.br/saude/pt-br/assuntos/noticias/saude-transporta-oito-pacientes-com-cancer-de-mama-de-manaus-para-o-rio-de-janeiro,1
10634,"Bolsa Família terá 13º, mas não aumento; programa exige presença na escola  ",,tuíte circular informação o andamento programar bolsar família administração jair bolsonaro verdade o governar manipular haver 13º beneficiário o principal objetivo programar interromper fato haver cortar beneficiário programar afirmar o tuíte o pessoa atendido costumar variar o verdadeiro o benefício aumentar real n ano procurar o autor tuíte izanildo sabino afirmar haver 13º salário receber haver corte bolsar e família atingir manipular n frase equivalente o manejar recurso prever aumentar,brasil,22/10/2019 18h20 ,22/10/2019 18h20 ,https://noticias.uol.com.br/comprova/ultimas-noticias/2019/10/22/bolsa-familia-tera-13-mas-nao-aumento-programa-exige-presenca-na-escola.htm,0
10635,"

Príncipe Charles beijou um rapaz e é gay #boato 
",Boato – Jornal inglês divulga fotos do Príncipe Charles beijando um rapaz e confirma que o herdeiro do trono inglês é gay.,o secreto vidar gay príncipe charlar revelar chocante foto nobre doente amor o beijo garoto,entretenimento,,"
Hellen Bizerra ",https://www.boatos.org/entretenimento/principe-charles-beijou-rapaz.html,0
10636,Defesa diz que analisa caso a caso de militares que receberam auxílio de R$ 600,"Governo apura se militares receberam auxílio de forma indevida. Ao todo, segundo Ministério da Defesa, 73,2 mil militares, pensionistas, dependentes e anistiados receberam R$ 600.","o ministério defeso divulgar noto n terça-feira informar forçar armar analisar casar o casar militar receber o auxílio emergencial r$ n o ministério haver informar iriar apurar militar receber o benefício maneiro indevido o governar 73,2 militar ativos inativos carreira temporário pensionista dependente e anistiados receber o auxílio ministério defeso md e cidadania mc informar quase 1,8 milhão cpfs constante base md 4,17 73.242 receber o auxílio emergencial conceder governar federal incluir militar ativos e inativos carreira e temporário pensionista dependente e anistiados informar o ministério noto",política, 12/05/2020 19h22 ," Por Filipe Matoso e Roniara Castilhos, G1 e TV Globo — Brasília ",https://g1.globo.com/politica/noticia/2020/05/12/defesa-diz-que-analisa-caso-a-caso-de-militares-que-receberam-auxilio-de-600.ghtml,1
10637,"

Sargento da Guarda Bolivariana atira em coronel e desobedece ordem de Maduro na Venezuela #boato 
",Boato – Sargento da Guarda Bolivariana atira em coronel por se recusar a reprimir povo venezuelano a pedido do presidente Nicolás Maduro.,“ militar recusar o maltratar o morto fome o regime madurar quebrar sargento atirar coronel tropa guardar bolivariana recusar o reprimir o o globo mostrar e o governar venezuelano pra vazar ”,mundo,11/12/2020,"
Kyene Becker ",https://www.boatos.org/mundo/sargento-guarda-bolivariana-atira-coronel-desobedece-maduro-venezuela.html,0
10638,Registros online de violência doméstica crescem em SP; veja como funcionam  ,,caso violência doméstico o dia abril decretar publicar governar paulo registrar online denúncia feito ferramenta comedir aumentar gradualmente o delegar jamila jorge ferrari coordenador delegacia defeso mulher paulo jamila afirmar haver crescimento registro e diariamente o o dia anterior consolidar — e ressaltar o necessidade levantamento oficial confirmar divulgar aumentar justamente pessoa passar o conhecimento vir divulgação rede social veículo comunicação redar atendimento s mulher afirmar jamila o projeto prever o possibilidade boletim ocorrência eletrônico caso violência doméstico elaborar haver ano implementar antecipar causar pandemia coronavírus,saúde,16/04/2020 04h00 ,Camila Brandalise,https://www.uol.com.br/universa/noticias/redacao/2020/04/16/registros-on-line-de-violencia-domestica-crescem-em-sp-veja-como-funcionam.htm,1
10639,"

Japoneses descobrem que nanopartículas mRNA da vacina ficam no corpo das pessoas e podem causar infertilidade #boato 
",Boato – Japoneses encontram nanopartículas de mRNA no corpo dos vacinados e que isso pode causar esterilidade na população mundial. ,médico pró-vacina alertar “ cometer errar ” japonesar encontrar nanopartículas mrna o cérebro coração fígado ovário testículo e outro vacinar,saúde,05/06/2021,"
Carol Lira ",https://www.boatos.org/saude/japoneses-nanoparticulas-mrna-vacina-corpo-infertilidade.html,0
10640,"

Furacão atingiu Porto Seguro e Eunápolis (Bahia) hoje, mostra vídeo #boato 
",Boato – Imagens mostram o furacão que passou por Porto Seguro e Eunápolis na Bahia agora há pouco. É mais um sinal do fim dos tempos.,urgente furacão portar segurar e eunápolis horror jesus tomar conta!urgente portar segurar e eunápolis sul bahia atingir forte tempestade haver pouco.urgente furacão portar segurar bahia vestir,brasil,14/12/2018,"
Hellen Bizerra ",https://www.boatos.org/brasil/furacao-porto-seguro-eunapolis-video.html,0
10641,o lutador ufc polyana viana reagir o assaltar preso,,o notícia surgir o redar social e o whatsapp o semana janeiro acordar o texto o promotor justiçar jean carlos rosário decretar o prisão lutador mma polyana viana pelar crime lesão corporal gravar e excesso legítimo defeso,entretenimento,8/01/20198,gilmar lopes,https://www.e-farsas.com/a-lutadora-de-ufc-polyana-viana-que-reagiu-a-assalto-foi-presa.html,0
10642,É #FAKE que projeto aprovado no Congresso permite invasão de domicílio para fiscalizar uso de máscara,Não há nada que indique isso no texto legislativo. Câmara diz ainda que 'não há nada no texto aprovado que obrigue o uso de máscara dentro de casa'.,circular rede social mensagem o congresso aprovar lei obrigar o máscara casar e permitir agente violar o domicílio cidadão fiscalizar o família obedecer o o câmara esclarecer haver texto aprovar obrigar o máscara casar falir invasão domiciliar fiscalizar e punir o população noto explicar o trecho falir locar fechar entender escrever enunciar projeto espaçar privar acessível o o público aplicar o domicílio o casar ressaltar o garantir constitucional inviolabilidade domicílio hipótese afastar lei ordinário,política, 10/06/2020," Por Roney Domingos, G1 ",https://g1.globo.com/fato-ou-fake/coronavirus/noticia/2020/06/10/e-fake-que-projeto-aprovado-no-congresso-permite-invasao-de-domicilio-para-fiscalizar-uso-de-mascara.ghtml,0
10643,pedestre flagrar pontar ônibus cheio matar bernardo campar verdade,,o semana fevereiro umar foto mostrar homem sentar o banco umar parar ônibus cheio matar deixar gente indignar n o repletar matar e o matagal sobrar espaçar parir o pedestre sentar parir aguardar o chegar ônibus,entretenimento,11/02/2019,gilmar lopes,https://www.e-farsas.com/pedestre-flagra-ponto-de-onibus-cheio-de-mato-em-sao-bernardo-do-campo-sera-verdade.html,0
10644,Solidariedade no Rio  ,,o organização governamental ação cidadania entregar n quinta-feira parceria o movimentar tonelada alimento perecível família carente comunidade rir janeiro,saúde,09/04/2020 22h46 ,09/04/2020 22h46 ,https://noticias.uol.com.br/videos/afp/2020/04/09/solidariedade-no-rio.htm,1
10645,É #FAKE que taxa de mortalidade aumentou em Israel após aplicação da vacina da Pfizer contra a Covid-19,"Dados mostram que número de internações e mortes, na verdade, tem caído à medida em que país alcança maior cobertura vacinal.",circular rede social publicação afirmar taxar mortalidade disparar israel o vacinar pfizer o covid-19 começar o aplicar israel acordar o pfizer garantir milhão dose vacinar empresar o suficiente cobrir quase população israelense milhão pessoa aplicar dose imunizante o vacinação israel início dezembro filar profissional saudar – seguir idoso paciente alto riscar e ano estudar israelense publicar lancet fevereiro o vacinar pfizer eficácia dosar o pesquisar envolver 7.214 profissional receber o dosar janeiro observar redução caso covid-19 sintomático o dia o redução total infecção incluir assintomático detectar teste,mundo, 08/03/2021," Por Roney Domingos, G1 ",https://g1.globo.com/fato-ou-fake/coronavirus/noticia/2021/03/08/e-fake-que-taxa-de-mortalidade-aumentou-em-israel-apos-aplicacao-da-vacina-da-pfizer-contra-a-covid-19.ghtml,0
10646,EUA: Gorjeta de US$ 10 mil é deixada em restaurante antes de todos serem demitidos por crise do coronavírus  ,,homem deixar gorjeta us$ cercar r$ restaurante flórido e funcionário distribuir igualmente si dia seguinte o crise coronavírus forçar o redar o fechar e demitir apesar história negativo ouvir existir pessoa realmente fantástico mundo escrever ross edlund dono redar the skillet página facebook semana passar dia o governador ron desantis ordenar o fechamento restaurante exceto entregar o domicílio homem permanecer anônimo deixar us$ dinheiro restaurante the skillet naples costa oeste flórido o homem cliente frequentar e edlund identificá-lo relatar o jornal naples daily news,saúde,27/03/2020 13h29 ,27/03/2020 13h29 ,https://noticias.uol.com.br/ultimas-noticias/afp/2020/03/27/gorjeta-de-us-10000-deixada-em-restaurante-na-florida-antes-de-demitirem-todos.htm,1
10647,É #FAKE que Brasil teve mais registros de mortes no primeiro semestre de 2019 do que no mesmo período de 2020,"Mensagem falsa nega a existência da pandemia do coronavírus, que já fez mais de 82 mil mortes no país.",tabelar nacional óbito ocorrido semestre e compartilhar negar o pandemia coronavírus o mensagem sustentar o acumular morte n ano inferior o o ano passar o mensagem basear portal transparência registrar civil site disponibilizar o cidadão estatístico nascimento casamento e óbito o cartório chancelar associação nacional registrador pessoa natural listado janeiro o junho diferente realmente constar portal – d ano,brasil, 23/07/2020," Por Roberta Pennafort, CBN ",https://g1.globo.com/fato-ou-fake/noticia/2020/07/23/e-fake-que-brasil-teve-mais-registros-de-mortes-no-primeiro-semestre-de-2019-do-que-no-mesmo-periodo-de-2020.ghtml,0
10648,China confirma 31 novas mortes e 125 novos casos de coronavírus  ,,o comissão nacional saudar chino informar n segunda-feira o país asiático registrar caso coronavírus e morte o total pessoa infectar doença chino continental chegar o 80.151 o óbito subir 2.943 comunicar o órgão chinês afirmar haver caso suspeito chino e 47.204 pessoa curar o documentar informar haver caso doença confirmar macau taiwan morte e hong kong óbito,saúde,02/03/2020 21h43 ,Iander Porcella,https://noticias.uol.com.br/ultimas-noticias/agencia-estado/2020/03/02/china-confirma-31-novas-mortes-e-125-novos-casos-por-coronavirus.htm,1
10649,É #FAKE que imagem mostre vacina contra o coronavírus feita por cientistas dos EUA,"Foto, na verdade, é de um kit de teste usado para detectar a Covid-19. Não existe ainda uma vacina contra o novo coronavírus.",compartilhar rede social imagem caixa e sachês o inscrição covid-19 e o seguinte legendar “ vacinar pronto capaz curar o paciente horar o injeção tirar o chapéu cientista unir ” existir país algum o vacinar comprovadamente eficaz o vírus alertar o infectologista renato kfouri presidente departamento científico imunização sociedade brasileiro pediatria “ o imagem compartilhar kit diagnóstico existir vacinar haver perspectivo disposição população ano e ” explicar o especialista entrevisto cbn,mundo, 23/03/2020," Por Roberta Pennafort, CBN ",https://g1.globo.com/fato-ou-fake/noticia/2020/03/23/e-fake-que-imagem-mostre-vacina-contra-o-coronavirus-feita-por-cientistas-dos-eua.ghtml,0
10650,É #FAKE que Flávio Dino aboliu bandeira do Brasil e colocou uma vermelha no lugar no MA,Posts dizem que governador do Maranhão substituiu o símbolo nacional por uma bandeira vermelha. Não é verdade. Foto que acompanha mensagem tem bandeira da China em destaque em razão de visita de vice-presidente do 'banco dos Brics'.,circular rede social o informação o governador maranhão flávio dino pcdob abolir o bandeiro brasil foto oficiar imagem acompanhar o mensagem mostrar dino o bandeiro vermelho estrelo amarelo o texto fake o vídeo e foto acompanhar o mensagem registro junho d ano n dia o governador maranhão agendar o chinês xian zhu vice-presidente new development bank ndb o banco brics o compromisso discutir investimento projetos infraestrutura logístico o maranhão texto publicar dia governar maranhão,política, 17/06/2019, Por G1 ,https://g1.globo.com/fato-ou-fake/noticia/2019/06/17/e-fake-que-flavio-dino-aboliu-bandeira-do-brasil-e-colocou-uma-vermelha-no-lugar-no-ma.ghtml,0
10651,"Jogos sem público custarão R$ 570 mi aos clubes alemães, aponta relatório  ",,"torneio futebol alemanha europeu o reiniciar atividades o pandemia coronavírus jogo n semana principal divisão locar retomar público estádio e detalhar custar caro o clube envolvido acordar relatório revisto kicker jogo fantasma clube desembolsar o o cercar milhão euro r$ milhão jogo restante bundesliga 1ª divisão o perda ficar tornar 69,6 milhão euro cercar r$ milhão",saúde,11/05/2020 13h07 ,11/05/2020 13h07 ,https://www.uol.com.br/esporte/futebol/ultimas-noticias/2020/05/11/jogos-sem-publico-custarao-r-570-mi-aos-clubes-alemaes-aponta-relatorio.htm,1
10652,"Aeroporto de Paris-Orly reabre com robôs, câmeras térmicas e néon que mata coronavírus  ",,o fechamento fronteiro e o quedo viagem aéreo o aeroporto orly localizar sul região parisiense forçar o cessar atividades dia março auge epidemiar coronavírus símbolo europa o vidar gradualmente voltar o o normal o aeroporto frança receber novamente turista o amanhã o aeroporto internacional orly preparar o reabertura adotando medir sanitário e equipamento alto tecnologia câmeras térmico medir o temperatura viajante circular terminar robô falante pilotar distância funcionário circular esteirar bagagem orientar passageiro conexão procedimento casar perda malo e informação scanners verificação bagagem mão equipar néon azul matar o coronavírus valise e roupar passageiro intervalar o o lutar o covid-19 estender s loja duty free obrigar o adaptar o ofertar produto reduzir chance contágio n sexta-feira voo país espaçar schengen compor país união europeu suíço noruega islândia e liechtenstein destinação internacional programar decolar aterrissar orly o aumentar gradualmente alcançar voo mear julho graça reabertura certo fronteiro 1º julho,saúde,25/06/2020 18h31 ,25/06/2020 18h31 ,https://noticias.uol.com.br/ultimas-noticias/rfi/2020/06/25/aeroporto-de-paris-orly-reabre-com-robos-cameras-termicas-e-neon-que-mata-coronavirus.htm,1
10653,É #FAKE que Anvisa liberou Ivermectina e ainda ampliou sua dosagem para tratamento de Covid-19,"O que a Anvisa fez, no ano passado, foi dispensar a retenção de receita para compra do remédio antiparasitário nas farmácias. Mas a agência reforça que a medicação é recomendada apenas para tratar doenças que constam de sua bula, como verminoses. A Anvisa diz ainda que o único medicamento com indicação em bula aprovado para o tratamento de Covid é o Remdesivir.",circular rede social o vídeo médico o agência nacional vigilância sanitário anvisa liberar e dobrar o dosar recomendar ivermectina tratamento covid-19 o anvisa liberar o ivermectina caso covid-19 o médico o o agência decidir setembro ano passar dispensar o retenção receitar comprar remédio farmácia verificou-se medicamento ivermectina e nitazoxanida encontrar ameaçar desabastecimento mercar o alteração adotada visar garantir o acesso população o o tratamento verminose e parasitoses e significativo o agência ocasião,saúde, 07/04/2021," Por Thaís Matos, G1 ",https://g1.globo.com/fato-ou-fake/coronavirus/noticia/2021/04/07/e-fake-que-anvisa-liberou-ivermectina-e-ainda-ampliou-sua-dosagem-para-tratamento-de-covid-19.ghtml,0
10654,PT aciona STF para adoção de medidas de isolamento contra covid  ,,"O PT entrou com uma ação no STF (Supremo Tribunal Federal) para obrigar o presidente Jair Bolsonaro (sem partido) a adotar medidas de isolamento social para conter a disseminação do coronavírus. Desde o início da pandemia, Bolsonaro vem criticando atos restritivos adotados por governadores e prefeitos. Segundo o partido, a ação busca ""corrigir a omissão inconstitucional decorrente da carência de medidas de caráter administrativa e da passividade atribuída ao presidente da República, autoridade competente para implantar, no plano federal e em coordenação com as demais unidades da Federação, as providências urgentes e inadiáveis necessárias para combater o coronavírus"". O PT ainda sustenta que as omissões do governo federal já causaram o colapso dos sistemas sanitário e funerário do Brasil, ""com consequências catastróficas que podem se tornar ainda mais graves"".",política,01/05/2021 20h08Atualizada em 01/05/2021 20h08 ,01/05/2021 20h08Atualizada em 01/05/2021 20h08 ,https://noticias.uol.com.br/saude/ultimas-noticias/redacao/2021/05/01/pt-aciona-stf-para-adocao-de-medidas-de-isolamento-contra-covid.htm,1
10655,Liberação de uso da cloroquina pela agência reguladora de alimentos e drogas dos EUA não é para todos os pacientes,,o o contrário afirmar texto viralizou whatsapp e facebook o agência regulador alimento e drogar unir fda liberar o cloroquina e hidroxicloroquina paciente covid-19 doença causar coronavírus e o novartis anunciar o existência estudo comprovar medicamento “ matar ” o vírus,saúde,2020/04/16,Comprova,https://projetocomprova.com.br/publicações/liberacao-de-uso-da-cloroquina-pela-agencia-reguladora-de-alimentos-e-drogas-dos-eua-nao-e-para-todos-os-pacientes/,0
10656,Coalizão Negra por Direitos anuncia pedido de impeachment contra Bolsonaro   ,,"o coalizão negro direito reunir organização e coletivos movimentar negro anunciar hoje propor pedir impeachment o presidente jair bolsonaro afirmar crime responsabilidade piorar o político genocídio o população negro noto o organização citar o tratar governar federal o pandemia coronavírus atar o saudar público o coalizão faltar medir emergenciais voltar população negro e d trabalhador informar comunidade quilombolas trabalhador rural e população carcerário e periferia acordar portal transparência arpen brasil associação nacional registrador pessoa natural início julho morte doença respiratório durante o pandemia crescer 72,8 pardo brasileiro preto o alto ficar 70,2 o crescimento óbito doença branco ficar 24,5 o coalizão caracterizar discurso presidente gestão público racista afirmar ações e crime responsabilidade atentar diretamente e objetivamente o vidar população negro e comunidade",saúde,30/07/2020 17h30Atualizada em 30/07/2020 18h06 ,30/07/2020 17h30Atualizada em 30/07/2020 18h06 ,https://noticias.uol.com.br/politica/ultimas-noticias/2020/07/30/coalizao-negra-por-direitos-anuncia-pedido-de-impeachment-contra-bolsonaro.htm,1
10657,"

Havan está dando cestas básicas por causa do coronavírus para quem compartilhar link no WhatsApp #boato 
",Boato – A Havan está dando cestas básicas no valor de R$ 350 por causa do novo coronavírus para quem entrar em um site e compartilhar um link com amigos no WhatsApp.,"informação importante aberto brasil inscrição o projeto social havan cesta básico completar distribuir gratuitamente família afetadas pandemia corona vírus r$ produto qualidade acesse o site oficial -social.coma havan doar 150.000 cesta básico família carente brasil pessoa cadastrar receber família o direito o cesta receber o basto o cadastrar online formulário abaixar enviar o cesta casar cadastre-se nome pessoa morar celular ex ddd 00000-0000cep ex 00000-000 cadastrar cesta conter achocolatar pó g açúcar cristal 5kg,02 arroz branco kg biscoitar água e sal g biscoitar cream cracker g biscoitar maizena g biscoitar rechear g café pó g café solúvel g caldar galinha g cremar leite g doce frutar g ervilhar conservar g extrato tomate g farinha trigar kg farofa mandioca g feijão carioca kg feijão preto kg fubá kg gelatina g goiabada g leite condensar g leite pó g macarrão espaguete g macarrão lámen g macarrão parafusar g maionese g milho conservar g milho pipocar g misturar p bolar g molhar tomate g óleo soja 900ml refrescar pó g sal refinar kg sardinha óleo g temperar completar g vinagrar álcool 750ml base r$ 350,00 © havan direito reservadosparabéns direito o cesta básico restar cesta disponível inscrição 28/05/2020 cadastrar basto indicar campanha amigo whatsapp o processar simplificar começar processar",entretenimento,27/05/2020,"
Edgard Matsuki ",https://www.boatos.org/tecnologia/havan-cestas-basicas-coronavirus-compartilhar-link-whatsapp.html,0
10658,mulher alegar encontrar artefato alienígena o eua verdade,,segundar paul umar mulher chamar stephanie fuller ligar parir voltar 11h manhã dia outubro e deparar umar coluna escrever paul o relatar casar envolver oficial norte-americano – identificar comer sargento-mor csm james norton – testemunhar supor confrontar entrar ovni e o exército eua setembro o fort benning umar instalação militar o geórgia,entretenimento,28/10/2019,marco faustino,https://www.e-farsas.com/mulher-alega-ter-encontrado-artefato-alienigena-nos-eua-sera-verdade.html,0
10659,"Levado ao governo por Jorge Oliveira, Mendonça tem ponte com Toffoli e é cotado para STF ",Novo ministro da Justiça foi escolhido após intensa operação de bastidor da ala militar do governo Bolsonaro. Ex-AGU foi apresentado ao presidente ainda durante a montagem de governo.,o ministrar justiçar andré mendonça escolher intenso operação bastidor ministro chamar alar militar conter duplo desgastar escolher pessoal presidente bolsonaro o pastar justiçar e o polícia federal o sair sergio morar dia assessorar presidente demovê-lo indicação secretário-geral presidência jorge oliveira o justiçar e alexandre ramagem o polícia federal possuir ligação o família bolsonaro general o indicação corroborar declaração morar bolsonaro tirar valeixo pf intervir politicamente órgão bolsonaro insistência topar rediscutir o nome jorge oliveira o justiçar general perder o brigar o respeitar ramagem polícia federal avaliação interno ramagem indicação contestar oposição stf andré mendonça,política, 28/04/2020 08h56 , ,https://g1.globo.com/politica/blog/andreia-sadi/post/2020/04/28/levado-ao-governo-por-jorge-oliveira-mendonca-tem-ponte-com-toffoli-e-e-cotado-para-stf.ghtml,1
10660,"

Sacudir o celular com Facebook aberto ajuda a denunciar se você é vítima de abuso #boato 
","Boato – Sacudir o celular com o Facebook aberto ajuda a denunciar se você é vítima de abuso. Quando você chacoalha o aparelho, o app envia uma mensagem perguntando se você está sendo vítima de um abuso. ",fake acabar descobrir o face aberto e chacoalhar o celular perguntar algum problema vítima abusar testar e aparecer o mensagem copiar e colar o e chegar o o pessoa,entretenimento,29/09/2020,"
Raiane Gonoli ",https://www.boatos.org/tecnologia/sacudir-celular-facebook-denunciar-abuso.html,0
10661,Maia não criou Lei para impedir Bolsonaro de indicar ministros do STF  ,,o o presidente repúblico jair bolsonaro psl e o presidente câmara deputar rodrigar maio dem-rj alto e e atualmente andar estável supor projeto enviar deputar entanto acabar calmar acordar mensagem circular rede social maio enviar o o congresso projeto lei impedir bolsonaro indicar o ministrar stf supremo tribunal federal apresentar detalhe numeração projeto o levar foto maio o legendar urgente maio apresentar lei impedir bolsonaro indicar ministro stf o postagem compartilhar facebook reclamação o deputar,política,09/06/2019 04h01 ,Lucas Borges Teixeira,https://noticias.uol.com.br/confere/ultimas-noticias/2019/06/09/maia-nao-criou-lei-para-impedir-bolsonaro-de-indicar-ministros-do-stf.htm,0
10662," Schelp: ""O que Teich não mostrou na primeira semana no cargo foi firmeza""  ",,semana substituir luiz henrique mandetta ministrar saudar pandemia coronavírus nelson teich distante protagonismo assumir antecessor e criticar podcast clero timidez apresentar o o cargo difícil o população o jornalista diogo schelp faltar o o ministrar saudar governar jair bolsonaro demonstrar o firmeza o exigir o caso e morte covid-19 crescer brasil o protagonismo o presidente crise visto ministrar saudar n país e o casar timidez o casar atrapalhar precisar firmeza e o mostrar n semana cargo firmeza afirmar o jornalista disponível arquivar acima o 42:30 comentário diogo schelp demonstrar preocupação o aparentar conhecimento ministrar o o único saudar sus,saúde,26/04/2020 04h00 ,26/04/2020 04h00 ,https://noticias.uol.com.br/politica/ultimas-noticias/2020/04/26/schelp-o-que-teich-nao-mostrou-na-primeira-semana-no-cargo-foi-firmeza.htm,1
10663,Subnotificação: problemas respiratórios matam mais entre pretos e pardos    ,,"o registrar morte doença respiratório declarar preto e pardo crescer durante pandemia comparar o o período ano anterior o índice superior o o registrar raça portal transparência divulgar n segunda-feira base registro óbito feito cartório país morte ocorrido março e junho e mostrar registro morte doença respiratório crescer 34,5 período ... ler íntegro g1",política,13/07/2020 15h01 ,13/07/2020 15h01 ,https://noticias.uol.com.br/colunas/reinaldo-azevedo/2020/07/13/subnotificacao-problemas-respiratorios-matam-mais-entre-pretos-e-pardos.htm,1
10664, Parentes de homem que atacou Bolsonaro não trabalharam com petista  ,,mensagem cicrculando rede social afirmar trabalhar gabinete deputar federal maria rosário pt-rs o mãe o irmão adélio bispar oliveira presar flagrante facada barriga presidente jair bolsonaro postagens compartilhar feito letra branco fundir rosar facebook pergunta-se mídias esquerdista comentar o fato twitter recomenda-se dúvida verificar site congresso e confirmar haver publicação similar whatsapp e youtube o o mãe e o irmão adélio trabalhar gabinete maria rosário brasília desmentir assessoria imprensar deputar maria rosário comentar o temer perfil twitter,política,01/04/2019 04h01 ,Anita Grando Martins,https://noticias.uol.com.br/confere/ultimas-noticias/2019/04/01/mae-e-irma-de-adelio-nunca-trabalharam-com-a-deputada-maria-do-rosario.htm,0
10665,"
  O vídeo de uma orquestra tocando o Bolero de Ravel sobre o Sena, em Paris, é de 2017","O rio Sena e uma orquestra que, colocada sobre uma grande plataforma flutuante, toca o Bolero de Ravel. O vídeo desta bela cena foi compartilhado mais de 4 mil vezes desde meados de junho em postagens que asseguram que isto ocorreu em Paris com o fim da quarentena durante a pandemia de COVID-19. O espetáculo, contudo, foi realizado por um projeto chamado “Prequell” em 2017 para promover a candidatura da capital francesa como sede dos Jogos Olímpicos de 2024.Envie-nos por WhatsApp Email",“ filarmonica parir quarentenar distanciar e o o ar livrar tocar rir sena o bolero ravel homenagem o herói saudar e o recuperação frança gravar período e lutar e lutar .. renascer esperançaecuidados ecomosairdeumaguerra respeitoatodasvitimas amusicaehvida sic ” indicar o legendar publicação visualizar e compartilhar facebook o vídeo circular instagram e alegação semelhante espanhol buscar reverso o ferramenta invid-weverify permitir encontrar o vídeo publicação facebook datar outubro legendar indicar “ parir o jogo olímpico e promover o candidatura feito interpretação bolero ravel rir sena ”,saúde,10/07/2020 às 20:34,"AFP Argentina, Nadia Nasanovsky",https://checamos.afp.com//o-video-de-uma-orquestra-tocando-o-bolero-de-ravel-sobre-o-sena-em-paris-e-de-2017,0
10666,"Tipo sanguíneo e genes estão ligados a risco de covid-19 grave, diz estudo  ",,o sanguíneo pessoa e fatores genético ligação o gravidade infecção coronavírus acordar pesquisador europeu descobrir publicar periódico científico the new england journal of medicinar levar o crer pessoa sangue o correr riscar desenvolver sintoma intenso infectar vírus auge epidemiar europa pesquisador analisar gene pessoa buscar variação comum n contaminar e desenvolver caso grave covid-19 descobrir série variante gene envolvido reações imunológico comum pessoa caso grave gene envolvido proteína superfície celular chamar ace2 o coronavírus acesso s célula corpo e infectá-las,saúde,19/06/2020 10h00Atualizada em 19/06/2020 10h07 ,Vishwadha Chander,https://www.uol.com.br/vivabem/reuters/2020/06/19/tipo-sanguineo-e-genes-estao-ligados-a-risco-de-covid-19-grave-diz-estudo.htm,1
10667,"

Cidinha Campos descobriu que Freixo e o PSOL têm uma milícia secreta de policiais #boato 
",Boato – A ex-deputada estadual Cidinha Campos descobriu que o deputado federal Marcelo Freixo e o PSOL têm uma milícia secreta formada por policiais.,o cidinha campo descobrir o psol-freixo milícia secreto policiar pago o dinheiro contribuinte acobertar presidente assembléia o mídia publicar parabém cidinha campo parabém internet e divulgação rede pq jamais censurar imposto mídia esquerdo controlar o informação supostamente livrar,política,30/03/2019,"
Edgard Matsuki ",https://www.boatos.org/politica/cidinha-campos-freixo-psol-milicia-secreta.html,0
10668,Alemanha planeja suspender voos internacionais para conter pandemia  ,,seguir israel o governar alemão suspender quase voo internacional destinar o o país visar prevenir o propagação mutação coronavírus contagioso o medir anunciar ministrar interior hors seehofer entrevisto revisto bild publicar n terça-feira o chanceler alemão favorável o interrupção radical tráfego aéreo variante coronavírus representar riscar enorme e exigir adotemos medir drástico justificar horst seehofer concretamente significar controlo estrito fronteiro particular região atingir pandemia redução quase total tráfego aéreo internacional o alemanha atualmente israel declarar o ministrar o agência reuters indicar o chanceler alemão mostrar contrário o interdição total reunião parlamentar cdu o merkel favorável suspensão viagem turístico,saúde,26/01/2021 15h24 ,26/01/2021 15h24 ,https://noticias.uol.com.br/ultimas-noticias/rfi/2021/01/26/alemanha-planeja-suspender-voos-internacionais-com-destino-ao-pais-para-conter-pandemia.htm,1
10669,"'Por que o desespero?', questiona Renan sobre reação de Bolsonaro a Kajuru  ",,o senador renan calheiros mdb desesperar converso o presidente jair bolsonaro e o senador jorge kajuru cidadania revelar afirmar o diálogo ótimo motivar começar cpi comissão parlamentar inquérito apurar erro governar federal combater o coronavírus e criticar o demorar presidente senado rodrigar pacheco dem instaurar o comissão o governar cometer erro praticar omissão o desesperar verificar presidente repúblico telefonema o kajuru sobressaltar o cpi o cpi absolutamente normal constitucional vidar político brasileiro declarar o político entrevisto o o programar excelência o fato calheiros entender o converso bolsonaro e kajuru revelar tentativo obscurecer o investigação o governar federal o senador pacheco dever aberto o comissão oficialmente,política,12/04/2021 17h28 ,12/04/2021 17h28 ,https://noticias.uol.com.br/politica/ultimas-noticias/2021/04/12/por-que-desespero-questiona-renan-sobre-reacao-de-bolsonaro-a-kajuru.htm,1
10670,"

Atriz Suzy Rêgo é flagrada bêbada e drogada em vídeo #boato 
",Boato – Suzy Rêgo aparece alterada em vídeo e internautas demonstram preocupação com saúde da atriz global. Outros dizem que ela estava bêbada e drogada.,“ postar o dia vídeo fábio assunção e haver artista condição suzy regar ativa modo fábio assunção trás câmara existir vidar obscuro artista global vibe … drogar prostituição e imaginação ” “ esquecer o fábio assunção o moda e susy regar kkkkkkk tardar ” “ fábio assunção susy rêgo modo ativado ”,entretenimento,,"
Kyene Becker ",https://www.boatos.org/entretenimento/atriz-suzy-rego-bebada.html,0
10671,Cidade de MG não vai cancelar Carnaval para doar dinheiro a Brumadinho  ,,mensagem divulgar rede social medir polêmica tomar prefeitura cidade interior mineiro ajudar vítima tragédia brumadinho prefeito rir piracicaba cancelar o carnaval e doer o dinheiro brumadinho o cidade o cercar km brumadinho administrar antônio cotar dem,política,01/02/2019 17h03 ,Lucas Borges Teixeira,https://noticias.uol.com.br/confere/ultimas-noticias/2019/02/01/brumadinho-carnaval-dinheiro-tragedia.htm,0
10672,"'Brasília desconhece a gravidade da crise que vivemos', diz economista  ",,acionista empresar papel e celulose mundo o klabin o economista horário lafer piva ex-presidente federação indústria paulo fiesp país liderança capaz promover mudança necessário enfrentar o coronavírus e atravessar o recessão achar brasília desconhecer o gravidade d crise olhar proposto atabalhoar intrigar palaciano e interferência dia o caso coronavírus ficar tenso o empresário participar série entrevisto o o viver economia quarentenar estadão o executivo o figurar o unir o presidente repúblico o executivo deixar o o deus lembrar filme irmão coen problema crescer crescer ... haver conjuntar medir governo federal estadual e municipal descompassar unir o país o presidente repúblico destacar o presidente jair bolsonaro negação problema atuais país ler o seguir principal trecho entrevisto o klabin enfrentar o pandemia o empresar privilegiar exportador,saúde,11/06/2020 08h33 ,Fernando Scheller e Mônica Scaramuzzo,https://economia.uol.com.br/noticias/estadao-conteudo/2020/06/11/brasilia-desconhece-a-gravidade-da-crise-que-vivemos.htm,1
10673,"Dados da vacina de Oxford contra Covid-19 podem ser enviados neste ano a agências reguladoras, diz cientista","Anúncio foi feito por Andrew Pollard, diretor do Grupo de Vacinas de Oxford. Imunização está sendo testada no Brasil.",teste o potencial vacinar o covid-19 universidade oxford e astrazeneca enviar o órgão regulador n ano anunciar o cientista andrew pollard diretor vacinar oxford rádio bbc n terça-feira simplesmente caso acumular rapidamente ensaio clínico entregar agente regulador n ano pollard passar processar avaliação completar o vacinar oxford teste fase o país brasil o regulação britânico d etapa o imunização seguir licenciamento agência regulador governar reinar unir europa revisar ensaio n etapa certificar o vacinar o eficácia e o segurança necessário o imunização universidade conseguir induzir respostar imune teste humano pollard teste envolver pessoa reinar unir brasil e áfrico sul e unir ensaio liderar astrazeneca,ciência, 25/08/2020 08h58 ," Por Alistair Smout e Sarah Young, Reuters ",https://g1.globo.com/bemestar/vacina/noticia/2020/08/25/dados-da-vacina-de-oxford-contra-covid-19-podem-ser-enviados-neste-ano-a-agencias-reguladoras-diz-cientista.ghtml,1
10674,"A trajetória de Regina Duarte na política, do 'eu tô com medo' ao convite para integrar governo Bolsonaro","Atriz 'namoradinha do Brasil' apoiou políticos do PSDB e, em 2018, subiu em carro de som para defender a eleição de Bolsonaro.",atitude vanguarda e continuar conservador o atriz regina duarte o trajetória político namorado brasil convidar presidente jair bolsonaro assumir o cultura governar certo confirmar o frase programar converso bial globo maio ano passar duarte viver malu mulher mulher recém divorciar enfrentar dificuldade e preconceito tentativo sustentar o família lutar diretas o o palanque o o figurar luiz inácio lula silvar apoiar político psdb e ocasião o campanha o josé serrar disputar o presidência frase marcar história tô medo o medo lula eleito — o acabar acontecer,política, 20/01/2020 15h51 , Por BBC ,https://g1.globo.com/pop-arte/noticia/2020/01/20/a-trajetoria-de-regina-duarte-na-politica-do-eu-to-com-medo-ao-convite-para-integrar-governo-bolsonaro.ghtml,1
10675,"

Vladimir Zelenko vai ganhar o prêmio Nobel da Paz por defender hidroxicloroquina #boato 
","Boato – O médico Vladimir Zelenko, conhecido defensor do uso da hidroxicloroquina contra a Covid-19, vai receber o prêmio Nobel da Paz por causa do seu “grande trabalho”.",texto mensagem dr vladimir zelenko receber o prêmio nobel sucesso tratamento covid emailprotected e zincar e brasil criar cpi perseguir atrever o falar n medicamentar prescrever “ crime”.texto imagem o dr vladimir zelenko ficar hidroxicloroquina tratar covid-19 receber o prêmio nobel paz papel combater pandemia coronavírus o médico o recomendar o hidroxicloroquina e tratamento eficaz covid-19 receber o prêmio nobel trabalhar político esquerdista americano e o mídia apreciar o hidroxicloroquina o restar mundo entender eficácia o covid-19 o dr vladimir zelenko censurar plataforma incluir proibição total twitter crime tratar sucesso paciente covid-19 método contrário s recomendação dr anthony fauci,mundo,26/05/2021,"
Edgard Matsuki ",https://www.boatos.org/mundo/vladimir-zelenko-ganhar-premio-nobel-da-paz-hidroxicloroquina.html,0
10676,"

Enfermeira Khalilah Mitchell teve paralisia facial após tomar vacina contra Covid-19 nos EUA #boato 
","Boato – Em Nashville (EUA), enfermeira Khalilah Mitchell está há 13 dias com paralisia de Bell após tomar vacina contra Covid-19.",“ enfermeiro registrar nashville paralisia facial haver dia tomar o vacinar “ achar o o o inimigo importar conosco américa tomar vacinar ” “ enfermeiro tenesse -estados unir -tomou o “ vacinar ” paralisia facial haver dia e “ o vacinar mundo ” “ enfermeiro americano tomar o vacinar e implorar nao tomar paralisia facial e efeito colateral comum ”,mundo,07/01/2021,"
Kyene Becker ",https://www.boatos.org/mundo/enfermeira-khalilah-mitchell-paralisia-facial-vacina.html,0
10677,Coronavírus: Empresas estimam corte de 3 milhões de vagas até o fim de maio  ,,"o impactar pandemia coronavírus o atividade produtivo comedir o medir diverso provocar desempregar reduzir faturamento e adiar cancelar investimento levantamento entidade representar setores indústria comércio e serviço entidade empresário estimar milhão vago fechar o maio público recente o desempregar atingir 12,3 milhão brasileiro trimestre encerrar fevereiro acordar pesquisar nacional amostrar domicílio contínuo pnad contínuo divulgar março instituto brasileiro geografia e estatístico ibge o abimaq associação brasileiro indústria máquina o aspecto preocupante d crise justamente manutenção emprego pesquisar realizar entidade dia março e abril juntar associar revelar 21,4 empresar pesquisar demitir cercar 16,4 mão obrar gerar redução posto representar quedo empregar indústria máquina e equipamento março acordar o pesquisar impactar pandemia covid-19 praticamente empresar amostrar informar pretender demitir ninguém exatamente o demissão estimar chegar o empregar indústria o significar emprego diretos e indiretos o chegar o pessoa afirmar o presidente executivo abimaq josé veloso",saúde,22/04/2020 16h29 ,João José Oliveira,https://economia.uol.com.br/noticias/redacao/2020/04/22/desemprego-provocado-por-covid-19-comeca-a-ser-medido-por-empresas.htm,1
10678,"

Light vai desligar energia elétrica no Rio de Janeiro na hora da final da Libertadores em 23/11 #boato 
",Boato – A Light enviou um comunicado informando que fará uma manutenção no dia 23 de novembro de 2019. A luz será desligada em todo Rio de Janeiro no horário da final da Libertadores entre Flamengo e River Plate.,o light – rj informar virtude trabalhar manutenção redar elétrica o energia desligar sábado 23/11/2019 o rir e região o 16:00hrs voltar o o normal 20:00 hrs desejar o consumidor excelente quinta-feira o light trabalhar população,entretenimento,22/11/2019,"
Edgard Matsuki ",https://www.boatos.org/esporte/light-desligar-energia-eletrica-rio-de-janeiro-23-11-final-libertadores.html,0
10679,"Apesar de Covas e Boulos toparem debate virtual, Globo decide manter regra  ",,campanha brunir cova psdb e guilherme boulos psol concordar propor tv globo o debater d noite realizar maneiro virtual o emissor negar o pedir e lembrar regrar assinar anteriormente prever o encontrar candidato o prefeito paulo realizar presencial n boulos anunciar haver contrair covid-19 e cumprir período isolamento o o candidatar votar domingo realizar o turno o emissor o alternativo debater remoto candidato precisar tratar equânime e condição e o público preciso perceber comunicar o o uol,política,27/11/2020 19h06 ,Nathan Lopes,https://noticias.uol.com.br/eleicoes/2020/11/27/covas-boulos-debate-virtual-globo.htm,1
10680,Presidência da República registra 178 casos de covid-19 entre servidores  ,,o secretaria-geral presidência repúblico atualizou o servidor presidência resultar positivar o covid-19 d total tratamento e curar haver registrar óbito o o balançar divulgar hoje e referir o atualizados o dia julho o o 3.400 servidor trabalhar órgão o palácio planalto executivo federal servidor trabalhar remoto teletrabalho escalar revezamento o presidência repúblico buscar continuamente manter o ambientar trabalhar o segurar e hesitar adotar procedimento complementar casar necessário informar o secretariar noto o ministro-chefe casar civil walter braga netto confirmar testar positivar o covid-19 o ministrar integrante governar expediente palácio planalto e o auxiliar escalão governar o confirmação positivo o coronavírus,saúde,04/08/2020 17h49 ,04/08/2020 17h49 ,https://noticias.uol.com.br/ultimas-noticias/agencia-brasil/2020/08/04/presidencia-da-republica-registra-178-casos-de-covid-entre-servidores.htm,1
10681,"

Juca Kfouri diz que uma criança viu mais títulos do Cruzeiro do que uma avó viu do Atlético #boato 
",Boato – O jornalista Juca Kfouri declarou que um menino de oito anos viu mais títulos do Cruzeiro do que uma avó de qualquer brasileiro viu do Atlético Mineiro.,criança ano título cruzeiro o vó brasileiro atlético mineiro … ” juca kfouri,entretenimento,,"
Edgard Matsuki ",https://www.boatos.org/esporte/juca-kfouri-crianca-titulos-cruzeiro-avo-atletico.html,0
10682,"Se País levar quebra de contrato ao limite, haverá colapso, diz presidente do BC  ",,o presidente banco central roberto campo neto n sábado live organizar xp investimento defeso manutenção contrato vigor evitar efeito negativo economia o quebrar contrato levar o o limitar haver colapso economia o comentário campo neto reforçar o visão expresso n sábado ministrar economia paulo guedes durante videoconferência representante setor varejar brasil guedes campo neto temer o quebrar generalizar contrato levar o colapso economia brasileiro empresar o crise pagar o aluguel pagar contrato querer colocar dinheiro mão pessoa honrar contrato campo neto entrar quebrar contrato danoso campo neto afirmar o brasil tomar medir atrasar haver crítico atrasar o brasil atrasar o presidente bc olhar país o brasil atrasar medir,saúde,04/04/2020 21h53 ,Fabrício de Castro e Márcio Rodrigues,https://economia.uol.com.br/noticias/estadao-conteudo/2020/04/04/se-pais-levar-quebra-de-contrato-ao-limite-havera-colapso-diz-presidente-do-bc.htm,1
10683,É #FAKE que mortes por Covid-19 cresceram na Suíça após país suspender uso da hidroxicloroquina,Mensagem falsa tem circulado na web. Escritório Federal de Saúde Pública da Suíça diz que não houve aumento de mortes no período mencionado.,vídeo compartilhar rede social mulher morte covid-19 suíço crescer o país suspender o hidroxicloroquina vídeo falir o aumentar mortalidade suíço semana o medicamentar suspenso país comedir junho “ o acontecer cercar taxar mortalidade e parar proibir totalmente o hidroxicloroquina passar ” o país decidir suspender o hidroxicloroquina estudar publicar revisto lancet o ineficácia remédio o covid e voltar o o medicamentar o artigo retirar circulação,saúde, 04/05/2021," Por Paula Paiva Paulo, G1 ",https://g1.globo.com/fato-ou-fake/coronavirus/noticia/2021/05/04/e-fake-que-mortes-por-covid-19-cresceram-na-suica-apos-pais-suspender-uso-da-hidroxicloroquina.ghtml,0
10684,Associação de Tênis dos EUA diz que ninguém deveria jogar durante pandemia  ,,o associação nacional tênis unir pedir hoje comunicar pessoa parir praticar o esporte durante o crise coronavírus interessar sociedade pausar coletiva o o praticar o esporte amar o associação médico acreditar existir o possibilidade o vírus responsável covid-19 transmitir compartilhamento bolar tênis maçaneta banco poste redar e superfície quadrar o levantamento recente universidade johns hopkins mostrar unir registrar caso oficiar coronavírus e morte decorrência covid-19 hoje o pesquisar o país comandar donald trump 28.667 caso e 1.094 morte,saúde,03/04/2020 21h20 ,03/04/2020 21h20 ,https://www.uol.com.br/esporte/tenis/ultimas-noticias/2020/04/03/associacao-de-tenis-dos-eua-diz-que-ninguem-deveria-jogar-durante-pandemia.htm,1
10685,Covid-19: cientistas descobrem americano com superanticorpos contra o coronavírus  ,,anticorpo john hollis potente imune s variante recém-descobertas sars-cov-2 o vírus causar o covid-19 o escritor americano john hollis ano achar iriar contrair o covid-19 amigar dividir o casar contaminar e ficar gravemente doente abril semana assustador contar john hollis semana esperar o doença atingir acontecer,saúde,16/03/2021 15h22 ,16/03/2021 15h22 ,https://noticias.uol.com.br/ultimas-noticias/bbc/2021/03/16/covid-19-cientistas-descobrem-americano-com-superanticorpos-contra-o-coronavirus.htm,1
10686,Arezzo vai doar 25 mil máscaras para ajudar no combate ao coronavírus  ,,ajudar o conter o disseminação coronavírus o arezzo&co responsável marcar calçar schutz anacapri e vans mobilizar fornecedor tecido e fábrica o produção máscara proteção o material doar região valer sino rir sul o fábrica regional ceder maquinários o produção lotar fornecedor embalagem assumir o organização máscara pacote distribuir parceria secretariar saudar campar hamburgo e secretariar saudar rs cuidar básico proteger coronavírus,saúde,26/03/2020 13h30 ,26/03/2020 13h30 ,https://economia.uol.com.br/noticias/redacao/2020/03/26/arezzo-vai-doar-25-mil-mascaras-para-ajudar-no-combate-ao-coronavirus.htm,1
10687,"

Jornalista alemão filma pessoas caídas nas ruas na China e diz, em áudio, que milhares morreram por causa do coronavírus #boato 
","Boato – Um jornalista alemão fez filmagens e fotos, de forma clandestina, de pessoas caídas nas ruas da China. Em áudio, ele disse que milhares de pessoas já morreram por causa do coronavírus e que devemos ficar o tempo todo em casa.",thomas acabar receber vídeo áudio jornalista alemão chino e filmagem clandestino informar o o situação verdadeiro tá totalmente escondido existir milhar pessoa morto eh pessoa cair chão ambulância correr o cidade o juntar pessoa cair chão hospital condição atender ninguém superlotar e o pandemia considerar mundial autoridade esconder o situação e pedir pra divulgar o vídeo pessoa tá divulgar mundo inteirar extremo eh periculosidade pedir pra evitar contato pessoa estranho pessoa falar evitar o contato ficar algum locar aglomeração pessoa né eh e ficar casar o tá situação extremamente perigoso mundo inteirar tá.e chino existir e milhão pessoa sair cidade cidade fechar e cuidar exército tá n dia janeiro tornar milhão pessoa o dia entrar sair chino simular vírus mundo inteirar e vírus terrível demorar dia pra pra aparecer né pra manifestar e s o pessoa existência o corpo tá fraco condição rápido e pessoa cair chão cair desmaiar igual desmaiar tá filho vou.vou passar áudio pro tiago e prevenir tomar cuidar o sério tá,mundo,30/01/2020,"
Edgard Matsuki ",https://www.boatos.org/mundo/jornalista-alemao-filma-pessoas-caidas-ruas-china-milhares-morreram-coronavirus.html,0
10688,Consórcio de veículos de imprensa lança campanha sobre importância da vacina contra Covid,,o vídeo campanha veicular tv globo globonews e g1 animação o locutor afirmar “ horar vacinar proteger e proteger vacinar campanha ” alan gripp diretor redação globo destacar o credibilidade consórcio ajudar o população o conscientizar o papel vacinação combater pandemia — o consórcio veículo imprensar iniciativo precedente o dimensão o pandemia exigir razão urgência consolidar confiar diariamente o horar o país garantir o vacinação coletivo e ficar d ricardo villela diretor jornalismo tv globo ressaltar o consórcio nascer suprir “ lacuna gravar ” — superar o pandemia o vírus chegar forçar e alcançar o jornalismo profissional preencher lacuna o campanha estímulo vacinação inaugurar passar natural o consórcio veículo concorrer si unir o coletivo motivar brasileiro o buscar o vacinar acordar manuel falcão diretor marcar e comunicação tv globo “ vacinar cuidar si outro família amigo sociedade ” — entender lembrar e junto dia veículo comunicação levar o sociedade e informação confiar o médio caso covid brasil achar importante novamente o o d e público reflexão humberto tziolas diretor redação extra o consórcio unir campanha vacinação extremamente importante o país e o mundo — o imunização massa voltar vidar normal e abraçar amigo diretor redação folhar s.paulo sérgio dávila ponderar haver sair o pandemia vacinar — caber o o jornalismo profissional divulgar informação vital — ressaltar — incompetência autoridade o consórcio inédito comunicação unir novamente reforçar o necessidade imunização nacional e contabilizar o porcentagem vacinar país murilo garavello diretor conteúdo uol lembrar o cotidiano intenso veículo imprensar entrar contato diariamente secretariar estadual saudar país e analisar o veracidade informação divulgar governar federal função assumir noticiário o início pandemia informar didática o imenso quantidade pesquisar científico desvendar ocorrer o disseminação covid-19 e mutação — dia jornalista consórcio trabalhar intensamente checar fato questionar autoridade traduzir linguagem acessível o enorme massa científico combater pandemia levar s pessoa o melhor informação — — unir garantir haver confiar o pandemia e junto vencer o desinformação e mostrar o vacinar o único alternativo o diretor jornalismo joão caminoto o promoção vacinar passar frente conter o covid-19 e fake news — o defeso e promoção vacinar passar crucial contenção covid significar basto s fake news o o negacionismo o o obscurantismo e valorizar o informação o ciência e o cidadania o o promover campanha seguir missão informar e conscientizar o sociedade,saúde, Publicado em  29/01/21 10:25 ,Extra,https://extra.globo.com/noticias/consorcio-de-veiculos-de-imprensa-lanca-campanha-sobre-importancia-da-vacina-contra-covid-24860549.html,1
10689,"OMS convoca Europa a intensificar medidas contra pandemia, que avança na Ásia  ",,copenhaga jan afp o oms pedir n quinta-feira o europa situação alarmante criar variante contagioso coronavírus medir o pandemia avançar ásia o japão declarar emergência tóquio situação alarmante o significar durante curtir período o diretor oms o europa hans kluge durante coletiva imprensar online medir base conhecer intensificar baixar o transmissão aliviar serviço o covid-19 e salvar vidar ressaltar,saúde,07/01/2021 09h25Atualizada em 07/01/2021 10h50 ,07/01/2021 09h25Atualizada em 07/01/2021 10h50 ,https://noticias.uol.com.br/ultimas-noticias/afp/2021/01/07/oms-convoca-europa-a-intensificar-medidas-contra-pandemia-que-avanca-na-asia.htm,1
10690,A surpreendente imagem de milhares de aves migrando captada por radar meteorológico,"De acordo com meteorologistas, o grupo ocupou um raio de pelo menos 145 km no céu.",enorme revoar pássaro migrar incomum — bando voar milhar quilômetros detectar evento raro segunda-feira 17/02 o radar serviço nacional meteorologia unir registrar o movimentação pássaro migrar américa sul o flórido condição atmosférico favorecer detectar pássaro levar horar sobrevoar o estação key west o ocupar raiar km meteorologista,ciência, 22/02/2020 15h10 , Por BBC ,https://g1.globo.com/natureza/noticia/2020/02/22/a-surpreendente-imagem-de-milhares-de-aves-migrando-captada-por-radar-meteorologico.ghtml,1
10691,Facebook oferece US$ 100 mi para ajudar jornais atingidos por pandemia de coronavírus  ,,"O Facebook anunciou hoje que doará US$ 100 milhões para os meios de comunicação atingidos pelas consequências econômicas da pandemia de coronavírus, citando a necessidade de informações confiáveis sobre a crise. ""O setor de notícias está trabalhando em condições extraordinárias para manter o público informado durante a pandemia de covid-19"", afirmou o diretor do Facebook responsável pelo relacionamento da rede com a mídia, Campbell Brown. ""Em uma época em que o jornalismo é mais necessário do que nunca, a receita com publicidade está diminuindo, devido ao impacto econômico do vírus"", acrescentou. ""Os jornalistas [de veículos] locais estão sendo atingidos, mesmo quando as pessoas procuram informações importantes para manter seus amigos, familiares e comunidades em segurança"", completou.",saúde,30/03/2020 13h22 ,30/03/2020 13h22 ,https://noticias.uol.com.br/ultimas-noticias/afp/2020/03/30/facebook-oferece-us-100-mi-para-ajudar-jornais-atingidos-por-pandemia.htm,1
10692,Chuvas não impedem desmatamento na Amazônia  ,,"vídeo compartilhar facebook e whatsapp médico parar contestar desmatamento amazônia divulgar instituto nacional pesquisar espacial inpe afirmar desmatar o florestar janeiro o julho chuvoso e permitir queimar alegação entanto falso o período chuva região amazônia novembro e março confirmar especialista entrevistar d especialista explicar impossível desmatar o florestar chuva acordar estação chuvoso haver região seco o sul amazônia transição o cerrar derrubar árvore método tratores e motosserras e esperar o estação seco queimar limpar o terreno preliminar coletados satélite e divulgar inpe site terra brasilis mostrar aumentar 212,4 desmatamento amazônia julho o o período ano anterior inpe questionar presidente jair bolsonaro contestar o veracidade reclamar divulgação e informação prejudicar o nome brasil exterior",brasil,31/07/2019 00h00 ,31/07/2019 00h00 ,https://noticias.uol.com.br/comprova/ultimas-noticias/2019/07/31/chuvas-nao-impedem-desmatamento-na-amazonia.htm,0
10693,É #FAKE que vídeo mostre profissionais de saúde dando as costas ao prefeito Bruno Covas em SP,Imagens foram feitas em hospital na Bélgica. Enfermeiros e outros profissionais protestaram contra a primeira-ministra Sophie Wilmès. Vídeo não tem nenhuma relação com o Brasil. ,vídeo mostrar profissional saudar frente o hospital virar costa veículo oficiar entrar prédio protestar bombado rede social mensagem circular juntar imagem tratar comitiva prefeito paulo brunir cova o vídeo gravar paulo bruxelas capital bélgica ocasião profissional saudar protestar o presença primeira-ministra belga sophie wilmès hospital saint-pierre o programar tv belga o unir registrar o protestar sábado acordar o reportagem cercar cem enfermeiro médico e auxiliar profissional limpeza e setor administrativo e bombeiro participar atar diverso veículo jornalístico mundo repercutir imagem e o notícia o inglês the guardian,saúde, 20/05/2020," Por Thaís Matos, G1 ",https://g1.globo.com/fato-ou-fake/coronavirus/noticia/2020/05/20/e-fake-que-video-mostre-profissionais-de-saude-dando-as-costas-ao-prefeito-bruno-covas-em-sp.ghtml,0
10694,Boletim de Ações Estratégicas Contra a Covid-19 - 22 de março de 2021,,dia 17/03/2021 e 22/03/2021 o ministério saudar portaria autorizar leito uti covid e leito suportar ventilatório pulmonar enviar assinatura e publicação diário oficial união o,saúde,22/03/2021 20h53,"É o Governo Federal trabalhando por você. Juntos, somos uma só nação!",https://www.gov.br/saude/pt-br/assuntos/noticias/boletim-de-acoes-estrategicas-contra-a-covid-19-22-de-marco-de-2021,1
10695,"

Mulher com Covid-19 é colocada em caixão e seria enterrada viva pelo governo de São Paulo #boato 
","Boato – Governo de São Paulo tenta enterrar viva mulher com Covid-19, mas parentes viram que ela se debatia dentro do caixão.",“ enterrar pessoa vivo o o trás ” “ urgente governar paulo enterrar pessoa vivo família desesperar o o perceber parente morto covid iriar enterrar viver ” “ pessoa supostamente vivo quase enterrar cemitério paulo receber vídeo diverso pessoa o mostrar velório o pessoa prestar o enterrar comedir o respirar e mexer levemente caixão pessoa velório desisperam e pedir socorrer supostamente cemitério luís conseguir afirmar ” “ urgente enterrar s pessoa vivo paulo peru /sp áudio o “ corpo ” sair upar peru e chegar cemitério o mulher debater caixão … ”,brasil,02/04/2021,"
Kyene Becker ",https://www.boatos.org/brasil/mulher-com-covid-19-colocada-caixao-seria-enterrada-vida-governo-sao-paulo.html,0
10696,"De máscara, Michelle Bolsonaro ouve piada em cerimônia e evita aproximação  ",,pronunciamento o primeira-dama michelle bolsonaro personagem destacar cerimônia posse ministrar justiçar andré mendonça e advogado-geral união josé levi mello amaral júnior palácio planalto brasília sentar o o fundir palco o presidente repúblico jair bolsonaro e o presidente supremo tribunal federal stf ministrar dia toffoli michelle pessoa palco vestir máscara respiratório medir proteção durante o pandemia coronavírus orientar oms organização mundial saudar e ministério saudar d joão otávio noronha presidente stj superior tribunal justiçar vestir o equipamento o o abrir discursar posse andré mendonça agradecer individualmente o presente primeira-dama e aproveitar piar descontrair o cerimônia excelente senhor presidente repúblico jair messias bolsonaro chefiar o nação excelente senhor primeira-dama dono michelle bolsonaro chefiar o presidente repúblico endereçar mendonça abertura discursar,saúde,29/04/2020 16h25Atualizada em 29/04/2020 18h53 ,29/04/2020 16h25Atualizada em 29/04/2020 18h53 ,https://noticias.uol.com.br/politica/ultimas-noticias/2020/04/29/de-mascaras-michelle-bolsonaro-ouve-piada-em-posse-e-evita-aproximacao.htm,1
10697,"Coronavírus: esgoto pode ser via de contágio, indicam estudos  ",,estudo o vírus o sars-cov-2 pulmão paciente infectar fato brasileiro pessoa nacionalidade pular esgotar acontecer recentemente o presidente jair bolsonaro o o contrário correr o riscar contrair doença contaminar o coronavírus estudo internacional realizar chino durante o quarentenar obrigatório e outro cingapura recém-publicados prestigioso revisto científico lancet gastroenterol hepatol mostrar paciente doença o material genético vírus apresentá-lo pulmão via respiratório,saúde,02/04/2020 19h12 ,Evanildo da Silveira - De Vera Cruz (RS) para a BBC News Brasil,https://noticias.uol.com.br/saude/ultimas-noticias/bbc/2020/04/02/coronavirus-esgotos-podem-ser-via-de-contagio-indicam-estudos.htm,1
10698,Portugal entra em situação de calamidade devido ao agravamento da pandemia de Covid-19 na Europa,País passará do estado de contingência para a situação de calamidade à 0h desta quinta-feira (15). ,"o agravamento pandemia covid-19 portugal decretar o status situação calamidade o 0h d quinta-feira o decisão o país passar o adotar medir rígido isolamento social conter o avançar sars-cov-2 território o decisão isolar país europeu impor regrar conter onda infecção o frança anunciar o restabelecimento emergência o sábado informação jornal público o governar português passar o exigir máscara ruir e limitar aglomeração pessoa loja restaurante e via público casamento e celebração pessoal permitir convidar o situação calamidade mantido dia o quinta-feira quarta-feira portugal registrar 89.121 caso confirmar e 2.110 morte acordar o organização mundial saudar oms terça-feira 1,2 caso o recordar caso confirmar ocorrer semana anterior registrar 1.646 caso",ciência, 14/10/2020 15h26 , Por G1 ,https://g1.globo.com/bemestar/coronavirus/noticia/2020/10/14/portugal-entra-em-situacao-de-calamidade-devido-a-agravamento-da-pandemia-de-covid-19-na-europa.ghtml,1
10699,"Após mudança de metodologia, estados passam a contabilizar casos antigos de Covid-19","Desde o começo do mês, o Ministério da Saúde acrescentou o diagnóstico por imagem para registrar casos e mortes por Covid-19; secretarias podem revisar dados anteriores.",mudança realizar ministério saudar metodologia definição caso covid-19 levar o somar caso antigo morte causar coronavírus balanço recente n quinta-feira o paulo acrescentar óbito ocorrer decorrer pandemia o amazona o inclusão morte antigo dia julho o ministério saudar permitir caso diagnóstico imagem tomografia notificar d o governar ampliar o definição caso clínico identificar consulto o médico e incluir possibilidade teste covid o mudança realizar inicialmente formulário plataforma sivep-gripe o notificar caso grave e morte síndrome respiratório,saúde, 13/08/2020 19h58 ," Por Fabio Manzano e Ana Carolina Moreno, G1 ",https://g1.globo.com/bemestar/coronavirus/noticia/2020/08/13/apos-mudanca-de-metodologia-estados-passam-a-contabilizar-casos-antigos-de-covid-19.ghtml,1
10700,"Mercado topa Bolsonaro semear covid, mas não retorno do auxílio emergencial  ",,o brasil isolamento social bocar o o longo ano passar presidente repúblico aliar coronavírus e excitar negacionistas o irar s ruir defeso autogolpe quarentenar totalmente obedecido resultar onda longo conectar refrescar pessoa e o economia consequentemente o auxílio emergencial continuar necessário o presidente senado rodrigar pacheco dem-mg afirmar corretamente o benefício assunto sobrevivência trabalhador e condicionar o ajuste fiscal haver defender o ministrar economia o saudar contar país importante o evitar o fome massa curtir o aprovação medir fiscal congresso jair messias silêncio torcer o voltar benefício o ajudar o estancar o sangria popularidade afirmar prorrogar e programar audiência popular comandar josé luiz datena jair messias toscar burro,saúde,09/02/2021 20h52 ,09/02/2021 20h52 ,https://noticias.uol.com.br/colunas/leonardo-sakamoto/2021/02/09/mercado-da-chilique-para-volta-do-auxilio-mas-nao-deu-para-o-negacionismo.htm,1
10701,edward mordrake o “ homem face demoníaco ” realmente existir,"será verdade que um homem chamado edward mordrake, que tinha duas faces, sendo uma delas na nuca, realmente existiu? bem, até hoje essa história é promovida por sites de cunho paranormal ou sobrenatural na internet, além de canais muito populares no youtube.",setembro o canal “ fato desconhecido ” youtube afirmar categoricamente edward existir durante o vídeo descrição archive.is o vídeo obter o cercar milhão e visualização,saúde,2/02/20192,marco faustino,https://www.e-farsas.com/edward-mordrake-sera-que-o-homem-da-face-demoniaca-realmente-existiu.html,0
10702,Autor lamenta uso de música em vídeo com Mario Frias: 'Não apoio sua visão'  ,,o compositor australiano scott buckley mostrar contrariar o utilização músico vídeo estrelar secretário especial cultura brasil mario frio o músico compartilhar visão político governar brasileiro o músico licença aberto e livremente campanha produzir secretariar especial comunicação social presidência repúblico secom rede social brasileiro questionar buckley o governar brasileiro extremo pagar faixar omega creditá-lo pagar definitivamente o visão político d o dinheiro d desvantagem lançar músico graça responder o músico,política,07/09/2020 15h10 ,07/09/2020 15h10 ,https://noticias.uol.com.br/politica/ultimas-noticias/2020/09/07/autor-lamenta-uso-de-musica-em-video-com-mario-frias-nao-apoio-sua-visao.htm,1
10703,Mortes por Covid-19 passam de 4 mil em todo o mundo,"Levantamento da Universidade Johns Hopkins aponta 4.087 vítimas fatais, 77% delas na China.",morte covid-19 ultrapassar o mundo n terça-feira monitoramento universidade johns hopkins o universidade americano 4.087 vítima fatal doença vítima chino 3.140 itália registrar morte o noite segunda-feira o agência proteção civil país morte registrar irã terço o coreia sul morte balançar governar o espanha e o frança atualização d terço johns hopkins morte registrar unir washington califórnio e flórido pessoa morrer japão iraque reinar unir holanda e austrália suíço alemanha e san marinar argentino egito líbano canadá e filipino e tailândia,ciência, 10/03/2020 09h14 , Por G1 ,https://g1.globo.com/bemestar/coronavirus/noticia/2020/03/10/mortes-por-covid-19-ultrapassam-as-4-mil-em-todo-o-mundo.ghtml,1
10704,"

Sargento só foi preso porque Bolsonaro retirou inviolabilidade de bagagens diplomáticas #boato 
","Boato – O sargento da Aeronáutica só foi preso agora porque Bolsonaro, sem comunicação prévia, retirou a inviolabilidade de bagagens diplomáticas nas comitivas presidenciais. A mídia esconde essa informação.",o sgt aeronáutico presar durante o viagem presidente bolsonaro o “ imprensar ” informar durante governo lula dilma e temer avião transportar homem comitiva presidêncial o tripulação o permissão itamarati revistar o sargento presar espanha kilos cocaina “ container ” mão haver participar voo preparação presidente lula presidente dilma e temer presar comunicação prévio o governar bolsonaro retirar o inviolabilidade bagagem diplomaticas comitiva presidênciais o imprensar informar,política,02/07/2019,"
Edgard Matsuki ",https://www.boatos.org/politica/sargento-preso-bolsonaro-inviolabilidade-bagagens-diplomaticas.html,0
10705,Renan aponta 11 contradições em depoimento da 'capitã cloroquina' na CPI  ,,relator cpi covid o senador renan calheiros mdb-al preparar documentar o o contradição depoimento secretário gestão trabalhar e educação saudar mayra pinheiro destaque declaração o tratamento precoce o cloroquina tratamento covid-19 — comprovadamente ineficaz — e o crise sanitário amazona o plataforma tratecov desenvolvido secretariar mayra citar senador o o questionar o aplicativo haver hackeado — o ex-ministro saudar eduardo pazuello — o secretário declarar e acusar jornalista sequência desmentir o versão alegar chamar hackeamento extração indevido procurar reportagem o defeso mayra encaminhar documento comprobatório restabelecer o secretário,política,25/05/2021 14h49Atualizada em 25/05/2021 19h12 ,Anaís Motta,https://noticias.uol.com.br/politica/ultimas-noticias/2021/05/25/renan-aponta-11-contradicoes-em-depoimento-da-capita-cloroquina-na-cpi.htm,1
10706,Colômbia estende fechamento de fronteiras terrestres e fluviais até 1º de junho,"As fronteiras deveriam ser reabertas em 1º de março; exceções à medida incluem transporte de carga, emergências de saúde e outras emergências",o colômbio manter fronteiro terrestre e fluvial fechar 1º junho conter o disseminação coronavírus informar o agência migração país n sábado baixar o guardar comunicar juan francisco espinosa diretor agência migração o covid distinção nacionalidade e dever seguir recomendação autoridade saudar superar pandemia junto fronteiro dever reaberto 1º março permanecer fechar exceções medir incluir transportar carga emergência saudar e emergência imprevisto o agência viagem aéreo afetadas regrar início d semana o governar iriar estender saudar emergência maio,saúde, 27/02/2021 15h48 , Por Reuters ,https://g1.globo.com/bemestar/coronavirus/noticia/2021/02/27/colombia-estende-fechamento-de-fronteiras-terrestres-e-fluviais-ate-1o-de-junho.ghtml,1
10707,Não há provas que Renan Calheiros soubesse de irregularidades na compra da Covaxin,,enganoso umar postagem o facebook afirmar o senador omar aziz e renildo calheiros irmão renan autor medir provisório permitir comprar vacinar indiano e renan sobrar supor esquema propinar o comprar covaxin o publicação basear especulação youtuber e apresentar nenhum provar o senador conhecimento supor esquema,saúde,2021-07-05,Comprova,https://projetocomprova.com.br/publicações/nao-ha-provas-que-renan-calheiros-soubesse-de-irregularidades-na-compra-da-covaxin/,0
10708,Meme confunde ao destacar Brasil em ranking de crescimento econômico  ,,meme compartilhar facebook misturar falso e verdadeiro o produto internar bruto pib brasileiro exaltar o governar jair bolsonaro verdade ranking elaborar agência classificação riscar austin rating o crescimento economia país trimestre d ano o nação — indonésio e unir falsar outro o aumentar pib o d o meme citar o austin rating fonte o ranking consultoria depender índice comparação o brasil colocar o pib medir o o trimestre anterior comparação o o trimestre ano passar o país cair,brasil,01/11/2019 12h26 ,01/11/2019 12h26 ,https://noticias.uol.com.br/comprova/ultimas-noticias/2019/11/01/meme-confunde-ao-destacar-brasil-em-ranking-de-crescimento-economico.htm,0
10709,"

TSE entregou código-fonte das urnas eletrônicas para a Smartmatic #boato 
",Boato – O TSE entregou o código-fonte das urnas eletrônicas para a empresa venezuelana Smartmatic em 2017. Agora está provada a fraude nas eleições de 2018.,o tse entregar o código-fonte urna eletrônicas parir o smartmatic artigo 7.62 o punição parir o traidor pátrio o supremo tribunal militar bomba o tse entregar o código fonte urna eletrônicas pra venezuelano smartmatic antar eleição enganar décadas!!!!tse entregar codigo fonte t.s.e entregar o códigos-fonte email protected eletrô[email protected brasileiro parir umar empresar venezuelano chamar smartmatic ex-secretário tecnologia informação giuseppe dutra janino o considerar “ pai urna eletrônica ”,política,09/08/2021,"
Edgard Matsuki ",https://www.boatos.org/politica/tse-entregou-codigo-fonte-urnas-eletronicas-smartmatic.html,0
10710,Falso chefe de gabinete de Flávio Bolsonaro é preso no RJ  ,,presar manhã hoje homem alegar chefe gabinete senador flávio bolsonaro psl entrar palácio guanabara executivo estadual rir janeiro o delegar federal marcelo bertolucci gsi gabinete segurança institucional governar desconfiar rapaz identificar robson santo silvar e investigar voz prisão o o farsante acordar o polícia civil o homem levar o 9ª dp catete autuar falso identidade e assinar circunstanciado o casar encaminhar o o juizado especial criminal jecrim,política,05/04/2021 21h00Atualizada em 05/04/2021 21h00 ,Tatiana Campbell,https://noticias.uol.com.br/politica/ultimas-noticias/2021/04/05/falso-chefe-gabinete-flavio-bolsonaro-e-preso.htm,1
10711,"'Fizemos nossa parte', diz Bolsonaro sobre covid no AM; estado vive colapso  ",,o presidente jair bolsonaro afirmar hoje o situação amazona o o coronavírus terrível isentar o governar federal e declarar recurso forçar armar mobilizar região assistência o o público saudar encontrar colapso e enfrentar problema grave vago uti e insuficiência cilindro oxigênio o equipamento fundamental tratamento caso covid-19 o gente o né problema manaus terrível o problema o recurso declarar o ministrar saudar eduardo pazuello segunda-feira providenciar oxigênio começar o tratamento precoce criticar,saúde,15/01/2021 10h34Atualizada em 15/01/2021 15h28 ,Hanrrikson de Andrade,https://noticias.uol.com.br/saude/ultimas-noticias/redacao/2021/01/15/fizemos-nossa-parte-diz-bolsonaro-sobre-covid-no-am-estado-vive-colapso.htm,1
10712,"

Felipe Neto disse “criança é que nem doce, eu como escondido” em post no Twitter #boato 
","Boato – Em publicação no Twitter, no youtuber Felipe Neto declarou a seguinte frase “criança é que nem doce, eu como escondido”.",lixar debater online o luís barroso stf limpar instituição imediatamente transformar o grave crime pedofilia doença o stf jogar lama ministro dever presar pedofilia o canalha perverter geração inteiro criança,entretenimento,27/07/2020,"
Edgard Matsuki ",https://www.boatos.org/entretenimento/felipe-neto-crianca-que-nem-doce-eu-como-escondido-post-twitter.html,0
10713,"

Engenheiro descobriu que apenas hospitais privados descobriram a cura para o coronavírus #boato 
",Boato – Engenheiro eletrônico estuda o novo coronavírus e descobre que a cura para a Covid-19 está disponível apenas em hospitais privados e tem a ver com cloroquina e estudo italiano.,“ engenheiro descobrir importante e chocante o coronavírus curar saudar privar milhar pessoa morrer brasil vítima politização saudar público o estudar médico brasileiro o saudar o serviço político – diagnóstico … leitura e vasculhar publicar o respeitar áudio e vídeo especialista brasileiro e papers língua inglesar importante descobrir o investigação levar o inquietar estudioso entender o processar o coronavírus atacar o organismo humanar caso levar o óbito o descobrir importante – e milhar médico mundo perceber – o covid-19 curar tratar sintoma precocemente … ministrar adequadamente e certar remédio utilizar hospital particular evitar o agravamento pessoa contaminar covid-19 impedir o doença evoluir fase gravar e letal fase o engenheiro dedicar longo horar estudo ouvir especialista mundo vídeo publicação científico depoimento profissional estrangeiro e brasileiro principalmente chamar médico “ trincheira ” aceitar risco front e manter contato permanente e direto paciente contaminar o coronavírus … ”,saúde,16/06/2020,"
Kyene Becker ",https://www.boatos.org/saude/engenheiro-descobriu-hospitais-privados-cura-coronavirus.html,0
10714,"Post força comparação entre vacinas em teste e a cloroquina, que não tem eficiência comprovada contra a covid-19",,paulo proibir o cloroquina e o hidroxicloroquina afirmar postagens facebook e twitter publicação comparação forçar o medicamentar haver ano tratamento doença eficiência comprovar o coronavírus e vacinar testar,saúde,2020/10/23,Comprova,https://projetocomprova.com.br/publicações/post-forca-comparacao-entre-vacinas-em-teste-e-a-cloroquina-que-nao-tem-eficiencia-comprovada-contra-a-covid-19/,0
10715,Protocolo italiano para atendimento domiciliar contra covid-19 não tem relação com “tratamento precoce”,,o senado italiano decidir abril criação protocolo único atendimento domiciliar pessoa infectar covid-19 postagem deputar eduardo bolsonaro facebook celebrar o aprovação itália medicamento tratamento imediato o covid-19 o aproximar o decisão italiano tratamento precoce defender médico e político brasil protocolo diferente,saúde,2021/04/28,Comprova,https://projetocomprova.com.br/publicações/protocolo-italiano-para-atendimento-domiciliar-contra-covid-19-nao-tem-relacao-com-tratamento-precoce/,0
10716,Critiquei duramente a invasão de gabinete de líder de Bolsonaro no Senado  ,,"vergonha caro único critério avaliar importar outro balcão criticar duramente o invasão gabinete líder governar senado fernando bezerro mdb-pe dia setembro ano passar o autorização ministrar roberto barroso seguir trecho escrever o ministrar justiçar sergio morar o subordinar o polícia federal e o lavar jato arreganhar dente o presidente jair bolsonaro e o congresso e contar o ajudar roberto barroso ministrar supremo disputar edson fachin o condição braço operação tribunal o troçar entanto truculento e injustificar o ação esconder aspecto desesperar o líder governar senado fernando bezerro coelho mdb-pe e filhar o deputar federal fernando coelho filhar dem-pe alvo mandar buscar e apreensão âmbito operação desintegração apurar suposto desvio verba obrar infraestrutura nordeste desvio acontecer e o o expedir mandar o ação especialmente excrescente o procuradoria repúblico haver rejeitar expediente casar senador ler o acusação surpreender ações mirabolante atribuir o acusar ocultar o suposto movimentação r$ 5,538 milhão seriar oriundo obrar região — incluir o transposição rir francisco o senador ministrar integração nacional janeiro e outubro",política,22/07/2020 07h45 ,22/07/2020 07h45 ,https://noticias.uol.com.br/colunas/reinaldo-azevedo/2020/07/22/critiquei-duramente-a-invasao-de-gabinete-de-lider-de-bolsonaro-no-senado.htm,1
10717, Mourão não publicou post dizendo que começou a incomodar governo Bolsonaro  ,,o texto suposto postagem vice-presidente hamilton mourão prtb twitter ciúme despertar bastidor governar bolsonaro compartilhar usuário rede social senso e gentileza entrevisto despertar ciúme presidente filho ministro e primar carlos.até olavo carvalho ameaçar empurrar bordar terra trair o capitão.sinto comedir o incomodar internautas admitir importar o veracidade postagem comentar independente mourão frase acima o conteúdo corresponder realidade o temer abordar comentaristas político o campanha o candidatar vice-presidência expressar opinião diferente jair bolsonaro,política,21/02/2019 04h01 ,Anita Grando Martins,https://noticias.uol.com.br/confere/ultimas-noticias/2019/02/21/mourao-nao-publicou-post-sobre-ciumes-que-tem-despertado.htm,0
10718,É #FAKE que vídeo mostra deputado marcando presença para colegas na Câmara,"Vídeo tem bombado no Facebook e no WhatsApp. Ele mostra, na verdade, parlamento da Ucrânia e já circula nas redes desde 2017.",circular rede social vídeo mostrar homem terno colocar cartão computador mesa parlamentar plenário o vídeo acompanhar legendar funcionário câmara deputar registrar presença deputar haver e e agendar salvar o brasil o vídeo gravar brasil circular usuário twitter ler europeu junho o tuíte original mencionar o verkovna rada o legislativo ucrânia o o vídeo utilizar montagem mensagem falso circular acompanhar legendar cambar f.d.p deputar marcar presença semana carnaval .... o mundo inteirar vergonha compartilhar 👇 👇 👇 👇 o g1 desmentir o montagem,política, 11/06/2019," Por Roney Domingos, G1 ",https://g1.globo.com/fato-ou-fake/noticia/2019/06/11/e-fake-que-video-mostra-deputado-marcando-presenca-para-colegas-na-camara.ghtml,0
10719,"

Mourão pede intervenção militar em discurso de 2021 e dá xeque-mate no STF #boato 
","Boato – O vice-presidente, general Hamlton Mourão, perdeu a paciência com o STF e, em 2021, deu um “xeque-mate” no Supremo ao pedir intervenção militar em um discurso.",versão vice-presidente general hamilton mourão entrevisto xeque -mate o stf versão urgente general mourão chutar o baldar diálogo stf versão “ intervenção militar ” mourão alertar o o judiciário,política,18/04/2021,"
Edgard Matsuki ",https://www.boatos.org/politica/mourao-xeque-mate-stf-pedir-intervencao-militar-discurso-2021.html,0
10720,"

Avião de Emmanuel Macron é flagrado com 225 quilos de cocaína na França #boato 
","Boato – O avião oficial do presidente da França, Emmanuel Macron, foi descoberto com 225 quilos de cocaína pura. Parece que não é só o avião da FAB.",mundo gigantesco avião macron kilos cocaína puro o avião fab … kg cocaína encontrar o bordar avião presidente francês emmanuel macron!o avião prestar o decolar o aeroporto le bourget helicóptero dever recuperar o precioso carga e entregá-la endereçar “ nobre ” parir informar polícia francês investigador descobrir o carga precioso destinar,mundo,,"
Edgard Matsuki ",https://www.boatos.org/mundo/aviao-emmanuel-macron-flagrado-225-quilos-cocaina-franca.html,0
10721,o homem flagrar bater criança espancar o prisão,,o notícia compartilhar whatsapp o dia setembro horar o vídeo homem agredir umar criança espalhar pelar web acordar o texto o agressor acabar entrar o cela prisão espancar outro presar quase o morte,entretenimento,23/09/2019,gilmar lopes,https://www.e-farsas.com/o-homem-flagrado-batendo-em-crianca-foi-espancado-na-prisao.html,0
10722,"

Assine petição pelo fechamento do STF compartilhando link no WhatsApp #boato 
","Boato – Entre no site petiçãopublica.org, assine uma petição pelo fechamento do STF e compartilhe um link com amigos no WhatsApp. Você vai conseguir muito com isso.",assinar stf contrubuir o fechamento d órgão beneficiar corrupto o brasil preciso reformar urgente assinar o petição chegar o milhão assinatura chegar defender corrupto peticaopublica.org petição fechamento stf chegar defender corrupto,entretenimento,12/04/2020,"
Edgard Matsuki ",https://www.boatos.org/tecnologia/assine-peticao-fechamento-stf-compartilhando-link-no-whatsapp.html,0
10723,A semana em que Bolsonaro esculhambou de vez a Presidência da República  ,,"Desde que estreou como presidente da República, Jair Bolsonaro tem se dedicado com afinco a bagunçar a institucionalidade do cargo. Xinga adversários, humilha aliados, bate boca com chefes de Estado, solta palavrões em discursos, dissemina fake news, nega a alarmante devastação ambiental, recomenda à população remédios inócuos contra o coronavírus e por aí vai. Mesmo para o padrão de balbúrdia mantido desde janeiro de 2019, porém, Bolsonaro bateu o próprio recorde na última semana. Superou todas as expectativas negativas. O ato mais ruidoso foi cancelar o acordo que seu ministro da Saúde, general Eduardo Pazuello, tinha firmado no dia anterior para compra de 46 milhões de doses da vacina CoronaVac, que o presidente insiste em chamar de vacina chinesa. Deixou claro, dessa forma, que não dá a mínima para a saúde dos brasileiros e coloca a disputa pré-pré-eleitoral com João Doria à frente de tudo.",política,25/10/2020 12h31 ,25/10/2020 12h31 ,https://noticias.uol.com.br/colunas/chico-alves/2020/10/25/a-semana-em-que-bolsonaro-esculhambou-de-vez-a-presidencia-da-republica.htm,1
10724,Publicação usa imagens antigas como sendo de obras do governo Bolsonaro,,imagem post comparar governo petistas o o bolsonaro anterior atual gestão verificar imagem comparar locar diferente,política,2020/06/30,Comprova,https://projetocomprova.com.br/publicações/publicacao-usa-imagens-antigas-como-sendo-de-obras-do-governo-bolsonaro/,0
10725,"Covid-19: Brasil terá de repensar estratégia para sair da crise, alerta OMS  ",,o organização mundial saudar oms alertar haver solução mágico covid-19 brasil alertar o país precisar percorrer longo sair crise e sugerir autoridade país repensar estratégia querer superar o pandemia o situação brasil continuar preocupação relatar caso mike ryan diretor operação oms citar caso diário e morte destacar o transmissão continuar intenso e alertar existir roto hoje sair crise ryan o etapa preciso o suprimir transmissão comunitário parceiro forte governar federal estadual e comunidade defender o irlandês n segunda-feira coletiva imprensar genebra avaliação o governar país criar condição impedir o vírus transmitir e estabelecer arquitetura segurança detectar caso e criar situação o proliferação dificultar principalmente aglomeração o especialista admitir fácil e difícil implementar ryan deixar claro roto sair situação longo brasil e país viver intenso transmissão e exigir compromisso sustentável liderança haver balir mágico o vírus insistir,saúde,03/08/2020 08h03Atualizada em 03/08/2020 11h12 ,03/08/2020 08h03Atualizada em 03/08/2020 11h12 ,https://noticias.uol.com.br/colunas/jamil-chade/2020/08/03/brasil-tera-de-repensar-estrategia-para-sair-da-crise-alerta-oms.htm,1
10726,"Cassada pelo TSE, 'Moro de saias' ganha sobrevida no Senado graças à crise do coronavírus  ",,cassar justiçar eleitoral dezembro o senador juiz selma podemos-mt morar sair ganhar sobrevida cargo e continuar receber salário e benefício função o situação arrastar apurar o broadcast político notícia real o decisão tribunal superior eleitoral tse o senado o ritmar afastamento parlamentar fevereiro d ano o crise coronavírus interferir agendar casar e adiar eleição o vago matar grosso deixar selma cadeira o mesa diretora senado avaliar discutir o cassação semana o senador ganhar o apelidar morar sair juiz matar grosso eleito e exercer o mandatar o o longo ano cassar prático caixa e abusar econômico campanha admitir realizar gasto alegar o declarar despesa período,saúde,10/04/2020 13h56 ,Daniel Weterman,https://noticias.uol.com.br/ultimas-noticias/agencia-estado/2020/04/10/cassada-pelo-tse-juiza-selma-ganha-sobrevida-de-quatro-meses-no-senado.htm,1
10727,É #FAKE cartaz com cronograma de vacinação contra a Covid-19 no estado de SP,"Governo de SP chegou a divulgar datas para imunização de grupos prioritários e idosos, mas cronograma foi suspenso após compra de todo o estoque da CoronaVac pelo governo federal.",circular rede social e aplicativo mensagem cartaz apresentar cronograma vacinação paulo datar imunização idoso e jovem acordar o mensagem o vacinação comedir dia janeiro profissional saudar e indígena e terminar julho o imunização criança e jovem ano criança previsto estratégia vacinação o covid-19 o ministério saudar o motivar principal riscar doença o estudo imunizante faixar etário o calendário oficial o o referir campanha vacinação covid-19 paulo o governar noto o campanha começar dia janeiro o vacinação paulo começar o aprovação anvisa emergencial coronavac,saúde, 26/01/2021," Por Paula Paiva Paulo e Roney Domingos, G1 ",https://g1.globo.com/fato-ou-fake/noticia/2021/01/26/e-fake-cartaz-com-cronograma-de-vacinacao-contra-a-covid-19-no-estado-de-sp.ghtml,0
10728,Monica Iozzi diz que irmã pegou covid-19 e critica empresa dela: 'Egoísmo'  ,,"Monica Iozzi contou aos seus seguidores no Instagram, hoje, que sua irmã mais nova foi diagnosticada com a covid-19. A atriz se mostrou revoltada pelo fato de a irmã não ter tido a opção de trabalhar em casa e criticou seus chefes. ""Ela não pode fazer a quarentena. O dono da empresa em que ela trabalha não permitiu que seus funcionários trabalhassem de casa"", escreveu a artista, destacando que a irmã não trabalha em um serviço essencial e que poderia realizar o trabalho de casa. ""Mesmo avisando a empresa de que ela mora com a minha mãe [Vanda], uma senhora de 68 anos, que faz parte do grupo de risco, ela não pode fazer home office [trabalho em casa]."" ""É isso que dá o Estado não fazer o que tem de ser feito. Não dá para não colocar a vidas das pessoas em risco apenas 'recomendando' que os empresários respeitem a quarentena. O egoísmo, a ganância e a irresponsabilidade de alguns empresários e governantes ainda vão matar muita gente. Que momento triste que vivemos, que revoltante"", concluiu, em uma série de mensagens postadas na função stories da rede social.",saúde,02/06/2020 18h38 ,02/06/2020 18h38 ,https://tvefamosos.uol.com.br/noticias/redacao/2020/06/02/monica-iozzi-diz-que-irma-pegou-covid-19-e-critica-empresa-dela-egoismo.htm,1
10729,Do delivery às vendas para vizinhos: como o setor de alimentação se adapta para resistir à pandemia  ,,dono restaurante carlota carla pernambuco deixar o alto gastronomia eclética vender marmita o morador higienópolis bairro nobre zonar oeste paulo cardápio o chef batizou cozinhar trivial chic brasileiro dia o dia público feijoada picado pernil assar polpetones e acarajé o o preço médio r$ formar restaurante sofisticar soho york e festejar chefs cozinhar país carla ano mudar o focar negócio mantê-lo tonar pandemia ano bairro classe médio alto dia confinamento o pessoa comer entregar confort food comido resgatar o afetiva adaptar viagem,saúde,27/05/2020 18h46 ,Daniele Madureira - De São Paulo para a BBC News Brasil,https://economia.uol.com.br/noticias/bbc/2020/05/27/do-delivery-as-vendas-para-vizinhos-como-setor-de-alimentacao-se-adapta-para-resistir-a-pandemia.htm,1
10730,"

STF autorizou o monitoramento de chamadas e mensagens no WhatsApp a partir de amanhã #boato 
","Boato – A partir de amanhã, haverá o monitoramento de chamadas e mensagens no WhatsApp, Twitter, Facebook e outras plataformas. No Brasil, o STF já autorizou o monitoramento.",o amanhã o mundo existir regrar comunicação governo europa américa norte e américa sul chegar o acordar o whatsapp twiter facebook e canal comunicação chamar gravar registro chamar telefônicas gravar mensagem e chamar whatsapp gravadas.o twitter monitorado brasil o stf autorizar o monitoramento o facebook monitorado mídias e fórum social monitorados.por informar dispositivo conectar o departamental governar federal e governo mundo ação monitorar o crime organizar e terrorismo cuidar enviar mensagem informação desnecessário contrário o governo lei e moralidade evitar informação sensível sensível o amigo e familiares.diga o filho e cuidado!é importante transmitir mensagem hoje o amanhã existir vigilância país mundo incrível certar envie-o hoje o ente querido e amigo o escrever falir e piar realidade,entretenimento,12/07/2020,"
Edgard Matsuki ",https://www.boatos.org/tecnologia/stf-autorizou-monitoramento-chamadas-mensagens-whatsapp-a-partir-de-amanha.html,0
10731,É #FAKE que pesquisa do MIT concluiu que o coronavírus não é transmitido em locais com temperaturas acima de 20ºC,"Uma análise prévia feita por cientistas do instituto diz apenas que temperatura pode diminuir o contágio. Ainda assim, estudo faz várias ressalvas e conclui: 'Nossos resultados de forma alguma sugerem que o Sars-CoV-2 não se espalha em regiões úmidas e quentes e intervenções eficazes de saúde pública devem ser implementadas em todo o mundo para diminuir a transmissão'.",mensagem circular rede social o coronavírus sobreviver o temperatura acima 20ºc e atribuir informação o pesquisador mit instituto tecnologia massachusetts pesquisador renomado instituto fato realizar análise prévio o impactar temperatura transmissão coronavírus nenhum autor estudar qasim bukhari e yusuf jameel o vírus propagar temperatura elevar o o pesquisar o caso confirmar registrar locar temperatura 3ºc e 17ºc pesquisador colocar ressalvar analisar ​​estão mudar rapidamente e haver incógnito incluir o vírus evoluir reprodutivo e o maneiro dominante espalhar,mundo, 28/03/2020, Por G1 ,https://g1.globo.com/fato-ou-fake/noticia/2020/03/28/e-fake-que-pesquisa-do-mit-concluiu-que-o-coronavirus-nao-e-transmitido-em-locais-com-temperaturas-acima-de-20oc.ghtml,0
10732,deputar aprovar o bahia lei expulso o orixás,é verdade que foi aprovado um projeto de lei que expulsa todos os orixás e crenças de origem africana do estado da bahia?,o notícia surgir rede social semana julho e publicar diverso site e blogs acordar o texto projeto lei apresentar assembleia legislativo bahia pedir o entregar santo trindade o projeto lei n.º 23.227/2019 objetivo retirar o território baiano controlo entidade e entregá-lo santo trindade pai filhar e espírito santo autoria deputar pastor evangélico e projeto lei aprovar colega e virar lei,política,14/07/2019,gilmar lopes,https://www.e-farsas.com/deputados-aprovaram-na-bahia-lei-que-expulsa-os-orixas-do-estado.html,0
10733,Casos de coronavírus e número de mortes no Brasil em 17 de maio,"As secretarias estaduais de Saúde confirmam no país 240.991 casos do novo coronavírus (Sars-CoV-2), com 16.122 mortes.",o coronavírus brasil n domingo levantamento exclusivo g1 juntar s secretariar estadual saudar registrar 16.122 morte provocar covid-19 e 240.991 caso confirmar doença o país o balançar ministério saudar divulgar n domingo informar 16.118 morto e 241.080 caso consultar caso e morte haver cidade cidade mortalidade e incidência caso norte e nordeste gráfico,ciência, 17/05/2020 11h38 , Por G1 ,https://g1.globo.com/bemestar/coronavirus/noticia/2020/05/17/casos-de-coronavirus-e-numero-de-mortes-no-brasil-em-17-de-maio.ghtml,1
10734,Eleições municipais 2020: como se saíram os candidatos apoiados por Bolsonaro em post apagado no Facebook  ,,o presidente jair bolsonaro resolver apagar publicação indicar candidato o prefeito vereador e senador casar matar grosso resultar eleição começar o aparecer noite o presidente explicar o motivar excluir o lista recomendação o publicação feito véspera votação incluir candidato indicar bolsonaro o o postar prefeito chegar o o turno,política,16/11/2020 13h02 ,16/11/2020 13h02 ,https://noticias.uol.com.br/eleicoes/bbc/2020/11/16/eleicoes-municipais-2020-como-se-sairam-candidatos-apoiados-por-bolsonaro-em-post-apagado-no-facebook.htm,1
10735,É #FAKE que vídeo mostre filho e neta de Andrea Bocelli cantando música eternizada pelo tenor,Boato tem viralizado nas redes. Mas pai e filha moram na África do Sul e não são parentes do cantor italiano.,circular rede social vídeo homem e menino cantar con partirò músico ficar voz andrea bocelli legendar o filhar e o neto tenor italiano basto atenção o pequeno detalhar vídeo haver o endereçar simples buscar google levar paginar facebook n apresentar o duplo pai e filho emma-jean e adrian galliard apresentar variedade covers e canção originar agradecimento agência checagem afp desmentir o história parente bocelli,entretenimento, 21/08/2020," Por Roney Domingos, G1 ",https://g1.globo.com/fato-ou-fake/noticia/2020/08/21/e-fake-que-video-mostre-filho-e-neta-de-andrea-bocelli-cantando-musica-eternizada-pelo-tenor.ghtml,0
10736,Opas pede que Brasil aumente testagem e passe 'mensagem consistente'  ,,"o organização pan-americana saudar opar braço organização mundial saudar oms américas afirmar hoje o brasil preciso ampliar o testagem covid-19 realizar combater eficiente o o vírus o órgão reforçar o necessidade autoridade passar mensagem consistente população o esforço conter o avançar doença o opar constantemente pedir o o brasil aumentar o teste pedir o mensagem população consistente haver mensagem consistente o população confundir preocupar o opar alertar marco espinal diretor departamento doença transmissível opar ciente necessidade o ministério saudar pretender testar população — equivalente o milhão pessoa acordar o ministrar interino eduardo pazuello o pastar distribuir 11,3 milhão unidade início o interino reconhecer o país conseguir cumprir o meter original ministério milhão exame o questionar estadão o brasil ministrar efetivo saudar maio nelson teich pedir demissão espinal minimizar o situação o diretor reafirmar o importância ampliar o testagem e realizar comunicação claro o população manter medir necessário o reabertura economia",saúde,30/06/2020 16h15 ,Guilherme Bianchini,https://noticias.uol.com.br/ultimas-noticias/agencia-estado/2020/06/30/opas-pede-que-brasil-aumente-testagem-e-passe-mensagem-consistente.htm,1
10737,"Olavo de Carvalho recorre para não pagar indenização de R$ 2,9 mi a Caetano  ",,"o ideólogo olavo carvalho considerar o guru clã bolsonaro recorrer justiçar o decisão determinar o pagamento r$ 2,9 milhão o o cantor e compositor caetano veloso e depositar valorar determinar o informação confirmar advogar caetano passar o juiz renata castrar 50ª varar cível rir janeiro condenar olavo o pagar o dia descumprimento liminar determinar o exclusão publicação associar caetano o atos pedofilia publicação feito originalmente olavo olavo referir o o romance caetano o produtor paula lavigne ano e ficar casar ano romper o casal filho reatar o união",política,01/11/2020 14h29 ,Gabriel Sabóia,https://noticias.uol.com.br/politica/ultimas-noticias/2020/11/01/olavo-de-carvalho-recorre-para-nao-pagar-indenizacao-de-r-29-mi-a-caetano.htm,1
10738,"

FBI e CIA descobrem que professor é espião do governo chinês no Brasil #boato 
","Boato – O FBI e a CIA descobriram que o professor Evandro Menezes de Carvalho, da FGV e UFF, é um espião do governo chinês no Brasil. MI6 também descobriu isso.",urgente fbi e ciar descobrir espião governar chinês brasil revelação espião detectar evandro menezes carvalho coordenador estudo brasil /china fundação getúlio varga descobrir fbi e ciar espião o brasil evandro menezes carvalho brasileiro globalista espiao chinar brasil conformar apuracao fbi documento secreto ciar e fbi o reportagem acesso revelar o serviço inteligência governar chinês recrutar professor brasileiro direito internacional serviço espionagem objetivo cooptar agente político brasileiro criar ambientar favorável empresar chinês huawei o concessão tecnologia g brasil o agência inteligência britânico mi6 o informação acordar o documentar americano encontro espião membro comunista chinês ocorrer europa,brasil,08/08/2020,"
Edgard Matsuki ",https://www.boatos.org/brasil/fbi-cia-descobrem-professor-espiao-governo-chines-brasil.html,0
10739,Enfermeiro distorce dados para dizer que ivermectina evita mortes pela covid-19,,haver pesquisar comprovar o sucesso ivermectina salvar vidar paciente covid-19 tampouco etiópia e austrália distribuir o medicamentar o população mencionar vídeo investigar,saúde,2020/08/19,Comprova,https://projetocomprova.com.br/publicações/enfermeiro-distorce-dados-para-dizer-que-ivermectina-evita-mortes-pela-covid-19/,0
10740,"

Leroy Merlin está dando churrasqueira a gás de Dia dos Pais no WhatsApp #boato 
","Boato – A Leroy Merlin está dando churrasqueiras grátis a gás de Dia dos Pais. Para ganhar, você precisa entrar em um site, responder a três perguntas e compartilhar link com amigos no WhatsApp.",presentear o pai exclusivo churrasqueira o gás leroy merlin sortear responder ganhar clicar “ ” e seguir instrução promoção válido agostar esgotar estoques.responda o perguntar – o único loja churrasqueira o gás o pai c&c leroy merlin telhanorte dicico – selecione o cor desejar inox preto – desejar compartilhar promoção contatos e ganhar brindar surpreso nãojá reservar o churrasqueira o gás seguir indicação compartilhar ofertar contatos e whatsapp completar o barrir inferior whatsapp enviar dia útil 0%100,entretenimento,05/08/2020,"
Edgard Matsuki ",https://www.boatos.org/tecnologia/leroy-merlin-esta-dando-churrasqueira-a-gas-dia-dos-pais-whatsapp.html,0
10741,É #FAKE texto que diz que usar celular no escuro causa câncer no olho,Mensagem circula em redes sociais no Brasil e no exterior. Especialistas desconhecem casos e dizem que texto não tem base científica. Alerta não foi feito por pesquisadores citados.,circular rede social mensagem o aparelhar celular escuro provocar câncer olhar e o alertar pesquisador eua especialista ouvir fato fake afirmar o texto apresentar evidência científico o afirmar wallace chamon membro brasileiro oftalmologia cbo “ completamente falso informação comedir o o universidade nenhum estudar e chamar câncer olhar o maculopatia maculopatia doença cancerígeno existir nenhum indício iluminação causar o ”,ciência, 14/11/2018," Por Roney Domingos, G1 ",https://g1.globo.com/fato-ou-fake/noticia/2018/11/14/e-fake-texto-que-diz-que-usar-celular-no-escuro-causa-cancer-no-olho.ghtml,0
10742,corintiano oferecer umar noite suar esposo trocar ingresso,,o semana abril o notícia torcedor wellington machadar começar o espalhar pelar web acordar o texto o corintiano anunciar trocar umar noite amor o suar jovem esposar ingressar parir o paulistão futebol entrar corinthians e paulo,entretenimento,12/04/2019,gilmar lopes,https://www.e-farsas.com/um-corintiano-ofereceu-uma-noite-com-sua-esposa-em-troca-de-ingressos.html,0
10743,"Clínicas privadas esperam vacina em abril, mas processo é longo e incerto  ",,auge onda pandemia covid-19 brasil geraldo barbosa presidente abcvac associação brasileiro clínico vacinar pessimista o participação clínico privar imunização o doença haver vacinar disponível barbosa o espírito mudar novembro o laboratório indiano bharat biotech mostrar aberto o comercializar dose vacinar desenvolver o covaxin o iniciativo privar o único e o presidente abcvac dia janeiro o associação anunciar acordar comprar milhão dose o notícia suficiente cliente passar o ligar clínico buscar informação redar presentar brasileiro chegar o enviar quarta-feira passar comunicar o cliente alertar o empresar realizar cadastro lista esperar reservar o vacinação o covid-19 noto o redar assumir haver o intenção comprar garantir concretização,saúde,31/01/2021 10h55 ,Guilherme Castellar,https://noticias.uol.com.br/saude/ultimas-noticias/redacao/2021/01/31/vacinas-clinicas-privadas.htm,1
10744,"Brasil chega a 10 milhões de vacinados contra covid, 4,76% da população  ",,"Nesta segunda-feira (15), o Brasil atingiu 10 milhões de vacinados contra a covid-19. No total, 10.081.771 pessoas receberam pelo menos uma dose de vacina, o que corresponde a 4,76% da população do país. O levantamento é do consórcio de veículos de imprensa do qual o UOL faz parte, baseado nos dados fornecidos pelas secretarias estaduais de saúde. De ontem para hoje, a primeira dose da vacina foi aplicada em 365.313 brasileiros. Outros 104.171 receberam a segunda dose no mesmo intervalo. Até agora, foram aplicadas as duas doses em 3.672.422 pessoas, conforme o recomendado pelos laboratórios que produzem a CoronaVac e a Oxford/AstraZeneca. O número equivale a apenas 1,73% da população brasileira.",política,15/03/2021 20h08Atualizada em 16/03/2021 10h42 ,15/03/2021 20h08Atualizada em 16/03/2021 10h42 ,https://noticias.uol.com.br/saude/ultimas-noticias/redacao/2021/03/15/vacinacao-covid-19-coronavirus-15-de-marco.htm,1
10745,É #FAKE que banho muito gelado ou muito quente combate o novo coronavírus,Receita alternativa para impedir a infecção pelo vírus tem sido compartilhada em redes sociais. Autoridades de saúde refutam medida.,"circular rede social mensagem afirmar tomar banhar quentar frio prevenir o contágio combater o coronavírus o organização mundial saudar oms afirmar tomar banhar quentar impedir ninguém o covid-19 o temperatura corporal normal permanecer tornar 36,5ºc o 37ºc independentemente temperatura banhar chuveiro verdade tomar banhar água extremamente quentar prejudicial provocar queimadura o entidade",ciência, 20/03/2020, Por G1 ,https://g1.globo.com/fato-ou-fake/noticia/2020/03/20/e-fake-que-banho-muito-gelado-ou-muito-quente-combate-o-novo-coronavirus.ghtml,0
10746,"

Frutamida é descoberta como a cura da Covid-19 #boato 
",Boato – Médico anuncia que a Frutamida é a cura da Covid-19. É um remédio de baixo custo contra o coronavírus.,nome jesus cristo glória o deus médico revelar descobrir o curar covid manipular o frutamida remédio custar frutamida – o curar luzir túnel aleluia dia bjs,saúde,08/04/2021,"
Edgard Matsuki ",https://www.boatos.org/saude/frutamida-descoberta-como-cura-covid-19.html,0
10747,"

Casa de Ronnie Lessa, assassino de Marielle, pertence a Bolsonaro #boato 
","Boato – Ronnie Lessa, Preso por ser o assassino de Marielle Franco, possui casa que pertence ao presidente Jair Bolsonaro no Rio de Janeiro.",“ urgente imóvel luxar morar assassinar mariele declaração bolsonaro ” “ imovel morar assassinar marielle pertencer o bolsonaro comforme declarar ultimar declaração ” “ lascar imóvel morar o supor assassinar marielle propriedade bolsonaro ” “ o imóvel assassinar marielle nome bolsonaro ” “ verdade e garantir verdadeiro bomba imovel assassinar marielle pertencer o bolsonaro ”,brasil,15/03/2019,"
Kyene Becker ",https://www.boatos.org/brasil/casa-ronnie-lessa-bolsonaro.html,0
10748,É #FAKE que Doria firmou contrato com farmacêutica chinesa em 2019 para desenvolver vacina contra o coronavírus,"Governador esteve no país asiático em missão comercial em agosto do ano passado, mas vírus nem sequer tinha sido identificado. Contrato só foi firmado em junho de 2020. Mensagem é totalmente falsa.",circular rede social mensagem o governador paulo joão doria assinar acordar empresar chino o fabricação vacinar o coronavírus e provar pandemia ocorrer o mensagem falso impulsionar tuíte ex-deputado roberto jefferson alinhar hoje o o presidente jair bolsonaro e opositor governador doria o post “ doria assinar contratar desenvolvimento vacinar covid o sinovac chino e o instituto butantan o vacinar o nome coronavac o contratar assinar agostar entender agostar ano passar coronavac chino ano passar ” mensagem similar compartilhar web insinuar o pandemia premeditar chino e doria – o passar teoria conspiração,política, 15/06/2020," Por Roberta Pennafort e Roney Domingos, CBN e G1 ",https://g1.globo.com/fato-ou-fake/coronavirus/noticia/2020/06/15/e-fake-que-doria-firmou-contrato-com-farmaceutica-chinesa-em-2019-para-desenvolver-vacina-contra-o-coronavirus.ghtml,0
10749,EUA: 'Local de trabalho pode ser campo de extermínio com reabertura'   ,,seth harris atuou secretário interino trabalhar barack obama criticar o planar presidente unir donald trump reabrir o economia pandemia coronavírus condição seguro o reabertura locar trabalhar transformar campo extermínio entrevisto cnn harris mencionar diretrizes federar locar citar haver plano equipamento proteção individual e proteção específico trabalhador empregador ler o planar presidente sentir o governar federal deixar sortir e nenhum suportar harris o governar federal preciso envolver e emitir diretrizes específico empregador proteger trabalhador e levar pessoa voltar o o trabalhar segurança,saúde,17/04/2020 10h59 ,17/04/2020 10h59 ,https://economia.uol.com.br/noticias/redacao/2020/04/17/eua-local-de-trabalho-pode-ser-campo-de-exterminio-com-reabertura.htm,1
10750,É #FAKE que obra em trecho da BR-163 mostrada em vídeo foi iniciada no governo Bolsonaro,"Legenda que acompanha material diz que rodovia ficou 'sem asfalto há 30 anos', mas 'agora Bolsonaro está fazendo'. Vídeo, no entanto, é de 2016; obras de duplicação foram iniciadas no governo Dilma e já foram finalizadas.",circular rede social vídeo homem apresentar obrar rodovia br-163 acompanhar seguinte legendar maravilhar br asfaltar haver ano bolsonaro cimentar qualidade o vídeo e o obrar o duplicação finalizar o mensagem fake o vídeo publicar youtube outubro e o duplicação trecho jaciara e cuiabá entregar dezembro – início governar jair bolsonaro janeiro o dnit departamento nacional infraestrutura e transporte o contratar 723/2013 pertencente o o consórcio sanches-contécnica início 1º abril durante o mandatar presidente dilma rousseff,brasil, 08/05/2019," Por Roney Domingos, G1 ",https://g1.globo.com/fato-ou-fake/noticia/2019/05/08/e-fake-que-obra-em-trecho-da-br-163-mostrada-em-video-foi-iniciada-no-governo-bolsonaro.ghtml,0
10751,verdade o caso morte covid-19 diminuir sergio morar investigação,será que o número de casos mortes pelo coronavírus diminuiu misteriosamente no país logo após o ministro da justiça e segurança pública iniciar uma investigação?,o afirmação surgir rede social semana abril e mostrar o morto coronavírus “ milagrosamente ” cair o ministrar sergio morar anunciar o polícia federal iriar investigação óbito,saúde,20/04/2020,gilmar lopes,https://www.e-farsas.com/e-verdade-que-os-casos-de-covid-19-diminuiram-apos-sergio-moro-iniciar-investigacao.html,0
10752,É #FAKE que robô em vídeo de feira seja de combate e feito para guerra mundial,"Mensagem junto a vídeo tem bombado na web. Equipamento, na verdade, é usado para entretenimento em festas e eventos.",circular rede social vídeo robô gigante capaz caminhar e repetir falir e gesto humano caminhar feirar o vídeo acompanhar legendar o robô combater e pronto guerra mundial o robô vídeo fato feirar equipamento militar o international defensar exhibition idex dubai robô combater o vestimenta show o equipamento chamar titan empresar britânico cyberstein e empresar festa e evento visitar o o site empresar construir o robô revelar apresentar o futurar entretenimento cliente o definir histericamente engraçar e incrivelmente legal,entretenimento, 19/03/2019, Por G1 ,https://g1.globo.com/fato-ou-fake/noticia/2019/03/19/e-fake-que-robo-em-video-de-feira-seja-de-combate-e-feito-para-guerra-mundial.ghtml,0
10753,"

Argentina anuncia que vai expropriar terras para realizar reforma agrária #boato 
","Boato – Via Twitter, o presidente da Argentina, Alberto Fernández, anunciou que vai expropriar terras para começar a realizar a reforma agrária no país.",alberto fernández si el campar y quiere producir pondremos marchar o reformar agraria .impulsaremos medir el fin modificar o estructura o propiedad y producción o tierra expropiaremos y repartir o tierra o gente necesitada .de froma nivelar el posicionmiento social y económico o povlación generando o iguadad social es tan necesaria nuestro paístradução acabar o argentino morrer abaixar e acelerar alberto fernández o campar parar e querer produzir implementar o reformar agrário e promover medir o objetivo modificar o estruturar propriedade e o produção terra despropriaremos e distribuir o terra pessoa necessitar nivelar o posicionamento social e econômico população gerar o igualdade social necessário país,mundo,09/03/2020,"
Edgard Matsuki ",https://www.boatos.org/mundo/argentina-anuncia-expropriar-terras-reforma-agraria.html,0
10754,pintura imitar estrar motorista bater murar verdade,,o imagem flagrante acidentar surgir o whatsapp o quinzena novembro n automóvel invadir o calçar e atravessar murar alto velocidade,entretenimento,18/11/2020,gilmar lopes,https://www.e-farsas.com/pintura-imitando-estrada-faz-motorista-bater-em-um-muro-sera-verdade.html,0
10755,"Com 1.969 mortes em 24h, Brasil bate novo recorde de média móvel de óbitos por Covid-19",,"o brasil bater recordar médio móvel morte covid-19 chegar o 2.655 comparar o o cálculo semana o país registrar 1.969 óbito 24h e totalizar 314.268 vidar perdido o coronavírus consórcio formar o globo extra g1 folhar s.paulo uol e o s. paulo e reunir informação secretariar estadual saudar divulgar diariamente 20h o iniciativo veículo mídia criar o inconsistência apresentar ministério saudar roraima divulgar caso e morte registrar s 20h 20h domingo 44.720 caso notificar elevar 12.577.354 o total pessoa contaminar o coronavírus o médio móvel 75.105 diagnóstico positivo o cálculo dia o médio móvel dia médio o dia e anterior comparar médio semana indicar haver tendência alto estabilidade quedo caso morte o cálculo recurso estatístico conseguir enxergar o tendência abafar o ruir causar finar semana o notificação morte reduzir escassez funcionário plantão e unidade federação atualizaram vacinação o covid-19 n domingo o país 16.258.743 pessoa receber o dosar imunizante o equivalente o 7,68 população brasileiro o dosar vacinar aplicar 4.819.324 pessoa 2,28 população nacional",saúde, Publicado em  29/03/21 20:10 ,Evelin Azevedo,https://extra.globo.com/noticias/coronavirus/com-1969-mortes-em-24h-brasil-bate-novo-recorde-de-media-movel-de-obitos-por-covid-19-24947034.html,1
10756,"

Foto mostra 20 bandidos mortos no Jacarezinho na hora da prisão #boato 
",Boato – Imagens mostram 20 bandidos mortos na favela do Jacarezinho na hora em que foram presos. É o chamado “mugshot” que prova que todos eram bandidos.,foto “ estudante ” morto jacarezinho rj dia formatura o globo e direito “ dumanus”.mortos policiar civil confrontar favela o foto bandido morto jacarezinho passagem e envolvimento tráfico e crime organizar portar armar guerra e crime versão inocente redar globo foto formatura ” estudante ” morto jacarezinho o globo onu oab didh e … gente,brasil,11/05/2021,"
Edgard Matsuki ",https://www.boatos.org/brasil/foto-mostra-20-bandidos-mortos-jacarezinho-hora-prisao.html,0
10757,"
  Foto de militares trabalhando em obra de transposição do rio São Francisco foi tirada no governo Dilma","Uma fotografia de membros do Exército brasileiro executando uma obra tem sido largamente compartilhada nas redes sociais desde o final de junho, juntamente com a alegação de que “tudo o que [o presidente Jair] Bolsonaro faz” a mídia tentaria esconder, em referência à recente inauguração de um dos trechos da transposição do rio São Francisco. A imagem, no entanto, data de 2012, quando o país era governado pela presidente Dilma Rousseff, do PT.Envie-nos por WhatsApp Email",“ o mídia divulgar o exercíto trabalhar obrar transposição rir bolsonaro esconder adiantar o internet o comunicação mundo sic ” indicar o legendar publicação facebook compartilhar o dia junho d redar social o fotografia circular descrição semelhante twitter buscar reverso o equipar checagem afp brasil constatar o foto aparecer página exército brasileiro flickr datar maio,brasil,30/06/2020 às 18:26,AFP Brasil,https://checamos.afp.com//foto-de-militares-trabalhando-em-obra-de-transposicao-do-rio-sao-francisco-foi-tirada-no-governo,0
10758,É #FAKE que Senado debate projeto de lei que prevê prisão para religiosos que pregarem em horário noturno,Mensagem é falsa. Há um texto que tramita na Casa que prevê multas a templos que não se adequarem a volume sonoro máximo. Mas ele não estipula prisões e ainda é apreciado em comissão.,circular rede social mensagem o senado debater projeto chamar “ lei proteção doméstico ” prever prisão religioso pregação horário inadequado sanção procurar o senado “ haver projeto lei objetivo tramitação o boatar circular haver ano desmentir o mensagem falso “ hoje comedir o debater o iniciativo lei proteção doméstico senado repúblico contemplar prisão religioso pregar horar impróprio sanção s congregação volumar celebrar adoração sanção o andar ruir e visitar casar incomodar pedestre e violar o integridade família discutir violação liberdade culto impor o leitura bíblia ”,política, 18/06/2020," Por Roberta Pennafort, CBN ",https://g1.globo.com/fato-ou-fake/noticia/2020/06/18/e-fake-que-senado-debate-projeto-de-lei-que-preve-prisao-para-religiosos-que-pregarem-em-horario-noturno.ghtml,0
10759,"

Anthony Wong foi envenenado pela China por ser contra a vacina #boato 
",Boato – O médico Anthony Wong morreu porque foi envenenado pela China. Isso ocorreu porque ele se posicionou contra as vacinas contra a Covid-19.,matar o caro envenenar tá okay principal combatente vacinar e isolamento social e o empregar massa hidroxicloroquina e ivermectina e ciar achar alternativo sensurado gente tá achar estranhar quedo pressão hemorragia digestivo e parar cardiorrespiratória lembrar dr wong bater frente o mídia e defender o tratamento precoce peste chinês e o vacinar feito parecer envenenamento …,saúde,18/01/2021,"
Edgard Matsuki ",https://www.boatos.org/saude/anthony-wong-envenenado-china-por-ser-contra-vacina.html,0
10760,É #FAKE que OMS mudou classificação de idoso para pessoa com 80 anos ou mais,"Mensagem falsa diz que agora pessoas com até 65 anos são consideradas jovens; segundo agência, idade segue sendo 60 anos.",circular rede social pandemia coronavírus o organização mundial saudar oms mudar o idade mínimo o pessoa considerar idoso o texto reclassificação ocorrer o ano o mensagem falso compartilhar haver ano ganhar forçar recentemente contar pandemia coronavírus “ gente reclassificar olhar legal idade idoso evolução qualidade alimento atividades físico hoje praticar pessoa e avançar pessoa escolher melhorar o alimentação o qualidade e aumentar o expectativa vidar pessoa o organização mundial saudar avaliação conceito jovem idade e velho ” o mensagem mostrar tabelar indicar o idade o indivíduo o ano o jovem faixar o ano o pessoa idade ficar e ano o idoso o ano e o idoso longo vidar ano,mundo, 09/06/2020," Por Roberta Pennafort, CBN ",https://g1.globo.com/fato-ou-fake/coronavirus/noticia/2020/06/09/e-fake-que-oms-mudou-classificacao-de-idoso-para-pessoa-com-80-anos-ou-mais.ghtml,0
10761,As 'babás virtuais' que estão cuidando de crianças em meio à pandemia do coronavírus,"Para muitos pais, cuidar de filhos pequenos está se tornando um desafio em tempos de pandemia, então várias empresas de tecnologia começaram a trabalhar em uma solução.",cuidar infantil distância parecer conceito estranhar tornar realidade pandemia pai cuidar criança desafiar ano empresar tecnologia começar o trabalhar solução babá virtual o serviço conceber o mãe o pai trabalhar casar pessoa tela computador manter filho ocupar criança precisar entretenimento e pai trabalhar dar-lhes o precisar richard conway fundador childcare.co.uk o plataforma online cuidar infantil reinar unir bbc,ciência, 22/12/2020 14h19 , Por BBC ,https://g1.globo.com/mundo/noticia/2020/12/22/as-babas-virtuais-que-estao-cuidando-de-criancas-em-meio-a-pandemia-do-coronavirus.ghtml,1
10762,Veja o que é #FATO ou #FAKE no discurso de Bolsonaro na ONU,Presidente fez discurso de abertura da Assembleia Geral da ONU em Nova York nesta terça (24).,o presidente jair bolsonaro discursar manhã d terça-feira abertura 74ª assembleia nação unir onu york eua tradicionalmente caber o o representante brasil abrir o debater assembleia nação unir o pronunciamento bolsonaro chefe encontrar o equipar fato fake checar declaração bolsonaro ler “acordar entrar o governar petista e o ditadura cubano trazer o o brasil médico nenhum comprovação profissional”,política, 24/09/2019, Por G1 e O Globo ,https://g1.globo.com/fato-ou-fake/noticia/2019/09/24/veja-o-que-e-fato-ou-fake-no-discurso-de-bolsonaro-na-onu.ghtml,0
10763,É #FAKE carta com logo da ONU que prevê um só governo mundial e destruição das famílias,Documento falso enfatiza teorias conspiratórias que apontam para uma distopia global. ONU diz que documento é falso. Propostas reais da Agenda 21 e da Agenda 2030 são erradicar a pobreza e a fome e garantir um mundo sustentável.,circular rede social cartaz escrever inglês o logotipo onu intitular agendar 21/ legendar português o acompanhar afirmar o lista missão onu e o documentar determinar governar mundial moeda e banco único e destruição família consultar g1 farhan haq porta-voz adjunto secretário-geral onu o mensagem totalmente falso documentar genuíno organização nação unir o mensagem falso deturpar documento importante onu o agendar e o agendar,política, 02/07/2020," Por Roney Domingos, G1 ",https://g1.globo.com/fato-ou-fake/noticia/2020/07/02/e-fake-carta-com-logo-da-onu-que-preve-um-so-governo-mundial-e-destruicao-das-familias.ghtml,0
10764,Nutricionistas explicam o poder das refeições ‘quentes e acolhedoras’ no outono para aumentar a imunidade,,o brisa fresco semana e pé gelar noite anunciar o chegar “ real e oficial ” outonar estação começar fato março o temporada temperatura ameno levar carioca acostumar dia quente o tirar o poeira casaco e grosso procurar calor e acolhimento nutricionista explicar n época ano procurar alimentação quentar e acolhedor haver cuidar o tomar o proteção barriga impactar positivar o chegar “ temporada doença respiratório ” gripe e resfriar e o covid-19 proteger o corpo n período ano o nutricionista jackeline huguet reforçar o importância alimentação aumentar o imunidade — comum o aumentar virose contar alteração temperatura haver amplitude térmico comum outonar e primaverar e o organismo ruim especialista recomendar o consumir alimento estação abóbora cenoura e ameixa o tempero termogênicos gengibre pimenta e canelar d incluir cardápio comido rico vitaminar c laranjo tangerino e morangar durante o estação o nutricionista graziella limar recomendar alimento processar comido congelar pizza e hambúrguer e produto queijar ficar dieta frio recomendar pessoa reduzir o o o consumir laticínios leite queijo iogurte e derivar facilitar o contaminação — o ideal evitar haver consumir derivar haver criação muco facilitar o proliferação vírus — explicar mercar o nutricionista mayrlla vasconcellos afirmar importante observar o rótulo alimento casar doce verificar substância glicose amidar e xaropar milho — consumir excesso evitar — principal ingrediente salgar o cuidar conservante e o sódio opção aumentar o imunidade alimento rico vitaminar c morangar tangerino e laranjo legume chuchu abóbora cenoura frutar época goiaba ameixa maçã pera gengibre chá gengibre limão mel agrião montar o prato sopa legume o o legume corar diferente e proteína vegetal animal grão bicar frango caldo abóbora aipim e inhame prato grão bicar arroz macarrão molhar tomate e legume diverso brócolis repolhar roxo e cenoura tempero termogênicos pimenta e canelar evitar o excesso alimento processar gordura hidrogenar e saturar biscoito rechear laticínios fritura alimento sódio comido industrializar doce alto teor glicose amidar xaropar milho biscoito dica beber água olhar cuidar o rótulo alimento industrializar o composição consumir g chocolate cacau dia,ciência, Publicado em  04/05/21 05:00 ,Julia Noia,https://extra.globo.com/noticias/saude-e-ciencia/nutricionistas-explicam-poder-das-refeicoes-quentes-acolhedoras-no-outono-para-aumentar-imunidade-25001420.html,1
10765,"

Nikita Khrushchev disse que “os filhos de seus filhos viverão sob o comunismo” há 60 anos #boato 
","Boato – Há 60 anos, Nikita Khrushchev afirmou ao ocidente que “os filhos de seus filhos viverão sob o comunismo” e listou oito níveis de controle do comunismo.",“ nikita khrushchev ano “ … filho filho viver o comunismo ocidental crédulo aceitar o comunismo continuar alimentando-os pequeno dose socialismo finalmente acordar e descobrir o comunismo lutar enfraquecer economia cair fruto maduro mão o democracia deixar existir tirar disposto o trabalhar e o ” setembro nikita khrushchev previsão demoliberais nação unir n época o palavra “ comunismo ” temido mundo ocidental lembre-se d o socialismo levar o o comunismo criar socialista existir controlo assistência médico controlo o assistência médico e controlar pessoa pobreza aumentar o pobreza o pobre fácil controlar e lutar receber o necessário comer dívida aumentar o dívida o insustentável d aumentar imposto e levar o pobreza controlo armar remover o capacidade defender nação d criar policial.**5 bem-estar assumir o controlo aspecto alimentação moradia render vidar o tornar totalmente dependente governar educação controlar o pessoa leem ouvir e garantir o controlo criança aprender escola religião eliminar deus vidar governo e escola pessoa precisar acreditar socialismo convencido melhor 8) promover o lutar classe dividir pessoa rico e pobre eliminar o classe médio mascarar o descontentamento e fácil tributar rico o pobre pessoa conseguir o acontecer venezuela pessoa realmente cego ”,mundo,23/10/2020,"
Kyene Becker ",https://www.boatos.org/mundo/nikita-khrushchev-disse-filhos-de-seus-filhos-viverao-comunismo.html,0
10766,"
  Gravado antes da chegada da covid-19 ao Brasil, este vídeo mostra a Ceagesp após uma enchente","Um vídeo compartilhado milhares de vezes nas redes sociais desde março de 2020 voltou a circular em janeiro deste ano acompanhado da afirmação de que o governador de São Paulo, João Doria, mandou “fechar o Ceasa” em razão da pandemia e a cena de alimentos sendo jogados fora seria o resultado dessa ação. Mas isso é falso. A sequência, de fevereiro de 2020, foi registrada depois que uma forte chuva atingiu São Paulo e causou enchentes. Em contato com a AFP, a Ceagesp confirmou que segue funcionando por se tratar de um serviço essencial.Envie-nos por WhatsApp Email",“ ceasa paulo semana o país parar virar venezuela político e o mídia adorar parabém governador doria ” e “ doria fechar o ceasa e o produção q chegar q jogar caro monstro ” legendar publicação compartilhar facebook o o março e continuar circular janeiro viralizado twitter instagram e youtube o vídeo consistir gravação sequência o tela celular e narrar homem mostrar o conteúdo caixote jogar pilho o homem aparecer ouve-se voz o o fundir “ olhar o o joão doria olhar ‘ tá ’ considerar o crime governador cometer mundo mandar fechar o ceasa caminhoneiros revoltar jogar marginar ruir o produção olhar parabém joão doria ”,brasil,15/01/2021 às 21:12,AFP Brasil,https://checamos.afp.com//gravado-antes-da-chegada-da-covid-19-ao-brasil-este-video-mostra-ceagesp-apos-uma-enchente,0
10767,Ministra Damares Alves é levada a hospital no DF após dores abdominais,"Ministra da Família, da Mulher e dos Direitos Humanos teve um mal estar neste sábado, segundo a assessoria, e voltou para casa no fim da tarde. Hospital não divulgou detalhes.",o ministro mulher família e direito humano damares alves levar o hospital particular brasília n sábado 1º acordar o assessoria ministério damares mal-estar e relatar dor abdominal o equipar médico julgar precisar ficar internar voltar 18h30 o equipar damares informar voltar casar e o hospital informar tv globo respeitar o o direito o o digilo prontuário confirmar informação o casar site ministério direito humano haver referência o agendar oficiar damares semana,política, 01/02/2020 15h33 ," Por Sara Resende, TV Globo — Brasília ",https://g1.globo.com/politica/noticia/2020/02/01/ministra-damares-alves-e-levada-a-hospital-no-df-apos-dores-abdominais.ghtml,1
10768,"Apesar de restrição pelo novo coronavírus, cresce movimento em ônibus de São Paulo  ",,apesar recomendação isolamento social reduzir o contaminação coronavírus fluxo veículo e pedestre ruir paulo o capital paulista registrar aumentar circulação passageiro transportar público linha ônibus capital passageiro o o registrar haver dia março o quarentenar haver completar semana o trem e o o metrô haver crescimento procurar o prefeitura aumentar o frota e colocar o hoje ônibus o ruir o o circulação pessoa cair o sptrans voltar o empregar frota haver aumentar pessoa ônibus anterior veículo adicionar distribuir linha região o companhia noto linha definir análise ofertar e demandar realizar técnico verificar índice ocupação o aumentar passageiro identificar transportar metrô e trem o variação pequeno o secretariar estadual transporte metropolitano stm o metrô operar cercar demandar passageiro o companhia paulista trem metropolitano cptm passageiro e linha ônibus intermunicipal antar período atividade normal restrição haver variação o passageiro semana significar metrô cptm e linha intermunicipal aumentar o passageiro período,saúde,08/04/2020 12h00 ,Tulio Kruse e Fernanda Boldrin,https://noticias.uol.com.br/ultimas-noticias/agencia-estado/2020/04/08/apesar-de-restricao-cresce-movimento-em-onibus-de-sp.htm,1
10769,9% das famílias no país dizem que crianças e adolescentes estão sem estudar  ,,o crise provocar pandemia covid-19 brasil família criança e adolescente e ano realizar atividade escolar durante o pandemia o revelar o pesquisar impacto primário e secundário covid-19 criança e adolescente feito unicef e ibope inteligência universo representar milhão família país opor lar criança adolescente afirmar realizar atividades escolar índice estudante escola particular e chegar o entrevistar estudante redar público ensinar ensinar infantil o o médio índice cair o unicef afirmar aluno manter o vínculo escolar o o qualidade d o entender o qualidade frequência atividades realizar n atividades remoto importante manter o vínculo o escola e mantê-lo frequência e mediação fácil identificar problema afirmar ítalo dutra chefe educação unicef brasil o manter o o escola o estudante passar o realizar atividades internet o disparidade o redar particular e público chamar o atenção estudante escola particular o internet mediar o o escola redar público universo,saúde,25/08/2020 14h01Atualizada em 25/08/2020 14h20 ,Fernanda Toyomoto,https://www.uol.com.br/universa/noticias/redacao/2020/08/25/9-das-familias-no-pais-dizem-que-criancas-e-adolescentes-estao-sem-estudar.htm,1
10770,israel bombardear recentemente biblioteca e centrar cultural o palestino,"no início de maio de 2019 começou a circular uma informação impactante do ponto de vista cultural no oriente médio. milhares de pessoas compartilharam, que as forças de defesa de israel teriam bombardeado um centro cultural e duas bibliotecas. aliás, uma delas seria a biblioteca nacional da palestina!",o resultar dezena milhar livro e documento histórico perdido n sentir usuário rede social questionar o seletividade imprensar e pessoa citar o incêndio catedral notre-dame parir pessoa ficar revoltar o incêndio dever ficar revoltar o acontecer palestino,política,15/05/2019,marco faustino,https://www.e-farsas.com/israel-bombardeou-recentemente-bibliotecas-e-um-centro-cultural-na-palestina.html,0
10771,Bolsonaro diz que investigação sobre facada que recebeu durante campanha eleitoral será 'reaberta',"Nesta terça-feira, 'Diário Oficial' publicou nomeação do novo diretor da Polícia Federal, amigo da família Bolsonaro. Investigação da PF concluiu que agressor Adélio Oliveira agiu sozinho.",o presidente jair bolsonaro afirmar n terça-feira o investigação o facada levar durante o campanha eleitoral setembro juiz reaberto bolsonaro o declaração durante converso apoiadores frente o o palácio alvorar n terço o diário oficial união publicar o nomeação diretor-geral polícia federal alexandre ramagem amigar filho presidente ramagem substituir maurício valeixo demissão motivar o decisão ministrar sergio morar justiçar deixar o governar “ reaberto o investigação negligenciar o conclusão lobo solitário lobo solitário advogar celular andar brasil ” questionar o presidente o investigação polícia federal o atentar concluir adélio bispar oliveira autor facada agir crime e motivação político bolsonaro reclamar identificar o supor mandante atentar adélio bispar considerar portador doença mental e inimputável justiçar federal minar gerar bolsonaro recorrer decisão judicial,política, 28/04/2020 21h15 ," Por Gustavo Garcia, Pedro Henrique Gomes e Hamanda Viana, G1 e TV Globo — Brasília ",https://g1.globo.com/politica/noticia/2020/04/28/bolsonaro-diz-que-investigacao-sobre-facada-vai-ser-reaberta.ghtml,1
10772,"Teich: recursos da Saúde para Estados e municípios totalizarão R$ 4,5 bi  ",,"recurso transferir ministério saudar e município atingir r$ 4,5 bilião acordar o ministrar pastar nelson teich participar audiência público reunião remoto senado n quarta-feira emendar parlamentar conformar o ministrar pago r$ 2,5 bilião e r$ bilião liberar semana maio o ministrar reforçar o mudança critério distribuição recurso o ministério distribuir linear acordar o gravidade e município e conformar o histórico repasse anterior o prioridade socorrer o e município o situação crítico ente federar funcionar forçar nacional calibrar esforço e modular ações pontuar teich falir inicial audiência público o exposição ministrar o o congresso nacional assumir o pastar dia o haver conversar parlamentar reservadamente",saúde,29/04/2020 17h51 ,Daniel Weterman,https://economia.uol.com.br/noticias/estadao-conteudo/2020/04/29/teich-recursos-da-saude-para-estados-e-municipios-totalizarao-r-45-bi.htm,1
10773,É #FAKE que termômetro infravermelho cause dano à glândula pineal,"Localizada no centro do cérebro, glândula, que faz parte do sistema endócrino, não pode ser comprometida pelos sensores de temperatura, afirmam médicos.",circular rede social o termômetro infravermelho – comércio aferição temperatura durante o pandemia coronavírus – causar dano glândula pineal localizar cérebro e responsável produção hormônios médico entrevistar cbn anatomicamente impossível o termômetro causar prejuízo glândula pineal endócrino ficar centrar cérebro e resguardar estruturar tecer e osso lembrar termômetro popularizar durante o pandemia covid-19 medição temperatura locar público médico haver haver relato dano d equipamento aprovar brasil agência nacional e segurança sanitário anvisa e oferecer segurança dever temido população,ciência, 17/08/2020," Por Roberta Pennafort, CBN ",https://g1.globo.com/fato-ou-fake/coronavirus/noticia/2020/08/17/e-fake-que-termometro-infravermelho-cause-dano-a-glandula-pineal.ghtml,0
10774,É #FAKE vídeo de ônibus em Londres com mensagem de ataque a Lula em letreiro,"Montagem mostra veículo de dois andares com a inscrição 'Lula ladrão'. Vídeo original, porém, mostra propaganda de companhia teatral.",circular rede social vídeo mostrar ônibus andar londres o inscrição lula ladrão e foto ex-presidente lateral veículo posts viralizado contar visualização dia expor o vídeo e o legendar londres acordar o versão o ofenso o o ex-presidente lula montagem o vídeo original o montagem publicar agostar twitter teatro momentum performing arts academy versão original o escrever ônibus the home of industry learning e o imagem aparecer o momentum procurar fato fake porta-voz transport london tfl administrar transportar cidade ciente boatar circular menção o o ex-presidente brasil o vídeo editar sobrepor o anúncio veículo anúncio autorizar exibir tfl operador ônibus stagecoach parceiro publicidade,mundo, 22/11/2019, Por G1 ,https://g1.globo.com/fato-ou-fake/noticia/2019/11/22/e-fake-video-de-onibus-em-londres-com-mensagem-de-ataque-a-lula-em-letreiro.ghtml,0
10775,Governo da Itália vai permitir vacinação em empresas  ,,"ROMA, 12 MAR (ANSA) - O primeiro-ministro da Itália, Mario Draghi, afirmou nesta sexta-feira (12) que o governo vai permitir a vacinação contra o novo coronavírus em empresas e academias para acelerar a campanha de imunização no país.A ideia já vem sendo discutida há algumas semanas pelo poder Executivo e foi confirmada durante uma visita do premiê ao centro de vacinação do Aeroporto Internacional Leonardo da Vinci, em Fiumicino, nos arredores de Roma.O local funciona 24 horas e é capaz de administrar até 3 mil doses diariamente. ""Nosso objetivo é utilizar todos os espaços disponíveis para a vacinação. Será possível tomar a vacina não apenas em hospitais, mas também em empresas, academias e estacionamentos, como aqui em Fiumicino"", declarou Draghi.Atualmente, a Itália conta com quase 1,7 mil centros de vacinação e já aplicou 6,3 milhões de doses, sendo que 1,9 milhão de pessoas já estão completamente imunizadas contra a Covid-19, o que equivale a 3% da população nacional.""O ritmo atual é de cerca de 170 mil doses por dia, mas o objetivo é triplicar rapidamente. Já recebemos 7,9 milhões de doses, mas contamos com uma forte aceleração nas próximas semanas, em função da recente aprovação da vacina da Johnson & Johnson [de dose única]"", acrescentou o premiê.A vacinação fora dos hospitais, no entanto, seguirá a ordem de prioridades estabelecida pelo governo, ou seja, as empresas só poderão imunizar aqueles funcionários dos grupos já autorizados.Recém-reformulado pelo governo Draghi, o plano de vacinação divide a população em cinco níveis de prioridade, na seguinte ordem: pessoas com ""elevada fragilidade""; entre 70 e 79 anos; entre 60 e 69 anos; com menos de 60 anos, mas com patologias ou situações de comprometimento imunológico que possam aumentar o risco da Covid-19; e o restante da população.Profissionais da saúde, idosos acima de 80 anos e categorias como professores, policiais e militares já foram ou estão sendo vacinados. Draghi também anunciou nesta sexta-feira que em breve será anunciado o primeiro contrato para produção interna de uma vacina anti-Covid.O acordo será celebrado entre uma empresa italiana e uma indústria farmacêutica que detém a patente de um imunizante já aprovado, mas os nomes não foram divulgados ainda.""Continuaremos desenvolvendo a capacidade produtiva de vacinas na Itália"", garantiu o primeiro-ministro. A União Europeia já autorizou as fórmulas da Pfizer, Moderna, AstraZeneca e Janssen.",saúde,12/03/2021 12h49 ,12/03/2021 12h49 ,https://noticias.uol.com.br/ultimas-noticias/ansa/2021/03/12/governo-da-italia-vai-permitir-vacinacao-em-empresas.htm,1
10776,"Ceará mantém Decreto de Isolamento, mas libera atividade física individual  ",,o governar cear decidir prorrogar semana o atual decretar isolamento social acordar o governador camilo santana pt importante completar dia restrição rígido avaliação melhor medir haver mudança relacionar o atividades físico individuar avaliar segurança o atual processar flexibilização atividades econômicas e serviço liberar d suspenso atuais medir seguir valer escrever camilo santana twitter comércio restaurante pousar e serviço ruir e shopping funcionar o sexta-feira horário diferenciar e receber capacidade,saúde,17/04/2021 14h53 ,17/04/2021 14h53 ,https://noticias.uol.com.br/saude/ultimas-noticias/redacao/2021/04/17/quarentena-isolamento-ceara-camilo-santana.htm,1
10777,"Coronavírus: o médico de 98 anos que continua visitando pacientes, apesar da pandemia  ",,o médico christian chenay precisar fechar consultório parir causar coronavírus consulto virtual colega abrir mão visitar paciente casar repousar normal o fato o médico ano — e riscar chenay o médico velho frança mulher aterrorizar o possibilidade levar o covid-19 casar e certo reconhecer,saúde,01/05/2020 09h20 ,01/05/2020 09h20 ,https://noticias.uol.com.br/ultimas-noticias/bbc/2020/05/01/coronavirus-o-medico-de-98-anos-que-continua-visitando-pacientes-apesar-da-pandemia.htm,1
10778,Candidato a vereador pelo PL sofre atentado em Guarulhos  ,,candidatar o vereador sofrer atentar o tiro guarulhos paulo ricardo mouro pl balear participar ação campanha cidade levar o hospital urgência seguir internar divulgar informação o saudar d o casar investigar setor homicídio e proteção pessoa shpp guarulhos tentativo homicídio,política,10/11/2020 12h04 ,Da Agência Brasil,https://noticias.uol.com.br/eleicoes/2020/11/10/candidato-a-vereador-sofre-atentado-em-guarulhos.htm,1
10779,"

Compartilhe mensagem para fazer bypass do Facebook e fugir de novo algoritmo #boato 
",Boato – Compartilhe um alerta sobre novo algoritmo do Facebook para fazer o bypass e pode enviar mensagens para mais de 25 pessoas.,finalmente conseguir o o bypass perguntar ridículo amigo e permissão postagens ignorar posts funcionar dica contornar o facebook … perfil totalmente postagens pessoa vir o algoritmo facebook escolher pessoa – cercar – postagens manter o dedo d postagem e clicar “ copiar ” o página “ o mentir ” tocar o dedo campar vaziar clicar colar contornar o olá e velho amigo olá olá,entretenimento,31/10/2020,"
Edgard Matsuki ",https://www.boatos.org/tecnologia/compartilhe-text-bypass-algoritmo-facebook.html,0
10780,É #FAKE que Benedita da Silva já foi embaixadora do Brasil em Nova York,"Deputada jamais ocupou o cargo diplomático e a única embaixada brasileira nos EUA fica na capital, Washington.","publicação facebook 1,3 compartilhamentos afirmar o deputar federal benedita silvar pt-rj embaixador york e inglês falar o texto o parlamentar protagonizar escândalo aluguel limusine ocupar o cargo alegação fake existir embaixada brasileiro york o único embaixada brasil eua ficar washington d.c o haver york cidade americano consulado brasileiro york e washington o brasil consulado instalar atlanta boston chicago hartford houston o angeles miami e francisco consulto galeria embaixador brasil eua site itamaraty mostrar benedita jamais ocupar cargo currículo site câmara deputar o parlamentar jamais embaixador cônsul cargo público assumir governador rir ministro desenvolvimento social e secretário assistência social e direito humano haver registrar nenhum escândalo relacionar deputar e o limusine",política, 22/07/2019," Por Hellen Guimarães, O Globo ",https://g1.globo.com/fato-ou-fake/noticia/2019/07/22/e-fake-que-benedita-da-silva-ja-foi-embaixadora-do-brasil-em-nova-york.ghtml,0
10781,Força-tarefa no DF investiga contratações de R$ 79 mi para hospital de campanha  ,,o controladoria-geral união cgu o polícia civil e o ministério público distrito federal deflagrar hoje o operação grabato apurar irregularidade contratação emergenciais licitação feito secretariar saudar distrito federal investigação mirar contratar r$ milhão empresar gerenciamento aproximadamente leito hospital campanha construir estádio nacional mané garrincha o unidade emergencial montar atender paciente covid-19 inauguração previsto dia investigar procedimento contratação gerenciamento utis hospital polícia militar distrito federal e aluguel ambulância relacionar o esforço enfrentamento pandemia o suspeito o empresar contratar aproveitar situação calamidade o participação servidor público burlar regrar legar e firmar contratar o secretariar saudar causar prejuízo o cofre público,saúde,15/05/2020 17h56 ,Rayssa Motta,https://noticias.uol.com.br/ultimas-noticias/agencia-estado/2020/05/15/forca-tarefa-no-df-investiga-contratacoes-de-r-79-mi-para-hospital-de-campanha.htm,1
10782,OMS corrige e eleva a avaliação de risco internacional do coronavírus,"Organização Mundial de Saúde divulgou, nesta segunda-feira (27), status que aumenta de 'moderado' a 'elevado' o risco internacional do coronavírus no mundo. Organização assume 'erro de formulação'. ","o organização mundial saudar oms passar o classificar elevar o riscar internacional contaminação coronavírus o status divulgar n segunda-feira correção avaliação feito anteriormente oms o organização esclarecer errar formulação haver o riscar moderar o comedir d oficiar morte e 2,7 paciente infectar haver o registrar morte pequim relatório o situação o oms indicar avaliação riscar ... mudar o atualização janeiro alto chino alto regional e o mundo prático o alteração nomenclatura interferir mudança protocolo organização quinta-feira o oms considerar falar emergência saudar público alcançar internacional",ciência, 27/01/2020 12h46 , Por G1 ,https://g1.globo.com/ciencia-e-saude/noticia/2020/01/27/oms-corrige-e-eleva-a-avaliacao-de-risco-internacional-do-coronavirus.ghtml,1
10783,Bolsonaro pressiona senador a pedir abertura de impeachment de ministros do STF  ,,s véspera instalação cpi comissão parlamentar inquérito senado ações governar federal pandemia o presidente jair bolsonaro pressionar o senador jorge kajuru cidadania-go o ingressar pedir impeachment ministro supremo tribunal federal stf converso telefonar divulgar senador rede social bolsonaro o entender haver pedir impeachment ministro cortar ocorrer mudança rumo o instalação comissão limão limonada peticionar o supremo colocar pautar o impeachment ministro bolsonaro o o senador o achar acontecer recuperar cpi ... investigação ninguém supremo bolsonaro durante o converso kajuru responder entrar pedir afastamento ministrar stf alexandre moraes o o bolsonaro responder o presidente cobrar o cpi instalar trabalhar apurar o atuação prefeito e governador kajuru o converso bolsonaro feito sábado afinar cpi amplo e investigar ministro supremo bolsonaro o o senador,política,11/04/2021 21h29Atualizada em 12/04/2021 12h05 ,Mateus Vargas e André Borges,https://noticias.uol.com.br/ultimas-noticias/agencia-estado/2021/04/11/bolsonaro-pressiona-senador-a-pedir-abertura-de-impeachment-de-ministros-do-stf.htm,1
10784,Espanha impõe segundo bloqueio local por coronavírus em dois dias  ,,o região espanholar galício noroeste país impor restrição o cercar pessoa n domingo surtir covid-19 dia o catalunha introduzir bloquear conter o propagação coronavírus morador o mariña costa norte espanha província lugo deixar o meia-noite domingo o sexta-feira dia eleição regional galício julho o primeiro-ministro pedrar sánchez falar comício político bilbao n domingo pedir s pessoa baixar o guardar calmo o detecção precoce d surto mostrar o saudar melhor preparar março o governar regional pessoa deslocar o mariña precisar viajar trabalhar sair entrar,saúde,05/07/2020 12h26 ,Jessica Jones,https://noticias.uol.com.br/ultimas-noticias/reuters/2020/07/05/espanha-impoe-segundo-bloqueio-local-por-coronavirus-em-dois-dias.htm,1
10785,"

Mírian Macedo dividiu cela com Dilma Rousseff e diz que nunca foram torturadas #boato 
",Boato – Jornalista Mírian Macedo afirma ter divido cela com Dilma Rousseff e alega que ela e ex-presidente nunca foram torturadas na Ditadura. ,“ jornalista ficar cela dilma rousseff ‘ torturar ’ o jornalista mírian macedo contar o atentar terrorista carro bomba o quartel 2º exército paulo participar dilma russeff resultar morte despadaçamento corpo soldar mario kosel filhar e mutilação soldar dilma russeff preso e seguir o jornalista preso distribuir material subversivo e ficar cela e dilma russeff … ”,política,,"
Kyene Becker ",https://www.boatos.org/politica/mirian-macedo-dividiu-cela-dilma-rousseff-diz-nunca-foram-torturadas.html,0
10786,"

Máscara é inútil, nociva e, por isso, Globo mudou de ideia e pediu para população parar de usar #boato 
",Boato – Uso de máscara causa baixa oxigenação e proliferação de bactérias. Globo não recomenda mais o uso e quer esconder “manipulação”. ,“ — o máscara inócuo combater pandemia nocivo causar problema saudar — carlos — artigo falir dor cabeça redução oxigenação sangue determinar bactéria o canal olfativo o cérebro enfim artigo acadêmicos problema pesquisar o nocividade máscara ” “ comer o globo passar quase o ano divulgar dever máscara e mudo o jogar provar total manipulação feito o vírus chinês o vídeo df tv ”,saúde,,"
Kyene Becker ",https://www.boatos.org/saude/mascara-inutil-nociva-globo-mudou-ideia-pediu-pessoas-nao-usarem.html,0
10787,Hospital de campanha começa a ser construído no Pacaembu; veja imagens  ,,o allegra pacaembu empresar possuir o concessão estádio ano publicar hoje twitter vídeo mostrar o montagem estruturar hospital campanha instalar gramar o concessionário o capacidade leito complexidade e previsão entregar dia imagem equipamento suportar construção o vapor construção hospital campanha erguer campar estádio frutar acordar o o capacidade duzentos e leito complexidade o previsão entregar dia spcontraocorona fiqueemcasa pic.twitter.com/tfaiotfvfd o vapor construção hospital campanha erguer campar estádio frutar acordar o prefeitura paulo escrever o perfil allegra pacaembu,saúde,22/03/2020 19h25 ,22/03/2020 19h25 ,https://noticias.uol.com.br/saude/ultimas-noticias/redacao/2020/03/22/hospital-de-campanha-no-pacaembu-comeca-a-ser-construido-veja-imagens.htm,1
10788,Coronavírus: Ariana Grande doa dinheiro para fãs desempregados na pandemia  ,,"No meio de uma pandemia grave como a do novo coronavírus, muitos artistas tem feito esforços para minimizar os efeitos que uma situação como essa tem causado no público em geral. Ariana Grande, por exemplo, tem ajudado secretamente alguns de seus fãs que tem passado por dificuldades desde que perderam o emprego por conta do fechamento de fábricas e empresas desde que a quarentena e o isolamento social tem sido usados para minimizar o contágio nos Estados Unidos. A boa ação da cantora foi divulgada pelo site PageSix, que deu conta que ela tem enviado entre 500 a 1000 dólares para cerca de 20 fãs que se encontram em situação de desemprego neste período. ""Ela entrou em contato e cuidou do meu salário para o mês"", revelou um dos contemplados pelo dinheiro enviado por Ariana, sob condição de anonimato. Durante seu próprio isolamento, Ariana tem feito diversos vídeos para alegria de seus fãs. Recentemente, ela fez um cover de Whitney Houston que se tornou um dos assuntos mais comentados nas redes sociais, como o Twitter.",saúde,25/03/2020 22h42 ,25/03/2020 22h42 ,https://entretenimento.uol.com.br/noticias/redacao/2020/03/25/coronavirus-ariana-grande-doa-dinheiro-para-fas-desempregados-na-pandemia.htm,1
10789,Pacientes compartilham experiências do diagnóstico e do tratamento do câncer de boca no SUS,,adotar hábito saudável fumar alimentação equilibrar e rico frutar e hortaliça o o dentista regularmente e atentar o ferir cicatrizar dia e o lesão suspeito bocar ações o diferençar prevenção e diagnóstico precoce câncer bocar câncer comum homem país principalmente acima ano semana nacional prevenção o o câncer bucal acontecer início novembro o ministério saudar reforçar o importância diagnóstico precoce único saudar sus gratuito atenção primário saudar aps valdecir aguiar silvar ano vidar salvo o o procurar atendimento unidade saudar josé rir preto sp o motivar ferir bocar doer e cicatrizar durante o acompanhamento receber diagnóstico positivar câncer bocar,saúde,06/11/2020 16h18,Marina PagnoMinistério da Saúde(61) 3315-3580 / 2351,https://www.gov.br/saude/pt-br/assuntos/noticias/pacientes-compartilham-experiencias-do-diagnostico-e-do-tratamento-do-cancer-de-boca-no-sus,1
10790,"

Instituto Nise da Silveira será fechado pelo prefeito do Rio de Janeiro #boato 
","Boato – O prefeito do Rio de Janeiro, Marcelo Crivella, quer fechar o Instituto Nise da Silveira, hospital voltado para o tratamento de doenças mentais e que foi tema de um filme.",o prefeito rir janeiro fechar o instituto nise silveiro dia abril conhecer filmar absurdo assinar o abaixar assinar e compartilhar psi pedir apoio!urgente caro colega e amigo solicitar o ajudar assinar petição o fechamento instituto nise silveiro prejudicar paciente médico e psicólogo atuam n conceituar instituição doença mental assinar e compartilhar o pessoa profissional e população,brasil,28/04/2019,"
Edgard Matsuki ",https://www.boatos.org/brasil/instituto-nise-silveira-fechado.html,0
10791,"Após espancar a República, Bolsonaro quer convencer que ele é a vítima  ",,casar clássico agressor convencer o vítima assumir o presidência repúblico jair bolsonaro dobrar instituição brasileiro nome vantagem si e familiar coaf receitar federal procuradoria-geral repúblico polícia federal atacar o congresso nacional e o supremo tribunal federal incitar seguidor ameaçar ministro e parlamentar morte e exigir ditatorial o palácio planalto colocar marchar agendar casso direito e promover o violência decreto liberar armar mandar calar fiscal ambientar cumprir lei defender cálculo eleitoral torto condição o coronavírus espalhar rapidamente juntar população jogar o rastro morto resultante d comportamento costa governador e prefeito e insinuar instituição insuficiente impor freio o ímpeto autoritário presidencial agir golpista respostar o fã manhã d sábado portar palácio alvorar criticar o stf exatamente cumprir missão o presidente ninguém o o arrepiar constituição ficar tranquilo ninguém querer golpe mim ficar tranquilo corar piscar insinuação,saúde,02/05/2020 11h50 ,02/05/2020 11h50 ,https://noticias.uol.com.br/colunas/leonardo-sakamoto/2020/05/02/apos-espancar-a-republica-bolsonaro-tenta-convencer-que-e-vitima-de-golpe.htm,1
10792,É falso que chave para decifrar código de urnas esteja em mãos venezuelanas  ,,compartilhar rede social viralizou vídeo o título alarmista urgente eleitoral violar urna software alterar alô barroso o casar cair letra maiúsculo o gravação disparar série informação falso afirmar o utilizar urna brasileiro manipulado.um homem suposto chave capaz violar o software urna eleitoral mão venezuelano e português residir brasil,mundo,02/11/2020 04h00 ,"Colaboração para o UOL, em Curitiba",https://noticias.uol.com.br/confere/ultimas-noticias/2020/11/02/e-falso-que-chave-para-decifrar-codigo-de-urnas-esteja-em-maos-venezuelanas.htm,0
10793,"

Auxílio-alimentação de três meses é dado pelo governo e atacadistas do Brasil em site no WhatsApp #boato 
","Boato – Em parceria com as maiores redes atacadistas do Brasil, o governo está dando um auxílio-alimentação de três meses para as pessoas que entrarem em um site e compartilharem um link com amigos no WhatsApp.",complementar o auxílio emergencial parceria atacadista brasil família solicitar o auxílio alimentação família receber cesta básico solicitar site]responda perguntar abaixar receber o auxílio emergencial receber receber aguardar realmente necessitar receber o auxílio alimentação escolher desejar receber cesta básico entregar preferir retirarparabéns auxílio alimentação aprovar autenticar solicitação e confirmar robô clicar compartilhar e avisar amigo whatsapp informação compartilhar receber senha receber auxílio alimentação escolher entregar retirar compartilhar status procedimento obrigatorio,entretenimento,12/04/2020,"
Edgard Matsuki ",https://www.boatos.org/tecnologia/auxilio-alimentacao-tres-meses-dado-pelo-governo-e-maiores-atacadistas-do-brasil-boato.html,0
10794,"'Judiciário é protagonista porque é chamado a resolver questões', diz presidente da AMB  ",,mulher o presidir o amb associação magistrado brasileiro o juiz renata gil alcântara videiro completar ano mandatar anteontem entrevisto o o estadão posicionar tentativo aumentar o desincompatibilização juiz querer disputar eleição o categoria engajar projetos legislativo anticorrupção e esperar aumentar espaço representação feminino magistratura o sr o mulher presidente amb achar mudar representatividade,saúde,13/12/2020 07h08 ,Rayssa Motta e Fausto Macedo,https://noticias.uol.com.br/ultimas-noticias/agencia-estado/2020/12/13/judiciario-e-protagonista-porque-e-chamado-a-resolver-questoes.htm,1
10795,Vídeo “Plandemic” faz afirmações falsas sobre a COVID-19,,“ plandemic ” consistir entrevisto o controverso pesquisador judy mikovits reproduzir informação errar o covid-19 e acusação provar conspiração tornar pandemia,saúde,2020/05/26,Comprova,https://projetocomprova.com.br/publicações/video-plandemic-faz-afirmacoes-falsas-sobre-a-covid-19/,0
10796,"Sem produção, país se torna Venezuela e terá prateleiras vazias, diz Guedes  ",,o ministrar economia paulo guedes declarar hoje o manutenção isolamento social e o extensão pagamento auxílio emergencial levar o país o transformar venezuela o população dinheiro bolsar prateleiro vazio e inflação o afirmação feito responder o perguntar senador rogério carvalho pt-se durante audiência público congresso nacional questionar o duração pandemia e o pagamento auxílio emergencial dever estender pensar outro o produção interrompido duração isolamento dinheiro cair situação venezuela mundo dinheiro mão o prateleiro vazio importante produção existir afirmar manter sinal vital economia o supersafra o auxílio emergencial virar comprar comido interromper sinal vital e continuar auxílio prateleiro vazio e inflação guedes,saúde,30/04/2020 12h48 ,Antonio Temóteo,https://economia.uol.com.br/noticias/redacao/2020/04/30/sem-producao-pais-se-torna-venezuela-e-tera-prateleiras-vazias-diz-guedes.htm,1
10797,Procuradores querem que Aras recomende a Bolsonaro respeito às orientações da OMS, 26/03/2020 11h06 ,câmara coordenação e revisão ministério público federal mpf e o procuradoria federal direito cidadão o procuradoria-geralda repúblico pgr comandar procurador-geral augusto arar recomendação o o presidente jair bolsonaro e o o governar seguir orientação organização mundial saudar oms crise sanitário provocar coronavírus avaliação subprocuradores-gerais repúblico assinar o pedir recomendação o governar preciso pronunciar e agir coerente e sintonia orientação emanar autoridade sanitário nacional e oms ” integrante ministério público federal ações governar o coronavírus “ consonância o planar nacional contingência nacional infecção humano covid-19 ministério saudar devidamente compatível o emergência saudar público importância internacional – espii declarar oms ” o decisão o pedir recomendação o arar tomar o pronunciamento bolsonaro noite terça-feira o presidente voltar o minimizar efeito doença questionar o fechamento escola e pedir governador abandonar o conceito “ terra arrasar ”,política, 26/03/2020 11h06 , ,https://g1.globo.com/politica/blog/matheus-leitao/post/2020/03/26/procuradores-querem-que-aras-recomende-a-bolsonaro-respeito-as-orientacoes-da-oms.ghtml,1
10798,Jorge Aragão é internado em UTI com Covid-19,Cantor está hospitalizado desde 13 de outubro e não tem previsão de alta. Hospital disse que o sambista apresenta boa resposta ao tratamento. ,o cantor jorge aragão ano internar covid-19 unidade tratamento intensivo uti hospital unimed barrir tijuca zonar oeste rir janeiro o informação confirmar hospital o artista apresentar respostar o o tratamento o sambista entrar uti hospital dia outubro quadrar pneumonia viral covid-19 e previsão alto “ o paciente jorge aragão cruz admitir hospital outubro quadrar pneumonia viral covid-19 encontra-se unidade terapia intensivo monitorização contínuo e cuidar específico o condição clínico apresentar respostar o o tratamento haver previsão alto uti informar o boletim médico hospital,saúde, 18/10/2020 15h26 , Por G1 Rio ,https://g1.globo.com/rj/rio-de-janeiro/noticia/2020/10/18/jorge-aragao-e-internado-em-uti-com-covid-19.ghtml,1
10799,"Pai da vacina brasileira, Dimas Covas enquadra tropa da cloroquina na CPI  ",,o professor dimas cova presidente instituto butantan o médico e cientista comandar o desenvolvimento vacinar coronavac o o aplicar brasil e hoje o imunizar o população outro senador leigo medicinar e ciência tropa chocar bandar ignorante fundamentar dedicar unicamente o defender o governar federal e o cloroquina receitar doutor bolsonaro ouvir cientista respeitar dimas cova mostrar didaticamente cpi o governar federal boicotar o comprar vacinar butantan renovar esperançar viver país civilizar,política,27/05/2021 17h32 ,27/05/2021 17h32 ,https://noticias.uol.com.br/colunas/balaio-do-kotscho/2021/05/27/pai-da-vacina-brasileira-dimas-covas-enquadra-tropa-da-cloroquina-na-cpi.htm,1
10800,Suspeição de Moro já está selada. STF vota hoje se esculhamba o próprio STF  ,,botar ordem bagunça certo nicho colunismo e lavajatismo haver tentativo apelar matemático criativo haver fato irrecorrível o 13ª varar federal curitiba sergio morar juntar considerar incompetente abrigar causar respeitar o lula o placar stf elástico o jurista lenio streck escrever artigo impagável site consultor jurídico certo ginástico mental lavajatismo transformar vitória derrotar o pedir o anulação d vexaminoso o o alemanha amigo convicto n julho cruzar o portal desatino feio o o compromisso o desastre haver firmar dia março d ano instalar o força-tarefa conduzir terra morto d abril hoje o tribunal reunir e mistificador insistir substituir o direito vontade n o pleno supremo julgar morar suspeitar julgamento acontecer haver voto o o turma julgar habeas corpus e considerar o juiz parcial condução processar tríplex o o pleno decidir n — e deixar exótico o — julgamento valer experimentar certo sensação constrangimento o o escrever fundir ministro votar comportar instância revisor turma o balacobaco o temer dever submeter o escrutínio chegar o isso?mas chegar o singular cortar,política,22/04/2021 06h54 ,22/04/2021 06h54 ,https://noticias.uol.com.br/colunas/reinaldo-azevedo/2021/04/22/suspeicao-de-moro-ja-esta-selada-stf-vota-hoje-se-esculhamba-o-proprio-stf.htm,1
10801,Vídeo engana ao atribuir obra no RN apenas à gestão de Bolsonaro,,enganoso o afirmação feito apoiador presidente jair bolsonaro vídeo publicar o tiktok sobrar obrar executar o reta tabajara trecho rodovia br-304 o rir norte parabenizar o gestão e afirmar governo anterior nado o o obrar entretanto início o administração dilma rousseff pt e continuar o governar michel temer mdb comparação infundado sobrar pavimento o obrar atuais e o anterior conteúdo semelhante compartilhar o twitter,política,2021-08-03,Comprova,https://projetocomprova.com.br/publicações/video-engana-ao-atribuir-obra-no-rn-apenas-a-gestao-de-bolsonaro/,0
10802,Covid: É enganoso post que questiona ética dos testes em humanos de vacinas  ,,enganoso o postagem feito página facebook ético e humanar o vacinar chinês ruir costa pt testar população baiano o texto absurdo pessoa feito cobaia laboratório governar comunista chinês o post reproduzir afirmação urologista modesto jacobino médico defender drogar comprovação científico tratamento covid-19 especialista consultar refutar o declaração feito urologista.o texto mencionar aprovar órgão regulatórios vacinar passar fase teste humano brasil teste precisar passar aprovação comissão nacional ético pesquisar conep,saúde,17/08/2020 20h02 ,Coronavírus: Termômetro infravermelho não é prejudicial ao cérebro  ,https://noticias.uol.com.br/comprova/ultimas-noticias/2020/08/17/covid-e-enganoso-post-que-questiona-etica-dos-testes-em-humanos-de-vacinas.htm,0
10803,"

Onyx Lorenzoni pede, em áudio, oração para Bolsonaro curar suas fortes dores no corpo #boato 
","Boato – Em áudio no WhatsApp, o ministro Onyx Lorenzoni pediu oração para Bolsonaro curar suas fortes dores no corpo, principalmente nos pés. O chefe da Casa Civil disse que a doença é espiritual e que é preciso levantar o clamor pelo presidente.",urgente ministrar casar civil ônix lorenzoni pedir o deus orar presidente encontrar forte dor principalmente pé intercedermeu amar e amadaque dessalista transmissão vir n diaenesse noitepedirum clamor umaoração maisdo pelobrasil principalmente vidar presidente jairmessiasbolsonaro.recebi umáudio parceiro meuministério solicitação pastorsilasmalafaia o presidente jairbolsonaro ligar pra pedir opastor silas orar doente sentir dor corpo.e chegar voltar horar elenão conseguir colocar pé chão dor.ele normal espiritual.são seta malignasdo infernar o presidente.então brasileiro cristão levantar o clamor.repasse informação rede social nome dejesus nome dejesus.eu louvar lista transmissão tenhoepor d recebeos áudio proféticoseabençoados comocentenase centenasde pessoa abençoadas.receboinúmeros inúmero testemunhos.mas tomar posse absorver o pedir pôr o paraquem e comedir orar levantaroclamor pessoastêm sidocuradas abençoar oração.então nósestamos cumprir o palavra dedeus.orando outros.então amar levantar o clamor nação brasileiro levantar o clamor pelojairbolsonaro e principalmente amanhã caiapor terra oesquema sujodo stj nome senhorjesuscristo.amém?brasil acima edeus acima todos.beijo coração.deus abençoar,política,30/10/2019,"
Raiane Gonoli ",https://www.boatos.org/politica/onyx-lorenzoni-audio-oracao-para-dores-bolsonaro.html,0
10804,É #FAKE que governo americano fez recomendação para as pessoas rasparem barba ou bigode por uso eficiente de máscaras contra o coronavírus,"Mensagem circula em redes sociais em vários países e idiomas. Governo americano diz que cartaz foi feito em 2017 e é destinado a trabalhadores que usam respiradores. Tanto o Centro de Prevenção e Controle de Doenças dos Estados Unidos como a OMS, aliás, não recomendam o uso de máscaras pelo público em geral.",circular rede social cartaz logotipo governar norte-americano mostrar estilo barbar e bigode e adequar s máscara proteção legendar acompanhar o cartaz tratar recomendação centrar prevenção e controlo doença cdc unir pessoa remover estilo facial conseguir o máscara e prevenir o coronavírus mensagem fake o centrar prevenção e controlo doença cdc unir informar perfil twitter recomendar sequer máscara facial respirador público o órgão afirmar o gráfico elaborar instituto nacional segurança e saudar ocupacional niosh e destinar o trabalhador respirador facial causar vazamento vedação o cartaz mostrar estilo apropriar,mundo, 06/03/2020, Por G1 ,https://g1.globo.com/fato-ou-fake/noticia/2020/03/06/e-fake-que-governo-americano-fez-recomendacao-para-as-pessoas-rasparem-barba-ou-bigode-por-uso-eficiente-de-mascaras-contra-o-coronavirus.ghtml,0
10805,Site exagera falas de médico alemão sobre medidas rígidas contra o novo coronavírus,,frase atribuir o médico alemão site brasileiro literal pesquisador falir verdade medir rígido contenção doença afetam setores vidar sociedade o quarentenar,saúde,2020/05/18,Comprova,https://projetocomprova.com.br/publicações/site-exagera-falas-de-medico-alemao-sobre-medidas-rigidas-contra-o-novo-coronavirus/,0
10806,Segunda dose da CoronaVac não está relacionada à taxa de eficácia da vacina,,"dose escalonar comum programar vacinação e servir reforçar o dosar o taxar eficácia global coronavac 50,38 indicar vacinar o doença e o",saúde,2021/01/18,Comprova,https://projetocomprova.com.br/publicações/segunda-dose-da-coronavac-nao-esta-relacionada-a-taxa-de-eficacia-da-vacina/,0
10807,"

Cacau Show dá presentes de Dia das Mães em site no WhatsApp #boato 
","Boato – A Cacau Show está dando presentes de Dia das Mães para quem entrar em um site, girar uma roleta e compartilhar um link com amigos no WhatsApp.",mensagem whatsapp cacau show || dia mãe premiar irar doar e entregar 50.000 presente rei ganhar caixa lindo cacau pra pra mãe rs site]mensagem site dia mãe premiar cacau show ！ o chance girar o rodar e ganhar super presentar rei parabém prêmio caixa angel portar joias seguir instrução página reivindicar prêmio okconte amigo whatsapp promoção compartilhar e contatos whatsapp clicar ícone abaixar 2.clique ‘ prosseguir ’ e reivindicar presentar grátis cacau show whatsapp compartilhar o barrir azul cheio,entretenimento,02/05/2021,"
Edgard Matsuki ",https://www.boatos.org/tecnologia/cacau-show-presente-dia-das-maes-site-whatsapp.html,0
10808,"

Ronaldo Caiado divulga áudio atacando Alexandre de Moraes, Doria e o PSDB #boato 
","Boato – O governador de Goiás Ronaldo Caiado publicou um áudio na internet no qual ataca o ministro do STF Alexandre de Moraes, faz críticas a Doria, ao PSDB e defende Bolsonaro.",e prestar atenção desejar arrancar o cabeça bolsonaro o nomeação ramagem chefiar o polícia federal tá tpm stf supremo tribunal federal o alexandre moraes o careca ministrar supremo decisão monocrática suspender o nomeação ramage chefiar o polícia federal afrontar o prerrogativa presidente repúblico cláusula pétreo constituição direito presidente e lei nomear o chefe polícia federal novidade o novidade?quem o alexandre moraes e interesse defender o alexandre morar careca o advogar pcc o durante o governar geraldo alckmin secretário justiçar paulo período o pcc brecar paulo tocar o terror paulo e bo brasil alguém lembrar d ano o alexandre morar o secretário serviço municipal transporte público paulo o capital governar kassab o filiar o o psdb o colocar supremo tribunal federal temer o alexandre moraes e o careca ministrar justiçar e segurança público ano governar temer alexandre morar durante o lava-jato paulista ajudar o brecar investigação lava-jato paulista prender criminoso tucano psdb e ajudar o brecar lava-jato paulista disney rossetti delegar polícia federal chefe polícia federal paulista o nome disney o chefe defender recentemente o sérgio morar substituto vallejo casual vallejo sair conseguir entender aécio fhc e companhia limitar cadeia conseguir entender o jogar murar tirar o lula disputar eleição enterrar o pt e trazer condição o alckmin eleito presidente repúblico salvar o psdb conseguir entender recentemente o ligação dorian pedir o paulo guedes desembarcar governar pilar sustentação sérgio morar moralidade e o paulo guedes economia conseguir entender o psdb cornar o importância cornar cornear naçãoo psdb o pt barbar o psdb o o pt barbar praticar o serviço sujar matar o pt matar o psdb o pt barbar camisa polo gravata elegante discursar bonito e colocar torar grossura imenso cauda brasileiro compreender o hamachi o chefe polícia federal nomear bolsonaro chefe abin agência brasileiro inteligência e desmontar novamente o parque diversão chefiar quadrilha psdb e limpar o brasil mulher honrar e fibra e homem honrar fibra o bolsonaro razão e prestar atenção,política,06/05/2020,"
Edgard Matsuki ",https://www.boatos.org/politica/ronaldo-caiado-audio-atacando-alexandre-moraes-doria-psdb.html,0
10809,México e EUA prorrogam restrições na fronteira por um mês devido à covid-19  ,,"México, 11 dez 2020 (AFP) - O governo do México disse hoje que, em acordo com os Estados Unidos, estenderá até 21 de janeiro as restrições à circulação não essencial na fronteira para conter a propagação do coronavírus. Após revisar o desenvolvimento da pandemia em ambos os países, o México propôs aos Estados Unidos ""a prorrogação por um mês das restrições ao tráfego terrestre não essencial em sua fronteira comum"", informou no Twitter a chanceleria mexicana. Os dois países mantêm a fronteira de 3.145 km de comprimento fechada ao tráfego terrestre não essencial, como turistas ou visitantes eventuais, mas permite a passagem de mercadorias, trabalhadores ou estudantes.",saúde,11/12/2020 14h52 ,11/12/2020 14h52 ,https://noticias.uol.com.br/ultimas-noticias/afp/2020/12/11/mexico-e-eua-prorrogam-restricoes-na-fronteira-por-um-mes-devido-a-covid-19.htm,1
10810,É #FAKE que vídeo mostre crianças deitadas no chão com dor por causa do coronavírus na China,"Na verdade, vídeo foi gravado na África do Sul e mostra escola fazendo uma simulação de um ataque a bomba.",circular rede social vídeo mostrar criança berrar e sacudir perna e braço deitar chão o mensagem acompanhar o vídeo afirmar criança morrer dor o coronavírus cidade chino verdade o vídeo gravar chino sequer mostrar pessoa coronavírus o vídeo janeiro d ano gauteng áfrico sul o informação confirmar pai autor vídeo estudar escola país africanar e publicar imagem redar social tiktok o vídeo mencionar tiktok coronavírus iniciação escola ensinar médio haver absolutamente errar criança e fingir atacar o bomba iniciação entrar escola algum idiota comentar vídeo o coronavírus e o vídeo tornar viral afirmar o administrador página facebook lowveld venom suppliers trabalhar o pai adolescente,entretenimento, 28/02/2020, Por G1 ,https://g1.globo.com/fato-ou-fake/noticia/2020/02/28/e-fake-que-video-mostre-criancas-deitadas-no-chao-com-dor-por-causa-do-coronavirus-na-china.ghtml,0
10811,Baixo Clero #86: Mais importante que circo de Carlos Bolsonaro será quebra de sigilo  ,,avaliação colunista uol diogo schelp quebrar sigilar vereador carlos bolsonaro republicanos-rj importante depoimento d cpi covid instaurar apurar crime e omissão governar federal pandemia importante depoimento carlos circo quebrar sigilar entender o papel d fato n governar afirmar o colunista durante o episódio d semana clero o podcast político uol o 16:45 schelp lembrar apesar vereador rir haver diverso ficar evidente o filhar presidente jair bolsonaro exercer papel fundamental governar — o participação d reunião palácio planalto representante pfizer tratar comprar vacinar o covid-19,política,15/05/2021 04h00 ,15/05/2021 04h00 ,https://noticias.uol.com.br/videos/2021/05/15/baixo-clero-86-mais-importante-que-circo-de-carlos-bolsonaro-sera-quebra-de-sigilo.htm,1
10812,É falso que TSE vetou urna com voto impresso feita por institutos militares  ,,diverso falso veicular voltar s véspera eleição d ano d forçar armar oferecer urna eletrônicas votar impresso o tse tribunal superior eleitoral pleito o iniciativo recusada.o texto circular aplicativo mensagem levar vídeo mulher acusar o tse aceitar o ofertar instituto militar motivar aparentar publicação informação semelhante encontrar twitter e facebook,política,22/10/2020 04h00 ,"Do UOL, em São Paulo",https://noticias.uol.com.br/confere/ultimas-noticias/2020/10/22/ita-ime-urnas-voto-impresso-tse.htm,0
10813,Bolsonaro age como candidato à reeleição para tentar manter popularidade  ,,"pressionar acusação corrupção entornar presidente agir candidatar reeleição tentativo pautar agendar político e manter popularidade estratégia minar governador chapéu couro inauguração obrar abraçar apoiadores o roteiro típico campanha eleitoral adotado vigor bolsonaro agostar faltar ano o disputar pretender lançar reeleição.as viagem presidente priorizaram região nordeste e norte haver percentual população receber o render básico emergencial região desempenhar eleitoral 2018.um levantamento divulgar jornal o globo agostar mostrar município visitar abril n região cálculo site poder360 mostrar o percentual cidade nordeste visitar presidente o viagem subir auxílio emergencial o início transferência renda.foi nordeste bolsonaro saltar popularidade aprovação medir poderdata alcançar o agostar percentual acima aferir o junho rodar pesquisar agostar o setembro o aprovação presidente diminuir 40%.o cientista político adriano codato professor universidade federal paraná ufpr afirmar dw brasil prático bolsonaro começar campanha reeleição semestre ano governo.ele lembrar o ex-presidente luiz inácio lula silvar começar o agir candidatar reeleição ano governar o escândalo mensalão bolsonaro adiantar o calendário o bolsonaro repetir padrão antecipar codato diferençar afirmar lula máquina partidário bolsonaro o personalismo"".pressionado acusação corrupção entornar investigação fabrício queiroz incluir pagamento o primeira-dama michelle bolsonaro e o casar rachadinhas filhar o senador flávio bolsonaro o modo campanha bolsonaro servir pautar o agendar público bolsonaro o administração diretrizes gerar e delegar ministro o agitação e propaganda o codato o pandemia coronavírus inicialmente trazer o riscar causar desastre político o o presidente acabar criar oportunidade o criação auxílio emergencial avaliar glauco peres professor ciência político universidade paulo usp).o programar transferência render mudar o presidente perceber político público o retornar vir receber então.esse bolsonaro campanha peres buscar eleitor governista conceito ciência político descrever o eleitor depender governar e o mandatário importar base vir somar s camada médio e conservador apoiar bolsonaro 2018.para flávia bozza martim professorar ciência político universidade rir janeiro uerj o render básico emergencial o sustentáculo ascensão popularidade presidente.como o avaliação positivo variável capacidade antecipar o comportamento eleitor urna manter-se avaliar necessidade governo particularmente bolsonaro político relacionar o político institucional consequência início antecipar campanha o aumentar pressão manter despesa governar elevado.essa limitar teto gasto proibir o governar elevar despesa acima inflação o teto suspenso calamidade vigor novamente o ano.há discussão e governar flexibilizar o teto e o prestígio ministrar economia paulo guedes guardião faceto liberal e austero programar bolsonarista declínio o compromisso o liberalismo bolsonaro compromisso ocasião rifar o agendar liberal crer afirmar peres o presidente caminhar n direção diz.outro impactar modo campanha presidente disposição o pesar palácio planalto avançar reformar congresso nacional.o histórico bolsonaro o envolver diretamente aprovação temer potencial desgastar o reformar previdência -- condução principal atribuir o o presidente câmara rodrigar maia.nesta quarta-feira 03/09 o governar enviar o o congresso proposto reformar administrativo alterar regrar contratação promoção e remuneração servidor público vir o admitir futuro.o texto deixar mudança integrante judiciário legislativo e forçar armar apesar brandir receber o entusiasmar bolsonaro avaliação codato.outra reformar prometido ano enviar o o legislativo o tributário -- chance liderar presidente difícil guedes propor tirar benefício classe médio bombardear setor bolsonaro o professor ufpr.um elemento afetado clima campanha o presidente governador o o assumir o candidatar bolsonaro colocar político adversário e aniquilar inimigo político prático constante d martim uerj.esse aspecto tornar evidente presidente governador paulo joão doria e rir wilson witzel afastar governar superior tribunal justiçar indício envolvimento esquema corrupção parceria rir e paulo e o governar federal queimar ano mandatar presidente afirmar martins.peres usp alertar o riscar governador tornar competitivo sofrer procedimento jurídico o ocorrer witzel afastamento cercar debater legalidade",saúde,04/09/2020 08h07 ,Bruno Lupion,https://noticias.uol.com.br/ultimas-noticias/deutschewelle/2020/09/04/a-campanha-antecipada-de-bolsonaro.htm,1
10814,Moro nega conflito ético ao ligar-se a escritório que atende a Odebrecht  ,,o ex-ministro justiçar e segurança público sérgio morar manifestar n segunda-feira o admissão sócio-diretor consultoria americano gestão empresar alvarez marsal deixar o governar bolsonaro rede social confirmar o contratação haver anunciar empresar domingo e negar conflito interesse cargo ingressar quadro renomada empresar consultoria internacional alvarez&marsal ajudar empresar o certo político integridade e anticorrupção advocacia atuarei caso potencial conflito interesse escrever contar twitter ... ler íntegro estadão,política,30/11/2020 16h41 ,30/11/2020 16h41 ,https://noticias.uol.com.br/colunas/reinaldo-azevedo/2020/11/30/moro-nega-conflito-etico-ao-ligar-se-a-escritorio-que-atende-a-odebrecht.htm,1
10815,"

“Imperador Dom Pedro” prova que China e esquerda compram deputados para rejeitar voto impresso #boato 
",“Imperador Dom Pedro” prova que China e esquerda compram deputados para rejeitar voto impresso #boato,“ imperador dom pedrar mensagem whatsapp – conseguir – pt psdb psol pco redar – – algum duvidar – precisar chino in box ok – ok mensagem whatsapp – falar o projeto – tática ta certar – votar auditavel ovosss mensagem whatsapp – voce o o – vir o – o facada combinar kkkkkkkk – nado inocentar ”,política,08/07/2021,"
Kyene Becker ",https://www.boatos.org/politica/imperador-dom-pedro-prova-china-esquerda-compram-deputados-para-rejeitar-voto-impresso.html,0
10816,"

Japão enviou 600 milhões de máscaras contaminadas com coronavírus ao Brasil, alerta IBGE #boato 
","Boato – Em áudio no WhatsApp, o IBGE alertou que o Japão enviou 600 milhões de máscaras contaminadas com coronavírus ao Brasil. Elas serão distribuídas nos postos de saúde e nas casas.",rosar rosar receber fonte seguro o fonte informação seguro ibge instituto internacional e nacional o ibge tá chegar japão milhão máscara máscara distribuir brasil graça gostar pego máscara postar saudar ok fonte informação máscara contaminar v´rus circular máscara ok contaminar ok exceção contaminar o ibge amigar tenente-coronel trabalhar diretor ibge manter informar ok?agora acreditar querer presto atenção máscara postar saudar bater portar funcionário secretariar saudar perguntar pessoa casar oferecer máscara o governar sair pego máscara ok educação pôr lixar e mandar ok o voltar o japão ok combinar alertar ok?porque s pessoa simples pego falir graça mundo gasto mundo lógico mensagem circular avisar família vizinhar esquerdo avisar o secretariar saudar e cidade começar o distribuição d máscara o amanhã s horar manhã distribuir casar o buscar secretariar saudar postar saudar ok,saúde,09/04/2020,"
Edgard Matsuki ",https://www.boatos.org/saude/japao-enviou-600-milhoes-mascaras-contaminadas-coronavirus-brasil-ibge.html,0
10817,"

Amazonas tem queda de 80% nas mortes por Covid-19 por causa de tratamento precoce #boato 
","Boato – Após adotar o tratamento precoce, o estado do Amazonas teve queda de 80% no número de óbitos por Covid-19.",adotar tratamento precoce amazona quedo morte janeiro socorrer governar bolsonaro amazona quedo morte janeiro adotar tratamento precoceenquanto o região país seguir alertar o colapso saudar o amazona apresentar tendência diminuição gerar o morte o tratamento precoce adotado o governar bolsonaro socorrer o o ministrar pazuello época sugerir o tratamento precoce imediatamente o paciente sentir sintoma covid …,saúde,12/04/2021,"
Edgard Matsuki ",https://www.boatos.org/saude/amazonas-queda-80-nas-mortes-covid-19-tratamento-precoce.html,0
10818,É enganoso que e-mail de Fauci prove origem do coronavírus em laboratório  ,,o tuíte segundar o o fantástico mostrar e-mails virologista anthony fauci diretor instituto nacional alergia e doença infeccioso niaid unir e principal autoridade saudar o país revelir o coronavírus criar laboratório amigar criticar o ano inteirar acusar teórico conspiração acabar ligar parir pedir desculpar segundar o fantástico acabar revelar o e-mails dr fauci revelar o criação vírus laboratório fraudemia revelar dia escrever o autor post dia o exibição programar globo,ciência,25/06/2021 15h36 ,25/06/2021 15h36 ,https://noticias.uol.com.br/comprova/ultimas-noticias/2021/06/25/e-enganoso-que-e-mail-de-fauci-prove-origem-do-coronavirus-em-laboratorio.htm,0
10819,Bolsonaro pede para ser excluído de processo sobre portaria que aumentou munições  ,,recurso apresentar justiçar federal hoje o presidente jair bolsonaro afirmar influência o portar editar aumentar o acesso o munição deter o registrar armar bolsonaro vício encontrar portar derrubar decisão judicial atribuir s autoridade o assinar réu ação correr justiçar federal bolsonaro manifestar advocacia-geral união agu e o portar tratar atar essencialmente técnico participação justificar inclusão processar judicial maio o estadão revelar o publicação portar exército ordem expresso bolsonaro o o ministrar defeso fernando azevedo e silvar e o o titular justiçar sérgio morar o norma assinar ministro abril dia sair morar governar fundamentar parecer linha d subscritar general eugênio pacelli exonerar cargo diretor fiscalização produto controlar exército recurso o agu sair defeso bolsonaro suposto vício formar predizer portar interministerial casar existir atribuir o o presidente repúblico s autoridade praticar o atar justificar o órgão,política,14/07/2020 20h53 ,Patrik Camporez,https://noticias.uol.com.br/ultimas-noticias/agencia-estado/2020/07/14/bolsonaro-pede-para-ser-excluido-de-processo-sobre-portaria-que-aumentou-municoes.htm,1
10820,"

Fevereiro de 2020 será o mês mais quente da história por causa de onda de calor #boato 
",Boato – O Inmet e institutos de meteorologia do Chile alertam que fevereiro de 2020 será o mês mais quente da história. Motivo é uma onda de calor causada pelo fenômeno do equinócio.,atenção instituto meteorologia alertar forte onda calor fevereiro .. o defeso civil e telejornal divulgar assustar o população inmet instituto nacional meteorologia e instituto chile divulgar o fevereiro quentar registrar história medição criança e idoso pessoa problema pressão e cardiovascular atenção especial .. água .. exercício manhã e noite … e detalhar haver previsão dia sequer chuva .. o defeso civil prever desabastecimento água e energia .. ficar o dica .. criança e idoso praia e piscina n período horário .. repassar pessoa informar e tomar cuidar necessário atenção o fenômeno equinócio afetará dia permanecer e manter animar casar protegido especialmente o 11h as16h dia o temperatura flutuar e atingir grau celsius causar desidratação e insolação facilmente fenômeno dever o o fato o sol diretamente acima equador ficar hidratar consumir cercar litro líquido dia controlo pressão arterial sofrer insolação tomar banho frio o freqüente reduzir o carnar e aumentar frutar e legume o onda calor piar colocar velar utilizar casar exposto o velar derreter perigoso colocar baldar água sala e sala manter o temperatura o insolação apresentar sintoma indicativo desmaiar gravar e perigoso o falho órgão ativada verificar lábio e olho afundar desidratação informar …,brasil,31/01/2020,"
Edgard Matsuki ",https://www.boatos.org/brasil/fevereiro-2020-mes-mais-quente-historia-onda-de-calor.html,0
10821,"Ministro visita complexo Fiocruz, no Rio de Janeiro ",,o objetivo agendar conhecer instalação acompanhar o instituição contribuir combater o o coronavírus agendar rir janeiro rj o ministrar interino saudar eduardo pazuello visitar n sexta-feira o fundação oswaldo cruz fiocruz principal instituição pesquisar saudar público mundo ocasião visitar o instituto tecnologia imunobiológicos bio-manguinhos produzir teste e vacinar e o centrar hospitalar fiocruz o pandemia covid-19 receber investimento r$ milhão ministério saudar construção março d ano vincular o o ministério saudar o fiocruz instituição pesquisar e desenvolvimento ciência biológico responsável produção insumo teste e vacinar o ministrar visitar o presidente fiocruz nísia trindade limar o diretor bio-manguinhos maurício zuma e o diretora instituto nacional infectologia evandro chagar ini valdilea veloso,saúde,29/05/2020 23h41,"Por Adolfo Brito, da Agência SaúdeAtendimento à imprensa(61) 3315-3880 / 2351",https://www.gov.br/saude/pt-br/assuntos/noticias/ministro-visita-complexo-fiocruz-no-rio-de-janeiro,1
10822,"Após Havan boicotar Globo, boato envolve Riachuelo, que nega participação   ",,mensagem circular internet elogiar o redar loja riachuelo suspender anúncio redar globo o o presidente jair bolsonaro psl recentemente empresário declarar o retirar anúncio emissor o dono havan luciano hang loja riachuelo guararapes suspender sic anúncio globolixo e anunciar sbt flávio rocha comemorar o texto versão conteúdo viralizado rede social o supor boicotar riachuelo e marcar respostar reportagem jornal nacional dia outubro mostrar citação nominal o o presidente investigação morte vereador marielle franco psol assassinar ano passar rir janeiro,entretenimento,18/11/2019 04h03 ,Lucas Borges Teixeira,https://noticias.uol.com.br/confere/ultimas-noticias/2019/11/18/riachuelo-havan-boicote-globo-bolsonaro.htm,0
10823,CBV cancela temporada do vôlei de praia sem duas etapas  ,,o mineiro ana patrício ano e o cearense rebecca campeão brasileiro vôlei praia o duplo classificar jogo olímpico tóquio declarar vencedor circuitar brasileiro o confederação brasileiro vôlei cbv decidir encerrar o competição virtude pandemia coronavírus diferente calendário circuitar mundial anual brasil o temporada vôlei praia comedir agostar setembro ano e terminar maio junho ano seguinte feminino ana patrício rebeca vantagem tainá victoria vencer etapa realizar e precisar entrar quadrar etapa ficar o título ágatha duda duplo olimpíada participar etapa vencer acabar cancelar etapa rir janeiro e itapema sc realizar futuramente valer o temporada 2020/2021 evento open e o superpraia espécie atp finals vôlei praia brasileiro temporada recém-encerrada etapa distribuir r$ prêmios r$ duplo campeão masculino o capixaba andré stein ano e o paraibano george haver declarar campeão alcançar matematicamente liderança ranking vencer etapa vitor felipe e o veterano ricardo ficar,saúde,13/05/2020 17h11 ,13/05/2020 17h11 ,https://www.uol.com.br/esporte/colunas/olhar-olimpico/2020/05/13/cbv-cancela-temporada-do-volei-de-praia-sem-duas-etapas.htm,1
10824,UFJF mostra que casos da Covid-19 seguem em crescimento em Juiz de Fora,Nova nota técnica registrou aumento de 41% da média de notificações positivas da doença entre 12 e 26 de setembro; a maioria ocorreu em pessoas de 20 a 59 anos. Veja mais informações. ,"o município juiz registrar aumentar médio caso confirmar covid-19 obtido comparar dia e setembro o informação ° noto técnico modelagem epidemiológico covid-19 composto pesquisador universidade federal juiz ufjf divulgar n quinta-feira ° acordar o pesquisar o notificação positivo ocorrer pessoa o ano o óbito doença 79,5 idoso pessoa ano o documentar informar haver crescimento taxar letalidade o o longo semana município dia agostar 3,34 setembro 3,44 o reprodução efetivo rt estimar juiz dia agostar e setembro apresentar 1,61 manhã d o g1 mostrar o prefeito antônio almo psdb sinalizar o município fase pandemia",ciência, 01/10/2020 18h19 , Por G1 Zona da Mata ,https://g1.globo.com/mg/zona-da-mata/noticia/2020/10/01/ufjf-mostra-que-casos-da-covid-19-seguem-em-crescimento-em-juiz-de-fora.ghtml,1
10825,Senado aprova salário mínimo de R$ 1.100 sem reposição total da inflação  ,,o senado aprovar noite d quinta-feira o medir provisório estabelecer o salário mínimo r$ 1.100 o 1º janeiro d ano o proposto receber aval votação simbólico e seguir promulgação haver alteração o o texto apresentar presidente jair bolsonaro ... ler íntegro folhar,política,27/05/2021 20h02 ,27/05/2021 20h02 ,https://noticias.uol.com.br/colunas/reinaldo-azevedo/2021/05/27/senado-aprova-salario-minimo-de-r-1100-sem-reposicao-total-da-inflacao.htm,1
10826,Supremo mantém autonomia de estados e municípios para requisitar serviços de saúde na pandemia,Confederação pediu ao Supremo que processos fossem avaliados pelo Ministério da Saúde para evitar disputas entre governos; relator apontou 'falso problema'. Decisão foi unânime.,o plenário supremo tribunal federal stf decidir n quarta-feira unanimidade requisição e serviço privar e município o enfrentamento pandemia covid-19 precisar autorização prévio ministério saudar o resultar governo locar manter o autonomia existir hoje requerer leito e equipamento hospital privar – o devido indenização posterior o requisição profissional saudar atuem setor privar o decisão tomar ação confederação nacional saudar cns lei estabelecer medir enfrentamento pandemia o entidade o d requisição controlo prévio união perturbar o eficácia político único enfrentamento crise sanitário ação o cns conflito requisição ente e haver tentativo resolver problema estruturar saudar solicitação – dever excepcional – razão pandemia,saúde, 02/09/2020 18h33 ," Por Luiz Felipe Barbiéri, G1 — Brasília ",https://g1.globo.com/politica/noticia/2020/09/02/supremo-mantem-autonomia-de-estados-e-municipios-para-requisitar-servicos-de-saude-na-pandemia.ghtml,1
10827,É #FAKE que pandemia de gripe suína teve início na China como as da Sars e da Covid-19,Casos de H1N1 surgiram primeiro no México; mensagem falsa diz que China é responsável por surtos mundiais desde 1997.,circular rede social mensagem pandemia mundial origem chino o h5n1 gripar aviário o sars síndrome respiratório agudo gravar o h1n1 gripar suíno o h7n9 subtipo vírus influenza causar o gripar aviário e o covid-19 o mensagem tom xenófobo “ o chino vencer disparar nenhum tirar ” o h1n1 verificar méxico e chino e o surtir h5n1 humano hong kong território autônomo país epidemiar citar causar milhar morte mundo identificar chino continental chamar o território chinês excluir hong kong e macau o sars-cov o h7n9 e o covid-19 responsável surtir atual deixar pessoa morto mundo e,saúde, 15/06/2020," Por Roberta Pennafort, CBN ",https://g1.globo.com/fato-ou-fake/coronavirus/noticia/2020/06/15/e-fake-que-pandemia-de-gripe-suina-teve-inicio-na-china-como-as-da-sars-e-da-covid-19.ghtml,0
10828, Imagem modificada faz cartaz pró-Bolsonaro virar mensagem falsa sobre Moro  ,,diverso foto divulgar manifestação o o ministrar sergio morar justiçar e segurança público domingo destacar conteúdo duvidoso sérgio morar pra burro o supor cartaz apoiadora governar jair bolsonaro psl camisa amarelo e o bandeiro brasil ombro o imagem mensagem humor e teor político,política,01/07/2019 14h59 ,Lucas Borges Teixeira,https://noticias.uol.com.br/confere/ultimas-noticias/2019/07/01/imagem-modificada-faz-cartaz-pro-bolsonaro-virar-mensagem-falsa-sobre-moro.htm,0
10829,"

Sérgio Reis escreve carta para o Diário de São Paulo hoje #boato 
","Boato – Depois de incitar uma greve de caminhoneiros e sofrer críticas, o cantor Sérgio Reis escreveu uma carta para o Diário de São Paulo falando sobre a Ditadura.","o o sérgio rei escrever hoje o jornal diário paulo sérgio rei cantor sertanejo cartar publicar o jornal diário paulo ” lutar o ditadura tomar borrachada engolir gás lacrimogênio correr cavalar o av joão direção praça antonio prado e praça sé participar perigoso assembléias sindicato milicos escondido o massa guardar o memória o rostir exaltar arriscar o empregar pichei murar o slogan “ abaixar o ditadura ” distribuir panfleto morrer medo chorar anunciar o devolução o o e algum milhões.hoje pessoa morrer filar hospital bandido matar r$ 10,00 e pessoa andar zumbir o ruir causar drogar adolescente quantum x menino ano parir filho pai o classe político d país desfilar umar incompetência absurdo o país ridicularizar escândalo pedir perdão o o brasil pelar porcaria dever ficar casar quietar lutar pra corrupto o manobrar pra manter o e cade voce o ruir esquecer cor bandeiras.vamos o unir e lutar so .motivo direito trintar milhão aposentar nao admitirpolicial r$ 3.660,00 parir arriscar o vidar bombeiro r$ 3.960,00 parir salvar vidar professor r$ 2,200,00 parir preparar parir o vidar médico r$ 9.260,00 parir manter o vidar e o deputar federal 💰 r$ 26.700,00 salário r$ 94.300,00 verba gabinete r$ 53.400,00 auxílio paletó r$ 5.000,00 combustível r$ 22.000,00 auxílio moradia r$ 59.000,00 passagem aéreo r$ 17.997,00 auxílio saudar r$ 12.100,00 auxílio educação r$ 16.400,00 auxílio restaurante r$ 13.400,00 auxílio cultural auxílio dentista auxílio farmácia e outro parir lascar o vidar outro e o trabalhador r$ 937,00 parir sustentar o família o problema brasil o aposentados?publique repassar parir amigo o horar horar o população brasileiro aposentar tomar conhecimento d absurdo deixar repassar o o o amigo o suficiente parir gerar progressão",política,23/08/2021,"
Edgard Matsuki ",https://www.boatos.org/politica/sergio-reis-escreve-carta-para-diario-de-sao-paulo-hoje.html,0
10830,Ataques e 'fake news' rebaixam Brasil em ranking de liberdade de expressão  ,,o ano o brasil o país américa latino regredir termo liberdade expressão campanha desinformação chancelar pelar governar federal e ataque imprensar visto o ditadura militar 1964-1985 o avaliação ong artigo publicar hoje o relatório global expressão relativo o país 86º o ranking o brasil o país latino-americano perder frente o o relatório pelar segundar ano consecutivo vestir comer restrito liberdade expressão classificação observar pelar ong comer alertar democracia,política,29/07/2021 06h00 ,Juliana Arreguy,https://noticias.uol.com.br/politica/ultimas-noticias/2021/07/29/relatorio-global-liberdade-de-expressao-artigo-19-brasil-cai.htm,0
10831,Estoques de três medicamentos para intubação de pacientes se esgotam no DF  ,,medicamento utilizar intubação paciente o coronavírus distrito federal atualizados hoje painel infosaúde-df fármaco possuir previsão esgotamento semana haver vecurônio propofol mg ml frasco-ampola ml e cisatracurio paciente covid-19 acordar o painel fármaco atuam anestésico e relaxante muscular auxiliar processar intubação medicamento previsão esgotar semana o fentanila ampola ml — dia — o midazolam mg ml ampola ml — dia — o rocurônio e o pancurônio — hoje,saúde,24/03/2021 14h03Atualizada em 24/03/2021 15h41 ,24/03/2021 14h03Atualizada em 24/03/2021 15h41 ,https://noticias.uol.com.br/saude/ultimas-noticias/redacao/2021/03/24/estoque-medicamentos-intubacao-pacientes-covid-19-df.htm,1
10832,Secretária indica que SP terá restrições noturnas para conter pandemia  ,,o secretário estadual desenvolvimento econômico paulo patrício ellen indicar medir restrição conter o avançar pandemia coronavírus focar o circulação pessoa período noturno entrevisto tv globo ellen decisão anunciar hoje governador joão doria psdb discussão caminhar sentir evitar aglomeração e evento ilegal comum durante o noite detalhe medir trabalhar anunciar hoje doria o estudar o modelar restrição circulação principalmente período noturno o mundo inteirar trabalhar n direção,saúde,24/02/2021 08h36Atualizada em 24/02/2021 09h33 ,24/02/2021 08h36Atualizada em 24/02/2021 09h33 ,https://noticias.uol.com.br/saude/ultimas-noticias/redacao/2021/02/24/secretaria-indica-que-sp-tera-restricoes-noturnas-para-conter-pandemia.htm,1
10833,Cidades registram carreata em defesa de Bolsonaro neste domingo,"Presidente tem defendido relaxamento de restrições impostas por governadores e prefeitos para combate da pandemia do novo coronavírus. Atos também pediram intervenção militar, o que contraria a Constituição.",manifestante n domingo carretar o o presidente jair bolsonaro medir isolamento social imposto prefeito e governador e defendido autoridade saudar evitar o disseminação covid-19 pedir intervenção militar o contrariar o constituição registrar atos brasília paulo belo horizonte fortalezar maceió goiânia salvador manaus goiânia e recife cidade interior rir e paulo medir isolamento social seguir orientação organização mundial saudar oms e visar evitar aglomeração pessoa reduzir o velocidade transmissão covid-19 país e garantir o redar saudar condição tratar doente brasília,política, 19/04/2020 11h50 , Por G1 — Brasília ,https://g1.globo.com/politica/noticia/2020/04/19/manifestantes-fazem-carreata-em-brasilia-em-apoio-a-bolsonaro.ghtml,1
10834,"
  Chamas afetam biomas brasileiros em 2020, mas nem todas estas imagens são atuais ","Para chamar atenção para os graves incêndios florestais que têm atingido o Pantanal, a floresta amazônica, a Chapada dos Guimarães e o município de Tangará da Serra em agosto e setembro de 2020, usuários passaram a compartilhar registros de chamas consumindo biomas nas redes sociais. No entanto, nem todas as imagens viralizadas retratam a situação atual.Envie-nos por WhatsApp Email",“ amazônia chamar … pantanal chamar … chapar guimarães chamar … tangar serrar chamar … almo chamar … ” postagens compartilhar facebook o dia setembro o mensagem replicar twitter acompanhar foto chamar consumir vegetação o pantanal bioma vegetação úmida localizar matar grosso e matar grosso sul registrar ano recordar foco ativos incêndio 14.764 janeiro e setembro,brasil,14/09/2020 às 23:40,AFP Brasil,https://checamos.afp.com//chamas-afetam-biomas-brasileiros-em-2020-mas-nem-todas-estas-imagens-sao-atuais,0
10835,Câmara aprova urgência de projeto sobre venda de vacina para empresas  ,,voto o e deputar aprovar requerimento urgência urgente o projeto liberar o comprar vacinar covid-19 empresar o relator projeto celina leão pp-df ler o versão relatório projeto lei votar sequência o oposição o proposto e obstruir,saúde,06/04/2021 16h58 ,Camila Turtelli,https://noticias.uol.com.br/saude/ultimas-noticias/estado/2021/04/06/camara-aprova-urgencia-de-projeto-sobre-venda-de-vacina-para-empresas.htm,1
10836,Texto engana ao dizer que pandemia declina após zerar excesso de mortes  ,,o texto apresentar site notícia brasil online nbo alegar o pandemia coronavírus declínio e o brasil zerou o excesso morte junho publicação o site desatualizados permitir chegar o conclusões.o texto métrico o chamar excesso morte o comparação o óbito provocar causar natural ocorrer n ano o mundo afetado pandemia covid-19 e o pandemia,saúde,23/07/2020 20h49Atualizada em 28/07/2020 17h40 ,"Do UOL, em São Paulo*",https://noticias.uol.com.br/comprova/ultimas-noticias/2020/07/23/texto-engana-ao-dizer-que-pandemia-declina-apos-zerar-excesso-de-mortes.htm,0
10837,o polícia federal descobrir jair bolsonaro us$ milhão o suíço,,o notícia ganhar forçar o compartilhamentos o redar social e diverso site e blogs o semana janeiro e deixar gente triste o denúncia acordar o texto o polícia federal descobrir o presidente jair bolsonaro umar contar secreto e milionário o suíço,política,14/01/2019,gilmar lopes,https://www.e-farsas.com/a-policia-federal-descobriu-que-jair-bolsonaro-tem-us-200-milhoes-na-suica.html,0
10838,"
  Lojas do Carrefour ficaram temporariamente fechadas em respeito à morte de cliente espancado","Publicações compartilhadas mais de 13,5 mil vezes nas redes sociais desde o último dia 25 de novembro afirmam que o Carrefour fechou lojas em Porto Alegre e demitiu 783 funcionários após um cliente negro ter sido agredido até a morte por seguranças, atribuindo a ação da empresa à candidata à Prefeitura de Porto Alegre, Manuela D’Ávila. Mas a informação não procede. De acordo com a assessoria da rede, a loja na qual João Alberto morreu permaneceu fechada apenas em 26 de novembro em respeito ao ocorrido. As demais no país também fecharam, mas abriram após as 14h.Envie-nos por WhatsApp Email",“ carrefour fechar hoje portar alegrar demitir pessoa agradecer o manuela d’ávila agendar comunista aplicar sucesso ” afirmar postagens compartilhar milhar facebook dia o morte joão alberto freitas espancar segurança supermercado carrefour portar alegrar novembro o afirmação atribuir o fechamento loja e demissão funcionário candidato prefeitura portar alegrar pcdob manuela d’ávila circular instagram e twitter o checar entrar contato o assessoria imprensar carrefour e-mail assinalar o alegação proceder “ o ocorrer o fechamento loja portar alegrar quinta-feira 26/11 respeitar o o ocorrer casar sr joão alberto fechamento loja país s 14h dia ”,brasil,29/11/2020 às 18:35,AFP Brasil,https://checamos.afp.com//lojas-do-carrefour-ficaram-temporariamente-fechadas-em-respeito-morte-de-cliente-espancado,0
10839,Ex-membro da equipe econômica iguala Bolsonaro a Dilma e Guedes a Mantega  ,,o intervenção militar jair bolsonaro promover petrobras destravar o língua ex-auxiliares paulo guedes haver desembarcar ministério economia silenciar rancor ex-secretário desburocratização o economista paulo uebel igualar bolsonaro o dilma rousseff e equiparar guedes o o antecessor petista guido mantega o governar bolsonaro parecer o governar dilma hoje escrever uebel redar social n guido mantega absolutamente o paulo guedes similaridade arrepiar cidadão desistir brasil uebel desistir governar haver responsável reformar administrativo permanecer gaveta bolsonaro ano enviar o o congresso bater retirar juntar o empresário salim mattar o ex-secretário desestatização frustrar conseguir vender estatal,política,21/02/2021 04h29 ,21/02/2021 04h29 ,https://noticias.uol.com.br/colunas/josias-de-souza/2021/02/21/ex-membro-da-equipe-economica-iguala-bolsonaro-a-dilma-e-guedes-a-mantega.htm,1
10840,"Em cerimônia, Mandetta se despede de Bolsonaro e ministros com cumprimento de cotovelo","Agora ex-ministro da Saúde, ele desejou 'sabedoria' ao novo titular da pasta e agradeceu a Bolsonaro. Presidente disse que Mandetta sai com a 'consciência tranquila'.",o ex-ministro saudar henrique mandetta despedir presidente jair bolsonaro n sexta-feira cumprimentar cotovelo o saudação durante o pandemia coronavirus evitar contato mão e minimizar o possibilidade contaminação mandetta participar n manhã cerimônia posse ministrar pastar o oncologista nelson teich o ex-ministro agradecer bolsonaro e desejar sabedoria o teich condução ministério “ cumprimentar o senhor excelente senhor presidente repúblico jair bolsonaro receber n palácio o incumbência dirigir o ministério saudar o datar hoje ” mandetta “ e o o colega substituir o desejar sabedoria conduzir o país ” afirmar o ex-ministro durante discursar planalto,política, 17/04/2020 12h45 ," Por Luiz Felipe Barbiéri e Guilherme Mazui, G1 — Brasília ",https://g1.globo.com/politica/noticia/2020/04/17/em-cerimonia-mandetta-se-despede-de-bolsonaro-e-ministros-com-cumprimento-de-cotovelo.ghtml,1
10841,Vacina de Oxford reduz transmissão do coronavírus e garante eficácia de 76% na primeira dose,,"estudar preliminar universidade oxford reinar unir apresentar terça-feira indicar o vacinar covishield desenvolvido instituição parceria o farmacêutico anglo-sueca astrazeneca reduzir o transmissão coronavirus o dosar d o análise clínico demonstrar o imunizante eficácia caso sintomático covid-19 o inoculação o vacinar projetada regime dose o indicação fórmula oferecer proteção robusto e bloquear o transmissão quase caso elevar o expectativa o imunizante contribuir frear o ritmar pandemia matar milhão pessoa o mundo trata-se estudar apresentar evidência capacidade vacinar o covid-19 reduzir o transmissão sars-cov-2 pesquisador universidade britânico monitoraram o carga viral voluntário teste rt-pcr pessoa sinal vírus via aéreo infectar covid-19 capaz disseminar o doença o universidade oxford anunciar o eficácia vacinar aumentar espaçamento dosagem voluntário o ano referendar o intervalar ampliar reinar unir e adotado brasil o estudar 12.408 pessoa vacinar único dosar vacinar hospitalizar covid-19 dia o imunização levar contar resultar teste clínico conduzir reinar unir brasil e áfrico sul pesquisador salientar estudar o janela semana ideal o estocar vacinar limitar país abrir mão eficácia alto o eficácia vacinar único dosar padrão vacinar o dia e o dia pós-vacinação e análise modelar indicar o proteção diminuir durante período inicial sublinhar acadêmicos oxford o trabalhar o eficácia vacinar 82,4 semana o dosar o índice janela semana o dosar 54,9 o intervalar longo dose pessoa ano 6-8 semana haver o eficácia intervalar dosagem semana n recortar o estudar revisar parir e pesquisador salientar necessário aprofundar pesquisar confirmar resultar andrew pollard investigador-chefe ensaio clínico covishield reinar unir o proteção o covid-19 assegurar dia o dosar o anúncio receber cientista — vacinar reduzir o transmissão medir indicar significar restrição relaxar esperar imunidade rebanhar o santo graal implementação mundial vacinar — gillies o bryan-tear ex-decano faculdade medicinar farmacêutico reinar unir resultar saudar ministrar saudar britânico matt hancock entrevisto bbc radiar n quarta-feira — o vacinar oxford reduzir o transmissão coronavírus ajudar o sair d pandemia resultar inspirar confiança imunizante funcionar deixá-lo imune evitar transmitir o vírus pessoa — hancock exatamente estudo o eficácia vacinar prevenção transmissão coronavírus cientista alertar sistematicamente o necessidade o população imunizar manter o isolamento social o cadeia transmissão coronavírus substancialmente controlar neutralizar o cautela mantido ponderar cientista apresentar oxford depender revisão e informação imunizante autorizar emergencialmente o covid-19 o divulgação estudar o astrazeneca afirmar o flexibilidade aumentar o dose o melhor estratégia o vacinar basear técnico vetor viral o adenovírus encontrar chimpanzé transportar informação coronavírus induzir respostar imunológico organismo n quarta-feira o chefe pesquisar farmacêutico mene pangalos acreditar o proteção superior oferecido o dosagem explicar verdade intervalar o dosar e o reforçar conformar o estudar divulgar terça-feira originalmente ensaio pensar janela semana pangalos comentar o artigo publicar lancet atestar o eficácia 91,6 vacinar sputnik v desenvolvido laboratório russo gamaleya dezembro o astrazeneca e desenvolvedores rússia anunciar o realização teste visar combinação imunizante itilizam o tecnologia adenovírus vetor viral pangalos ponderar entanto necessário pesquisar avaliar o eficácia combinação vacinar",saúde, Publicado em  02/02/21 16:04 ,"Extra, com agências internacionais",https://extra.globo.com/noticias/coronavirus/vacina-de-oxford-reduz-transmissao-do-coronavirus-garante-eficacia-de-76-na-primeira-dose-24866174.html,1
10842,TSE deve deixar julgamento da chapa Bolsonaro-Mourão para 2021  ,,o tribunal superior eleitoral tse julgar ano o pedir ministério público eleitoral mpe unificar ações investigar suposto irregularidade vitorioso campanha jair bolsonaro e hamilton mourão presidência repúblico ficar o decisão o quebrar sigilar bancário e fiscal empresário luciano hang e empresar investigar disparar mensagem massa o relator d ações o corregedor-geral justiçar eleitoral ministrar luis felipe salomão decidir levar pedir mp eleitoral o exame plenário d decisão tomar individualmente salomão ministro compor o tse tse o avaliação o o pautar sessão plenário restar n ano congestionar e privilegiar o análise registro candidatura político disputar eleição municipal o início recesso judiciário dia d haver hábil cuidar ações mirar bolsonaro e mourão,política,09/12/2020 13h25 ,Rafael Moraes Moura,https://noticias.uol.com.br/ultimas-noticias/agencia-estado/2020/12/09/tse-deve-deixar-julgamento-da-chapa-bolsonaro-mourao-para-2021.htm,1
10843,maria rosário acusar witzel permitir bandido o trabalhar segurança,é verdade que a deputada federal maria do rosário acusou o governador do rio de janeiro não permitir que bandidos façam o seu trabalho em segurança?,dia agostar o sequestrador ônibus balear e morto horar negociação o polícia o tirar fatal atirador elite batalhão operação especial bope pontar rio-niterói,política,21/08/2019,gilmar lopes,https://www.e-farsas.com/maria-do-rosario-acusou-witzel-de-nao-permitir-que-bandidos-facam-o-seu-trabalho-em-seguranca.html,0
10844,"Com sol, parque Ibirapuera reabre com movimentação intensa em São Paulo  ",,reaberto hoje fechar o parque ibirapuera movimentação intenso o o longo manhã ensolarado hoje cidade paulo pessoa caminhar corrido esportes o o ar livrar e piquenicar n sábado início o etapa chamar fase transição planar paulo flexibilização econômica parque estadual e municipal abrir 6h s 18h o frequentador máscara pessoa o proteção o corretar portão o reportagem ninguém medir o temperatura frequentador distribuição álcool gel,saúde,24/04/2021 11h22 ,Anahi Martinho,https://noticias.uol.com.br/cotidiano/ultimas-noticias/2021/04/24/reabertura-parque-ibirapuera-sao-paulo.htm,1
10845,"

Avicultores e suinocultores são atacados pela população faminta na Argentina #boato 
",Boato – Vídeo mostra o momento em que população faminta da Argentina invade granja de frangos e porcos. Avicultores e suinocultores estão sendo atacados por causa do socialismo.,o o fome avicultor e suinocultores atacar argentino população faminto nenhum negócio segurar deixar o esquerdalha maldizer voltar o o e o argentino o país mundo miséria o o venezuela o argentino brigar o disputar acirrar abraçar o socialismo maldizer,mundo,14/05/2021,"
Edgard Matsuki ",https://www.boatos.org/mundo/avicultores-suinocultores-atacados-populacao-faminta-argentina.html,0
10846,"

Damares Alves vai revogar a Lei Maria da Penha por pressão de evangélicos #boato 
","Boato – A ministra da Mulher, da Família e dos Direitos Humanos Damares Alves afirmou que vai revogar a Lei Maria da Penha. Decisão ocorreu após pressão da bancada evangélica.",pressão bancada evangélico lei maria penha revogar ministro damares maldizer lei diabo e criar governar pt acabar o família cristão corrigir o companheiro direito bíblico garantir o o varão palavra deus e servir manter o varoa corretar e deixar maneiro algum levantar o voz falir chamar lei maria penha servir destruir casamentar relacionamento e escriturar gente “ mulher ” tá o lei maria penha proteger mulher feminicídio o família homem o direito “ corrigir ” o mulher ler óculo vencer atenção mulherada mi mi mi … o damares o mulher submisso o o homem … rsrsrs … edison oliveira concordar o lei maria penha armar satanás destruir vidar alguém discordar,política,09/05/2019,"
Edgard Matsuki ",https://www.boatos.org/politica/damares-revogar-lei-maria-da-penha.html,0
10847,"Mortes por Covid-19 no mundo passam de 900 mil, segundo universidade","EUA têm o maior número de vítimas do novo coronavírus, com mais de 190 mil mortes.",o morto covid-19 mundo passar n quarta-feira monitoramento universidade johns hopkins unir milhão caso confirmar coronavírus o planeta absoluto unir o país o morte vítima covid-19 n divulgar gravação presidente donald trump admitir gravidade doença fevereiro eua registrar caso o brasil absoluto o morte coronavírus vítima o índio passar forte alto caso quase morto o mundo atingir morte covid-19 abril casar confirmar coronavírus dia o vítima doença dobrar e chegar o o ritmar total morto atingir certo estabilidade abaixar,saúde, 09/09/2020 19h58 , Por G1 ,https://g1.globo.com/bemestar/coronavirus/noticia/2020/09/09/mortes-por-covid-19-no-mundo-passam-de-900-mil-segundo-universidade.ghtml,1
10848,Nenhum dos homens que aparecem em vídeos criticando isolamento é  analista da bolsa NASDAQ,,vídeo crítico político isolamento social combater pandemia coronavírus atribuir o marcio rocha supor analista bolsar nasdaq york,saúde,2020/04/08,Comprova,https://projetocomprova.com.br/publicações/nenhum-dos-homens-que-aparecem-em-videos-criticando-isolamento-e-analista-da-bolsa-nasdaq/,0
10849,Morre a influenciadora Ygona Moura por complicações da covid-19  ,,morrer hoje o influenciadora trans ygona mouro ano internar uti unidade terapia intensivo hospital paulo haver dia covid-19 o informação divulgar stories perfil oficial d instagram pessoal perder o ygona acordar o assessoria imprensar o mãe ygona providenciar o enterrar realizar capital paulista familiar influenciadora postar atualização saudar rede social,saúde,27/01/2021 22h27Atualizada em 28/01/2021 13h12 ,27/01/2021 22h27Atualizada em 28/01/2021 13h12 ,https://tvefamosos.uol.com.br/noticias/redacao/2021/01/27/morre-ygona-moura.htm,1
10850,Roupeiro da equipe sub-20 do Vasco morre por complicações da Covid-19  ,,o roupeiro equipar sub-20 vasco luiz henrique ribeiro falecer n vítima complicação cardíaco causar covid-19 o funcionário ano e haver gigante colina o perfil oficial twitter base vascaína prestar homenagem o o funcionário clube haver informação o sepultamento devastar notícia falecimento querer luiz henrique roupeiro sub-20 desejar forçar o amigo e familiar n difícil descansar paz escrever o clube mensagem twitter passagem cruz-maltino o roupeiro trabalhar longo período botafogo apelidar carinhosamente henricão jogador base vasco chamar o beber e querer atleta e comissão técnico,saúde,17/12/2020 15h12 ,17/12/2020 15h12 ,https://www.uol.com.br/esporte/futebol/ultimas-noticias/lancepress/2020/12/17/roupeiro-da-equipe-sub-20-do-vasco-morre-por-complicacoes-da-covid-19.htm,1
10851,"Espermatozoides nadam com 'giro de pião', e não com movimentos paralelos, aponta cientista brasileiro","Descoberta foi feita a partir de um microscópio 3D e revela o que estava escondido há mais de 300 anos: espermatozóides 'perfuram' o fluido, como parafusos.",o o ciência pensar século o nadar espermatozoides errar o estudar publicar n sexta-feira revisto science advances o imagem coletadas microscópio 3d revelar deslocamento espiral o cientista o descrever o movimentar espermatozoides o holandês antonie van leeuwenhoek microscópio avistar cauda nadar mexer serpentar enguia água o constatação leeuwenhoek questionar justamente microscópio comum o tecnologia microscopia tridimensional pesquisador universidade bristol reinar unir e universidade autônoma méxico virar movimentar espiralar e giratório direções o flagelar bater maneiro assimétrico rotacionando gradualmente e o espermatozoide anular assimetria explicar o o g1 o brasileiro hermes gadêlha professor universidade bristol e autor estudar conseguir criar simetria assimetria,ciência, 01/08/2020 07h36 ," Por Fabio Manzano, G1 ",https://g1.globo.com/ciencia-e-saude/noticia/2020/08/01/espermatozoides-nadam-com-giro-de-piao-e-nao-com-movimentos-paralelos-aponta-cientista-brasileiro.ghtml,1
10852,"

Veículo movido por água é inventado por brasileiro #boato 
",Boato – Vídeo mostra que um brasileiro inventou um carro movido à água.,versão carro mover o água conhecimento o revolução mundo versão o nasa eua o roscosmos russia o cnsa chino e o esa europa carro mover o água inventar brasileiro parabém,brasil,20/01/2021,"
Convidado ",https://www.boatos.org/brasil/veiculo-movido-por-agua-e-inventado-por-brasileiro.html,0
10853,"China registra mais 29 mortes por coronavírus, menor balanço desde janeiro  ",,pequim fev afp autoridade saudar chino divulgar n quinta-feira noite brasil morte provocar coronavírus o diário falecimento registrar janeiro e pequeno aumentar quantidade contágio acordar o balançar comissão nacional saudar registrar diagnóstico positivo província hubei epicentro epidemiar chino continental excluir hong kong e macau o total falecimento 2.744 o quantidade caso diagnosticar o tornar 78.500 o província hubei permanecer praticamente quarentenar cidade importante restar país parecer lentamente retornar o o normal,saúde,26/02/2020 23h34 ,26/02/2020 23h34 ,https://noticias.uol.com.br/ultimas-noticias/afp/2020/02/26/china-registra-mais-29-mortes-por-coronavirus-menor-balanco-desde-janeiro.htm,1
10854,"Investir em saúde é solução para crise social e econômica, diz pesquisador  ",,investir saudar o único sair d pandemia solução o brasil sair crise econômica carlos grabois gadelha economista e pesquisador fiocruz fundação oswaldo cruz defender desenvolver o complexo econômico e industrial saudar ajudar frente o sociedade brasileiro trazer empregar render e reindustrialização o país outro aumentar o qualidade vidar população atualmente trabalhador saudar aplaudir trabalho arriscar e invisibilizados hoje o setor responsável milhão emprego diretos e indiretos e garantir pib produto internar bruto o somar e produto país gadelha temer o centrar produção acadêmica e gestão cargo ocupar fundação e ministério saudar e desenvolvimento indústria e comércio ler abaixar o entrevisto período permitir certo mudança escalar valorar perceber o coletivo acessório transmissível o vírus escancarar necessidade dividir o sociedade e planar saudar o curar o vacinar o tratamento ninguém o pandemia mostrar acerto arranjo território o população ajudar o importância saudar família mostrar erro estruturar desigual e o fragilidade precisar insumo o brasil país pequeno agir comprar e vender produto básico soja e ferrar o respirador mostrar visão estratégico irresponsabilidade o produção nacional representar demandar componente sofisticar d ventilador importar dependência aproximadamente o o mercar internacional ano quintuplicar importação luva buscar,saúde,22/05/2020 04h00 ,Rodrigo Bertolotto,https://www.uol.com.br/ecoa/ultimas-noticias/2020/05/22/investir-em-saude-e-saida-para-crise-social-e-economica-diz-pesquisador.htm,1
10855,É #FAKE que ministro Paulo Guedes anunciou o fim do auxílio-reclusão,"Em nota, o Ministério da Economia afirma que a informação não procede. Benefício só pode ser extinto por meio de PEC aprovada no Congresso.",circular rede social o informação o ministrar economia paulo guedes anunciar o auxílio-reclusão mensagem publicar facebook junho chegar o compartilhamentos e fôlego propagação boatar janeiro publicação semelhante alcançar compartilhamentos o alegação entretanto fake noto o ministério economia negar o governar encerrar o benefício d o auxílio-reclusão prever artigo constituição federal e motivar extingui-lo simples necessário proposto emendar constituição pec aprovar congresso haver projeto objetivo tramitação senado fase inicial o benefício entretanto passar alteração e tornar restrito o medir provisório aprovar senado e transformar lei 13.846/2019 impor pente-fino série direito concedido inss incluir o auxílio-reclusão o benefício período carência e conceder o detentos contribuir o previdência ano aplicar o detentos regime semiaberto,política, 09/07/2019," Por Hellen Guimarães, O Globo ",https://g1.globo.com/fato-ou-fake/noticia/2019/07/09/e-fake-que-ministro-paulo-guedes-anunciou-o-fim-do-auxilio-reclusao.ghtml,0
10856,É #FAKE que vídeo sobre incidente em barragem de Jirau seja atual ,"Vídeo que tem sido divulgado nas redes foi gravado, na verdade, em 2015. Defesa Civil diz que situação da barragem é normal em RO.",circular rede social vídeo trabalhador usina hidrelétrica jirau rir madeirar rondônia descrever ofegante o temer o estourar barragem o vídeo antigo postagens divulgar o imagem atual fake marcelo santo coordenador defeso civil portar velho transmissão o o viver facebook explicar o informação falso o respeitar usina jirau vídeo falir romper haver pessoa irresponsável vídeo e retornar s mídias existir temor inverdade usina o jirau o santo antônio apresentar anomalia monitorando afirmar acordar usina apresentar o planar ação emergência e instrumento monitoram usina real,brasil, 13/02/2019," Por Roney Domingos, G1 ",https://g1.globo.com/fato-ou-fake/noticia/2019/02/13/e-fake-que-video-sobre-incidente-em-barragem-de-jirau-seja-atual.ghtml,0
10857,"

Porcentagem dos candidatos em São Paulo prova fraude nas eleições 2020 #boato 
","Boato – Apuração de votos em São Paulo (SP) prova fraude nas eleições, porque porcentagem de Bruno Covas, Guilherme Boulos, Celso Russomano e Márcio França se manteve estável.","“ presidente tomar providência o fraudar e claro maravilhar o contagem voto paulo prestar atenção o porcentagem candidato o parcial 0,39 99,67 permanecer praticamente estático mover décimo 0,39 resultar cova 32,58 boulos 20,33 frança 13,95 russomano 10,44 37,77 urna apurar porcentagem seguir cova 32,79 boulos 20,32 frança 13,65 russomano 10,52 57,77 porcentagem seguir intacto cova 32,81 boulos 20,85 frança 13,65 russomano 10,49 e atualização 99,67 urna apurar porcentagem seguir exatamente cova 32,85 boulos 20,24 frança 13,65 russomano 10,50 pra acreditar fenômeno d votar papel antigamente fraude ”",política,18/11/2020,"
Kyene Becker ",https://www.boatos.org/politica/porcentagem-candidatos-sao-paulo-prova-fraude-eleicoes.html,0
10858,Salão do automóvel em NY é adiado para agosto devido ao coronavírus  ,,reuters o salão automóvel york adiar agostar causar surtir coronavírus recente série evento cancelar preocupação o epidemiar o programar abril remarcar agostar o setembro dia evento mídia programar e agostar o cidade york vestir crescente caso coronavírus montador veículo planejavam o salão lançar veículo passar extraordinário ajudar o proteger participante expositor e participante coronavírus mark schienberg presidente associação revendedor automóvel york organizador salão automóvel york,saúde,10/03/2020 20h05 ,David Shepardson e Tina Bellon,https://www.uol.com.br/carros/noticias/reuters/2020/03/10/salao-do-automovel-em-ny-e-adiado-para-agosto-devido-ao-coronavirus.htm,1
10859,ex-candidato o vereador joão pessoa voto manipular pelar tre-pb,"recentemente, recebemos uma sugestão de pauta na “coalizão para checagem – eleições 2020”! por meio de uma parceria, nove agências de checagem, o tribunal superior eleitoral (tse) e integrantes dos tribunais regionais eleitorais (tres) estão em contato permanente para identificar notícias falsas sobre as eleições e encontrar, da forma mais ágil possível, respostas verdadeiras e precisas para os boatos que circulam nas redes sociais.",d alertar vídeo ex-candidato o vereador edmilson duroger mdb joão pessoa paraíba n edmilson votar 1ª zonar 4ª seção capital paraibana mostrar documentar alegadamente oficial aparecer votar edmilson garantir haver votar n afirmar funcionário tre pb o situação corrigir e colocar voto seção,política,23/11/2020,marco faustino,https://www.e-farsas.com/ex-candidato-a-vereador-de-joao-pessoa-teve-seus-votos-manipulados-pelo-tre-pb.html,0
