,Titulo,Subtitulo,Noticia,Categoria,Data,Autor,URL,Classe
3982,"
  Não há registro de que a Ford tenha encerrado globalmente a produção de veículos de passageiros","Publicações compartilhadas mais de mil vezes desde 11 de janeiro nas redes sociais afirmam que o anúncio da fabricante automobilística Ford de sair do Brasil teria feito parte de uma “decisão global” tomada há dois anos de encerrar a produção de veículos de passageiros. Mas não há registro dessa estratégia de produção e foi informado que a empresa aumentaria os investimentos na fabricação de automóveis em países vizinhos, como Argentina e Uruguai. Envie-nos por WhatsApp Email",“ brasil o decisão ford tomar haver ano parar produzir carro passageiro mundo ganhar dinheiro ka fiesta focus etc desistir competir asiático e europeu o ford produzir caminhonetes e o mustang mundo ” afirmar publicação compartilhar facebook twitter e instagram o anúncio empresar norte-americana encerrar produção brasil publicação acompanhar capturar tela notícia nbc news abril o título “ ford encerrar produção veículo passageiro exceto o mustang ” tradução inglês o matéria entretanto trazer informação o produção unir mencionar o produção global companhia 	  dia janeiro o ford comunicar o fechamento fábrica brasil camaçari ba taubaté sp e horizonte ce comunicar o automotor anunciar “ reestruturação operação região permitir modelar negócio ágil e sustentável brasil e américa sul ” e mencionar entrave continuar atuando país “ o pandemia global covid-19 ampliar desafio negócio persistente capacidade ocioso indústria e redução vender américa sul especialmente brasil ”,brasil,22/01/2021 às 17:59,AFP Brasil,https://checamos.afp.com//nao-ha-registro-de-que-ford-tenha-encerrado-globalmente-producao-de-veiculos-de-passageiros,0
3983,"
  Postagens alegam erroneamente que a vacina da Moderna contém um ingrediente inseguro","Publicações viralizadas nas redes sociais desde o último dia 19 de maio indicam que a vacina contra a covid-19 produzida pela empresa de biotecnologia Moderna contém SM-102, alegando que essa substância causa câncer e não é própria para uso humano. Mas o documento usado como “prova” se refere a uma combinação de SM-102 com clorofórmio, elemento tóxico que não é listado como um componente do imunizante.Envie-nos por WhatsApp Email","“ pesquisar google o frase ‘ simples ingrediente vacinar moderno ’ trazer rapidamente item o sm-102 o o pesquisar sm-102 google site cayman chemical fornecer o download segurança pdf sm-102 n constar suspeitar causar câncer suspeitar prejudicar o fertilidade e nascituro causar dano nervoso central rim fígado e respiratório prolongar exposição repetir ” assinalar postagens circular facebook texto foto e vídeo conteúdo semelhante encontrar youtube twitter site e aplicativo mensagem telegram visualizar 34,6 viralizado inglês versão vídeo mostrar tela gravar buscar o conteúdo vacinar o covid-19 posteriormente o usuário clicar site companhia químico fornecer detalhe produto chamar sm-102 lipídio combinação lipídio o formação nanopartículas",saúde,4/06/2021 às 21:53,"AFP Estados Unidos, AFP Brasil, AFP França, Juliette Mansour",https://checamos.afp.com//postagens-alegam-erroneamente-que-vacina-da-moderna-contem-um-ingrediente-inseguro,0
3984,Relator quer permitir saques mensais do FGTS a quem teve salário reduzido  ,,o relator medir provisório autorizar o sacar emergencial r$ 1.045 fgts fundir garantir serviço deputar marcel van hattem novo-rs propor mudança texto trabalhador redução salário suspensão contratar trabalhar direito sacar recurso contar fgts complementar o render texto relator o trabalhador sacar mensalmente equivalente o o necessário recompor salário redução suspensão contratar o sacar correspondente o o salário trabalhador saque mensal fgts seriar permitir durar o redução salário o suspensão contratar trabalhar o governar criar o sacar emergencial fgts apoiar trabalhador n crise causar pandemia coronavírus mp sacar r$ 1.045 fundir acordar calendário seguir o datar nascimento trabalhador,saúde,29/07/2020 14h09 ,Antonio Temóteo,https://economia.uol.com.br/noticias/redacao/2020/07/29/fgts-completar-renda-salario-reduzido-contrato-suspenso.htm,1
3985,Novo DPU cita combate à 'cultura machista' e pede revisão do teto de gastos  ,,"o defensor público união daniel macedo alves pereira tomar posse hoje ministério justiçar brasília destacar o combater o cultura machismo e pedir o defensoria público união dpu preservar emendar teto gasto paulo guedes ouvir balançar desequilibrar ministério público federal forte orçamentar r$ 7,5 bilião e 1.800 membro outro o dpu defensor federar e orçamentar r$ milhão o impactar direto vidar empobrecer vulnerável hipervulnerável e o sair matemático o sair congressual o emendar teto o ministrar paulo guedes ouvir sofrer revisão o defensoria afirmar o defensor o o sabatinar senado dezembro haver defender o revisão o órgão emendar o expansão dpu ameaçar regrar teto gasto e gatilho corte gasto previsto pec emergencial pec 186/2019",política,19/01/2021 13h03 ,19/01/2021 13h03 ,https://noticias.uol.com.br/politica/ultimas-noticias/2021/01/19/novo-dpu-assume-falando-em-cultura-machista-e-revisao-do-teto-de-gastos.htm,1
3986,Bolsonaro distorce fatos em discurso na ONU  ,,o presidente jair bolsonaro distorcer fato e mentir discursar assembleia onu organização nação unir exibir hoje.na falir durar minuto bolsonaro elevar o auxílio emergencial 1.000 dólar o milhão brasileiro afirmar índio e caboclos responsável incêndio amazônia e queimar pantanal acontecer decorrência alto temperatura região,política,22/09/2020 13h08Atualizada em 25/09/2020 20h38 ,"Do UOL, em São Paulo",https://noticias.uol.com.br/confere/ultimas-noticias/2020/09/22/queimadas-auxilio-emergencial-oleo-no-ne-o-que-bolsonaro-disse-na-onu.htm,0
3987,propaganda site conteúdo adulto aparecer durante transmissão cnn,"nas últimas horas um vídeo mostrando um âncora da emissora norte-americana cnn fechando uma suposta propaganda inesperada de um site de conteúdo adulto, durante a cobertura das eleições presidenciais, viralizou nas redes sociais.","o vídeo amplamente compartilhar usuário diverso país incluir o brasil 1,2,3,4,5,6 e ganhar forçar principalmente twitter e youtube",política,6/11/20202,marco faustino,https://www.e-farsas.com/propaganda-de-site-de-conteudo-adulto-apareceu-durante-transmissao-da-cnn.html,0
3988,Posts enganam sobre transposição do São Francisco para elogiar Bolsonaro  ,,postagens o rede social comparação enganoso acercar obrar projeto integração rir francisco parir exaltar o governar jair bolsonaro o conteúdo omitir o atual presidente assumir o país obrar concluir administração anterior umar imagem analisar pelar comprovar mostrar umar lista resultar obrar o período entrar e o material especificar o empreendimento e referir água parir o nordeste o coincidência datar início e inauguração trecho projeto entretanto sugerir o post tratar transposição rir francisco,política,10/06/2021 15h55 ,10/06/2021 15h55 ,https://noticias.uol.com.br/comprova/ultimas-noticias/2021/06/10/posts-enganam-sobre-transposicao-do-sao-francisco-para-elogiar-bolsonaro.htm,0
3989,fake nóis existir viajante,,o internet danadinha o presentear foto e vídeo antigo pessoa parecer deslocar e seriar descuidar provar o viagem o …,entretenimento,5/09/20195,gilmar lopes,https://www.e-farsas.com/fake-em-nois-sera-que-existem-mesmo-viajantes-do-tempo.html,0
3990,Colômbia é o 8º país do mundo a passar de 1 milhão de casos de Covid,"É também o 3º da América do Sul a superar a marca, após Brasil e Argentina; desde o início da pandemia do novo coronavírus, foram mais de 30 mil mortes registradas.",o colômbio o país mundo e o américa sul o superar o marcar milhão caso coronavírus o universidade johns hopkins o país superar morte e o 11º óbito registrar o marcar atingir n segunda-feira dia o argentino o espanha e o frança registrar milhão caso o início pandemia abaixar país infecção coronavírus mundo o colômbio país cercar milhão habitante picar doença agostar registrar caso horar entanto aparecer país morto pandemia,saúde, 26/10/2020 11h14 , Por G1 ,https://g1.globo.com/bemestar/coronavirus/noticia/2020/10/26/colombia-e-o-8o-pais-do-mundo-a-passar-de-1-milhao-de-casos-de-covid.ghtml,1
3991,Bolsonaro não inaugurou trecho da transposição do SF em foto de banhistas  ,,"km extensão o transposição rir francisco trecho inaugurar diferente presidente circular rede social parabenizar jair bolsonaro obrar 2017.""transposição rir francisco virar piscina caatinga nordeste o homem sic ano mandar água e mandar bolsonaro2022 o compartilhar facebook acompanhar foto pessoa banhar aparentar o obrar transposição",política,21/07/2020 04h00 ,"Do UOL, em São Paulo",https://noticias.uol.com.br/confere/ultimas-noticias/2020/07/21/trecho-da-transposicao-do-sao-francisco-nao-foi-inaugurada-por-bolsonaro.htm,0
3992,"Em alta, Brasil registra mais de uma morte de covid por minuto em 24 horas  ",,o brasil alcançar hoje o recordar 1.726 morte dever covid-19 registrar horar o país chegar impressionante marcar óbito o país curvo ascendente e tendência agravamento dia consórcio imprensar o uol o recordar anterior morte covid-19 intervalar horar haver registrar fevereiro 1.582 óbito ministério saudar o recordar haver 1.595 julho o alto d dia influenciar ausência registro dia anterior paulo — acabar incluir contar dia,saúde,02/03/2021 21h09Atualizada em 02/03/2021 22h02 ,Carlos Madeiro ,https://noticias.uol.com.br/saude/ultimas-noticias/redacao/2021/03/02/em-alta-brasil-registra-mais-de-uma-morte-de-covid-por-minuto-em-24-horas.htm,1
3993,Decisão que libertou Lula e outros presos gera enganos e fake news na rede  ,,o julgamento stf supremo tribunal federal o execução peno o instância acabar noite quinta-feira e série internet começar o especular efeito decisão liberação estupradores e pedófilo o preso solto imediatamente internautas postagens o decisão o o prisão esgotarem-se possibilidade defeso o chamar trânsito julgar o uol conferir checar d o semana passar montagem rosto ministro supremo cortar circular rede social atribuir o frase defeso condenar pedofilia corrupção tráfico drogar homicídio e estuprar,política,09/11/2019 04h04 ,Lucas Borges Teixeira,https://noticias.uol.com.br/confere/ultimas-noticias/2019/11/09/boatos-e-fake-news-sobre-a-prisao-em-2-instancia-apos-lula-ser-solto.htm,0
3994,"

Homem filmado batendo em criança foi espancado na cadeia e quase morreu #boato 
","Boato – Depois de ser preso, homem que aparece em vídeo batendo em criança foi espancado na cadeia e quase morreu.",presar homem aparecer vídeo bater criança brutalmente espancar cadeia e quase morrer acabar entrar selar o homem espancar apanhar o homem nu preso o andar e ficar pé levar chutar e paulada perna e o gritar:“eu monstro ” o homem nome revelar aparecer vídeo tapar e soco estômago criança forçar o o ficar pé o vídeo viralizou whatsapp e causar indignação pessoa,brasil,23/09/2019,"
Edgard Matsuki ",https://www.boatos.org/brasil/homem-filmado-batendo-crianca-espancado-cadeia.html,0
3995,"Facebook, YouTube e Twitter firmam acordo com anunciantes para combater discurso de ódio",Redes sociais se comprometeram com diretrizes contra conteúdos nocivos em resposta ao movimento de boicote que começou em junho.,facebook youtube e twitter comprometer anunciante o criar mecanismo combater o o discursar ódio e conteúdo nocivo movimentar boicotar começar junho o acordar anunciar federação mundial anunciante wfa n quarta-feira e estabelecer série diretrizes comum identificar discurso ódio junho centena anunciante suspender anúncio publicitário facebook campanha stop hate profit basto ódio lucrar tradução livrar alegar o redar dever acabar o ódio e o desinformação plataforma início d celebridade kim kardashian leonardo dicaprio e katy perry deixar facebook e instagram horar enviar mensagem semelhante,política, 23/09/2020 12h21 , Por G1 ,https://g1.globo.com/economia/tecnologia/noticia/2020/09/23/facebook-youtube-e-twitter-firmam-acordo-com-anunciantes-para-combater-discurso-de-odio.ghtml,1
3996,"

Triplo A está na pauta do Acordo de Paris e da COP 25, que seria no Brasil #boato 
","Boato – Para sediar a COP 25, o Brasil seria obrigado a assinar um acordo chamado Triplo A, no qual teria que ceder a Amazônia para outros países. Triplo A está no Acordo de Paris.",“ triplo o ” – o bolsonaro semana presidente-eleito recomendar o o futurar ministrar exterior ernesto araújo o realização brasil conferência clima organização nação unir o cop discutir alteração climático mundo e ações redução efeito estufar … querer entender o pautar conferência onu o idear criar o corredor andes-amazônia-atlântico triplo o aaa o o desconhecer o teor e tomar corpo avançar meses.ocorre o conceito corredor triplo o preparar colômbio e casualmente o idear ex-presidente colombiano juan manuel santo parceria o fundação gaiar amazona sediar bogotá … general villas o “ corredor triplo o ” soberania e missão comandante exército preocupar interesse nacional indicar risco d proposto o país precisar discutir profundamente o sociedade o sociedade buscar entender processo completar e total razão o o presidente-eleito ”,política,03/12/2018,"
Edgard Matsuki ",https://www.boatos.org/politica/triplo-a-pauta-acordo-paris-cop-25.html,0
3997,"São Paulo tem aumento de 18,5% no número de mortos e de 5% no de casos  ",,"paulo registrar aumentar 18,5 morto e caso oficiar o 16.740 pessoa infectar e 1.345 morte divulgar hoje secretariar estadual saudar o coordenador coordenadoria controlo doença secretariar saudar paulo paulo menezes o saltar acontecer lentidão notificação municipal durante o feriar prolongar saltar morte durante o feriar o óbito modesto hoje aumentar o vigilância epidemiológico envolver o município e cartório chegar informação funcionar lento durante o feriar hoje situação aproveitar colocar município o importância agilidade notificação caso identificar o estadual alimentar e atualizado adequadamente acrescentar",saúde,23/04/2020 15h51 ,23/04/2020 15h51 ,https://noticias.uol.com.br/saude/ultimas-noticias/redacao/2020/04/23/sao-paulo-tem-aumento-de-185-no-numero-de-mortos-e-de-5-no-de-casos.htm,1
3998,Botucatu inicia neste domingo vacinação em massa da população adulta  ,,o população adulto botucatu interior paulista vacinar hoje o covid-19 estudar vacinar oxford astrazeneca fiocruz botucatu cercar habitante ano d população vacinar o covid-19 o expectativa imunizar pessoa idade e ano o cronograma prefeitura o 8h d domingo receber o vacinar o faixar o ano idade s 10h30 comedir o vacinação pessoa idade e ano s 13h o o ano e s 15h30 o idade e ano o vacinação massa justiçar eleitoral regional ordem advogar brasil oab botucatu e ministério público e exclusivo morador cidade,saúde,16/05/2021 07h31Atualizada em 16/05/2021 11h37 ,16/05/2021 07h31Atualizada em 16/05/2021 11h37 ,https://noticias.uol.com.br/ultimas-noticias/agencia-brasil/2021/05/16/botucatu-inicia-neste-domingo-vacinacao-em-massa-da-populacao-adulta.htm,1
3999,rapaz engravidar jovem obrigar o abortar o 3ª luzir trigêmeos,,notícia compartilhar o redar social e diverso site e blogs o semana setembro contar o história rapaz engravidar garotar e acordar o amigar jovem – segundar afirmar o notícia obrigar o suar namorar o o abortar,entretenimento,8/09/20198,gilmar lopes,https://www.e-farsas.com/um-rapaz-engravidou-3-jovens-obrigou-2-a-abortar-mas-a-3a-deu-a-luz-trigemeos.html,0
4000,"Marco zero do coronavírus, Wuhan veta consumo de animais selvagens  ",,o cidade wuhan chino registrar caso coronavírus sars-cov-2 proibir o caçar o vender e o consumir animar selvagem ano comunicar divulgar noite norma efeito imediato e estruturar principal o idear difícil conseguir licença o vender d carnar justificativo o decisão o proteção fauna selvagem via extinção o proibição caçar o animar e o reforçar campanha educativo e publicitário o proteção bicho permitir abater animar selvagem casar o finalidade o pesquisar científico o controlo população e o monitoramento doença epidemiológico apesar animal o chamar saltar espécie coronavírus haver suspeito o transmissão ocorrer mercar público wuhan.um estudar recente descartar o pangolim mamífero consumir ásia responsável transmissão haver suspeito morcego animar selvagens.desde fevereiro o chino reforçar o controlo consumir carne exótico diminuir risco epidemiar instalar,saúde,21/05/2020 09h30 ,21/05/2020 09h30 ,https://noticias.uol.com.br/ultimas-noticias/ansa/2020/05/21/marco-zero-da-covid-wuhan-veta-consumo-de-animais-selvagens.htm,1
4001,Nego do Borel lamenta morte de tio pelo coronavírus: 'Muito triste'  ,,o cantor negar borel instagram lamentar o morte familiar covid-19 doença provocar coronavírus emocionar anunciar deus coronavírus acabar levar tio borel postar foto o familiar e homenagem amar tio joão marcar casar encontrar céu amar deus tio vó tá triste postar o artista recentemente retornar o namorar duda rei o músico exaltar o amar chance o viver junto o duda o mulher vidar e d conseguir o e conquistar vidar ficar feliz chance consertar erro e valorizar o pessoa especial sentir entrevisto,saúde,24/04/2020 09h37 ,24/04/2020 09h37 ,https://tvefamosos.uol.com.br/noticias/redacao/2020/04/24/nego-do-borel-tio-coronavirus.htm,1
4002,Estudo sem revisão tem falhas e não prova que uso de máscaras é ineficaz contra covid-19,,enganoso publicação site afirmar o máscara facial eficaz parir prevenir caso covid-19 o texto basear estudar fase pré-print suficiente parir comprovar o máscara ineficaz comer medir combater covid-19 especialista ouvir pel falho o metodologia utilizar,saúde,2021-06-11,Comprova,https://projetocomprova.com.br/publicações/estudo-sem-revisao-tem-falhas-e-nao-prova-que-uso-de-mascaras-e-ineficaz-contra-covid-19/,0
4003,livro infantil vender o bienal incentivar prático sexual verdade,,o alertar surgir whatsapp o semana setembro e chamar o atenção mãe parir o comércio indiscriminado livrar aparentemente parir o criança o conteúdo ensinar prático sexual,entretenimento,5/09/20191,gilmar lopes,https://www.e-farsas.com/livros-infantis-a-venda-na-bienal-incentivam-praticas-sexuais-sera-verdade.html,0
4004,"

Padre Cléber (Kléber Oliveira) da TV Aparecida faz vídeo de apoio às manifestações de 15 de março #boato 
","Boato – O Padre Cléber (Kléber Oliveira), da TV Aparecida, fez um vídeo de apoio às manifestações de 15 de março. Em vídeo, o apresentador criticou a postura “mandatária” do Congresso Nacional e do STF sobre o país e questionou: “Como pode achar que o povo está errado em ir para as ruas protestar?”.",padrar representar palavra d ouvir o narrativo apresentador padrar cléber programar tv aparecido e tirar o conclusão achar valer o peno divulgar gente ouvir,entretenimento,,"
Raiane Gonoli ",https://www.boatos.org/religiao/padre-cleber-kleber-oliveira-video-manifestacoes-15-de-marco.html,0
4005,Moraes cita dinheiro na cueca e diz que nem toda revista íntima é abusiva  ,,"O ministro do STF Alexandre de Moraes defendeu hoje um entendimento intermediário sobre as revistas íntimas nos presídios. Citando o caso da apreensão de dinheiro na cueca do senador licenciado Chico Rodrigues (DEM-RR), o ministro entende que nem todas as revistas íntimas são vexatórias e degradantes e defendeu que o que deve ser proibido é o abuso e o uso excessivo da prática. O Supremo Tribunal Federal está julgando se são legais as provas obtidas em revistas íntimas realizadas em pessoas que visitam presos nas cadeias do país. Ontem, Edson Fachin, relator do caso, votou pela proibição da medida — faltam votar outros oito ministros (Kassio Nunes Marques ainda não tomou posse e não votará). Para Moraes, o segundo a votar, se esse tipo de revista for vetado por completo, haverá ""efeitos catastróficos na persecução penal"" e a prova do dinheiro encontrado na cueca de ""um senador da República"" seria anulada.",política,29/10/2020 15h19Atualizada em 29/10/2020 19h09 ,Marcelo Oliveira,https://noticias.uol.com.br/cotidiano/ultimas-noticias/2020/10/29/revista-intima-stf-dia-2.htm,1
4006,"Com mais de mil mortes pelo 3º dia, Brasil tem 10 estados e DF em alta  ",,"Na data em que ultrapassamos mais de 200 mil mortes pela covid-19 desde o início da pandemia no Brasil, o país registrou, pelo terceiro dia consecutivo, mais de mil mortes confirmadas em 24 horas. Foram 1.120 óbitos registrados entre ontem e hoje, somando 200.163 mortes pela doença até agora. Com isso, o país tem 10 estados mais o Distrito Federal com alta na média móvel de mortes. Os dados são do consórcio de veículos de imprensa do qual o UOL faz parte. Hoje, às 17h29, o marco foi divulgado em boletim extra do consórcio de veículos de imprensa. O número também foi confirmado por dados divulgados pelo Ministério da Saúde mais de uma hora depois. Nunca uma doença matou tanto no país em um ano. Foram 741 óbitos em média nos últimos sete dias, o que representa uma estabilidade de 7% na comparação com 14 dias atrás. No entanto, o estado do Paraná foi o único que não enviou os dados atualizados até o fechamento do boletim, às 20h.",saúde,07/01/2021 17h29Atualizada em 07/01/2021 21h50 ,07/01/2021 17h29Atualizada em 07/01/2021 21h50 ,https://noticias.uol.com.br/saude/ultimas-noticias/redacao/2021/01/07/covid-19-coronavirus-mortes-casos-07-de-janeiro.htm,1
4007,"Como vai funcionar a vacinação contra o coronavírus no Brasil, segundo o governo  ",,pedir esclarecimento stf supremo tribunal federal o o andamento ação o vacinar contar o covid-19 o governar federal divulgar n quarta-feira 16/12 planar nacional vacinação combater pandemia o versão haver enviar o o supremo sábado lacuna o cortar pedir o ministério saudar explicar melhor planejamento,saúde,16/12/2020 15h39 ,16/12/2020 15h39 ,https://noticias.uol.com.br/saude/ultimas-noticias/bbc/2020/12/16/como-vai-funcionar-a-vacinacao-contra-coronavirus-no-brasil-segundo-o-governo.htm,1
4008,MEC flexibiliza regras para antecipação de formatura em áreas da saúde  ,,o mec ministério educação flexibilizar regrar antecipar o formatura estudante medicinar enfermagem farmácia e fisioterapia pertencente o o federal ensinar e retirar o necessidade atuassem exclusivamente combater pandemia coronavírus o portar publicar hoje diário oficial união revogar o abril o texto incluir o redar privar e valer durar o situação emergência público decorrência covid-19 documentar colação grau antecipar o alunar completar carga horário previsto o período internato médico estágio supervisionar o texto excluir o trecho o carga horário dedicar esforçar contenção pandemia dever computar complementação horar devido estágio curricular obrigatório o emissão certificar participação profissional combater pandemia o respectivo carga horário e o bonificação noto processar seleção público o ingressar programar residência,saúde,13/04/2020 10h36 ,13/04/2020 10h36 ,https://educacao.uol.com.br/noticias/2020/04/13/mec-flexibiliza-regras-para-antecipacao-de-formatura-em-areas-da-saude.htm,1
4009,"

Onça-parda é encontrada no Morro da Urca (Rio de Janeiro) após isolamento social #boato 
","Boato – Uma onça-parda foi encontrada no Morro da Urca (Rio de Janeiro) após isolamento social. Ela foi vista passeando livremente na face noroeste, em frente à Enseada do Botafogo, já que está todo mundo em quarentena.",verdade pensar gato … ” onça pardo – passear tranquilamente morrer urca … face noroeste … frente enseada botafogo ” onça pardo face noroeste morrer urca frente pra enseada botafogo!!onça pardo lindo maravilhoso zonar sul rir janeiro morrer urca o bondinho pão açúcar,brasil,07/05/2020,"
Raiane Gonoli ",https://www.boatos.org/brasil/onca-parda-no-morro-da-urca-isolamento-social.html,0
4010,O É DA COISA: Queda de Pazuello é inútil se continuar negacionismo homicida  ,,ministrar condescender estupidez e brutalidade,política,15/03/2021 21h01 ,15/03/2021 21h01 ,https://noticias.uol.com.br/colunas/reinaldo-azevedo/2021/03/15/o-e-da-coisa-queda-de-pazuello-e-inutil-se-continuar-negacionismo-homicida.htm,1
4011,Ministro da Saúde da Bolívia é preso por compra superfaturada de ventiladores para covid-19  ,,o polícia bolívia prender n quarta-feira o ministrar saudar marcelo navajas investigação comprar superfaturada ventilador espanhol paciente covid-19 informar chefe instituição navajas presar dependência felcc forçar especial lutar o crime cidade o paz afirmar o comandante unidade o coronel iván rojo dia o presidente interino boliviano jeanine áñez ordenar o investigação comprar questionar corrupção funcionário saudar detido polícia o comprar ventilador quase us$ milhão feito o financiamento banco interamericano desenvolvimento bid funcionário órgão internacional convocar depor o organismo internacional destacar comunicar público preocupação informação irregularidade aquisição respirador realizar ministério saudar bolívia recurso financiamento banco e anunciar aberto investigação interno,saúde,20/05/2020 23h15 ,20/05/2020 23h15 ,https://noticias.uol.com.br/ultimas-noticias/afp/2020/05/20/ministro-da-saude-da-bolivia-e-preso-por-compra-superfaturada-de-ventiladores-para-covid-19.htm,1
4012,"

Havaianas está dando sandálias grátis do carnaval 2019 no WhatsApp #boato 
",Boato – A Havaianas é patrocinadora oficial do carnaval 2019 e está dando milhares de chinelas (sandálias) grátis para quem entrar em um site e compartilhar um link no WhatsApp.,havaiano patrocinar o carnaval e distribuir milhar chinela personalizar responder o questinário garantir o minuto responder perguntar responder perguntar abaixar direito o havainas realizar o entregar havaiano seguir procedimento abaixar precisar certificar robô compartilhar site amigo whatsapp clicar botão compartilhar abaixar compartilhar site amigo redirecionado automaticamente adicionar o endereçar entregar receber o confirmação o minuto,entretenimento,20/02/2019,"
Edgard Matsuki ",https://www.boatos.org/tecnologia/havaianas-sandalias-gratis-carnaval-2019.html,0
4013,É #FAKE print de reportagem que diz que criança foi batizada de Alquingel no ES em meio à pandemia do coronavírus,"Imagem forjada tem bombado, especialmente no WhatsApp. Jornal esclarece que se trata de uma montagem. Reportagem original fala, na verdade, de decreto do governador do estado sobre fechamento de comércios.",circular rede social print reportagem jornal o gazeta o seguinte título coronavírus es cartório registrar criança nome alquingel o imagem fake o jornal desmentir perfil twitter criança registrar nome alquingel es afirmar montagem criança registrar nome o fraudar feito o reportagem real jornal o impactar coronavírus abertura fechamento locar trabalhar espiritar santo o texto acima título determinação governar alterar o datar e o horar publicação,brasil, 24/03/2020, Por G1 ,https://g1.globo.com/fato-ou-fake/noticia/2020/03/24/e-fake-print-de-reportagem-que-diz-que-crianca-foi-batizada-de-alquingel-no-es-em-meio-a-pandemia-do-coronavirus.ghtml,0
4014,Cientistas afirmam que teste rápido que detecta coronavírus pela saliva pode ser opção barata e eficaz,"Comprovada a sensibilidade do teste, agora os cientistas pesquisam se as amostras por saliva poderiam ser armazenadas por dias e em temperatura ambiente até serem testadas.",cientista escola saudar público universidade yale publicar artigo revisto científico medrxiv apresentar o desenvolvimento testar coronavírus detectar o vírus salivar rápido e custar cientista afirmar o testar salivar resolver o problema testagem população país enfrentar problema profissional treinar o exame rt-pcr gerar aerossol e infectar o o reagente químico e swaps espécie cotonete haste longo coletar o material faringe e o alto custar teste convencionar brasil haver pesquisar universidade público o desenvolver testar coronavírus salivar cientista yale o testar salivar desenvolver chamar salivadirect pessoa sintoma covid-19 vantagem indolor invasivo demorar horar ficar pronto e o salivar coletada paciente,ciência, 08/08/2020 05h01 , Por G1 ,https://g1.globo.com/bemestar/coronavirus/noticia/2020/08/08/cientistas-afirmam-que-teste-rapido-que-detecta-coronavirus-pela-saliva-pode-ser-opcao-barata-e-eficaz.ghtml,1
4015,Imagem que circula na web não comprova venda de cloroquina em trem no RJ  ,,texto acompanhar foto circular rede social e sugerir pacote cloroquina e hidroxicloroquina vendido trem malhar urbano estadual rir janeiro falsos.apesar o encontrar o autor imagem registrar circunstância e feito o análise detalhar foto e informação obtido o sindicato indústria produto farmacêutico sindusfarma afirmar haver embalagem medicamento base cloroquina hidroxicloroquina imagem viralizou,entretenimento,12/08/2020 21h48 ,É falso que João Doria tomou vacina chinesa contra a covid-19  ,https://noticias.uol.com.br/comprova/ultimas-noticias/2020/08/12/imagem-que-circula-na-web-nao-comprova-venda-de-cloroquina-em-trem-no-rj.htm,0
4016,Itália: Covid mata num mês metade do que doenças respiratórias matam ao ano  ,,contrariar médico especialista e liderança mundial o presidente jair bolsonaro classificar o covid-19 doença causar coronavírus gripezinha itália desmentir o tesar político brasileiro o país europeu o afetado pandemia mundo o início crise o coronavírus matar 7.503 pessoa itália oficiar governar o alcançar representar o pessoa morrer anualmente país doença respiratório incluir vítima influenza pneumonia e tuberculose sindromes comparar o efeito covid-19 instituto nacional estatístico itália istat recente disponível mostrar n ano o país boto registrar 16.270 morte doença respiratório 15.316 pneumonia influenza e tuberculose o sars-cov-2 coronavírus agente microbiano vírus bactéria e fungo causar infecção tratar respiratório humanar e associar o fatalidade d comparação relevante visto universo agente causador infecção respiratório população italiano explicar jônatas santo abrahão virologista universidade federal minar gerar ufmg,saúde,26/03/2020 04h00 ,Andrea Torrente,https://noticias.uol.com.br/saude/ultimas-noticias/redacao/2020/03/26/covid-matou-num-mes-metade-do-que-doencas-respiratorias-em-um-ano-na-italia.htm,1
4017,MC Fiotti conta como nasceu remix de 'Bum Bum Tam Tam' com vacina de instituto  ,,o funkeiro gravar vídeo explicar surgir o idear remix bum bum tam tam e recepção instituto butantan paulo gravação clipe,saúde,01/02/2021 12h59 ,01/02/2021 12h59 ,https://www.uol.com.br/splash/videos/2021/02/01/mc-fiotti-conta-como-nasceu-remix-de-bum-bum-tam-tam-com-vacina-de-instituto.htm,1
4018,"

Agricultores franceses jogam esterco na janela do quarto de Macron #boato 
",Agricultores franceses jogam esterco na janela do quarto de Macron #boato,fazendeiro francês caprichar o pontar o o homenagear mácron encher quartar m justar reconhecimento produtor o o “ c dirigente ” agricultor francês jogar estercar b o janela quartar macron deixar o amazônia paz dia agricultor francês jogar estercar o janela quartar presidente macron o país viver umar onda protesto o passaporte sanitário,mundo,27/07/2021,"
Edgard Matsuki ",https://www.boatos.org/mundo/agricultores-franceses-jogam-esterco-janela-quarto-macron.html,0
4019,"
  Médico canadense afirma falsamente que a pandemia de covid-19 é uma “farsa”","Artigos que mencionam uma série de declarações feitas pelo médico Roger Hodkinson, um dos “principais patologistas do Canadá”, sobre a pandemia do novo coronavírus ser uma farsa, foram compartilhados milhares de vezes nas redes sociais desde o último dia 19 de novembro. Hodkinson alegou que as máscaras e o distanciamento social são inúteis, em declarações refutadas pelas autoridades canadenses e por especialistas.","“ patologista canadense ‘ vírus chinês o farsa perpetrar público desavisar ’ ” o título artigo compartilhar 7,7 facebook o ferramenta monitoramento crowdtangle site publicar afirmação roger hodkinson repercutir igualmente twitter alegação viralizaram formato vídeo e foto e o conteúdo enviar o o whatsapp afp checar verificação declaração circular inglês espanhol polonês croata e sérvio",brasil,9/12/2020 às 17:35,AFP Canada,https://checamos.afp.com//medico-canadense-afirma-falsamente-que-pandemia-de-covid-19-e-uma-farsa,0
4020,ouvir o participação o qg podcast sobrar fake news e o eleição,"gilmar lopes, fundador do e-farsas, foi convidado pelo qg podcast para falar um pouco sobre fake news e sobre o que isso pode representar nas eleições de 2020!",dia novembro o o ar o episódio qg podcast programar quinzenal tratar assunto cotidiano e o convidar d o pesquisador gilmar lopes fundador e-farsas bater papar fake news e eleição,política,3/11/20203,gilmar lopes,https://www.e-farsas.com/ouca-a-participacao-do-efarsas-no-qg-podcast-sobre-fake-news-e-as-eleicoes.html,0
4021,Governadores criticam Bolsonaro por desautorizar compra da CoronaVac  ,,governador comentário tom reprovação hoje o presidente jair bolsonaro desautorizar o comprar milhão dose coronavac o vacinar o covid-19 desenvolvido e testar instituto butantan parceria o laboratório chinês sinovac o anúncio ministrar saudar eduardo pazuello reunião virtual governador o governador paulo joão doria psdb o coronavac bandeiro o butantan o o governar paulista pedir grandeza e liderança o bolsonaro negar o disputar vacinar fundir eleitoral pedir o o presidente jair bolsonaro grandeza e liderar o brasil o saudar o vidar e o retomar emprego o guerra eleitoral o pandemia ficar trabalhar unir vencer o vírus e salvar brasileiro escrever doria twitter,política,21/10/2020 13h54 ,21/10/2020 13h54 ,https://noticias.uol.com.br/saude/ultimas-noticias/redacao/2020/10/21/governadores-reagem-bolsonaro-vacina-sinovac-pazuello.htm,1
4022,Fred Luz é impreciso sobre empregos em MG e orçamento do Rio  ,,candidatar prefeitura rir janeiro fred luzir sabatinar uol e folhar s.paulo hoje luzir comentário o administração governador romeu zema minar gerar e falar o orçamentar cidade rir janeiro e serviço prestar população.a lupa checar falir candidatar o resultar,política,09/11/2020 18h56 ,Da Agência Lupa,https://noticias.uol.com.br/confere/ultimas-noticias/2020/11/09/sabatina-fred-luz-empregos-e-orcamento.htm,0
4023,"Turquia suspende voos do Brasil devido à variante do coronavírus, diz ministro turco","Além do Brasil, Inglaterra, Dinamarca e África do Sul estão na lista. Alemanha detectou variante encontrada no Amazonas.",o turquia suspender temporariamente voo proveniente brasil dever o o aumentar caso variante coronavírus n sexta-feira o ministrar saudar fahrettin koca twitter o decisão o brasil somar o inglaterra dinamarca e áfrico sul lista país restrição viagem causar variante causador covid-19 cientista estimar mutação vírus tornar o doença contagioso variante origem brasil identificar início janeiro o viajante chegar o o japão passar amazona o viver n colapso saudar o variante brasileiro mutação proteína spike favorecer o entrar vírus célula cientista temer mudança favorecer o possibilidade reinfecção haver evidência variante diminuir eficácia vacinar produção n o alemanha registrar casar variante identificar brasil,saúde, 22/01/2021 14h22 , Por G1 ,https://g1.globo.com/mundo/noticia/2021/01/22/turquia-suspende-voos-do-brasil-devido-a-variante-do-coronavirus-diz-ministro-turco.ghtml,1
4024,"Covid-19 tira 1,4 milhão do mercado de trabalho por motivo de doença  ",,"alcides silvar ano começar o sentir dor e febre alto ficar desesperar vizinho guaianazes periferia paulo haver morrer contrair o coronavírus e horar o pesar desempregar carregar haver ano somar o o medo coronavírus imaginar contar chegar e procurar trabalhar olhar e sair o auxiliar limpeza chance voltar o o mercar trabalhar ficar distante o testar covid-19 inconclusivo preciso ficar isolamento e tomar remédio rotina virar o o médico e chegar o certo idade ficar difícil trabalhar receber cesta básico movimentar ocupação casar mundo ajudar o dia seguinte preocupar silvar contingente crescer o avançar covid-19 o pessoa tornar indisponível trabalhar sobretudo ficar doente cuidar alguém doente levantamento marcel balassiano pesquisador ibre fgv base pnad contínuo o brasileiro desempregar ficar impedir buscar trabalhar problema pessoal — sobretudo doente — saltar 3,3 milhão trimestre fevereiro 4,7 milhão abril cercar 1,4 milhão pessoa aumentar alto o desalentar deixar procurar trabalhar achar iriar encontrar colocação crescer período o incluir pessoa disponível contar estudo mulher ficar grávido o alto expressivo o saudar o item pesar aumentar",saúde,22/06/2020 12h00 ,Douglas Gavras,https://economia.uol.com.br/noticias/estadao-conteudo/2020/06/22/covid-19-tira-14-milhao-do-mercado-de-trabalho-por-motivo-de-doenca.htm,1
4025,Os 15 capítulos na queda de braço sobre exames de covid-19 de Bolsonaro  ,,o pressão apresentação presidente repúblico jair bolsonaro exame covid-19 virar alvo queda-braço n sexta-feira 8/5 recente capítulo o presidente superior tribunal justiçar stj joão otávio noronha suspender decisão obrigar o presidente jair bolsonaro o entregar laudo exame detectar infectar coronavírus noronha acatar o recurso advocacia união agu o governar argumentar resultar exame preservar o esfera privar presidente e informação respeitar o o exercício função,saúde,09/05/2020 12h15 ,09/05/2020 12h15 ,https://noticias.uol.com.br/ultimas-noticias/bbc/2020/05/09/os-15-capitulos-na-queda-de-braco-sobre-exames-de-bolsonaro.htm,1
4026,"

Fraude na Mega-Sena de R$ 275 milhões é descoberta e a “casa caiu” #boato 
","Boato – Caiu a casa das loterias da Caixa. Acabaram de descobrir a fraude na Mega-Sena. Na realidade, esperaram os números saírem e geraram um bilhete eletrônico no site para levar o prêmio.",o casar cair fraudar mega sena descobrir milhão real atenção aposto loteria caixa enganar o resultar mega-sena milhão provar existir fraudar mega-sena esperar sair o resultar conferir nenhum bilhete jogo lotérica premiar seguir gerar eletrônico site e alegar algum anonymo apostar internet ganhou!?!vcs reparar acumular haver jogo e sortear sequencial e acertador e o curioso aposto internet sacanagem o brasileiro trabalhar deixar comer algum fezinha o senador senador alvaro dia alertar o único jeito acabar patifaria ninguém jogar divulgar … divulgar link site,brasil,14/05/2019,"
Edgard Matsuki ",https://www.boatos.org/brasil/fraude-mega-sena-r-275-milhoes-descoberta.html,0
4027,Médicos refugiados se oferecem para combater o coronavírus na Inglaterra  ,,centena médico estrangeiro e refugiar inscrever ajudar combater o o coronavírus inglaterra o saudar país aplicar testar inglês o seleção filippo grandi alto-comissário agência onu refugiar acnur elogiar o determinação altruísta médico responder o o chamar refugiar competência profissional comprovar pronto intervir e contribuir permitir o supervisão profissional saudar certificar d mostrar solidariedade e retribuir s comunidade abrigar afirmar grandi porta-voz saudar inglês o o jornal the guardian ficar grato centena manifestação interessar função suportar médico,saúde,17/04/2020 10h00Atualizada em 17/04/2020 10h32 ,17/04/2020 10h00Atualizada em 17/04/2020 10h32 ,https://noticias.uol.com.br/internacional/ultimas-noticias/2020/04/17/medicos-refugiados-coronavirus-inglaterra.htm,1
4028,"
  Declaração do presidente dos EUA, Joe Biden, sobre uso de máscaras foi dada após orientação dos CDC","“O problema não é o que se diz, mas sim, quem falou…”, indicam as legendas de publicações que comparam duas declarações dadas pelos presidentes norte-americano, Joe Biden, e brasileiro, Jair Bolsonaro, a respeito do não uso de máscara por pessoas vacinadas com as duas doses contra a covid-19. Compartilhadas mais de 31,6 mil vezes nas redes sociais desde o último dia 11 de junho, as postagens omitem, no entanto, os contextos dos dois países e o percentual de vacinados em cada um deles.Envie-nos por WhatsApp Email",diferente memes circular o facebook o instagram e o twitter questionar o fato frase biden gerar crítico e comparar o falir o presidente bolsonaro sobrar o máscara “ ‘ hoje dia totalmente vacinar precisar máscara ’ joe biden ninguém chamar genocida ” indicar o texto sobrepor o umar fotografia presidente unir segurar umar máscara outro suar o reação s falir depender o conteúdo “ ‘ hoje dia totalmente vacinar preciso máscara ’ joe biden presidente eua ‘ presidente vivo o ciência ’ ‘ pedir parir o ministrar saudar estudar sobrar máscara infectar e tomar vacinar preciso ’ bolsonaro presidente brasil ‘ genocida bolsonaro ’ ”,mundo,18/06/2021 às 22:22,AFP Brasil,https://checamos.afp.com//declaracao-do-presidente-dos-eua-joe-biden-sobre-uso-de-mascaras-foi-dada-apos-orientacao-dos-cdc,0
4029,Comediante Dave Chappelle está com covid-19; shows são cancelados  ,,o comediante dave chappelle popular stand-up norte-americano receber diagnóstico positivar coronavírus o notícia confirmar representante humorista o o deadline chappelle assintomático isolar casar conter o proliferação vírus show o comediante austin texas eua cancelar causar diagnóstico assessorar chappelle realizar apresentação implementar medir proteção o coronavírus ohio junho o mini-turnê exigir cuidar e equipar testar covid-19 diariamente,saúde,22/01/2021 08h24 ,22/01/2021 08h24 ,https://tvefamosos.uol.com.br/noticias/redacao/2021/01/22/comediante-dave-chappelle-esta-com-covid-19-shows-sao-cancelados.htm,1
4030,"Resultado do fim da quarentena na Europa chegará em duas semanas, advertem autoridades  ",,"Da França ao Reino Unido, passando pela Grécia, os europeus saíram às ruas neste que foi o primeiro fim de semana após o relaxamento da quarentena em muitos países. Preocupados com uma possível volta à normalidade precipitada, autoridades sanitárias advertem neste domingo (17) que o impacto da flexibilização do confinamento será medido em menos de duas semanas.
 Da França ao Reino Unido, passando pela Grécia, os europeus saíram às ruas neste que foi o primeiro fim de semana após o relaxamento da quarentena em muitos países. Preocupados com uma possível volta à normalidade precipitada, autoridades sanitárias advertem neste domingo (17) que o impacto da flexibilização do confinamento será medido em menos de duas semanas. Os franceses saíram em massa às ruas no primeiro fim de semana após o relaxamento da quarentena no país, mesmo que algumas restrições sigam vigentes, como o limite de deslocamento num perímetro máximo de 100 quilômetros, o uso obrigatório de máscara nos transportes públicos e as recomendações do respeito da distância física e a desinfecção das mãos. Em Paris, a população aproveitou o tempo ensolarado para passear nos arredores do Rio Sena e no Canal Saint-Martin. Os parques e jardins da capital continuam fechados, já que a região parisiense é uma das mais críticas da pandemia, onde, segundo as autoridades, o vírus ainda circula ativamente.",saúde,17/05/2020 07h49 ,17/05/2020 07h49 ,https://noticias.uol.com.br/ultimas-noticias/rfi/2020/05/17/resultado-do-fim-da-quarentena-na-europa-chegara-em-duas-semanas-advertem-autoridades.htm,1
4031,"

Governo de Pernambuco proíbe transmissão de missas e cultos religiosos online #boato 
","Boato – No decreto que endurece as regras de isolamento social, o governo de Pernambuco proibiu a realização e transmissão de missas e cultos religiosos online no estado.",o governador socialista comunista pernambuco decretar haver transmissão online missar e culto igreja e templo fechar deus desalmar tirar governar pernambuco proibir missar online perseguição governador pernambuco paulo camara psb proibir transmissão missar e culto internet considerar tratar serviço essencial o maio proibir transmissão,entretenimento,15/05/2020,"
Edgard Matsuki ",https://www.boatos.org/religiao/governo-pernambuco-proibe-transmissao-missas-cultos-religiosos-online.html,0
4032,"

Martinelli e Owande criticam decisão do STF, Lula e o PT na Acij em Joinville #boato 
",Boato – Vídeos mostram críticas à decisão do STF sobre prisão em segunda instância e xingamentos a Lula e ao PT. Isso aconteceu hoje na Acij em Joinville com o Martinelli e o Owande.,acontecer acij joinville o acij associação comercial e industrial joinville o martinelli o presidente o owande dono shultz d joinville e fornecedor autopeças o mercedes,política,11/11/2019,"
Edgard Matsuki ",https://www.boatos.org/politica/martinelli-owande-decisao-stf-lula-pt-acij-joinville.html,0
4033,"

Bandidos se cadastram como motorista de APP (Uber e 99) em audiência de custódia #boato 
","Boato – Durante audiências de custódia em Fórum Criminal, bandidos afirmam a juízes que trabalham como motoristas de aplicativos (Uber e 99). Cuidado!",“ informação importante o quantidade preso participar audiência custódio e audiência instrução informar atividade “ lícito ” motorista app bandido servir motorista uber e facilidade cadastrar informar familiar o o apps – parente policiar militar civil – o destinar o residência informar o rotina casar pessoa morar barreirar segurança e etc – mostrar objetos falar dinheiro vidar alto – informar haver alguém esperar chegar destinar e informar o embarcar – aceitar água balir oferecido – sentir-se coagir ameaçar pedir descer e ligar o -fiquem atento informar pms agente segurança polícia civil forum criminal rotina conduzir réu ocupação ”,brasil,10/07/2019,"
Kyene Becker ",https://www.boatos.org/brasil/bandidos-motorista-uber-99-audiencia-custodia.html,0
4034,"

Quem dirigir sem máscara vai levar multa de R$ 128 e três pontos na carteira #boato 
",Boato – A Guarda Municipal e a Polícia Militar estão multando quem está dirigindo sem máscara. A multa é de R$ 128 e a infração garante três pontos na carteira.,alertar guardar municipal e policiar militar multar dirigir máscara e carro o multar real pessoa máscara carro multar dirigir item segurança .3 carteiro servir moto compartilhar ajudar,saúde,29/04/2020,"
Edgard Matsuki ",https://www.boatos.org/saude/quem-dirigir-sem-mascara-multa-r-128-tres-pontos-carteira.html,0
4035,Posicionamento da OMS é retirado de contexto para apoiar falas de Bolsonaro contra o isolamento social,,reportagem falir antigo representante organização mundial saudar o enfrentamento pandemia retirar contexto reforçar o discursar presidente bolsonaro o medir distanciamento social,saúde,2021/05/03,Comprova,https://projetocomprova.com.br/publicações/posicionamento-da-oms-e-retirado-de-contexto-para-apoiar-falas-de-bolsonaro-contra-o-isolamento-social/,0
4036,Felipe Titto produz máscaras e faz ação com fãs para doação na pandemia  ,,"O ator Felipe Titto tem investido pesado na fabricação de máscaras reutilizáveis, item que acabou se tornando essencial durante a pandemia do novo coronavírus. Ele, que também é apresentador e empresário, também anunciou uma ação solidária na qual conta com a ajuda de seus fãs. De acordo com ele, a cada máscara vendida, outra será doada para aqueles que não possuem condições financeiras para adquirir. ""As máscaras são de uso obrigatório e muitas pessoas não podem comprá-las. Essa é a realidade"", explicou o artista para a Revista Quem na tarde de hoje. ""Então, o que pensei: mobilizar meus fãs para fazermos essa ação juntos. Quem pode, compra e ajuda aqueles que não têm as mesmas condições e possibilidade de compra"", salientou. As máscaras fabricadas pelo ator tem ação antibacteriana, são reutilizáveis e confeccionadas com 90% de poliamida e 10% de elastano, e podem ser adquiridas no site www.fashionmed.com.br. Titto também lembrou a disputa, no mundo inteiro, por equipamentos de proteção que acabam em falta por causa da alta procura. Ele chegou a citar o presidente americano Donald Trump, que fez uso de uma lei que dá poderes ao Estado durante emergências para direcionar a produção industrial de seu país. Com isso, houve escassez de produtos no mercado.",saúde,01/06/2020 16h30 ,01/06/2020 16h30 ,https://tvefamosos.uol.com.br/noticias/redacao/2020/06/01/felipe-titto-produz-mascaras-e-faz-acao-com-fas-para-doacao-na-pandemia.htm,1
4037,"

Vacina contra Covid-19 é mais perigosa do que vírus, mostra vídeo #boato 
","Boato – Vídeo de médica prova que a vacina contra a Covid-19 é mais perigosa do que o coronavírus, que não foram testadas e que outros remédios (como a ivermectina) são mais eficazes. ",“ o dr raíssa reafirmar medo covid dever medo vacinar o vacinação e torcer surgir real eficácia o covid-19 ” “ importante vacinar perigoso o vírus dr raissa soar tirar dúvida covid e vacinar ”,saúde,28/01/2021,"
Kyene Becker ",https://www.boatos.org/saude/vacina-contra-covid-19-mais-perigosa-virus-mostra-video.html,0
4038,Vice-presidente e herdeiro da Samsung é condenado a 30 meses de prisão por suborno,"Caso começou em 2017 após escândalo com a ex-presidente da Coreia do Sul, Park Geun-hye.",tribunal coreia sul sentenciar n segunda-feira o vice-presidente administração samsung electronics jay y. lee o ano e prisão o decisão atrasar o reestruturação acionária o morte pai d outubro o processar lee começar julgar subornar autoridade ligar ex-presidente coreia sul park geun-hye o herdeiro samsung cumprir ano prisão e sair tribunal apelação suspender o processar o supremo cortar país ordenar o executivo ano julgar novamente,política, 18/01/2021 11h28 , Por Reuters ,https://g1.globo.com/economia/tecnologia/noticia/2021/01/18/vice-presidente-e-herdeiro-da-samsung-e-condenado-a-30-meses-de-prisao-por-suborno.ghtml,1
4039,dirigível amazon surgir o céu carregar dezena drones verdade,,o vídeo surgir o redar social o março e mostrar enorme dirigível sobrevoar o céu umar região montanhoso o chamar o atenção o imagem balão sair dezena pequeno drones e o movimentar parecer formar autônoma,entretenimento,2/04/20192,gilmar lopes,https://www.e-farsas.com/dirigivel-da-amazon-surgiu-nos-ceus-carregando-dezenas-de-drones-sera-verdade.html,0
4040,Acusação de que China contaminou máscaras com coronavírus foi inventada por autor de áudio,,contato o o responsável gravação viralizou whatsapp o fonte alegação “ ” e o provar “ o áudio ”,saúde,2020/04/14,Comprova,https://projetocomprova.com.br/publicações/acusacao-de-que-china-contaminou-mascaras-com-coronavirus-foi-inventada-por-autor-de-audio/,0
4041,Áustria implementará terceiro confinamento rígido depois do Natal  ,,viena afp o governar austríaco implementar confinamento generalizar dezembro o janeiro frear o pandemia coronavírus anunciar n sexta-feira o governar informar pessoa realizar teste vidar social o janeiro dezembro janeiro restrição o tocar recolher aplicar novamente dia informar o governar comunicar o tocar recolher estabelecer 20h e 06h o janeiro morador o comprovação realização testar antígeno recuperar vidar social suspensão total medir restrição informar o governar,saúde,18/12/2020 15h52 ,18/12/2020 15h52 ,https://noticias.uol.com.br/ultimas-noticias/afp/2020/12/18/austria-implementara-terceiro-confinamento-rigido-depois-do-natal.htm,1
4042, Jornais uruguaios não descobriram mansão de Lula no país  ,,vídeo circular rede social revelar propriedade supostamente pertencer o o ex-presidente lula registrar nome.a descobrir sidofeita jornal uruguaio mansão lula uruguai passar jornal delação ex-ministro antônio palloci sic calmo gente ... aparecer o mensagem acompanhar vídeo mostrar suposto reportagem telejornal uruguaio espanhol relacionar o ex-presidente brasileiro o mansão punta del litoral uruguaio,mundo,22/02/2019 04h00 ,Lucas Borges Teixeira,https://noticias.uol.com.br/confere/ultimas-noticias/2019/02/22/jornais-uruguaios-nao-descobriram-mansao-de-lula-no-pais.htm,0
4043,"

Cristina Kirchner tomou vacina da Covid-19 sem agulha e máscara #boato 
","Boato – A vice-presidente da Argentina Cristina Kirchner foi tomar a vacina contra a Covid-19. Porém, a enfermeira estava sem máscara (como Kirchner), luva e a seringa estava sem agulha.",o vice-presidente argentino o mulher o vacinar agulhar luva e seringar e máscara o competente enfermeiro pandemia e o teatro esquerdo continuar o vice-presidente argentino cristina kirchnerm o mulher o vacinar agulhar agulhar e luva ah e máscara …,mundo,09/01/2021,"
Edgard Matsuki ",https://www.boatos.org/mundo/cristina-kirchner-tomou-vacina-covid-19-sem-agulha-mascara.html,0
4044,"Vista como solução, CPMF é apenas erro antigo  ",,"acerto dificilmente melhorar o apegar governar idear recriar o cpmf mostrar haver errar piorar paulo guedes sustentar o velho tributar rebatizado impor transações digitar alíquota pequenino 0,2 e servir financiar causar o desoneração folhar alega-se restar o mordido prazo acabar ano viver o cardiologista adib jatene 1929-2014 falir sério ministrar saudar governar fhc jatene lançar criação cpmf entrevistei-o agostar o congresso sepultar o tributar haver apadrinhar jatene relembrar formato original o cpmf servir nobre causar financiamento saudar acabar virar fonte tesourar o cofins o csll e outro tributar jatene pedir demissão cargo ministrar saudar novembro o governar reduzir o orçamentar saudar o congresso aprovar o cpmf puxar o tapetar declarar valer o peno ouvir jatene novamente palavra pronunciar haver ano constituir espécie prenúncio perguntar o cpmf proposto original e jatene o tributar aprovar vincular saudar durar ano modificar o alíquota passar 0,20 0,38 época o econômica acreditar conseguir aprovar congresso acreditar o arrecadação importante o mostrar diferente achar ótimo e virar fonte o tesourar",política,23/09/2020 03h41 ,23/09/2020 03h41 ,https://noticias.uol.com.br/colunas/josias-de-souza/2020/09/23/vista-como-solucao-cpmf-e-apenas-erro-antigo.htm,1
4045,"

Chico Xavier previu pandemia do coronavírus em mensagem sobre desencarnes coletivos e nova era #boato 
",Boato – Chico Xavier escreveu um texto em que previa a pandemia da Covid-19 (coronavírus) e fala sobre desencarnes (mortes) coletivos e uma nova era.,pandemia … desencarne … … entender … mensagem chico xavier “ recolhido pronto fraternidade e perdão … precisar retornar e ajudar fase … viver fase limpeza … desencarnes coletivos ocorrer pessoa sentir o necessidade buscar o natureza e sair stress cidade e empresar … conectar forte animar e sentir vontade imenso amor fraterno e praticar amor … dor cabeça dor costa sensível “ chorar fácil ” sentir deslocar e insônia … … sentir chegar … pessoa sensível certo d fase terra … jamais esquecer doer jamais cair folhar deus permitir … coração vibrar diariamente luzir amor e perdão evitar pessoa pensamento negativo assistir programar fofoca jornal mostrar tragédia … afastar sentimento contrário o o amor fraterno … vibrar chegar … e grato … merecimento “,entretenimento,27/06/2020,"
Edgard Matsuki ",https://www.boatos.org/religiao/chico-xavier-previu-pandemia-coronavirus-mensagem-desencarnes-coletivos-nova-era.html,0
4046,Vídeo engana ao comparar dois trechos diferentes da Transamazônica para elogiar governo Bolsonaro,,montagem vídeo imagem trecho diferente rodovia asfaltar e outro pavimentar registro diferente realidade o trecho aparecer vídeo lamaçal continuar pavimentação e o outro asfaltar o governar bolsonaro tomar posse,política,2021/02/15,Comprova,https://projetocomprova.com.br/publicações/video-engana-ao-comparar-dois-trechos-diferentes-da-transamazonica-para-elogiar-governo-bolsonaro/,0
4047,É #FAKE que foto mostre surfista sendo preso em SP em meio a pandemia do coronavírus,"Em post nas redes sociais, deputado federal José Medeiros utiliza a imagem e a associa ao governo de João Doria. Foto compartilhada, porém, é de caso ocorrido na Costa Rica.",imagem surfista presar circular rede social legendar associar o casar o o governador paulo joão doria e medir conter o propagação coronavírus post o foto o deputar federal josé medeiro podemos-mt conseguir entender o fixação doria surfista o post medeiro compartilhar filhar presidente carlos bolsonaro e diverso pessoa twitter o foto tirar paulo verdade o casar ocorrer passar costa rico o surfista profissional noe mar mcgonagle deter praticar o modalidade praia hermosa liberar o atividade proibir país razão pandemia coronavírus,saúde, 17/04/2020, Por G1 e TV Globo ,https://g1.globo.com/fato-ou-fake/coronavirus/noticia/2020/04/17/e-fake-que-foto-mostre-surfista-sendo-preso-em-sp-em-meio-a-pandemia-do-coronavirus.ghtml,0
4048,"SP tem 10 mil leitos de UTI ocupados de um total de 11,3 mil  ",,"o paulo anunciar hoje 11.372 leito uti ocupar o taxar ocupação chegar marcar 89,9 secretariar estadual saudar paulo o total leito uti 6.405 5.738 ocupar significar 90,6 leito ocupar o alto internação e caso o paulo entrar fase emergencial estabelecer medir restritivo o vermelho o crítico pandemia viver 3º dia fase emergencial e paulo querer reduzir o circulação milhão pessoa o corresponder o o população afirmar o secretário saudar paulo jean gorinchteyn entrevisto coletiva",saúde,17/03/2021 13h52 ,17/03/2021 13h52 ,https://noticias.uol.com.br/saude/ultimas-noticias/redacao/2021/03/17/sp-tem-10-mil-leitos-de-uti-ocupados-de-um-total-de-113-mil.htm,1
4049,"

Estados recebem R$ 16 mil e hospitais recebem R$ 12 mil para cada morte por Covid-19 #boato 
",Boato – O governo federal está dando R$ 16.450 para os estados e R$ 12 mil para os hospitais por cada atestado de óbito por coronavírus (Covid-19).,"óbito hospital covid-19 o receber r$ 16.450,00 entender crescer o atestar óbito coronavirus o hospital receber governar federal r$ 12.000 ta explicar",saúde,18/05/2020,"
Edgard Matsuki ",https://www.boatos.org/saude/estados-recebem-r-16-mil-hospitais-recebem-r-12-mil-morte-covid-19.html,0
4050,Coronavírus no mundo: onde os casos estão subindo e onde estão caindo,"Enquanto muitos países da Europa Ocidental e da Ásia conseguiram manter o vírus sob certo controle, outras regiões do mundo estão vendo agora a doença se espalhar a uma velocidade acelerada.",marcar milhão caso confirmar covid-19 o o redor mundo o chefe organização mundial saudar oms alertar fase perigoso crise saudar público país europa ocidental e ásia conseguir manter o vírus certar controlo região mundo o doença espalhar o velocidade acelerar refletem testar e receber diagnóstico positivar o “ pontar iceberg ” autoridade e cientista gráfico indicar situação alarmante américa — o brasil — sudeste asiático e áfrico,saúde, 29/06/2020 16h04 , Por BBC ,https://g1.globo.com/bemestar/coronavirus/noticia/2020/06/29/coronavirus-no-mundo-onde-os-casos-estao-subindo-e-onde-estao-caindo.ghtml,1
4051,o café pó brasileiro sangue boi,áudio compartilhado nos grupos do whatsapp afirma que as fábricas de café em pó misturam sangue de boi em sua composição para dar mais peso ao produto! será verdade?,o áudio começar o circular rede social e principalmente whatsapp semana fevereiro e n ouvir voz homem afirmar acabar incrível descobrir,saúde,4/02/20204,gilmar lopes,https://www.e-farsas.com/o-cafe-em-po-brasileiro-e-feito-com-sangue-de-boi.html,0
4052,Deputados articulam criação de CPI para investigar 'Tratoraço'  ,,o esquema montar governar bolsonaro conquistar orçamentar secreto r$ bilião alvo investigação ministério público e tribunal contar união tcu parlamentar falir criação cpi tratoraço o estadão revelar o presidente jair bolsonaro entregar deputar e senador o direito impor seriar aplicar bilião real proveniente modalidade emendar chamar rp9 documento o o jornal acesso comprovar congressista usurpar função executivo acordar deputar e senador demandar o comprar tratores e máquina agrícola indicar preço chegar o acima valorar referência fixar governar ... ler íntegro estadão,política,10/05/2021 19h13 ,10/05/2021 19h13 ,https://noticias.uol.com.br/colunas/reinaldo-azevedo/2021/05/10/deputados-articulam-criacao-da-cpi-para-investigar-orcamento-secreto.htm,1
4053,"
  Algumas variantes do SARS-CoV-2 apareceram antes do que indica um ""cronograma de cepas""","Um cronograma com a suposta ordem de aparecimento de novas variantes do SARS-CoV-2, o vírus causador da covid-19, entre junho de 2021 e fevereiro de 2023, com os logotipos da Fundação Bill e Melinda Gates, e da Organização Mundial da Saúde (OMS), entre outros, foi compartilhado por dezenas de usuários desde 8 de julho de 2021. No entanto, as variantes surgem de forma imprevisível, explicaram especialistas à AFP, e algumas delas o fizeram antes da data indicada na tabela. Além disso, os referidos órgãos negaram qualquer vínculo com as publicações.Envie-nos por WhatsApp Email",“ vazar futuro cepa covid-19 e letalidade prorrogar radialista americano michele moore vazar o cronograma futuro cepa covid-19 ” umar publicação o facebook e o twitter direito tabelar o logotipo oms fórum econômico mundial wef o sigla inglês universidade johns hopkins e fundação bill e melinda gatar d organização alvo teoria segundar o o pandemia covid-19 “ planar ” parir o controlo global o cronograma circular e gerar comentário postagens francês romeno inglês indonésio espanhol georgiano vietnamita russo árabe e alemão,saúde,18/08/2021 às 19:26,"Valentina-Paula CABESCU, AFP Romênia, AFP México, AFP Brasil",https://checamos.afp.com//http%253A%252F%252Fdoc.afp.com%252F9LB9BV-1,0
4054,É #FAKE foto de presos com a faixa 'Alexandre Moraes no STF' durante rebelião,Trata-se de uma montagem. Imagem foi feita durante motim em 2006 no interior de SP e faixa original tem a inscrição 'Contra a opressão'.,foto preso amotinar unidade penitenciário faixar ler “ alexandre moraes stf ” compartilhar rede social fake trata-se montagem o foto original fotógrafo alex silvar estadão conteúdo rebelião penitenciário junqueirópolis interior paulo e tirar maio o gravar onda violência orquestrar facção criminoso comandar capital pcc paulo o imagem manipular digitalmente o frase original aparecer faixar “ o opressão ” o inscrição o o alterar preso rebelar aparecer telhar penitenciário faixar preso caixa d’água presídio,política, 05/05/2020," Por Roberta Pennafort, CBN ",https://g1.globo.com/fato-ou-fake/noticia/2020/05/05/e-fake-foto-de-presos-com-a-faixa-alexandre-moraes-no-stf-durante-rebeliao.ghtml,0
4055,Pretos e pardos já são maioria entre as vítimas que morreram por covid-19  ,,"preto e pardo compor o pessoa morto covid-19 brasil o boletim epidemiológico divulgar ministério saudar 54,8 óbito registrar pessoa preto e pardo o o o país contabilizar diagnóstico doença e 16.792 óbito acordar oficiar pessoa branco paciente hospitalizar síndrome respiratório agudo gravar 51,4 virar minoria morto 43,1 pessoa pardo haver diferençar considerável proporção internar e morto 38,7 hospital 47,3 vítima fatal pessoa preto internar 7,5 morto indígena 0,3 e 0,5 e amarelo o proporção recorde 1,7 e esperar preto e pardo medir pertencer s classe econômicas e assistência médico condição econômicas piorar significar assistência médico o resultar condição piorar atendimento lamentar o infectologista marco boulos superintendência controlo endemia paulo sucen-sp",saúde,19/05/2020 04h00 ,Arthur Sandes,https://noticias.uol.com.br/saude/ultimas-noticias/redacao/2020/05/19/negros-e-pardos-ja-sao-maioria-entre-as-vitimas-fatais-por-covid-19.htm,1
4056,É #FAKE mensagem que diz que iniciar o banho pela cabeça pode provocar ataque cardíaco,"Médicos afirmam que texto é totalmente fake. Imagem usada também é falsa. Trata-se de um coração de porco, e não humano.",circular rede social ataque cardíaco ocorrer frequência banheiro e médico aconselhar pessoa o começar o banhar molhar o cabeça e cabelo provocar infarto foto coração acompanhar o postagem o coordenador curso american heart association sociedade cardiologia paulo socesp agnaldo piscopo refutar o mensagem maneiro totalmente fake o banhar o o processar gatilho infarto agudo miocárdio afirmar maneiro nenhum o banhar o causador doença coronário pessoa sintoma começar o tomar banhar começar o tomar banhar pé mão costa alterar o circulação o circulação corpo equilíbrio e observação clínico totalmente fake complementar,ciência, 20/08/2020," Por Roney Domingos, G1 ",https://g1.globo.com/fato-ou-fake/noticia/2020/08/20/e-fake-mensagem-que-diz-que-iniciar-o-banho-pela-cabeca-pode-provocar-ataque-cardiaco.ghtml,0
4057,"

Homem fica um mês na caverna após ter sido atacado por um urso #boato 
","Boato – Vídeo mostra homem que ficou um mês preso em uma caverna após ter sido atacado por um urso na cidade de Tuva, Rússia.",homem sobreviver presar tocar urso rússia ‘ guardar comido o futurar ’ rússia homem resgatar tocar urso passar presar alexander o coluna fraturada durante o atacar e fugir arrastar e manter animal caverna reservar alimentar o futuro.de acordar o the siberian times o vítima encontrar graça o cão caçador percorrer o região repúblico tuva o o pensar “ múmia humano ” corpo decomposição entanto o o aproximar virar o homem abrir olho e pronunciar nome.já hospital alexander relatar dificuldade o acontecer conseguir lembrar sobrenome idade “ o urso guardar alimentar o futurar ” explicar alimentar durante o passar tocar e explicar beber urinar sobreviver,mundo,,"
Edgard Matsuki ",https://www.boatos.org/mundo/homem-um-mes-caverna-atacado-urso.html,0
4058,"Imagem do Exército fica arranhada ao não punir Pazuello, diz especialista  ",,o professor internacional espm gunther rudzit especialista segurança nacional avaliar hoje o imagem forçar armar ficar arranhar o decisão exército aplicar punição o o general eduardo pazuello participar atar político o presidente jair bolsonaro rir janeiro dia o processar disciplinar arquivar dentre instituição país forçar armar grau avaliação positivo acima quase instituição e principalmente o político e o o congresso nacional o imagem principalmente exército forçar armar sair arranhar d episódio durante participação uol news assistir o o programação canal uol,política,04/06/2021 08h39Atualizada em 04/06/2021 09h50 ,04/06/2021 08h39Atualizada em 04/06/2021 09h50 ,https://noticias.uol.com.br/politica/ultimas-noticias/2021/06/04/especialista-decisao-sobre-pazuello-uol-news.htm,1
4059,Boato tira de contexto estudo com  adolescentes nos EUA para atacar vacina da Pfizer,,enganoso umar postagem o instagram citar relato morte jovem relacionar vacinação covid-19 o unir o conteúdo tirar contexto umar pesquisar centrar controlo e prevenção doença infeccioso americano cdc descartar haver causal entrar o imunização e relato caso seguir investigação,saúde,2021-08-06,Comprova,https://projetocomprova.com.br/publicações/boato-tira-de-contexto-estudo-com-adolescentes-nos-eua-para-atacar-vacina-da-pfizer/,0
4060,SP: ABC segue capital e libera reabertura de concessionárias e escritórios  ,,cidade compor o região abc paulista assinar hoje resolução conjunto liberar o funcionamento concessionário e revendedor veículo escritório durante o pandemia coronavírus caber o município publicar decretar o o idear adotar diretrizes paulo dever proximidade região o capital paulista d prefeito entender inviável manter diretrizes diferente o capital e cidade abc santo andré bernardo campar caetano sul diademar mauá ribeirão pirar e rir serrar conformar classificação governar o paulo fase zonar vermelho reabertura considerar o gravar o classificação incluir o capital colocar fase zonar laranjo maio prefeito cidade encaminhar o o governar paulo pedir o flexibilização isolamento obter respostar positivo o coletiva hoje governador joão doria psdb decidir assembleia — contar o participação secretário estadual desenvolvimento regional marcar vinholi — tomar o iniciativo resolução estabelecer norma o funcionamento estabelecimento e o gradual retomar atividades região abc,saúde,05/06/2020 20h09 ,05/06/2020 20h09 ,https://noticias.uol.com.br/saude/ultimas-noticias/redacao/2020/06/05/abc-segue-sao-paulo-e-libera-funcionamento-de-concessionarias-e-escritorios.htm,1
4061,Saúde monitora eventos adversos pós-vacinação da Covid-19,,o ministério saudar atentar e acompanhar caso notificar evento adverso supostamente ligar vacinação o covid-19 brasil maneiro o evento adverso grave associação temporal s vacinar evento coincidente corresponder o evento causar imunizante d o diferenciação evento requerer investigação aprofundar casar noto informativo enviar o quinta-feira 4/2 o programar nacional imunização pni orientar feito o notificação evento adverso e-sus notificar assegurar o devido vigilância d evento começar o vacinação público prioritário criar comitê monitoramento reunir semanalmente o comitê liderar pni contar o participação representante laboratório fornecedor e especialista trabalhar conjuntar buscar informação esclarecimento caso,saúde,09/02/2021 19h48,"Para apuração desses casos, foi enviada uma equipe de campo do Programa de Treinamento em Epidemiologia Aplicada aos Serviços do Sistema Único de Saúde (EpiSus), para, juntamente com as vigilâncias epidemiológicas/sanitárias dos estados e dos municípios, realizarem as investigações e obtenção de todas as informações necessárias para os devidos esclarecimentos e a avaliação da relação de causalidade dos casos com a vacinação.

",https://www.gov.br/saude/pt-br/assuntos/noticias/saude-monitora-eventos-adversos-pos-vacinacao-da-covid-19,1
4062,É #FAKE que vídeo mostre ciclistas descumprindo restrições e ficando pelados em praia do Rio à noite,"Gravação, na verdade, é de 2019. Ou seja, anterior à pandemia. Os ciclistas participavam da campanha de conscientização 'Pedalada Pelada'.",imagem ciclista pelar praia vermelho urca zonar sul rir bombado whatsapp o vídeo compartilhar atual circular juntar texto sugerir pessoa burlar medir restritivo o covid-19 cidade tomar banhar mar noite tomar banhar mar diverso praia rj durante o dia causar decreto noite urca tá bombando o mensagem entretanto o vídeo exibir março dia rir abaixar o manifestação chamar pedalar pelar campanha conscientização o insegurança ciclista – e ocorrer pandemia,entretenimento, 12/04/2021," Por Nicolás Satriano, G1 Rio ",https://g1.globo.com/fato-ou-fake/coronavirus/noticia/2021/04/12/e-fake-que-video-mostre-ciclistas-descumprindo-restricoes-e-ficando-pelados-em-praia-do-rio-a-noite.ghtml,0
4063,É #FAKE tabela que mostra Brasil com a maior taxa de recuperados da Covid-19 no mundo,"Países como Alemanha e Irã, que têm índice maior, não aparecem na listagem. Conta matemática também não é precisa, pois não leva em conta os óbitos. Além disso, os países têm diferentes taxas de subnotificação, o que impede uma comparação.",circular rede social tabelar colocar o brasil o país o taxar pessoa recuperar covid-19 mundo o mensagem lista o brasil seguir país espanha canadá itália japão e unir e caso e recuperar base site worldometer consultar mundo acontecer o brasil topar ranking base n cálculo plataforma o chino país início o pandemia dezembro ano passar aparecer haver indicador elevar o brasileiro recuperar feito o contar o mensagem utilizar o total caso o índice chegar o quase o país suprimir tabelar,saúde, 07/05/2020," Por Roberta Pennafort, CBN ",https://g1.globo.com/fato-ou-fake/coronavirus/noticia/2020/05/07/e-fake-tabela-que-mostra-brasil-com-a-maior-taxa-de-recuperados-da-covid-19-no-mundo.ghtml,0
4064,"Para exaltar Bolsonaro, vídeo omite que várias gestões tocaram transposição  ",,"o conteúdo vídeo produzir pelar jornal cidade online sobrar o transposição rir francisco e o participação governar jair bolsonaro o execução obrar o vídeo exaltar o mérito atual governar o resultar empreendimento e o entender contar d gestão o projeto executar passar o caminhar parir umar conclusão o verdade o obrar ocorrer o segundar mandatar lula pt e atravessar o governo dilma rousseff pt e michel temer mdb seguir o gestão bolsonaro michel temer inaugurar o comedir eixo ler bolsonaro início o o funcionamento umar eixo norte o obrar seguir cursar 97,58 conclusão bolsonaro assumir o execução físico acima comer mostrar verificação comprovar",política,14/07/2021 19h51 ,14/07/2021 19h51 ,https://noticias.uol.com.br/comprova/ultimas-noticias/2021/07/14/para-exaltar-bolsonaro-video-omite-que-varias-gestoes-tocaram-transposicao.htm,0
4065,"Com 3 meses de confinamento, restaurantes em Buenos Aires baixam as portas   ",,economia acumular ano recessão e confinamento obrigatório o coronavírus comércio buenos aires vender móvel e material convencido conseguir reabrir tomar o decisão vender instalação e o dinheiro vender pagar funcionário e livrar atividade o quarentenar sentir o dor e hoje aliviar afp ricardo klausner portar restaurante latekla copo prato cadeira e máquina industrial amassar deixar o funcionar centrar buenos aires ano e empregar pessoa piorar natal história termo consumir o mau e surgir o pandemia o coronavírus acabar o crise continuar pessoa cozinhar casar economizar cuidar dinheiro o o futurar reservar afirmar klausner,saúde,23/06/2020 12h45 ,23/06/2020 12h45 ,https://www.uol.com.br/nossa/noticias/afp/2020/06/23/com-3-meses-de-confinamento-restaurantes-em-buenos-aires-baixam-as-portas.htm,1
4066,Alcolumbre diz a ministros que Congresso 'não vai tolerar' ataques de membros do governo, 19/02/2020 15h35 ,bastidor o irritação davi alcolumbre dem-ap declaração ministrar augusto heleno gabinete segurança institucional extrapolar manifestação oficiar emitir presidente senado transmissão o o viver internet perfil presidente jair bolsonaro redar social heleno conversar o ministrar economia paulo guedes e o ministrar secretariar governar luiz eduardo ramo diálogo heleno o governar “ aceitar caro chantagear o gente o ” referência o parlamentar o manhã surgir informação o falir heleno o tensão congresso aumentar fortemente noto emitir o presidente senado alcolumbre o defeso democracia independência e harmonia trabalhar país,política, 19/02/2020 15h35 , ,https://g1.globo.com/politica/blog/gerson-camarotti/post/2020/02/19/alcolumbre-diz-a-ministros-que-congresso-nao-vai-tolerar-ataques-de-membros-do-governo.ghtml,1
4067,"É #FAKE que ministros do STF deram declarações favoráveis a pedofilia, estupro, tráfico, assassinato e corrupção",Posts que circulam nas redes sociais com fotos dos ministros atribuem a eles frases que jamais disseram. Assessoria do STF nega conteúdo. Pesquisa avançada no Supremo também revela inexistência de declarações.,circular rede social posts imagem ministro supremo tribunal federal marcar aurélio mello gilmar mendes celso mello rosar weber e ricardo lewandowski acompanhar declaração atribuir o favorável o estuprar tráfico assassinato pedofilia e corrupção mensagem fake o assessoria supremo tribunal federal o conteúdo posts falsar pesquisar avançar site stf mostrar nenhum resultar declaração buscar o frase e o nome ministrar citar google frase pesquisar íntegro aspa sequer existir apresentar erro traçar comum posts informação duvidoso haver resultar buscar avançar imprensar oficial,política, 29/10/2019, Por G1 ,https://g1.globo.com/fato-ou-fake/noticia/2019/10/29/e-fake-que-ministros-do-stf-deram-declaracoes-favoraveis-a-pedofilia-estupro-trafico-assassinato-e-corrupcao.ghtml,0
4068,Crivella negocia e aviões da FAB podem buscar novos respiradores na China  ,,"o prefeito rir janeiro marcelo crivella afirmar hoje negociar forçar armar avião fab forçar aéreo brasileiro buscar respirador mecânico chino e antecipar o entregar equipamento adquirir município anunciar medir combater o o coronavírus o r$ 2,5 milhão aquisição cama o hospital campanha riocentro precisar avião campanha chino tonelada material comprar prefeitura trazer pedir aeroporto e informar aguardar o decisão us$ milhão equipamento declarar o prefeito entrevisto coletiva o entregar equipamento previsto chegar etapa abril e maio d o prefeito acertar o comprar máscara proteção profissional saudar o prefeito afirmar hoje regulamentar o fundir especial combater o o coronavírus aprovar câmara vereador receber doação destinar o enfrentar o covid-19 esperar semana divulgar fundir empresar e pessoa querer contribuir o rir janeiro lutar o coronavírus depósito depósito bem-vindo mínimo esclarecer crivella afirmar idoso viver comunidade correr riscar contaminação coronavírus buscar vago hotel — o prefeitura disponibilizar vago direito o alimentação e auxílio médico",saúde,31/03/2020 16h11 ,31/03/2020 16h11 ,https://noticias.uol.com.br/cotidiano/ultimas-noticias/2020/03/31/crivella-negocia-e-avioes-da-fab-podem-buscar-novos-respiradores-na-china.htm,1
4069,Rio se aproxima dos 200 mil casos da covid-19; doença já matou quase 15 mil  ,,o rir janeiro registrar morte covid-19 e 4.829 caso doença período horar boletim divulgar noite hoje secretariar estadual saudar 14.728 pessoa morrer função coronavírus rir somar 199.480 caso 1.093 morte investigar suspeito causar covid-19 e 179.501 paciente curar município concentrar morte covid-19 rir janeiro o capital 8.931 gonçalo duque caxias iguaçu joão meriti niterói campo goytacazes belford roxo itaboraí e magé município caso o rir janeiro 82.188 niterói 10.134 gonçalo 10.070 duque caxias 6.993 macaé 6.600 belford roxo 5.454 iguaçu 4.844 voltar redondo 4.830 angra rei 4.379 e campo goytacazes 3.901,saúde,18/08/2020 19h00 ,Fábio Grellet,https://noticias.uol.com.br/ultimas-noticias/agencia-estado/2020/08/18/rio-se-aproxima-dos-200-mil-casos-de-covid-19-doenca-ja-matou-quase-15-mil.htm,1
4070,"Subnotificação pode esconder mais de 1 milhão de casos no país, diz estudo  ",,"o problema teste massa brasil esconder contaminar coronavírus o divulgar governar federal o iniciativo pesquisar covid-19 brasil infectar país 1,2 milhão acima quase reportar o iniciativo agregar pesquisador usp universidade paulo e ufrj universidade federal rir janeiro universidade país chegar conclusão base confiável existente brasil o óbito causar covid-19 o modelar comparação confiar mundo taxar letalidade e contaminação coreia sul país conseguir teste habitante durante o pandemia",saúde,30/04/2020 16h12 ,30/04/2020 16h12 ,https://noticias.uol.com.br/saude/ultimas-noticias/redacao/2020/04/30/subnotificacao-pode-esconder-mais-de-1-milhao-de-casos-no-pais-diz-estudo.htm,1
4071,É #FAKE que vídeo mostre Biden assinando papéis em branco logo após a posse nos EUA,"Imagens feitas por outros ângulos e documentos da Casa Branca provam que documentos assinados pelo presidente dos Estados Unidos continham, sim, conteúdo.",circular rede social vídeo mostrar o presidente unir joe biden assinar documento o posse legendar acompanhar imagem afirmar o democrata assinar papel branco fake pesquisar reverso imagem levar o reportagem mídia profissional o mundo noticiar biden assinar decreto posse presidente unir documento acessados site casar branco tratar combater pandemia covid medir econômicas e voltar eua o o acordar parir e oms,mundo, 03/02/2021," Por Roney Domingos, G1 ",https://g1.globo.com/fato-ou-fake/noticia/2021/02/03/e-fake-que-video-mostre-biden-assinando-papeis-em-branco-logo-apos-a-posse-nos-eua.ghtml,0
4072,Texto exagera impacto da covid em resultado eleitoral no Ceará  ,,eleição durante pandemia surgir especulação e distorção efeito d crise resultar urna turno e novembro turno previstos.no cear circular haver semana texto afirmação insustentável consequência medir distanciamento social o pleito,saúde,19/10/2020 04h00 ,"Colaboração para o UOL, em Curitiba",https://noticias.uol.com.br/confere/ultimas-noticias/2020/10/19/uol-confere-covid-interfere-no-resultado-eleitoral-no-ceara.htm,0
4073,Quatro regiões do país têm liminares para frear carreatas contra isolamento  ,,o justiçar determinar diverso cidade e realizar carreatas organizar opositor s medir isolamento decretar combater proliferação coronavírus haver decisão proibir manifestação região país excetuando-se o sul liminar o expedir justiçar maranhão determinar o apreensão carro e material vir o evento luís e manaus carreatas previsto amanhã ações proposto ministério público estadual e federal e defensorias público união e ações órgão argumentar medir isolamento eficaz conter o propagação coronavírus e defendido oms organização mundial saudar cientista e ministério saudar,saúde,29/03/2020 17h47 ,Marcelo Oliveira,https://noticias.uol.com.br/saude/ultimas-noticias/redacao/2020/03/29/quatro-regioes-do-pais-tem-liminares-para-frear-carreatas-contra-isolamento.htm,1
4074,"

Atacadão dá vale-presente de 50º aniversário para quem compartilhar no WhatsApp #boato 
",Atacadão dá vale-presente de 50º aniversário para quem compartilhar no WhatsApp #boato,parabém 50º aniversário atacadao mear questionário o chance ganhar vale-presente atacadão o real conhecer atacadao ano 18-29 30-39 40-49 o achar atacadao inacreditável ok homem mulher macho fêmeaatacadão parabém suar respostar salvo sucesso o chance ganhar presente dever selecionar o caixa corretar prêmio tentativo sortir ok parabém ganhar vale-presente atacadão o real o regrar dever contar o amigo sobrar promoção inserir endereçar e concluir o registrar o presente entregue o dia ok,entretenimento,03/07/2021,"
Edgard Matsuki ",https://www.boatos.org/tecnologia/atacadao-da-vale-presente-de-50o-aniversario-compartilhar-whatsapp.html,0
4075,Ministro do STJ converte prisão de Pastor Everaldo de temporária para preventiva  ,,"O ministro Benedito Gonçalves, do Superior Tribunal de Justiça (STJ), decidiu na sexta-feira (4) converter a prisão do presidente do PSC, Pastor Everaldo, de temporária para preventiva (que não tem prazo para acabar). A determinação do ministro atende a pedido da Procuradoria-Geral da República (PGR). Pastor Everaldo é apontado pela PGR como um dos líderes dos três grupos instalados no governo fluminense para desvio de recursos e contratações irregulares. Influente na política local, o pastor foi preso no dia 28 de agosto, no âmbito da mesma operação que afastou Wilson Witzel (PSC) do Palácio Guanabara. Na última quarta-feira, por 14 a 1, a Corte Especial do STJ confirmou o afastamento de Witzel do cargo. Segundo as investigações, Pastor Everaldo é suspeito de liderar ""um dos grupos criminosos"" que atuavam no Executivo e no Legislativo do Rio. Esse grupo, de acordo com o Ministério Público, cobrava propina para direcionar contratos em várias áreas da administração pública. ""Everaldo instituiu uma 'caixinha única' para pagamentos de vantagens indevidas a agentes públicos da organização criminosa sob investigação, a partir do direcionamento de contratações de organizações sociais e na cobrança de um 'pedágio' sobre a destinação de 'restos a pagar' aos fornecedores"", diz representação da subprocuradora-geral Lindôra Araújo ao Superior Tribunal de Justiça (STJ).",política,05/09/2020 13h49 ,05/09/2020 13h49 ,https://noticias.uol.com.br/ultimas-noticias/agencia-estado/2020/09/05/ministro-do-stj-converte-prisao-de-pastor-everaldo-de-temporaria-para-preventiva.htm,1
4076,São Paulo recebe primeiras 120 mil doses da vacina CoronaVac,,o governar paulo receber manhã d quinta-feira dose vacinar coronavac produzir empresar chinês sinovac o vacinar testar e desenvolvido parceria o instituto butantan dose chegar avião aeroporto internacional guarulhos e recebido durante evento contar o presença governador joão doria secretário saudar jean gorinchtey e o diretor instituto butantan dimas cova o vacinar fase teste voluntário casar eficácia comprovar autorizar emergencial agência nacional vigilância sanitário lotar chegar n quinta-feira parceria o governar paulista e o empresar chinês o vacinar eficaz paulo receber milhão dose laboratório chinês semana chegar insumo o produção vacinar país atualmente o butantan capacidade produzir milhão vacinar dia ricardo palacios o resultar preliminar avaliar o eficácia vacinar sair esperar acordar o infecção doença brasil crescer o quantidade caso necessário tirar conclusão sair semana n terça-feira o revisto médico lancet infectious diseases publicar finalmente o versão estudar resultar fase e testar coronavac realizar chino medir segurança e eficácia vacinar o trabalhar reiterar resultar bem-sucedidos divulgar o chancelar revisão independente e lista limitação vacinar cientista observar,saúde, Publicado em  19/11/20 09:14 ,Extra,https://extra.globo.com/noticias/coronavirus/sao-paulo-recebe-primeiras-120-mil-doses-da-vacina-coronavac-24754565.html,1
4077,É falso que irmãos Miranda forjaram recibos para prejudicar Bolsonaro  ,,falsar o post viralizou rede comer facebook e twitter afirmar o deputar luis miranda dem-df e irmão o servidor ministério saudar luis ricardo miranda forjar documentar parir propagar desinformação o presidente jair bolsonaro o post referir o recibo sobrar o comprar vacinar indiano covaxin negociar o governar federal pelar preciso medicamento segundar o servidor comer revelar o jornal folhar s.paulo haver pressão atípico o ministério parir o aquisição efetuada e irmão levar o suspeito bolsonaro,política,30/06/2021 14h42 ,30/06/2021 14h42 ,https://noticias.uol.com.br/comprova/ultimas-noticias/2021/06/30/e-falso-que-irmaos-miranda-forjaram-recibos-para-prejudicar-bolsonaro.htm,0
4078,Covid: Mandetta lamenta 80 mil mortes e pede respeito ao tempo da ciência  ,,o ex-ministro saudar luiz henrique mandetta lamentar post publicar twitter o marcar morte brasil covid-19 mensagem mandetta precisar prevenir e respeitar o ciência 80.000 vidar perdido solidariedade s famílias.ainda teste confiar medicamento confiar vacinar confiar o alternativo corretar prevenir e respeitar o ciência ficar casar escrever vidar perdido solidariedade s famílias.ainda teste confiar medicamento confiar vacinar confiar o alternativo corretar previnir e respeitar o fiqueemcasa acordar levantamento consórcio veículo imprensar o uol o brasil ultrapassar o marcar vítima infecção provocar coronavírus o início pandemia 80.251 morto,saúde,21/07/2020 09h13 ,21/07/2020 09h13 ,https://noticias.uol.com.br/saude/ultimas-noticias/redacao/2020/07/21/covid-mandetta-lamenta-80-mil-mortes-e-pede-respeito-ao-tempo-da-ciencia.htm,1
4079,Papa dirige benção especial aos funcionários de empresas de comunicação  ,,o papar francisco dedicar o missar manhã hoje celebrar casar santo marta o funcionário empresar comunicação o pandemia coronavírus trazer informação e companhia virtual gostar rezar trabalhar comunicação trabalhar comunicar pessoa sentir isolar o líder igreja católico o dia abençoar categoria empenhar lutar o coronavírus missar habitualmente celebrar presença público o papar conduzir transmissão canal televisão e site ligar o o vaticano francisco querer orar educação criança apoiá-los durante o período confinamento obrigatório impor diverso mundo,saúde,01/04/2020 15h40 ,01/04/2020 15h40 ,https://noticias.uol.com.br/ultimas-noticias/efe/2020/04/01/papa-dirige-bencao-especial-aos-funcionarios-de-empresas-de-comunicacao.htm,1
4080,Record ignora pesquisa que pediu e exibe outra mais favorável a Crivella  ,,s véspera eleição municipal o jornal record d sábado apresentar resultar pesquisar eleitoral encomendar o o instituto real time big datar paulo goiânia belém e palmar mostrar contratar rir pesquisar real time big datar feito dia e novembro e consolidar dia o site record divulgar sexta-feira s 22h18 o pesquisar rir divulgar jr trazer o candidatar eduardo paes dem intenção voto e o atual prefeito marcelo crivella republicano e o delegar martha rocha pdt empatar,política,14/11/2020 21h24 ,14/11/2020 21h24 ,https://www.uol.com.br/splash/colunas/mauricio-stycer/2020/11/14/record-ignora-pesquisa-que-pediu-e-exibe-outra-mais-favoravel-a-crivella.htm,1
4081,Veja o que é #FATO ou #FAKE nas declarações da secretária Mayra Pinheiro na CPI da Covid,"Secretária de Gestão do Trabalho e da Educação do Ministério da Saúde, conhecida como ‘capitã Cloroquina’, prestou depoimento no Senado nesta terça.",o secretário gestão trabalhar e educação ministério saudar mayra pinheiro prestar depoimento n terça-feira cpi covid senado o equipar fato fake checar principal declaração mayra “ capitão cloroquina ” ler “o ministério saudar indicar tratamento medicamento o cloroquina o covid”,política, 25/05/2021," Por Roney Domingos, Camila Zarur, Vinícius Cassela e Marcelo Gomes, G1, O Globo, TV Globo e GloboNews ",https://g1.globo.com/fato-ou-fake/noticia/2021/05/25/veja-o-que-e-fato-ou-fake-nas-declaracoes-da-secretaria-mayra-pinheiro-na-cpi-da-covid.ghtml,0
4082,Veja o que é #FATO ou #FAKE nas declarações da secretária Mayra Pinheiro na CPI da Covid,"Secretária de Gestão do Trabalho e da Educação do Ministério da Saúde, conhecida como ‘capitã Cloroquina’, prestou depoimento no Senado nesta terça.",o secretário gestão trabalhar e educação ministério saudar mayra pinheiro prestar depoimento n terça-feira cpi covid senado o equipar fato fake checar principal declaração mayra “ capitão cloroquina ” ler “nó o publicação trabalhar originar manaus paciente o óbito dose tóxico cloroquina o dosar pontar vezar o dosar preconizar hoje pelar ministério orientar pelar ministério”,política, 25/05/2021," Por Roney Domingos, Camila Zarur, Vinícius Cassela e Marcelo Gomes, G1, O Globo, TV Globo e GloboNews ",https://g1.globo.com/fato-ou-fake/noticia/2021/05/25/veja-o-que-e-fato-ou-fake-nas-declaracoes-da-secretaria-mayra-pinheiro-na-cpi-da-covid.ghtml,0
4083,Veja o que é #FATO ou #FAKE nas declarações da secretária Mayra Pinheiro na CPI da Covid,"Secretária de Gestão do Trabalho e da Educação do Ministério da Saúde, conhecida como ‘capitã Cloroquina’, prestou depoimento no Senado nesta terça.",o secretário gestão trabalhar e educação ministério saudar mayra pinheiro prestar depoimento n terça-feira cpi covid senado o equipar fato fake checar principal declaração mayra “ capitão cloroquina ” ler “o tratecov colocar o ar”,política, 25/05/2021," Por Roney Domingos, Camila Zarur, Vinícius Cassela e Marcelo Gomes, G1, O Globo, TV Globo e GloboNews ",https://g1.globo.com/fato-ou-fake/noticia/2021/05/25/veja-o-que-e-fato-ou-fake-nas-declaracoes-da-secretaria-mayra-pinheiro-na-cpi-da-covid.ghtml,0
4084,Veja o que é #FATO ou #FAKE nas declarações da secretária Mayra Pinheiro na CPI da Covid,"Secretária de Gestão do Trabalho e da Educação do Ministério da Saúde, conhecida como ‘capitã Cloroquina’, prestou depoimento no Senado nesta terça.",o secretário gestão trabalhar e educação ministério saudar mayra pinheiro prestar depoimento n terça-feira cpi covid senado o equipar fato fake checar principal declaração mayra “ capitão cloroquina ” ler “o feito umar extração indevido plataforma tratecov o madrugar dia jornalista”,política, 25/05/2021," Por Roney Domingos, Camila Zarur, Vinícius Cassela e Marcelo Gomes, G1, O Globo, TV Globo e GloboNews ",https://g1.globo.com/fato-ou-fake/noticia/2021/05/25/veja-o-que-e-fato-ou-fake-nas-declaracoes-da-secretaria-mayra-pinheiro-na-cpi-da-covid.ghtml,0
4085,Veja o que é #FATO ou #FAKE nas declarações da secretária Mayra Pinheiro na CPI da Covid,"Secretária de Gestão do Trabalho e da Educação do Ministério da Saúde, conhecida como ‘capitã Cloroquina’, prestou depoimento no Senado nesta terça.",o secretário gestão trabalhar e educação ministério saudar mayra pinheiro prestar depoimento n terça-feira cpi covid senado o equipar fato fake checar principal declaração mayra “ capitão cloroquina ” ler “estudar manaus chamar o atenção obter parecer comitê ético pesquisar estudar pronto”,política, 25/05/2021," Por Roney Domingos, Camila Zarur, Vinícius Cassela e Marcelo Gomes, G1, O Globo, TV Globo e GloboNews ",https://g1.globo.com/fato-ou-fake/noticia/2021/05/25/veja-o-que-e-fato-ou-fake-nas-declaracoes-da-secretaria-mayra-pinheiro-na-cpi-da-covid.ghtml,0
4086,Veja o que é #FATO ou #FAKE nas declarações da secretária Mayra Pinheiro na CPI da Covid,"Secretária de Gestão do Trabalho e da Educação do Ministério da Saúde, conhecida como ‘capitã Cloroquina’, prestou depoimento no Senado nesta terça.",o secretário gestão trabalhar e educação ministério saudar mayra pinheiro prestar depoimento n terça-feira cpi covid senado o equipar fato fake checar principal declaração mayra “ capitão cloroquina ” ler “hoje nó evidência mostrar o eficácia hidroxicloroquina ivermectina cloroquina colchicina”,política, 25/05/2021," Por Roney Domingos, Camila Zarur, Vinícius Cassela e Marcelo Gomes, G1, O Globo, TV Globo e GloboNews ",https://g1.globo.com/fato-ou-fake/noticia/2021/05/25/veja-o-que-e-fato-ou-fake-nas-declaracoes-da-secretaria-mayra-pinheiro-na-cpi-da-covid.ghtml,0
4087,JBS aumenta produção nos EUA após reabertura de unidades  ,,o jbs produtor carne mundo aumentar o produção carnar bovino e suíno eua o reabertura fábrica fechar dever o surto covid-19 o o implementar medir manter trabalhador seguro o empresar o aumentar o produção adicionar turno o sábado andre nogueira presidente jbs n sexta-feira exportação eua provavelmente cair n trimestre o empresar prioriza o mercar doméstico o demandar forte onda precedente paralisação fábrica o produção carnar eua melhorar semana o indústria voltar o capacidade comparação o período ano passar carnar bovino e carnar suíno o jbs acima médio indústria nogueira frango o taxar confiante produção continuar subir durante teleconferência,saúde,15/05/2020 17h27 ,Tatiana Freitas,https://economia.uol.com.br/noticias/bloomberg/2020/05/15/jbs-aumenta-producao-nos-eua-apos-reabertura-de-unidades.htm,1
4088,"Covid-19: 4 agentes de prisões são afastados, e um pavilhão é isolado em SP  ",,funcionário prisional paulo afastar suspeito contágio covid-19 doença causar coronavírus bauru interior pavilhão isolar visitante diagnosticar o enfermidade oficialmente funcionário afastar aguardar o resultar exame d cidade flórido paulista contato pessoa exame positivar coronavírus afastar casar e apresentar queixar saudar sintoma semelhante o o doença coincidir gripar,saúde,19/03/2020 21h25 ,Flávio Costa,https://noticias.uol.com.br/saude/ultimas-noticias/redacao/2020/03/19/coronavirus-4-agentes-do-sistema-prisional-de-sp-sao-afastados.htm,1
4089,"

Itália decidiu não prestar mais atendimento a idosos com mais de 80 anos que tiverem coronavírus #boato 
","Boato – Por causa do caos causado pelo novo coronavírus, a Itália decidiu parar de prestar atendimento a idosos com mais 80 anos que contraírem a Covid-19.",o itália decidir prestar atendimento o ano o saudar comprometido simplesmente infectar e pessoa crítico crescer e haver condição serviço saudar deixar morrer 80-will-left-die-country-overwhelmed-coronavirus,mundo,18/03/2020,"
Edgard Matsuki ",https://www.boatos.org/mundo/italia-decidiu-nao-prestar-mais-atendimento-idosos-mais-80-anos-coronavirus.html,0
4090,"No Marrocos, rei é primeiro a receber vacina contra o novo coronavírus  ",,o rei mohammed vir o pessoa o receber vacinar o coronavírus marrocos lançar oficial o campanha imunização país o patógeno provocar o covid-19 o agência estatal notícia map o responsável divulgar o notícia n quinta-feira o veículo destacar o objetivo conseguir vacinar população marroquino e residente estrangeiro viver país localizar norte áfrico ano idade,saúde,28/01/2021 18h36 ,28/01/2021 18h36 ,https://noticias.uol.com.br/ultimas-noticias/efe/2021/01/28/no-marrocos-rei-e-primeiro-a-receber-vacina-contra-o-novo-coronavirus.htm,1
4091,É #FAKE que vídeo mostra quadrilha detida com 300 crianças congeladas para venda de órgãos na China,Mensagem falsa circula nas redes sociais ao lado de vídeo que reúne imagens de situações que nada têm a ver com o tráfico de órgãos humanos. Boato existe há mais de um ano e tem ganhado força.,circular rede social vídeo acompanhar mensagem detido organização chino criança congelar o vender órgão transplantar o vídeo verdade junto história diferente si e o tráfico órgão localidade ocorrer cena aliás distante km,entretenimento, 29/10/2019, Por G1 ,https://g1.globo.com/fato-ou-fake/noticia/2019/10/29/e-fake-que-video-mostra-quadrilha-detida-com-300-criancas-congeladas-para-venda-de-orgaos-na-china.ghtml,0
4092,Chuva alaga ruas no Rio e deixa a cidade em estágio de atenção  ,,o forte chuva o o longo dia alagar ruir e deixar o cidade rir estágio atenção 18h20 hoje o centrar operação prefeitura o escalar e significar ocorrência causar impactar município afetando o rotina população o avenida brasil principal via rir bolsão d'água e alagamento afetam o o trecho circulação veículo o avenida niemeyer ligar bairro leblon conrado e vidigal zonar sul carioca interditar sentir preventivo atender o protocolo segurança adotados prefeitura zonar norte o rir maracanã transbordar parcialmente causar interdição avenida maracanã haver crítico avenida brasil bairro tijuca cristóvão alto visto estrar grajaú-jacarepaguá subir joá mergulhão avenida ayrton senna e jardim oceânico barrir tijuca,saúde,25/12/2020 22h19 ,25/12/2020 22h19 ,https://noticias.uol.com.br/cotidiano/ultimas-noticias/2020/12/25/chuva-alaga-ruas-no-rio-e-deixa-a-cidade-em-estagio-de-atencao.htm,1
4093,É #FAKE que chá de erva-doce e fígado de boi previnem contra o novo coronavírus,"Mensagem falsa diz que princípio presente na erva é eficaz contra o H1N1 e, por isso, também vale para a Covid-19. Nenhuma das duas informações é verdadeira.",bombado whatsapp mensagem afirmar beber chá erva-doce o o dia e comer fígado boi formar prevenir covid-19 fake o mensagem orientação o cuidar relativo o o vírus “ o chá erva-doce o substância o medicamentar tamiflu tratar o gripar h1n1 aconselha-se tomar o chá café refeição horar matar o vírus influenza ” recomendação corretar álcool gel assepsiar lavar mão o o dia e evitar aglomeração indicação equivocar ingerir o chá comer fígado boi e tomar vitaminar c e suco acerola e laranjo haver comprovação consumir eficaz o vírus,ciência, 08/04/2020," Por Roberta Pennafort, CBN ",https://g1.globo.com/fato-ou-fake/coronavirus/noticia/2020/04/08/e-fake-que-cha-de-erva-doce-e-figado-de-boi-previnem-contra-o-novo-coronavirus.ghtml,0
4094,"Leandro Lehart: ""Não contar que estava na UTI foi difícil e perigoso""  ",,passar dia uti causar covid-19 o cantor leandro lehart durante o uol debater hoje quase recuperar contar precisar manter sigilar internação causar mãe ano e preocupar familiar pessoa unidade terapia intensivo contar uti escolher perigoso escolher difícil e individuar explicar o artista contar dia alto e sensação bem-estar e fraqueza quase constante o vírus traiçoeiro o sensação voltar,saúde,18/05/2020 14h45 ,Priscila Carvalho,https://www.uol.com.br/vivabem/noticias/redacao/2020/05/18/leandro-lehart-nao-contar-que-estava-na-uti-foi-dificil-e-perigoso.htm,1
4095,"Em 17 dias, internação em UTI cresce 50% e São Paulo se aproxima do colapso  ",,o cidade paulo beirar colapso saudar o aumentar progressivo pessoa internar uti unidade terapia intensivo voltar covid-19 atualmente taxar ocupação tratamento intensivo o prefeitura assistir o o paciente internar saltar dia o dia o o longo 1º março internar 1.133 o saltar o o hospital municipal bater lotação utis contar unidade contratar prefeitura,saúde,19/03/2021 04h00 ,Leonardo Martins ,https://noticias.uol.com.br/saude/ultimas-noticias/redacao/2021/03/19/em-17-dias-internacao-em-uti-cresce-50-e-sao-paulo-se-aproxima-do-colapso.htm,1
4096,"

Família foi presa por vender linguiça de cachorro no Rio de Janeiro, Mandirituba (PR), Goiânia e outras cidades do Brasil #boato 
","Boato – No Rio de Janeiro, Mandirituba (PR), Goiânia e outras cidades do Brasil, uma família foi presa por fabricar e vender linguiça de cachorro em uma feira. Fotos mostram detalhes do caso.",família preso fabricar e vender linguiça cachorro anchieta ruir alcobaça- rj pessoa família preso d domingo cão e gato casar o polícia investigar o vender linguiça e carnar cachorro feirar pavuna casar encontrar animar o abater seguir foto fabricação linguiça caseirafamília preso fabricar e vender linguiça cachorro cidade mandirituba pr pessoa família preso d sexta-feira cão e gato casar o polícia investigar o vender linguiça e carnar cachorro casar encontrar animar abatido e temperar o fabricação embutir encaminhar delegacia policiar civil averiguação e trametes criminar família preso fabricar e vender linguiça cachorro cidade goiânia-go pessoa família preso d terça-feira 22-10-2019 cão e gato casar região goiânia go o polícia investigar o vender linguiça e carnar cachorro casar encontrar animar o abater seguir foto fabricação linguiça caseiro delícia linguiça misto caderneta encomendar e datar entregar,brasil,23/10/2019,"
Edgard Matsuki ",https://www.boatos.org/brasil/familia-presa-vender-linguica-cachorro-no-rio-de-janeiro-mandirituba-pr-goiania.html,0
4097,"

Mulher que pisou em criança é morta na cadeia em Macapá (AP) #boato 
","Boato – A mulher que foi filmada pisando em uma criança é da cidade de Macapá (AP). Após ter sido presa, ela foi morta por colegas de cela na cadeia.",casar torturar o criança acontecer cidade macapá bairro congós informação o mulher ano filmar pisar e torturar o criança idade ano preso polícia … presídio detenta reconhecer o mulher o vídeo e mostrar detentas matar o mulher golpe faca madrugar d quarta-feira centrar penitenciário feminino macapá i voltar 3h,brasil,20/11/2019,"
Edgard Matsuki ",https://www.boatos.org/brasil/mulher-pisou-em-crianca-morta-cadeia-macapa-ap.html,0
4098,Bolsonaro chama repórter de 'idiota' após ser questionado por foto com 'CPF cancelado',,participar inauguração duplicação trecho br-101 ligar o bahia o o sergipe o presidente jair bolsonaro irritar o perguntar jornalista o questionar foto bolsonaro aparecer segurar cartaz cpf cancelar expressão jargão policial morte execução o foto ocorrer bastidor programar tv o crítico amazona bolsonaro entrevistar sexta-feira entrevisto o presidente admitir forçar armar medir restritivo decretar governador n segunda-feira indagar o fato tirar o foto o brasil chegar morte covid-19 bolsonaro irritar — o perguntar deixar idiota — afirmar durante discursar o presidente bolsonaro novamente atacar governador afirmar impor ditadura país o presidente voltar o insinuar tomar algum medir posturar governador — chegar o horar pessoal chegar o horar brasil gritar independência admitir pseudogovernadores impor o ditadura vírus subjugá-los tratar o vírus responsabilidade vírus preocupar o desempregar — o presidente durante inauguração duplicação br-101 feirar santana ba e diviso o evento converso jornalista bolsonaro questionar o forçar armar e cumprir o lei e o ordem seguir acusar governador e prefeito cumprir o constituição — forçar armar cumprir o lei e o ordem e cumprir integralmente o constituição devolver o perguntar seguir o artigo constituição ler inciso artigo e respeitar o direito e o direito o pessoa empregar ocupar o exercitar o fé respeitar decreto governador e prefeito —,brasil, Publicado em  26/04/21 15:57 ,Dimitrius Dantas,https://extra.globo.com/noticias/brasil/bolsonaro-chama-reporter-de-idiota-apos-ser-questionado-por-foto-com-cpf-cancelado-24988469.html,1
4099,"China registra 44 novos casos de coronavírus, 31 deles em Pequim  ",,pequim jun efe).- o comissão nacional saudar chino informar detectar caso coronavírus país n terça-feira d importar e contágio e o surtir pequim continuar notificação infecção o capital chinês elevar o respostar emergência covid-19 noite d terço tentativo conter o disseminação massivo surtir detectar mercar atacadista xinfadi deixar caso confirmar o secretário adjunto pequim chen bei anunciar o cidade passar o emergência medir o identidade e o saudar morador revisto e temperatura aferir,saúde,17/06/2020 04h09 ,17/06/2020 04h09 ,https://noticias.uol.com.br/ultimas-noticias/efe/2020/06/17/china-registra-44-novos-casos-de-coronavirus-31-deles-em-pequim.htm,1
4100,"
  O risco de trombose em um avião não é maior para passageiros vacinados contra a covid-19","Publicações em múltiplos idiomas compartilhadas milhares de vezes em redes sociais desde o início de junho de 2021 asseguram que as principais companhias aéreas do mundo estão discutindo se é recomendável aceitar passageiros vacinados contra a covid-19 devido ao “alto risco de formação de coágulos sanguíneos”. No entanto, associações de companhias aéreas negaram à AFP a existência destas conversas e diversos especialistas explicaram que a trombose provocada por uma viagem longa de avião não tem relação com os casos pontuais associados aos imunizantes contra a covid-19.Envie-nos por WhatsApp Email",o publicação acompanhar link parir artigo alemão intitular “ umar vacinação haver voo ” “ o companhia aéreo discutir suar responsabilidade e o o vacinar permissão parir voar riscar parir o saudar discussão começar parecer ninguém vacinar voar ” texto citar comer principal riscar o possibilidade desenvolvimento “ coágulo sanguíneo ” o artigo amplamente compartilhar publicação o facebook instagram e twitter    alegação semelhante circular espanhol inglês e francês,saúde,16/06/2021 às 22:11,"Sonia Wolf, AFP França",https://checamos.afp.com//o-risco-de-trombose-em-um-aviao-nao-e-maior-para-passageiros-vacinados-contra-covid-19,0
4101,"

Ana Paula Valadão diz que perdeu o sucesso após apoiar Bolsonaro #boato 
",Boato – Cantora gospel Ana Paula Valadão lamenta queda de sucesso causada por apoiar Jair Bolsonaro nas eleições de 2018. ,“ apoiar bolsonaro ana paula valadão chorar e revelar perder o sucesso igreja ” “ ana paula valadão chorar e revelar perder o sucesso apoiar bolsonaro o cantor gospel perceber quedo brusco alcançar músico igreja evangélico ” “ melhor jair chorar período eleição presidente brasil o cantor gospel ana paula valadão surpreender e declarar o total o o controverso jair bolsonaro perceber quedo brusco alcançar músico igreja evangélico ”,entretenimento,01/01/2020,"
Kyene Becker ",https://www.boatos.org/entretenimento/ana-paula-valadao-perdeu-sucesso-apoiar-bolsonaro.html,0
4102,BNDES encerra programa de R$ 4 bi para segurança; presos do PCC fogem no Paraguai,Veja quais são as notícias de destaque nos jornais brasileiros,o programar bndes pró-segurança público prever o repassar r$ bilião e município investir ações segurança público encerrar dia dezembro título principal o globo revelar o gestão banco optar mudar o eixo atuação trocar o ofertar recurso bilionário ações direcionadas avaliação direção resultar melhor acompanhar o matutino carioca lembrar o programar lançar durante o governar ex-presidente michel temer mdb o abertura linha crédito e município comprar equipamento segurança o lista determinar ministério justiçar entanto o endossar governador e prefeito o iniciativo fracassar o globo o falho iniciativo passar entrave comunicação alar problema burocrático o demorar publicação portar regulamentar o programar,política, 20/01/2020 09h14 ,,https://g1.globo.com/politica/blog/matheus-leitao/post/2020/01/20/bndes-encerra-programa-de-r-4-bi-para-seguranca-presos-do-pcc-fogem-no-paraguai.ghtml,1
4103,Câmara aprova decreto de calamidade pública; texto vai ao Senado  ,,o plenário câmara aprovar simbolicamente noite hoje o projeto permitir o declaração calamidade público solicitar presidente jair bolsonaro razão coronavírus o texto seguir o análise senado analisar o projeto remotamente o projeto dispensar o governar bolsonaro precisar atingir resultar fiscal e limitação empenhar fase inicial liberar recurso união previsto lei responsabilidade fiscal o déficit prever ano r$ bilião o projeto instituir comissão misto congresso nacional composto deputar e senador acompanhar o execução orçamentar união ações referente o o combater o o covid-19 o comissão realizar mensalmente reunião o ministério economia avaliar o situação fiscal e o execução orçamentária e financeiro medir relacionar emergência saudar público importância internacional relacionar o o coronavírus covid-19 informar o texto,saúde,18/03/2020 20h10 ,Guilherme Mazieiro,https://noticias.uol.com.br/politica/ultimas-noticias/2020/03/18/camara-aprova-decreto-de-calamidade-publica-texto-vai-ao-senado.htm,1
4104,Witzel prorroga medidas restritivas contra covid-19 no RJ até 21 de julho  ,,o governador rir janeiro wilson witzel psc prorrogar o dia julho medir restritivo prevenção e enfrentamento pandemia coronavírus o o decretar publicar hoje edição extra diário oficial manter o funcionamento setores comércio e indústria horário específico evitar aglomeração o decretar aula presenciar rede ensinar estadual municipal e privar permanecer suspenso atividades coletivas cinema teatro e afim e o funcionamento academiar ginástico o registrar 121.879 caso confirmar e 10.698 morte coronavírus 1.018 óbito investigação o recomendação o população fluminense frequentar praia lagoa rio piscina público e clube mantido o máscara proteção respiratório seguir obrigatório estabelecimento público locar privar funcionamento autorizar acesso coletivo,saúde,07/07/2020 10h18Atualizada em 07/07/2020 13h21 ,07/07/2020 10h18Atualizada em 07/07/2020 13h21 ,https://noticias.uol.com.br/saude/ultimas-noticias/redacao/2020/07/07/witzel-medidas-restritivas-rj.htm,1
4105,"

MEC distribui livros grátis por meio do projeto Conta Pra Mim em site no WhatsApp #boato 
","Boato – O Ministério da Educação (MEC) está distribuindo livros grátis por meio do projeto Conta Pra Mim. Para ter acesso ao benefício, é preciso entrar em um site e compartilhar um link com amigos no WhatsApp.",o mec ministério educação distribuir gratuitamente brasil o coleção livro projeto contar pra mim incentivar o leitura casar ganhar basto o cadastrar site projeto site]mec – contar pra mim programar renada brasil preencher o formulário abaixar e receber casar o coleção completar livro informar nome completar informar informar cidade criança morar clicar selecionar matricular escola?conta pra mim vir o o projeto contar pra mim conferir abaixar e seguir clicar confirmar informar o endereçar entregar ganhar inscrição 28/08/2020enviaremos livro correio compartilhar avançar informar o endereçar entregar e garantir coleção livro compartilhar o projeto contar pra mim contatos whatsapp e receber acesso imediato compartilhar,entretenimento,27/08/2020,"
Edgard Matsuki ",https://www.boatos.org/tecnologia/mec-distribui-livros-gratis-projeto-conta-pra-mim-whatsapp.html,0
4106,Superfungo identificado pela 1ª vez no Brasil mata 39% dos contaminados ,,flávio telles professor infectologia universidade federal paraná ufpr e coordenador comitê micologia sociedade brasileiro infectologia sbi o chegar candida auris o o brasil acender alertar representar perigar equivalente sars-cov-2 o infectologista explicar o superfungo germe intra-hospitalar e costumar colonizar equipamento instrumento e paciente internar paciente riscar utis submetido o algum cirurgia representar ameaçar capaz adentrar o organismo e causar doença gravar candidíase invasivo candidemia sepitcemia infecção sanguíneo levar morte d o detecção superfungo depender tecnologia complexo e caro atualmente concentrar laboratório microbiologia especializar laboratório centrar saudar público lacens estudo diferentemente covid-19 contaminar ar o superfungo espalhar contato superfície infectar evitar o avançar patógeno o paciente contaminar isolar e o internação higienizar desinfetantes hospitalar específico durante e imediatamente estadia o fungar detectar canal auditivo paciente japão ano seguinte presença espalhar ásia europa e américa norte brasil amostrar casar suspeitar enviar o laboratório central saudar público profº gonçalo moniz lacen ba e laboratório hospital clínico faculdade medicinar universidade paulo hcfmusp indicar o presença patógeno teste realizar laboratório especial micologia escola paulista medicinar lemi – unifesp determinar o grau resistência patógeno e realizar sequenciamento genético,ciência, Publicado em  09/12/20 20:01 ,Rodrigo Souza,https://extra.globo.com/noticias/saude-e-ciencia/superfungo-identificado-pela-1-vez-no-brasil-mata-39-dos-contaminados-24789777.html,1
4107,Vaticano começa campanha de vacinação em meados de janeiro,"Prioridade na imunização será para profissionais de saúde e idosos; Santa Sé não informou se o papa Francisco, de 84 anos, receberá a vacina.",o vaticano anunciar n sábado campanha vacinação o covid-19 dia o quinzena janeiro priorizando profissional saudar e idoso comunicar o santo sé informar o papar francisco ano receber o vacinar provável vacinar chegar o o janeiro quantidade suficiente atender necessidade santo sé e cidade vaticano afirmar o noto acrescentar o vaticano comprar refrigerador especial armazenar o imunizante o prioridade o o pessoal saudar e segurança idoso e pessoal contato frequentar o público,saúde, 02/01/2021 09h36 , Por France Presse ,https://g1.globo.com/bemestar/coronavirus/noticia/2021/01/02/vaticano-comeca-campanha-de-vacinacao-em-meados-de-janeiro.ghtml,1
4108,o resto mortal umar fadar encontrar o inglaterra,,"umar único publicação umar determinar página obter 4,8 compartilhamentos o dia setembro arquivar",mundo,29/09/2020,marco faustino,https://www.e-farsas.com/os-restos-mortais-de-uma-fada-foram-encontrados-na-inglaterra.html,0
4109,"
  Imagens de dezenas de sacos para cadáveres foram gravadas no Equador, não em Nova York","Um vídeo que supostamente mostra corpos de vítimas do novo coronavírus alinhados no chão de um hospital em Nova York foi visualizado milhares de vezes em redes sociais desde o início de abril. A gravação viralizada é composta, contudo, por imagens de locais diferentes. Enquanto os vídeos de áreas externas realmente foram filmados na cidade norte-americana, a sequência que mostra sacos para cadáveres foi gravada na cidade de Guayaquil, no Equador.Envie-nos por WhatsApp Email",“ corpo vítima covid-19 yorque eua sic ” o título vídeo visualizar youtube o dia abril “ informação filmagem feito enfermeiro e sic hospital locar yorque unir epicentro epidemiar coronavírus ” texto aparecer início gravação seguir o vídeo mostrar o exterior prédio gravar o veículo movimentar e o outro edifício nao trecho seguinte gravação dezena saco cadáver espalhar sala identificar vídeo apresentar imagem gravar unir diverso contar facebook e twitter o alegação circular amplamente inglês francês e espanhol,saúde,16/04/2020 às 20:55,"Sami Acef, Sebastian Serrano, Arthur MacMillan, AFP Brasil",https://checamos.afp.com//imagens-de-dezenas-de-sacos-para-cadaveres-foram-gravadas-no-equador-nao-em-nova-york,0
4110,Quem errou e faz novo pedido de R$ 600 tem dificuldade para mudar dados  ,,trabalhador pedir auxílio emergencial r$ conseguir editar informação membro família incluir parente mudar documento o problema inconstante e acontecer o auxílio negar receber o mensagem informar anteriormente inconclusivo conseguir pedir haver relato pessoa conseguir mudar o quantidade membro família alterar cpfs haver informar pedir o reportagem cadastrar e encontrar o problema informar o grau parentesco membro família incluir membro alterar haver informar pedir imagem reprodução,saúde,25/04/2020 04h00 ,Thâmara Kaoru,https://economia.uol.com.br/noticias/redacao/2020/04/25/novo-pedido-auxilio-emergencial-alteracao-membros-da-familia.htm,1
4111,É enganoso que recomendação do uso de máscara contra covid siga palavras de vidente e não estudos científicos,,  o post médico o twitter comparar o apelar vidente parir o pessoa parir máscara o estudar científico capaz o eficácia d proteção o estudar esperar o máscara reduzir o infecção o considerar percentual alto parir estudo sobrar intervenção entrar e realidade o postagem desconsiderar outro estudo e recomendação autoridade sanitário brasil e mundo defender o proteção facial,saúde,2021-09-03,Comprova,https://projetocomprova.com.br/publicações/e-enganoso-que-recomendacao-do-uso-de-mascara-contra-covid-siga-palavras-de-vidente-e-nao-estudos-cientificos/,0
4112,México anuncia contágio comunitário por coronavírus  ,,"A Secretaria de Saúde do México anunciou que o país entrou na chamada fase 3 do novo coronavírus, o que significa que, a partir de agora, haverá um aumento rápido e exponencial no número de contágios e internações. O anúncio foi feito pelo subsecretário de Prevenção e Promoção da Saúde, Hugo López-Gatell. Medidas de distanciamento físico continuarão vigentes até o dia 30 de maio. ""Estamos em uma fase de rápida ascensão. O número de casos de infecção e de hospitalização vai se acumular"", afirmou López-Gatell, na tarde de ontem. O subsecretário disse que, enquanto na fase 2 são registradas centenas de novos casos, na fase 3 a contagem é feita aos milhares.""[Nessa fase] há uma disseminação mais extensa do vírus, dificultando ainda mais a interrupção da cadeia de transmissão."" O México tem 126 milhões de habitantes. Até agora, foram registrados 9.501 casos confirmados da doença e 857 mortes. O número de mortes, se comparado a outros países, como o Brasil, por exemplo, parece pouco. No entanto, o próprio subsecretário de Saúde já ressaltou, no início deste mês, que os números da epidemia devem ser ""oito vezes maiores do que se vê"". Desta forma, o México pode ter hoje cerca de 76 mil pessoas infectadas.",saúde,22/04/2020 14h39 ,22/04/2020 14h39 ,https://noticias.uol.com.br/ultimas-noticias/agencia-brasil/2020/04/22/mexico-anuncia-contagio-comunitario-por-coronavirus-no-pais.htm,1
4113,"

Irmão Lázaro está vivo: homem revela, em vídeo, que ele não morreu #boato 
","Boato – Em um vídeo, um homem com o uniforme do Flamego revela que o Irmão Lázaro não morreu. Na realidade, ele está vivo e tudo que circulou na internet é boato.",oi pessoal tô passar alertar impactar milhar pessoa brasil o notícia falecimento irmão lázaro verdade o irmão lázaro falecer internar covid tá reagir tá e alguém inescrupuloso printou o foto irmão lázaro verdade o morte o locutor o algum e o sujeitar botar foto irmão lázaro intenção pessoa entrar chocar o notícia intenção ganhar seguidor ganhar o comportamento repugnante e vil informar orar irmão lázaro continuar orar acabar falar o nau assessoria o d e advogar enrolar tomar providência absurdo continuar viver e sair d cantar gente “ o vidar mestre coração mestre ” levantar irmão lázaro saudar,entretenimento,22/03/2021,"
Edgard Matsuki ",https://www.boatos.org/religiao/irmao-lazaro-esta-vivo-homem-revela-em-video-ele-nao-morreu.html,0
4114,Enfermeiro mata namorada médica depois de acusá-la de passar a covid-19  ,,o italiano antonio pace assumir matar o namorar loreno quaranta estrangulamento o enfermeiro acusar o médico recém-formada o transmitir o o covid-19 doença causar coronavírus informação daily mail acordar o publicação o assassinato namorar pace o polícia confessar o crime e cortar pulso acordar o imprensar italiano autoridade duvidar história enfermeiro indicação teste realizar sugerir e namorar o covid-19 morar messina sicília e convocar ajudar combater o o vírus,saúde,02/04/2020 09h34 ,02/04/2020 09h34 ,https://noticias.uol.com.br/internacional/ultimas-noticias/2020/04/02/enfermeiro-mata-namorada-medica-depois-de-acusa-la-de-passar-a-covid-19.htm,1
4115,Irã se prepara para retomada das atividades apesar da crise sanitária  ,,"Irã se prepara para uma retomada em diferentes setores, afirmou nesta quarta-feira (29) o presidente Hassan Rohani, que pediu para que as pessoas sigam as instruções médicas devido à pandemia de covid-19. ""Devido à incerteza sobre o fim deste vírus, estamos nos preparando para o trabalho, para a atividade e a ciência"", disse o presidente iraniano. ""Devemos seguir todas as instruções médicas, mas o trabalho e a produção são tão essenciais como estas precauções"", acrescentou em um conselho de ministros televisionado, sem dar mais detalhes sobre datas e modalidades da retomada. O estado permitiu a reabertura gradual dos comércios desde 11 de abril e suspendeu as restrições de viagens internas que foram estabelecidas para conter a propagação do vírus.",saúde,29/04/2020 11h44 ,29/04/2020 11h44 ,https://noticias.uol.com.br/ultimas-noticias/afp/2020/04/29/ira-se-prepara-para-retomada-das-atividades-apesar-da-crise-sanitaria.htm,1
4116,Governo recebe aval do TCU para usar dinheiro de concessões no investimento em ferrovias, 30/07/2020 11h08 ,forte restrição orçamentária provocar teto gasto público o governar jair bolsonaro receber o aval tribunal contar união tcu diretamente recurso renovação antecipar concessão investimento ferrovia o o pagar renovação antecipar concessão valer setor ferroviário o tesourar nacional destinar diretamente construção ferrovia país o chamar investimento cruzar o decisão tcu viabilizar investimento r$ bilião setor ferroviário importante recurso público investimento atuais ferrovia e o construção afirmar o ministrar infraestrutura tarcísio freitas o decisão tcu permitir o renovação antecipar concessão valer estrar ferrar vitória minar e estrar ferrar carajás,política, 30/07/2020 11h08 , ,https://g1.globo.com/politica/blog/valdo-cruz/post/2020/07/30/governo-recebe-aval-do-tcu-para-usar-diretamente-dinheiro-de-concessoes-em-investimentos-em-ferrovias.ghtml,1
4117,Primeira morte ligada ao coronavírus fora da Ásia é confirmada na França,Turista da China de 80 anos da província de Hubei que morreu na França é a primeira morte relacionada ao Covid-19 fora da Ásia.,turista chinês ano morrer frança contrair o covid-19 o coronavírus o registrar morte doença ásia e o casar chino acordar anúncio ministério saudar n sábado o ministro saudar frança agnès buzyn o vítima província hubei o epicentro epidemiar o chinês chegar frança dia janeiro dia janeiro haver colocar quarentenar infecção pulmonar causar coronavírus e condição físico deteriorar rapidamente filho homem ano hospitalizar o expectativa receber alto morte chino acontecer filipino e japão,ciência, 15/02/2020 07h32 , Por G1 ,https://g1.globo.com/ciencia-e-saude/noticia/2020/02/15/primeira-morte-ligada-ao-coronavirus-fora-da-asia-e-confirmada-na-franca.ghtml,1
4118,Bolsonaro quer editar hoje novos decretos sobre armas: 'Vida continua'  ,,"O presidente Jair Bolsonaro (sem partido) pretende editar hoje ""três ou quatro"" novos decretos com o intuito de alterar regulamentos sobre armas no país. Segundo ele, é ""quase certo"" que os atos sejam oficializados ainda nesta sexta-feira (12). Hoje, em conversa com apoiadores na portaria do Palácio da Alvorada, Bolsonaro deixou claro que já está a aguardar críticas por publicar decretos sobre armas em meio à pandemia do coronavírus. ""Devo publicar hoje, [está] quase certo, três ou quatro decretos sobre armas. Vão falar: 'Ele aí falando de armas em vez de vírus'. A vida continua, poxa.""",política,12/02/2021 14h06Atualizada em 12/02/2021 15h03 ,Hanrrikson de Andrade e Rayanne Albuquerque,https://noticias.uol.com.br/politica/ultimas-noticias/2021/02/12/bolsonaro-diz-que-pode-publicar-novos-decretos-sobre-armas-vida-continua.htm,1
4119,"Nordeste tem mais ONGs registradas do que a Amazônia, apontam institutos  ",,o aumentar queimar região amazônia tornou-se assunto internacional série começar o circular rede social brasil questionar o verdadeiro intenção ongs e país o florestar brasileiro haver ongs estrangeiro nordeste secar haver amazônia questionar d compartilhar 4.000 facebook conteúdo semelhante exibir mapa brasil indicar o região amazônia ongs o nordestino tom indicar o brasil ongs registrar o informação compartilhar juntar o foto presidente jair bolsonaro acabar,brasil,07/09/2019 04h00 ,Lucas Borges Teixeira,https://noticias.uol.com.br/confere/ultimas-noticias/2019/09/07/nordeste-tem-mais-ongs-registradas-do-que-a-amazonia.htm,0
4120,É #FAKE que resolução determina fim de aulas teóricas de direção e amplia para 20 anos prazo da CNH,"Boato tem se espalhado pelo WhatsApp. Governo deve enviar projeto com mudanças na CNH para o Congresso, mas nenhuma das alterações descritas na mensagem faz parte do pacote.",mensagem espalhar whatsapp o governar acabar assinar resolução determinar o obrigatoriedade aula teórico direção e permitir o cidadão procurar diretamente instrutor trânsito pra aula prático dispensar o matrícula autoescolas o texto afirmar o prazo cnh ampliar ano o texto falir resolução simplesmente existir o mensagem utilizar g1 nenhum texto conteúdo publicar portal o link aparecer mensagem levar o página principal g1 mensagem haver link tratar pegado o mensagem falso aproveitar anúncio recente governar pretender aumentar o limitar suspensão cnh e acelerar o suspensão caso infração grave e grave dirigir beber,brasil, 10/04/2019, Por G1 ,https://g1.globo.com/fato-ou-fake/noticia/2019/04/10/e-fake-que-resolucao-determina-fim-de-aulas-teoricas-de-direcao-e-amplia-para-20-anos-prazo-da-cnh.ghtml,0
4121,É #FAKE que água tônica seja eficaz contra o novo coronavírus,Vídeo que circula nas redes sociais fala que substância presente na bebida é a que tem sido usada em tratamentos experimentais. Não é verdade.,circular rede social vídeo mulher o água tônica combater o coronavírus conter quinino o substância hospital tratar caso grave covid-19 “ comprar água tônica quinino quinino o base cloroquina e d comprar supermercado conveniência bar esquinar o globo contar ” o mulher identificar victoria peixoto rede social autodenomina ativista político o refrigerante fato sulfatar quinina quinino substância o gostar amargar e possuir função antimalárica década país paciente o doença,ciência, 16/04/2020," Por Roberta Pennafort, CBN ",https://g1.globo.com/fato-ou-fake/coronavirus/noticia/2020/04/16/e-fake-que-agua-tonica-seja-eficaz-contra-o-novo-coronavirus.ghtml,0
4122,Crise provocada por Moro é marolinha ou ressaca que antecede tsunami?  ,,e d jair bolsonaro ombro recordar morto covid-19 brasil superar o chino vítima doença o presidente dosar responsabilidade afinal e o atrapalhar medir preventivo realmente eficaz o epidemiar adotadas e município importar o previsão presidente o coronavírus impactar brasil população jovem e clima quentar provou-se tragicamente errar — haver alertar cientista difícil entender o o pesquisar datafolha mostrar conservar o aprovação terçar brasileiro e opor o o presidente forçar sair casar e manifestar o presidente livrar pressão ruir graça s medir isolamento criticar d bolsonaro motivo avaliar acusação feito ex-ministro justiçar sergio morar o efeito político marolinha,saúde,29/04/2020 13h02 ,29/04/2020 13h02 ,https://noticias.uol.com.br/colunas/diogo-schelp/2020/04/29/crise-provocada-por-moro-e-marolinha-ou-ressaca-que-antecede-tsunami.htm,1
4123,Teich exonera servidores e muda equipe do Ministério da Saúde em meio à epidemia  ,,o ministrar saudar nelson teich exonerar n quinta-feira servidor ministério contratar gestão anterior sequência o mudança n semana o demissão nome o o avançar epidemiar covid-19 país demitir n diretores departamento e programar secretariar vigilância saudar o coordenador-geral emergência e saudar público rodrigar lins frutuoso exoneração publicar diário oficial união indicar substituto segunda-feira teich exonerar o secretário ciência tecnologia e insumo estratégico denizar vianna o deputar josé carlos aleluia assessor especial ex-ministro luiz henrique mandetta e servidor gabinete vianna entanto permanecer ministério assessor teich conformar anunciar anteriormente ministrar — apesar nomear oficialmente,saúde,07/05/2020 12h23 ,Por Lisandra Paraguassu,https://noticias.uol.com.br/saude/ultimas-noticias/reuters/2020/05/07/teich-exonera-servidores-e-muda-equipe-do-ministerio-da-saude-em-meio-a-epidemia.htm,1
4124,jogador vôlei carolino solberg receber atualmente dinheiro programar bolsa-atleta,,polêmica algum usuário começar o disseminar umar tabelar aparecer o r$ e alegar carolino solberg receber governar federal comer programar patrocínio chamar bolsa-atleta,entretenimento,23/09/2020,marco faustino,https://www.e-farsas.com/jogadora-de-volei-carolina-solberg-recebe-atualmente-dinheiro-do-programa-bolsa-atleta.html,0
4125,Gastos com leite condensado e outros alimentos são de todo Executivo e não apenas de Bolsonaro,,vídeo publicar tiktok atribuir erradamente gasto o o consumir presidente repúblico,política,2021/02/01,Comprova,https://projetocomprova.com.br/publicações/gastos-com-leite-condensado-e-outros-alimentos-sao-de-todo-executivo-e-nao-apenas-de-bolsonaro/,0
4126,É #FAKE que vídeo mostre furacão Dorian sobre Miami Beach,"Mensagem tem viralizado nas redes sociais. Vídeo, porém, é animação digital feita a partir de duas fotos obtidas em banco de imagens.",circular rede social vídeo mostrar o furacão dorian imenso miami beach flórido o mensagem viralizado o fenômeno natural manchete principal jornal mundo aforar o vídeo fake o problema gente acreditar o rapper cent post contar twitter imagem o vídeo alcançar visualização entanto o cena real animação feito instagram usuário theglitch.og,mundo, 05/09/2019, Por G1 ,https://g1.globo.com/fato-ou-fake/noticia/2019/09/05/e-fake-que-video-mostre-furacao-dorian-sobre-miami-beach.ghtml,0
4127,"Rede decide apoiar Manuela D'Ávila: 'Sopro de esperança', diz Marina Silva  ",,marino silvar redar ex-senadora acre 1995-2011 e ex-ministra ambientar 2003-2008 hoje decidir declarar o manuela d'ávila pcdob turno eleição municipal portar alegrar n difícil país mulher o compromisso e qualidade político manuela defeso democracia direito humano e combater s desigualdade social soprar esperançar afirmar marino tuíte o redar decidir apoiar prefeito portar alegrar n difícil país mulher o compromisso e qualidade político manuela defeso democracia direito humano e combater s desigualdade social soprar esperançar,política,17/11/2020 12h55 ,17/11/2020 12h55 ,https://noticias.uol.com.br/eleicoes/2020/11/17/rede-apoio-manuela-davila-porto-alegre-marina-silva.htm,1
4128,Câmara de SP aprova pagamento de lives com recurso público  ,,o câmara paulo aprovar noite hoje emendar autorizar o pagamento atividades online rede social — chamar lives — recurso secretariar municipal cultura o emendar apresentar o projeto lei tratar pagamento auxílio emergencial o voluntário programar alfabetização municipal o mover movimentar alfabetização jovem e adulto artigo o emendar estabelecer o secretariar municipal cultura ficar autorizar o promover programação atividades online preferencialmente o o viver rede social gratuito e aberto o o público mediante credenciamento e seleção artista obedecido norma legar o emendar o texto projeto lei autoria vereador rei pt o proposto aprovar votação casar e seguir sanção prefeito brunir cova psdb,política,01/07/2020 22h38Atualizada em 01/07/2020 22h44 ,Ana Carla Bermúdez,https://noticias.uol.com.br/politica/ultimas-noticias/2020/07/01/camara-de-sp-aprova-pagamento-de-lives-com-recurso-publico.htm,1
4129,"

Dr. Derek Knauss não encontra Covid-19 em 1.500 testes positivos #boato 
","Boato – O Dr. Derek Knauss não encontrou Covid-19 em 1.500 testes positivos. Ele encontrou apenas o Influenza A ou B nas amostras e, por isso, vai processar o CDC por fraude maciça.",notícia abril gripar o chamar “ covid ” e criar o golpe história nenhum testar encontrar covid simplesmente haver vestígio d vírus cientista encontrar vírus influenza o e b. “ precisar encontrar amostrar viável covid-19 trabalhar conduzir o testar laboratório 1.500 amostrar universidade processar o cdc fraudar covid-19 o cdc enviar amostrar viável isolar e purificar covid-19 existir covid-19 fictício ” cientista clínico e imunologista-virologista laboratório sul califórnio e colega universidade processar o cdc fraudar maciço o motivar 1.500 amostrar pessoa testar “ positivar ” conseguir encontrar covid-19 simplesmente descobrir pessoa influenza o e extensão influenza b. consistente descobrir anterior cientista relatar dr derek knauss “ equipar laboratório e submeter 1.500 amostrar supostamente positivo covid-19 o postular koch e colocar microscópio eletrônico encontrar covid 1.500 amostrar descobrir 1.500 amostrar principalmente influenza o e influenza b nenhum casar covid o testar pcr touro ‘ universidade o covid detectar “ enviar o restar amostrar stanford cornell e laboratório universidade califórnio obter o resultar covid descobrir influenza o e b. seguir pedir o o cdc amostrar viável covid o cdc amostrar ‘ ‘ chegar difícil conclusão o pesquisar e trabalhar laboratório o covid-19 imaginário e fictício o gripar chamar ‘ covid ’ e o 225.000 morte comorbidades doença cardíaco câncer diabete enfisema pulmonar etc gripar enfraquecer imunológico e morrer ‘ ‘ vírus fictício ’,saúde,21/04/2021,"
Raiane Gonoli ",https://www.boatos.org/saude/dr-derek-knauss-covid-19-testes-positivos.html,0
4130,É #FAKE vídeo em que Maia xinga ministro Ricardo Salles,Autor de paródia inseriu áudio com tiradas adolescentes em cima de vídeo de entrevista de Maia a canal de televisão.,circular rede social vídeo o presidente câmara rodrigar maio máscara xingar o ministrar ambientar ricardo salles o vídeo quase visualização montagem tom paródia imagem real o falir atribuir o maio existir o autor montagem inserir áudio falsar pessoa imitir o voz presidente câmara palavra imagem real o autor inserir áudio falsar passar o impressão maio mencionar salles e piar típico adolescente rimar teor sexual,política, 30/10/2020," Por Roney Domingos, G1 ",https://g1.globo.com/fato-ou-fake/noticia/2020/10/30/e-fake-video-em-que-maia-xinga-ministro-ricardo-salles.ghtml,0
4131,"

Coca-Cola está dando bolsa térmica em site de promoção de Natal #boato 
","Boato – A Coca-Cola está dando uma bolsa térmica em um site no WhatsApp. Promoção de Natal vai só até hoje. Para ganhar, você só precisa compartilhar um link com amigos.",ficar promoção coca-cola acabar ganhar bolsar térmico site d hoje 10/12/2018 pego o acabar site o promoção ficar página caravana coca-cola …,entretenimento,10/12/2018,"
Edgard Matsuki ",https://www.boatos.org/tecnologia/coca-cola-bolsa-termica-site-whatsapp.html,0
4132,"

Alexandre de Moraes deixa o Supremo Tribunal Federal (STF) e vai para Helsinque #boato 
","Boato – Em um acordo com o presidente Jair Bolsonaro e Congresso, o ministro Alexandre de Moraes deixou o STF. Agora, ele vai para Helsinque (Finlândia).",alexandre moraes deixar o supremo tribunal federal acordar envolver bolsonaro rodrigar pacheco e o deputar bia kicis o ex-ministro ocupar vago tribunal internacional garantir processual helsinque moraes portar ruir serventia casar ministrar sair portar fundo humilhar o tribunal o ministrar supremo tribunal federal alexandre moraes pedir exoneração cargo cartar enviar o o presidente cortar ministrar luiz fux moraes ceder o pressão interno e deixar o cargo evitar o impeachment história tribunal demover o presidente o senado rodrigar pacheco seguimento o o pedir apresentar senador kajuru acompanhar abaixar assinar milhão assinatura o ex-ministro aconselhar o afastar tribunal,política,02/04/2021,"
Edgard Matsuki ",https://www.boatos.org/politica/alexandre-de-moraes-deixa-supremo-tribunal-federal-stf-vai-helsinque.html,0
4133,Itália registra maior número de novas infecções por Covid-19 desde maio ,"Ao contrário da primeira onda, desta vez os infectados se espalham por todo o território nacional. Para especialista, aumento dos casos se deve em parte ao fato de 'fim do confinamento ter dado origem a uma excessiva sensação de falsa segurança'.",o itália registrar caso coronavírus horar o maio relatório divulgar n quinta-feira ministério saudar o península registrar infecção terça-feira o confirmar tendência alto ruim o frança o espanha o situação satisfatório alertar o professor massimo galli diretor departamento doença infeccioso prestigioso hospital sacco milão o especialista o aumentar caso o o fato o confinamento origem o excessivo sensação falso segurança s viagem turismo contar razão alertar cuidadoso,saúde, 20/08/2020 16h57 , Por France Presse ,https://g1.globo.com/mundo/noticia/2020/08/20/italia-registra-maior-numero-de-novas-infeccoes-por-covid-19-desde-maio.ghtml,1
4134,"

Bolívia proíbe que pessoas falem em nome de Jesus no país, mostra vídeo #boato 
",Boato – Novo Código Penal da Bolívia vai proibir que bolivianos falem em nome de Deus e evangelizem outras pessoas. Vídeo denuncia tudo. ,“ entrar céu deus crime falar jesus??hein preparai-vós jesus voltar compromisso cristo hoje o bíblia “ o deus o dia salvação ” coríntio 6:2 “ o senhor senhor entrar reinar céu o vontade pai céu ”,entretenimento,,"
Kyene Becker ",https://www.boatos.org/religiao/bolivia-proibe-pessoas-falem-nome-jesus-video.html,0
4135,verdade canibal comer entregador pizza e testemunhar jeová,,o história yanukovych surgir diverso site o semana fevereiro e espalhar o redar social acordar o reportagem homem chamar yanukovych abater e comer entregador pizza testemunhar jeová carteiro o ano,entretenimento,18/02/2019,gilmar lopes,https://www.e-farsas.com/e-verdade-que-um-canibal-comeu-23-entregadores-de-pizza-e-6-testemunhas-de-jeova.html,0
4136,"

Retrospectiva 2018 no WhatsApp é disponibilizada para quem compartilhar link #boato 
","Boato – O WhatsApp liberou a retrospectiva 2018 para os internautas. Para ver a retrospectiva, é preciso compartilhar um link com amigos do aplicativo.",pessoal acabar retrospectivo o whatsapp liberar relembrar foto antigo status e converso o ai retrospectivo whatsapp clicar botão abaixar agora!sua retrospectivo criar sucesso seguir passo abaixar 1- clicar compartilhar e enviar novidade amigo e whatsapp 2- compartilhar aparecer automaticamente compartilhar completar o barrinha abaixar,entretenimento,20/12/2018,"
Edgard Matsuki ",https://www.boatos.org/tecnologia/retrospectiva-2018-whatsapp.html,0
4137,"

Imprensa boicota vacinação do Exército contra Covid-19 na Vila Militar #boato 
",Boato – Postos de vacinação contra Covid-19 do Exército na Vila Militar estão vazios por causa de boicote político da imprensa brasileira.,“ ajudar o divulgar o participação exército vacinação boicotar imprensar motivo político posto inaugurar dia 11/04 e 12/04 vila militar ficar vazio … filar ficar enorme posto saudar divulgar vacinar postar vacinação museu militar condir linhar cristóvão vacinar 12/04 e ficar vaziar dia amanhã funcionar 08h 12h divulgar ”,saúde,23/04/2021,"
Kyene Becker ",https://www.boatos.org/saude/imprensa-boicota-vacinacao-exercito-contra-covid-19-vila-militar.html,0
4138,É #FAKE texto que manda beber água quente para evitar coronavírus,Mensagem faz recomendações como beber água quente e tomar vitamina C. Ministério da Saúde diz que não fez tal alerta; infectologista diz que recomendações são falsas.,circular rede social mensagem notificação emergência ministério saudar o coronavírus seguir série recomendação manter o garganta molhar e beber água quentar o ministério saudar o informação falso e reforçar notificação emergência informação contido mensagem o intectologista nancy bellei consultor o sociedade brasileiro infectologia sbi e professorar unifesp afirmar recomendação contido mensagem falso,ciência, 03/02/2020, Por G1 ,https://g1.globo.com/fato-ou-fake/noticia/2020/02/03/e-fake-texto-que-manda-beber-agua-quente-para-evitar-coronavirus.ghtml,0
4139,"
  Ilustração com frase de Lula sobre gripe em “cabra macho” era metáfora para a crise financeira","Uma imagem do ex-presidente Lula acompanhada por uma frase dita por ele supostamente minimizando a pandemia da gripe A H1N1 foi compartilhada mais de 30,8 mil vezes nas redes sociais desde o início de janeiro. Mas a ilustração viralizada foi publicada na revista Veja em 1º de abril de 2009, quando sequer havia casos da chamada gripe suína no Brasil, e Lula fazia referência à crise financeira internacional.Envie-nos por WhatsApp Email",“ ‘ gripar cabra mofino ficar cama cabra macho trabalhar e perder horar serviço ’ ” o texto o o ilustração ex-presidente luiz inácio lula silvar 2003-2010 sobreposto frase “ crise h1n1 brasil … lembrança … ” publicação viralizadas facebook instagram e twitter “ amigar achar revisto olhar o falir ‘ ’ ” buscar reverso google imagem meme viralizado rede levar o artigo publicar revisto vereda universidade federal juiz intitular “ análise discursar e mídia trilhar identidade nordestino ”,brasil,16/03/2021 às 21:21,AFP Brasil,https://checamos.afp.com//ilustracao-com-frase-de-lula-sobre-gripe-em-cabra-macho-era-metafora-para-crise-financeira,0
4140,o cnn e o bbc mostrar o pessoa tomar vacinar dia diferente,colagem de imagens mostra que a cnn e a bbc estariam enganando a população ao mostrar a mesma mulher tomando vacina contra a covid em dias diferentes! será verdade?,o imagem começar o espalhar whatsapp semana dezembro e comparar publicação dia dezembro site bbc antigo outubro cnn mostrar o mulher o vacinar o coronavírus reinar unir margaret keenan,saúde,11/12/2020,gilmar lopes,https://www.e-farsas.com/a-cnn-e-a-bbc-mostraram-a-primeira-pessoa-tomando-vacina-em-dias-diferentes.html,0
4141,Coronavírus: cruzeiro é retido no Recife após canadense apresentar sintomas  ,,navio cruzeiro pessoa o bordar manter isolamento portar recife o manhã quinta-feira passageiro apresentar sintoma semelhante o causar coronavírus informar o secretariar saudar pernambuco durante o desembarcar cidade homem ano residente canadá apresentar febre tossir e dificuldade respirar enquadrando-se casar suspeitar o covid-19 encaminhar hospital particular capital pernambucano o secretariar passageiro e tripulante mantido isolamento cabina acrescentar acordar o secretariar o agência nacional vigilância sanitário anvisa suspender imediatamente desembarque e solicitar o retornar navio,saúde,13/03/2020 08h51 ,13/03/2020 08h51 ,https://noticias.uol.com.br/ultimas-noticias/reuters/2020/03/13/cruzeiro-e-mantido-em-isolamento-no-recife-apos-passageiro-apresentar-sintomas-de-coronavirus.htm,1
4142,"

Luciano Huck emprestou jatinho para Lula viajar de Curitiba para São Paulo #boato 
","Boato – O apresentador Luciano Huck emprestou o seu avião, um jatinho com prefixo PP-HUC, para o ex-presidente Lula viajar de Curitiba para São Paulo.",bizarro luciano huck apresentador globolixo emprestar jatinho comprar dinheiro bndes lula viajar paulo.luciano huck ajudar campanha presidente canalha lula chegar paulo adivinho emprestar o jatinho?olha emprestar o jatinho o luladrão sair prisão luciano huck bancado itaú e glogo dinheiro bndes caridade programar dinheiro passar menino … fdp,entretenimento,10/11/2019,"
Edgard Matsuki ",https://www.boatos.org/entretenimento/luciano-huck-emprestou-jatinho-para-lula-viajar.html,0
4143,"Para assessores de Bolsonaro, 'timing' da recondução de Santini foi ‘desastre’; caso fragiliza Onyx", 30/01/2020 08h52 ,auxiliar presidente jair bolsonaro classificar n quinta-feira o o blog “ desastre ” o episódio envolver o demissão e posterior recontratação vicente santini ex-número casar civil integrante palácio planalto o “ timing ” recontratação prejudicar o assessor avaliar “ o pressão ” manter santini feito “ calor acontecimento ” acordar auxiliar bolsonaro converso manutenção santini dever ocorrer outro o presença ministrar casar civil onyx lorenzoni afirmar d o casar esfriar santini manter governar alarde público “ pressão ” assessorar presidente concordar santini nome confiança onyx lorenzoni dividir o afirmar o deputar eduardo bolsonaro filhar jair bolsonaro querer manter o amigar governar o congressista negar movimentar,política, 30/01/2020 08h52 , ,https://g1.globo.com/politica/blog/andreia-sadi/post/2020/01/30/timing-da-recontratacao-de-santini-foi-desastre-avaliam-assessores-de-bolsonaro-episodio-enfraquece-onyx.ghtml,1
4144,Cidade italiana abre visitas em bunkers alemães da 2ª Guerra Mundial  ,,o cidade italiano cervia localizar região emília-romanha itália abrir visitação turista bunker alemão durante o guerra mundial tours guiar ocorrer amplo restauração locar descobrir durante escavação região visitante conhecer espaço físico história e curiosidade ligar s estruturar visitar agendar site e feito s segundas-feiras sábado o 17h horar durante o guerra o região mar adriático estratégico defeso exército alemão e o território cervia especialmente bairro milano marittima contemplar inúmero bunker locar procurar historiador locar e d encontrar perfazer conservação localizar enterrar e achar embaixo hotel e casar particular graça o cuidadoso trabalhar recuperação janeiro d ano visitar d conhecer o vidar soldar interior d construção muro espessura metro capaz resistir o ataque o bomba,saúde,03/07/2020 13h40 ,03/07/2020 13h40 ,https://www.uol.com.br/nossa/noticias/ansa/2020/07/03/cidade-italiana-abre-visitas-em-bunkers-alemaes-da-2-guerra-mundial.htm,1
4145,"

Presidente da Mercedes-Benz diz que Brasil será a maior economia do mundo e que já vendeu a produção até 2021 #boato 
","Boato – Áudio relata que o presidente da Mercedes-Benz falou, durante palestra na Acij, em Joinville (SC), que o Brasil será a maior economia do mundo e que já vendeu toda a produção de caminhões por causa de Bolsonaro.",dia senhor joinville longo reunião martinelli feedback palestrar presidente mercedes-benz brasil joinville o convite schulz levar presidente notícia presidente mercedes-benz arrepiar o gente.para começar o mercedes-benz março maio o produção vendido o presidente hoje algum transportador querer comprar caminhão mercedes o maio aceitar o pedido.ele falar o seguinte o acontecer brasil o ponta iceberg o europa prever o brasil tornar o economia mundo explodir o economia brasileiro ações tomar presidente bolsonaro medir brasil o pá cal desimpedir o economia brasileira.então o seguinte gente brasil tá certar precisar apoiar o presidente e exigir e apertar cobrar duramente congresso seguir religiosamente ações proposto ministrar paulo guedes país tornar realmente economia.por forçar contrário o gente voltar pesadelo passar gente o mídia brasileiro comunista divulgar abraçar o,brasil,10/11/2019,"
Edgard Matsuki ",https://www.boatos.org/brasil/presidente-mercedes-benz-brasil-maior-economia-mundo-vendeu-producao-2021.html,0
4146,Empresa diz que mais de 100 milhões de brasileiros tiveram dados de celulares expostos,"Segundo a PSafe, as primeiras suspeitas são de que as informações seriam de duas operadoras de telefonia, mas a companhia não conseguiu confirmar. ","A empresa de segurança cibernética Psafe disse nesta quarta-feira (10) que dados de mais de 100 milhões de celulares de brasileiros foram vazados.  As primeiras suspeitas são de que os dados seriam de duas operadoras de telefonia, mas a PSafe ainda não conseguiu confirmar. Ao todo, foram 102.828.814 números vazados, segundo a empresa.  Estão disponíveis informações como CPF, número de celular, tipo de conta telefônica, minutos gastos em ligação e outros dados pessoais. A informação foi divulgada nesta tarde pelo site NeoFeed.  Nesta quinta-feira (11), a Autoridade Nacional de Proteção de Dados (ANPD) disse que está apurando o vazamento de dados pessoais (leia a íntegra da nota abaixo). A ANPD é o órgão responsável por fiscalizar e editar normas previstas na Lei Geral de Proteção de Dados (LGPD).",política, 10/02/2021 20h49 , Por Jornal Nacional ,https://g1.globo.com/economia/tecnologia/noticia/2021/02/10/empresa-diz-que-mais-de-100-milhoes-de-brasileiros-tiveram-dados-celulares-expostos.ghtml,1
4147,Joelma sobre covid-19: 'Fiquei maior que uma grávida de 9 meses'  ,,joelma contar detalhe experiência delicado o covid-19 o cantor ano diagnosticar o doença agostar afirmar sintoma grave enfrentar o inchaço corpo detalhar ficar grávido ficar grávido afetou mentir visão o pulmão intestino e estômago cabelar cair ficar cama cuidar sequela ficar tô afirmar joelma entrevisto o o encontrar o comandar patrício poetar,saúde,17/12/2020 11h33Atualizada em 17/12/2020 11h38 ,17/12/2020 11h33Atualizada em 17/12/2020 11h38 ,https://tvefamosos.uol.com.br/noticias/redacao/2020/12/17/joelma-sobre-covid-19-fiquei-maior-que-uma-gravida-de-9-meses.htm,1
4148,"Contra coronavírus, Brasil tem quase 200 voluntários dispostos a se infectar em possíveis testes de vacina","Plataforma internacional está recebendo cadastro de pessoas que se declaram interessadas em contribuir com a cura para o novo coronavírus, mesmo antes de ter um teste disponível.","o brasil quase voluntário inscrito plataforma internacional convocar pessoa disposto o infectar propósito o coronavírus teste múltiplo vacinar o plataforma chamar day sooner 3,9 inscrito país acordar organizador segunda-feira brasileiro desenvolver vacinar cientista precisar percorrer diverso etapa o pesquisar básico – o levantamento vacinar feito – seguir teste pré-clínicos in vitro animar e servir demonstrar o segurança produto haver ensaio clínico desdobrar fase demorar justamente o testar humano o iniciativo day sooner pretender mão candidato testar diverso vacinar o o – o abreviar etapa tradicional chegar o resultar atualmente haver vacinar o covid-19 desenvolvido estágio pré-clínico e fase clínico acordar balançar organização mundial saudar oms abril março pesquisador unir e inglaterra publicar estudar científico “ journal of infectious diseases ” defender teste múltiplo voluntário acelerar o desenvolvimento vacinar covid-19 “ ensaio subtrair processar licenciamento disponibilizar vacinar eficaz rapidamente ” argumentar artigo",ciência, 28/04/2020 05h02 ," Por Elida Oliveira, G1 ",https://g1.globo.com/bemestar/coronavirus/noticia/2020/04/28/brasil-tem-quase-200-voluntarios-dispostos-a-se-infectar-com-novo-coronavirus-em-possiveis-testes-de-vacina.ghtml,1
4149,Estudo da Henry Ford Health System é insuficiente para provar eficácia da cloroquina contra a covid-19,,o conclusão artigo ressaltar resultar precisar confirmar teste permitir avaliar “ rigorosamente ” o eficácia tratamento especialista entrevistar o método e conclusão tirar pesquisador frágil e precipitar,saúde,2020/07/23,Comprova,https://projetocomprova.com.br/publicações/estudo-da-henry-ford-health-system-e-insuficiente-para-provar-eficacia-da-cloroquina-contra-a-covid-19/,0
4150,"

Dr. Patrick Martin e Dra. Lidia Rota Vender publicam dicas sobre o novo coronavírus #boato 
","Boato – Médicos Dr. Patrick Martin e Dra. Lidia Rota Vender publicaram uma série de dicas relacionadas ao novo coronavírus. Entre elas, é dito que o vírus não sobrevive a temperaturas maiores que 26 ºC e que vive 12 horas no metal.",médico patrick martin acabar enviar o seguinte ler interessante parir o vírus pânico inteligência acabar o tradução texto italiano receber enviar gradualmente amigo falir francês hesitar transferi-lo o informação médico atualmente linha frente combater o o vírus ajudar pessoa copiar imprimir passar “ parir o vírus pânico inteligência.aqui informação pesquisador shenzhen transferir wuhan trabalhar o força-tarefa epidemiar coronavírus informação o seguir claro simples e acessível o descrever exatamente o o vírus transmitir pessoa pessoa e neutralizar vidar cotidiana.a infecção coronavírus apresentar o resfriar habitual corrimento nasal tossir cátaro e escarrar contrário tossir seco o sinal identificar corretamente importante o vírus resistir o o calor e morrer expor o temperatura o ° importante consumir durante o dia bebido quente chá chá erva caldar sopa simplesmente água quentar o líquido quentar neutralizar o vírus e difícil absorvê-lo importante evitar beber água gelar sugar gelar nevar montanha principalmente criança importante expor-se o o o sol acordar condição climático atuais.número o coronavírus diâmetro cercar o nm significar máscara pará-lo vidar normal necessário máscara especial o situação diferente médico pessoal saudar e preciso expor o forte descarga vírus e n casar essencial o máscara especial alguém infectar espirrar frente e o m distância jogar o vírus chão e impedir chegar o razão distância seguro importante pessoas.número o vírus encontrar superfície metálico sobreviver cercar horar extremamente importante tocar superfície metálico maçaneta portar eletrodomésticos puxador bondar etc lavar mão e desinfete-se cuidadosamente o vírus viver esconder roupar e tecido cercar o horar detergente normal destruí-lo roupar lavar dia expô-las o o sol o fonte calor matar o vírus.como o vírus manifesto o vírus instalar garganta causar inflamação e sensação garganta seco sintoma durar o dia o vírus viajar o umidade presentar via aéreo descer traquéia e instalar pulmão causar polmonite passagem durar aproximadamente o dia o polmonite manifesto febre alto e dificuldade respirar e resfriar comum sentir afogar dever dificuldade respirar n casar essencial ligar imediatamente serviço atendimento emergência.como evitar o vírus o transmissão vírus ocorrer caso contato direto tocar tecido material o vírus presentar lavar mão frequência absolutamente essencial o vírus sobreviver mão cercar minuto durante minuto acontecer esfregar olho coçar o nariz e permitir o vírus garganta o bem-estar e o lavar mão o rápido e desinfecte-as!2 gargarejar solução desinfetante eliminar reduzir o cotar vírus entrar garganta o o eliminar o vírus traquéia e pulmão desinfectar o teclado e o mouse computador mencionar o telefonar celular e o telefonar mesa precisar prestar atenção e cuidar o bem-estar e o ” fonte associação o combater trombose e doença cardiovascular milan.www.trombosi.org/ dr.sse lidia roto vender,saúde,13/03/2020,"
Edgard Matsuki ",https://www.boatos.org/saude/dr-patrick-martin-dra-lidia-rota-vender-dicas-novo-coronavirus.html,0
4151,"

Annita (Nitazoxanida) é descoberta como a cura da Covid-19 (coronavírus) #boato 
",Boato – Annita (Nitazoxanida) mostra eficácia no tratamento contra o SARS-CoV-2 (novo coronavírus) e é a mais nova cura da Covid-19. ,“ iriar viver pra remédio nome funkeira o curar corona dia chegar annita nitazoxanida certo faltar meme ” “ o curar vírus annita calmo ouvir funk graça deus tomar remédio nitazoxanida ” “ nitazoxanida remédio pra verme o solução o coronavirus ”,saúde,17/04/2020,"
Kyene Becker ",https://www.boatos.org/saude/annita-nitazoxanida-descoberta-cura-covid-19-coronavirus.html,0
4152,"Nos EUA, mais de 97 mil crianças tiveram Covid-19 no fim de julho, diz estudo","Escolas ainda estavam fechadas no país. No início de agosto, ensino presencial foi retomado em alguns Estados. ",unir criança covid-19 semana julho estudar academiar americano pediatria e children s hospital association período escola fechar causar pandemia coronavírus aula presenciar retomar país início agostar indiano kentucky mississippi georgia e tennessee o manter aula on-line adota híbrido misturar o ensinar remoto e o presencial o alto infecção criança acender alertar familiar e professorar preocupar risco contaminação voltar s aula apesar estudo mostrar infância o probabilidade desenvolver quadrar gravar covid-19 cientista afirmar recentemente criança ano carregar carga viral precisar entender aumentar o capacidade transmissão sars-cov-2,saúde, 10/08/2020 08h55 , Por G1 ,https://g1.globo.com/educacao/noticia/2020/08/10/nos-eua-mais-de-97-mil-criancas-tiveram-covid-19-no-fim-de-julho-diz-estudo.ghtml,1
4153,Acolhida aos sem-teto  ,,portugal cercar caso infecção covid-19 e morte expressivo vizinho espanha suficiente impactar forte o economia minimizar efeito doença população ruir lisboa contar o ajudar militar,saúde,15/04/2020 22h44 ,15/04/2020 22h44 ,https://noticias.uol.com.br/videos/afp/2020/04/15/acolhida-aos-sem-teto.htm,1
4154,"

Lei 14.132 prevê prisão para policiais de fecharem o comércio e agirem a favor do lockdown #boato 
",Boato – Lei 14.132 prevê prisão e multa para policiais e fiscais que fecharem comércio ou agirem em prol do lockdown. Decreto foi assinado por Bolsonaro.  ,“ resumir decretar o presidente assinar dia março fiscal guardar municipal policial agredir restringir ameaçar físico psicologicamente cidadão principalmente trabalhar tá lascar o ano prisão multar pro policial pro fiscal pro gcm o presidente tá acabar o festa d prefeito e governador cabou cabou p tá valer o hoje tá e cidade abrir escutar o tô falar prefeito cantar galar pra trocar general melancia melar o troçar e o stf pra tá ó checar tá jusbrasil site jurídico o site jurídico publicar o datar o decretar março tá publicar tá valer ” “ crime boto internet google decretar tá facilzinho pra ler irmão acabar o palhaçada falar … o gente falir tá brincar pedir assinar e hoje mandar publicar tá o guardar municipal o pm o fiscal encher o sacar comércio presar o ano e pagar multar o caro o cidadão andar ruir exigência máscara noite andar presar o ano e ocorrer adolescente mulher idoso aumentar o peno progressivamente percentual acabar o jagunçada prefeito e governador acabar ”,brasil,06/04/2021,"
Kyene Becker ",https://www.boatos.org/brasil/lei-14132-preve-prisao-policiais-fecharem-comercio-agirem-favor-lockdown.html,0
4155,Covid-19: Ministro Pazuello ressalta importância do tratamento precoce e destaca o trabalho dos profissionais da saúde,,o ministrar saudar interino eduardo pazuello lamentar profundamente vidar perdido n pandemia covid-19 vidar perdido afetam família amigo e laço social o ministério saudar permanecer trabalhar horar conjuntar e município garantir faltar recurso leito e o empenhar salvar vidar pazuello reiterar o sintoma pessoa procurar imediatamente o unidade saudar o o o médico o diagnóstico precoce e o início imediato tratamento o prescrição medicamentar adequar casar consentimento paciente o o diferençar o ministrar destacar o empenhar dedicação e altruísmo profissional saudar linha frente enfrentamento covid-19 milhão brasileiro salvo o mundo buscar vacinar e chegar,saúde,08/08/2020 21h21,Assessoria de Comunicação SocialMinistério da Saúde,https://www.gov.br/saude/pt-br/assuntos/noticias/covid-19-ministro-pazuello-ressalta-importancia-do-tratamento-precoce-e-destaca-o-trabalho-dos-profissionais-da-saude,1
4156,CPI ouvirá médica 'Capitã Cloroquina' secretária do Ministério da Saúde  ,,o cpi covid aprovar requerimento convite secretário gestão trabalhar e educação ministério saudar mayra pinheiro o médico tornar alvo comissão defeso hidroxicloroquina medicamentar comprovação científico o tratamento covid o secretário chamar capitão cloroquina ... ler íntegro folhar,política,13/05/2021 12h14 ,13/05/2021 12h14 ,https://noticias.uol.com.br/colunas/reinaldo-azevedo/2021/05/13/cpi-ouvira-capita-cloroquina-secretaria-do-ministerio-da-saude.htm,1
4157,É #FAKE que presença de outros vírus nos corpos de vítimas da Covid-19 significa que pode não ter havido nenhuma morte pela doença,Informação circula em vídeo divulgado em redes sociais e afirma não ser possível atestar mortes por Covid-19. Infectologista e virologista dizem que sintomas são específicos e verificação em pandemias passa não só por critérios laboratoriais.,vídeo circular internet homem afirmar haver morte covid-19 o existência vírus circulante corpo paciente doença impedir confirmar o causar morte o coronavírus vídeo o homem narrar diálogo pessoa identificar o pessoa morrer sintoma gripar testo o covid positivar o covid perguntar testar perguntar doutor o caro vírus o o cooperar o outro falar 2.000 o caro cheio vírus o causar o morte carga viral perguntar existir averiguar verdade olhar loucura verdade o morto covid covid o morte covid seguir seguir raciocínio o testar o coronavírus o coronavírus causar sintoma o morte sintoma testar h1n1 testar cepa vírus gripar vírus responsável desenvolvimento doença o rigor concluir espalhar morte causar doença,saúde, 08/10/2020," Por Marcelo Parreira, TV Globo ",https://g1.globo.com/fato-ou-fake/coronavirus/noticia/2020/10/08/e-fake-que-presenca-de-outros-virus-nos-corpos-de-vitimas-da-covid-19-significa-que-pode-nao-ter-havido-nenhuma-morte-pela-doenca.ghtml,0
4158,"

Greta Thunberg é financiada por George Soros e fez lanche perto de crianças famintas #boato 
",Boato – Ativista sueca Greta Thunberg recebe financiamento de fundação de George Soros e come um lanche na frente de crianças carentes famintas.,gretar aparecer frequentemente juntar ativista adolescente alemão luisa neubauer ano neubauer porta-voz ong fundar o dinheiro open society bilionário george soro o filantropo fomentar pautar interessar esquerdo internacional e financiar movimento social brasil o fundação marielle franco e o ex-deputado federal jean wyllys,mundo,27/09/2019,"
Kyene Becker ",https://www.boatos.org/mundo/greta-thunberg-financiada-george-soros-lanche-criancas-famintas.html,0
4159,"
  Mesmo com vacina eficaz, quem não recebe a dose pode prejudicar quem recebe, dizem especialistas","Publicações compartilhadas milhares de vezes em redes sociais desde o início de setembro questionam a necessidade de vacinações em massa, indicando que, caso as vacinas sejam eficazes, aqueles que se recusam a tomá-las não poderão prejudicar os que recebem. No entanto, pessoas que optam por não tomar vacinas podem, sim, transmitir doenças a algumas que tomaram, já que mesmo as vacinas eficazes não imunizam todas as pessoas que a receberam, garantem especialistas.. Além disso, a não vacinação pode causar outros prejuízos econômicos e sociais que afetam toda a comunidade.Envie-nos por WhatsApp Email",“ acreditar pessoa vacinar o pessoa vacinar acreditar vacinar ” texto compartilhar facebook instagram e twitter 1º setembro “ verdade universal o vacinar proteger o tomar o tomar e infectar vírus o tomar ” escrever usuário o o replicar o alegação “ d infectar adoecer e curar tornou-se imunizar vacinar preciso ” continuar postagens o conteúdo ganhar forçar dia o presidente jair bolsonaro “ ninguém obrigar ninguém o tomar vacinar ” diverso instituição procurar imunobiológico capaz prevenir o coronavírus,brasil,10/09/2020 às 22:23,AFP Brasil,https://checamos.afp.com//mesmo-com-vacina-eficaz-quem-nao-recebe-dose-pode-prejudicar-quem-recebe-dizem-especialistas,0
4160,São Paulo começa a vacinar idosos a partir de 70 anos em 29 de março  ,,o governar paulo anunciar hoje etapa campanha vacinação o covid-19 idoso e ano dever imunizar o o março segunda-feira dia o o imunização pessoa e ano o gestão joão doria psdb reforçar o vacinação idoso e ano início segunda-feira conformar anunciar semana passar o governar o atingir hoje o marcar milhão vacinar autonomia município paulista seguir o calendário e adiantar atrasar o imunização certo faixar etário acordar dose disponível,saúde,15/03/2021 13h04Atualizada em 15/03/2021 16h32 ,"Lucas Borges Teixeira, Rafael Bragança e Allan Brito",https://noticias.uol.com.br/saude/ultimas-noticias/redacao/2021/03/15/sp-vacinacao-para-idosos-a-partir-de-70-anos-comeca-em-29-de-marco.htm,1
4161,"

Usina de Itaipu está em alerta vermelho e pode estourar por causa de chuvas #boato 
","Boato – Fortes chuvas no Paraguai sobrecarregam Usina de Itaipu, que já acionou o alerta vermelho e pode estourar a qualquer momento. Vídeo mostra tudo.",“ alertar vermelhar barragem itaipu chover paraguai ” “ represo itaipu … cidade margem rir alagar alertar vermelhar barragem usina hidrelétrica foz iguaçu e chover parar paraguai ”,brasil,14/05/2019,"
Kyene Becker ",https://www.boatos.org/brasil/usina-itaipu-alerta-vermelho-estourar.html,0
4162,foto mostrar lula vestir camiseta estampar “ morar o cadeia ” verdade,será que a foto do ex-presidente lula usando uma camiseta preta e estampada com os dizeres “moro na cadeia” é verdadeira ou falsa?,o foto e circular maio rede social voltar o espalhar semana julho n o ex-presidente lula – presar abril – vestir camiseta preto ler estampar “ morar cadeia ”,política,6/07/20196,gilmar lopes,https://www.e-farsas.com/foto-mostra-lula-vestindo-camiseta-com-estampa-moro-na-cadeia-sera-verdade.html,0
4163,"

Globo vai entrevistar Lula hoje no Jornal Nacional #boato 
",Boato – A Globo vai entrevistar o ex-presidente Luiz Inácio Lula da Silva na edição de hoje do Jornal Nacional. Quem fará a entrevista é William Bonner.,globo entrevistar lula noite jornal nacional o globo confirmar o principal entrevisto hoje jornal nacional lula o o viver o lula entrevisto pro bonner .. ke pagar o dívida imposto atrasar pra globo .. hoje respostar o globo lixar horar jornal nacional nao o globolixo bolsonaropresidente,entretenimento,,"
Edgard Matsuki ",https://www.boatos.org/entretenimento/globo-vai-entrevistar-lula-hoje-jornal-nacional.html,0
4164,É #FAKE que fotos mostrem mulher de Sergio Moro em eventos no Instituto Lula,"Fotos virais não mostram Rosângela Moro com Lula, FHC e o investidor George Soros. Quem aparece nas duas imagens é a cientista política Ilona Szabó.",mensagem viralizado rede social o mulher ex-juiz e ex-ministro justiçar e segurança público sergio morar rosângela morar encontro instituto lula o investidor george soro e ex-presidentes luiz inácio lula silvar e fernando henrique cardoso imagem acompanhar o texto aparecer imagem verdade o cientista político ilona szabó co-fundadora e diretora-executiva instituto igarapé voltar o pensar solução o segurança público ilona sequer parecido rosângela morar procurar cbn o assessoria imprensar morar afirmar “ oficialmente informar foto rosângela morar e instituto lula ”,política, 12/05/2020," Por Roberta Pennafort, CBN ",https://g1.globo.com/fato-ou-fake/noticia/2020/05/12/e-fake-que-fotos-mostrem-mulher-de-sergio-moro-em-eventos-no-instituto-lula.ghtml,0
4165,o oms remover o maconha categoria drogar,é verdade ou mentira que a organização mundial de saúde retirou a maconha da lista de drogas ilícitas?,julho diverso site espalhar o informação o respeitar classificação anunciar organização mundial saudar site o medicinar news e o diário online afirmar o oms remover balançar o maconha categoria drogar o afirmação compartilhar rede social e whatsapp,saúde,28/07/2020,gilmar lopes,https://www.e-farsas.com/a-oms-removeu-a-maconha-da-categoria-de-drogas.html,0
4166,É #FAKE que vídeo mostre policial com cão 'plantando' droga em casa,"Vídeo amador sugere que, ao se abaixar e tirar algo do colete, policial coloca droga para incriminar suspeito. Imagens feitas a partir de câmera colada ao corpo de policial, porém, mostram que ele tira uma bolinha para premiar cachorro que encontrou pacote suspeito.",circular rede social vídeo ação policial agente brigar militar acompanhar cão inspecionam conjuntar casar rir sul vídeo o policial agachar e tirar colete o pessoa o filmagem perguntar o tirar e pôr embaixo casar mensagem acompanhar imagem o policial plantar drogar incriminar alguém verdade abaixar e tirar colete o policial pego bola premiar o cachorro o brigar militar fato encontrar drogar o chefe comunicação social brigar militar tenente-coronel cilon freitas silvar afirmar o filmar mostrar fato ação policial e explicar policiar encontrar drogar o cachorro encontrar drogar e o policial o treinamento animal jogar bola tênis,entretenimento, 15/12/2020," Por Roney Domingos, G1 ",https://g1.globo.com/fato-ou-fake/noticia/2020/12/15/e-fake-que-video-mostre-policial-com-cao-plantando-droga-em-casa.ghtml,0
4167,Ranking usado por Bolsonaro não representa realidade da imunização no país  ,,o presidente jair bolsonaro distorcer o brasil o ranking vacinação mundial o o rede social o país o 4º imunizar o mundo o utilizar ranking painel our world in datar universidade oxford apresentar o quantidade total vacinar aplicar diferenciar e dose indicar o proporção população imunizar o critério total vacinar problemático o vacinar necessitar dose parir garantir o imunização d o recortar percentual necessário o modelo epidemiológico considerar o imunidade coletiva imunização o o população o brasil o país populoso mundo e bruto indicar o alcançar o vacinação representar o território,política,14/06/2021 17h42 ,14/06/2021 17h42 ,https://noticias.uol.com.br/comprova/ultimas-noticias/2021/06/14/ranking-usado-por-bolsonaro-nao-representa-realidade-da-imunizacao-no-pais.htm,0
4168,"

Tedros Adhanom, da OMS, é flagrado dançando de shortinho em bar no Brasil #boato 
","Boato – Tedros Adhanom, diretor-geral da OMS, é flagrado de shortinho, dançando e bebendo cerveja em um bar no Brasil.",“ o presidente oms desistir isolamento ” “ olhar o presidente oms fugir pandemia ” “ exclusivo presidente oms desistir isolamento – pesquisar ficar casar presidente oms desidiu deitar o manguaça ” “ o tedros sair quarentenar e n ficar casar assistir “ live ” e dançar sala … solto boneca ”,mundo,15/06/2020,"
Kyene Becker ",https://www.boatos.org/mundo/tedros-adhanom-oms-dancando-forro-shortinho-brasil.html,0
4169,Médicos soam os alarmes devido ao ressurgimento do coronavírus na Espanha  ,,escola medicinar espanha pedir s autoridade hoje mudança rumar combater o o coronavírus evitar o país atingir europa sofrer onda pandemia o organização médico colegial espanha declarar comunicar o decepção e indignação profissional saudar o rumar comum lutar o covid-19 país região e cidade autônomas competente saudar e costumar criticar o governar central funcionário saudar desesperar e entristecer disputar e rivalidade forçar político e instituição dever remar direção o texto associação médico pedir s autoridade mudança rumar gestão combater epidemiar multiplicação surto e amplitude ... representar riscar nítido sobrecarregamento capacidade controlo,saúde,13/08/2020 14h22 ,13/08/2020 14h22 ,https://noticias.uol.com.br/ultimas-noticias/afp/2020/08/13/medicos-soam-os-alarmes-devido-ao-ressurgimento-do-coronavirus-na-espanha.htm,1
4170,Por que a variante inglesa da covid-19 pode ser mais mortal?  ,,o anúncio governar britânico o variante inglesar coronavírus mortal transmissível aumentar o preocupação cepa espalhar dezena país resultar científico disponível sugerir variante contagioso o o vírus clássico londres anunciar sexta-feira e mortal confirmar o mudar estudo escola higiene e medicinar tropical londres lshtm e imperial college london comparar caso positivo detectar hospital mortalidade concluir chance morrer variante denominar b.1.1.7 voc 202012/01,saúde,26/01/2021 17h06 ,26/01/2021 17h06 ,https://www.uol.com.br/vivabem/noticias/afp/2021/01/26/por-que-a-variante-inglesa-da-covid-19-pode-ser-mais-mortal.htm,1
4171,"Meio ambiente: Bolsonaro ignora queimadas e diz que país está ""de parabéns""  ",,o disparar queimar pantanal e amazônia recorde desmatamento o presidente jair bolsonaro afirmar n quinta-feira o brasil parabém maneiro preservar o ambientar o brasil o país preservar o ambientar e entender o país sofrer ataque vir durante inauguração etapa usina fotovoltaico transformar energia solar elétrica coremas pb discursar o presidente citar o capacidade brasileiro produzir energia renovável e afirmar o governar buscar juntar o o parlamentar formar melhorar condição empreendedorismo governar acreditar iniciativo privar fácil investir e empreender brasil ... ler íntegro estadão,política,17/09/2020 18h42 ,17/09/2020 18h42 ,https://noticias.uol.com.br/colunas/reinaldo-azevedo/2020/09/17/queimadasbolsonaro-diz-que-brasil-e-pais-que-mais-preserva-o-meio-ambiente.htm,1
4172,Governo Bolsonaro compra lote de vacina que vai servir apenas para tirar foto  ,,fiocruz fundação público vincular o o ministério saudar pedir dia dezembro o anvisa liberar caráter excepcional milhão dose vacinar oxford o covid-19 e prazo recordar horar o agência autorizar o solicitação o o d lotar chegar o o brasil coincidir o pedir registrar vacinar oxford anvisa igualmente prever entrar agência dia concatenar e certar semana janeiro o governar federal condição aplicar dose único vacinar comprar antecedência acompanhar o coluna vídeo thaís oyama n segunda-feira,saúde,04/01/2021 17h59 ,04/01/2021 17h59 ,https://noticias.uol.com.br/videos/2021/01/04/governo-bolsonaro-compra-lote-de-vacina-que-vai-servir-apenas-para-tirar-foto.htm,1
4173, Damares erra dados sobre mortes de bebês indígenas e Comissão da Anistia  ,,o ministro damares alves mulher família e direito humano mmfdh tocar temer polêmicos ditadura militar e indígena entrevisto o o programar impressão tv brasil o o ar terça-feira damares participar missão assistência o indígena pastorar cuidar o infanticídio indígena haver cercar 1.500 assassinato criança aldeia ano brasil falar o comissão anistia e questionar pedir ex-cabos fab forçar aéreo brasileiro indenização chegar o r$ bilião o uol conferir checar afirmação o seguir,brasil,09/08/2019 04h01 ,Lucas Borges Teixeira,https://noticias.uol.com.br/confere/ultimas-noticias/2019/08/09/damares-alves-infanticidio-indigena-e-comissao-de-anistia-uol-confere.htm,0
4174,"

Segunda Ponte, em Vitória (ES), está com rachadura enorme e prestes a cair #boato 
","Boato – Foto mostra que a Segunda Ponte, que fica entre as cidades de Vitória (ES) e Vila Velha (ES), está com uma rachadura gigante e pode cair a qualquer momento.",o rachadura aumentar pedir o amigo e familiar utilizar o pontar vila velha-es x vitória es prestar o cair e causar acidentar dimensão espírito santo notícia,brasil,16/05/2019,"
Edgard Matsuki ",https://www.boatos.org/brasil/segunda-ponte-vitoria-es-rachadura-cair.html,0
4175,TRF suspende decisões para entidades importarem vacinas sem doação ao SUS  ,,o tribunal regional federal 1ª região trf-1 brasília suspender n quarta-feira decisão juiz instância autorizar entidade o importar vacinar o covid o obrigação doação integral o união o legislação atual prever empresar comprar dose doar o lotar integralmente o o único saudar sus o governar vacinar prioritário juiz autorizar importação doação ... ler íntegro g1,política,07/04/2021 20h03 ,07/04/2021 20h03 ,https://noticias.uol.com.br/colunas/reinaldo-azevedo/2021/04/07/trf-suspende-decisoes-de-entidades-importarem-vacinas-sem-doacao-ao-sus.htm,1
4176,foto mostrar caixão enfileirar vítima coronavírus o itália verdade,será que as fotos mostrando inúmeros caixões enfileirados são mesmo dos corpos das vítimas do coronavírus na itália?,imagem começar o circular rede social quinzena março e espalhar whatsapp foto inúmero caixão colocar o e o texto acompanhar seriar vítima italiano coronavírus esperar sepultamento,saúde,24/03/2020,gilmar lopes,https://www.e-farsas.com/fotos-mostram-caixoes-enfileirados-de-vitimas-do-coronavirus-na-italia-sera-verdade.html,0
4177,FATO ou FAKE: confira as checagens das declarações dos candidatos nesta eleição,"Equipe tem conferido as frases ditas em redes sociais, eventos de campanha, debates, entrevistas e no horário eleitoral em São Paulo, Rio e Belo Horizonte.",candidato s prefeitura paulo rir janeiro e belo horizonte agendar campanha participar debater e entrevisto postar rede social e intensificar discurso horário eleitoral e o equipar fato fake checar principal declaração o semana candidato aparecer numericamente frente pesquisar cidade o lista 7ª semana,política, 19/10/2020," Por G1, O Globo, TV Globo, CBN e GloboNews ",https://g1.globo.com/fato-ou-fake/noticia/2020/10/19/fato-ou-fake-confira-as-checagens-das-declaracoes-dos-candidatos-nesta-eleicao.ghtml,0
4178,"

Beto Preto, secretário de Saúde do Paraná, escreve mensagem sobre pico da pandemia #boato 
","Boato – Beto Preto, secretário de Saúde do Paraná, escreveu uma mensagem em que aponta que os próximos 30 dias serão do “pico da pandemia do coronavírus” e pede prudência.",mensagem secretariar paraná betar preto irmão amigo familiar enfim – especialista afirmar o amanhã mínimo dia difícil dor perda e remédio diminuir – realizar sério e cuidadoso o isolamento social conversar amigo familiar jovem etc o contágio gigantesco e ar … tossir … espirrar … sola sapato … .sacolas supermercado … embalagem etc junto vencer vírus passar precisar passar perda e sofrimento campanha o compartilhar e enviar mensagem amigo e familiar dia o taxar isolamento social brasil junto forte … esquecer enviar mensagem rede social … cuidar higiene pessoal … lavar mão e evitar tocar rostir fé deus esperar d passar voltar melhorar … preciso mudar e mundo mensagem secretário saudar betar preto chegar o o picar,saúde,18/06/2020,"
Edgard Matsuki ",https://www.boatos.org/saude/beto-preto-secretario-saude-parana-escreve-mensagem-pico-pandemia.html,0
4179,"

Gustavo Bebianno diz que facada foi uma invenção de Bolsonaro #boato 
",Boato – O ex-ministro Gustavo Bebianno declarou ao Globo que a facada em Juiz de Fora (MG) foi uma articulação de Bolsonaro. Tudo não passou de uma invenção.,bebiano confessar globo hoje o facada invenção bolsonaro bebiano desmentir o facada “ articulação ” bolsonaro … .só imbecil acreditar n foto o “ facada ” b brasil o camisa postar flávio bolsonaro s brasil conhecer o caráter família dúvida bebianno q facada invenção bozo bomba aguardar cair o casar bombástico bebianno o facada articulação bolsonaro esquecer acrescentar bolsonaro armar …,política,05/03/2019,"
Edgard Matsuki ",https://www.boatos.org/politica/bebianno-facada-invencao-bolsonaro.html,0
4180,Lewandowski determina que recursos para negros valem para eleições de 2020  ,,o ministrar ricardo lewandowski supremo tribunal federal stf determinar o reservar recurso candidato negro válido eleição o entendimento ministrar alterar o decisão plenário tribunal superior eleitoral tse passar determinar o aplicação regrar o eleição lewandowski submeter o liminar referendar plenário haver previsão o temer discutir ministro stf ... ler íntegro estadão,política,10/09/2020 14h55 ,10/09/2020 14h55 ,https://noticias.uol.com.br/colunas/reinaldo-azevedo/2020/09/10/lewandowski-determina-que-recursos-para-negros-vale-para-eleicoes-de-2020.htm,1
4181,"

Maju Coutinho diz, em entrevista em Portugal, que trabalharia de graça para derrubar Bolsonaro #boato 
","Boato – A jornalista Maju Coutinho disse, em entrevista em Portugal, que trabalharia de graça para derrubar Bolsonaro, devido à grande crise no Brasil. Ela também disse que na época do Lula, o país era bem melhor.",“ o repórter maju globolixo entrevistar tv portugal ” o repórter perguntar o presidente jair messias bolsonaro existir crise brasil necessário trabalhar graça o quedo presidente bolsonaro orepórter perguntar ex presidente luladrão época lula o brasil melhor melhor mamar teta pt melhor sustentar pt melhor puxar o sacar pt hoje brasileiro acabar o redeglobolixo acabar o pt e acabar foraredeglobo forapt foramaju,entretenimento,,"
Raiane Gonoli ",https://www.boatos.org/entretenimento/maju-coutinho-trabalharia-de-graca-para-derrubar-bolsonaro.html,0
4182,"Covid-19: Brasil ultrapassa 1,4 milhão de curados",,"superior quantidade caso ativos pessoa acompanhamento médico informação atualizadas 18h d terça-feira 21/7 n terça-feira 21/7 o brasil registrar 1.465.970 pessoa recuperar doença mundo estima-se cercar 7,4 milhão pessoa diagnosticar covid-19 recuperar o pessoa curar superior quantidade caso ativos 612.197 paciente acompanhamento médico o registrar pessoa curar representar total caso acumular 67,9 informação atualizadas s 18h e enviar secretariar estadual e municipal saudar o doença presentar 97,4 município brasileiro cidade 3.312- possuir e caso o óbito 3.056 município registro d apresentar óbito confirmar",saúde,21/07/2020 22h20,Por Agência Saúde Atendimento à imprensa (61) 3315-2535/2351,https://www.gov.br/saude/pt-br/assuntos/noticias/covid-19-brasil-ultrapassa-1-4-milhao-de-curados,1
4183,Aras e Mendonça recompensam Bolsonaro antes de indicação para o Supremo  ,,o reinar céu pobre espírito o procurador-geral augusto arar e o advogado-geral andré mendonça o supremo paraíso inovar disputar cadeira marcar aurélio mello aposentar julho kassio nunes marcar togar safra bolsonaro chegar supremo cortar serviço o prestar arar e mendonça credenciar o vago ciclo bolsonariano serviço prestar constituição indicar o o supremo precisar exibir notório jurídico manual bolsonaro precisar terrivelmente evangélico n disputar advogar conhecer o jurisprudência o silas malafaia,política,08/04/2021 05h20 ,08/04/2021 05h20 ,https://noticias.uol.com.br/colunas/josias-de-souza/2021/04/08/aras-e-mendonca-recompensam-bolsonaro-antes-de-indicacao-para-o-supremo.htm,1
4184,É #FAKE que vídeo mostre chinesa com coronavírus sendo presa em mercado da Austrália após cuspir em bananas,Imagens de duas mulheres diferentes em duas ocasiões distintas são usadas para construir mensagem falsa. Mulher que foi presa não cuspiu em frutas nem estava infectada.,circular rede social vídeo imagem câmeras segurança mostrar mulher o banca frutar cuspir seguir imagem mulher preso polícia supermercado o legendar austrália shopping chinês preso flagrar cuspir banana o mulher preso supermercado o aparecer juntar o banca banana roupar diferente verdade o mulher preso testar positivar coronavírus o texto falsar jornal australiano o canal news o mulher aparecer preso algemar polícia loja woolworths envolver confusão funcionário e recusar o deixar o loja caso similar cliente insatisfeito restrição imposto pandemia registrar austrália,mundo, 31/03/2020, Por G1 ,https://g1.globo.com/fato-ou-fake/noticia/2020/03/31/e-fake-que-video-mostre-chinesa-com-coronavirus-sendo-presa-em-mercado-da-australia-apos-cuspir-em-bananas.ghtml,0
4185,É #FAKE que ozonioterapia mata o novo coronavírus,"Curas milagrosas não existem, diz o Conselho Regional de Medicina de SP. Anúncio de que aplicação de ozônio é eficaz contra o novo vírus foi proibido pela Justiça. Sociedade Brasileira de Infectologia faz alerta e diz que 'não há qualquer evidência científica' nisso.",anúncio publicar rede social o ozonioterapia “ armar poderoso combater o surtir coronavírus ” o publicação o aplicação ozônio “ matar bactéria fungar vírus ” o ozonioterapia técnico antigo considerar experimental federal medicinar consistir misturar ozônio e oxigênio aumentar o fluxo sanguíneo haver evidência científico permitir médico brasil acordar o pandemia comedir o aparecer ‘ curar milagroso ’ existir ” afirmar o cirurgião angelo vattimo diretor-secretário regional medicinar paulo cremesp “ acreditar o gente chegar o algum medicação melhorar reverter o sintomatologia covid o vacinar,ciência, 24/03/2020," Por Roberta Pennafort, CBN ",https://g1.globo.com/fato-ou-fake/noticia/2020/03/24/e-fake-que-ozonioterapia-mata-o-novo-coronavirus.ghtml,0
4186,Os detalhes do estudo brasileiro 'padrão ouro' que aponta ineficácia da cloroquina contra covid-19  ,,diferente hospital e instituição pesquisar brasileiro decidir o confrontar o covid-19 junto e n quinta-feira o time marcar o gol — e casar exterior criar unir e esforço diverso país o coalizão covid-19 brasil hoje frente estudar andamento diferente tratamento potencial o doença causar sars-cov-2 n quinta-feira o coalizão publicar resultar d linha o testar o hidroxicloroquina e o hidroxicloroquina somar azitromicina e revelar medicamento trazer melhorar tratamento doença o publicação vir new england journal of medicinar considerar o periódico médico fator impactar mundo relatório journal citation reports consultoria clarivate analytics o fator impactar métrico composto indicador influência publicação científico o estudar brasileiro rct sigla inglês estudar clínico randomizado controlar considerar padrão ourar pesquisar médico rigor trabalho participar teste paciente clínico dividir aleatoriamente randomizado — receber o tratamento testar e o chamar controlo receber outro tratamento comparação placebo medicamentar inócuo,saúde,24/07/2020 07h30 ,Mariana Alvim ,https://www.uol.com.br/vivabem/noticias/bbc/2020/07/24/cloroquina-estudo-brasileiro-padrao-ouro-reforca-evidencias-mundiais-de-que-medicamento-e-ineficaz-dizem-autores.htm,1
4187,"Em carta, governadores de 16 estados respondem às críticas de Bolsonaro  ",,"governador divulgar cartar manhã d segunda-feira 1º respostar o publicação presidente jair bolsonaro o o longo semana procurar jogar o culpar brasil atravessar o pandemia covid-19 aumentar caso e morte e escassez leito uti unidade terapia intensiva).assinam o cartar aliar bolsonaro o governador interino rir cláudio castrar psc e governador paraná rato junior psd e goiá ronaldo caiar dem).""mais o governar federal utilizar instrumento comunicação oficial bancados gasto público produzir informação distorcido gerar interpretação equivocar e atacar governo locar o cartar governador",política,01/03/2021 13h48 ,01/03/2021 13h48 ,https://noticias.uol.com.br/colunas/reinaldo-azevedo/2021/03/01/em-carta-governadores-de-16-estados-respondem-as-criticas-de-bolsonaro.htm,1
4188,"Com porto destruído, Líbano vive temor de desabastecimento e fome  ",,mergulhar crise econômica década o líbano passar problema desabastecimento acentuar o megaexplosão devastar capital beirute portar beirute o explosão passar importação país d ficar o elevador grão cidade importante estruturar o elevador grão torrar conter elevador caçamba recolher o grão erguer e o gravidade despejar grão silo depósito,saúde,06/08/2020 08h37 ,06/08/2020 08h37 ,https://noticias.uol.com.br/ultimas-noticias/bbc/2020/08/06/com-porto-destruido-libano-vive-temor-de-desabastecimento.htm,1
4189,"

Balão com foto de Lula cai dentro de um presídio, mostra imagem #boato 
",Boato – Imagem mostra o momento em que um balão com uma foto do ex-presidente Lula cai no pátio de um presídio.,balão foto lula comemorar o stf cair presídio adiantar o prisão o destinar natural lula balão escapo … coincidência balão gigante foto lula cair presídio cena inusitado rodar rede social aparentemente balão o caricaturar ex-presidente lula comemorar o vitória petista stf cair presídio trazer trauma o o ex-presidente passar dia presar e soltar errar técnico processar voltar o estacar,política,27/04/2021,"
Edgard Matsuki ",https://www.boatos.org/politica/balao-foto-lula-cai-dentro-presidio-mostra-imagem.html,0
4190,Ministério Público investiga lentidão em programa de reforma agrária  ,,o ministério público investigar lentidão omissão governar federal liberação título assentar reformar agrário o procuradoria federal direito cidadão pfdc recriar trabalhar acompanhar político setor o governar autorizar o forçar nacional retirar assentar bahia solicitação governar estadual o ministrar supremo tribunal federal stf edson fachin ordenar o suspensão ação policial reportagem jornal o globo hoje revelar haver conflito e problema rondônia matar grosso e goiá auditoria tribunal contar união tcu identificar paralisia programar terra legal o fiscalização constatar o mau funcionamento programar acordar comunicar ministério público federal o assessoria ministério agricultura negar lentidão entregar título e o medir prioritário o incra entregar título ritmar lentar o o contrário afirmar noto o o uol abaixar,política,20/09/2020 17h31Atualizada em 20/09/2020 19h16 ,Eduardo Militão,https://noticias.uol.com.br/politica/ultimas-noticias/2020/09/20/ministerio-publico-investigacao-lentidao-programa-reforma-agraria.htm,1
4191,"

Segurança que matou o cachorro no Carrefour foi espancado em Osasco (SP) #boato 
","Boato – Em Osasco (SP), segurança do Carrefour que foi gravado espancando e matando cachorro é linchado por populares revoltados com a morte do animal.",o segurança carrefour acusar espancar e matar o paulada cachorro unidade osasco-sp entrar d terça-feira pronto socorrer hospital municipal antônio giglio múltiplo ferimento corpo brutalmente espancar popular revoltar o morte animal o homem o nome divulgar segurança o unidade carrefour trabalhar pertencer reconhecer manifestante correr perseguir popular o alcançar e desferir golpe e pontapé agressão cessar guardar civil intervir e ajudar o rapaz levando-o o hospital entender o casar cachorro ruir espancar e morto o paulada segurança redar supermercado carrefour osasco paulo ultimar semana o denúncia feito rede social e mostrar imagem animal ferir e marcar sangue chão,brasil,06/12/2018,"
Kyene Becker ",https://www.boatos.org/brasil/seguranca-cachorro-carrefour-espancado.html,0
4192,"IBGE: alimentação e bebidas têm alta de 0,47%, maior pressão no IPCA-15  ",,"pandemia coronavírus família voltar o gastar alimentação e bebido o índice nacional preço o o consumidor amplo ipca-15 divulgar hoje instituto brasileiro geografia e estatístico ibge o alimentação e bebido passar avançar 0,46 maio aumentar 0,47 junho pressão o inflação contribuição 0,09 porcentual ipca-15 alimento consumir domicílio passar elevação 0,60 maio alto 0,56 junho o preço batata-inglesa subir 16,84 impactar 0,04 porcentual ipca-15 família gastar carne 1,08 o cebola 14,05 e o feijão-carioca 9,38 direção oposto ficar barato o tomate -12,36 cenoura -12,05 e frutar -0,80 recuar anterior",saúde,25/06/2020 10h04 ,De Daniela Amorim,https://economia.uol.com.br/noticias/estadao-conteudo/2020/06/25/ibge-alimentacao-e-bebidas-aumenta-047-em-junho-maior-pressao-no-ipca-15.htm,1
4193,"

Ligação do telefone 912250041117 sobre vacina é golpe para hackear celular #boato 
",Ligação do telefone 912250041117 sobre vacina é golpe para hackear celular #boato,atenção infelizmente golpe amigar receber umar ligação pedindo-lhe parir pressionar vacinar pressionar imediatamente o telefonar bloquear e telefonar hackeado tomar cuidar o o receber chamar semelhante colocar bate-papo grupar,entretenimento,09/08/2021,"
Edgard Matsuki ",https://www.boatos.org/tecnologia/ligacao-telefone-912250041117-vacina-golpe-hackear-celular.html,0
4194,Hino do futebol é cantado em hospital como motivação contra coronavírus  ,,o duro rotina profissional saudar linha frente combater pandemia covid-19 brevemente interrompido hospital holanda o maasstad hospital roterdã viver catarse e esperançar o o som importante hino futebol o canção you'll never walk alone tocar som hospital e entoar funcionário o o encontrar companheiro uti unidade terapia intensivo ficar paciente afetados covid-19 separar portar confraternizar o o som músico traduzir o título famoso canção significar caminhar ficar famoso década gravação bandar gerry the pacemakers acabar tornar hino futebol e principalmente liverpool atual campeão mundial,saúde,27/03/2020 13h00 ,27/03/2020 13h00 ,https://www.uol.com.br/esporte/futebol/ultimas-noticias/2020/03/27/hino-do-futebol-e-cantado-em-hospital-como-motivacao-contra-coronavirus.htm,1
4195,o ator indiano amir khan doar pacote quilo farinha rúpia,,o afirmação surgir o redar social o quinzena março e narrar o iniciativo altruísta ator indiano acordar o texto amir khan – estrelar famoso bollywood – doar sacar quilo farinha o o pobre comer quilo gente interessar e o realmente necessitar comparecer parir receber o doação,mundo,15/03/2021,gilmar lopes,https://www.e-farsas.com/o-ator-indiano-amir-khan-doou-pacotes-de-1-quilo-de-farinha-com-15-mil-rupias-dentro.html,0
4196,Anvisa começa 1ª análise de dados de vacina contra a Covid-19 no Brasil em processo que pode acelerar registro,"Astrazeneca, que tem parceria com a Universidade de Oxford, submeteu seus primeiros dados para a agência. Na terça (29), Anvisa passou a adotar processo que permite envio parcial e contínuo de informações pelas farmacêuticas.",o agência nacional vigilância sanitário anvisa anunciar n quinta-feira 1º começar o análise resultar teste vacinar covid-19 processar futuramente acelerar o trâmite pedir registrar vacinar o agência governamental receber farmacêutico astrazeneca o solicitação analisar estudo produzir o empresar utilizar o expediente chamar submissão contínuo criar anvisa e divulgar terça-feira o agência reduzir o exigência documentação inicial e simplificar o processar análise imunizante o coronavírus enviar empresar acordar o evolução trabalho e o farmacêutico britânico desenvolver o candidato vacinar o covid parceria o universidade oxford brasil o imunizante produzir fundação oswaldo cruz fiocruz,saúde, 01/10/2020 15h00 , Por G1 ,https://g1.globo.com/bemestar/vacina/noticia/2020/10/01/anvisa-diz-que-vai-comecar-a-analise-de-primeiro-pedido-de-registro-de-uma-vacina-contra-a-covid-19-no-brasil.ghtml,1
4197,Companhias aéreas cancelam voos de Hong Kong após exigência de testes  ,,companhia aéreo unir cancelar voo e hong kong o cidade afirmar exigir membro tripulação testar o covid-19 chegar informação cnn norte-americana o american airlines plano retomar voo dallas texas hong kong afirmar o trajeto o agostar ajuste regular programação atender demandar e considerar série fatores incluir restrição viagem requisito entrar tomar decisão redar o companhia comunicar o united airlines afirmar suspender voo programar amanhã avaliar teste afetarão operação,saúde,09/07/2020 12h59 ,09/07/2020 12h59 ,https://noticias.uol.com.br/internacional/ultimas-noticias/2020/07/09/companhias-aereas-cancelam-voos-de-hong-kong-apos-exigencia-de-testes.htm,1
4198,Ministro não falou que é mais importante combater o PT do que a fome  ,,circular rede social texto destacauma suposto falir ernesto araújo atual ministrar exterior governar jair bolsonaro psl horar combater o fome o miséria o analfabetismo horar combater o pt e o comunismo junto o texto o diplomata postar o mensagem acima twitter dia janeiro semana assumir o itamaraty,política,06/02/2019 04h01 ,Lucas Borges Teixeira,https://noticias.uol.com.br/confere/ultimas-noticias/2019/02/06/ernesto-araujo-ministro-combater-pt-itamaraty-chanceler.htm,0
4199,Governo confirma 4 milhões de vacinas do consórcio internacional em maio  ,,o governar brasileiro confirmar hoje o comunicação feito representante consórcio internacional vacinar covax facility o disponibilização milhão dose o o país maio o lotar envolver o imunizante produzir astrazeneca parceria o universidade oxford noto conjunto ministério saudar e exterior informar o brasil receber março milhão dose fabricante covax facility o consórcio internacional participação brasileiro e buscar ampliar o acesso vacinar o país recurso o informação o lotar o direcionado o o país cooperação internacional haver repassar o governador representante onu organização nação unir fórum representante estadual discutir o pandemia brasil,saúde,17/04/2021 10h58 ,Gabriel Baldocchi,https://noticias.uol.com.br/saude/ultimas-noticias/estado/2021/04/17/governo-confirma-4-milhoes-de-vacinas-do-consorcio-internacional-em-maio.htm,1
4200,Pandemia encarece estrangeiros e deve limitar gringos no futebol brasileiro  ,,"Em 2019, 73 jogadores estrangeiros disputaram pelo menos uma partida do Campeonato Brasileiro. Neste ano, independente do formato que a competição tenha, esse número dificilmente será batido. Por causa dos efeitos da pandemia do novo coronavírus (covid-19), os clubes do único país pentacampeão mundial de futebol devem reduzir consideravelmente o fluxo de contratação de atletas gringos. O principal motivo é a pesada desvalorização sofrida pela moeda brasileira, o real, que foi acelerada e amplificada com a proliferação da doença e as medidas colocadas em prática para enfrentá-la. O dólar começou o ano valendo R$ 4,02. Agora, já está cotado em R$ 5,51. A alta acumulada no período é de 37,1%. O euro seguiu o mesmo caminho. Seu preço saltou de R$ 4,49, no começo de janeiro, para os atuais R$ 5,97 - 32,9% de aumento em quatro meses.",saúde,29/04/2020 04h20 ,29/04/2020 04h20 ,https://www.uol.com.br/esporte/futebol/colunas/rafael-reis/2020/04/29/pandemia-encarece-estrangeiros-e-deve-limitar-gringos-no-futebol-brasileiro.htm,1
4201,Lava Jato vai pedir cooperação para partilha de imóveis de doleiro no Paraguai  ,,"o acordar delação premiar firmar doleiro doleiros dario messer o lavar jato rir e o polícia federal homologar hoje envolver o devolução cifrar inédito casar r$ bilião e reduzir o patrimônio delator o 0,5 — o representar cercar r$ milhão valorar brasil e exterior apartamento iorque unir cobertura leblon zonar sul rir e coleção obrar arte imóvel e milhar cabeça gado messer paraguai entrar contar o doleiro naturalizar paraguaio fugir o o país vizinhar vir o tonar denúncia evasão diviso crime o financeiro nacional corrupção e lavagem dinheiro operação câmbio desligar e paraguai manter patrimônio hoje estimar cercar r$ milhão o ex-presidente paraguaio horacio cartar chegar o denunciar ministério público federal participação negócio doleiro e interceder messer haver ordem prisão período ficar foragir país investigador detectar pagamento político us$ destinatário o brasileiro",política,13/08/2020 22h22 ,Rayssa Motta,https://noticias.uol.com.br/ultimas-noticias/agencia-estado/2020/08/13/lava-jato-vai-pedir-cooperacao-para-partilha-de-imoveis-de-doleiro-no-paraguai.htm,1
4202,É #FAKE vídeo que mostra Lua bloqueando o Sol por cinco segundos,Imagens foram feitas por computação gráfica. Professor da USP aponta impropriedades contidas no vídeo.,circular rede social vídeo mostrar o surgimento lua e o bloquear o luzir sol legendar ártico o rússia e o canadá o lua trajeto bloquear o sol olhar espetáculo verdade o vídeo animação gráfico feito artista aleksey__nz publicar perfil tik tok instagram o autor apresentar criador conteúdo digital o professor roberto dell'aglio dia costa departamento astronomia geofísico e ciência universidade paulo iag-usp explicar o vídeo cheio impropriedade visto científico,ciência, 28/05/2021," Por Roney Domingos, G1 ",https://g1.globo.com/fato-ou-fake/noticia/2021/05/28/e-fake-video-que-mostra-lua-bloqueando-o-sol-por-cinco-segundos.ghtml,0
4203,"

Toyota comemora 80º aniversário e dá um Corolla para quem compartilhar link #boato 
","Boato – Em comemoração ao 80º aniversário, a Toyota vai dar um Corolla para todas as pessoas que entrarem em um site e compartilharem um link com amigos no WhatsApp.",toyota presentar grátis o toyota sortir parabém celebração 80º aniversário toyota questionário o chance obter toyota corolla conhecer o toyota ano 18-29 30-39 40-49 o achar toyota inacreditável ok recomendar o amigo nãoparabéns respostar salvo sucesso o chance ganhar presente selecionar o caixa corretar prêmio tentativo sortir ok opar … desculpar o caixa selecionou vazio tem2 chance sortir ok parabém ganhar o toyota corolla regrar contar o amigo promoção digitar endereçar e concluir o registrar ok,entretenimento,17/05/2021,"
Edgard Matsuki ",https://www.boatos.org/tecnologia/toyota-comemora-80o-aniversario-da-um-corolla-para-quem-compartilhar-link.html,0
4204,Brasileiro Cristiano Amon é o novo CEO global da Qualcomm,"Nomeação foi feita após anúncio da aposentadoria de Steve Mollenkopf, atual chefe-executivo da fabricante de chips para celulares. ",o brasileiro cristiano amon anunciar n terça-feira o ceo global qualcomm fabricante americano componente smartphones e rede telecomunicação o nomeação vir o atual ceo steve mollenkopf decidir aposentar amon ocupar o cargo presidente companhia começar cargo junho organização corporativo empresar cargo alto ceo executivo-chefe haver o presidente o mudança amon promover o decisão aposentadoria steve mollenkopf ano acontecer expectativa o chegar tecnologia g processador companhia passar o incorporar o recurso,política, 05/01/2021 15h53 , Por G1 ,https://g1.globo.com/economia/tecnologia/noticia/2021/01/05/brasileiro-cristiano-amon-e-o-novo-ceo-global-da-qualcomm.ghtml,1
4205,Parque Ibirapuera amanhece movimentado na reabertura e com fila de carros  ,,o parque ibirapuera amanhecer movimentar manhã hoje quase fechar razão pandemia coronavírus o dia começar filar carro abertura portão marcar 6h pistar corrido lotar e alívio vendedor ambulante parque o ibirapuera zonar sul e o parque carmo zonar ler o reabrir manhã hoje parque liberar funcionar o 10h fechamento prever 16h o expectativa reabertura carro filar estacionamento ibirapuera 6h frequentador liberar o entrar capacidade total público permitir parque controlo ficar o cargo equipar prefeitura,saúde,13/07/2020 09h10Atualizada em 13/07/2020 14h48 ,Wanderley Preite Sobrinho,https://noticias.uol.com.br/cotidiano/ultimas-noticias/2020/07/13/parques---reabertura---sao-paulo.htm,1
4206,Presidente da Pfizer se recusa a suspender as patentes de vacinas contra a covid  ,,o presidente pfizer albert bourla n quinta-feira(6 rejeitar o proposto apoiar unir suspender temporariamente patente vacinar covid-19 sugerir acelerar o produção fábrica existente entrevisto afp bourla empresar desenvolver vacinar juntar o alemão biontech favorável o o apelar americano suspender patente proteger o medicamentar o covid-19 o governar unir chocar o mundo o o anunciar apoiar o levantamento patente vacinar anticovid e receber imediatamente o entusiasmar organização mundial saudar oms,saúde,06/05/2021 14h12Atualizada em 06/05/2021 18h59 ,06/05/2021 14h12Atualizada em 06/05/2021 18h59 ,https://noticias.uol.com.br/ultimas-noticias/afp/2021/05/06/presidente-da-pfizer-se-recusa-a-suspender-as-patentes-de-vacinas-contra-a-covid-19.htm,1
4207,Veja o que é #FATO ou #FAKE nas declarações dos candidatos à Prefeitura de SP na 7ª semana de campanha,"Frases foram ditas em redes sociais, no horário eleitoral e em entrevistas na reta final do 1º turno.",candidato prefeitura paulo continuidade campanha eleitoral cidade n e semana 1º turno postar rede social falar horário eleitoral e participar entrevisto e evento campanha o equipar fato fake checar principal declaração durante o semana candidato aparecer numericamente frente pesquisar o ordem seguir o pesquisar ler brunir cova psdb parir o ano vir o orçamentar assistência social o orçamentar d ano ”,política, 13/11/2020," Por G1, O Globo, Extra, TV Globo, CBN, Valor e GloboNews ",https://g1.globo.com/fato-ou-fake/noticia/2020/11/13/veja-o-que-e-fato-ou-fake-nas-declaracoes-dos-candidatos-a-prefeitura-de-sp-na-7a-semana-de-campanha.ghtml,0
4208,Veja o que é #FATO ou #FAKE nas declarações dos candidatos à Prefeitura de SP na 7ª semana de campanha,"Frases foram ditas em redes sociais, no horário eleitoral e em entrevistas na reta final do 1º turno.",candidato prefeitura paulo continuidade campanha eleitoral cidade n e semana 1º turno postar rede social falar horário eleitoral e participar entrevisto e evento campanha o equipar fato fake checar principal declaração durante o semana candidato aparecer numericamente frente pesquisar o ordem seguir o pesquisar ler brunir cova psdb “n ano viabilizar unidade habitacional recordar o história cidade paulo”,política, 13/11/2020," Por G1, O Globo, Extra, TV Globo, CBN, Valor e GloboNews ",https://g1.globo.com/fato-ou-fake/noticia/2020/11/13/veja-o-que-e-fato-ou-fake-nas-declaracoes-dos-candidatos-a-prefeitura-de-sp-na-7a-semana-de-campanha.ghtml,0
4209,Veja o que é #FATO ou #FAKE nas declarações dos candidatos à Prefeitura de SP na 7ª semana de campanha,"Frases foram ditas em redes sociais, no horário eleitoral e em entrevistas na reta final do 1º turno.",candidato prefeitura paulo continuidade campanha eleitoral cidade n e semana 1º turno postar rede social falar horário eleitoral e participar entrevisto e evento campanha o equipar fato fake checar principal declaração durante o semana candidato aparecer numericamente frente pesquisar o ordem seguir o pesquisar ler guilherme boulos psol “sair o pesquisar datafolha o espontâneo nó isolar segundar”,política, 13/11/2020," Por G1, O Globo, Extra, TV Globo, CBN, Valor e GloboNews ",https://g1.globo.com/fato-ou-fake/noticia/2020/11/13/veja-o-que-e-fato-ou-fake-nas-declaracoes-dos-candidatos-a-prefeitura-de-sp-na-7a-semana-de-campanha.ghtml,0
4210,Veja o que é #FATO ou #FAKE nas declarações dos candidatos à Prefeitura de SP na 7ª semana de campanha,"Frases foram ditas em redes sociais, no horário eleitoral e em entrevistas na reta final do 1º turno.",candidato prefeitura paulo continuidade campanha eleitoral cidade n e semana 1º turno postar rede social falar horário eleitoral e participar entrevisto e evento campanha o equipar fato fake checar principal declaração durante o semana candidato aparecer numericamente frente pesquisar o ordem seguir o pesquisar ler celso russomanno republicano “vir dinheiro governar federal parir o prefeitura combater o pandemia coronavírus”,política, 13/11/2020," Por G1, O Globo, Extra, TV Globo, CBN, Valor e GloboNews ",https://g1.globo.com/fato-ou-fake/noticia/2020/11/13/veja-o-que-e-fato-ou-fake-nas-declaracoes-dos-candidatos-a-prefeitura-de-sp-na-7a-semana-de-campanha.ghtml,0
4211,Veja o que é #FATO ou #FAKE nas declarações dos candidatos à Prefeitura de SP na 7ª semana de campanha,"Frases foram ditas em redes sociais, no horário eleitoral e em entrevistas na reta final do 1º turno.",candidato prefeitura paulo continuidade campanha eleitoral cidade n e semana 1º turno postar rede social falar horário eleitoral e participar entrevisto e evento campanha o equipar fato fake checar principal declaração durante o semana candidato aparecer numericamente frente pesquisar o ordem seguir o pesquisar ler celso russomanno republicano “morar o ruir o centrar cidade paulo”,política, 13/11/2020," Por G1, O Globo, Extra, TV Globo, CBN, Valor e GloboNews ",https://g1.globo.com/fato-ou-fake/noticia/2020/11/13/veja-o-que-e-fato-ou-fake-nas-declaracoes-dos-candidatos-a-prefeitura-de-sp-na-7a-semana-de-campanha.ghtml,0
4212,Veja o que é #FATO ou #FAKE nas declarações dos candidatos à Prefeitura de SP na 7ª semana de campanha,"Frases foram ditas em redes sociais, no horário eleitoral e em entrevistas na reta final do 1º turno.",candidato prefeitura paulo continuidade campanha eleitoral cidade n e semana 1º turno postar rede social falar horário eleitoral e participar entrevisto e evento campanha o equipar fato fake checar principal declaração durante o semana candidato aparecer numericamente frente pesquisar o ordem seguir o pesquisar ler márcio frança psb “márcio frança o candidatar subir”,política, 13/11/2020," Por G1, O Globo, Extra, TV Globo, CBN, Valor e GloboNews ",https://g1.globo.com/fato-ou-fake/noticia/2020/11/13/veja-o-que-e-fato-ou-fake-nas-declaracoes-dos-candidatos-a-prefeitura-de-sp-na-7a-semana-de-campanha.ghtml,0
4213,"Surto de sarampo continua, e casos aumentam 20% em São Paulo ",,"o boletim recente semana passar informar 3.591 caso sarampo paulo total notificação 55,7 concentrar capital 2.397 caso seguir município santo andré caso bernardo campar osasco mauá e guarulhos registro sarampo semana agostar confirmar morte decorrência doença vítima homem ano histórico imunização doença menino cidade paulo e menino osasco o secretariar saudar manter o vacinação sarampo bebês idade e seguir recomendação ministério saudar o faixar etário considerar vulnerável o caso grave e morte e representar cercar total caso registrar paulo o vacinar tríplice viral proteger sarampo rubéola e caxumba município seguir realizar ações bloquear notificação caso doença autoridade saudar recomendar pessoa dúvida o imunização adequar procurar postar vacinação o carteira vacinação mão dose pessoa faixar etário vulnerabilidade aplicar “ seletiva ” algum pendência o programar estadual imunização prever criança e adulto idade ano e ano dose vacinar o sarampo acima d faixar ano precisar dosar haver indicação vacinação pessoa ano autoridade saudar considerar público potencialmente contato o vírus passar",ciência, Publicado em  19/09/19 20:52 ,O Globo,https://extra.globo.com/noticias/saude-e-ciencia/surto-de-sarampo-continua-casos-aumentam-20-em-sao-paulo-23959995.html,1
4214,Paris encontra traços de coronavírus em sistema de água; França faz plano para volta da epidemia,"Traços de coronavírus voltaram a ser encontrados no sistema de águas reutilizáveis (não potável) de Paris. Nas análises dos últimos 15 dias, o SARS-CoV-2 apareceu em quantidades que apontam para um ligeiro aumento no número de pessoas contaminadas na capital francesa.",traço coronavírus voltar o encontrar água reutilizável potável parir análise dia o sars-cov-2 aparecer quantidade ligeiro aumentar pessoa contaminar capital francês o início pandemia o vigilância água e esgotar provar maneiro efetiva acompanhar o aumentar caso cidade dia detetado aumentar paciente exame positivar covid-19 n quarta-feira 8) o primeiro-ministro francês jean castex afirmar o governar planar enfrentar onda caso país acordar castex necessário o frança adotar quarentenar localizar haver caso “ confinamento absoluto consequência terrível humano econômicas dever adotar quarentenar localizar ” o primeiro-ministro entrevisto bfmtv,saúde, 08/07/2020 16h57 , Por RFI ,https://g1.globo.com/mundo/noticia/2020/07/08/paris-encontra-tracos-de-coronavirus-em-sistema-de-agua-franca-faz-plano-para-volta-da-epidemia.ghtml,1
4215,"

Cantora gospel Fabiana Anastácio gravou áudio alertando sobre Covid-19 no hospital #boato 
","Boato – Fabiana Anastácio, cantora gospel, gravou áudio sobre Covid-19, no hospital, antes de morrer por complicações da doença.",“ áudio fabiano anastácio alertar cristão ” o paz senhor menino ai crente morrer o vírus vir pra pessoa cristo vir pra escolher cor raça d social alertar deus precisar prudente irresponsável live juntar geovana máscara o desejar forte junto o culto igreja o gente pensar consequência tomar cuidar igreja tá pessoa igreja sair o culto cuidar cuidar o fé abalar ficar casar ventar passar vir trazer alertar tomar cuidar cuidar vidar sentir levar algum pessoa amar casar perder alguém causar irresponsabilidade abrir olho e o acontecer voltar imune o o covid peitar aço super-heróis feito carnar e osso e o bater portar e d resistir querido ficar vivo cuidar deus o dono morte vidar querer levar levar covid levar irresponsável tomar cuidar nome jesus ”,entretenimento,06/06/2020,"
Kyene Becker ",https://www.boatos.org/religiao/cantora-gospel-fabiana-anastacio-audio-covid-19-hospital.html,0
4216,MLS considera 'extremamente improvável' retomar temporada em meados de maio  ,,o angeles abr afp o ligar futebol unir mls reconhecer extremamente improvável o cumprimentar previsão retomar o temporada mear maio alertar cortar jogo calendário evolução coronavírus esperar voltar o jogar mear maio extremamente improvável base orientação autoridade federar e locar saudar afirmar o mls comunicar o ligar haver previsão março semana suspender o competição dever pandemia rodar disputar objetivo continuar disputar o jogo e atualmente datar suficiente jogar o temporada inteiro reconhecer n difícil fazê-lo admitir o ligar,saúde,14/04/2020 20h02Atualizada em 14/04/2020 20h31 ,14/04/2020 20h02Atualizada em 14/04/2020 20h31 ,https://www.uol.com.br/esporte/ultimas-noticias/afp/2020/04/14/mls-considera-extremamente-improvavel-retomar-a-temporada-em-meados-de-maio.htm,1
4217,É #FAKE mensagem com link de cadastro para votar em casa pelo celular,Programa não existe e mensagem não foi enviada pela Justiça Eleitoral. TSE alerta que link pode ser utilizado na realização de golpes.,mensagem circular aplicativo mensagem orientar o cadastrar programar governar federal votar celular o programar existir o mensagem falso e o recomendação clicar link disponível o supor cadastrar o texto afirmar o programar votar casar criar evitar aglomeração dia eleição e o o cadastrar o eleitor votar telefonar celular o votar online substituir o votar presencial e votar casar praia outro o texto d real,política, 11/11/2020," Por Marcelo Parreira, TV Globo ",https://g1.globo.com/fato-ou-fake/noticia/2020/11/11/e-fake-mensagem-com-link-de-cadastro-para-votar-em-casa-pelo-celular.ghtml,0
4218,"Prefeito repudia vídeo que mostra Mayweather em boate: ""Falta de bom senso""  ",,o ex-pugilista floyd mayweather indeciso voltar o o boxar envolver polêmica semana flagrar boatar lotar scottsdale eua país atingir pandemia coronavírus o festa revoltar o prefeito jim lane vestir imagem vazar duro crítico o participante twitter o político considerar senso envolvido aglomeração máscara imagem cidade scottsdale n semana perturbador e mostrar francamente verdadeiro senso e responsabilidade cívico empresar e cliente precisar perceber individualmente desempenhar papel absoluto higiene pessoal distanciar e manter o saudar desempenhar papel importante saudar cidade físico economicamente explicar doença espalhar pessoa e ações pessoal determinar orientação saudar público eficaz impedir o propagação covid-19 conseguir junto impedir serviço médico sobrecarregar esforçar caro empresar e indivíduo pagar custar enorme sucesso o lembrar lane,saúde,27/05/2020 08h21 ,27/05/2020 08h21 ,https://www.uol.com.br/esporte/boxe/ultimas-noticias/2020/05/27/prefeito-repudia-video-que-mostra-mayweather-em-boate-falta-de-bom-senso.htm,1
4219,Doses da CoronaVac são furtadas de posto de saúde no Ceará; polícia apura  ,,dose vacinar coronavac o covid-19 furtar centrar saudar chico campo canindé ce região norte o furtar ocorrer fevereiro divulgar hoje polícia civil cear investigar o casar vacinar armazenar frasco dose refrigeração sala vacinar unidade saudar dosar recuperar e haver suspeito preso investigador delegacia regional canindé colher depoimento servidor centrar saudar enfermeiro técnico enfermagem serviço gerar vigilante,saúde,16/03/2021 18h02 ,Aliny Gama,https://noticias.uol.com.br/saude/ultimas-noticias/redacao/2021/03/16/vacina-furtada-roubada-ceara-caninde-coronavac.htm,1
4220,Itália proíbe viagens entre regiões a partir de 21 de dezembro  ,,o primeiro-ministro itália giuseppe contar anunciar n quinta-feira decretar medir restritivo o pandemia coronavírus sars-cov-2 incluir o proibição deslocamento interregionais dezembro e janeiro o comprovar exigência trabalhar situação urgência motivo saudar durante coletiva imprensar o premiê italiano explicar autoridade barrar pessoa viajar residência durante período tentativo evitar repicar caso festa ano evitar bloquear generalizar natal dever baixar o guardar evitar o aumentar infecção afirmar,saúde,04/12/2020 09h27 ,04/12/2020 09h27 ,https://www.uol.com.br/nossa/noticias/ansa/2020/12/04/italia-proibe-viagens-entre-regioes-a-partir-de-21-de-dezembro.htm,1
4221,OMS diz que vacina é necessária para romper propagação do coronavírus  ,,o organização mundial saudar oms estimar n segunda-feira necessário vacinar seguro e eficaz interromper totalmente o propagação covid-19 deixar 115.000 morto mundo o globalização significar o riscar reintroduzir e ressurgir o covid-19 continuar o o o produção e o distribuição vacinar seguro e eficaz necessário interromper totalmente o propagação ressaltar o diretor-geral oms tedros adhanom ghebreyesus,saúde,13/04/2020 13h24 ,13/04/2020 13h24 ,https://noticias.uol.com.br/ultimas-noticias/afp/2020/04/13/oms-diz-que-vacina-e-necessaria-para-romper-propagacao-do-coronavirus.htm,1
4222,"

Breno Lintz, promotor de Justiça em Uberlândia, escreve mensagem em defesa de Bolsonaro #boato 
","Boato – O promotor de Justiça Breno Lintz, da cidade de Uberlândia (MG), escreveu um texto em defesa do presidente Jair Bolsonaro e direcionado a eleitores que votaram nele.",página compartilhar o gostar e acreditar atenção ler palavra breno lintz promotor haver ano uberlândia filhar magistrado dia moçada tristeza o decisão tomar morar expor situação concordado.nesses ano ministério público e filhar juiz aprender o caráter entregar atitude dia conveniente custar o ninguém sair cabeça erguido e silêncio mandar mensagem importante pra eleitor bolsonaro votar e arrependeu.a mensagem resumir o cenário atual apesar calúnia difamação pessimismo e discurso negativo oposição o brasil o pib aumentar o juro quedo histórico o bolsar valorar alto histórico o criminalidade diminuir o desempregar diminuir o salário aumentar o economia crescer empresar e industriar abrir promessa e posicionamento político cumprir e … o mensagem resumir livrar página esquecer motivo votar bolsonaro pra eleitor escolher principalmente ideologia político citar ideologia político candidato oposição bolsonaro vir combater … lembrar mensagem eleitor bolsonaro espaçar o oposição aproveitar vomitar difamação e discurso ódio d debater precisar apagar comentário e divulgar e mensagem país marcar amigo ler texto repassar mensagem divulgar rede social,política,27/04/2020,"
Edgard Matsuki ",https://www.boatos.org/politica/breno-lintz-promotor-justica-uberlandia-mensagem-defesa-bolsonaro.html,0
4223,"O que é a 'fadiga da pandemia' e como é possível combatê-la, segundo a OMS","Relatório reconhece exaustão diante da pandemia, mas destaca importância da manutenção de medidas preventivas.",o covid-19 cobrar alto preço emocional o europa gerar crescente apatia população alertar o organização mundial saudar oms pesquisar recente organização estimar fadigar pandemia chegar o população pessoa sentir motivar o seguir comportamento preventivo conviver alteração rotina e incerteza o oms apesar cansar pessoa manter esforço combater o vírus o documentar — lavar mão cobrir o rostir máscara e adotando o distanciamento social,ciência, 06/10/2020 17h30 , Por BBC ,https://g1.globo.com/bemestar/viva-voce/noticia/2020/10/06/o-que-e-a-fadiga-da-pandemia-e-como-e-possivel-combate-la-segundo-a-oms.ghtml,1
4224,CoronaVac não matou voluntários e vacinas não causaram danos neurológicos ou de DNA,,comunicar fabricante e órgão oficiar mostrar vacinar testar causar nenhum danar neurológico e morte voluntário relacionar o ouvir especialista negar o possibilidade imunizante causar alteração dna,saúde,2020/11/09,Comprova,https://projetocomprova.com.br/publicações/coronavac-nao-matou-voluntarios-e-vacinas-nao-causaram-danos-neurologicos-ou-de-dna/,0
4225,"Governador de SC diz não haver ""justa causa"" para pedidos de impeachment  ",,o governador santo catarino carlos moisés silvar psl afirmar hoje haver justo causar o retirar cargo processo impeachment movido absolver d moisés retomar o comandar e anunciar investimento bilionário obrar infraestrutura e o retomar econômica n o governador afastar haver cercar livrar impedimento voto o d e tribunal especial compor desembargador e deputar estadual deputar abster votar carlos moisés inocentar acusação crime responsabilidade coletiva imprensar o governador afirmar encarar o retomar comandar santo catarino renovação compromisso o sociedade e instituição catarinense,política,27/11/2020 19h01Atualizada em 27/11/2020 19h10 ,"Luan Martendal, ",https://noticias.uol.com.br/politica/ultimas-noticias/2020/11/27/governdor-de-sc-diz-nao-haver-justa-causa-para-pedidos-de-impeachment.htm,1
4226,Êxito da Louis Vuitton compensa queda nas vendas do grupo de luxo LVMH  ,,o francês artigo luxar lvmh anunciar quedo vender comparável trimestre expansão receitar marcar moda louis vuitton compensar o fraco desempenhar duty-free shops o pandemia coronavírus atingir varejistas forçar o fechar loja durante lockdown o mundo combater o vírus o declínio viagem internacional privar empresar luxar receitar turístico cenário melhoria chino entanto mercar mundial moda luxar e flexibilizar medir covid-19 semestre ajudar empresar o recuperar,saúde,27/01/2021 09h27 ,Sarah White e Silvia Aloisi,https://www.uol.com.br/nossa/noticias/reuters/2021/01/27/exito-da-louis-vuitton-compensa-queda-nas-vendas-do-grupo-de-luxo-lvmh.htm,1
4227,É falsa mensagem que afirma que eleições foram vendidas para a esquerda  ,,texto circular whatsapp afirmar o eleição prefeito cidade paulo d ano vendido tribunal superior eleitoral tse us$ milhão o texto narrar suposto reunião o ministrar luís roberto barroso presidente tse o governador paulo joão doria psdb o ex-presidente luiz inácio lula silvar e homem indicar presidente empresar tecnologia norte-americana diebold fabricante urna eletrônicas o mensagem falsa.segundo o texto fantasioso o negociação acontecer o candidatar guilherme boulos psol eleito o candidatar celso russomano republicano o único o negar o participar esquema e tirar turno e declarar pessoa o acontecer eleição ficar enojar,política,20/11/2020 04h00Atualizada em 23/11/2020 09h21 ,"Colaboração para o UOL, em Curitiba",https://noticias.uol.com.br/confere/ultimas-noticias/2020/11/20/uol-confere-eleicoes-vendidas-para-a-esquerda.htm,0
4228,"

Jovem grávida do pai diz “não me importo que o pai do meu filho seja o meu pai” #boato 
",Boato – Uma jovem das Filipinas fez uma publicação em redes sociais afirmando o seguinte: “Não me importo que o pai do meu filho seja o meu pai” e publicou foto grávida com o pai da criança (e dela).,“ importar o pai filhar o pai ” jovem grávido pai casar publicar rede social causar revolto usuário publicar foto jovem grávido pai tocar barriga o legendar “ importar o pai filhar o pai o importante membro família e adorar o mãe ” … o taxar incestar filipino alto mundo e o caso praticar pai e tio o horror o o incestar cultura universal o filósofo leonidas donskis “ conviver bizarro futuramente conviver o cultura quebrar tabu pedofilia canibalismo e o o incestar ”,mundo,,"
Edgard Matsuki ",https://www.boatos.org/mundo/jovem-gravida-pai-nao-me-importo.html,0
4229,Pandemia adia saída temporária de presos de Dia das Mães no Maranhão  ,,o sair temporário o dia mãe preso prisional maranhão custodiar unidade prisional luís adiar justiçar dever pandemia coronavírus causador covid-19 preso começar o liberar hoje retornar prever o dia o adiamento o período ficar dia e junho o datar reavaliar novamente casar o justiçar entender haver risco sanitário período maranhão 5.028 pessoa infectar coronavírus óbito covid-19 o governar luís o município maranhão o pessoa infectar coronavírus 3.368 pessoa infectar e óbito covid-19 acordar boletim epidemiológico prefeitura divulgar o situação epidemiológico e o alto demandar saudar público levar o justiçar o decretar lockdown ilhar luís abranger o capital e município paço lumiar raposar e josé ribamar preso beneficiar o sair temporário custodiar presídio e cumprir prisão domiciliar o adiar sair temporário preso decidir juiz 1ª varar execução penar luís rommel cruz viegas respostar o o pedir providência seap secretariar administração penitenciário o decisão magistrado divulgar o despeitar implementação barreirar sanitário considerar insatisfatório seap mostrar insuficiente o o considerar-se beneficiar o sair temporário passar dia ambientar externar prisional inegável sujeição o risco contaminação covid-19 e seguir levar o vírus s unidade prisional destacar o juiz,saúde,06/05/2020 16h44 ,Aliny Gama,https://noticias.uol.com.br/cotidiano/ultimas-noticias/2020/05/06/pandemia-adia-saida-temporaria-de-presos-de-dia-das-maes-no-maranhao.htm,1
4230,PSOL pede ao STF para restabelecer vacina de grávidas e puérperas sem comorbidade  ,,o psol acionou o supremo tribunal federal buscar o retomar vacinação o covid-19 gestante e puérpera país imunizante produzir pfizer instituto butantan alternativamente o astrazeneca oxford fiocruz o questionar noto técnico ministério saudar paralisar o imunização contrariedade recente versão planar nacional operacionalização vacinação o covid-19'.o sustentar o agência vigilância sanitário anvisa recomendar o suspensão temporário utilização vacinar astrazeneca n população noto técnico ministério saudar interromper o vacinação gestante e puérpera imunizante recomendar o suspensão vacinação gestante e puérpera comorbidades vacinar disponível planar nacional imunização pni).as informação divulgar supremo tribunal federal o medir extrapolar o recomendação agência regulador adotada respaldar técnico utilizar justificar o suspensão vacinação verdade favorável imunização grávido e puérpera destacar o psol.a legendar sustentar o ministério saudar utilizar evento considerar extremamente raro literatura médico o o morte gestante rir janeiro receber o imunizante oxford fiocruz restringir severamente o vacinação mulher gestante e puérpera o paralisação imunização gestante e puérpera comorbidades o fornecer-lhes o possibilidade vacinação imunizante contemplar pni mostra-se medir atentatório o direito fundamentar vidar saudar dignidade pessoa humano maternidade e igualdade gênero completar dissonância o recomendação agência vigilância sanitário e evidência técnico-científicas o fundamentar argumentar o,saúde,25/05/2021 16h22 ,25/05/2021 16h22 ,https://noticias.uol.com.br/saude/ultimas-noticias/estado/2021/05/25/psol-pede-ao-stf-para-restabelecer-vacina-de-gravidas-e-puerperas-sem-comorbidade.htm,1
4231,STF forma maioria para obrigar União a reativar leitos de UTI em 5 estados  ,,o stf supremo tribunal federal formar confirmar decisão ministro rosar weber obrigar o união o reativar leito uti paulo maranhão bahia piauí e rir sul ministro alexandre moraes marcar aurélio cármen lúcia gilmar mendes dia toffoli e edson fachin votar manter o despachar weber ... ler íntegro folhar,política,07/04/2021 12h56 ,07/04/2021 12h56 ,https://noticias.uol.com.br/colunas/reinaldo-azevedo/2021/04/07/stf-forma-maioria-para-obrigar-uniao-a-reativar-leitos-de-uti-em-5-estados.htm,1
4232,UFC: Gilbert 'Durinho' elege 2 rivais favoritos caso não lute pelo cinturão  ,,cortar ufc semana evento testar positivar o covid-19 gilbert durinho recuperar doença pensar futurar olhar lutar principal card d sábado colocar kamaru usman e jorge masvidal frente o frente o brasileiro deixar claro o resultar confrontar adiar chance disputar o título adiar quarentenar casar flórido durinho conversar o reportagem ag fight e analisar situação afinal casar masvidal vencer revanche negociar o deixar o brasileiro opção o lutar voltar o sonhar o título meio-médios kg o nome nate diaz o provocar rede social passar o plano achar palhação caro pessoa gostar estilar gostar d lutar pessoa o ficar bolar o falar pôr falar lutar verdade colocar nome botar o caro campeontao kimono e kimono aceitar lutar horar lutar ... falar verdade ressaltar tom respostar rede social o americano haver afirmar masvidal vs usman o duelo fato merecer valer cinturão irritar durinho rapidamente o colocar level colby covington rival favorito brasileiro o postar oponente preferir,saúde,11/07/2020 08h00 , Ag. Fight,https://www.uol.com.br/esporte/ultimas-noticias/ag-fight/2020/07/11/gilbert-durinho-elege-dois-rivais-favoritos-caso-nao-lute-pelo-cinturao-do-ufc.htm,1
4233,Coronavírus: decreto de Bolsonaro amplia lista de serviços essenciais que podem funcionar  ,,o presidente jair bolsonaro editar decretar ampliar o lista serviço essencial funcionar durante o período enfrentamento coronavírus país crítico medir isolamento social adotadas governador e prefeito o presidente afrouxar ações reabrir setores produtivo o justificativo precisar preservar o economia e emprego o decretar publicar diário oficial união d quarta-feira dia o brasil ultrapassar o marcar morte causar doença superar chino n terça-feira questionar o o presidente bolsonaro e d lamentar o messias milagre o decretar considerar essencial atividades comércio e serviço alimentação atendimento bancário serviço reparar e mecânico automotiva transportar e armazenamento carga profissional segmento voltar o circular o isolamento social o iniciativo sucesso combater infecção mundo,saúde,29/04/2020 08h56 ,Luci Ribeiro,https://noticias.uol.com.br/ultimas-noticias/agencia-estado/2020/04/29/decreto-de-bolsonaro-amplia-lista-de-servicos-essenciais-que-podem-funcionar.htm,1
4234,Paciente de coronavírus morre no Acre após blecaute causado por animal  ,,"paciente tratamento o coronavírus morrer acre uti ficar energia noite dever o blecaute causar animal atingir linha transmissão informar o governar estadual hoje o quedo energia interromper o fornecimento instituto traumatologia e ortopedia acre funcionar leito uti pessoa infectar covid-19 noto secretariar saudar o incidente ocorrer o brasil registrar recordar caso e morte doença 1.188 óbito confirmar quinta-feira o acre o ° brasileiro infectar 3,1 registro covid-19 e morte verificar o acordar ministério saudar quinta-feira",saúde,22/05/2020 15h16 ,22/05/2020 15h16 ,https://noticias.uol.com.br/saude/ultimas-noticias/reuters/2020/05/22/paciente-de-coronavirus-morre-no-acre-apos-blecaute-causado-por-animal.htm,1
4235,Russomanno tenta reunir voto bolsonarista em SP  ,,recluso durante o período pré-campanha capital o deputar celso russomanno sp confirmar hoje candidatar republicano prefeitura paulo candidatura consolidar o principal aposto presidente jair bolsonaro corrido eleitoral d ano semana o parlamentar derrotar eleição e liderar pesquisar intenção votar incentivar bolsonaro o entrar campanha e receber o sinalização receber chegar o reunir brasília tratar assunto o principal objetivo bolsonaristas confrontar capital paulista o governador joão doria psdb potencial candidatar o o palácio planalto disputar e prefeito brunir cova candidatar reeleição o presidente aliar o defender abertamente eleição paulo o presidente prtb levy fidelix e o ex-presidente oab-sp marco costa ptb nenhum d densidade eleitoral bolsonaro vir afirmar campanha nenhum candidatar turno eleição municipal buscar alternativo pontuar ficar isolar rir base eleitoral família presidente o clã decidir apoiar o prefeito marcelo crivella republicano russomanno,política,16/09/2020 12h26 ,Pedro Venceslau e Paula Reverbel,https://noticias.uol.com.br/eleicoes/estadao-conteudo/2020/09/16/russomanno-tenta-reunir-voto-bolsonarista-em-sp.htm,1
4236,"

Azul personalizou um avião com as cores do Flamengo para fazer transportes aéreos #boato 
","Boato – Depois de fechar um contrato com o Flamengo, a empresa aérea Azul pintou um avião com as cores do time para fazer transportes aéreos personalizados.",empresar azul fechar o flamengo pra transporte aéreo e personalizar avião pro time flamengo .. realmente outro patamar,entretenimento,,"
Edgard Matsuki ",https://www.boatos.org/esporte/azul-personalizou-aviao-cores-flamengo-transportes-aereos.html,0
4237,"

Gleisi está indo para o Chile fazer violência internacional em protestos de 2019 #boato 
",Boato – Deputada federal Gleisi Hoffmann disse que está indo para o Chile “fazer violência internacional” em protestos de 2019. ,“ urgente crime o segurança nacional o petista gleisi convocar esquerdopatas provocar o terrorismo ocorrer chile vídeo gleisi hoffmann confirmar viagem deputar o o chile “ violência internacional ” assistir ” “ vídeo pombo giro gleisi hoffmann confirmar viagem deputar o o chile “ violência internacional ” assistir ” “ gleisi hoffman deputar federal e presidente pt codinome amantar departamento propinar odebrecht incitar o ódio e o violência o o chile proclamar o violência internacional haver pão mortadela ” “ deputar gleisi hoffman denunciar terrorismo doença pro brasil esquerdo detonar o chile tomar cuidar o país refém d bandido estamoscontigobolsonaro ”,política,06/11/2019,"
Kyene Becker ",https://www.boatos.org/politica/gleisi-chile-fazer-violencia-internacional-protestos.html,0
4238,"

Papa não se manifestou sobre legalização do aborto na Argentina #boato 
",Boato – O papa Francisco está mais preocupado com pessoas furando o lockdown do que com a legalização do aborto na Argentina. Ele não se pronunciou sobre o assunto. ,“ o papar francisco ficar triste pessoa viajar quarentenar silêncio ficar triste o legalização abortar argentino terra natal pra adulto precisar proteção bebês indefeso ” “ o estranhar papar ficar triste pessoa viajar pra fugir lockdown manifesto tristeza terra natal o argentino aprovar o abortar indiscriminado chamar contradição papal ”,mundo,05/01/2021,"
Kyene Becker ",https://www.boatos.org/mundo/papa-nao-manifestou-sobre-legalizacao-aborto-argentina.html,0
4239,Câmara aprova MP que autoriza poupança digital a receber benefícios sociais e de previdência,"Pela proposta, nenhuma tarifa será cobrada e limite será de R$ 5 mil, podendo ser ampliado a pedido do beneficiário; bancos podem emitir cartão físico. Texto segue para o Senado. ",o câmara deputar aprovar n segunda-feira medir provisório mp permitir o poupança digital utilizar receber benefício social pago união e e município o lista incluir benefício previdenciários aposentadoria e auxílio-doença o poupança digital ano o depósito auxílio emergencial e sacar emergencial fundir garantir serviço fgts o relatório aprovar deputar permitir o instituição financeiro emitir cartão físico movimentação – o proibir proposto enviar governar tratar medir provisório o proposto validade editar governar federal preciso aprovar congresso dia tornar lei definitivo mp validade o dia outubro datar limitar o senado analisar o proposto,política, 22/09/2020 19h48 ," Por Elisa Clavery e Fernanda Calgaro, TV Globo e G1 — Brasília ",https://g1.globo.com/politica/noticia/2020/09/22/camara-aprova-mp-que-autoriza-poupanca-digital-a-receber-beneficios-sociais-e-previdenciarios.ghtml,1
4240,CPI: Lewandowski rejeita pedido de governistas e mantém Renan na relatoria  ,,o ministrar ricardo lewandowski stf supremo tribunal federal rejeitar o pedir senador governista e manter o senador renan calheiros mdb-al relatoria cpi covid aliar presidente jair bolsonaro retirar o parlamentar condição relator comissão o magistrado negar o pedir e caber o o supremo opinar subir o assunto ... ler íntegro folhar,política,29/04/2021 16h02 ,29/04/2021 16h02 ,https://noticias.uol.com.br/colunas/reinaldo-azevedo/2021/04/29/cpi-lewandowski-rejeita-pedido-de-governistas-e-mantem-renan-na-relatoria.htm,1
4241,"

Chef de cozinha francês é processado após colocar sêmen em sobremesas de restaurante #boato 
",Boato – O chef de cozinha francês Jacques DeNoiret foi processado após admitir que colocava sêmen de funcionários nas sobremesas do restaurante Le Gallion.,chef cozinhar processar e admitir colocar sêmen funcionário sobremesa cliente contrair dst o chef cozinhar francês jacques denoiret proprietário restaurante le gallion frança processar cliente suspeito colocar sêmen funcionário restaurante sobremesa diverso denúncia o cozinheiro admitir o esperma humanar “ ingrediente secreto ” dezena cliente chegar o contrair doença sexualmente transmissível “ o funcionário responsável colocar o ingrediente sobremesa contrair herpes e sífilis e imediatamente despedir ” jacques admitir pagar bônus o funcionário o sêmen ingrediente apesar desculpar cliente contrair doença jacques afirmar esperma “ ingrediente culinário extraordinário ” o passar cabeça miséria d né desgraceira d,mundo,16/09/2020,"
Edgard Matsuki ",https://www.boatos.org/mundo/chef-cozinha-frances-processado-semen-sobremesas-restaurante.html,0
4242,"

Daniela Mercury diz, irada, que juíza Gabriela Hardt mal saiu da casca do ovo #boato 
","Boato – Cantora Daniela Mercury se revoltou com juíza Gabriela Hardt, substituta de Sérgio Moro, e diz que ela não irá intimidar a resistência",“ lésbico cantor categoria intimidar juiz lutar o brasil nelson medeiro ” “ daniela mercury irar o juiza gabriela hardt “ juiza sair cascar ovar querer intimidar resistência ” daniela mercury ”,entretenimento,05/01/2019,"
Kyene Becker ",https://www.boatos.org/entretenimento/daniela-mercury-gabriela-hardt.html,0
4243,"Cloroquina não supera cuidados básicos contra a covid-19, afirma estudo  ",,o cloroquina remédio utilizar tratamento malária eficiente cuidar básico e higiene o coronavírus o afirmação estudar universidade zhejiang chino o estudar o efetividade drogar anunciar presidente norte-americano donald trump o relatório paciente receber o medicamentar recuperação melhor receber o estudar universidade contar paciente d receber o cloroquina e d resultar negativar covid-19 semana o tratamento o receber contar paciente recuperar período,saúde,25/03/2020 13h12 ,25/03/2020 13h12 ,https://noticias.uol.com.br/saude/ultimas-noticias/redacao/2020/03/25/cloroquina-cuidados-basicos-coronavirus.htm,1
4244,Pai de Guilherme Boulos não é dono de mansão em São Paulo  ,,"informação falso voltar o circular rede social s véspera turno afirmar o infectologista marco boulos pai candidatar prefeitura paulo guilherme boulos psol imóvel m² vila mariano zonar sul capital o postagem insinuar o imóvel dever invadir mtst movimentar trabalhador teto e afirmar o propriedade r$ 2,8 milhão informação falsas.o boatar circular boulos candidatar presidência repúblico época o agência público acesso o documento imóvel o certidão propriedade proprietário o casal libanês philippe boulos comerciante e mono boulos dono casar herdeiro casal seme philippe boulos felipe boulos junior e kátia boulos tornar dono propriedade e vender o imóvel r$ 8.400.135,46 construtor mitrar vila mariano empreendimento marco boulos pai candidatar psol citar nenhum documento",política,29/11/2020 15h42 ,"Colaboração para o UOL, em Curitiba",https://noticias.uol.com.br/confere/ultimas-noticias/2020/11/29/pai-de-boulos-dono-de-mansao-uol-confere.htm,0
4245,"Para pesquisador francês, 'falta uma peça do quebra-cabeça' da origem da covid-19  ",,o coronavírus aparecer e passar morcegar o homem faltar pedir quebra-cabeça afirmar o pesquisador meriadeg le gouil coordenador frança projeto pesquisar o origem pandemia ninguém entender o surgimento d vírus ressaltar afp o virologista e ecologista universidade caen oeste frança membro pesquisar adaptação microbiano gram n coronavírus encontrar vestígio vírus conhecer natureza exceto conhecer pai recente primo explicar pesquisador ano excluir origem sintético vírus laboratório chinês unir garantir e pequim negar o pesquisador o coronavírus transmitir o o homem animal cientista chinês mercar cidade wuhan animar selvagem vivo vendido,saúde,07/05/2020 10h04 ,07/05/2020 10h04 ,https://noticias.uol.com.br/ultimas-noticias/afp/2020/05/07/para-pesquisador-falta-uma-peca-do-quebra-cabeca-da-origem-da-covid-19.htm,1
4246,"

Vídeo mostra acidente de helicóptero que matou Kobe Bryant nos EUA #boato 
","Boato – Vídeo mostra o exato momento do acidente de helicóptero que vitimou o ex-jogador de basquete Kobe Bryant nos EUA. Aeronave girou no ar, caiu e explodiu.",vídeo exato o helicóptero kobe cair vídeo quedo helicóptero matar o ex jogador basquete kobe bryant.video acidentar jogador nba kobebryant morrer acidentar helicóptero califórnio imagem inédito acidentar kobe bryant e filho pessoa curtir,entretenimento,,"
Edgard Matsuki ",https://www.boatos.org/esporte/video-acidente-helicoptero-kobe-bryant-eua.html,0
4247,"

Camila Pitanga volta atrás e diz que laudo médico apontou Covid-19 em vez de Malária #boato 
","Boato – Depois de anunciar que está com malária, a atriz Camila Pitanga voltou atrás e admitiu que laudos médicos apontaram que ela está com Covid-19.",camila pitanga voltar internet e choco fã o o revelar realizar tratamento cloroquina descobrir erro laudo médico covid-19 o o invés malária,entretenimento,22/08/2020,"
Edgard Matsuki ",https://www.boatos.org/entretenimento/camila-pitanga-volta-atras-diz-laudo-medico-apontou-covid-19-malaria.html,0
4248,"

Pastor Valdemiro Santiago afirma que contraiu coronavírus e continuou pregando #boato 
","Boato – O pastor Valdemiro Santiago afirmou que contraiu o coronavírus e continuou pregando normalmente em cultos presenciais, colocando em risco centenas de fieis. Segundo ele, a doença não passou de uma “gripezinha” aqui ou uma “febrezinha” acolá.",o apóstolo valdemiro santiago colocar contribuinte assistir culto presenciar riscar vidar revelar contrair coronavírus e continuar pregação acontecer o afirmação o líder igreja mundial infectar o vírus feito durante pregação valdemiro santiago pioneiro brasil o contrair o doença temido população mundial acordar o análise apóstolo o doença vitimar milhar pessoa o o redor mundo “ gripezinha ” e “ febre ” acolá,entretenimento,10/06/2020,"
Raiane Gonoli ",https://www.boatos.org/religiao/pastor-valdemiro-santiago-pegou-coronavirus-e-continuou-pregando.html,0
4249,"

Joice Hasselmann contratou atores para atuarem como mendigos na cracolândia #boato 
","Boato – A candidata pelo PSL à Prefeitura de São Paulo Joice Hasselmann resolveu fazer uma campanha na região da “cracolândia”. Para tanto, ela contratou atores para atuarem como mendigos.",joice hasselmann contratar atores mendigo campanha cracolândia deputar joice hasselmann contratar atores passar mendigo mulher maquiavélico pobre joice hasselmann abraçar atores chegar o canalhice d raça,política,20/09/2020,"
Edgard Matsuki ",https://www.boatos.org/politica/joice-hasselmann-contratou-atores-papel-mendigos-cracolandia.html,0
4250,"

Globo pertence ao Bahrein, Líbia e Kuwait e atacou Bolsonaro por causa da Arábia Saudita #boato 
","Boato – Acordo entre Brasil e Arábia Saudita firmado por Bolsonaro irritou a Rede Globo, que pertence ao Bahrein, Líbia e Kuwait.",“ -a redar globo pertencer o o bahrein libia e kwait -a redar globo o país dinheiro empréstimo feito arabic bank -esses país dono redar família marinhar -esses país inimigo declarar emirado àrabes e arábio saúde -entenderam -bolsonaro negócio país inimigo redar globo -quanto o gente verdade e motivo condição defender bolsonaro d corja -“e conhecer o verdade e o verdade libertará”- ” “ o principal acionistas arab banking corporation entidade governamental kuwait investment authority participação 28.61 central bank of libya 28.46 e abu dhabi investment authority 26.56 o instituição constituir dezembro banco roma investimento instituição financeiro controlar roberto marinhar redar globo comunicação o arab banking corporation adquirir substancial participação acionária roberto marinhar tornando-se acionista controlador n ano o denominação passar o banco abc brasil ”,entretenimento,,"
Kyene Becker ",https://www.boatos.org/entretenimento/rede-globo-bahrein-libia-kuwait-bolsonaro-arabia-saudita.html,0
4251,"

Coral gay de San Francisco cria música que visa converter as crianças em gays #boato 
",Coral gay de San Francisco cria música que visa converter as crianças em gays #boato,“ inacreditável o coral gay francisco converter o filho vídeo inacreditável querer destruír o família e o valorar bíblicos” “inadmissível coral gay francisco querer filho “ convertido ” o o homossexualismo o vídeo ”,entretenimento,,"
Kyene Becker ",https://www.boatos.org/entretenimento/coral-gay-san-francisco-cria-musica-converter-criancas-gays.html,0
4252,"Com novas UTIs já cheias, PE vê lockdown ""muito difícil"" sem apoio federal  ",,leito uti unidade terapia intensivo criar tratar caso coronavírus ocupar o secretário saudar pernambuco andré longo admitir o governar analisar o necessidade ampliação isolamento social considerar difícil implementar fechamento o aceleração contaminação analisar cenário obviamente difícil pensar lockdown o chamar quarentenar absoluto o governar federal o forçar armar e o cenário político especial liderança país impedir parceria estreito sentir avançar processar lockdown o lockdown haver bloquear total atividades e circulação determinar locar avaliar situação diuturnamente o governador paulo câmara(psb secretário e técnico tomar melhorar decisão completar longo,saúde,15/04/2020 11h00 ,Carlos Madeiro,https://noticias.uol.com.br/saude/ultimas-noticias/redacao/2020/04/15/com-novas-utis-ja-cheias-pe-ve-lockdown-muito-dificil-sem-apoio-federal.htm,1
4253,É #FAKE que homem que fez papel de diabo em desfile da Gaviões da Fiel morreu carbonizado,Mensagem falsa circula após desfile da escola de samba de SP. Integrante e coreógrafo têm sofrido ameaças e explicam que ideia não era causar polêmica.,circular rede social o informação o homem o papel diabo desfilar gavião fiel morrer carbonizar o coreógrafo gavião edgar júnior o integrante escola interpretar o diabo viver e o equipar fato fake falar telefonar o rapaz querer identificar amedrontar ameaçar sofrer rede social edgar júnior o integrante representar o personagem sofrer ameaçar rede social,entretenimento, 06/03/2019, Por G1 ,https://g1.globo.com/fato-ou-fake/noticia/2019/03/06/e-fake-que-homem-que-fez-papel-de-diabo-em-desfile-da-gavioes-da-fiel-morreu-carbonizado.ghtml,0
4254,Portugal supera marca de mil mortes provocadas pela covid-19  ,,"portugal registrar morte n sexta-feira consequência covid-19 o doença provocar coronavírus e superar o marcar óbito durante o pandemia dia acabar o emergência decretar causar pandemia acordar apresentar direção saudar 25.351 caso infecção patógeno o o indicar taxar crescimento 1,2 e 1.007 óbito atualmente país pessoa internar hospital o dia d paciente unidade terapia intensivo acima desejar controlar dia afirmar o ministro saudar marta temer",saúde,01/05/2020 19h44 ,01/05/2020 19h44 ,https://noticias.uol.com.br/ultimas-noticias/efe/2020/05/01/portugal-supera-marca-de-mil-mortes-provocadas-pela-covid-19.htm,1
4255,Três membros do Colônia testam positivo para covid-19 em exames pré-retorno  ,,o colônia confirmar hoje redar social membro clube testar positivar o coronavírus exame realizar retornar campeonato alemão o comunicar pessoa apresentar sintoma doença e isolar período quarentenar doméstico dia o colônia realizar o equipar pessoal treinamento e supervisão teste covid-19 e pessoa apresentar resultar positivo nenhum apresentar sintoma e avaliação caso autoridade sanitário responsável pessoa positivar passar quarentenar doméstico dia o treinamento colonia continuar conformar o planejado dever s medir controlo higiene e infecção implementar abril afirmar comunicar oficial site clube o bundesliga interrompido início março e seguir previsão voltar atividades entanto dirigente principal clube país alegar o campeonato voltar o ligar entrar colapso,saúde,01/05/2020 17h37 ,01/05/2020 17h37 ,https://www.uol.com.br/esporte/futebol/ultimas-noticias/lancepress/2020/05/01/coronavirus-tres-membros-do-colonia-testam-positivo-nos-exames-para-o-retorno-da-bundesliga.htm,1
4256,"
  Argentina e Venezuela pagam auxílio emergencial e Cuba cobre salários durante a pandemia","Publicações compartilhadas milhares de vezes em redes sociais desde meados de setembro asseguram que Cuba, Argentina e Venezuela não possuem qualquer subsídio financeiro para ajudar sua população durante a pandemia de covid-19, ao contrário do auxílio emergencial brasileiro. No entanto, todos estes países implementaram alguma garantia: na Argentina e na Venezuela, paga-se um bônus e em Cuba, o governo garante o pagamento de salários.Envie-nos por WhatsApp Email","“ auxílio emergencial cubar 00,00 argentino 00,00 venezuela 00,00 brasil 600,00 socialista ‘ preocupar ’ pobre ” o texto compartilhar 6.500 facebook o o o dia setembro o alegação publicar twitter circular dia o presidente jair bolsonaro anunciar o prorrogação auxílio emergencial pagar abril o trabalhador informar microempreendedores e desempregar afetados pandemia covid-19 o inicialmente r$ mensal reduzir 1º setembro parcelar r$ pago dezembro o desencadear crítico oposição",brasil,17/09/2020 às 21:36,AFP Brasil,https://checamos.afp.com//argentina-e-venezuela-pagam-auxilio-emergencial-e-cuba-cobre-salarios-durante-pandemia,0
4257,EUA já devem saber mais sobre o Brasil do que os brasileiros  ,,alguém querer pesquisar método lavar jato e serviço espionagem brasileiro fácil encontrar documento fbi e departamento justiçar unir o revelação feito n segunda-feira uol repórter rogério gentile o dossiê antifascista nome produzir deputar estadual bolsonarista douglas garcia ptb-sp capítulo joint-venture informal estabelecido país depoimento justiçar garcia informar passagem o natural mundo entregar o dossiê o o deputar federal eduardo bolsonaro o filhar o encaminhar embaixada americano brasília dossiê diferente relatório ministério justiçar revelar uol o nome servidor segurança público e professorar acusar pertencer o movimentar antifascista provavelmente o destinar,política,10/08/2020 18h27 ,10/08/2020 18h27 ,https://noticias.uol.com.br/colunas/balaio-do-kotscho/2020/08/10/eua-ja-devem-saber-mais-sobre-o-brasil-do-que-os-brasileiros.htm,1
4258,Paciente morre após hospital que sofria ataque cibernético suspender atendimento na Alemanha,Autoridades que investigam o caso avaliam possibilidade de denunciar invasores por homicídio.,autoridade alemão informar mulher morrer conseguir atendimento emergência hospital sofrer atacar vírus resgatar investigação analisar o possibilidade denunciar criminoso responsável homicídio o casar acontecer clínico universitário düsseldorf datar atacar dia setembro o hospital anunciar o adiamento tratamento agendar e o interrupção atendimento emergência o paciente chegar o o hospital encaminhar o unidade saudar cidade wuppertal o quilômetros distância acordar o agência associated press o tratamento imediato o paciente falecer vírus resgatar ransomware praga digitar embaralhar atacar deixar o computador o o parcialmente inoperante,política, 21/09/2020 14h41 , ,https://g1.globo.com/economia/tecnologia/blog/altieres-rohr/post/2020/09/21/paciente-morre-apos-hospital-que-sofria-ataque-cibernetico-suspender-atendimento-na-alemanha.ghtml,1
4259,Foto mostra caçador segurando o maior gafanhoto do mundo!,,o imagem circular web haver década e deixar o intrigar senhor segurar pato traseiro o o inseto abater face terra,entretenimento,9/02/2012,Gilmar Lopes,https://www.e-farsas.com/foto-mostra-cacador-segurando-o-maior-gafanhoto-do-mundo.html,0
4260,Polícia do Reino Unido usa drones para alertar quem 'fura' quarentena  ,,o polícia reinar unir passar o drones monitorar o população e alertar pessoa continuar o sair prático exercício essencial o departamento derbyshire postar o filmagem equipamento monitoram distante trilhar e parque nacional imagem mostrar o drone aproximar e alertar pessoa passear cachorro considerar essencial departamento policiar espalhar inglaterra passar o deixar bilhete carro perguntar o dono veículo garagem casar,saúde,27/03/2020 09h25 ,"Do UOL, em São Paulo",https://www.uol.com.br/tilt/noticias/redacao/2020/03/27/policia-do-reino-unido-usa-drones-para-alertar-quem-nao-respeita-quarentena.htm,1
4261,"

Manuela D’Ávila cria lei do poliamor, que libera casamento entre pais e filhos #boato 
",Boato – A deputada Manuela D’Ávila criou um projeto de lei que libera a prática do poliamor e legaliza o casamento entre pais e filhos. Proposta vai ser votada na Câmara.,esquerdo maldizer proposto manuela d’ávila viçar haddad legalização casamentar pai e filho o votação dia agostar o mentir igreja católico falar o família ” tradicional ” o mãe guri futurar pernicioso pra geração futuro família d pra cubavejam votar lei chamar poliamor valer casamentar pai e filho irmão e irmão etc autoria orlar silvar pcdob e manuela d’avila durante o campanha enganar tolo missar comungar e rezar o padrar braço aberto teatro,política,20/08/2019,"
Edgard Matsuki ",https://www.boatos.org/politica/manuela-davila-lei-poliamor-casamento-pais-filhos.html,0
4262,vídeo mostrar o furacão dorian praticamente estacionar sobrar o bahamas,,diverso página e perfil principalmente o instagram arquivar e e o facebook arquivar e divulgar vídeo comer autêntico,entretenimento,5/09/20195,marco faustino,https://www.e-farsas.com/video-mostra-o-furacao-dorian-praticamente-estacionado-sobre-as-bahamas.html,0
4263,PF investiga se fraudes no Piauí foram além da Secretaria de Educação  ,,o pf polícia federal afirmar empresar contratar fraudulento governar piauí terceirizavam o serviço transportar escolar inadequado e colocar riscar estudante redar público cidade o investigação o modelar secretariar educação replicar pastar governar realizar n segunda-feira o fase operação topique investigar fraude contrato prestação serviço o pf buscar casar governador piauí wellington dia e primeira-dama rejane dia pt o o cumprir mandar buscar e apreensão acordar investigação o serviço mau qualidade resultar morte estudante serviço prestar terceirizados condição total insegurança aluno depender transportar escolar redar público haver notícia acidente grave vítima fatal envolver criança utilizar veículo inadequado subcontratado empresar afirmar o delegar albert paulo mouro comum paus-de-arara camionete pequeno caminhão o transportar aluno carroceria segurança,política,27/07/2020 16h28 ,Carlos Madeiro,https://noticias.uol.com.br/politica/ultimas-noticias/2020/07/27/pf-fraude-no-transporte-escolar-causou-mau-servico-acidente-e-morte-no-pi.htm,1
4264,"
  Batman não apareceu entre os manifestantes pró-Trump em Washington, mas em 2020 na Filadélfia","Publicações visualizadas milhares de vezes nas redes sociais desde o último 6 de janeiro mostram um homem vestido como Batman supostamente aparecendo entre os apoiadores do presidente dos Estados Unidos, Donald Trump, que invadiram o Capitólio, em Washington,  no mesmo dia. O vídeo é real, mas foi gravado na Filadélfia em maio de 2020, durante as manifestações desencadeadas pela morte de George Floyd pelas mãos da polícia.Envie-nos por WhatsApp Email",“ alertar horar apoiadores trump invadir o capitólio o batman restaurar o ordem ... ” o legendar irônica postagens facebook visualizar 9.000 anexar vídeo o câmera acompanhar homem disfarçar batman caminhar manifestante fumaça e o forte alvoroçar o vídeo começar o circular janeiro simpatizante trump interromper o votação congresso confirmar o eleição presidente joe biden entrar violentamente edifício capitólio o vídeo entretanto o evento buscar reverso imagem gravação diferente buscador revelar haver publicar maio youtube o título inglês “ salvar cidade batman prefeitura cidade filadélfia durante protestar george floyd ”,política,8/01/2021 às 22:02,AFP MENA,https://checamos.afp.com//batman-nao-apareceu-entre-os-manifestantes-pro-trump-em-washington-mas-em-2020-na-filadelfia,0
4265,É #FAKE que planta ao fundo de repórter seja pé de maconha,"Imagem da correspondente em Nova York Candice Carvalho na GloboNews tem viralizado nas redes. Planta atrás dela, porém, é a chamada 'money tree' (ou árvore de dinheiro), muito popular nos EUA.",viralizou rede social imagem correspondente york candice carvalho globonews aparecer d cenário plantar vaso mensagem sugerir tratar pé maconha o imagem circular reportagem feito candice n terço edição o planar presidente americano donald trump aumentar o teste detecção coronavírus o plantar aparecer o o fundir money tree árvore dinheiro popular eua,entretenimento, 29/04/2020, Por G1 ,https://g1.globo.com/fato-ou-fake/noticia/2020/04/29/e-fake-que-planta-ao-fundo-de-reporter-seja-pe-de-maconha.ghtml,0
4266,É #FAKE que governo russo soltou leões nas ruas para amedrontar a população e fazê-la ficar em casa por conta do coronavírus,Imagem que tem viralizado é uma montagem; leão que aparece foi filmado na África do Sul. Embaixada da Rússia nega e biólogo refuta possibilidade.,imagem compartilhar rede social noticiário tv contar o governar russo soltar leão s ruir o população medo circular e permanecer casar limitar o propagação coronavírus país o imagem si falso haver reportagem tv notícia trata-se montagem o foto utilizar o leão batizado columbus joanesburgo áfrico sul durante filmagem produção o fato reportar jornal época o embaixada rússia brasília negar o informação propalar e o governar jamais tomar medir sentir o embaixada haver sequer leão rússia contar animar abrigar zoológico o imenso território país d registrar fuga,mundo, 23/03/2020," Por Roberta Pennafort, CBN ",https://g1.globo.com/fato-ou-fake/noticia/2020/03/23/e-fake-que-governo-russo-soltou-leoes-nas-ruas-para-amedrontar-a-populacao-e-faze-la-ficar-em-casa-por-conta-do-coronavirus.ghtml,0
4267,Moto G9 Play e Moto G9 Plus chegam ao Brasil partindo de R$ 1.599,"Motorola anuncia nova geração de celulares com melhorias técnicas, mas preço da linha também sobe. Moto E7 Plus também é lançado.",o motorola anunciar n quinta-feira moto g9 play e moto g9 plus linha popular marcar d o empresar apresentar o moto e7 plus característico moto g o tela e múltiplo câmeras o moto e7 plus componente modesto prometer aproveitamento bater preço rodar o android e o motorola enviar atualizações ano linha moto g smartphones play costumar barato sacrifício especificação técnico,política, 10/09/2020 11h19 , Por G1 ,https://g1.globo.com/economia/tecnologia/noticia/2020/09/10/moto-g9-play-e-moto-g9-plus-chegam-ao-brasil-partindo-de-1599-reais.ghtml,1
4268,Coronavírus: LA diz que tem leitos e respiradores para 'poucas semanas'  ,,o angeles atingir o capacidade leito hospitalar semana considerar o aumentar caso coronavírus cidade alertar hoje o diretora serviço saudar christina ghaly o leito hospitalar tornar inadequado semana ghaly atualmente existir leito unidade terapia intensivo disponível município acordar apresentar o diretora expressar preocupação o o respirador disponível haver equipamento suficiente durar semana acordar o cnn pessoa o angeles infectar potencial infectar pessoa semana passar ghaly,saúde,29/06/2020 19h41 ,29/06/2020 19h41 ,https://noticias.uol.com.br/internacional/ultimas-noticias/2020/06/29/la-diz-que-tem-leitos-disponiveis-para-poucas-semanas-enquanto-eua-reabre.htm,1
4269,É #FAKE que Russomanno votou contra Ficha Limpa,Mensagem falsa circula em redes sociais. Lista da Câmara dos Deputados mostra que ele votou a favor do projeto em 2010.,circular rede social mensagem o candidatar o prefeito paulo celso russomanno republicano votar o projeto lei fichar limpo russomanno votar o projeto aprovar câmara maio deputar federal p paulo parlamentar sigla votar o p apresentar proposto excluir lista crime tornar político inelegível o ambientar e o saudar público idear rejeitar,política, 11/10/2020," Por Roney Domingos, G1 ",https://g1.globo.com/fato-ou-fake/noticia/2020/10/11/e-fake-que-russomanno-votou-contra-ficha-limpa.ghtml,0
4270,"""Deve estar assustado com a queda"", diz França sobre Russomanno e Datafolha  ",,o candidatar prefeitura paulo márcio frança psb afirmar o adversário celso russomanno republicano assustar o quedo pesquisar pedir o impugnação pesquisar datafolha o pesquisar instituto impedir circular decisão justiçar eleitoral hoje o 1ª zonar eleitoral paulo acatar pedir campanha russomanno o folhar s.paulo responsável instituto recorrer assustar vir o quedo segurar afirmar frança o o uol evento liderança zonar oeste barrir fundo,política,10/11/2020 20h30 ,Lucas Borges Teixeira,https://noticias.uol.com.br/eleicoes/2020/11/10/marcio-franca-russomanno-datafolha.htm,1
4271,"Vamos pensar na frente ampla para 2022, mas 'mais para frente', admite Lula  ",,o ex-presidente luiz inácio lula silvar pt confirmar candidatar integrar frente amplo esquerdo colocar discussão frente apesar considerar o união quadro e esquerdo o petista defender ações combater o governar jair bolsonaro discutir candidatar frente amplo candidatar pt frente pensar explicar lula afirmar vítima mentir jurídico ano brasil o ex-presidente precisar sair esfera esquerdo considerar fato o união frente amplo sinceramente gente falar frente amplo pt psol psb ... esquerdo andar amplo frente amplo capacidade conversar forçar político espectro esquerdo sustentar lula,política,10/03/2021 13h22Atualizada em 10/03/2021 15h14 ,"Arthur Stabile, Afonso Ferreira, Lucas Borges Teixeira, Nathan Lopes e Stella Borges",https://noticias.uol.com.br/politica/ultimas-noticias/2021/03/10/vamos-pensar-na-frente-ampla-para-2022-mas-mais-para-frente-afirma-lula.htm,1
4272,"

Ampliação do rodízio de veículos em São Paulo em 2020 vai incluir diversas avenidas #boato 
","Boato – Em 2020, a cidade de São Paulo terá aplicação do rodízio de veículos. Novo rodízio de carros vai incluir diversas avenidas das zonas Sul, Norte, Oeste e Leste.",avenida rodízio sp o ampliação rodízio sp incluir diverso avenida principal listamos abaixar zonar sul avenida joão dia avenida washington luís avenida interlagos avenida roberto marinhar avenida rocar petroni júnior avenida atlântico antigo robert kennedy avenida senador teotônio vilelazona norte avenida general ataliba leonel avenida general edgar facó avenida brás leme avenida inajar souza avenida engenheiro caetano álvares zonar oeste avenida escola politécnico avenida eliseu almeida avenida lineu paula machadar avenida jorge joão saad avenida francisco morato zonar ler avenida jacu pêssego avenida águia haia radial ler avenida aricanduva avenida miguel,brasil,24/01/2020,"
Edgard Matsuki ",https://www.boatos.org/brasil/ampliacao-rodizio-veiculos-sao-paulo-2020-incluir-diversas-avenidas.html,0
4273,paula fernandes apoiar o pt show cancelar falto público,,o notícia voltar o compartilhar o redar social e diverso whatsapp o semana janeiro acordar o texto o cantor mineiro paula fernandes colher o frutar “ castigar ” pelar público o apoiar artista o o pt o eleição,entretenimento,7/01/20197,gilmar lopes,https://www.e-farsas.com/paula-fernandes-apos-apoiar-o-pt-teve-2-shows-cancelados-por-falta-de-publico.html,0
4274,É #FAKE que imagens mostrem hospital de campanha sendo levado pela enxurrada com pacientes dentro,"Estrutura atingida pela água é um centro de acolhimento para refugiados, de acordo com a Prefeitura. Jornal Nacional e G1 noticiaram o episódio.",circular rede social vídeo mostrar o enxurrar invadir cobrir tender manaus legendar o afetado hospital campanha e paciente covid-19 levar água o vídeo mostrar hospital campanha atingir enchente cena verdade mostrar o destruição abrigar acolher imigrante manaus dia maio o jornal nacional e o g1 mostrar o vídeo o prefeitura manaus informar dia maio o postar interiorização e triagem pitrig estruturar operação acolhido governar federal danificar forte chuva atingir o capital amazonense,saúde, 18/05/2021," Por Roney Domingos, G1 ",https://g1.globo.com/fato-ou-fake/coronavirus/noticia/2021/05/18/e-fake-que-imagens-mostrem-hospital-de-campanha-sendo-levado-pela-enxurrada-com-pacientes-dentro.ghtml,0
4275,Elas costuram máscaras 12h por dia na periferia de SP para comprar comida  ,,e vender máscara caseiro virar complementar render gente n pandemia coronavírus haver mãe aliviar comprar comido casar e mimar filhar chocolate trabalhador o concorrência ficar e vender diminuir trabalhar horar dia periferia paulo vencer dificuldade história d o percepção o pessoa vender máscara crescer dia dia o caroline galvão representante marcar joias comercializar máscara tnt tecer tecer descartável r$ e r$ entanto o sair kit máscara r$ o preço concorrência chegar o r$ bairro morar jardim peri alto zonar norte paulo reverter o cenário adversar e esposo começar o pão e caldo vender alimentar e caroline oferecer o cliente máscara caseiro,saúde,28/06/2020 04h00 ,Henrique Santiago,https://economia.uol.com.br/noticias/redacao/2020/06/28/producao-mascaras-renda-periferia.htm,1
4276,"

Flamenguista está doando a esposa em troca de ingressos da Libertadores #boato 
",Boato – Um torcedor do Flamengo da cidade de Duque de Caxias está oferecendo a esposa por uma noite em troca de ingressos para as semifinais da Libertadores.,flamenguista doar o esposo noite trocar ingresso semifinal libertador web play morador duque caxias rir janeiro anúncio incomum rede social ricardo camelo ‘ boi magro ’ ano torcedor fanático flamengo e jogo semifinal libertador desempregar e dinheiro ricardo casar resolver oferecer o esposo suellen ano noite trocar ingresso jogo semifinal libertador e amigar o esposo torcer o fluminense e interessar jogo suellen casar ricardo haver ano ficar surpreso o proposto maridar aceitar reclamar pra sacrifício válido homem feliz … o pessoa haver oferecer o trocar o escolher ficar critério esposo afirmar gostar homem afeminar ricardo pedir suellen tirar foto sensual e postar rede social d o candidato aumentar e ingresso rapidamente,entretenimento,05/09/2019,"
Edgard Matsuki ",https://www.boatos.org/esporte/flamenguista-doando-esposa-ingressos-libertadores.html,0
4277,"

Chico Xavier escreve carta sobre mortes coletivas e nova era em 2019 #boato 
",Boato – A explicação sobre as tragédias que estão ocorrendo no ano de 2019 está em uma carta psicografada por Chico Xavier. Trata-se de uma nova era.,pra perguntar morte coletivas o cartar psicografada chico esperar ajudar chico xavier irmão amar tratar profecia querer chico … psicografou mensagem planar espiritual … anunciar o chegar … vivenciando d chegar e o mundo “ planeta terra “ conseguir chegar 21/07/19 o guerra mundial … luzir … recolhido pronto fraternidade e perdão … precisar retornar e ajudar fase … .estamos viver fase limpeza … desencarnes coletivos ocorrer e mear abril o natureza manifestar … … .. pessoa sentir o necessidade buscar o natureza e sair stress cidade e empresar … conectar forte animar e sentir vontade imenso amor fraterno e praticar amor … dor cabeça dor costa sensível “ chorar fácil “ sentir deslocar e insônia … .. sentir chegar … pessoa sensível pq certo d fase terra … …,entretenimento,15/03/2019,"
Edgard Matsuki ",https://www.boatos.org/religiao/chico-xavier-carta-mortes-coletivas-2019.html,0
4278,lula o votar parir presidente o história humanidade,"segundo gráfico espalhado nas redes sociais, o ex-presidente lula teria sido a pessoa que teve mais votos para presidente no mundo todo! será verdade?",o imagem voltar o circular facebook e whatsapp quinzena novembro e mostrar comprovar o ex-presidente lula o pessoa receber voto presidente história humanidade,política,20/11/2019,gilmar lopes,https://www.e-farsas.com/lula-foi-o-mais-votado-para-presidente-na-historia-da-humanidade.html,0
4279,"De cocar, Damares anuncia entrega de alimentos a aldeias indígenas; assista  ",,o ministro damares alves mulher família e direito humano anunciar hoje o pastar entregar cesta básico o comunidade indígena evitar índio cidade e expor o o coronavírus vídeo publicar twitter damares aparecer cocar colorir e máscara prevenção covid-19 o publicação distribuir cesta alimento o ministro o finalidade ação ficar confortável aldear n período pandemia ficar isolá-los mantê-los ficar vírus e ficar precisar comido levar cesta alimento s aldeia indígena precisar frequência cidade buscar insumos.#ninguemficapratras pic.twitter.com/bxpycaw0po,saúde,28/05/2020 14h33 ,28/05/2020 14h33 ,https://noticias.uol.com.br/politica/ultimas-noticias/2020/05/28/de-cocar-damares-anuncia-entrega-de-alimentos-a-aldeias-indigenas-assista.htm,1
4280,Caiado diz que Caixa prejudica isolamento com método do auxílio emergencial  ,,"o governador goiá ronaldo caiar dem criticar hoje o modelar caixa o cadastrar e pagamento auxílio emergencial r$ trabalhador informar durante o pandemia coronavírus caiar agência e lotéricas credenciado banco provocar aglomeração e prejudicar índice isolamento social cadastramento caixa provocar fluxo enorme pessoa agência e lotéricas discutir o presidente caixa expandir banco aglomeração precisar aglutinador pessoa causar filar quilômetros e quilômetros caiar evento online promover fgv fundação getúlio varga o governador goiano rejeitar tomar medir restritivo conter o propagação covid-19 isolamento total goiá lockdown tomar medir restritivo o comedir hoje haver quedo significativo isolamento social chegar o atingir 66,4 o alto índice país cair o patamar preocupante sexta-feira implementar metodologia fiscalização empresar cumprir o protocolo e voltar o o normal gradual afirmar caiar medir controlo seguir basear fiscalização prefeitura cassar alvará pessoa o o entrar estabelecimento máscara o empresar multar trabalhar sentir pessoa entender problema leito hospital",saúde,05/05/2020 18h41 ,05/05/2020 18h41 ,https://economia.uol.com.br/noticias/redacao/2020/05/05/caiado-diz-que-caixa-prejudica-isolamento-com-metodo-do-auxilio-emergencial.htm,1
4281,É #FAKE que homem foi colocado vivo em saco fúnebre na BA para inflar mortes por coronavírus,"Caso ocorreu em 2014, muito antes da pandemia de Covid-19. Na ocasião, homem foi declarado morto após sofrer duas paradas cardíacas.",mensagem circular rede social homem colocar viver sacar fúnebre bahia inflar morte coronavírus o mensagem falso padrão segurança sepultamento vítima covid-19 indício fraudar e familiar o curiosidade olhar vítima sanha pecuniário d monstro sepultar vivo aceitar familiar sepultar vê-los o declaração óbito o texto o mensagem o título reportagem veracidade o o boatar o casar utilizar ocorrer pandemia atual o link compartilhar notícia publicar g1 agostar contar o história valdelúcio oliveira ano passar horar sacar fúnebre sofrer parar cardíaco e declarar morto hospital lauro freitas região metropolitano salvador o casar levar o investigação época,brasil, 01/06/2020," Por Thaís Matos, G1 ",https://g1.globo.com/fato-ou-fake/coronavirus/noticia/2020/06/01/e-fake-que-homem-foi-colocado-vivo-em-saco-funebre-na-ba-para-inflar-mortes-por-coronavirus.ghtml,0
4282,"Brasil, o país dividido entre quem manda e quem obedece  ",,conhecer país sobrar punição pro guardar enquadrar o desembargador escrever o leitor identificar slovik comentário blog colega josias souza vizinhar uol respostar o o título coluna castigar o o desembargador país cético parecer o comentário internauta cobrir razão haver antecedente afinal brasil o país dividir mandar e obedecer casar semelhante o o desembargador eduardo almeida prado rocha siqueira humilhar o guardar municipal cícero hilário domingo santo sp recusar o máscara durante passear praia acontecer rir janeiro — e o desfechar história mostrar país caro josias,política,20/07/2020 15h50 ,20/07/2020 15h50 ,https://noticias.uol.com.br/colunas/balaio-do-kotscho/2020/07/20/agente-de-transito-da-lei-seca-foi-punida-no-rio-por-multar-juiz.htm,1
4283,"

Gene Kelly se inspirou no frevo de Recife para criar Cantando na Chuva #boato 
","Boato – O ator norte-americano Gene Kelly se inspirou no frevo de Recife para criar os passos de Cantando na Chuva. A família Kelly tem, até hoje, uma casa em Pernambuco.",gene kelly ator principal premiadíssimo filmar “ cantar chuva ” encontrar certo dificuldade filmar o clássico cena hoje encantar assistir película estúdio humildar faxineiro limpeza brasileiro bairro arruda zonar norte recife pe proativo profissional criar coragem e chegar o gene kelly e o diretor filmar e colocar discar e escutar arranjo versão oficial e querer encontrar o coreografia ideal cena pronto gene kelly escutar e dia voar o recife e estudar o frevo academiar professor pernambucano nascimento passar voltar eua gravar escutar músico compositor pernambucano antonio maria edição colocar o músico americano o original coreografia importante inicialmente capar sobretudo e conhecer o frevo acabar pedir guarda-chuvas homenagem o o frevo lançamento livrar “ ano frevo ” o neto gene kelly olinda pe participar d lançamento e depoimento mercar eufrasio barbosa “ avô dançar mudar vidar e d o carreira d mudar totalmente ” o família kelly casar hoje beirar mar praia enseada corar litoral sul pernambuco e familiar vir o américa sul curtir féria família o morte,entretenimento,16/02/2021,"
Edgard Matsuki ",https://www.boatos.org/entretenimento/gene-kelly-se-inspirou-frevo-recife-cantando-na-chuva.html,0
4284,"Hélio Angotti Neto é o novo secretário de Ciência, Tecnologia, Inovação e Insumos Estratégicos (SCTIE)",,secretariar coordenar o político ciência tecnologia e inovação ministério saudar o nomeação secretário publicar diário oficial união d quinta-feira hélio angotti neto passar o o titular secretariar ciência tecnologia inovação e insumo estratégico saudar sctie o sctie responsável político desenvolvimento científico e inovação saudar o secretariar atua pesquisar saudar e assistência farmacêutico acompanhar diariamente resultar pesquisar o respeitar covid-19 participar processar incorporação tecnologia avaliar produto passar o ofertar único saudar sus mercar medicamento mundo,saúde,22/06/2020 14h31,Da Agência SaúdeAtendimento à imprensa:(61) 3315.3580,https://www.gov.br/saude/pt-br/assuntos/noticias/helio-angotti-neto-e-o-novo-secretario-de-ciencia-tecnologia-inovacao-e-insumos-estrategicos-sctie,1
4285,Coronavírus: Governo não informa plano B para quando faltarem leitos de UTI  ,,"o crescimento infecção coronavírus país o ministério saudar enfrentar déficit leito uti unidade terapia intensivo tratar paciente grave abril noto técnico produzir pesquisador ufmg universidade federal minar gerar e ipea instituto pesquisar econômica e aplicar mostrar cenário otimista 0,1 brasileiro contaminar o d haver leito uti tratamento projeção pessimista população infectar covid-19 microrregião agrupamento município ficar sobrecarregar apesar d o governar informar o planar contornar escassez solicitar leito particular — solução previsto lei — acordar principal representante setor reunião diretas o ministério saudar haver proposto oficial relacionar contratação leito redar privar disponível e participar ministério adelvânio francisco morato presidente fbh federação brasileiro hospital",saúde,04/04/2020 04h00 ,Alex Tajra,https://noticias.uol.com.br/saude/ultimas-noticias/redacao/2020/04/04/pais-tera-falta-de-leitos-de-uti-e-governo-nao-informa-plano-para-escassez.htm,1
4286,É falsa corrente que acusa embaixada nos EUA de ser 'reduto do PT'  ,,o embaixada brasil washington unir reduto pt trabalhador batizado sala reunião o nome marielle franco e politicamente apoiar o esquerdo afirmar circular whatsapp e rede social o texto o presidente jair bolsonaro escolher o filhar eduardo bolsonaro deputar federal psl paulo o embaixador washington faxinar o órgão o acusação haver evidência fonte informação o texto acusar o embaixada batizar sala reunião o nome marielle franco vereador carioca assassinar e exibir parede o inscrição lula livrar referência prisão ex-presidente o pedir acusar o embaixada patrocinar manifestante reivindicar o soltura lula e abrigar integrante movimentar trabalhador rural terra mst o fonte d informação o advogar brasileiro viver washington e preciso embaixada resolver assunto brasileiro,mundo,06/08/2019 16h24 ,06/08/2019 16h24 ,https://noticias.uol.com.br/comprova/ultimas-noticias/2019/08/06/e-falsa-corrente-que-diz-que-embaixada-do-brasil-nos-eua-e-reduto-do-pt.htm,0
4287,"

Chineses não usam máscaras em reunião no Instituto Butantan, no Brasil #boato 
","Boato – Os chineses não usaram máscara em reunião no Instituto Butantan, no Brasil. Uma foto da ocasião mostra somente brasileiros usando a proteção facial, que não serve para nada. ",reunião chinês butantã apombaiado máskra algum chinês máskra pq nenhum chinês máskra pq servir pá,saúde,14/12/2020,"
Raiane Gonoli ",https://www.boatos.org/saude/chineses-nao-usam-mascaras-butantan-brasil.html,0
4288,'Volto rápido' e 'tô apavorado': as últimas mensagens de vítimas da Covid-19,"Familiares de pessoas que morreram em razão do coronavírus relatam a saudade e mostram algumas das últimas conversas que tiveram, por meio de mensagens de texto.","""Eu volto rápido"", escreveu a médica Monique Batista, de 29 anos, em mensagem enviada ao marido por meio do WhatsApp, pouco antes de ser intubada. Semanas depois, ela morreu em decorrência das complicações da Covid-19.  Monique é uma das milhares de vítimas do novo coronavírus no Brasil. Segundo o Ministério da Saúde, o país já registrou quase 150 mil mortes pela Covid-19 — o primeiro óbito ocorreu em 12 de março, conforme a pasta.  Em todo o mundo, mais de 1 milhão de pessoas já morreram em decorrência da doença causada pelo coronavírus. O Brasil é o segundo país com mais óbitos pela Covid-19, atrás apenas dos Estados Unidos, que já registraram mais de 210 mil mortes.  Em meio aos números de mortos pelo vírus, há a noiva do Arthur, o irmão da Ana Claudia, o filho mais velho de Elisangela, a madrinha da Clara, a amiga da Cristina e tantas outras histórias.",ciência, 09/10/2020 17h09 , Por BBC ,https://g1.globo.com/bemestar/coronavirus/noticia/2020/10/09/volto-rapido-e-to-apavorado-as-ultimas-mensagens-de-vitimas-da-covid-19.ghtml,1
4289,"Covas tem 'novos pontos de doença no fígado e nos ossos', diz prefeitura",,paulo exame prefeito paulo brunir cova psdb diagnosticar câncer demostrar o surgimento doença fígado e osso informar o prefeitura capital paulista n sexta-feira o boletim médico cova clinicamente sintoma e aptar o prosseguir atividades pessoal e profissional o noto .. acordar o prefeitura resultar exame levar o ajuste tratamento internar quinta-feira o prefeito continuidade quimioterapia vir e adicionar o imunoterapia alto início semana cova acompanhar equipar médico coordenar david uip artur katz tulio eduardo flesch pfiffer e roberto kalil filhar,brasil, Publicado em  16/04/21 16:31 ,Extra,https://extra.globo.com/noticias/brasil/covas-tem-novos-pontos-de-doenca-no-figado-nos-ossos-diz-prefeitura-24974928.html,1
4290,"

Nova York acabou de aprovar aborto até um dia antes do nascimento #boato 
","Boato – Nova York aprova lei que permite aborto até um dia antes do nascimento do bebê, caso haja problemas de bem-estar para na gestação. ",abortar aprovar atar dia nascimento vcs achar “ brincar ” servir deus e “ combater ” o olhar o o esquerdo “ conquistar ” york casar agir “ riscar bem-estar ” o gestante ” lembrar o prefeito o odiar o presidente bolsonaro lei arbitrário e subjetiva garantir abortar grátis e haver alegação “ riscar bem-estar ” o gestante o iorque aprovar o lei extremo existir unir o o extermínio humano ventre materno mulher abortar dia nascimento beber …,mundo,,"
Carol Lira ",https://www.boatos.org/mundo/nova-york-aprovar-aborto-antes-nascimento.html,0
4291,Justiça manda União dar R$ 8 mi para bebê ter o remédio mais caro do mundo  ,,"o justiçar federal brasília prazo horar o união desembolsar r$ 8,3 milhão e pagar o diferençar necessário o família paciente importar o remédio zolgensma considerar o caro mundo o decisão arthur beber ano e amar atrofiar muscular espinhal doença raro o importação zolgensma fabricar unir r$ 11,7 milhão o decisão 3ª varar cível o união completar o diferençar arrecadar família garotar r$ 3,3 milhão doação o despachar pedir oficial justiçar intimar urgente o união realizar o depósito r$ 8.394.748,46 prazo impreterível horar",saúde,16/09/2020 12h11 ,Wanderley Preite Sobrinho,https://noticias.uol.com.br/saude/ultimas-noticias/redacao/2020/09/16/justica-manda-uniao-pagar-r-8-milhoes-de-remedio-que-pode-salvar-bebe.htm,1
4292,"

Misturar diesel na gasolina melhora desempenho do carro #boato 
",Misturar diesel na gasolina melhora desempenho do carro #boato,né ensinar preciso d situação misturar especial entender aprender o melhor octanagem boto r$ gasolina comum e r$ diesel s10 o segredar parir parir limpar o bico parir o economia e parir o carro ficar forte ninguém contar né funcionar r$ gasolina comum e r$ diesel s10 o carro ficar parir e litro umar limpeza o bicar comer o s10 deixar resíduo valer r$ diesel s10 o realidade o misturar colocar ml litro gasolina ai tantinho umar octanada o gasolina e ficar pra caramba e ninguém contar algum mestre e ninguém querer o gente contar né ficar ligar valer antoninho obrigadão,ciência,,"
Carol Lira ",https://www.boatos.org/ciencia/misturar-diesel-gasolina-desempenho-carro.html,0
4293,É #FAKE que imagem avalia problemas de visão a partir de números que surgem em quadro,Mensagem promete diagnosticar falhas na visão a partir de determinado número visualizado. Médicos dizem que teste não é reconhecido e não tem nenhuma validade científica.,circular rede social testar pedir o leitor olhar quadrar e descobrir o algum problema visão e o mensagem identificar observar o pessoa miopia astigmatismo nenhum fake médico brasileiro oftalmologia cbo consultar equipar fato fake oftalmologista haver comprovação científico o testar circular idioma realmente funcionar wallace chamon membro brasileiro oftalmologia cbo enfático o mensagem falso o testar reconhecer comunidade médico e nenhum fundamentar científico considerar pessoa submeter o o testar correr riscar aconselhar procurar médico oftalmologista,saúde, 13/05/2019," Por Roney Domingos, G1 ",https://g1.globo.com/fato-ou-fake/noticia/2019/05/13/e-fake-que-imagem-avalia-problemas-de-visao-a-partir-de-numeros-que-surgem-em-quadro.ghtml,0
4294,"É falso que apenas três países, inclusive o Brasil, utilizem urnas eletrônicas",,urna eletrônicas utilizar país brasil cubar votação cédula papel,política,2020/10/01,Comprova,https://projetocomprova.com.br/publicações/e-falso-que-apenas-tres-paises-inclusive-o-brasil-utilizem-urnas-eletronicas/,0
4295,É falsa a corrente que diz que Xangai e Pequim não tiveram casos de coronavírus,,o oms o o contrário afirmar circular rede social e aplicativo mensagem registrar caso coronavírus pequim e xangai o dia abril levantamento universidade johns hopkins contar morte cidade o datar,saúde,2020/04/03,Comprova,https://projetocomprova.com.br/publicações/e-falsa-a-corrente-que-diz-que-xangai-e-pequim-nao-tiveram-casos-de-coronavirus/,0
4296,"

Quintero, do River Plate, diz que não conhecia o Flamengo e que Grêmio tem tradição #boato 
","Boato – O jogador Quintero, do River Plate, declarou, durante entrevista, que não conhecia o Flamengo, que o Grêmio tem tradição e que o time carioca ganhou uma Libertadores roubada.",“ sinceramente conhecer o flamengo ficar surpresar equipar tradição o grêmio eliminar clube expressão único libertador história roubar expulsar time adversário ” – quinteroquintero flamengo “ sinceramente conhecer o time ficar surpresar equipar tradição o grêmio eliminar único libertador história expulsar jogador time adversário esperar acontecer sábado ”,entretenimento,,"
Edgard Matsuki ",https://www.boatos.org/esporte/quintero-river-plate-conhecia-flamengo-gremio-tradicao.html,0
4297,"Sem isolamento e ações contra a Covid-19, Brasil pode ter até 1 milhão de mortes na pandemia, diz estudo","Estudo liderado pelo Imperial College de Londres foi assinado por 50 cientistas, incluindo um grupo relacionado à Organização Mundial da Saúde (OMS).","estudar liderar imperial college londres estimativo diferente país mundo seriar afetados pandemia coronavírus sars-cov-2 o o analisar o impactar país concluir governo adotarem medir rigoroso teste diagnóstico isolamento doente e distanciamento social frear o disseminação vírus 38,6 milhão vidar salvo representar redução mortalidade cercar o brasil país citar casar estratégia isolamento e enfrentamento pandemia o brasil 1,15 milhão morte dever covid-19 estratégia supressão rígido o população buscar bloquear o circulação vírus o estudar o morte reduzir 44,2 o imperial college o instituto responsável outro estudar virar marcar pandemia modelar matemático panorama extremamente sombrio o doença propagar país impactar o público saudar o sus reinar unir chamar nhs e pessoa morrer estudar o estratégia governar britânico mudar abandonar o imunização rebanhar o brasil estudar o cenário medir enfrentamento",ciência, 27/03/2020 21h40 , Por G1 ,https://g1.globo.com/bemestar/coronavirus/noticia/2020/03/27/sem-isolamento-e-acoes-contra-a-covid-19-brasil-pode-ter-ate-1-milhao-de-mortes-na-pandemia-diz-estudo.ghtml,1
4298,Veja como hóspedes de hotel na Espanha enfrentam quarentena por novo coronavírus,"Após hóspedes italianos serem diagnosticados com Covid-19, hotel nas Ilhas Canárias foi colocado em quarentena por autoridades de saúde.",absolutamente terrível lara pennington ano pessoa passar dia confinamento hotel estrelo tenerife ilhar canário espanha n quarta-feira quarentenar caso coronavírus detectar italiano lara vir manchester noroeste inglaterra féria filho pequeno e sogro idoso italiano hotel encaminhar o o hospital dormir preocupar o contágio ilhar espanholar telefonar reuters o família manter — autoridade abrandar regrar n quarta-feira pessoa apresentar nenhum sintoma doença frequentar o piscina e comum hóspede ouvir reuters telefonar reclamar informação comunicar o hotel informar cooperar autoridade responder o perguntar,ciência, 26/02/2020 18h34 , Por Reuters ,https://g1.globo.com/mundo/noticia/2020/02/26/veja-como-hospedes-de-hotel-na-espanha-enfrentam-quarentena-por-novo-coronavirus.ghtml,1
4299,É falso que MST tenha destruído estação de energia no Amapá,,imagem vídeo viralizou agricultor invadir fazenda correntina bahia protestar obrar irrigação reduzir o rir região – ligar o o mst,política,2020/12/02,Comprova,https://projetocomprova.com.br/publicações/e-falso-que-mst-tenha-destruido-estacao-de-energia-no-amapa/,0
4300,homem abusar criança auxílio avô amanhecer morto presídio o rs,,acordar o site o agente penitenciário explicar o motivar morte informação prévio levar facada história realmente verdadeiro descobrir o e-farsas,entretenimento,15/02/2019,marco faustino,https://www.e-farsas.com/homem-que-abusava-de-crianca-com-auxilio-da-avo-amanheceu-morto-em-presidio-no-rs.html,0
4301,CMN prorroga medida que proíbe bancos de distribuir resultados acima do mínimo para acionistas,Restrição terminaria em setembro; agora vai até dezembro. Objetivo é aumentar os recursos disponíveis nos bancos e garantir a disponibilidade imediata desses recursos.,o monetário nacional cmn decidir ampliar dezembro o proibição distribuição resultar acima mínimo obrigatório sócio e acionistas e o aumentar remuneração administrador instituição financeiro informar o banco central n sexta-feira o proibição aprovar abril e valer inicialmente setembro o vedação prorrogar o remuneração dirigente banco vincular o resultar obtido maneiro salário mensal normalmente haver distribuição valorar variável bônus e participação resultar o bc o objetivo aumentar recurso disponível banco e garantir o disponibilidade imediato d recurso,política, 29/05/2020 16h18 ," Por Laís Lis, G1 — Brasília ",https://g1.globo.com/economia/noticia/2020/05/29/cmn-estende-restricao-a-alta-de-salario-e-distribuicao-de-resultado-em-bancos-ate-dezembro.ghtml,1
4302,STF dá 48h para Salles explicar decisão que tirou proteção de manguezais   ,,o ministro rosar weber supremo tribunal federal determinar o ministrar ambientar ricardo salles prestar informação horar o decisão nacional ambientar conama revogar regrar proteger manguezal e restinguir o deliberação conama segunda-feira suspenso determinação justiçar federal rir janeiro o atar questionar supremo pt rosar weber o relator ação ... ler íntegro g1,política,01/10/2020 15h34 ,01/10/2020 15h34 ,https://noticias.uol.com.br/colunas/reinaldo-azevedo/2020/10/01/stf-da-48h-para-salles-explicar-decisao-que-tirou-protecao-de-manguezais.htm,1
4303,Monitoramento encontra dobro de mortes de índigenas por Covid do que número divulgado pelo governo,,rir o morte indígena fevereiro e outubro divulgar minsitério saudar o levantar coordenação organização indígena amazônia brasileiro coiab período analisar o governar contabilizar morte e o coiab o caso 22.127 registrar ministério e 25.356 sociedade civil o análise feito membro coiab e divulgar artigo científico publicar n segunda-feira revisto “ frontiers ” acordar o coordenação o contagem realizar março março feito juntar o liderança profissional saudar indígena organização redar coiab e ministério saudar o o objetivo revelar e evitar o subnotificação caso covid-19 indígena amazônia acordar o coiab indígena situação vulnerável pandemia covid-19 acordar o estudar amazônia legal o taxar incidência alto o médio nacional período estudar e o médio habitante região o taxar mortalidade indígena habitante superior médio brasileiro e superar o médio região o motivo levantar coiab invasão território grilagem e retirar madeirar e mineração ilegal — haver correlação direta o ocorrência atividades ilegal terra indígena e alto taxar incidência caso covid-19 — o pesquisador instituto pesquisar ambiental amazônia ipam martha fellows liderar o trabalhar autor pesquisador indígena coiab e cientista universidade brasília unb instituto internacional educação brasil iieb fundação oswaldo cruz lancaster environment center reinar unir e nature and culture international brasília caber ressaltar registro obedecer o critério estritamente científico e o o ordenamento jurídico reger o funcionamento serviço saudar indígena brasil o noto,saúde, Publicado em  12/04/21 17:59 ,Bruno Alfano,https://extra.globo.com/noticias/coronavirus/monitoramento-encontra-dobro-de-mortes-de-indigenas-por-covid-do-que-numero-divulgado-pelo-governo-24967634.html,1
4304,É #FAKE que foto mostre larva em morango capaz de provocar hepatite,Especialista diz que larva mostrada em fruta é comum em lavouras. Presidente da Sociedade Brasileira de Hepatologia diz que hepatite A é transmitida pela ingestão de água e de alimentos contaminados com dejetos humanos.,circular rede social vídeo mulher mostrar larva morangar e afirmar tratar brocar morangar causar hepatite doutorar engenhar agrícola universidade campino e autor mestrado instituição morango o professorar fernanda reiko especialista horticultura e olericultura escola superior agricultura luiz queiroz esalq afirmar o mensagem proceder falir germe germe andar comedir d inseto falir coleopítero verdade querer coleóptero e coleóptero besourar larva besourar inseto fernanda o larva presentar morangar vídeo joaninha inseto utilizar caso agente controlo biológico atacar organismo prejudicial lavourar,saúde, 19/10/2020," Por Roney Domingos, G1 ",https://g1.globo.com/fato-ou-fake/noticia/2020/10/19/e-fake-que-foto-mostre-larva-em-morango-capaz-de-provocar-hepatite.ghtml,0
4305,Coronavírus: Prefeito no Paraguai reforça fronteira com o Brasil cavando trincheiras,,"O prefeito de Ypejhú, Emigdio Morel, no departamento de Canindeyú, no Paraguai, determinou que a fronteira com o município brasileiro de Paranhos, no Mato Grosso do Sul, fosse reforçada por meio de trincheiras. Com o objetivo de evitar a circulação de pessoas diante da pandemia do novo coronavírus, a passagem foi totalmente bloqueada, seja a pé ou por algum transporte. A prefeitura paraguaia utilizou maquinaria institucional e contou com apoio da polícia. — A maior preocupação é que as pessoas não tomem consciência — disse Morel em entrevista de vídeo que ele compartilhou em sua página no Facebook. O delegado Luis Bordón afirmou aos jornais do país vizinho que a área de fronteira tem aproximadamente 15 quilômetros, com 31 pontos de acesso usados clandestinamente. Ele explicou que não é possível ter um controle total, então as fendas foram cavadas numa extensão de cinco quilômetros, nas principais travessias. Os poços têm um metro de profundidade e foram criados em 15 acessos improvisados. Há seis agentes de prevenção do Paraguai vigiando a fronteira, seis do Grupo de Operações Especiais (GEO), três de investigações e seis soldados com uma tarefa de 24 horas. ""Estamos fazendo isso do lado paraguaio porque a falta de conscientização é muito grande, nosso povo não entende, e brasileiros não estão tomando as medidas necessárias. A fronteira por terra é muito longa e a maior parte é plana, por isso foram feitas as trincheiras, porque não seremos capazes de cobrir tudo"", disse Bordón à imprensa local. Bordón especificou que o contingente de policiais uniformizados que vigiam a fronteira é composto por 6 funcionários de prevenção, 6 do Grupo de Operações Especiais (GEO), 3 de investigações e 6 soldados com uma tarefa de 24 horas. ""Há áreas em que se pode dizer que é terra de ninguém. Estamos muito preocupados e no Brasil existem vários casos de coronavírus. Se um caso aparecer (na cidade), não poderemos dar uma resposta, pois não temos médico nem nada. Só temos que nos proteger"", ele disse ao ""Ultima Hora"".",ciência, Publicado em  21/03/20 18:03 ,Extra,https://extra.globo.com/noticias/saude-e-ciencia/coronavirus-prefeito-no-paraguai-reforca-fronteira-com-brasil-cavando-trincheiras-rv1-1-24320751.html,1
4306,"

Documento “Da possível supernotificação de óbitos causados por Covid-19 no Brasil” é do TCU #boato 
",Boato – Está provado que o TCU criou um relatório falando que metade dos registros de mortes por Covid-19 são falsos. O documento se chama “Da possível supernotificação de óbitos causados por Covid-19 no Brasil”.,"tribunal contar união supernotificação óbito causar covid-19 o brasil segundar oficiar ministério saudar 194.944 pessoa morrer o ano dever covid-19 coligir o informação fornecido pelar secretariar estadual saudar ocorrer superdimensionados conformar pelar tcu o item 9.5.2 acórdão 2.817/ 2020-tcu-plenário utilizar o covid-19 comer critério parir transferência recurso base declarar pelar secretariar estadual saudar incentivar o supernotificação caso doença dever o medir confirmar o apresentar ente subnacionais.tal recomendação fundamentou-se o fato 44,9 recurso federar transferir parir combater pandemia distribuir base o taxar incidência covid-19 pesar haver evidência prático deletério acontecer o cotejar quase óbito covid-19 o ano analisar portal transparência registrar civil https //transparencia.registrocivil.org.br registro sítio manter pelar associação nacional registrador pessoa natural desenvolver parir disponibilizar o o cidadão informação e estatístico sobrar nascimento casamento e óbito entrar outro conteúdo relacionar conformidade o provimento n ” nacional justiça.inicialmente identifica-se o variação óbito ano parir outro oscilar o variação parir ano pandemia 15,1 o variação parir haver o covid-19 o variação médio óbito entrar e 8,8 aplicando-se variação médio o óbito registrar total 1.379.827 óbito registrar indício o pandemia causar efetivamente cercar óbito quase óbito registrar pelar secretariar estadual saudar comer decorrente covid-19 o outro óbito comer consequência pandemia o verdade outro causar mortis eventualmente o cujus portador covid-19 falecimento",saúde,07/06/2021,"
Edgard Matsuki ",https://www.boatos.org/saude/documento-da-possivel-supernotificacao-de-obitos-causados-por-covid-19-no-brasil-e-do-tcu.html,0
4307,Ministro da Saúde anuncia implantação do método Wolbachia em Campo Grande (MS),,o ministrar saudar luiz henrique mandetta assinar n segunda-feira cooperação implantação método wolbachia campar ms o tecnologia prever ações o bloquear transmissão dengue zika e chikungunya o assinatura o ministrar saudar entregar equipamento o redar atenção saudar o evento transmitir o o viver rede social ministério saudar facebook e twitter,saúde,14/02/2020 19h52,Mais informações / Ascom-MS (61)  3315-3580 / 2745 / 2351,https://www.gov.br/saude/pt-br/assuntos/noticias/ministro-da-saude-anuncia-implantacao-do-metodo-wolbachia-em-campo-grande-ms,1
4308, Messi não usou camiseta com foto de Bolsonaro  ,,circular rede social foto jogador futebol lionel messi levantar o uniformar barcelona time espanhol jogar e revelar camiseta imagem presidente brasileiro jair bolsonaro bolsonaro aparecer típico gesto arminha mão o cena comemoração gol compartilhamentos usuário acrescentar texto messi fã e toar e comedir mimimi petista falar montagem comentário elogiar o atitude atleta e o falsidade foto o imagem falso confirmar o assessoria imprensar barcelona foto verdadeiro o camiseta conter o frase fuerza tio o cena ocorrer jogar o real madrid dia março estádio camp nou casar barcelona,entretenimento,01/07/2019 04h00 ,Anita Grando Martins,https://noticias.uol.com.br/confere/ultimas-noticias/2019/07/01/messi-nao-usou-camiseta-com-foto-de-bolsonaro.htm,0
4309,fake news envolver o explosão o líbano,,o dia agostar incêndio armazém causar umar enorme explosã beirute deixar cercar morto e ferir o investigação o explosão causar incêndio armazém armazenar cercar tonelada nitratar amônio mau condição,entretenimento,10/08/2020,gilmar lopes,https://www.e-farsas.com/7-fake-news-envolvendo-a-explosao-no-libano.html,0
4310,Doria: Escritório de SP na China negocia liberação de insumos da vacina  ,,o governador paulo joão doria psdb hoje contar o atuação escritório governar paulista chino negociar o liberação insumo o produção coronavac doria afirmar o direção escritório comercial paulo xangai acompanhar o situação o impasse impacto diretamente produção dose vacinar covid-19 instituto butantan o escritório governar paulo xangai abrir entendimento autoridade chino o liberação insumo vacinar butantan doria durante entrevisto coletiva realizar palácio bandeirante paulo o governador paulista aproveitar valorizar o instalação escritório durante o gestão agostar o governar paulo criar xangai o unidade investsp agência paulista promoção investimento e competitividade doria o escritório ajudar o trazer respirador e epis equipamento proteção individual importar chino início pandemia,saúde,20/01/2021 13h31 ,"Leonardo Martins, Rafael Bragança e Allan Brito",https://noticias.uol.com.br/saude/ultimas-noticias/redacao/2021/01/20/doria-escritorio-de-sp-na-china-negocia-liberacao-de-insumos-da-vacina.htm,1
4311,"""Cada um de nós é um Boulos"", diz Erundina após candidato contrair vírus  ",,candidato o viçar guilherme boulos psol corrido prefeitura paulo o deputar federal luiza erundina psol dia cabeça chapar encerramento campanha n sábado boulos diagnosticar covid-19 e isolamento atenção voltar erundina comandar carreatas percorrer o cidade rumar avenida paulista boulos ficar tranquilo boulos luiza erundina candidato o viçar chapar psol,política,28/11/2020 16h36 ,Nathan Lopes,https://noticias.uol.com.br/eleicoes/2020/11/28/carreata-erundina-ultimo-dia-de-campanha.htm,1
4312,"

Tia de Marielle Franco denuncia armação de Brazão, Witzel e Globo contra Bolsonaro #boato 
","Boato – Em vídeo, a tia de Marielle Franco resolveu fazer denúncias em relação ao caso do assassinato da vereadora. Ela disse que Brazão pagou R$ 500 mil pelo crime e que Witzel e Globo estão tentando culpar Bolsonaro.",gente o falar gravar raquel dodge sair pgr haver denunciar domingo brazão mandante autor intelectual e mandante crime pagar r$ criminoso matar marielle o acontecer domingo brazão eleito conselheiro tribunal contar mandar dinheiro mandar finanças rir janeiro eleito dem pt psol.que acontecer marielle pedrar sapato d entender competir espaçar preferir matá-la o interessar né continuar marcelo freixo o dem rodrigar maio claramente o candidatar d marcelo freixo armação bolsonaro enfraquecer bolsonaro rir janeiro e desviar o focar investigação domingo brazão o gritar bolsonaro forte e assustar entender e o tirar sair culatrar porteiro peno d entrar proteção testemunhar investigar o porteiro chegar domingo brazão chegar governador chegar delegar raquel dodge colocar provar falso e testemunhar processar gente pensar entender pensar o governador rir janeiro proteger assassinar olhar o gravidade d entender parar pensar o redar globo cair armadilhar ferrenho ficar comprovar afirmação feito proteger domingo brazão bolsonaro tirar o outorgar redar globo tá agir proteger assassino pensar n,política,03/11/2019,"
Edgard Matsuki ",https://www.boatos.org/politica/tia-marielle-franco-denuncia-armacao-brazao-witzel-globo-bolsonaro.html,0
4313,Como a Argentina conseguiu manter o número de mortes por covid-19 sob controle,"Para especialistas, sintonia política entre governantes da situação e da oposição permitiu que fossem adotadas medidas comuns e conjuntas em todo o país.",apesar incrementar caso coronavírus dia o argentino manter morte covid-19 américas levantamento internacional dia o país passar o veicular anúncio oficial surpreender o população e estratégia governar evitar o propagação vírus apelar dramático responsabilidade social argentino risco covid-19 o propaganda mostrar imagem interior unidade terapia intensivo uti n suposto paciente deitar imóvel e respirar graça o aparelho imagem exibir alertar o o coronavírus capaz ouvir áudio pessoa planejando encontro amigo e familiar sinal preocupar,saúde, 03/08/2020 15h40 , Por BBC ,https://g1.globo.com/bemestar/coronavirus/noticia/2020/08/03/como-a-argentina-conseguiu-manter-o-numero-de-mortes-por-covid-19-sob-controle.ghtml,1
4314,Coronavírus: Argentina renova recorde de contaminações e mortes diárias  ,,"O Ministério da Saúde da Argentina informou, em seu boletim diário sobre a pandemia de coronavírus, números que ligaram o sinal de alerta nas autoridades. Pelo terceiro dia seguido, o país teve recorde em contaminações e em número de mortes causadas por covid-19. Nas últimas 24 horas, foram 2.635 novos casos e 38 mortes - ontem, o índice foi de 2.285 testes positivos e 35 óbitos. Entre as mortes do último balanço está a de uma menina de apenas um ano de idade. Ela, que vivia na província de Buenos Aires, tornou-se a pessoa mais nova do país a perder a vida por coronavírus. De acordo com o Clarín, o ministério local informou que a bebê tinha ""uma história de doença neurológica e doença pulmonar obstrutiva crônica com dependência de oxigênio"".",saúde,25/06/2020 09h32 ,25/06/2020 09h32 ,https://noticias.uol.com.br/internacional/ultimas-noticias/2020/06/25/coronavirus-argentina-renova-recorde-de-contaminacoes-e-mortes-diarias.htm,1
4315,Toque de recolher na Holanda gera confrontos com polícia e saques  ,,haia jan afp manifestação o tocar recolher vigor sábado holanda resultar confronto o polícia informar jornal e autoridade locar o polícia jatos d'água e cão dispersar o multidão museumplein praça centrar amsterdã centena manifestante reunir acordar o televisão eindhoven sul centena pessoa concentrar forçar ordem gás lacrimogêneo dispersar manifestante relatar o televisão regional omroep brabant,saúde,24/01/2021 15h00 ,24/01/2021 15h00 ,https://noticias.uol.com.br/ultimas-noticias/afp/2021/01/24/toque-de-recolher-na-holanda-gera-confrontos-com-policia-e-saques.htm,1
4316,Falta da segunda dose de CoronaVac é a cereja do bolo ruim de Pazuello  ,,difícil o barbeiragem general ativa eduardo pazuello passagem desastroso ministério saudar atrasar comprar vacinar o o remédio ineficaz o covid-19 utilização teste detectar o doença escassez oxigênio e kit intubação opção trapalhado s demonstração imperícia administrativo pazuello consequência importante aparecer dia o orientação município utilizar dose receber vacinar coronavac o aplicação precisar guardar o atos irresponsável ex-ministro resultar cidade cancelar o dosar medicamentar,política,03/05/2021 16h04 ,03/05/2021 16h04 ,https://noticias.uol.com.br/colunas/chico-alves/2021/05/03/falta-da-segunda-dose-de-coronavac-e-a-cereja-do-bolo-ruim-de-pazuello.htm,1
4317,"Comissão da União Europeia doa mais 4,9 bi de euros para desenvolver vacina  ",,"o presidente comissão europeu ursula von der leyen anunciar doação 4,9 bilião euro o acesso universal s vacinar teste e tratamento o coronavírus anúncio hoje von der leyen explicar o dinheiro vir team europe o banco europeu desenvolvimento colocar o pandemia terminar significar pessoa mundo acesso o teste o tratamento e o vacinar independentemente viver precisar investir desenvolvimento e produção vacinar velocidade precedente ressaltar o líder europeu o presidente frança emmanuel macron manifestar o temer e hoje comedir etapa o temer precisar unir amplificar esforço vacinar e tratamento e sanitário proteger maneiro rápido e melhor perante covid destacar",saúde,27/06/2020 12h18 ,27/06/2020 12h18 ,https://noticias.uol.com.br/ultimas-noticias/ansa/2020/06/27/comissao-ue-doa-mais-49-bi-de-euros-para-desenvolver-vacina.htm,1
4318,"
  A foto de uma multidão de vermelho é da torcida do Flamengo, não de ato contra Bolsonaro em 2021","Após dezenas de milhares de pessoas se manifestarem contra o governo do presidente Jair Bolsonaro em diversas cidades do país no último dia 29 de maio, usuários passaram a compartilhar nas redes sociais uma imagem áerea de uma multidão vestida de vermelho como se retratasse um desses atos. Isso é falso. A imagem viralizada foi feita em 24 de novembro de 2019, quando torcedores do Flamengo se reuniram no centro do Rio de Janeiro para comemorar o bicampeonato do time na Taça Libertadores.Envie-nos por WhatsApp Email",“ o recadar o comedir bozo cair ” o texto sobrepor imagem publicação compartilhar 3.800 facebook e instagram maio “ hoje avenida presidente varga rir janeiro forabolsonaro ” indicar outro usuário n dia registrar manifestação o presidente jair bolsonaro o início pandemia covid-19 opositor bolsonaro haver privilegiar mobilização virtual dever o o riscar propagação coronavírus o foto compartilhar rede feito d atos,brasil,31/05/2021 às 17:57,AFP Brasil,https://checamos.afp.com//foto-de-uma-multidao-de-vermelho-e-da-torcida-do-flamengo-nao-de-ato-contra-bolsonaro-em-2021,0
4319,foto mostrar o jogador neymar bêbado perder o faixar capitão verdade,,o foto neymar aspecto diferente atleta começar o espalhar o redar social e whatsapp o maio acordar o texto acompanhar o imagem o astro futebol “ entrar o cachaça ” perder o namorar brunir marquezine e o faixar capitão,entretenimento,1/06/20191,gilmar lopes,https://www.e-farsas.com/foto-mostra-o-jogador-neymar-bebado-apos-perder-a-faixa-de-capitao-sera-verdade.html,0
4320,Médico usa dados enganosos ao sugerir conspiração sobre covid-19,,verificar principal alegação post referência o vídeo médico espanhol negar o existência pandemia,saúde,2020/08/05,Comprova,https://projetocomprova.com.br/publicações/medico-usa-dados-enganosos-ao-sugerir-conspiracao-sobre-covid-19/,0
4321,CPI da Covid: o que investigação quer saber com depoimento de Wajngarten  ,,o ex-secretário comunicação fabio wajngarten depor n cpi covid investigar ações e omissão governar combater pandemia demitir governar bolsonaro suspeito corrupção wajngarten depoimento aguardar comissão parlamentar inquérito entrevisto revisto acusar o ex-ministério saudar eduardo pazuello incompetência negociação comprar vacinar objetivos cpi esclarecer o governar bolsonaro recusar o comprar milhão dose oferecido pfizer,política,12/05/2021 08h35Atualizada em 12/05/2021 08h43 ,Leticia Mori - Da BBC News Brasil em São Paulo,https://noticias.uol.com.br/ultimas-noticias/bbc/2021/05/12/cpi-da-covid-o-que-investigacao-quer-saber-com-depoimento-de-wajngarten.htm,1
4322,"

Lula, Bolsonaro e Rodrigo Maia estão infectados com coronavírus #boato 
","Boato – Bolsonaro e Rodrigo Maia são diagnosticados com coronavírus. Após ida à Itália, Lula também é contaminado com coronavírus. ",versão achar estranhar ninguém comentar o lula o corona vírus o itália versão bolsonaro contato direto pessoa infectar e o doença claro o antídoto fundamental fatiar homem e distribuir pedaço cientista achar o curar presidente versão o maio o virus porco contaminar brasileiro,política,22/03/2020,"
Carol Lira ",https://www.boatos.org/politica/lula-bolsonaro-rodrigo-maia-coronavirus.html,0
4323,Queiroga e França vão se reunir com embaixador da China após falas de Bolsonaro contra o país,,"BRASÍLIA - O ministro da Saúde, Marcelo Queiroga, e o chanceler Carlos França vão se reunir nesta sexta-feira com o embaixador da China no Brasil, Yang Wanming. De acordo com Queiroga, o intuito é ""ampliar as relações"" entre os países ""independente de quaisquer fatos"". O encontro ocorre dois dias após o presidente Jair Bolsonaro insinuar que os chineses podem ter criado o novo coronavírus em laboratório como parte de uma ""guerra química"". — Vamos continuar trabalhando para manter as boas relações que o Brasil tem com a China, no que tange a questão da saúde eu e o ministro Carlos França estamos trabalhando juntos. Amanhã nós temos uma audiência agendada com o embaixador chinês. E estou muitas esperanças que consigamos ampliar essas relações com a China independente de quaisquer fatos — disse Marcelo Queiroga durante depoimento à CPI da Covid. None Queiroga falou sobre o encontro ao ser indagado pelo senador Humberto Costa (PT-CE) se a fala de Bolsonaro contra a China ajuda ou atrapalha o esforço que tem sido feito pelo Ministério da Saúde para a aquisição de vacinas e insumos. — Eu imagino que ajudou muito a fala do presidente e o senhor vai chegar amanhã na Embaixada da China e vai ser recebido de braços abertos — ironizou Humberto Costa, após a resposta. As declarações de Bolsonaro sobre a China repercutiram negativamente na CPI. Logo no início da sessão, o senador Tasso Jereissati (PSDB-CE) apresentou requerimento para que o diretor-geral da Agência Brasileira de Inteligência (Abin), Alexandre Ramagem, seja ouvido no colegiado para explicar se há, de fato, indícios de uma guerra química como apontado por Bolsonaro. Tasso perguntou a Queiroga se ele tinha conhecimento de alguma informação que aponte a origem do coronavírus como uma guerra química proveniente da China. — Eu desconheço esses aspectos. O que posso dizer em relação à China é que nossa relação com o embaixador da China é a melhor possível — disse Queiroga. None O senador cearense insistiu se Queiroga sabia se, nas instituições mundiais de credibilidade, há algum indício de que isso seja produto de alguma guerra química. — Desconheço indícios de guerra química — respondeu o ministro. Queiroga chegou a dizer que Bolsonaro não mencionou a China. Jereissati rebateu, argumentando que, mesmo sem mencionar o nome do país, as declarações do presidente apontava sim para a China. None",brasil, Publicado em  06/05/21 15:40 ,Julia Lindner e André de Souza,https://extra.globo.com/noticias/brasil/queiroga-franca-vao-se-reunir-com-embaixador-da-china-apos-falas-de-bolsonaro-contra-pais-25006125.html,1
4324,Lula agora vai se resguardar e não entrar no varejo da luta política  ,,bolsonaro xingar vontade respostar ex-presidente lula rápido converso manhã d sábado tranquilo pressa definir encarar campanha eleitoral lula pretender resguardar o cenário favorável o e valer o peno correr risco desnecessário,política,15/05/2021 11h18Atualizada em 24/05/2021 21h29 ,15/05/2021 11h18Atualizada em 24/05/2021 21h29 ,https://noticias.uol.com.br/colunas/balaio-do-kotscho/2021/05/15/lula-agora-vai-se-resguardar-e-nao-entrar-no-varejo-da-luta-politica.htm,1
4325,PSDB vai apresentar ação para que Bolsonaro respeite regras sanitárias  ,,o senador tasso jereissati psdb-ce anunciar apresentar ação justiçar o presidente jair bolsonaro evento público respeitar regrar sanitário comum bolsonaro participar evento aglomeração e máscara — o psdb entrar ação obrigar o presidente o obedecer regrar sanitário estabelecido ministério saudar e anvisa agência nacional vigilância sanitário problema ocorrer boicotar o o programar afastamento social lembrar o senhor viver hoje crise vacinar e o distanciamento social o alternativo — jereissati ... ler íntegro n'o globo,política,18/05/2021 17h32 ,18/05/2021 17h32 ,https://noticias.uol.com.br/colunas/reinaldo-azevedo/2021/05/18/psdb-vai-apresentar-acao-para-que-bolsonaro-respeite-regras-sanitarias.htm,1
4326,Número de mortos da Itália salta 25% em um dia e chega a 1.809," País registrou 368 novas mortes neste domingo (15). O número de casos positivos aumentou para 24.747, com 3.590 novos casos.",o itália registrar morte relacionar o coronavírus horar o elevar o vítima fatal o 1.809 país o afetado europa balançar divulgar n domingo proteção civil sábado o infectar aumentar 3.590 caso horar quase o o aumentar dia anterior elevar o total o quase 25.000 o região milão lombardia norte continuar o afetada 1.218 morto e 13.272 caso o chefe instituto nacional saudar itália silvio brusaferro o itália atingir picar e começar o o caso diminuir o europa estabelecer medir proteção antar o avançar pandemia coronavírus causar morte continente o vírus comedir o derrubar o princípio união europeu quase fronteiro autoridade alemanha decidir fechar o segunda-feira fronteiro país o frança suíço e áustria parir anunciar reforçar controlo fronteiro o alemanha o fechamento parcial decidir o governar país vizinhar,ciência, 15/03/2020 14h51 , Por France Presse ,https://g1.globo.com/mundo/noticia/2020/03/15/italia-tem-recorde-de-mortes-em-24-horas-por-novo-coronavirus-368.ghtml,1
4327,Coronavírus: presidente da Caixa Econômica Federal anuncia novas reduções nas taxas de juros,"Taxa do cheque especial e do parcelamento do cartão de crédito será de 2,9% ao mês. Presidente da Caixa fez o anúncio em transmissão ao vivo ao lado do presidente Jair Bolsonaro.","o presidente caixa econômica federal pedrar guimarães anunciar n quinta-feira redução taxar juro checar especial e parcelamento cartão crédito o anúncio redução taxar dia motivar crise provocar pandemia coronavírus o anterior dia o taxar checar especial banco passar 4,9 2,9 o o “ taxar recordar termo – redução taxar o mercar ” afirmar o o presidente jair bolsonaro durante transmissão o o viver redar social",política, 26/03/2020 19h27 ," Por Laís Lis, G1 — Brasília ",https://g1.globo.com/economia/noticia/2020/03/26/presidente-da-caixa-economica-federal-anuncia-novas-reducoes-nas-taxas-de-juros.ghtml,1
4328,"

Bombeiros e Defesa Civil alertam para que pessoas retirem eletrodomésticos das tomadas por causa do calor #boato 
","Boato – Por causa do calor excessivo e o risco de incêndios, os Bombeiros e a Defesa Civil lançaram um alerta pedindo para que as pessoas retirem todos os eletrodomésticos das tomadas quando saírem de casa.",alertar bombeiro e defeso civil sair casar retirar eletrodomésticos tomar deixar o necessário o calor excessivo gerar sobrecarga padrão energia elétrica gerar sério risco incêndio tomar repassar,brasil,17/09/2019,"
Edgard Matsuki ",https://www.boatos.org/brasil/bombeiros-defesa-civil-retirem-eletrodomesticos-tomadas-calor.html,0
4329,É #FAKE que morte de traficante em tiroteio foi noticiada como se fosse por Covid-19,"Montagem que circula pelas redes adultera legenda de programa da GloboNews transmitido em fevereiro de 2019. Repórter falava, na verdade, sobre as fortes chuvas no Rio de Janeiro.",circular rede social imagem transmissão globonews afirmar traficante trocar tiro policiar considerar vítima covid-19 o montagem sobrepor o legendar original globonews afirmação falso o respeitar traficante e covid-19 o imagem original verdade transmissão o o viver o o ar fevereiro o legendar original falir forte chuva rir janeiro deixar o cidade estágio atenção e pessoa morto,entretenimento, 31/03/2020, Por G1 ,https://g1.globo.com/fato-ou-fake/noticia/2020/03/31/e-fake-que-morte-de-traficante-em-tiroteio-foi-noticiada-como-se-fosse-por-covid-19.ghtml,0
4330,Doria prorroga quarentena em SP até 31 de maio e não descarta lockdown  ,,"O governador de São Paulo, João Doria (PSDB), anunciou hoje a prorrogação da quarentena no estado até o dia 31 de maio. A decisão foi tomada nesta manhã, após uma reunião entre ele, o Centro de Contingência ao Coronavírus e secretários. Esta é a segunda vez que o político tucano estende o período de isolamento social como medida de combate à covid-19. Ele ainda declarou que não está totalmente descartada a possibilidade de adotar um lockdown (fechamento total) em cidades do estado, embora a medida não esteja prevista. O prefeito Bruno Covas (PSDB) afirmou que a quarentena também será estendida até 31 de maio na capital. Em entrevista coletiva no Palácio dos Bandeirantes, Doria se emocionou e ficou com a voz embargada ao anunciar o aumento do isolamento e ao falar sobre o Dia das Mães, que será celebrado neste domingo (10).",saúde,08/05/2020 12h42Atualizada em 08/05/2020 17h55 ,Felipe Pereira,https://noticias.uol.com.br/saude/ultimas-noticias/redacao/2020/05/08/sao-paulo-doria-quarentena.htm,1
4331,Ambulante de 32 anos morre de covid-19 uma semana após ser internada no Rio  ,,ambulante ano trabalhar rodoviário rir bonito região metropolitano rir morrer vítima covid-19 informar o ses secretariar estadual saudar cleuza fernandes silvar bordão horar sair referência vender bananada rodoviário cidade trabalhar haver ano o prefeitura dia sentir sintoma doença e internar dia insuficiência respiratório e parar cardíaco imediatamente o o perceber sintoma o equipar unidade isolar o paciente informar o prefeitura atendido hospital regional darcy varga e morrer dia semana internar acordar o prefeitura o vítima portador doença crônica paciente idoso ano internar e isolar unidade decorrência coronavírus o rir registrar o morte complicação decorrência covid-19 e caso infecção confirmar o capital,saúde,31/03/2020 16h45 ,Marcela Lemos,https://noticias.uol.com.br/saude/ultimas-noticias/redacao/2020/03/31/ambulante-de-32-anos-morre-no-rio-uma-semana-apos-ser-internada.htm,1
4332,Ariana Grande e Taylor Swift doam dinheiro a fãs afetados pelo coronavírus  ,,o cantor ariano ajudar combater o causar pandemia coronavírus britney spears insuflar seguidor o lutar redistribuição render ariano exatamente modo discreto e direto o taylor swift acordar o site tmz diverso pessoa ligar cantor confirmar procurar pessoa afetadas pandemia ajudar financeiramente o revisto people swift o e us$ o fã ler abaixar ariano manter o contato seguidor rede social e aproximar d contar problema e dificuldade d e o tmz citar caso atender cantor repassar doação dinheiro aplicativo pagamento criar alar chegar o doar us$ o us$ 1.500 pessoa necessidade caso homem dinheiro pagar aluguel ficar trabalhar quarentenar,saúde,26/03/2020 08h50 ,26/03/2020 08h50 ,https://entretenimento.uol.com.br/noticias/redacao/2020/03/26/ariana-grande-esta-doando-dinheiro-secretamente-para-afetados-pela-covid-19.htm,1
4333,"

Nova Havan da cidade tem vagas de emprego e contrata mesmo sem experiência #boato 
",Boato – Nova unidade das Lojas Havan será inaugurada aqui na cidade. Empresa tem vagas de emprego e contrata mesmo sem experiência.,"havan cidade inauguração março contratar experiência benefício ▪ valer refeição ▪ valetransporte ▪ cesta básico ▪ convênio médico vago disponível caixa salário r$ 1.780,00 aux limpeza salário r$ 1.650,00 repositor salário r$ 1.570,00 estoquista salário r$ 1.510,00 empacotador salário r$ 1.080,00 jovem aprendiz salário r$ 990,00 ajudante salário r$ 1.460,00oportunidades havan contratar urgência março inaugurar o havan vago empregar disponível diverso setores contratar experiência preencher corretamente nome cidade emailvagas urgente trabalhar – preciso experiência – agendar entrevisto clicar opção interessar agendar entrevisto vago disponível seguir passsos e acesso o vago empregos!1 clicar “ compartilhar ” e enviar mensagem o amigo clicar “ continuar ” pronto vago emprego liberar e agendar entrevisto importante compartilhar completar o barrir azul",entretenimento,19/02/2020,"
Edgard Matsuki ",https://www.boatos.org/tecnologia/nova-havan-cidade-vagas-emprego-contrata-sem-experiencia.html,0
4334,"Para médica Nise Yamaguchi, comunidade científica conspira contra a vida  ",,gente o oncologista nise yamaguchi falir resistência médico o o hidroxicloroquina prevenção e tratamento covid-19 referir o importante pesquisador comunidade científico mundo o recusar recomendar e divulgar o medicamentar ligar o interesse escuso líder empenhar conspiração o vidar trás atacar cloroquina haver competição potência dominação planeta envolver geopolítico nise entrevisto concedido quinta-feira casar haver série fatores levar tentativo enfraquecer população deixar morrer país colapsa e ajoelhar perder o capacidade produção lutar o brasil fortalecer sobrevivo o guerra o médico esquerdo particularmente empenhar n enfraquecimento,saúde,19/07/2020 04h00Atualizada em 21/07/2020 08h26 ,19/07/2020 04h00Atualizada em 21/07/2020 08h26 ,https://noticias.uol.com.br/colunas/paulo-sampaio/2020/07/19/para-medica-nise-yamaguchi-comunidade-cientifica-conspira-contra-a-vida.htm,1
4335,"Guerra cultural de Bolsonaro prejudica combate à pandemia, diz pesquisador  ",,eleição presidência repúblico jair bolsonaro deixar claro principal objetivo apagar marcar governo esquerdo deixar instituição brasileiro guerra cultural basear fake news e informação comprovação científico elemento central governar transformar obstáculo enfrentamento pandemia covid-19 o análise pesquisador joão cezar castrar rocha professor doutor literatura comparar universidade rir janeiro uerj lançar o livrar guerra cultural e retórico ódio editorar haver governar haver político público político público definição pautar ideologia explicar rocha respeitar objetivos realidade,saúde,17/01/2021 04h00 ,17/01/2021 04h00 ,https://noticias.uol.com.br/colunas/chico-alves/2021/01/17/exito-do-bolsonarismo-marca-a-derrota-do-governo-bolsonaro-diz-pesquisador.htm,1
4336,"CPI da Covid detalha falhas na pandemia e se torna mais um obstáculo para reeleição de Bolsonaro, dizem analistas  ",,semana atuação cpi comissão parlamentar inquérito covid o saldar o governar jair bolsonaro positivar avaliar analista político ouvir bbc news brasil testemunhar ouvir trazer revelação bombástico o atuação federal pandemia outro depoimento servir detalhar profundidade falho gestão bolsonaro o demorar fechar contrato comprar vacinar e o reação insuficiente o o colapso saudar amazona especialista entrevistar trabalhar comissão o efeito sistematizar e documentar responsabilidade governar federal enfrentamento crise coronavírus aumentar obstáculo tentativo reeleição presidente jair bolsonaro outubro,política,24/05/2021 11h19Atualizada em 24/05/2021 13h32 ,Mariana Schreiber - @marischreiber,https://noticias.uol.com.br/ultimas-noticias/bbc/2021/05/24/cpi-da-covid-detalha-falhas-na-pandemia-e-se-torna-mais-um-obstaculo-para-reeleicao-de-bolsonaro-dizem-analistas.htm,1
4337,"

Consegui ter acesso a qualquer senha Wi-Fi com link no WhatsApp #boato 
",Boato – Site compartilhado no WhatsApp permite que você tenha acesso a qualquer senha Wi-Fi e não precise mais usar dados móveis do seu telefone.,olhar conseguir acesso o senha wi-fi mover link site,entretenimento,,"
Edgard Matsuki ",https://www.boatos.org/tecnologia/consegui-acesso-senha-wi-fi.html,0
4338,AstraZeneca testa medicamento que pode dar imunidade instantânea ao coronavírus  ,,cientista reinar unir e unir fase teste medicamentar imunidade instantâneo o o coronavírus evitar pessoa contato recente alguém infectar desenvolver o doença o drogar criar farmacêutico astrazeneca e chamar azd7442 combinação anticorpo monoclonais feito laboratório o anticorpo pessoa recuperar covid-19,saúde,26/12/2020 17h31Atualizada em 28/12/2020 09h03 ,Fabiana Cambricoli,https://noticias.uol.com.br/ultimas-noticias/agencia-estado/2020/12/26/astrazeneca-testa-medicamento-que-pode-dar-imunidade-instantanea-ao-coronavirus.htm,1
4339,Ministro do STJ pede apuração de suposto vazamento de operação da PF contra Witzel,"Operação Placebo foi deflagrada nesta terça e apura supostos desvios na saúde. Um dia antes, deputada aliada de Bolsonaro adiantou que haveria operações contra governadores.",o ministrar benedito gonçalves superior tribunal justiçar stj pedir n quarta-feira o o ministério público federal mpf o apuração o supor vazamento operação polícia federal pf deflagrar n terça-feira e o governador rir janeiro wilson witzel investigar ​segundo o ministrar o vazamento confirmar necessário responsabilizar penalmente o autor conduta ilícito prejudicar o integridade instituição o ministrar stj o responsável atender o pedir ministério público e autorizar o deflagração operação realizar n terço o federação nacional policiar federar defender n terço o apuração vazamento ação deputar federal carla zambelli psl-sp principal aliar presidente jair bolsonaro congresso o fenapef notório o vínculo zambelli e associação delegar federar,política, 27/05/2020 10h10 , Por G1 — Brasília ,https://g1.globo.com/politica/noticia/2020/05/27/ministro-do-stj-pede-apuracao-de-suposto-vazamento-de-operacao-da-pf-contra-witzel.ghtml,1
4340,"Com Lula e Bolsonaro, combate à corrupção pode ser tema órfão em 2022  ",,"Pesquisa Datafolha informa que a grossa maioria dos brasileiros (67%) acreditam que haverá mais corrupção no país daqui para a frente. Esse índice vem crescendo desde 2019. Em abril do primeiro ano do governo Bolsonaro, 40% dos brasileiros achavam que a roubalheira iria aumentar. Em agosto de 2020, a taxa já estava em 56%. Agora, praticamente sete em cada dez brasileiros apostam no crescimento da corrupção.  A percepção da sociedade orna com acontecimentos que devolvem os maus costumes às manchetes. Chamam a atenção, por exemplo, o desmonte da Lava Jato, o desvio de verbas da saúde em vários estados em plena pandemia, o casamento de Bolsonaro com o centrão e a lavagem da ficha suja de Lula no Supremo Tribunal Federal. A conjuntura malcheirosa é percebida também no exterior. A OCDE, Organização para a Cooperação e Desenvolvimento Econômico, um clube de países ricos do qual o Brasil deseja ser sócio, tomou uma atitude inédita: criou um grupo para monitorar o combate à corrupção nesta terra de palmeiras. Estão sob observação, por exemplo, o futuro dos casos da Lava Jato e o inquérito contra Flávio Bolsonaro, o primogênito do presidente.",política,22/03/2021 23h05 ,22/03/2021 23h05 ,https://noticias.uol.com.br/colunas/josias-de-souza/2021/03/22/com-lula-e-bolsonaro-combate-a-corrupcao-pode-ser-tema-orfao-em-2022.htm,1
4341,É #FAKE que Anvisa fez post anunciando link de cadastro para vacina contra Covid-19,Agência Nacional de Vigilância Sanitária alerta que mensagem é falsa. Link para cadastro não leva ao site da Anvisa e pode ser perigoso. Anvisa não distribui vacinas e não vacina ninguém.,circular rede social mensagem imitir o logotipo agência nacional vigilância sanitário anvisa e falir 250.000 vacinar disponível covid-19 o texto basto o pessoa cadastrar obter o imunizante o mensagem apresentar link encurtar levar o o site anvisa o site perigoso pedir o pessoa fornecer pessoal nome e e-mail o anvisa divulgar rede social avisar o mensagem falso post circular rede e o nome anvisa divulgação distribuição vacinar falsar o anvisa distribuir vacinar e vacinar ninguém,saúde, 08/02/2021," Por Roney Domingos, G1 ",https://g1.globo.com/fato-ou-fake/coronavirus/noticia/2021/02/08/e-fake-que-anvisa-fez-post-anunciando-link-de-cadastro-para-vacina-contra-covid-19.ghtml,0
4342,"'Bolsonaro ficou estacionado na fase da negação da covid-19', diz Mandetta  ",,"o ex-ministro saudar luiz henrique mandetta dem-ms colocar militar conduzir o pastar durante o pandemia covid-19 deixar o saudar brasileiro mão jogador futebol físico nuclear riscar história país"".mandetta exonerar presidente jair bolsonaro mear abril divergência respostar doença causar coronavírus o ministrar substituir médico nelson teich cargo pedir demissão mear maio o pastar saudar o comandar interino general eduardo pazuello.após o início epidemiar brasil bolsonaro começar o cercar d pessoa crise adorar falar o o chefe ouvir mandetta.em entrevisto dw brasil o ex-ministro comentar o apagão covid-19 ministério saudar início junho saudar existir segredar orientar o população e transparentar melhor colocar segredo doença infeccioso errar profundamente o segredar passar o o aliar vírus cabeça militar o segredar importante surpreender o inimigo o ex-ministro falir o quarentenar colocar deixar o cargo impedir temporariamente atuar iniciativo privar e futurar político.dw brasil o brasil hoje o país mundo o infectar coronavírus e morto decorrência doença unir chegar o ponto?luiz henrique mandetta crer o brasil abrir mão continuar único saudar sus participação federal estadual e municipal o tripartite envolver decisão e ministério o participação cidade e união convergir conferir empoderamento técnico e político tomador decisão pontar respaldar governo estadual e união romper cidade ficar sujeito pressão político contar eleição municipal avizinhar governador dever s necessidade repassar recurso federar o diminuir o articulação técnico começar o prevalecer o articulação política.o conflito orientação verificar autoridade o presidente e governador contribuir chegar o vidar perdido o coronavírus?acho o presidente o figurar imagem acabar servir álibi querer tomar decisão difícil servir desculpar cidadão começar politicamente o questionar medir prefeito e governador o argumentar o presidente condenar sinalização compassar o ministério saudar governador prefeito direção o presidente o desconfortar tamanho exonerar o ministrar seguinte nelson teich pedir exoneração o vir o d ocupação militar ministério saúde.essa militarização ministério tornar nítido o sair nome técnico pastar o ex-secretário nacional vigilância saudar wanderson oliveira e o ex-secretário-executivo joão gabbardo d general ministrar interino o dia maio dever ficar preocupados?é colocar o condução ministério saudar riscar história país mão jogador futebol mão físico nuclear ... abre-se mão academiar século construção saudar público o wanderson enfermeiro mestrado e doutorar especializar centrar controlo e prevenção doença cdc unir o gabbardo ex-secretário estadual saudar ano experiência acostumar gestão crise conjuntar trocar perder o linha político anunciar medir haver competência militar esquentar o cadeira ministério saudar indicação político provavelmente alguém centrão"".no início junho o governar federal reduzir o transparência covid-19 enxergar episódio?na saudar existir segredar orientar o população e transparentar melhor colocar segredo doença infeccioso errar profundamente o segredar passar o o aliar vírus cabeça militar o segredar importante surpreender o inimigo ano o brasil epidemiar meningite classificar proibir comentar o doença alastrar brasil inteirar o acabar condição mínimo pedir colaboração população.o ministério saudar perder o credibilidade epidemiar ocorrer internet adiantar conseguir esconder lamentavelmente necessário o supremo tribunal federal stf ordenar o ministério o o papel o linha defeso pessoa família dá-se âmbito casar e linha defeso feito informação.há denúncia o exército gastar r$ 1,5 milhão ampliar estocar cloroquina eficácia o covid-19 comprovar o senhor afirmar haver aval ministério saudar e o ordem aumentar o produção medicamentar laboratório exército tomar presidente e ministério defeso haver algum bolsonaro realmente ouviu?o presidente escutar início levar o gravidade casar covid-19 comum o médico diagnóstico durar pessoa sair consulto negar o reação o notícia duro geralmente o negativo o raivar o tristeza e finalmente o aceitação e o colaboração o presidente ficar estacionar fase negação movimentar o fase raiva.então começar o cercar d pessoa crise adorar falar o o chefe ouvir acreditar e expor o o ridículo redar nacional televisão o coronavírus gripezinha matar ninguém apegou-se o cloroquina o presidente eua donald trump o medicamentar tratar o doença o influência trump n negativo bolsonaro aparecer caixa mão o cloroquina iriar salvar mundo.enfim militar o ministério saudar especialidade logístico medicamento gastar dinheiro quase ano consumir o presidente deixar o história julgar provavelmente capítulo chamar cloroquina brasil o único país discutir empenhar enfrentar grave problema causar pandemia.recentemente o presidente acusar o senhor inflar caso coronavírus país ... achar efeito algum medicamentar sofrer algum delírio algum normalidade homem submeter o estresse o pressão s tomar algum medicamentar dormir sentir ... comer algum comido estragar falar bobagem d perdoar coitar estima-se município brasileiro caso confirmar coronavírus parecer imune doença paraná e rir sul registrar cenário preocupante?o brasil país continental haver comparar o comportamento coronavírus o país europeu o europa ocidental chegar o o tamanho amazônia cidade e região diferente o pandemia começar claramente manaus am fortalezar ce paulo sp e rir janeiro rj provavelmente dever o aeroporto internacional e casar manaus zonar franco o doença região trata-se vírus extremamente competente propagar sul passar período pandemia atravessar o julho o centro-oeste o processar durar agostar provavelmente setembro homogêneos analisar fato o epidemiar brasileira.o senhor impedir temporariamente comissão ético atuar iniciativo privar parece-me critério aplicar o o ex-ministro nelson teich pessoal?é o história ministrar saudar postar quarentenar pessoal solicitar reconsideração argumentar haver conflito interessar saudar o interessar justamente evitar pessoa adoecer conflitar interesse governar o governar pessoa ficar doente e morrer tamanho o incoerência o sucessor nelson teich solicitar autorização trabalhar e autorização pleno ficar dia ministério saudar alguém achar trabalhar reconhecer e autorizar trabalhar deixar o governar o governar confessar teich ficar comandar perdido.nos eua o presidente donald trump perder capital político dever o o modo conduzir o país durante o pandemia haver custar o reeleição d acreditar passar parecer aqui?o presidente bolsonaro apostar o assunto saudar facilmente esquecer pessoa cabeça presidente pessoa lembrar d querer parar trabalhar defender o economia o assunto economia importante acreditar o economia recuperar festa macabro e aposto fichar sentir o jogar o eua eleição ano o gravidade pandemia exercer pressão.ainda o ano processar eleitoral conseguir enxergar futurar político?é difícil responder acreditar político destinar e consequência o pessoa brasil reunir e convergência projeto nação polarização pt e o núcleo bolsonaro falar olhar votar mim o pt voltar e o outro votar mim o bolsonaro ficar tratar o eleitor o cidadão hipossuficiente mental torcedor apaixonar e burro nenhum extremar o traçar pautar componente democrático.construir projeto nação o pretender inúmero pessoa horar concordar educação qualidade sair d crise o saudar e o ambientar precisar atenção especial cidadão participante eleição eleitor militante candidatar cravar",saúde,14/07/2020 06h35 ,Murilo Basso,https://noticias.uol.com.br/ultimas-noticias/deutschewelle/2020/07/14/bolsonaro-ficou-estacionado-na-fase-da-negacao-da-covid-19-diz-mandetta.htm,1
4343,"

Zico diz que nunca viu tanto perna de pau em uma seleção brasileira #boato 
",Zico diz que nunca viu tanto perna de pau em uma seleção brasileira #boato,declaração ví perna pau gente ruim seleção escapo o restar umar máfia empresário querer apresentar jogador o mercar internacional o querer seleção zico tirar certomensagem verdade verdadeiro enfim alguém falar o verdade jogador ruim times o brasil comer perna pau nao atoa o messi e o cr dominar ano bai ninguém pra competir o seleção brasileiro chegar o umar piar mandar zico ..,entretenimento,17/07/2021,"
Edgard Matsuki ",https://www.boatos.org/esporte/zico-diz-que-nunca-viu-tanto-perna-de-pau-selecao-brasileira.html,0
