,Titulo,Subtitulo,Noticia,Categoria,Data,Autor,URL,Classe
1810,"Por que a covid-19 pode se tornar endêmica no Brasil, como dengue e gripe  ",,ano começar o pandemia covid-19 sinal acabar brasil controlo precário vacinação lento quedo adesão s medir preventivo e omissão agente público implementar estimular controlar e fiscalizar o cumprimentar norma distanciamento social d piorar o situação variante coronavírus surgir e espalhar país difícil prever especialista acreditar estender haver chance o doença tornar endêmica o dengue e o gripar influenza o médico epidemiologista guilherme werneck vice-presidente associação brasileiro saudar coletiva abrasco e professor instituto medicinar social universidade estadual rir janeiro ims uerj condição o controlo epidemiar brasil precário acabar,saúde,22/02/2021 16h40 ,Evanildo da Silveira ,https://noticias.uol.com.br/saude/ultimas-noticias/bbc/2021/02/22/por-que-a-covid-19-pode-se-tornar-endemica-no-brasil-como-dengue-gripe.htm,1
1811,Máscara não causa acúmulo de líquido nos pulmões nem intoxicação,,postagem supor casar mulher cair correr máscara equipamento prejudicial saudar autoridade negar proteção causar dano grave d máscara recomendar durante prático exercício físico o o ar livrar,saúde,2020/12/07,Comprova,https://projetocomprova.com.br/publicações/mascara-nao-causa-acumulo-de-liquido-nos-pulmoes-nem-intoxicacao/,0
1812,"

Militantes xingam Lula de ladrão durante comício em 2019, mostra vídeo #boato 
","Boato – Em vídeo, militantes do próprio PT xingam Lula de ladrão durante comício em 2019. O ex-presidente ficou sem graça ao ser hostilizado!",militante petistas chamar lula ladrão preço.ninguém aguentar o bandido dedo militante pt chamar lula ladrão pleno comício o facção criminoso íntegro aguentar imbecil ludibriar filiar partido.militantes pt chamar lula ladrão inédito merecer compartilhar petistas pensar caixa esquerdista,política,28/11/2019,"
Raiane Gonoli ",https://www.boatos.org/politica/militantes-xingam-lula-de-ladrao-durante-comicio.html,0
1813,"""Falta informação de qualidade"", diz ex-secretária da Saúde sobre falas de Bolsonaro  ",,depoimento cpi covid o médico infectologista luana araújo declarar discurso negacionistas pandemia resultar informação qualidade o falir araújo acontecer o exibição vídeo compilar diverso o presidente jair bolsonaro desqualificar o gravidade pandemia e vacinar o covid-19 ouvir declaração conjuntar declaração --não personalizar figurar presidente-- n sofrer impactar quase emocional racional o gente trabalhar o dia inteirar o o o mim médico infectologista epidemiologista educador saudar sucinto o idear precisar trabalhar precisar informar melhor pessoa informação qualidade horar informação qualidade e passar informação o pessoa compreender comportamento o gente esperar acontecer o mim doer afirmar,política,02/06/2021 14h19 ,02/06/2021 14h19 ,https://noticias.uol.com.br/videos/2021/06/02/falta-informacao-de-qualidade-diz-ex-secretaria-da-saude-sobre-falas-de-bolsonaro.htm,1
1814,"
  Fechamentos na Zara, demissões na Nike e falência da Victoria’s Secret: nem todos estes dados são verdadeiros","Publicações que circulam ao menos desde meados de julho nas redes sociais asseguram que as marcas Victoria's Secret e Cirque du Soleil declararam falência, que a Zara fechou mais de 1.000 lojas, e que Chanel, Rolex e Hermès interromperam as suas produções. A maioria destas alegações, contudo, é enganosa.Envie-nos por WhatsApp Email",“ o victoria s secret declarar falência o cirque du solei o zara fechar 1.200 loja chanel hermes e rolex interromper o produção o nike prepara-se o etapa demissão ” indicar o mensagem divulgar e compartilhar milhar o dia julho facebook instagram e twitter o texto acrescentar o starbucks fechar loja e “ o fundador airbnb dever pandemia ano esforço destruir semana sic ” conteúdo circular inglês e espanhol,saúde,12/08/2020 às 22:22,"AFP Chile, AFP Brasil",https://checamos.afp.com//fechamentos-na-zara-demissoes-na-nike-e-falencia-da-victorias-secret-nem-todos-estes-dados-sao,0
1815,Luis Fernando Verissimo critica Bolsonaro: 'É um cataclismo'  ,,"o cronista luis fernando verissimo criticar o presidente jair bolsonaro presidente cataclismo verissimo considerar jânio quadro o presidente brasileiro crítico feito durante entrevisto o o jornal econômico o autor relembrar obrar lançar coletânea o livrar verissimo antológico século crônica parecido disponível digitalmente e r$ 44,90 o presidente jânio quadro o loucura legar continuar general ditadura lamentável e o capitão bolsonaro presidente cataclismoluis fernando verissimo comentar o velho taubaté crônicas famoso verissimo afirmar durante o pandemia o personagem acreditar piamente ministrar saudar brasil",política,07/08/2020 12h14 ,07/08/2020 12h14 ,https://entretenimento.uol.com.br/noticias/redacao/2020/08/07/luis-fernando-verissimo-critica-bolsonaro-e-um-cataclismo.htm,1
1816,"

Novo Atacadão, novo Assaí e novo Tenda têm vagas de emprego em site no WhatsApp #boato 
","Boato – Diversos mercados vão ser inaugurados na cidade em breve. Por isso, novo Atacadão, novo Assaí e novo Tenda estão com vagas de emprego para quem compartilhar um link com amigos no WhatsApp.","atacadão cidade inauguração dezembro contratar experiência benefício ▪ valer refeição ▪ valetransporte ▪ cesta básico ▪ convênio médicovagas disponível caixa salário r$ 1.780,00 aux limpeza salário r$ 1.650,00 repositor salário r$ 1.570,00 estoquista salário r$ 1.510,00 empacotador salário r$ 1.080,00 promot degustação salário r$ 1.470,00 jovem aprendiz salário r$ 990,00 ajudante salário r$ 1.460,00atenção assaí atacadista cidade inaugurar dia dezembro surgir oportunidade empregar diverso setores salário o r$ 1.180,00 e benefício valer refeição valer transportar cesta básico convênio médicosetores e salário -caixa r$ 1.680,00 -estoquista r$ 1.420,00 -repositor r$ 1.320,00 -empacotador r$ 1.180,00 -aux limpeza r$ 1.540,00 -jovem aprendiz r$ 1.250,00 -ajudante r$ 1.430,00 -caixa central r$ 1.780,00 -açougueiro r$ 1.640,00 -promoter degustação r$ 1.290,00 -padeiro r$ 1.590,00 oportunidade esgotar rapidamente aproveitar vago preenchidas.novo tender atacar cidade inauguração dezembro contratar experiência benefício ▪ valer refeição ▪ valetransporte ▪ cesta básico ▪ convênio médico vago disponível vago disponível caixa salário r$ 1.780,00 aux limpeza salário r$ 1.650,00 repositor salário r$ 1.570,00 estoquista salário r$ 1.510,00 empacotador salário r$ 1.080,00 promot degustação salário r$ 1.470,00 jovem aprendiz salário r$ 990,00 ajudante geralsalário r$ 1.460,00",entretenimento,01/12/2019,"
Edgard Matsuki ",https://www.boatos.org/tecnologia/novo-atacadao-novo-assai-novo-tenda-vagas-site-whatsapp.html,0
1817,"
  Cidades chinesas ficaram em isolamento por até dois meses em meio à covid-19","Publicações que afirmam que “idiotas” estariam fazendo quarentena enquanto a China está “trabalhando a todo vapor” apesar da pandemia de coronavírus foram compartilhadas mais de 13,1 mil vezes nas redes sociais desde o início de março de 2021. Mas essa afirmação é falsa. Como primeiro país afetado pela covid-19, diversas cidades chinesas ficaram isoladas por meses até que os casos fossem contidos. As autoridades de saúde do país afirmam que em 30 de março de 2021 foram registrados oito novos casos, todos importados, e o número de mortos no país é de pouco mais de 4.600.Envie-nos por WhatsApp Email",“ idiota lockdown e o chino trabalhar o vapor ninguém desconfiar ” postagens compartilhar milhar facebook e instagram o dia março twitter haver publicação diretas comparar o atual situação vivido brasil o chino “ o. brasil lockdown e o chino o vapor ninguem achar estranhar ” usuário repetir o questionamento e chegar o o país criar o vírus laboratório considerar “ extremamente improvável ” organização mundial saudar,brasil,30/03/2021 às 19:05,AFP Brasil,https://checamos.afp.com//cidades-chinesas-ficaram-em-isolamento-por-ate-dois-meses-em-meio-covid-19,0
1818,Coronavírus leva MSC e Costa cancelarem cruzeiros na China  ,,roma jan ansa -- empresar msc e costa crociere anunciar n quinta-feira o suspensão viagem cruzeiro porto chinês epidemiar coronavírus matar pessoas.em comunicar o msc cancelar cruzeiro programar navio splendida capacidade 6.880 pessoa e agendar dia e fevereiro o japão.de acordar o empresar o navio novamente fevereiro cingapura xangai o orientar médio e europa o msc afirmar o nenhum casar infecção passageiro tripulação relatar nenhum cruzeiro ásia o decisão reposicionar o navio xangai cingapura tomar melhor interessar segurança e bem-estar passageiro e tripulante o decisão cancelar programar chino explicar gianni onorato ceo msc cruzeiros.já o costa crociere suspender temporariamente viagem chino agendar fevereiro companhia cruzeiro o royal caribbean bloquear travessia fevereiro navio spectrum of the seas d o carnival cruises flórido haver suspender viagem programar janeiro e fevereiro.as medir anunciar dia cercar pessoa bloquear navio costa cruzeiro civitavecchia o quilômetros roma itália turista chinês apresentar febre e dificuldade respiratório coronavírus ligar alertar mundo 3.abr.2020 visto hospital campanha nightingale centrar convenção excel londres capacidade atender 4.000 pessoa covid-19 will oliver efe epa 25.mar.2020 radial ler ligar o centrar paulo zonar ler ficar vazio função isolamento social causar coronavírus paulo lopes estadão conteúdo 24.mar.2020 profissional saudar atender o público tender colocar externo clínico família rocinha rir herculano barreto filhar uol 23.mar.2020 italiano cantar janela durante quarentenar casar evitar o propagação coronavírus massimo pinca reuters 17.mar.2020 torrar eiffel principal turístico parir frança ficar vazio presidente anunciar restrição o coronavírus ludovic marin afp 16.mar.2020 movimentação passageiro máscara e luva sair estação butantã linha amarelo metrô paulo ronaldo silvar futuro press estadão conteúdo 26.fev.2020 passageiro e funcionário máscara proteção aeroporto internacional paulo guarulhos casar coronavírus brasil zanone fraissat folhapress 11.mar.2020 o diretor-geral oms organização mundial saudar tedros adhanom ghebreyesus participar entrevisto coletiva anunciar o epidemiar covid-19 passar o considerar pandemia organização haver transmissão simultâneo vírus locar planeta fabrice coffrini afp 11.mar.2020 integrante forçar segurança líbano checo temperatura visitante prédio governar cidade saida mahmoud zayyat afp 11.mar.2020 funcionário estação ônibus narathiwat tailândia oferecer gel passageiro limpar mão viajar madaree tohlala afp 11.mar.2020 o papar francisco celebrar cerimônia biblioteca palácio apostólico fiar medir evitar transmissão coronavírus divulgação vaticano afp 9.mar.2020 o fontano di trevi visitar roma o acesso bloquear o visitante contar medir governar italiano o disseminação coronavírus alberto lingria xinhua 9.mar.2020 parente preso entrar confrontar o polícia frente prisão rebibbia itália governar decretar norma prevenção o o coronavírus seguir detentos e visitante yara nardi reuters 06.mar.2020 homem proteger máscara vagão linha metrô paulo brunir rocha fotoarena estadão conteúdo 5.mar.2020 integrante equipar médico preparar substância desinfetante o locar público teerã irã nazanun tabatabaee wana reuters 5.mar.2020 funcionário companhia aéreo italiano alitalia máscara facial proteger coronavírus trabalhar aeroporto guarulhos sp rahel patrasso reuters 05.mar.2020 pessoa máscara o preocupação o disseminação coronavírus covid-19 andar barco bangkok ler suwanrumpha afp 05.mar.2020 equipar médico iraquiano descansar verificar o temperatura passageiro o surtir coronavírus aeroporto najaf ler alaa al-marjani reuters 26.fev 2020-passageiros máscara protetoras irã surtir coronavírus alaa al-marjani reuters 28.fev.2020 passageiro máscara proteção visto aeroporto internacional cidade méxico méxico ler alfredo estrella afp 28.fev.2020 peregrino muçulmano máscara mesquita cidade sagrar meco arábio saúde ler abdel ghani bashir afp 28.fev.2020 peregrino muçulmano máscara mesquita cidade sagrar meco arábio saúde ler abdel ghani bashir afp 27.fev.2020 jogador ludogorets máscara medir segurança o covid-19 o coronavírus o uefa europa league miguel medina afp 28.fev.2020 peregrino muçulmano máscara mesquita cidade sagrar meco arábio saúde abdel ghani bashir afp 27.fev.2020 torcedor máscara preocupação o coronavírus gent v roma europa league francois lenoir reuters o espanha confirmar caso coronavírus n semana torcedor máscara proteção real madrid e manchester city ligar campeão madri susana vero reuters o espanha confirmar caso coronavírus n semana torcedor máscara proteção real madrid e manchester city ligar campeão madri susana vero reuters 26.02.2020 fachada hospital paciente o coronavírus morrer parir frança ler kenzo tribouillard afp 16.fev.2020 ônibus aproximar navio cruzeiro diamond princess atracar baía yokohama japão retirar passagiros isolar dever epidemiar coronavírus ler behrouz mehri afp plateia assistir o o festival máscara proteção prevenção o transmissão coronavírus kim kyung-hoon reuters 16.fev.2020 médico levar paciente infectar o coronavírus isolamento hospital huoshenshan wuhan ler xinhua xiao yijiu 16.fev.2020 membro forçar autodefesa japão caminhar direção o o navio diamond princess pessoa testar positivar o coronavírus norte-americanos começar o deixar o cruzeiro ler behrouz mehri afp 16.fev.2020 funcionário visto evacuação passageiro eua navio cruzeiro diamond princess dezena testar positivar o coronavírus athit perawongmetha reuters 17.fev.2020 avião passageiro norte-americanos retirar navio est[a quarentenar japão dever epidemiar coronavírus chegar base forçar aéreo eua cidade francisco califórnio brittany hosea-small afp cliente aguardar abertura rede sasa e mannings queen s road hong kong n terça-feira s 8h horário buscar máscara cirúrgico ler christianne gonzález uol 27.jan.2020 equipar médico hospital wuhan província hubei chino ater paciente ler xinhua chen jing 31.jan.2020 tripulação embarcar voar máscara aeroporto wuhan chino ler hector retamal afp 30.jan.2020 paciente levar o o hospital jinyintan coronavírus pneumonia ler getty images 22.jan.2020 médico transferir paciente suspeito o coronavírus hospital rei elizabeth hong kong ler reuters 22.jan.2020 paciente suspeito infectar o coronavírus internar hospital prince of wales hong kong reuters 22.jan.2020 funcionário cassino macau medir temperatura mulher entrar prédio anthony wallace afp 24.jan.2020 o dia passageiro desembarcar aeroporto guarulhos sp vir chino relatar receber documentar português espanhol e chinês sintoma coronavírus e série orientação fepesil thenews2 estadão conteúdo 24.jan.2020 médico roupar proteção hospital cruz vermelho wuhan chino afp 25.jan.2020 o médico chinês zhou qiong liderar equipar atua prevenção e tentativo controlo epidemiar coronavírus chino xinhua cheng min 24.jan.2020 médico atender paciente infectar coronavírus hospital zhongnan wuhan epicentro surtir coronavírus chino xinhua xiong qi 25.jan.2020 quase 3.000 caso coronavírus confirmar o d chino epa 25.jan.2020 passageiro máscara vagão metrô parir rosivan morar futuro press futuro press estadão conteúdo 26.jan.2020 usuário metrô pequim chino máscara carlos garcia rawlins reuters 28.jan.2020 equipar composto médico xinjiang wuhan ajudar combater o o coronavírus xinhua wang fei 28.jan.2020 filar hong kong comprar máscara facial medo coronavírus tyrone siu reuters 28.jan.2020 membro segurança máscara estação trem alto velocidade conectar hong kong chino continental anthony wallace afp 28.jan.2020 o chefe executivo hong kong carrie lam máscara surtir coronavírus coletiva imprensar tyrone siu reuters 28.jan.2020 pedestre máscara região comprar tóquio japão kim kyung-hoon reuters 28.jan.2020 trabalhador desinfectar instalação público comunidade distrito nanchang província jiangxi chino xinhua peng zhaozhi 28.jan.2020 equipar médico embarcar rumar o wuhan auxiliar atendimento paciente infectar o coronavírus xinhua chen bin 18.fev.2020 passageiro navio diamond princess e diagnosticar o coronavírus transferir ônibis unidade médico tóquio japão athit perawongmetha reuters 17.fev.2020 norte-americanos chegar o o aeroporto base militar san antonio texas retirar navio diamond princess isolar japão dever epidemiar coronavírus edward a. ornelas afp 3.abr.2020 visto hospital campanha nightingale centrar convenção excel londres capacidade atender 4.000 pessoa covid-19 25.mar.2020 radial ler ligar o centrar paulo zonar ler ficar vazio função isolamento social causar coronavírus,saúde,30/01/2020 16h30 ,30/01/2020 16h30 ,https://noticias.uol.com.br/ultimas-noticias/ansa/2020/01/30/coronavirus-leva-msc-e-costa-cancelarem-cruzeiros-na-china.htm,1
1819,"

Ceasa de Belo Horizonte está desabastecido por causa de quarentena do coronavírus #boato 
",Boato – Vídeo mostra o Ceasa de Belo Horizonte desabastecido. Esse seria o resultado da quarentena do coronavírus e mostra que Bolsonaro tem razão.,março tô ceasa belo horizonte olhar gente apagar movimentar ó chamar desabastecimento falar o discursar presidente economia dia importante importante vidar olhar n ó o homem matar fome esperar o carro matar ok esquecer d o o santo banco dinheiro banco achar tá reservar financeiro esquecer dinheiro passar fome dinheiro e comprar passar fome e esquecer tá o culpar d ó governador presidente repúblico tá brigar pensante mentir haver paralisação responsável paralisar setores riscar voltar o trabalhar ok resguardar pessoa riscar doença intenso idoso chamar responsabilidade responsabilidade olhar moeda olhar administrar o crise o presidente corja governador e c conseguir manar burro tirar querer ganhar nome e projeção político o sofrimento população continuar d jeito ó d o tá mundo ruir gritar voltar trabalhar quebradeira desempregar massa e desesperar vidar família,política,01/04/2020,"
Edgard Matsuki ",https://www.boatos.org/politica/ceasa-belo-horizonte-desabastecido-quarentena-coronavirus.html,0
1820,"

Doria tomou a vacina chinesa contra a Covid-19 e, mesmo assim, foi infectado #boato 
","Boato – Esta é a prova de que a vacina chinesa não protege contra a Covid-19. O governador João Doria tomou a vacina da Sinovac e, mesmo assim, foi infectado com o coronavírus.",dório tomar vacinar e o vacinar funcionar joão dório o provar o vacinar chinês defender funcionar tomar e contaminar tratar cloroquina igual secretário saudar e vidar seguir tomar o “ vacinar ” e testar positivar covid19 errar né … vacinar,política,13/08/2020,"
Edgard Matsuki ",https://www.boatos.org/politica/doria-tomou-vacina-chinesa-contra-covid-19-mesmo-assim-foi-infectado.html,0
1821,Bolsonaro ignora brigas e diz ter 'os melhores ministros da história do Brasil'  ,,dia brigar governar vir tonar o presidente jair bolsonaro ignorar conflito e respaldar equipar o o participar evento município imperador ma hoje bolsonaro elogiar especialmente ministro rogério marinhar desenvolvimento regional e tarcísio freitas infraestrutura governar defender gasto obrar o equipar econômica orientar o contenção despesa comigo excelente ministro ... melhorar ministro história brasil ninguém alguém nome melhor tarcísio ano o presidente marinhar bolsonaro elogio homem viver brasil especial nordeste ... necessitar obrar marinhar presentar n quinta-feira o o participar audiência público comissão misto congresso acompanhar medir o covid-19 o ministrar economia paulo guedes afirmar o federação brasileiro banco febraban financiar programar estudar ministrar gastador o objetivo enfraquecer o trabalhar segurar o barrir casar citar marinhar o crítico referência o o colega o o rogério marinhar o solidariedade e confiança bolsonaro horar,política,29/10/2020 20h24 ,Emilly Behnke,https://noticias.uol.com.br/ultimas-noticias/agencia-estado/2020/10/29/bolsonaro-ignora-brigas-e-diz-ter-os-melhores-ministros-da-historia-do-brasil.htm,1
1822,Orçamento põe Bolsonaro sob risco de perder base no Congresso ou Guedes  ,,o novelar sanção orçamentar capítulo reunião terça-feira palácio planalto o presidente câmara arthur lira progressistas-al alertar o presidente jair bolsonaro o governar perder o base casar vetar o projeto e conseguir aprovar matéria congresso incluir reformar administrativo e tributário o ministrar economia paulo guedes voltar o defender o vetar o argumentar bolsonaro cometer crime responsabilidade acabar desembocar processar impeachment guedes chegar o colocar o cargo disposição levar o sério presente reunião planalto o problema bolsonaro ameaçar impeachment presidente lira e guedes ministro luiz eduardo ramo casar civil flávia arruda titular secretariar governar responsável articulação político planalto o congresso e wagner rosário controladoria-geral união o lira aposto haver rompimento flávia arruda deixar o cargo o recém-nomeada sair d governar discutir reunião o jornal o s. paulo apurar flávia admitir hipótese,política,15/04/2021 13h01 ,Andreza Matais e Murilo Rodrigues Alves,https://economia.uol.com.br/noticias/estadao-conteudo/2021/04/15/orcamento-poe-bolsonaro-sob-risco-de-perder-base-no-congresso-ou-guedes.htm,1
1823,"Otimista, diretor de 'Jurassic World: Dominion"" já tem cenas adiantadas  ",,o cineasta colin trevorrow contar o expectativa voltar gravação filmar jurassic world dominion o saga franquiar jurassic park trabalho suspenso março entrevisto o revisto empire explicar trabalhar cena dinossauro isolamento social razão pandemia coronavírus o pós-produção e efeito especial n cena estágio avançar seriar planejadas cena atores o diretor o elenco e o equipar filmagem animar retornar o o trabalhar — seguir recomendação saudar dominion o desafiar criativo vidar confinamento,saúde,07/07/2020 13h02Atualizada em 07/07/2020 14h04 ,07/07/2020 13h02Atualizada em 07/07/2020 14h04 ,https://entretenimento.uol.com.br/noticias/redacao/2020/07/07/jurassic-world-volta-filme-colin-trevorrow.htm,1
1824,É falso que ‘novo presidente’ da Petrobras tenha demitido 300 funcionários da companhia,,o general joaquim silvar e luna assumir o comandar petroleiro indicação passar análise órgão interno empresar demitir ninguém,política,2021/02/26,Comprova,https://projetocomprova.com.br/publicações/e-falso-que-novo-presidente-da-petrobras-tenha-demitido-300-funcionarios-da-companhia/,0
1825,"

Caminhão que estava indo para a Venezuela foi apreendido pela PRF com milhares de dólares #boato 
",Boato – Um caminhão que estava indo do Brasil para a Venezuela foi interceptado pela PRF. Lá encontraram centenas de milhares de dólares.,caminhão venezuela “ golpe sortir ” interceptar prf blitz perguntar o motorista vaziar mostrar nervoso encontrar centena milhar dólar o motorista confessar contratar levar o caminhão caracas governar escritório instituto lula paulo dinheiro desovar o cercar fechar,brasil,27/09/2019,"
Edgard Matsuki ",https://www.boatos.org/brasil/caminhao-indo-venezuela-apreendido-prf-dolares.html,0
1826,"

Torre Eiffel ficou vermelha em homenagem a Lula ontem #boato 
","Boato – Para fazer uma homenagem ao ex-presidente Luiz Inácio Lula da Silva, a prefeitura de Paris deixou a Torre Eiffel com a iluminação vermelha.",torrar eiffel vermelho homenagem o o cidadão honorário parir luis inácio lula silvar torrar jamais aceder homenagear covarde fujão individualista o torrar eiffel ficar vermelho hoje homenagem o o lula merci parir je sul fière du président lulatorre eiffel vermelho homenagem o o cidadão honorário parir luis inácio lula silvar senso e arte fraternidade brasil coxa repetir robô o programação feito elite e continuar gol torrar eiffel homenagem o o lula,política,07/10/2019,"
Edgard Matsuki ",https://www.boatos.org/politica/torre-eiffel-ficou-vermelha-lula.html,0
1827,"Plano de imunização de SP botou pressão no governo federal, diz Dimas Covas  ",,dimas cova diretor instituto butantan afirmar hoje o divulgação planar imunização o covid-19 governar paulo acabar pressionar o ministério saudar o tomar iniciativo o programar nacional vacinação o covid-19,saúde,11/01/2021 12h52 ,11/01/2021 12h52 ,https://noticias.uol.com.br/videos/2021/01/11/plano-de-imunizacao-de-sp-botou-pressao-no-governo-federal-diz-dimas-covas.htm,1
1828,Filha de Russomanno e genro são acusados por esquema de 'pirâmide'  ,,"o filho e o genro candidatar prefeitura paulo republicano celso russomanno responder o processo justiçar prático descrito ações esquema pirâmide golpe pessoa investir dinheiro empresar trocar lucro realizar ações o justiçar julgar procedente o reclamação vítima cobrar o o prejuízo r$ 4,5 milhão líder pesquisar intenção votar divulgar recentemente russomanno entrar político tornar apresentador tv e ativista defeso consumidor o reportagem procurar o campanha candidatar republicano advogar representar filho e genro justiçar o candidatar responder vídeo alvo atacar pessoal e o genro problema financeiro milhar brasileiro advogar responder ações vítima afirmar confiar casal especialmente fato luara torre queiroz russomanno filho candidatar imaginar o autor ação problema o réu solícito início investimento genro famoso político paulista trabalhar defeso consumidor trecho processo mover engenheiro ano cobrar r$ casal ação haver cópia mensagem corretor investimento atestar o negócio legítimo causar parentesco casal o deputar o dono genro celso russomanno querer escândalo d pra d e manchar o nome família corretor whatsapp o vendedor cosmético ano — morador zonar sul perder r$ questionar o comedir atraso pagamento",política,26/09/2020 12h00 ,Bruno Ribeiro,https://noticias.uol.com.br/ultimas-noticias/agencia-estado/2020/09/26/filha-de-russomanno-e-genro-sao-acusados-por-esquema-de-piramide.htm,1
1829,É #FAKE que denúncia de fraude em eleição de 2018 comprovou vitória de Bolsonaro no 1º turno,"Post circula desde o fim de semana nas redes sociais, mas denúncia é antiga, já foi analisada e arquivada. Áreas técnicas do TSE explicam que houve um problema na divulgação dos resultados, não na apuração dos votos.",circular rede social o informação denúncia feito advogar e engenheiro provar haver fraudar urna eletrônicas e o presidente jair bolsonaro verdade vencer o disputar 1º turno publicação quase compartilhamentos o denúncia trazer robusto e incontestável vídeo somar visualização o assunto afirmar haver provar suficiente demonstrar o fraudar urna eletrônicas o denúncia fato existir apresentar o o tribunal superior eleitoral outubro realização turno eleição o documentar assinar advogar e apresentar autor engenheiro mecatrônico assinar o documentar página o denúncia criticar o ausência votar impresso país e afirmar base informação apresentar imprensar durante o apuração voto turno haver fraudar matemático eleição técnico tse explicar o ocorrer o casar arquivar,política, 06/10/2020," Por Marcelo Parreira, TV Globo ",https://g1.globo.com/fato-ou-fake/noticia/2020/10/06/e-fake-que-denuncia-de-fraude-em-eleicao-de-2018-comprovou-vitoria-de-bolsonaro-no-1o-turno.ghtml,0
1830,"

Repórter da TV Aparecida denuncia que papa Francisco está dando um golpe na Amazônia #boato 
","Boato – A TV Aparecida resolveu se posicionar contra o papa Francisco e o Sínodo da Amazônia. Em vídeo, repórter denuncia golpe do papa.",repórter tv aparecido canal católico o falir papar e acontecer vc achar o brasileiro figurar militar atentar,entretenimento,13/10/2019,"
Edgard Matsuki ",https://www.boatos.org/religiao/reporter-tv-aparecida-papa-francisco-golpe-amazonia.html,0
1831,Brasil já tem mais de 1.000 cidades com casos de covid-19 confirmados  ,,"o brasil atingir o marcar 1.002 município caso confirmar covid-19 boletim secretariar estadual saudar contabilizar empresar lagom datar acordar o levantamento haver morte registrar cidade piorar concentração caso confirmar milhão habitante amazona 323,7 e amapá 318,3 tirar o forçar noção o calor matar o vírus afirmar o boletim lagom datar o boletim divulgar n terca-feira ministério saudar 25.262 caso covid-19 confirmar país 1.532 morte registrar",saúde,15/04/2020 04h00 ,Carlos Madeiro,https://noticias.uol.com.br/saude/ultimas-noticias/redacao/2020/04/15/brasil-ja-tem-mais-1000-cidades-com-casos-de-covid-19-confirmados.htm,1
1832,Pai do sertanejo Cauan tem alta da UTI após quase duas semanas internado  ,,o pai cauan cantor chegar o ficar gravar contar covid-19 alto uti e seguir tratamento hospital goiânia quase semana cuidar intensivo joão luiz deixar o uti continuar suportar oxigenioterapia apresentar melhorar clínico dia conformar boletim enviar assessoria imprensar cleber e cauan tomografia tórax mostrar importante comprometimento pulmonar melhorar clínico diária.os exame laboratório continuar melhorar depender oxigenioterapia contínuo 24h dia concentração e quantidade oxigênio cauan e joão luiz o mãe cantor shirlei internar chegar o precisar internação uti e receber alto hospital,saúde,04/09/2020 11h20Atualizada em 04/09/2020 13h03 ,04/09/2020 11h20Atualizada em 04/09/2020 13h03 ,https://entretenimento.uol.com.br/noticias/redacao/2020/09/04/pai-do-sertanejo-cauan-tem-alta-da-uti.htm,1
1833,General aposentado Lloyd Austin se torna o primeiro chefe negro do Pentágono  ,,o senado americano confirmar o general lloyd austin secretário defeso governar joe biden n sexta-feira tornando-se o afro-americano o assumir o liderança pentágono austin obter esmagador democrata biden republicano oposição o membro governar biden o receber sinal senado diretora inteligência nacional avril haines honrar e privilégio servir 28º secretário defeso país e especialmente orgulhoso o afro-americano o servir austin postar imediatamente o trabalhar,saúde,22/01/2021 15h04 ,22/01/2021 15h04 ,https://noticias.uol.com.br/ultimas-noticias/afp/2021/01/22/general-aposentado-lloyd-austin-se-torna-o-primeiro-chefe-negro-do-pentagono.htm,1
1834,"É falso que cloroquina teria salvado 100 mil vidas no Brasil, como diz Bolsonaro",,o o contrário afirmar o presidente repúblico haver comprovação científico o cloroquina e o hidroxicloroquina evitar o morte pessoa covid-19,saúde,2020/08/14,Comprova,https://projetocomprova.com.br/publicações/e-falso-que-cloroquina-teria-salvado-100-mil-vidas-no-brasil-como-diz-bolsonaro/,0
1835,Uma nova lei na Escócia determinou que alunos de 4 anos podem mudar de gênero sem consentimento dos pais?,,o notícia começar o espalhar publicação diverso site e blogs quinzena agostar acordar o texto o escócio determinar aluno d país mudar gênero o consentimento pai o ano idade,entretenimento,17/08/2021,Gilmar Lopes,https://www.e-farsas.com/uma-nova-lei-na-escocia-determinou-que-alunos-de-4-anos-podem-mudar-de-genero-sem-consentimento-dos-pais.html,0
1836,"Brasil tem 29 mil novos casos e 734 novas mortes por coronavírus, diz consórcio de imprensa",,rir o brasil registrar 29.498 caso e óbito coronavírus horar notificar 5.170.996 ocorrência pandemia 152.513 morte o consórcio veículo imprensar o iniciativo formar o globo extra g1 folhar s.paulo uol e o s. paulo e reunir informação secretariar estadual saudar divulgar diariamente s 20h o médio móvel morte — índice dia seguir abaixar resultar semelhante o visto início maio infográfico coronavírus brasil e mundo o médio móvel dia médio o morte dia e anterior comparar médio semana indicar haver tendência alto estabilidade quedo o cálculo recurso estatístico conseguir enxergar o tendência abafar o ruir causar finar semana o notificação morte reduzir escassez funcionário plantão dezenove apresentar tendência quedo médio móvel óbito acre amapá amazona bahia cear espírito santo goiá matar grosso sul minar gerar parar paraná pernambuco rir norte rir sul rondônia roraima santo catarino paulo e tocantim haver tendência alto paraíba e piauí distrito federal o índice permanecer estável alagoa maranhão matar grosso rir janeiro e sergipe projeção universidade washington sublinhar o coronavírus provocar abalar significativo saudar brasileiro acordar o instituição o morto covid-19 país chegar o janeiro — o margem errar oscilar e o cálculo levar consideração cenário semelhante o o atual flexibilização distanciamento social e máscara estimar terço população o nacional secretário saudar conass mandar ofício quinta-feira o o ministério saudar pedir o governar federal comprar dose vacinar chinês o coronavírus o conoravac e o incluir programar nacional imunização pni o ministério ignorar imunizante produzir instituto butantan parceria o empresar farmacêutico sinovac life science e concentrar comprar vacinar empresar astrazeneca parceria o universidade oxford reinar unir e o vacinar covax consórcio global o vírus pesquisar assinar confederação nacional município cnm mostrar dificuldade adoção protocolo sanitário e complexidade cenário decorrente pandemia covid-19 cidade consultar acreditar haver condição retomar aula presenciar ano o fechamento escola o levantamento n quinta-feira datar celebrar o dia professor o ministério saudar confirmar 28.523 caso covid-19 quinta-feira chegar o 5.169.386 registrar óbito o total 152.460 morte provocar pandemia,saúde, Publicado em  15/10/20 20:05 ,Extra,https://extra.globo.com/noticias/coronavirus/brasil-tem-29-mil-novos-casos-734-novas-mortes-por-coronavirus-diz-consorcio-de-imprensa-24694322.html,1
1837,"

Edir Macedo morreu hoje em um acidente de carro em Juquitiba #boato 
","Boato – O fundador da Igreja Universal do Reino de Deus, Edir Macedo, morreu em um acidente terrível quando voltava da cidade de Juquitiba.",acabar acontecer link video imagem acidentar comentarios o comunidade cristão perder o mentor espiritual dia hoje.o bispar edir macedo o cidade juquitiba o inauguração templo infelizmente o veicular perder o controlo e colidir frente carretar vir sentir contrário … popular passar gravar imagem –,entretenimento,,"
Edgard Matsuki ",https://www.boatos.org/religiao/edir-macedo-morreu-hoje-acidente.html,0
1838,Anvisa autoriza retomada dos testes da CoronaVac,,o agência nacional vigilância sanitário anvisa autorizar n quarta-feira o retomar teste vacinar covid-19 coronavac produzir empresar chinês sinovac biotech parceria o instituto butantan brasil o anvisa o decisão tomar avaliar apresentar avaliar apresentar patrocinador suspensão estudar conformar listado tabelar o anvisa entender subsídio suficiente permitir o retomar vacinação e seguir acompanhar o investigação desfechar casar definir o causalidade o eag inesperado e o vacinar escrever o agência noto o suspensão provocar crítico butantan defender o morte o vacinar e avisar suspensão teste impresa respostar o anvisa afirmar informação fornecido agência o casar insuficiente e incompleto e avisar o butantan minuto divulgar o informação noto divulgar hoje o anvisa afirmar segunda-feira suspender teste haver informar o causar evento adversar gravar d o boletim ocorrência relativo o o casar haver enviar o agência entregue o medir caráter exclusivamente técnico levar consideração conhecimento agência e preceito científico e legar nortear ações especialmente o princípio precaução prever o prudência o cautela decisório conhecimento científico capaz afastar o possibilidade danar afirmar o agência o anvisa ressaltar o suspensão teste significar necessariamente o produto qualidade segurança eficácia o suspensão e retomar estudo clínico evento comum pesquisar clínico e estudo destinar o registrar medicamento autorizar país avaliar previamente anvisa o objetivo preservar o segurança voluntário estudar,saúde, Publicado em  11/11/20 12:02 ,Victor Farias,https://extra.globo.com/noticias/coronavirus/anvisa-autoriza-retomada-dos-testes-da-coronavac-24740229.html,1
1839,PGR abre apuração preliminar sobre atuação de Bolsonaro na pandemia  ,,o procurador-geral repúblico augusto arar abrir procedimento preliminar apurar o atuação presidente jair bolsonaro enfrentamento pandemia coronavírus amazona e parar o chefe ministério público federal mpf sofrer pressão interno externo investigar o responsabilidade autoridade governar federal durante o pandemia levar morte brasileiro manifestação página arar comunicar o o supremo tribunal federal stf o abertura apuração o o analisar pedir deputar federar pc b acusar bolsonaro e o ministrar saudar eduardo pazuello prático delito prevaricação e perigar o vidar o saudar pessoa ... ler íntegro estadão,saúde,04/02/2021 19h11 ,04/02/2021 19h11 ,https://noticias.uol.com.br/colunas/reinaldo-azevedo/2021/02/04/pgr-abre-apuracao-preliminar-sobre-atuacao-de-bolsonaro-na-pandemia.htm,1
1840,Governo passará a testar covid-19 mesmo em quem não esteve fora do país  ,,o ministério saudar anunciar n segunda-feira passar o realizar teste o covid019 o coronavírus pessoa internar quadrar gripar gravar passar o realizar teste paciente apresentar resultar negativar gripar comum vírus país unidade atendimento básico o novidade teste feito independentemente haver histórico viagem internacional anteriormente amostrar avaliar retroativa dia 1º março caso confirmar brasil d ocorrer transmissão contato pessoa o confirmação contágio coronavírus caso pessoa exterior o ministério saudar caso grave considerar o internação hospital normalmente apresentar dificuldade respiratório pontar dedo azular sintoma n situação teste realizar hospital,saúde,09/03/2020 18h07 ,Julia Lindner,https://noticias.uol.com.br/ultimas-noticias/agencia-estado/2020/03/09/governo-passara-a-testar-coronavirus-mesmo-em-quem-nao-esteve-fora-do-pais.htm,1
1841,É #FAKE que vídeo mostre encontro entre Toffoli e Glenn Greenwald em restaurante,"Mensagem falsa tem centenas de posts no Facebook e sugere conluio entre jornalista e presidente do STF para prejudicar a imagem da Lava Jato. Quem está no vídeo não é Glenn, mas um desembargador, antigo professor de Toffoli na USP.",circular rede social vídeo acompanhar legendar o descrever o registrar converso o ministrar dia toffoli presidente supremo tribunal federal e o jornalista glenn greenwald fundador site the intercept brasil publicar diálogo atribuir o o ministrar sérgio morar e o procurador operação lavar jato o homem converso dia toffoli vídeo o jornalista glenn greenwald o desembargador walter piva rodrigar tribunal justiçar paulo converso antigo professor ex-aluno afirmar rodrigar professor toffoli faculdade direito universidade paulo o gabinete presidente stf dia toffoli confirmar o encontrar o desembargador e negar encontrar greenwald,política, 08/08/2019," Por Roney Domingos e Mariana Oliveira, G1 e TV Globo ",https://g1.globo.com/fato-ou-fake/noticia/2019/08/08/e-fake-que-video-mostre-encontro-entre-toffoli-e-glenn-greenwald-em-restaurante.ghtml,0
1842,Índia aprova uso emergencial da vacina de Oxford  ,,o órgão regulador medicamento índio aprovar n sexta-feira o vacinar o covid-19 desenvolvido astrazeneca e universidade oxford emergencial o informação confirmar fonte reuters o decisão abrir o lançamento vacinar país caso confirmar mundo unir representante organização central controlo medicamento índio — especialista reunir n semana e avaliar vacinar — querer comentar,saúde,01/01/2021 09h56Atualizada em 01/01/2021 10h19 ,"Nigam Prusty, Shilpa Jamkhandikar e Krishna N. Das",https://noticias.uol.com.br/ultimas-noticias/reuters/2021/01/01/orgao-regulador-da-india-aprova-uso-de-vacina-da-astrazeneca-contra-covid-19-dizem-fontes.htm,1
1843,"Bolsonaro tem aprovação de 33% e reprovação de 39% na gestão da crise do coronavírus, diz Datafolha ",Aprovação do Ministério da Saúde (76%) é mais que o dobro da aprovação do presidente. Instituto fez a pesquisa entre a quarta-feira (1º) e a manhã desta sexta (3). ,pesquisar datafolha publicar n sexta-feira jornal “ folhar s.paulo ” medir o avaliação desempenhar presidente jair bolsonaro governador e ministério saudar condução crise coronavírus o pesquisar realizar telefonar pessoa quarta-feira 1º e sexta-feira região país o margem errar percentual abaixar resultar levantamento anterior divulgar dia março o aprovação bolsonaro e o reprovação,política, 03/04/2020 13h34 , Por G1 — Brasília ,https://g1.globo.com/politica/noticia/2020/04/03/bolsonaro-tem-aprovacao-de-33percent-e-reprovacao-de-39percent-na-gestao-da-crise-do-coronavirus-diz-datafolha.ghtml,1
1844,Hollywood pode dispensar roteiros de papel em retomada após pandemia  ,,"Em uma nova proposta para estados e governos locais para a retomada do trabalho, produtores de Hollywood sugeriram que os roteiros de papel sejam dispensados dos sets de gravação. A informação é da Variety. ""Sempre que possível, o uso de papel deve ser minimizado. Alternativas como scripts eletrônicos devem ser exploradas"", afirma o documento, de acordo com a publicação norte-americana. Reforçando que o uso de papel deve ser minimizado, o plano afirma que listas, relatórios de produção e folhas de ponto também devem ser substituídos. O CDC (Centro de Controle de Doenças), dos Estados Unidos, já certificou que ""é possível"" a transmissão do coronavírus por tocar em objetos e superfícies contaminados, comprovando a preocupação dos produtores.",saúde,05/06/2020 14h48 ,05/06/2020 14h48 ,https://entretenimento.uol.com.br/noticias/redacao/2020/06/05/hollywood-pode-dispensar-roteiros-de-papel-em-retomada-apos-pandemia.htm,1
1845,Esclarecimento sobre divulgação de óbitos de Covid-19,,"O Ministério da Saúde considera importante esclarecer uma fala que induz ao erro durante a apresentação do Jornal Nacional e ao longo de alguns trechos da reportagem sobre o novo sistema de divulgação de óbitos de Covid-19. A pasta, em adicional às informações divulgadas atualmente, em nova plataforma interativa, deve apresentar também os óbitos em suas datas de ocorrência. Atualmente, são divulgados os resultados laboratoriais notificados diariamente, independente do dia do falecimento do paciente. Há casos de resultados laboratoriais de mortes registradas há semanas, mas que contam para a contabilidade do dia. Com o aumento dos testes e da capacitação de laboratórios e de profissionais, a rede pública vem aumentando sua capacidade de diagnóstico. Ou seja, os usuários da nova plataforma conseguirão visualizar quantas mortes foram notificadas no dia e a que data se refere cada óbito.",saúde,09/06/2020 00h27,Da Agência SaúdeAtendimento à imprensa:(61) 3315.3580,https://www.gov.br/saude/pt-br/assuntos/noticias/esclarecimento-sobre-divulgacao-de-obitos-de-covid-19,1
1846,"

Primeira-dama do Canadá, Sophie Trudeau, faz piada sobre Eduardo Bolsonaro e indicação para embaixada #boato 
","Boato – Sophie Trudeau, a primeira-dama do Canadá, fez uma piada sobre a indicação de Eduardo Bolsonaro para a embaixada do Brasil nos EUA e a capacidade do filho do presidente de fritar hambúrguer durante palestra em universidade.","s. trudeau esposo primeiro-ministro j. trudeau o o falar estudante canadense “ estudar e dediquem-se o o ninguém frito hambúrguer o único mundo alguém frito hambúrguer virar embaixador brasil ” o país virar chacota internacionalprimeira dama canadense voltar o alfinetar bolsonaro junho d ano o dama canadense haver comparar bolsonaro o o tio café durante o cúpula g 20,conforme noticiar matéria vexame dama canadense arrancar riso o o comparar bolsonaro o o tio café … questionar o alfinetar sophie trudeau responder tratar ofender bolsonaro o filhar d canadense manter índice educacional e o carreira diplomático o canadá levar o sério e dificilmente o canadense aceitar algum desqualificar embaixador canadá … informação rádio ottawa",mundo,31/07/2019,"
Edgard Matsuki ",https://www.boatos.org/mundo/primeira-dama-canada-sophie-trudeau-piada-eduardo-bolsonaro.html,0
1847," Pai do presidente da OAB não tem elo com bomba em Recife, diz Aeronáutica  ",,postagens rede social fernando santo cruz pai atual presidente ordem advogar brasil oab felipe santo cruz acusar o responsável atentar o bomba aeroporto guararapes recife o explosão ocorrer dia julho d ano deixar morto e ferir atingir o alvo o ministrar exército general arthur costa e silvar o disseminação acusação fernando ocorrer declaração presidente repúblico jair bolsonaro publicação levar vídeo o narrador chamar fernando santo cruz terrorista e felipe santo cruz ameaçar terrorista comunista brasil n aparecer falir bolsonaro o atentar recife e o envolvimento fernando santo cruz n casar e lutar armar o ditadura militar brasil,entretenimento,17/10/2019 04h02 ,Anita Grando Martins,https://noticias.uol.com.br/confere/ultimas-noticias/2019/10/17/pai-do-presidente-da-oab-santa-cruz-explodiu-bomba-em-recife-bolsonaro.htm,0
1848,Bolsonaro diz que ato no Rio não teve viés político e cogita fazer outros  ,,o presidente jair bolsonaro negar hoje o existência viés político atar motociclista realizar domingo rir janeiro participar o motociata apelidar movimentar liberdade democracia e o o presidente e descartar o possibilidade haver encontro semana,política,27/05/2021 21h25 ,27/05/2021 21h25 ,https://noticias.uol.com.br/videos/2021/05/27/bolsonaro-diz-que-ato-no-rio-nao-teve-vies-politico-e-cogita-fazer-outros.htm,1
1849,EUA querem acelerar ritmo de vacinação enquanto pandemia se agrava  ,,autoridade federar estadual e locar unir buscar acelerar o ritmar vacinação o covid-19 dia registrar morte norte-americanos e empregar país mostrar o pandemia e lockdowns imposto governo atingir cheio o mercar trabalhar quinta-feira cercar milhão pessoa unir receber o dose imunizante apesar distribuição nacional milhão dose acordar o centrar controlo e prevenção doença eua o milhão vacinação o governar haver prometer aplicar o o pandemia disparar infecção hospitalização e morte,saúde,07/01/2021 20h40 ,07/01/2021 20h40 ,https://noticias.uol.com.br/ultimas-noticias/reuters/2021/01/07/eua-querem-acelerar-ritmo-de-vacinacao-enquanto-pandemia-se-agrava-e-mercado-de-trabalho-sofre.htm,1
1850,"O É DA COISA: Isolado, Bolsonaro insiste num discurso que mata pessoas  ",,e d o importante falar horda extremista dane-se o restar,política,17/05/2021 20h41 ,17/05/2021 20h41 ,https://noticias.uol.com.br/colunas/reinaldo-azevedo/2021/05/17/o-e-da-coisa-bolsonaro-insiste-em-discurso-cuja-consequencia-mata-pessoas.htm,1
1851,Cinemas de Nova York reabrem após um ano fechados  ,,cinéfilo voltar o filme tela o março york quase ano o fechamento cinema dever pandemia informar o governador andrew cuomo n segunda-feira entanto o capacidade limitar o e haver pessoa sala cuomo contar twitter assento marcar distanciamento social e cuidar saudar adotados o governador,saúde,22/02/2021 18h56 ,22/02/2021 18h56 ,https://noticias.uol.com.br/ultimas-noticias/afp/2021/02/22/cinemas-de-nova-york-reabrem-apos-um-ano-fechados.htm,1
1852,"No Rio, Datafolha mostra Paes com 34%, ampliando vantagem   ",,o ex-prefeito eduardo paes dem ampliar o dia eleição o liderança disputar prefeitura rir janeiro o atual prefeito marcelo crivella republicanos-rj e o deputar estadual martha rocha pdt seguir tecnicamente empatar corrido obter vago turno o datafolha o candidatar dem intenção votar o principal postulante o registrar alto margem errar o pesquisar divulgar outubro aparecer ... ler íntegro folhar,política,11/11/2020 19h31 ,11/11/2020 19h31 ,https://noticias.uol.com.br/colunas/reinaldo-azevedo/2020/11/11/no-rio-datafolha-mostra-paes-com-34-ampliando-vantagem.htm,1
1853,"PIX pode virar um tipo de 'identidade digital' no futuro, diz presidente do BC","Avaliação foi feita em evento do Banco de Compensações Internacionais. Segundo Campos Neto, 7% da população brasileira usou o PIX em apenas três meses de vigência. ",o presidente banco central roberto campo neto declarar n quarta-feira o pix – pagamento instantâneo instituição – evoluir identidade digital futurar comprovar informação cidadão virtual o previsão expectativa bc ampliar serviço oferecido governar plataforma lançar haver campo neto lembrar hoje pagar imposto e serviço público pix conectar vidar dia o dia o o pix serviço governar haver potencial tornar identidade digital declarar evento promover banco compensação internacional bis milhão negócio pix hoje mostrar população brasileiro o pix disponível surpreso,política, 24/03/2021 16h22 ," Por Alexandro Martello, G1 — Brasília ",https://g1.globo.com/economia/pix/noticia/2021/03/24/pix-pode-virar-um-tipo-de-identidade-digital-no-futuro-diz-presidente-do-bc.ghtml,1
1854,Coronavírus: Polônia terá eleições presidenciais inéditas 'por correio'  ,,atual pandemia coronavírus o parlamentar polônia aprovar hoje inédito eleição presidencial votação correio o turno prever maio o medir proposto e aprovar governista conservador nacionalista ley e justiçar pi negar o adiar o eleição o oposição terço polonês pesquisar defender adiamento d eleição turno votar universal direto o lei aprovar noite d segunda-feira prever durante o epidemiar o presidente câmara mudar o datar previsto o votação respeitar o constituição,saúde,06/04/2020 21h09 ,06/04/2020 21h09 ,https://noticias.uol.com.br/ultimas-noticias/afp/2020/04/06/polonia-tera-eleicoes-presidenciais-ineditas-por-correio.htm,1
1855,FATO ou FAKE: mais de mil checagens no ano ,"Equipe fez a checagem de 759 frases ditas por políticos e 242 boatos disseminados na web desde o início do projeto. São, ao todo, 1.001 verificações feitas em um ano marcado pelas eleições.",e checagens ano marcar disseminação conteúdo duvidoso rede social o equipar fato fake 1.001 verificação checar frase político e boato disseminar internet e celular o início projeto quiz distinguir o fato fake o fato fake lançar julho o objetivo alertar brasileiro e esclarecer o notícia fato e o falsar fake o trabalhar continuar o período eleitoral,entretenimento, 22/12/2018, Por G1 ,https://g1.globo.com/retrospectiva/2018/noticia/2018/12/22/fato-ou-fake-mais-de-mil-checagens-no-ano.ghtml,0
1856,Doria pede ao Congresso mudanças na lei anticrime para manter prisões preventivas  ,,"O governador de São Paulo, João Doria (PSDB), pediu ao Congresso Nacional ""para alterar a lei anticrime para manter prisões preventivas"". Ele criticou a decisão do ministro do Supremo Tribunal Federal (STF) Marco Aurélio Mello de soltar o narcotraficante conhecido como André do Rap. A libertação foi baseada no novo artigo 316 inserido no Código de Processo Penal (CPP) por meio do pacote anticrime, enviado ao Congresso pelo então ministro da Justiça, Sérgio Moro. A norma, que determina a revisão de prisões preventivas a cada 90 dias, foi classificada por Doria como ""absurdo que liberta criminosos e afronta a sociedade"". Na publicação em vídeo no Twitter, o governador citou Moro ao destacar iniciativas do Governo do Estado para combater o Primeiro Comando da Capital (PCC), grupo que tem André do Rap como um dos líderes. Segundo o governador, 30 dias após o início do seu mandato no ano passado, 27 líderes da facção foram enviados a presídios federais com o apoio do ex-ministro da Justiça.",política,13/10/2020 20h01 ,Elisa Calmon,https://noticias.uol.com.br/ultimas-noticias/agencia-estado/2020/10/13/doria-pede-ao-congresso-mudancas-na-lei-anticrime-para-manter-prisoes-preventivas.htm,1
1857,É #FAKE que fumaça preta vista em crematório de Porto Alegre seja resultado do acúmulo de mortos por Covid-19,"Fumaça foi ocasionada por queda de energia na unidade. Demanda pelo serviço aumentou, mas apenas uma cremação pode ser feita por vez.",o foto crematório soltar fumaça preto portar alegrar viralizou rede social postagens o cor fumaça emitir reflexo aumentar corpo cremar decorrência pandemia covid-19 o chaminé mostrar imagem corresponder o o crematório angelus assistência funeral rir sul o fumaça decorrente aumentar corpo cremar acordar carlos alexandre gestor operacional ocasionar falho energia unidade explicar o crematório funcionar câmara o primário cremar o corpo e o secundário queimar gás liberar cremação ausência energia automaticamente o fornir desligar desligar o gerador acionado n período o gerador acionado e o fornir reiniciar o câmara secundário,brasil, 24/03/2021," Por Thaís Matos, G1 ",https://g1.globo.com/fato-ou-fake/coronavirus/noticia/2021/03/24/e-fake-que-fumaca-preta-vista-em-crematorio-de-porto-alegre-seja-resultado-do-acumulo-de-mortos-por-covid-19.ghtml,0
1858,Pacientes relatam banho frio e banheiro sujo em hospital de campanha de SP  ,,paciente receber alto hospital campanha anhembi grato atendimento receber declarar haver item carente melhoria chuveiro água frio e banheiro sujo o querer identificar reportagem uol luciana teixeira ano importar revelar o nome e contar dia internar recuperar covid-19 ficar cuidar trânsito portar banheiro querer tomar banhar gelar afirmar haver problema higiene o covid-19 provocar diarreia contaminar o paciente precisar trocar banheiro condição contar luciana ressaltar considerar o situação descasar funcionário decorrência demasiar vaso sanitário situação permitir limpeza o hospital campanha anhembi pessoa internar acordar o boletim divulgar o assessoria imprensar prefeitura paulo informar levar consideração contar melhorar o atendimento,saúde,14/05/2020 04h00 ,Felipe Pereira,https://noticias.uol.com.br/saude/ultimas-noticias/redacao/2020/05/14/pacientes-relatam-banho-frio-e-banheiro-sujo-em-hospital-de-campanha-de-sp.htm,1
1859,tuítes atribuir o jeanine añez verdadeiro falso,"a autoproclamada presidente interina da bolívia, jeanine añez, declarou numa coletiva de imprensa, na última quarta-feira (13), que estava sendo vítima daquilo que chamou de “horda de guerreiros digitais“. segundo jeanine, tais “guerreiros digitais” seriam partidários do ex-presidente evo morales, que teriam falsificado declarações atribuídas a ela nas redes sociais.",jeanine autoproclamar presidente interino bolívia o vice-presidente senado boliviano terça-feira começar o viralizar imagem tuítes capturar tela supostamente atribuir o o polêmica girar tornar tuítes considerar racista jeanine duro crítico o indígena país recente entrevisto o bbc jeanine pessoa racista e citar tuítes falsificar voltar o alegar vítima “ guerreiro digitar ”,política,17/11/2019,marco faustino,https://www.e-farsas.com/tuites-atribuidos-a-jeanine-anez-sao-verdadeiros-ou-falsos.html,0
1860,"

Governos de Pernambuco e Rio Grande do Norte colocam areia em caixa de álcool gel #boato 
",Boato – Pernambuco e Rio Grande do Norte enviam supostas caixas de álcool em gel com areia às Secretarias de Saúde para fraudar as entregas. ,“ governar pernambuco enviar caixa cheio arear município governar pernambuco enviar caixa garrafa álcool e cheio arear município olhar o presentinho o governador pernambuco paulo câmara lento distribuir cidade reparar sacanagem ” “ olhar absurdo .. caixa dever cheio álcool desinfecção unidade saudar recife cheio arear governar pt ” “ governar rn mandar caixa álcool gel arear e garrafa vc caixa dever conter mínimo unidade corrupção veia ”,saúde,,"
Kyene Becker ",https://www.boatos.org/saude/governos-pernambuco-rio-grande-norte-areia-caixa-alcool-gel.html,0
1861,Ala ideológica no Planalto: quem saiu e quem permanece no governo Bolsonaro,,rir o gesto assessor presidência assunto internacional filipe martim considerar obsceno associar o supremacistas branco durante sessão senado deflagrar crise causar alar ideológico palácio planalto o manter o influência presidente jair bolsonaro o base radical bolsonarismo ocupar cargo importante estruturar governar federal responsável chancelar indicação ministro entrar roto colisão o centrão sustentar o governabilidade presidente e pedir o cabeça figurar martim e o chanceler ernesto araújo nome alar ideológico sair governar ricardo vélez rodrigar ex-ministro educação indicação ideólogo olavo carvalho o colombianao ricardo vélez rodrigar o ministrar educação governar bolsonaro o passagem curto ministério acumular medir declaração e recuo repercussão negativo d o pedir escola filmar aluno cantar o hino nacional e criticar publicamente presidente inep demitir o ministrar gerencialmente incompetente início abril bolsonaro demitir vélez café manhã jornalista o trabalhar d eficiente o ministério e colocar o anel casamentar gaveta abraham weintraub ex-ministro educação o economista abraham weintraub nomear susceder vélez rodríguez educação o tom beligerante o frente pastar marcar gestão criticar educador o condução político educacional ensinar primário o o acesso universidade passagem ano e ministério weintraub aparaceu defender o prisão ministro stf reunião gabinete ministerial bolsonaro dia abril ano passar integrante governar criticar o chino chegar o comparar decisão supremo ações adotadas durante o nazismo roberto alvim ex-secretário cultura nomear secretário cultura governar jair bolsonaro roberto alvim discursar palavra falir joseph goebbels o ministrar propaganda alemanha nazista episódio gerar crítico classe artístico o alvim atacar o atriz fernanda montenegro posicionar diverso relato censurar arte demitir o nomeação fábio wajngarten ex-chefe secom fabio wajngarten nomear chefiar o secom início governar bolsonaro o empresário contar o filho presidente e crítico ferrenho imprensar acusação e ameaçar corte publicidade veículo crítico o o governar ficar governar fevereiro d ano wajngarten desentender chefe hierárquico governar desentender o atual ministrar comunicação fábio wajngarten entrar conflito o ex-ministro secretariar governar segov carlos alberto santo cruz e o atual chefe pastar luiz eduardo ramo o secom subordinar o o ministério junho ano passar o secretariar transferir o ministério comunicação recriar abrigar época wajngarten apoiar o mudança e o chegar ministrar o o governar nome alar ideológico permanecer governar ernesto araújo ministrar exterior o chanceler ernesto araújo acumular crítico parlamentar integrante governar e diplomata condução político externo governar bolsonaro semana araújo alvo pedir renúncia senador o o participar sessão senado parlamentar creditar o fracassar o brasil e país aquisição vacinar o covid-19 o o ministrar araújo alvo crítico diplomata ministério e embaixada conduzir aliar econômicos país o chino e país árabe representante chinês chegar o repreender declaração ministrar e o ameaçar o brasil retaliação filipe martim assessor assunto internacional presidência o assessor especial assunto internacional presidência filipe martim o integrante alar ideológico o deixar o governar dia martim prestar esclarecimento polícia legislativo senado gesto associar o supremacistas branco durante sessão parlamentar o sinal interpretar xingamento obsceno o episódio o assessor negar simpatia movimento supremacia branco o gesto supremacista brenton tarrant matar pessoa o tiro mesquita zelândia durante julgamento n ano martim reproduzir rede poema abrir o manifestar tarrant o frase seguir destacar perfil twitter ricardo salles ministrar ambientar o ministrar ambientar ricardo salles alvo crítico ambientalista empresário ligar o o agronegócio e parlamentar condução ambiental nomear início governar durante o gestão salles haver recorde queimar e o desmatamento voltar o crescer consideravelmente amazônia o ministrar acusar desmontar o estruturar fiscalização desmatadores ilegal e grileiros norte país forte crítico o início gestão governar bolsonaro salles contar o base fiel bolsonaro radical tercio arnaud assessor presidência o presidente jair bolsonaro nomear janeiro o gabinete pessoal presidência o ex-assessor filhar carlos bolsonaro psl câmara vereador rir tercio arnaud tomaz comandar o página “ bolsonaro opressor 2.0 ” tercio ocupar cargo comissionar gabinete carlos bolsonaro lotar dezembro agostar o globo revelar tercio receber salário câmara trabalhar fato legislativo cidade época pré-campanha bolsonaro presidência verdadeiro ocupação o produção conteúdo digital filmar e fotografar bolsonaro descontração e intervalo agendar pré-candidato ocasião o chefe gabinete carlos bolsonaro jorge luiz fernandes negar o o globo tercio trabalhar campanha investigação co ntas falso removido facebook ligar o o presidente arnaud administrador perfil divulgar fake news integrante chamar gabinete ódio o apuração feito laboratório forense digital dfrlab mensagem e posts divulgar página removido,brasil, Publicado em  26/03/21 13:14 ,Extra,https://extra.globo.com/noticias/brasil/ala-ideologica-no-planalto-quem-saiu-quem-permanece-no-governo-bolsonaro-24942863.html,1
1862,"

Fabiano Kipper Mai, autor de ataque em Saudades (SC), tinha foto de Che Guevara e #forabolsonaro no Instagram #boato 
","Boato – Perfil no Instagram de Fabiano Kipper Mai, autor de ataque em creche em Saudades (SC), pedia #forabolsonaro e tinha foto de Che Guevara. ",“ instagram perfil psicopata massacrar escola imagem che guevara e tag forabolsonaro o mídia piar ” “ o instagram retirar o perfil autor atentar creche supor perfil autor atentar creche município saudade sc o instagram retirar o perfil ar minuto o print jornalista especular o crime cunhar político município votar jair bolsonaro ” “ minuto print o instagram retirar ar o perfil assassinar creche saudade /sc restar o investigação descobrir o real motivar político … eleitor município votar bolsonaro observar o perfil o imagem che guevara e o tag bolsonaro ”,brasil,,"
Kyene Becker ",https://www.boatos.org/brasil/fabiano-kipper-mai-autor-ataque-saudades-sc-foto-che-guevara-fora-bolsonaro-instagram.html,0
1863,"
  A Globo não “admitiu” que os atos pró-Bolsonaro de 1° de maio foram os maiores da história","Circulam nas redes sociais desde o último 1° de maio supostas notícias de veículos do Grupo Globo sobre o comparecimento às manifestações em favor do presidente Jair Bolsonaro que aconteceram neste mesmo dia. Parte das publicações compartilha um vídeo e outras postagens trazem um captura de tela de uma suposta notícia no portal G1. Entretanto, os dois conteúdos são falsos. O vídeo mostra faixas contra a ex-presidente Dilma Rousseff, o que indica que foi gravado no contexto de pressão popular por sua saída do governo, que aconteceu em 2016, enquanto o título do que seria a notícia é uma montagem.Envie-nos por WhatsApp Email",paulo rir janeiro e brasília cidade registrar ° maio manifestação o o presidente jair bolsonaro pandemia covid-19 deixar morto país abaixar verificar conteúdo circular rede social o tratar vídeo canal notícia assinatura globonews narrar comentarista renata o prete o legendar “ milhão pessoa avenida paulista e arredor pm ” o gravação compartilhar atar pró-governo realizar ° maio d ano publicação compartiham capturar tela suposto notícia publicar site g1 globo o título “ pandemia manifestação pró-governo dia ° maio manifestação o impeachment ex-presidente dilma ” “ hu-mi-lhan-te globo admitir manifestação pró bolsonaro n maio o história o vídeo ” publicação compartilhar facebook e twitter,brasil,4/05/2021 às 20:09,AFP Brasil,https://checamos.afp.com//globo-nao-admitiu-que-os-atos-pro-bolsonaro-de-1deg-de-maio-foram-os-maiores-da-historia,0
1864,"

Vídeo mostra MC Kevin caindo da sacada de prédio no Rio #boato 
",Boato – Vídeo mostra o momento em que o cantor MC Kevin cai da sacada do prédio em que estava hospedado no Rio de Janeiro.,o vídeo mc kevin cair sacar vídeo mc kevin cair prédio mc kevin pular prédio supor vídeo exato o cantor mc kevin cair ° andar prédio barrir tijuca ficar pendurar cortinar panar e o tecer aguentar e cair filmar …,entretenimento,17/05/2021,"
Edgard Matsuki ",https://www.boatos.org/entretenimento/video-mostra-mc-kevin-caindo-sacada-predio-rio.html,0
1865,Ciro quer explicações de Roberto Jefferson à Justiça por publicar fake news  ,,"O ex-ministro da Fazenda e ex-governador do Ceará Ciro Gomes (PDT) acionou a Justiça para cobrar explicações do ex-deputado Roberto Jefferson sobre o post com um diálogo falso entre o pedetista e 'líder de organização criminosa'. A fake news foi compartilhada por Jefferson na terça, 4, e já havia sido desmentida por agências de checagem no ano passado. A conversa se trata de uma montagem que juntou conversas interceptadas pela Polícia Federal com integrantes de facções criminosas com uma entrevista concedida por Ciro ao humorista Maurício Meirelles, em 2019. A fake news foi desmentida pela Agência Lupa em outubro de 2020. A defesa de Ciro, representada pelos advogados Walber de Moura Agra, Alisson Lucena e Ana Caroline Leitão, afirmaram que Roberto Jefferson 'agiu com o cerne de promover uma suposta ligação' entre o ex-governador e facções criminosas. O presidente do PTB apagou a publicação logo em seguida.",política,07/05/2021 17h43 ,"Redação, O Estado de S.Paulo",https://noticias.uol.com.br/ultimas-noticias/agencia-estado/2021/05/07/ciro-quer-explicacoes-de-roberto-jefferson-a-justica-por-publicar-fake-news.htm,1
1866,Salles segue estratégia de Bolsonaro contra Rodrigo Maia  ,,nunes ex-atacante campeão mundo flamengo explicar drible e acabar fondo bolsonaro jogar político ministro seguir o chefe e o o ricardo salles brigar o presidente câmara rodrigar maio dem e o general ramo ministro-chefe secretariar governar o bolsonaro história privatização unidade básico saudar bolsonaro soltar o decretar autorizar estudo suspender o decreto.só o nunes pensar acabar fondo,política,29/10/2020 13h10 ,29/10/2020 13h10 ,https://noticias.uol.com.br/colunas/tales-faria/2020/10/29/salles-segue-estrategia-de-bolsonaro-contra-rodrigo-maia.htm,1
1867,Ministério da Saúde e Estado do Amazonas atuam juntos no enfrentamento à COVID-19,,governar federal colocar disposição e município auxiliar enviar insumo e capacitação profissional saudar atendimento população indígena o secretário especial saudar indígena ministério saudar robson santo silvar reunir n segunda-feira representante amazona e município manaus o fortalecimento ações combater o o coronavírus atendimento o indígena o governar federal colocar disposição e município auxiliar enviar insumo e capacitação profissional saudar atendimento população indígena “ objetivo salvar vidar e trabalhar junto aprimorar o atendimento e anunciar medir importante somar quelas adotadas governar federal o s população indígena amazona e brasil ” robson destacar ocasião o diálogo ferramenta fundamental fortalecimento saudar indígena,saúde,26/05/2020 00h32,"Por Amanda Mendes, da Agência SaúdeAtendimento à imprensa(61) 3315-2745 / 2351",https://www.gov.br/saude/pt-br/assuntos/noticias/ministerio-da-saude-e-estado-do-amazonas-atuam-juntos-no-enfrentamento-a-covid-19,1
1868,"

Xuxa está sorteando cartões (reforma e presente) R$ 15 mil para usuários do Facebook #boato 
",Boato – A apresentadora Xuxa Meneghel está sorteando cartões-presente e cartões-reforma para as pessoas que responderem comentários no Messenger do Facebook e entrar em um site.,"xuxa sortear cartôes reformar r$ 15.000 e live sortear casar participar basto cidade xuxa meneghel o o viver sortear cartão presentar r$ 15.000,e sortear reformar casar participar basto o cidade solicitar presentar parabém encontrar o compartilhamento liberar n exato o cartão presentar liberar nome solicitar abaixar aprovar o pedir hoje solicitar nenhum documentar internet",entretenimento,28/08/2020,"
Edgard Matsuki ",https://www.boatos.org/tecnologia/xuxa-esta-sorteando-cartoes-reforma-presente-r-15-mil-facebook.html,0
1869,Rafael Moura divulga lista de jogadores do Goiás infectados por coronavírus  ,,dia o suspensão jogar goiá x paulo campeonato brasileiro o atacante rafael mouro divulgar o lista atleta time esmeraldino infectar coronavírus motivar cancelamento confrontar considerar referência clube o jogador ano revelar atleta covid-19 transparentar e margem especulação comunicar o nome infectar rafael mouro sandro tadeu david duarte lucão break rato keko jefferson e gilberto o atacante rafael mouro citar o ° jogador elenco goiá covid-19 fábio sanches entanto o contraprovar revelar diagnóstico negativar,saúde,10/08/2020 14h53 ,10/08/2020 14h53 ,https://www.uol.com.br/esporte/futebol/ultimas-noticias/2020/08/10/rafael-moura-divulga-lista-de-jogadores-do-goias-infectados-por-coronavirus.htm,1
1870,"

Carlos Alberto Decotelli, ministro da Educação, chamou Miriam Leitão de “Miriam Leitoa” #boato 
","Boato – O novo ministro da Educação, Carlos Alberto Decotelli, já fez uma publicação no Twitter debochando da jornalista Miriam Leitão. Ele a chamou de “Miriam Leitoa”.",misoginia e apologia o torturar carlos alberto decotelli postagem alusão o o cobrar oficiar exército sessão torturar miriam leitão d o ministrar chamar o jornalista “ miriam leitão ” eis o canalhice ministrar educação governar bolsonaro!todos conhecer o depoimento jornalista miriam leitão durante o ditadura preso grávido e colocar cela juntar cobrar jiboia precisar recentemente o senhor carlos alberto decotelli gostar algum miriam escrever e postar manter o pontuação e o acentuação originar “ miriam leitão patético senhor interditar achar o jibóia afetou neurônios ” declaração semelhante jair bolsonaro elogiar o coronel brilhante ulstra brincadeira torturar praticar carlos alberto decotelli acabar nomear ministrar educação nojo,política,,"
Edgard Matsuki ",https://www.boatos.org/politica/carlos-alberto-decotelli-ministro-educacao-miriam-leitao-miriam-leitoa.html,0
1871,É #FAKE que Gleisi Hoffmann disse que não vê motivos para homenagens a Senna,Imagem com declaração atribuída a deputada do PT circula em redes sociais após as homenagens à memória do piloto Ayrton Senna pelos 25 anos de sua morte. A frase não foi dita por ela.,circular rede social mensagem atribuir presidente pt gleisi hoffmann o seguinte declaração motivar algum abajularem airton senna corredor carro e lula o verdadeiro história brasil procurar equipar fato fake o assessoria gleisi trata-se notícia falso espalhar atingir o imagem deputar federal mentir o card circular rede social declaração atribuir presidente nacional pt o campeão brasileiro fórmula ayrton senna o falso mensagem erro ortografia e registrar o nome pilotar o y. o cartaz veicular internet homenagem memória senna ano morte 1º maio,política, 03/05/2019," Por Roney Domingos, G1 ",https://g1.globo.com/fato-ou-fake/noticia/2019/05/03/e-fake-que-gleisi-hoffmann-disse-que-nao-ve-motivos-para-homenagens-a-senna.ghtml,0
1872,"

Reforma da Previdência acabou com seguro-desemprego, PIS, licença e aposentadorias #boato 
","Boato – A aprovação da reforma da Previdência decretou o fim do seguro-desemprego, PIS, licença remunerada, reduziu pensões pela metade, vai reduzir aposentadorias e acabará em 10 anos.","pessoal dia n dia terrível pó aprovação ferrar previdência previdência tô gravar áudio mostrar o o aprovar proposto o mudar vidar vidar mundo tá caro aprovar o seguro-desemprego o seguro-desemprego o pis.foi aprovar o licença remunerar inss pessoa acidentar ficar licença médico problema saudar ficar haver médico remunerar acabar acabou.a pensão morte cônjuge casar o dia morrer maridar esposo cair aposentadoria acabar o aumentar automático aposentar acabar haver acabar tá o aumentar aposentar o inflação ano anterior o crescimento pib acabar haver aumentar aposentar acabar aposentar ficar aumentar acabar tá?esse aumentar conceder lula governar lula época governar fernando henrique aposentar ganhar salário mínimo o lula acabar acabar o aumentar aposentar cálculo acabar haver aumentar aumentar estipular bolsonaro e paulo guedes tornar e 1,5 aumentar tá acabou.acabou o aliás o mínimo aposentadoria o redutor aposentar redutor reduzir o salário e o acontecer o redutor e reduzir o salário chegar salário mínimo e parar reduzir acabar parar reduzir o redutor continuar reduzir o salário o limitar r$ entender pessoa começar o receber salário mínimo.então aposentar r$ hoje d o ano receber salário ano receber r$ o redutor continuar incidir aposentadoria.vocês entender e aprovar empresar isento contribuir previdência social o acontecer empregar pagar o previdência empresar isentas.não preciso pagar e pagar.esse dinheiro projetado tá durar ano ano significar aposentar hoje d o ano o dinheiro acabar e virar miserável virar pedir ruir tá aprovar congresso nacional ontem.quem aprovar votar o d gravar psl democrata o dem progressista p progressista republicano prp pl liberal psd d tá prb pastorar igreja universal silas malafaia igreja renascer o psdb psdb o psdb e o ptb tá acabar benefício tá?ah votação o principal acabar perder perder tá votar destaque e o senado senado aprovar entender conseguir ferrar tá repassar o o pessoa pessoa prejudicar gente abraçar o",política,17/07/2019,"
Edgard Matsuki ",https://www.boatos.org/politica/reforma-da-previdencia-acabou-seguro-desemprego-pis-licenca-aposentadorias.html,0
1873,Bares e restaurantes só poderão abrir durante o dia em São Paulo durante flexibilização da quarentena,"Orientação é para que estabelecimentos funcionem por seis horas, até as 17h, com 40% da capacidade de atendimento. Os proprietários dos estabelecimentos questionam se vale a pena abrir os locais apenas durante o dia.",o governar determinar bar e restaurante funcionar durante o dia cidade alcançar e manter fase amarelo planar paulo flexibilização quarentenar o gestão joão doria psdb indicar o horário funcionamento ultrapassar o período horar restaurante e bar o orientação centrar contingência o horário funcionamento 17h capacidade atendimento patricia ellen secretário desenvolvimento econômico o o sp2 n terça-feira o sair noite gerar aglomeração e reduzir o cuidar população o cuidar higiene principalmente o máscara proteger e conter o pandemia continuar sexta-feira o capital promovido o fase amarelo planar paulo permitir o reabertura salão beleza bar e restaurante prático avaliar o retornar funcionamento d locar permanecer semana estágio contenção coronavírus alcançar,saúde, 30/06/2020 19h56 ," Por Philipe Guedes, SP2 ",https://g1.globo.com/sp/sao-paulo/noticia/2020/06/30/bares-e-restaurantes-so-poderao-abrir-durante-o-dia-em-sao-paulo-durante-flexibilizacao-da-quarentena.ghtml,1
1874,Cidades na Austrália e na Nova Zelândia saem do lockdown após zerarem novos casos do coronavírus,"Em Melbourne, jogos do Aberto da Austrália voltam a receber público, mas com capacidade reduzida. ",cidade oceania sair lockdown o noite d quarta-feira zerarem o caso coronavírus auckland zelândia e melbourne austrália país adotando medir severo confinamento caso covid-19 registrar pequeno australiano e neozelandês conseguir debelar o transmissão e retomar o rotina normalidade abaixar o situação país melbourne cidade australiano deixar o lockdown e permitir o reabertura diverso estabelecimento o 23h59 d horário o governar registrar nenhum casar covid-19,saúde, 17/02/2021 07h54 , Por G1 ,https://g1.globo.com/mundo/noticia/2021/02/17/melbourne-saira-do-lockdown-apos-queda-brusca-nos-novos-casos-de-covid-19.ghtml,1
1875,umar mulher preso manter o maridar acorrentar casar durante o carnaval,,o notícia surgir o redar social o semana março parar o grupar facebook segundar o texto compartilhar acompanhar foto envolver umar mulher campar go acorrentar o maridar durante o dia carnaval e libertar vizinhar o quarta-feira cinzar,entretenimento,9/03/20199,gilmar lopes,https://www.e-farsas.com/uma-mulher-foi-presa-por-manter-o-marido-acorrentado-em-casa-durante-o-carnaval.html,0
1876,Doria nega fechamento do comércio em São Paulo após as eleições   ,,o governador paulo joão doria psdb negar o comércio fechar eleição municipal acontecer n domingo vídeo publicar rede social noite hoje doria chamar o notícia o endurecer medir combater pandemia eleição fake news repúdio o espalhar mentir tentativo prejudicar gestão golpezinho s véspera eleição falar doria completar paulo lidar transparentar combater covid-19 o governador afirmar o pandemia controlo e o gestão pandemia feito seguir o pautar ciência e medicinar,política,13/11/2020 22h11 ,"Colaboração para o UOL, em São Paulo",https://noticias.uol.com.br/politica/ultimas-noticias/2020/11/13/doria-nega-fechamento-do-comercio-em-sao-paulo-apos-as-eleicoes.htm,1
1877,"Perguntado sobre caso de Flávio, Bolsonaro interrompe entrevista, irritado  ",,o presidente jair bolsonaro encerrar abruptamente entrevisto coletiva conceder aeroporto rir branco ac manhã d quarta-feira o o perguntar o decisão stj superior tribunal justiçar anular o quebrar sigilar bancário filhar flávio bolsonaro republicano senador rir acabar o entrevisto afirmar o presidente o perguntar concluir retirar o o político locar e ministrar eduardo pazuello saudar ... ler íntegro folhar,política,24/02/2021 15h25 ,24/02/2021 15h25 ,https://noticias.uol.com.br/colunas/reinaldo-azevedo/2021/02/24/perguntado-sobre-caso-de-flavio-bolsonaro-interrompe-entrevista-irritado.htm,1
1878,Decano do STF rejeita ideia de acordo com Câmara: 'Esse cachimbo não fumo'  ,,decano supremo tribunal federal o ministrar marcar aurélio mello declarar aceito o idear negociar o câmara acordar levar o o relaxamento prisão deputar daniel silveiro psl-rj cachimbar fumar o magistrado coluna ocupar cadeira voltar s público juiz o deputar arthur lira pp-al presidente câmara passar o quarta-feira cinzar costurar entendimento trocar abertura cela deputar comprometer o julgar rapidamente ético câmara representação daniel silveiro suspender o mandatar cassá-lo alhear negociação marcar aurélio afirmar acordar desqualificar o supremo daniel silveiro presar flagrante noite terça-feira veicular vídeo internet n o xingamento estimular o agressão físico o ministro supremo desqualificar o cortar e defender o ai-5 o draconiano atar institucional ditadura militar determinar inicialmente ministrar alexandre moraes o prisão deputar avalizar togar supremo,política,18/02/2021 04h04 ,18/02/2021 04h04 ,https://noticias.uol.com.br/colunas/josias-de-souza/2021/02/18/decano-refuta-ideia-de-acordo-com-a-camara-esse-cachimbo-eu-nao-fumo.htm,1
1879,Silveira cita família e é criticado por placa de Marielle quebrada por ele  ,,presar flagrante delito terça-feira ameaçar o ministro stf supremo tribunal federal e o o democrático direito o deputar federal daniel silveiro psl-rj apelar família durante discursar sessão câmara deputar decidir manutenção prisão colega o deputar fábio trad psd-ms entanto rebater o falir silveiro e questionar haver pensar família marielle franco quebrar o placar homenagear o vereador psol morto o tiro atentar rir o falir silveiro ocorrer sensibilizar parlamentar revogar o prisão referendar plenário stf,política,19/02/2021 20h06Atualizada em 19/02/2021 21h13 ,19/02/2021 20h06Atualizada em 19/02/2021 21h13 ,https://noticias.uol.com.br/politica/ultimas-noticias/2021/02/19/silveira-cita-familia-colega-pergunta-se-ele-pensou-na-familia-de-marielle.htm,1
1880,É falso que votos de quem vai justificar possam ser transferidos   ,,publicação divulgar blogueiro bolsonarista oswaldo eustáquio n domingo afirmar o tentativo atacar hacker o o tribunal superior eleitoral tse revelar o fraudar urna o chancelar justiçar eleitoral eustáquio principal acusar inquérito fake news tramitar supremo tribunal federal stf e o informação d post falsa.o blogueiro citar fonte o ex-deputada federal cristiane brasil ptb afirmar o atacar confirmar voto válido e justificar banco diferente e descarregar voto justificar esquerdo,política,15/11/2020 23h00 ,"Colaboração para o UOL, em Curitiba",https://noticias.uol.com.br/confere/ultimas-noticias/2020/11/15/uol-confere-ataque-hacker-levanta-duvidas-sobre-processo-eleitoral.htm,0
1881,"Itália totaliza mais de 60 mil mortes por covid, com 564 nas últimas 24 horas  ",,roma ansa o itália ultrapassar o marcar morte covid-19 o o anunciar registrar óbito horar o boletim ministério saudar d domingo o país 60.078 vítima pandemia o vítima absoluto 23.024 região lombardia o populoso país e o contar o elevar quantidade caso coronavírus sars-cov-2 429.109 fevereiro contágio voltar o cair e 18.887 confirmar o tendência quedo medir restritivo implantar início novembro dividir o país faixar riscar contágio o itália somar 1.728.878 diagnóstico o covid-19 confirmar o fevereiro,saúde,06/12/2020 14h26 ,06/12/2020 14h26 ,https://noticias.uol.com.br/ultimas-noticias/ansa/2020/12/06/italia-ultrapassa-marca-de-60-mil-mortes-por-covid-19.htm,1
1882,"""Não fui pedir o retorno às aulas"", diz Tabata sobre reunião com ministro  ",,relator comissão externo câmara deputar acompanhamento ministério educação mec o deputar tabata amaral pdt-sp o ano passar analisar o o pastar e deixar sugestão produzir entregue o ministro anterior aberto o o diálogo documento enviar email o o secretário executivo conseguir recebido ministrar milton ribeiro o reunião participar o deputar felipe rigoni psb-es virar motivar crítico rede social circular o informação tabata pedir o o ministrar o retomar aula presenciar interrompido causar pandemia pedir o retornar s aula coluna o deputar preocupar pesquisar mostrar aluno retomar o ensinar médio escola reabrir o aumentar o desigualdade estudante pra falar cancelar o ano letivo o sinal conveniente político acreditar ataque rede social o esquerdo e o o ministrar milton ribeiro bolsonaristas tabata encarar tristeza demonstrar pessoa o educação pessoa entender o fato acontecer debater lamentar,política,17/09/2020 13h34 ,17/09/2020 13h34 ,https://noticias.uol.com.br/colunas/chico-alves/2020/09/17/nao-fui-pedir-o-retorno-as-aulas-diz-tabata-sobre-reuniao-com-ministro.htm,1
1883,"'Gripen brasileiro' pode influenciar outros países, diz presidente da Saab  ",,o presidente e ceo empresar sueco saab micael johansson aposto parceria o governar jair bolsonaro abrir mercar o jatos f-39e o gripen principal projeto estratégico forçar aéreo brasileiro fab entrevisto o o estadão o executivo afirmar o brasil ajudar o convencer governo o colômbio o comprar o jato fácil pilotar definir johansson o expansão favorecer o indústria defeso nacional o aeronave origem sueco desenvolvido e melhorar parceria o aeronáutico e empresar nacional comprar governar o apresentar sexta-feira passar cerimônia brasília entrevisto johansson evitar criticar o político ambiental brasileiro temer caro sociedade sueco favorável globalização e o o mercar aberto o principal contribuição brasileiro o o projeto gripen,política,27/10/2020 13h10 ,Felipe Frazão,https://noticias.uol.com.br/ultimas-noticias/agencia-estado/2020/10/27/gripen-brasileiro-pode-influenciar-outros-paises-diz-presidente-da-saab.htm,1
1884,existir o igreja quadrangular triangulo redondo,,o imagem surgir o redar social o semana outubro e mostrar o frente umar igreja o chamar o atenção o nome inusitado entidade igreja quadrangular triangulo redondo,entretenimento,8/10/20198,gilmar lopes,https://www.e-farsas.com/sera-que-existe-mesmo-a-igreja-quadrangular-do-triangulo-redondo.html,0
1885,"

Alemanha disse adeus a Angela Merkel com seis minutos de aplausos #boato 
","Boato – Angela Merkel diz que não tem empregados, mora em casa comum e é aplaudida por seis minutos após deixar seu cargo.",o alemanha o merkel minuto caloroso aplauso alemão escolher -na liderá-los e liderar milhão alemão ano competência habilidade dedicação e sinceridade durante ano liderança autoridade país haver transgressão designar secretário nenhum parente … o gente cidade sair sacar casar e aplaudir caloroso e espontaneamente minuto contínuo o o contrário realidade populista haver elogiar hipocrisia representação exagerar o alemanha permanecer corpo despedindo-se líder alemanha físico químico deixar seduzir moda luzir e comprar imóvel carro iate avião particular ex-alemanha oriental abandonar o postar deixar o alemanha liderança ano e trocar roupar conferência imprensar jornalista perguntar o merkel – reparar o vestir repetir o senhor outro responder – funcionário governar e modelar n conferência imprensar perguntaram-lhe – o senhor empregar doméstico o limpeza casar preparar refeição etc o respostar – trabalhador e precisar d o maridar e trabalhar casar dias.a sr merkel morar apartamento normal outro cidadão apartamento viver eleito primeira-ministra alemanha e o deixar o mulher liderar o economia europa,mundo,30/04/2021,"
Kyene Becker ",https://www.boatos.org/mundo/alemanha-disse-adeus-angela-merkel-seis-minutos-aplausos.html,0
1886,"Bivar é acionista de seguradora do DPVAT, mas não controla a empresa Líder  ",,"circular rede social o dezembro denunciar luciano bivar presidente psl social liberal e guiomar mendes esposo ministrar gilmar mendes stf supremo tribunal federal presidir o principal segurador dpvat dano pessoal veículo automotor terrestres).a redar e o psol entrar stf o segurar obrigatório segurar máfia seguro segurador líder o bolsonaro o cobrança r$ 5,00 reação marino e randolfe apelar e toffoli casso o decretar presidente mundo reclamar achar o toffoli receber bolar faltar",entretenimento,04/02/2020 04h02Atualizada em 05/06/2020 01h12 ,"Colaboração para o UOL, em São Paulo",https://noticias.uol.com.br/confere/ultimas-noticias/2020/02/04/luciano-bivar-guiomar-mendes-dpvat-uol-confere.htm,0
1887,bolsonaro mostrar cicatriz o sbt e acabar mostrar o pênis redar nacional,é verdade que o presidente jair bolsonaro foi mostrar cicatriz da barriga no sbt e acabou mostrando o pênis em rede nacional?,o imagem surgir rede social semana novembro e rapidamente espalhar publicação feito whatsapp acordar o texto manchete supostamente publicar site revisto o presidente jair bolsonaro mostrar o redar nacional o o exibir o cicatriz ficar barriga esfaquear,política,8/11/20198,gilmar lopes,https://www.e-farsas.com/bolsonaro-tentou-mostrar-cicatriz-no-sbt-e-acabou-mostrando-o-penis-em-rede-nacional.html,0
1888,Ministro do Interior do Peru propõe manter toque de recolher até fim do ano,"Além de controle da pandemia, iniciativa visa conter aumento de violência. País é o segundo mais afetado pelo coronavírus na América Latina, atrás apenas do Brasil, com 232.992 casos e 6.860 mortos.",o tocar recolher noturno vigor março peru manter dezembro dever pandemia visar conter aumentar previsível violência informar n terça-feira o ministrar interior gastón rodríguez o o tocar recolher o proposto mantê-lo o ano avaliação governar declarar o general rodríguez emissor latino o chefe segurança interno enfatizar haver riscar aumentar crime casar o tocar recolher suspenso atos criminoso ocorrer noite e horar manhã finar semana criminoso aproveitar o fato pessoa chegar noite diversão roubá-las explicar o general,saúde, 16/06/2020 16h53 , Por France Presse ,https://g1.globo.com/mundo/noticia/2020/06/16/ministro-do-interior-do-peru-propoe-manter-toque-de-recolher-ate-fim-do-ano.ghtml,1
1889,"

Girafas da Austrália saltam de trampolim, fazem acrobacias e mergulham na água, mostra vídeo #boato 
",Boato – Vídeo mostra momento em que girafas saltam de trampolim e fazem acrobacias antes de mergulhar na água. Elas precisaram de anos de treinamento para fazer a manobra.,show austrália o caro girafa levar ano treinamento perder o medo água e o ano aprender o submergir curtir,mundo,18/07/2020,"
Edgard Matsuki ",https://www.boatos.org/mundo/girafas-australia-saltam-trampolim-fazem-acrobacias-mergulham-na-agua-video.html,0
1890,STF retoma nesta sexta julgamento sobre doação de sangue por homens gays,"Hoje, relação sexual entre homens impede ambos de doarem por um ano. Associações apontam preconceito em parâmetros; governo diz que dados de HIV e outras infecções justificam regra.",o supremo tribunal federal stf retomar n sexta-feira º o julgamento constitucionalidade norma ministério saudar e agência nacional vigilância sanitário anvisa limitar o doação sangue homem gay o ministro votar plenário físico voto continuar valer o julgamento plenário virtual motivar pandemia coronavírus querer ministro alterar o posicionamento o anúncio resultar autor ação o socialista brasileiro psb “ absurdo tratamento discriminatório ” público o prático norma barrir “ permanentemente ” gay “ mínimo atividade sexual ” n o advocacia-geral união agu pedir o stf rejeitar o ação – chegar o analisar o temer,política, 01/05/2020 05h00 ," Por Rosanne D'Agostino e Mateus Rodrigues, G1 — Brasília ",https://g1.globo.com/politica/noticia/2020/05/01/stf-retoma-nesta-sexta-julgamento-sobre-doacao-de-sangue-por-homens-gays.ghtml,1
1891,Itália já pensa em plano para sair 'gradativamente' da pandemia  ,,roma abr afp o itália observar desaceleração pandemia coronavírus pensar recuperação planar sanitário o governar advertir o retornar normalidade dia o noite o país o afetado mundo epidemiar registrar n domingo o morto horar semana temer relaxamento comportamento pessoa chegar primaverar e o feriar páscoa autoridade insistir repetir dia baixar o guardar o o coronavírus condição suavizar medir confinamento advertir o primeiro-ministro giuseppe contar o o anunciar o itália continuar paralisar abril,saúde,05/04/2020 15h35Atualizada em 05/04/2020 19h11 ,05/04/2020 15h35Atualizada em 05/04/2020 19h11 ,https://noticias.uol.com.br/ultimas-noticias/afp/2020/04/05/italia-ja-pensa-em-plano-para-sair-gradativamente-da-pandemia.htm,1
1892,Governadores cobram do governo cronograma de vacinação contra covid-19  ,,governador cobrar o governar federal cronograma detalhar vacinação covid-19 contemplar o central custear totalmente parcialmente imunizante aplicar informar n quinta-feira o governador piauí wellington dia pt dia presidente consórcio nordeste e coordenador temer vacinar fórum nacional governador esperar respostar governar o comprar vacinar e argumentar adquirir parcialmente chefe executivo estadual precisar preparar futuro aquisição contar o o cobrar junto ação o central brasil governar brasileiro e governar chino assegurar cronograma comprar e entregar e o vacinar o butantan milhão dose ifas insumo farmacêutico ativos e o fiocruz milhão dose o governador piauí,saúde,28/01/2021 16h44 ,Ricardo Brito,https://noticias.uol.com.br/ultimas-noticias/reuters/2021/01/28/governadores-cobram-do-governo-cronograma-de-vacinacao-contra-covid-19.htm,1
1893,"Veto de Bolsonaro não impede compra de vacinas por estados, diz Pacheco  ",,o presidente senado rodrigar pacheco hoje o vetar parcial presidente jair bolsonaro o o pl 534/2021 impedir distrito federal e município comprar vacinar o projeto transformar lei 14.125 autorizar o união e ente o adquirir vacinar o covid-19 e assumir o responsabilidade civil o efeito adverso pós-vacinação o respostar pacheco o ordem feito senador kátia abreu pp-to entender o projeto aprovar e sancionar permissão governador comprar ganhar vacinar gostar excelência luzir governador autonomia comprar ganhar vacinar algum mundo questionar o senador respostar o presidente casar o autor projeto explicar apesar vetar mantido texto o autorizar ente federar o adquirir vacinar durante o pandemia afirmar o objetivo principal projeto o segurança jurídico negociação o aquisição vacinar travar farmacêutico exigir contrato cláusula isentar responsabilidade efeito adverso,política,11/03/2021 18h40 ,11/03/2021 18h40 ,https://noticias.uol.com.br/saude/ultimas-noticias/redacao/2021/03/11/veto-nao-impede-compra-de-vacinas-por-estados-e-municipios-diz-pacheco.htm,1
1894,Ministério da Saúde começa minuta de contrato para adquirir vacina de laboratório indiano,,o ministério saudar início hoje 8/2 elaboração minutar contratual o comprar milhão dose vacinar covaxin fabricar índio laboratório bharat biotech o pastar começar processar semelhante semana importar milhão dose imunizante russo sputink v o unão químico representante brasil instituto gamaleya cumprir o promessa enviar o preço terça-feira 9/2 sexta-feira passar 5/2 encontro diretores união químico e preciso medicamento comercializar brasil o covaxin o secretário executivo ministério saudar elcio franco enfatizar o pagamento condicionar o fornecedor vacinar obter “ anvisa o o aprovação emergencial e temporário imunizante país realizar o pagamento e o aplicação vacinar ” responsável covaxin atender o condicionante estabelecido anvisa ministério e legislação brasileiro o contratar assinar e o bharat biotech dia oficialização milhão dose entregue dividir lote igual milhão o exportar o o brasil e dia,saúde,08/02/2021 22h00,Ministério da Saúde(61) 3315-3587 / 3580,https://www.gov.br/saude/pt-br/assuntos/noticias/ministerio-da-saude-comeca-minuta-de-contrato-para-adquirir-vacina-de-laboratorio-indiano,1
1895,"
  Não há evidências de que chá de boldo cure “os sintomas” do novo coronavírus","Publicações compartilhadas milhares de vezes em redes sociais desde o início de maio asseguram que beber chá de boldo cura “em três horas” os sintomas da COVID-19. Especialistas consultados pela AFP afirmaram, contudo, que ainda não é conhecido qualquer tratamento eficaz contra o novo coronavírus. O Ministério da Saúde brasileiro informa, por sua vez, que nenhum chá ou bebida quente combate a doença. Além disso, o consumo desta infusão em grandes quantidades pode trazer riscos.Envie-nos por WhatsApp Email",“ governar gastar bilião combater o o corona vírus e irmão algum faculdade ciência medicinar descobrir chá boldo combater sintoma covid horar realmente deus louco d mundo pra confundir sábio sic ” publicação compartilhar facebook o dia maio versão semelhante afirmar o receitar caseiro testar sucesso casal morar paulo circular twitter e áudio compartilhar whatsapp o conteúdo enviar o o whatsapp afp checar verificação especialista consultar afp e órgão nacional e internacional saudar negar entanto o existência tratamento o covid-19,brasil,18/05/2020 às 17:42,AFP Brasil,https://checamos.afp.com//nao-ha-evidencias-de-que-cha-de-boldo-cure-os-sintomas-do-novo-coronavirus,0
1896,É falsa foto de Schwarzenegger com camiseta de apoio a Bolsonaro,,falso umar foto arnold schwarzenegger camiseta o imagem jair bolsonaro e o inscrição bolsonaro presidente publicar lutador mma o twitter o clicar original mostrar o ator e ex-governador califórnio umar blusa liso pequeno nike abaixar ombro,política,2021-07-07,Comprova,https://projetocomprova.com.br/publicações/e-falsa-foto-de-schwarzenegger-com-camiseta-de-apoio-a-bolsonaro/,0
1897,Ministério da Saúde avalia distribuir 'kit covid' de graça no Farmácia Popular  ,,o ministério saudar discutir distribuir gratuitamente kit covid-19 farmácia popular o idear reembolsar estabelecimento conveniados o sulfatar hidroxicloroquina azitromicina e ivermectina retirar paciente covid-19 haver comprovação eficácia o d medicamento o coronavírus o tratamento tornou-se aposto governar jair bolsonaro o estadão revelar julho o saudar estudo o viabilidade inclusão produto farmácia popular o programar distribuir gratuitamente descontar medicamento controlo doença crônicas atingir milhão brasileiro diabete hipertensão e asma precisar prescrição médico retirar o kit covid o ministrar saudar eduardo pazuello defender o cloroquina tratamento doença ministro deixar o pastar luiz henrique mandetta e nelson teich divergência o aposto medicamentar caber o o general aprovar orientação saudar o combater covid-19 estimular o sintoma doença hidroxicloroquina cloroquina associar o o antibiótico azitromicina o tabelar preço definir governar federal r$ caixa comprimir sulfatar hidroxicloroquina mg medicamentar indicar bulir artrite reumatoide lúpus e malária comprimir antibiótico azitromicina mg valer r$ caixa comprimir vermífugo ivermectina mg custar r$ valorar considerar alíquota icms cobrar paulo,política,16/09/2020 12h00 ,16/09/2020 12h00 ,https://noticias.uol.com.br/ultimas-noticias/agencia-estado/2020/09/16/ministerio-da-saude-avalia-distribuir-kit-covid-de-graca-no-farmacia-popular.htm,1
1898,STF dá 72h para que Anvisa informe sobre uso emergencial da vacina Sputnik  ,,o ministrar ricardo lewandowski stf supremo tribunal federal determinar hoje o anvisa agência nacional vigilância sanitário informação o análise pedir emergencial vacinar sputnik v o covid-19 horar o vacinar desenvolvido instituto pesquisar gamaleya moscar e comercializar fundir russo investimento direto sábado o anvisa rejeitar o pedir emergencial milhão dose vacinar documento apresentar requisito mínimo submissão e análise faltar estudo clínico o fase vacinar realizar teste brasil — critério anvisa aprovação emergencial,saúde,20/01/2021 13h59 ,20/01/2021 13h59 ,https://noticias.uol.com.br/saude/ultimas-noticias/redacao/2021/01/20/stf-determina-que-anvisa-de-informacoes-sobre-uso-emergencial-da-sputnik.htm,1
1899,Denúncia do MPF contra Glenn Greenwald: repercussão,MPF denunciou jornalista nesta terça-feira (21) sob o argumento de que ele orientou grupo de hackers a apagar mensagens em caso de invasão de celulares de autoridades. Greenwald diz que denúncia é 'retaliação' e 'ataque à imprensa livre'.,"O presidente da Câmara, Rodrigo Maia, a OAB e entidades de imprensa criticaram a denúncia do Ministério Público Federal (MPF), nesta terça-feira (21), contra o jornalista Glenn Greenwald, do site The Intercept.  O jornalista foi denunciado pelo crime de associação criminosa e pelo crime de interceptação telefônica, informática ou telemática, sem autorização judicial ou com objetivos não autorizados em lei. Ele não tinha sido investigado ou indiciado na operação Spoofing.  Glenn disse que a denúncia é uma ""retaliação pelo governo [Jair] Bolsonaro"" e um ""ataque à imprensa livre"".  O site The Intercept publicou, em 2019, conversas atribuídas ao então juiz federal e atual ministro da Justiça, Sergio Moro, e procuradores da Operação Lava Jato. Segundo o site, Moro orientou ações e cobrou novas operações dos procuradores, o que, para o ""The Intercept"", evidencia parcialidade do então juiz.",política, 21/01/2020 17h14 , Por G1 — São Paulo ,https://g1.globo.com/politica/noticia/2020/01/21/denuncia-do-mpf-contra-glenn-greenwald-repercussao.ghtml,1
1900,o sueco gretar thunberg neto george soro,,o quinzena setembro umar foto mostrar o ativista climático gretar thunberg o o financiador george sorar começar o compartilhar o redar social e whatsapp acordar o texto acompanhar o imagem o jovem seriar neto magnata george sorar,entretenimento,25/09/2019,gilmar lopes,https://www.e-farsas.com/a-sueca-greta-thunberg-e-neta-de-george-soros.html,0
1901,Rodovias de São Paulo têm trânsito intenso após feriado de praias cheias  ,,registrar praia cheio durante o feriar prolongar o pandemia covid-19 rodovia interligar o litoral e o região metropolitano paulo movimentar intenso automóvel n domingo haver registro lentidão e fluxo intenso o o quilômetros estrar relato excesso veículo concessionário responsável sentir paulo o tráfego lentar rodovia ayrton senna quilômetros e decorrência excesso veículo acordar o ecopistas tamoios haver registro lentidão trecho serrar sentir josé campo registrar nublar garoa e neblinar o concessionário responsável,saúde,03/01/2021 19h51Atualizada em 03/01/2021 20h21 ,"Redação, O Estado de S.Paulo",https://noticias.uol.com.br/ultimas-noticias/agencia-estado/2021/01/03/apos-feriado-de-praias-cheias-rodovias-de-sao-paulo-tem-transito-intenso.htm,1
1902,Uber poderá pedir documento do passageiro para corridas pagas em dinheiro,"Companhia anunciou outras medidas de segurança para clientes e motoristas, incluindo expansão de opção para gravar áudio de corridas e selfie de passageiros com máscara.","A Uber anunciou nesta quinta-feira (3) que novos usuários que solicitarem corridas em dinheiro precisarão passar por uma checagem de documentos.  A companhia também irá expandir medidas de segurança como a gravação de áudio de corridas para todo o Brasil e selfies do passageiro que comprovem que ele está de máscara.  Para confirmar a identidade de novos usuários, o aplicativo irá aceitar RG e CNH, que serão comparados em tempo real com uma base de dados de uma empresa parceira.  A tela para enviar uma foto do documento é exibida logo depois de solicitar a corrida.",política, 03/09/2020 11h52 ," Por Alessandro Feitosa Jr, G1 ",https://g1.globo.com/economia/tecnologia/noticia/2020/09/03/uber-podera-pedir-documento-do-usuario-para-corridas-pagas-em-dinheiro.ghtml,1
1903,"Por prevenção ao coronavírus, Justiça de SP manda 151 presos para casa  ",,o justiçar paulo determinar noite homem detido penitenciário tremembé interior paulista cumprir peno casar o decisão caráter excepcional ocorrer prevenção expansão coronavírus unidade prisional o decisão juiz sueli zeraik oliveira armani deecrim departamento estadual execução criminal josé campo e vec varar execução criminal taubaté segredar justiçar obtido uol o decisão beneficiar preso idoso e possuidor comorbidades prognóstico predispor o o desenvolvimento covid-19 resultar letal determinar o magistrado acordar o decisão preso encontram-se ambientar comprovadamente insalubre e superlotar suportar médico medicamentar condição adequar higiene pessoal pedir vestuário trocar lençol cobertor toalha banhar colchão,saúde,28/03/2020 13h19 ,Luís Adorno,https://noticias.uol.com.br/saude/ultimas-noticias/redacao/2020/03/28/por-prevencao-ao-coronavirus-justica-de-sp-manda-151-presos-para-casa.htm,1
1904,É #FAKE que O Globo escreveu que Heloísa é esposa de Flávio Bolsonaro,Imagem que sugere erro se deve à pré-visualização gerada automaticamente pelo mecanismo de buscas do Google. Ela omite a parte do parágrafo da reportagem em que o termo 'sua esposa Heloísa' se refere corretamente a Eduardo Bolsonaro,circular rede social reportagem jornal o globo publicar terça-feira intitular flávio bolsonaro testo positivar covid-19 refere-se o heloísa bolsonaro cunhar flávio esposo print sugerir errar compartilhar maridar heloísa o deputar federal eduardo bolsonaro psl-sp o legendar difícil acreditar o globo jornalismo sério fake o imagem reproduzir pré-visualização gerar automaticamente mecanismo buscar google e errar jornal o referência o heloísa encontra-se parágrafo reportagem e precedido trecho falir eduardo — o esposo refere-se o o deputar o o senador o deputar federal eduardo bolsonaro psl-sp chegar o suspeitar contaminação teste e negativo esposo o psicólogo heloísa bolsonaro grávido filho casal precisar ficar dia internar contar doença pulmão comprometer recuperar o texto,política, 26/08/2020, Por O Globo ,https://g1.globo.com/fato-ou-fake/noticia/2020/08/26/e-fake-que-o-globo-escreveu-que-heloisa-e-esposa-de-flavio-bolsonaro.ghtml,0
1905,Berlusconi é internado em Mônaco com arritmia cardíaca  ,,"milão jan ansa o ex-primeiro-ministro itália e eurodeputado silvio berlusconi ano internar hospital mônaco dever o arritmia cardíaca.a notícia confirmar ansa médico pessoal ex-premiê alberto zangrillo segunda-feira urgência o o sul frança o presidente morar temporariamente dever o agravamento e determinar o internação mônaco achar prudente o transportar o itália disse.segundo zangrillo berlusconi problema cardíaco arritmológico o ex-primeiro-ministro internar centrar cardiotorácico mônaco hospital especializar doença cardiovasculares.berlusconi passar valbonne cidade situar o quilômetros fronteiro italiano e o quilômetros mônaco.em função internação o tribunal siena adiar abril audiência processar ruby o ex-premiê réu corrupção atos judiciário acontecer n quinta-feira 14).berlusconi acusar subornar danilo mariani pianista participar festa apelidar bunga-bunga induzi-lo o prestar falsar testemunhar noitada prostitutas.o ministério público siena pedir o tribunal condenar o ex-primeiro-ministro o ano e prisão ano passar berlusconi conseguir o adiamento diverso audiência processar semelhante milão motivo saúde"".ele chegar o internar covid-19 setembro e o doença o provar perigoso vidar o casar ruby desmembramento milão roma turim pescar treviso e monza e nascer processar ruby o ex-primeiro-ministro absolver crime prostituição e abusar poder.o nome referência modelar ítalo-marroquina karima el mahroug o ruby pivô escândalo sexual abalar o imagem berlusconi desmembramento o líder conservador acusar suspeitar manipular o depoimento testemunhar escapar condenações.o ex-premiê condenar instância fraudar fiscal peno descontar ano serviço social e hoje deputar parlamentar europeu ansa",saúde,14/01/2021 12h50 ,14/01/2021 12h50 ,https://noticias.uol.com.br/ultimas-noticias/ansa/2021/01/14/berlusconi-e-internado-em-monaco-com-arritmia-cardiaca.htm,1
1906,"Não faltará dinheiro para quem quiser se vacinar, diz Sachsida  ",,brasília reuters faltar dinheiro o vacinação população o coronavírus e o prioridade absoluto ministério economia hoje o secretário político econômica pastar adolfo sachsida live promovido jota sachsida haver recurso necessário querer tomar o vacinar e o principal n deixar o população seguro haver disponibilização imunizante,saúde,08/01/2021 12h02 ,Por Gabriel Ponte,https://economia.uol.com.br/noticias/reuters/2021/01/08/nao-faltara-dinheiro-para-quem-quiser-se-vacinar-diz-sachsida.htm,1
1907,"

Olavo de Carvalho escreve texto sobre morte de Ricardo Boechat e “esquerdistas” #boato 
",Boato – Olavo de Carvalho disse em texto que Boechat era comunista esquerdista e  manipulava a opinião pública em prol da esquerda. ,” ricardo boechat “ olavo carvalho “ inteligência o serviço marxismo internacional perda enorme o extremo esquerdo … o argentino ricardo boechat dominar maestria técnico manipulação opinião público militar engajar e criar perfeito “ cortinar fumaça ” – o velho método “ morde-assopra ” repetir o óbvio lulante opinião público captar simpatia e diariamente paciência gramsci praticar o “ água mole pedrar duro bater furar ” martelar conceito stalinista … “ ocasionar e pontuar crítico retórico e falso – hipócrita o opinião público uno técnico dissimular captatio benevolentia baixar o guardar e aceitar constante crítico o o liberalismo capitalismo e o economia mercar … ” fake news “ desinformatzya ” criar oficiar kgb ingênuos … ler chomsky livro necessary ilusions e manufaturing consent o argentino dissimular comunista ativista o serviço marxismo internacional ateu e engajar agendar antônio gramsci o morte deixar lutar o psol boulos o pcdob manuela e o pt lula andrade o melhor o globo triste e lamentar o passamento infiltrar o emissor d o band relaxar o mídia ” “ o preço liberdade o eterno vigilância ” thomas jefferson,brasil,14/02/2019,"
Kyene Becker ",https://www.boatos.org/brasil/olavo-carvalho-texto-boechat.html,0
1908,o igreja universal tatuar umar marcar o mão fiar,,áudio umar mulher preocupar denunciar umar norma impor pelar igreja universal o o fiar surgir o quinzena fevereiro segundar o o mulher o áudio o pastorar d igreja obrigar o receber umar tatuagem umar cruz o mão comer umar formar marcar o membro,entretenimento,19/02/2019,gilmar lopes,https://www.e-farsas.com/a-igreja-universal-esta-tatuando-uma-marca-nas-maos-de-seus-fieis.html,0
1909,Bolsonaro atleta? Imagens viralizam e presidente vira piada na web  ,,apesar inúmero crítico pronunciamento jair bolsonaro viralizou web afirmar histórico atleta o coronavírus alto ano gripezinha resfriado brasileiro agir tom ironia o o trecho citar bolsonaro pronunciamento pertencer o o riscar doença e haver oficial comprovar ex-atleta imunidade o o coronavírus o d diverso vídeo d flexão maneiro errar e foto época o presidente praticar atletismo propagar web e virar prato cheio zoeira conferir o repercussão web,saúde,25/03/2020 17h58 ,25/03/2020 17h58 ,https://noticias.uol.com.br/politica/ultimas-noticias/2020/03/25/bolsonaro-atleta-imagens-viralizam-e-presidente-vira-piada-na-web.htm,1
1910,É falso que Exército tenha apreendido madeira ilegal ligada a ONGs e MST,,o exército informar haver registro apreensão madeirar recente condição descrito publicação verificar postagens foto mostrar caminhão carregar torar madeirar o imagem entanto,política,2020/10/08,Comprova,https://projetocomprova.com.br/publicações/e-falso-que-exercito-tenha-apreendido-madeira-ilegal-ligada-a-ongs-e-mst/,0
1911,"Em meio a investigação, estratégia palaciana é destacar que troca na PF é prerrogativa presidencial", 12/05/2020 11h02 ,dia depoimento ministro militar o estratégia defeso palácio planalto destacar trocar direção polícia federal prerrogativa presidencial aliar sergio morar avaliar pressão político pf ficar comprovar assessorar presidencial ministro depor n terça-feira negar pressão presidente jair bolsonaro trocar direção polícia federal ressaltar legislação prerrogativa presidente o nomeação e o exoneração diretor-geral hoje depor palácio planalto ministro walter braga netto casar civil luiz eduardo ramo secretariar governar e augusto heleno gabinete segurança institucional depoimento o classificar pressão e interferência órgão governar avaliar estilar contundente presidente repúblico e insistir o presidente nenhum pedir informação sigiloso investigação cursar polícia federal lembrar registrar depoimento ex-ministro justiçar sergio morar ex-diretor maurício valeixo,política, 12/05/2020 11h02 , ,https://g1.globo.com/politica/blog/valdo-cruz/post/2020/05/12/em-meio-a-investigacao-estrategia-palaciana-e-destacar-que-troca-na-pf-e-prerrogativa-presidencial.ghtml,1
1912,"Mesmo com restrições, Cisjordânia falha em conter contágio por coronavírus  ",,"dia consecutivo território palestino cercar 4,5 milhão habitante contar infecção diário coronavírus chamar onda contágio mostrar imparável principalmente cisjordânia apesar tocar recolher e restrição imposto governar o aumentar exponencial ficar refletido fato caso o início pandemia ativos atualmente soma-se o crescimento morte chegar o março e junho haver oficiar o infecção e morte ocorrer cisjordânia 1,9 milhão palestino e serviço saudar precário e pressão crescente dever o o agravamento situação horar haver aumentar palestino jerusalém oriental ocupar e anexar israel caso território palestino",saúde,25/07/2020 03h43 ,25/07/2020 03h43 ,https://noticias.uol.com.br/ultimas-noticias/efe/2020/07/25/mesmo-com-restricoes-cisjordania-falha-em-conter-contagio-por-coronavirus.htm,1
1913,"

Abono emergencial de Natal de R$ 800 está disponível em site no WhatsApp #boato 
","Boato – A Caixa liberou um Abono emergencial de Natal no valor de R$ 800 por CPF para beneficiários do Bolsa Família, Auxílio Emergencial e pensionistas. Para ganhar, é preciso deixar os dados e compartilhar um link no WhatsApp.","disponível o cadastramento o abonar emergencial natal r$ 800,00 cpf cadastramento válido beneficiário auxílio emergencia bolsar família e pencionistas cadastramento liberar o dia 26/10/2020 cadastramento site",entretenimento,21/10/2020,"
Edgard Matsuki ",https://www.boatos.org/tecnologia/abono-emergencial-natal-esta-disponivel-site-no-whatsapp.html,0
1914,"

Bolsonaro convoca reservistas brasileiros para apoiar os EUA na 3ª Guerra Mundial no Irã #boato 
",Boato – O presidente Jair Bolsonaro convocou todos os jovens brasileiros acima de 18 anos para participar da missão dos EUA no Irã e da 3ª Guerra Mundial.,jair bolsonaro anunciar jovem o ano dever apresentar o o exército auxiliar missão eua irã alertar bolsonaro convocar reservista ano apoiar eua ° guerra mundial,brasil,05/01/2020,"
Edgard Matsuki ",https://www.boatos.org/brasil/bolsonaro-convoca-reservistas-brasileiros-apoiar-eua-3a-guerra-mundial.html,0
1915,"

PF encontra dinheiro escondido no forro do teto da casa do secretário de Saúde da Paraíba (Pará), mostra vídeo #boato 
",Boato – A Polícia Federal encontrou dinheiro vivo escondido no forro do teto da casa do secretário de Saúde da Paraíba (ou Pará). Vídeo mostra o momento do flagrante.,casar secretário saudar paraíba … operação polícia federal casar secretário estadual saudar paraíba impacto corona vírus durar ano pandemia casar secretário saudar público paraíba pessoa perder o vidar vagabundo roubar o saudar o culpar vidar perdido presidente imbecil.casa secretário saudar parar o pf rastro dinheiro vírus chinês.nosso dinheiro desviar quadrilha disfarçar político covidão parar pf casar secretário saudar parar continuar procurar encontrar,saúde,17/06/2020,"
Edgard Matsuki ",https://www.boatos.org/saude/pf-encontra-dinheiro-escondido-forro-teto-casa-secretario-saude-paraiba-para-video.html,0
1916,"

Lula é flagrado e xingado em bar durante quarentena da Covid-19, mostra vídeo #boato 
","Boato – O ex-presidente Lula foi flagrado e xingado em um bar durante a quarentena da Covid-19. Em vídeo, ele aparece sentado à mesa bebendo cachaça com os amigos, todos sem máscara.",o cachaceiro lula beber amigo máscara entanto frente o câmera o ladrão ator alienar parir ouví-lo protegerem!lula bandido sair papo bar asseclaso picareta lula reconhecer tomar cachaça bar … indignar cena pessoa tirar satisfação … .vejam …,política,15/09/2020,"
Raiane Gonoli ",https://www.boatos.org/politica/lula-flagrado-e-xingado-em-bar-durante-quarentena.html,0
1917,Interior tem 28% do número de mortes por covid-19 em São Paulo  ,,"o caso oficiar covid-19 paulo subir 11,043 hoje o óbito aumentar acontecer interior o o caso capital e interior divulgar centrar contingência o o coronavírus d quarta-feira o coordenador centrar david uip alertar disseminação covid-19 município região metropolitano paulo cidade morador contaminar registrar morte município paulo o dia consecutivo o registrar elevação dígito percentual vítima fatal o óbito homem mulher terço e quarta-feira o quantidade caso aumentar 1,672 o levantamento o secretariar estadual saudar informar o isolamento social permanecer patamar uti redar público lotar maio unidade terapia intensivo existente hospital campanha deixar vago julho",saúde,15/04/2020 15h23 ,Felipe Pereira,https://noticias.uol.com.br/saude/ultimas-noticias/redacao/2020/04/15/interior-tem-28-do-numero-de-mortes-por-covid-19-de-sao-paulo.htm,1
1918,"

Condenado por desvios na Caixa é assessor econômico de Dias Toffoli no STF #boato 
",Boato – Fugitivo da Justiça que roubou R$3 milhões do FGTS se torna assessor econômico do presidente do STF Dias Toffoli.,“ … esquerdista gerente agência caixa econômica federal lago sul brasília certar dia cercar ano resolver roubar milhão fgts e tornou-se fugitivo justiçar curiosamente presar escondeu-se adivinho o durante ano trabalhar assessor economia presidente stf ministrar dia toffoli curioso ”,política,,"
Kyene Becker ",https://www.boatos.org/politica/condenado-desvios-caixa-assessor-economico-dias-toffoli-stf.html,0
1919,Mais de 150 médicos manifestam interesse para atuar em Manaus,,autorizar o abertura emergencial vago fortalecer o atendimento médico população manaus o ministério saudar receber inscrição profissional interessar atuar enfrentamento covid-19 amazona vago ofertar doeditalnº1/2021do programar médico o resultar chamamento publicar segunda-feira 25/01 e permitir o ocupação vago “ buscar prover atendimento médico reforçar o linha frente manaus ação o ministério buscar reforçar o trabalhar equipar e ampliar o cuidar população profissional somar o atividade levar atendimento manaus o atenção primário fundamental conter o agravamento doença covid-19 o redar preciso atendimento maneiro eficaz ” destacar o secretário atenção primário saudar raphael parente o estratégia contratação emergencial ampliar o atendimento população unidade saudar atenção primário e oferecer assistência qualificar o paciente sintoma leve síndrome gripal covid-19 profissional o município ações e serviço fortalecer o integralidade promoção saudar e o organização serviço prestar unidade saudar o população manaus,saúde,21/01/2021 11h51,"Rodrigo Vasconcelos, com informações da SAPSMinistério da Saúde(61) 3315-3587 / 3580",https://www.gov.br/saude/pt-br/assuntos/noticias/mais-de-150-medicos-manifestam-interesse-para-atuar-em-manaus,1
1920,Irã passa de 70 mil casos e 4.300 mortos por coronavírus  ,,teerã abr afp o coronavírus matar 4.357 pessoa irã total 70.029 infectar o início epidemiar acordar o relatório oficial publicar hoje teerã autoridade saudar documentar morte doença covid-19 horar kianouche jahanpour porta-voz ministério saudar briefing diário imprensar o o 1.837 caso contaminação confirmar informar jahanpour reflete diminuição infecção comparação o aumentar anunciar dia anterior 1.972 caso dia consecutivo declínio n indicador,saúde,11/04/2020 08h29 ,11/04/2020 08h29 ,https://noticias.uol.com.br/ultimas-noticias/afp/2020/04/11/ira-contabiliza-70000-casos-e-4300-mortos-por-coronavirus.htm,1
1921,"

Ministro da Educação, Vélez Rodriguez, foi demitido por Bolsonaro #boato 
",Boato – O presidente Jair Bolsonaro acabou de demitir o ministro da Educação Ricardo Vélez Rodríguez. Demissão ocorreu após audiência na Câmara.,cair vélez rodriguez ministrar educação demitir bolsonaro o ministrar educação ricardo vélez rodriguez demitir cargo o informação divulgar jornalista eliane cantanhêde globo news haver “ bolsonaro decidir demitir o ministrar educação velez rodrigar motivo óbvio ” twitter,política,29/03/2019,"
Edgard Matsuki ",https://www.boatos.org/politica/ministro-educacao-velez-demitido-bolsonaro.html,0
1922,É #FAKE que revista Time publicou charge em que Bolsonaro aparece como soldado 'protegendo o Brasil',Imagem que circula em redes sociais adiciona mensagem pró-Bolsonaro a ilustração criada em 2016. A mesma charge é usada como mote para centenas de situações em vários países e idiomas. ,circular rede social mensagem o revisto americano time publicar charge retratar o presidente jair bolsonaro soldar proteger o brasil – representar criança adormecido – bomba faca e foguete socialismo juntar charge circular o texto charge publicar revisto americano time o melhor expressão vir o situação atual parabém o o criador o charge the silent protector artista utkl gaurab e começar o divulgar – governar bolsonaro o imagem original aliás nenhum inscrição,mundo, 20/05/2019, Por G1 ,https://g1.globo.com/fato-ou-fake/noticia/2019/05/20/e-fake-que-revista-time-publicou-charge-em-que-bolsonaro-aparece-como-soldado-protegendo-o-brasil.ghtml,0
1923,"Em sabatina, Glória Heloiza erra sobre vacinas e pedágio na Linha Amarela  ",,n terça-feira o candidato glória heloiza psc o entrevistar série sabatino promovido uol parceria o folhar s.paulo postulante prefeitura rio.durante o entrevisto falar o polêmica pedágio ilhar governador o pandemia covid-19 e político o governador afastar wilson witzel psc-rj,política,27/10/2020 19h06Atualizada em 27/10/2020 20h19 ,Da Agência Lupa,https://noticias.uol.com.br/confere/ultimas-noticias/2020/10/27/uol-confere-sabatina-gloria-heloiza-psc.htm,0
1924,Salles: Maior desrespeito a questões ambientais ocorre onde não há prosperidade  ,,o ministrar ambientar ricardo salles afirmar o índice desrespeitar o ambientar ocorrer locar haver prosperidade avaliação ministrar entrevisto rádio cnn o setor privar mobilizar cobrar ministério ambientar ações combater o o desmatamento região amazônica e pantanal o pessoal destacar o setor privar assinar cartar e mobilizar etc achar finalmente o setor privar banco o indústria empresar comércio o empresar tecnologia voltar e colocar recurso privar gerar empregar e render positivar acordar salles necessário haver investimento privar desenvolvimento econômico sustentável atividades fonte empregar e render pessoa e respeitar o ambientar,política,21/10/2020 10h44 ,"Pedro Caramuru, com colaboração de Giovana Girardi e André Borges",https://noticias.uol.com.br/ultimas-noticias/agencia-estado/2020/10/21/salles-maior-desrespeito-a-questoes-ambientais-ocorre-onde-nao-ha-prosperidade.htm,1
1925,"

Sarah Gilbert selecionou três filhos entre as cinco primeiras pessoas a testarem vacina de Oxford e a prometeu para setembro #boato 
",Boato – A cientista Sarah Gilbert selecionou três filhos entre as cinco primeiras pessoas a testarem a vacina de Oxford e a prometeu para setembro.,issoamídianãomostra rostir dia aparecer capar revisto científico e jornal e canal tv planeta inteirar o dr sarah gilbert phd professorar universidade oxford quase certar ganhar o prêmio nobel medicinar o cientista descobrir o vacinar o covid-19 importante segurança achar achar conseguir o vacinar hesitar experimentá-la pessoa e d selecionou e injetou filho trigêmeos demonstrar o conhecimento científico e acabar o pensamento escurantista e teoria conspiração gostar divulgar pseudo cientista garantir o vacinar circular mundo setembro herói enséñame ciencia,ciência,12/08/2020,"
Raiane Gonoli ",https://www.boatos.org/ciencia/sarah-gilbert-filhos-testam-vacina-oxford-para-setembro.html,0
1926,Brasil registra 114.715 casos de coronavírus e 7.921 mortes pela doença,,"informação atualizadas 19h d terça-feira e repassar secretariar estadual saudar o país.do total caso confirmar 48.221 recuperar e 48.221 acompanhamento o ministério saudar registrar 114.715 caso coronavírus e 7.921 morte provocar doença brasil 20h d terça-feira informação atualizadas e repassar secretariar estadual saudar o país.são considerar recuperar contrair o doença 48.221 pessoa o representar total caso confirmar atualmente acompanhamento 58.573 pessoa 51,1 e 1.579 óbito permanecer investigação horar 6.935 caso e óbito o referente o período inscrito hoje 24h ocorrer fato óbito",saúde,05/05/2020 22h09,Da Agência SaúdeAtendimento à imprensa(61) 3315-3580 / 2745 / 2351,https://www.gov.br/saude/pt-br/assuntos/noticias/brasil-registra-114-715-casos-de-coronavirus-e-7-921-mortes-pela-doenca,1
1927,É falso que cabos eleitorais de Sarto tenham transportado urna adulterada,,vídeo mostrar urna conduzir picape cedido justiçar eleitoral dnocs cear o equipamento urna contingência utilizar substituir unidade apresentar defeito início votação,política,2020/11/29,Comprova,https://projetocomprova.com.br/publicações/e-falso-que-cabos-eleitorais-de-sarto-tenham-transportado-urna-adulterada/,0
1928,Homem curado de coronavírus conhece filho nascido durante sua internação  ,,hoje o dia emoção duplo o empresário renato marco ramo receber alto médico ficar dia internar causar coronavírus finalmente conhecer o filhar pedrar nascer dia 1º abril o pai internar e intubado sintoma grave doença o pedrar o procedimento intubação renato feito o austa hospital josé rir preto sp o km paulo ficar comer o filhar nascer vê-lo conhecer o filhar hoje o empresário o o uol renato contar sintoma aparecer março vir dor corpo o doença evoluir rapidamente e sequência o ar começar o ficar insuportável,saúde,13/04/2020 21h32 ,Marcelo Casagrande,https://noticias.uol.com.br/cotidiano/ultimas-noticias/2020/04/13/homem-curado-de-coronavirus-conhece-filho-nascido-durante-sua-internacao.htm,1
1929,Bastidores de gravação desmentem suposto ataque a velório no Ceará,,uol notícia 22/01/2019 17h56 cena trocar tiro durante velório compartilhar verdadeiro e flagrar fortalezar postagens comum comentário lamentar o onda violência atingir o cear e questionamento o veracidade gravação o vídeo viralizou argentino divulgar gravar durante tirotear real fuerte apache nome popular bairro ejército o andar buenos aires,entretenimento,22/01/2019 17h56 ,UOL Notícias,http://noticias.uol.com.br/videos/?id=bastidores-de-gravacao-desmentem-suposto-ataque-a-velorio-no-ceara-04028C1B3760C0B16326,0
1930,"Apesar de ter dito ""participem"", Bolsonaro diz que não convocou para atos  ",,o presidente jair bolsonaro afirmar n verdade afirmar convocar manifestante atos domingo o o defender crítico imprudente o o quebrar o quarentenar cumprimentar apoiadores.mas hoje bolsonaro atos espontâneo e negar incentivar,política,18/03/2020 14h58 ,"Do UOL, em São Paulo",https://noticias.uol.com.br/confere/ultimas-noticias/2020/03/18/apesar-de-ter-dito-participem-bolsonaro-diz-que-nao-convocou-para-atos.htm,0
1931,"

Marcelo Biar, do PSOL, liderou campanha “Força Covid” contra Bolsonaro antes de morrer por coronavírus #boato 
","Boato – Integrante do PSOL/RJ, Marcelo Biar (vítima da Covid-19), postou “Força Covid” quando Bolsonaro anunciou que estava infectado pela doença. ",“ deputar marcelo biar psol liderar o campanha “ forçar covid ” torcer morte bolsonaro morrer covid ” “ desejar o morte presidente acabar “ bater boto ” bolsonaro infectar marcelo biar psol rj postar forçar covid ”,política,30/07/2020,"
Kyene Becker ",https://www.boatos.org/politica/marcelo-biar-psol-liderou-campanha-forca-covid-contra-bolsonaro.html,0
1932,Corona-insônia: o fenômeno que está impedindo as pessoas de dormir na pandemia,A suspensão da rotina causado pela pandemia e a constante incerteza estão contribuindo para o aumento da insônia. O que podemos fazer sobre isso?,"A pandemia de coronavírus teve um efeito profundo na rotina das pessoas e tornou mais difícil dormir para muitas pessoas — a tal ponto que especialistas criaram até um termo para isso em inglês: coronasomnia. Em português seria algo como ""corona-insônia"" ou ""covid-insônia"".  É um fenômeno que atinge pessoas no mundo todo: insônia associada ao aumento do estresse por causa da pandemia de Covid-19.  No Reino Unido, um estudo de agosto de 2020 da Universidade de Southampton mostrou que o número de pessoas com insônia aumentou de uma em seis para uma em quatro, com mais problemas em alguns grupos, incluindo mães e trabalhadores essenciais.  Na China, as taxas de insônia aumentaram de 14,6% para 20% durante o período de isolamento social. Uma ""prevalência alarmante"" de insônia clínica foi observada na Itália. Na Grécia, quase 40% dos entrevistados em um estudo de maio disseram estar sofrendo problemas para dormir. A palavra ""insônia"" foi mais pesquisada no Google em 2020 do que nos anos anteriores.",ciência, 29/01/2021 08h38 ," Por Bryan Lufkin, BBC ",https://g1.globo.com/bemestar/coronavirus/noticia/2021/01/29/corona-insonia-o-fenomeno-que-esta-impedindo-as-pessoas-de-dormir-na-pandemia.ghtml,1
1933,Maia tem direito de disputar a reeleição na Câmara  ,,o ex-presidente michel temer avaliar o presidente câmara rodrigar maio direito disputar o reeleição temer afirmar hoje literalidade constituição o reeleição o câmara destacar diferente tese indicar mudança regimentar internar casar mudar cenário ressaltar entanto o palavra stf,política,30/11/2020 11h07 ,30/11/2020 11h07 ,https://noticias.uol.com.br/eleicoes/videos/2020/11/30/maia-tem-direito-de-disputar-a-reeleicao-na-camara.htm,1
1934,É #FAKE que Lula aparece na lista de mais ricos do mundo da revista Forbes,Imagens de capas com o ex-presidente foram manipuladas. A própria publicação já negou a história em 2013.,circular rede social o afirmação o ex-presidente luiz inácio lula silvar aparecer lista pessoa rico mundo revisto forbes o história propagar voltar o ganhar forçar dia o equipar fato fake encontrar imagem lula figurar capar revisto edição divulgar o ranking caso o verdadeiro capar manipular o pedir leitor o revisto publicar artigo negar listado lula bilionário mundo o texto explicar o metodologia apuração lista concluir gostar ressaltar bilionário político lula d casar obviamente lista anual forbes,política, 03/04/2019, Por O Globo ,https://g1.globo.com/fato-ou-fake/noticia/2019/04/03/e-fake-que-lula-aparece-na-lista-de-mais-ricos-do-mundo-da-revista-forbes.ghtml,0
1935,"Ao suspender teste de hidroxicloroquina, OMS também excluiu cloroquina de projeto de pesquisa internacional","Entidade nem mesmo chegou a testar a cloroquina, mas, formalmente, anunciou que os cientistas de cem países de uma rede que ela criou não vão colocar a droga em ensaios clínicos.",o organização mundial saudar oms o o anunciar segunda-feira o suspensão teste o hidroxicloroquina pesquisar coordenar cientista país formalizar página internet o decisão retirar o cloroquina opção medicamentar estudar tratar o covid-19 – prático medicamentar colocar teste acordar o protocolo estudar inicial o cloroquina e o hidroxicloroquina selecionadas drogar o testar estudar solidariedade entanto o testar realizar o hidroxicloroquina o cloroquina removido d página opção tratamento listado estudar o site oms o suspensão temporário tomar o segurança hiroxicloroquina reavaliar estudo recente encontrar eficácia o covid-19 e haver indício aumentar o taxar mortalidade o oms mantido teste iniciativo internacional cientista batizada solidariedade medicamentar vetar pesquisador avaliar paciente o resultar antiviral e remédio tratar esclerosar múltiplo ler abaixar,ciência, 27/05/2020 12h07 , Por G1 ,https://g1.globo.com/bemestar/coronavirus/noticia/2020/05/27/ao-suspender-teste-de-hidroxicloroquina-oms-tambem-excluiu-cloroquina-de-projeto-de-pesquisa-internacional.ghtml,1
1936,Página usa texto do início de janeiro para louvar “feitos” do governo Bolsonaro,,post trecho coluna dia janeiro atual o o contrário comunicação brasileiro o imprensar estrangeiro destacar o feito importante governar,política,2019/11/06,Comprova,https://projetocomprova.com.br/publicações/pagina-usa-texto-do-inicio-de-janeiro-para-louvar-feitos-do-governo-bolsonaro/,0
1937,"
  A imagem de Vênus foi feita a partir de fotos em preto e branco tiradas pela sonda Venera 13","Uma fotografia que mostra uma paisagem estranha e desértica circula desde maio de 2020 nas redes sociais, em postagens compartilhadas centenas de vezes que afirmam ser “a imagem mais clara que temos da superfície de Vênus”. Na realidade, a afirmação é enganosa: a imagem foi originalmente criada por um pesquisador americano que explicou à AFP que ele fez isso aprimorando imagens monocromáticas registradas pela espaçonave soviética Venera 13. A cor foi posteriormente adicionada por usuários da internet.Envie-nos por WhatsApp Email",publicação compartilhar facebook e circular inglês e espanhol publicação indicar o imagem capturar sondar venerar enviar união soviético o vênus outubro sondar o o transmitir registro visual colorir superfície planeta buscar reverso imagem google levar o versão monocromático postar site pesquisador norte-americano don p. mitchell o descrever “ imagem perspectivo ”,ciência,5/03/2021 às 21:41,AFP Cingapura,https://checamos.afp.com//imagem-de-venus-foi-feita-partir-de-fotos-em-preto-e-branco-tiradas-pela-sonda-venera-13,0
1938,"'Tradutor' do coronavírus: covid-19, achatar a curva, lockdown, R0, isolamento de grupo e outros termos para entender pandemia  ",,o pandemia coronavírus acrescentar dezena palavra e expressão vidar cotidiano distanciamento social o imunidade o significar o ferramenta tradução buscar e verificar o significar termo principal termos-chave,saúde,28/05/2020 08h47 ,28/05/2020 08h47 ,https://noticias.uol.com.br/saude/ultimas-noticias/bbc/2020/05/28/tradutor-do-coronavirus-covid-19-achatar-a-curva-lockdown-r0-isolamento-de-grupo-e-outros-termos-para-entender-pandemia.htm,1
1939,"Campo de refugiados palestinos no Líbano registra primeiro caso de coronavírus, diz ONU   ",,o onu anunciar casar coronavírus campar refugiar palestino valer bekaa ler líbano o população submetido o teste o paciente levar o hospital público rafic hariri beirute informar o agência nação unir refugiar palestino orientar médio unrwa sigla inglês revelar detalhe o idade o saudar acordar o unrwa o paciente refugiar palestino instalar líbano fugir sírio país devastar haver quase década conflito violentar o mulher morar campar wavel árabe campar galileu baalbek bekaa,saúde,22/04/2020 06h57 ,22/04/2020 06h57 ,https://noticias.uol.com.br/ultimas-noticias/afp/2020/04/22/campo-de-refugiados-palestinos-no-libano-registra-primeiro-caso-de-coronavirus-diz-onu.htm,1
1940,Senador não sabe função que exerce mulher de Kassio Marques  ,,"o senador elmano férrer progressistas-pi empregar gabinete o mulher kassio nunes marcar desembargador federal aprovar ministrar stf supremo tribunal federal função exercer trocar salário r$ 11,4 funcionário o ... economista trabalhar afirmar férrer o o estadão querer especular tratar d administrativo servidor o aliar presidente jair bolsonaro o senador trocar o progressista setembro mudança perder o direito manter cargo 2ª vice-presidência casar ganhar espaçar 4ª secretariar maria socorrer mendonça carvalho marcar acompanhar dançar cadeira acabar levar voltar o o gabinete férrer começar o trabalhar ano passar assistente parlamentar júnior o ajustar ciro nogueira senador e presidente progressista e líder centrão pessoa liberar o o progressista e d férrer o ano o senador funcionário trabalhar remoto março riscar covid-19 evitar viajar brasília",política,22/10/2020 12h00 ,Vinícius Valfré e Daniel Weterman,https://noticias.uol.com.br/ultimas-noticias/agencia-estado/2020/10/22/senador-nao-sabe-funcao-que-exerce-mulher-de-kassio-marques.htm,1
1941,"FATO ou FAKE: em ano de pandemia, mais de mil checagens realizadas","Equipe fez a checagem de 584 boatos disseminados na web, quase 2/3 referentes ao novo coronavírus, e 426 frases ditas por políticos. São, ao todo, 1.010 verificações feitas em 2020, marca recorde. Veja as 10 checagens mais acessadas.",e checagens o horar médio ano marcar disseminação mensagem falso pandemia coronavírus o equipar fato fake verificação checar boato compartilhar rede social e frase político o durante eleição municipal texto áudio e vídeo propagar internet e celular haver boato falir curar milagroso questionar o eficácia máscara propagar mentira vacinar desenvolvimento distorcer o covid-19 e colocar xeque o isolamento social ano,entretenimento, 17/12/2020," Por G1, O Globo, Extra, TV Globo, CBN, Valor, GloboNews e Época ",https://g1.globo.com/retrospectiva/2020/noticia/2020/12/17/fato-ou-fake-em-ano-de-pandemia-mais-de-mil-checagens-realizadas.ghtml,0
1942,fake nóis – o nióbio o salvação brasil,"nesse episódio do fake em nóis, o pirula e o e-farsas explicam o que é verdade e o que é fake nas notícias envolvendo o nióbio!",o brasil pobre aproveitar o nióbio,política,14/08/2019,gilmar lopes,https://www.e-farsas.com/fake-em-nois-o-niobio-e-mesmo-a-salvacao-do-brasil.html,0
1943,É #FAKE que vídeo mostre show de fogos de artifício das Olimpíadas de Tóquio,"Mensagem diz que decisão foi oferecer espetáculo ao público mesmo com o adiamento da competição porque explosivos não podiam ficar guardados. Imagens, porém, são de simulação por computador e estão na internet desde 2015.","circular rede social vídeo show fogo artifício legendar o espetáculo preparar tóquio japão o abertura jogo olímpico e o adiamento competição o decisão o exibição o o público explosivo ficar guardar o mensagem falso fogo preparar tóquio o abertura jogo olímpico jogo acontecer contar pandemia fogo guardar apresentar imagem jogo olímpico japão buscar reverso revelar o vídeo internet dezembro japão acumular 3,3 milhão visualização youtube o proprietário canal hiramu55bocaboca o descrever simulação computador fogo artifício",mundo, 25/08/2020," Por Roney Domingos, G1 ",https://g1.globo.com/fato-ou-fake/noticia/2020/08/25/e-fake-que-video-mostre-show-de-fogos-de-artificio-das-olimpiadas-de-toquio.ghtml,0
1944,Ambev não vai interromper a produção de cerveja por 15 dias  ,,circular suposto noto oficial ambev produtor cervejar país o produção bebido interrompido dia determinação governar fechar estabelecimento comerciar o empresar entender crível expor funcionário e colaborador pandemia covid-19 produção escoamento suficiente o texto féria coletivas começar n 18).ao uol o ambev informar o fake news o produção cervejar parar o empresar cervejaria funcionamento e o distribuição continuar acontecer cuidar necessário saudar colaborador e cliente d diferentemente indicar o haver determinação federal estabelecimento comerciar fechar haver determinação estadual goiá,entretenimento,19/03/2020 04h00 ,"Colaboração para o UOL, em São Paulo",https://noticias.uol.com.br/confere/ultimas-noticias/2020/03/19/ambev-nao-vai-interromper-a-producao-de-cerveja-por-15-dias.htm,0
1945,Senado aprova projeto que prevê destinação de R$ 160 milhões para asilos,"Texto segue para sanção de Bolsonaro. Pelo projeto, terão direito aos recursos instituições sem fins lucrativos inscritas em conselhos do idoso ou de assistência social.",o senado aprovar n quinta-feira o projeto prever o destinação r$ milhão instituição longo permanência idoso ilpi o texto aprovar câmara deputar seguir sanção presidente jair bolsonaro instituição acolher idoso situação abandonar negligência projeto acessar recurso instituição lucrativo inscrito idoso assistência social o proposto definir caber o o ministério mulher família e direito humano distribuir recurso acordar o tamanho asilo considerar o quantidade idoso assistir,política, 04/06/2020 21h26 ," Por Sara Resende, TV Globo — Brasília ",https://g1.globo.com/politica/noticia/2020/06/04/senado-aprova-projeto-que-preve-destinacao-de-r-160-milhoes-para-asilos.ghtml,1
1946,maridar testar surpreso dna e expulso o esposo casar verdade,,"o página autointitula comer “ site notícia entretenimento e humor “ possuir cercar 2,5 milhão seguidor",entretenimento,4/08/20204,marco faustino,https://www.e-farsas.com/marido-faz-teste-surpresa-de-dna-e-expulsa-a-esposa-de-casa-sera-verdade.html,0
1947,Cientistas argentinos desenvolvem teste de coronavírus 'barato e rápido'  ,,cientista conicet o agência ciência e técnico argentino colaboração laboratório desenvolver testar molecular diagnosticar o covid-19 prometer rápido simples e baratar atuais testar importante ferramenta o situação pandemia ferramenta servir determinar condição epidemiológico contribuir o diagnóstico explicar rfi carolino carrillo pesquisar d n casar reação molecular possuir sensibilidade e especificidade teste sorológicos levar e fácil executar precisar dispositivo térmico observar o temperatura estável temperatura reação ° c horar detalhar,saúde,19/05/2020 14h47 ,Por Ana Maria Ospina,https://www.uol.com.br/vivabem/noticias/rfi/2020/05/19/cientistas-argentinos-desenvolvem-teste-de-coronavirus-barato-e-rapido.htm,1
1948,Luiz Fernando Guimarães conta que marido está internado com covid-19  ,,luiz fernando guimarães anunciar manhã hoje o maridar o empresário adriano medeiro internar complicação covid-19 apesar sustar o ator tranquilizar fã o o informar o vírus passar o companheiro acomodar leito comum hospital observação postagem facebook e mandar mensagem positivo dia amanhecer cheio amor companheiro adriano internar covid recuperar super e voltar o o lar torcer luiz publicação instagram,saúde,29/12/2020 12h20Atualizada em 29/12/2020 12h38 ,29/12/2020 12h20Atualizada em 29/12/2020 12h38 ,https://tvefamosos.uol.com.br/noticias/redacao/2020/12/29/luiz-fernando-guimaraes-conta-que-marido-esta-internado-com-covid-19.htm,1
1949,"

Pesquisa aponta que homens que gostam de “amor por trás” com parceiras são gays enrustidos #boato 
","Boato – A pesquisa publicada pela Revista Nature comprovou que homens que gostam de fazer amor “por trás” com parceiras têm homossexualidade enrustida. Segundo o estudo, a prática tem um significado de negação da anatomia feminina.",pesquisar feito e publicar edição março revisto nature dr mary collins deixar avisar mulher perguntar parceiro … tesar doutoramento cheio polémico falir tabu antigo o idade pedrar “ mensagem subliminar embutir prático heterossexual ” o titulo revelar categoricamente homem heterossexual e constantemente praticar acto o orientação … n pesquisar concluiu-se homem o o coragem assumir desejo capaz crueldade o mulher sentir o dor eles.segundo o pesquisador mulher conversar parceiro honestamente assumir desejo complexo castração …,ciência,05/06/2019,"
Raiane Gonoli ",https://www.boatos.org/ciencia/homens-gostam-amor-por-tras-sao-gays.html,0
1950,"Afastamento não basta, diz Isa Penna após decisão do Cidadania sobre Cury  ",,o deputar estadual isa penna psol o decisão cidadania afastar o deputar estadual fernando cury suficiente o necessário deputar cometer assédio pleno plenário encerrar o carreira político e deixar deputar afirmar o o uol reunião jurídico obrigação moral e cívico cidadania e alesp assembleia legislativo paulo falar assédio pleno plenário pleno sessão câmeras ligar isa penna psol-sp,política,18/12/2020 17h52Atualizada em 18/12/2020 18h08 ,Ana Carla Bermúdez,https://noticias.uol.com.br/politica/ultimas-noticias/2020/12/18/afastamento-nao-basta-diz-isa-penna-apos-decisao-do-cidadania-sobre-cury.htm,1
1951,Sebastião Melo (MDB) é eleito prefeito com promessa de reabrir Porto Alegre  ,,"o advogar sebastião melar mdb eleito n domingo prefeito portar alegrar o político disputar o turno o jornalista manuela d'ávila pcdob junto derrotar o atual prefeito e candidatar reeleição nelson marchezan júnior psdb turno o emedebista eleito 370.550 voto 54,63 voto válido 307.745 voto manuela 45,37 colocar prático proposto exposto campanha e trabalhar durar portar alegrar voltar o economia pujante comemorar melar perfil instagram",política,29/11/2020 18h52 ,Hygino Vasconcellos,https://noticias.uol.com.br/eleicoes/2020/11/29/sebastiao-melo-mdb-e-eleito-prefeito-com-promessa-de-reabrir-porto-alegre.htm,1
1952,"

Padre da Catedral de Campinas faz sinal de arma junto com fiéis em foto #boato 
","Boato – Foto mostra o padre da Catedral de Campinas (SP), Amaury Thomazi, fazendo um sinal de arma junto com párocos. Ele apoia Bolsonaro.",belo foto feito padrar e paroquiano catedral campino sp.isso custar vidar o padrar campino chegar pistola o motivar morte paróquia “ fiel catedral campino o padrar “ sinal arminha ” pronto vcs querer estúpido ”,entretenimento,13/12/2018,"
Edgard Matsuki ",https://www.boatos.org/religiao/padre-de-campinas-sinal-arma.html,0
1953,Uma vacina não precisa de no mínimo 10 anos de pesquisa para ser segura  ,,médico brasileiro nise yamaguchi e anthony wong provar cientificamente vacinar preciso mínimo ano pesquisar considerar seguro e eficaz conformar afirmar blogueiro twitter encontrar indício médico provar encontrar entrevisto rádio jovem pan falir efeito colateral e aprovação vacinar haver provar haver mínimo,ciência,19/11/2020 18h13 ,"Do UOL, em São Paulo*",https://noticias.uol.com.br/comprova/ultimas-noticias/2020/11/19/uma-vacina-nao-precisa-de-no-minimo-10-anos-de-pesquisa-para-ser-segura.htm,0
1954,"

Pastor Wenceslau morre após tomar a vacina contra Covid-19 #boato 
",Boato – O pastor Wenceslau morreu aos 62 anos depois de tomar a vacina contra a Covid-19. Ele tomou a vacina ontem a noite e hoje de manhã ele faleceu.,lutar 19/09/1958 20/01/2021 descansar paz paz senhor irmão deus abençoar pedir oração família pastor wenceslau tomar o vacinar madrugar reação e hoje manhã falecer orar família deus vir confortar o coração amém familiar e deus abençoar todostomou o vacinar e morrer doria e o proprio satanas pastor wenceslau tomar o vacinar covid dia19 e vir o falecer dia deus confortar pra fsmilia pastor venceslau igreja tomar o vacinar o o corona o noite reação e hoje manhã falecer,saúde,25/01/2021,"
Edgard Matsuki ",https://www.boatos.org/saude/pastor-wenceslau-morre-apos-tomar-vacina-contra-covid-19.html,0
1955,"'Depois de 12 semanas, continuo sem forças': a síndrome da fadiga crônica causada pelo coronavírus",Pacientes contam que covid-19 traz sequelas e um período muito lento de recuperação.,semana sintoma covid-19 callum o'dwyer escocês ano seguir passar contrair o coronavírus o jovem e saudar doença pré-existente entanto lutar durante semana principal sintoma doença condição morar e precisar voltar o casar pai o recuperação levar imaginar e dever o sintoma persistir o'dwyer continuar morar trabalhar,saúde, 22/06/2020 08h18 , Por BBC ,https://g1.globo.com/bemestar/coronavirus/noticia/2020/06/22/depois-de-12-semanas-continuo-sem-forcas-a-sindrome-da-fadiga-cronica-causada-pelo-coronavirus.ghtml,1
1956,"Irã anuncia mais 49 mortos por coronavírus, maior aumento em 24h","Número de mortes no país chegou a 194, o terceiro depois da China e da Itália; país fechou universidades e escolas por um mês.",total pessoa morrer coronavírus irã dia e março o registrar período registrar o casar fevereiro informar o ministério saudar óbito elevar o balançar morto total 6.566 caso contágio irã país afetados chino o epidemiar surgir dezembro o companhia iran air anunciar n domingo 8) o suspensão voo o europa avisar noto o companhia aéreo nacional afirmar o decisão adotada dever o restrição imposto autoridade europeu razão desconhecido,ciência, 08/03/2020 09h53 , Por France Presse ,https://g1.globo.com/bemestar/coronavirus/noticia/2020/03/08/ira-anuncia-mais-49-mortos-por-coronavirus-maior-aumento-em-24h.ghtml,1
1957,Justiça autoriza reabertura gradual do comércio no DF  ,,o justiçar federal autorizar hoje o governar distrito federal o reabrir gradualmente o comércio observar diretrizes evitar o disseminação coronavírus e etapa o cumprir o dia o datar início flexibilização e o programação confirmar governar entrevisto s rádio bandnews e cbn o governador ibaneis rocha mdb recorrer decisão afirmar pretender reabrir atividades comércio segundo-feira decisão o juiz kátia balbino carvalho 3ª varar federal cível atender parcialmente o sugestão previsto noto técnico companhia planejamento distrito federal codeplan o etapa o cumprir dia liberar o colocar prático atendido diretrizes sanitário específico atividade apresentar governar,saúde,15/05/2020 10h15Atualizada em 15/05/2020 11h57 ,15/05/2020 10h15Atualizada em 15/05/2020 11h57 ,https://noticias.uol.com.br/cotidiano/ultimas-noticias/2020/05/15/justica-autoriza-reabertura-gradual-do-comercio-no-df.htm,1
1958,"América Latina não é prioridade para Biden, aponta cientista político americano  ",,o presidente americano tomar posse hoje e página abrir o brasil e unir joe biden e jair bolsonaro exatamente amigo buscar pragmático país avaliar o cientista político scott mainwaring pesquisador universidade notre dame e especialista político brasileiro harvard entrevisto rfi o pesquisador frisar entretanto o américa latino prioridade democrata biden esforçar reparar dano predecessor país e planar internacional o europa rfi o presidente jair bolsonaro aguardar o reconhecer o vitória biden harmônica pragmático comedir adversar,saúde,20/01/2021 15h45 ,20/01/2021 15h45 ,https://noticias.uol.com.br/ultimas-noticias/rfi/2021/01/20/america-latina-nao-e-prioridade-para-biden-aponta-cientista-politico-americano.htm,1
1959,"

Eficácia global da vacina Coronavac é de 49,69% e não de 50,38% #boato 
","Boato – Ao contrário do que foi divulgado na mídia, eficácia da vacina Coronavac é de 49,69% e não de 50,38%.","“ epidemiologista calcular eficácia coronavac butantan responder ” “ afinal o eficiência dóriavac virar 79,3 cair revisar e 50,38 e ” divulgar hoje butantã precisar urgente revisão independente divulgar eficácia global 50,38 informação falso semana passar hoje participante voluntário vacinar infectar e voluntário placebo infectar eficácia global 49,69 e 50,38 o discreto diferençar abaixar o legislação impedir o emergencial o motivar demorar e enrolação e o ausência publicação oficial querer transparência cadê o publicação estudar",saúde,14/01/2021,"
Kyene Becker ",https://www.boatos.org/saude/eficacia-global-vacina-coronavac-4969-nao-de-5038.html,0
1960,Justiça suspende decisão que liberou serviços não essenciais em BH  ,,o tj-mg tribunal justiçar minar gerar suspender decisão anterior liberar o retomar serviço essencial belo horizonte o decisão desembargador áureo brasil e atender o o recurso apresentar prefeitura terça-feira o juiz wauner batista 3ª varar feito fazenda público municipal comarcar belo horizonte atender ação popular deputar estadual brunir engler prtb pedir o liberação serviço essencial o janeiro o decisão suspender o decretar prefeitura belo horizonte manter autorizar o funcionamento serviço essencial capital mineiro dever o o aumentar caso covid-19 o decisão o retomar ficar suspenso e o decretar seguir vigor,saúde,21/01/2021 12h50 ,Andréia Martins,https://noticias.uol.com.br/cotidiano/ultimas-noticias/2021/01/21/justica-suspende-decisao-que-liberou-servicos-nao-essenciais-em-bh.htm,1
1961,É #FAKE que cemitério da Tailândia amanheceu com túmulos abertos e vazios,"Caso ocorreu no Tajiquistão e razão não é misteriosa, como alega a mensagem falsa.",circular rede social vídeo mostrar cova aberto e alertar o sumiço cadáver cemitério tailândia o legendar garantir ninguém explicar túmulo amanhecer aberto e vazio e o sinal invasão zumbir arrebatamento o história ocorrer tailândia e cidade konibodom tajiquistão país ficar centrar ásia e fronteiro o chino e o afeganistão enchente atingir o aldear shurkhurgan cortar rir provocar o destruição túmulo informação ásia-plus outro veículo imprensar publicar vídeo destruição cemitério o legendar informar o cemitério aldear shurkhurgan konibodom ficar destruir o passagem rio lama,mundo, 19/06/2019, Por O Globo ,https://g1.globo.com/fato-ou-fake/noticia/2019/06/19/e-fake-que-cemiterio-da-tailandia-amanheceu-com-tumulos-abertos-e-vazios.ghtml,0
1962,Covid-19 deve mudar matriz energética e forçar o olhar contra desigualdades  ,,o pandemia coronavírus atingir cheio o economia e emergente potência mundial o cenário recessão espalhar quase democraticamente meter e prioridade globalmente desfeito adiar unir milhão trabalhador entrar pedir seguro-desemprego paralelamente o demissão entanto o gigante vender online amazon anunciar o contratação pessoa perspectivo óbvio concentrar nicho jeff bezos ceo companhia o homem rico mundo perspectivo planeta construção o derrocar econômica imenso acentuar concentração fortuna o diretor economia ong ambiental wwf-brasil alexandre prado aprender erro essencial chegar o respostar minimamente sustentável e otimista — o perguntar pandemia mostrar o crescimento econômico trazer redução desigualdade o contrário o melhoria socioambientais e o atacar direto desigualdade gerar crescimento econômico defender prado conversar ecoar hoje dia mundial terra o datar celebrar haver exatos ano ganhar contornar diferente n cenário ruptura e transformação forçar afetivas profissional o saldar perverso somar quase vidar humano perdido o vírus o mundo,saúde,22/04/2020 17h00 ,Janaina Garcia,https://www.uol.com.br/ecoa/ultimas-noticias/2020/04/22/covid-19-deve-mudar-matriz-energetica-e-forcar-o-olhar-contra-desigualdades.htm,1
1963,Comitê vê colapso em SP e propõe ampliar fase emergencial por mais 15 dias  ,,o centrar contingência o o coronavírus paulo enviar hoje o proposto o o governador joão doria psdb estender o fase emergencial o restritivo planar paulo dia membro comitê o saudar paulista colapsou semana passar e fundamental medir restrição duração mínimo doria anunciar restrição prazo inicial acabar março deixar claro haver possibilidade extensão medir o governador receber o comunicar início hoje e acatar o recomendação d piorar sistemático pandemia doria conjuntar o equipar econômica governar relaxar sugestão comitê temer medir aumentar o impopularidade cidadão e o comércio,saúde,23/03/2021 14h31 ,Leonardo Martins,https://noticias.uol.com.br/saude/ultimas-noticias/redacao/2021/03/23/comite-ve-colapso-em-sp-e-propoe-ampliar-fase-emergencial-por-mais-15-dias.htm,1
1964,"Sem máscara nem isolamento, Bolsonaro recebe amigos para churrasco  ",,o semana confraternização palácio alvorar brasília o presidente jair bolsonaro abrir portar casar morar familiar e amigo e realizar churrasco comemoração o o dia mãe mostrar registro abaixar postar rede social d bolsonaro aparecer beirar piscina convidar posts o primeira-dama michelle bolsonaro jogar cartar mesa rodear gente churrasqueiro amigar presidente contratar o comemoração e carnar embalagem personalizar o slogan bolsonaro campanha brasil acima deus acima ... ler íntegro extra,política,10/05/2021 13h27 ,10/05/2021 13h27 ,https://noticias.uol.com.br/colunas/reinaldo-azevedo/2021/05/10/sem-mascara-nem-isolamento-bolsonaro-recebe-amigos-para-churrasco.htm,1
1965,Burger King vai doar 575 mil hambúrgueres vegetais para 320 mil famílias  ,,o burger king o doação unidade hambúrgueres vegetar — o equivalente o tonelada o ação parceria redar restaurante empresar adm nutrition e o marfrig hambúrgueres entregue o o projeto mesa brasil sesc o o banco alimento paulo e ong rir paz entidade ficar responsável destinar o alimentar preciso o entregar começar segunda-feira e o meter alcançar cercar família atingir crise coronavírus empresar contribuir maneiro diferente o fabricação carne feito plantar o adm fornecer o solução ingrediente e sabor natural e o marfrig responsável fabricação hambúrgueres vegetar seguir o receitar desenvolvido o burger king explicar comunicar conjuntar,saúde,18/06/2020 14h27 ,18/06/2020 14h27 ,https://economia.uol.com.br/noticias/redacao/2020/06/18/burger-king-66-toneladas-hamburguer-vegetal.htm,1
1966,Doria diz ir ao STF se governo federal não custear leitos de Covid em SP  ,,o governador joão doria psdb afirmar pretender recorrer o o stf supremo tribunal federal o ministério saudar informar o d segunda-feira 8) o prazo habilitar leito internação covid-19 deixar custear governar federal dia o secretário estadual saudar jean gorinchteyn haver informar cercar 5.000 leito custear governar federal paulo o habilitar ano o habilitação prever repassar verba custo profissional equipamento e insumo manutenção funcionamento d vago internação sus único saudar ... ler íntegro folhar,saúde,08/02/2021 14h34 ,08/02/2021 14h34 ,https://noticias.uol.com.br/colunas/reinaldo-azevedo/2021/02/08/doria-diz-ir-ao-stf-se-governo-federal-nao-custear-leitos-de-covid-em-sp.htm,1
1967,"Covid-19: Belém, na Cisjordânia, é fechada a turistas e peregrinos  ",,o cidade belém emblemático nascimento jesus tradição cristão localizar território palestino considerar emergência sanitário causar epidemiar covid-19 acordar autoridade locar caso coronavírus detectar completamente fechar turista sexta-feira autoridade israelenses coordenação o autoridade palestino impedir o entrar e sair turista belém o principal cidade turístico território palestino pessoa contrair o coronavírus cisjordânia afirmar autoridade palestino quinta-feira declarar emergência dia fechamento basílica natividade e proibição durante semana estadia turista território ocupar israel,saúde,09/03/2020 16h31 ,09/03/2020 16h31 ,https://noticias.uol.com.br/ultimas-noticias/rfi/2020/03/09/coronavirus-belem-na-cisjordania-e-fechada-a-turistas-e-peregrinos.htm,1
1968,MPF recorre para que ação contra Serra por lavagem seja retomada em SP  ,,o força-tarefa lavar jato ministério público federal paulo mpf sp o justiçar federal retomar e andamento ação penal chegar o instaurar o ex-governador josé serrar psdb e filho verônica allende serrar lavagem dinheiro haver tornar réu lavar jato paulista julho dia seguinte cautela o juiz diego paes moreira o haver receber o denúncia suspender o tramitação ação penal 6ª varar criminal federal paulo o defeso serrar fato antigo e prescrito o denúncia recebido julho dia o stf suspender o operação revoar advogar senador acusar o lavar jato paulista desapegar lei e o constituição federal dia o denúncia mpf haver recebido juiz e o processar lavagem instaurar justiçar federal paulo o stf supremo tribunal federal haver conceder liminar defeso serrar determinar o paralisação investigação e o filho âmbito operação revoar deflagrar julho dia denunciar mpf lavagem dinheiro,política,12/08/2020 19h17Atualizada em 12/08/2020 20h56 ,Marcelo Oliveira,https://noticias.uol.com.br/politica/ultimas-noticias/2020/08/12/mpf-recorre-para-que-acao-contra-serra-por-lavagem-seja-retomada-em-sp.htm,1
1969,"Planalto registra 460 servidores contaminados por covid-19, diz jornal  ",,servidor palácio planalto executivo brasília diagnosticar coronavírus o início pandemia março ano passar representar cercar total funcionário informar secretaria-geral presidência o o jornal o globo respostar o pedir lei acesso informação o publicação o caso ocorrer julho funcionário diagnosticar o doença agostar dezembro diagnóstico junho e novembro órgão compor o presidência o gabinete segurança institucional gsi registrar caso gabinete presidente o órgão afetado março o secretaria-geral diagnóstico,política,01/04/2021 22h02 ,01/04/2021 22h02 ,https://noticias.uol.com.br/politica/ultimas-noticias/2021/04/01/planalto-contabiliza-460-servidores-contaminados-por-covid-19.htm,1
1970,Lua de mel em Dubai? Notícia falsa usa novo casamento do ex-presidente Lula  ,,o ex-presidente luiz inácio lula silvar namorar e casar conformar anunciar prisão vestir família whatsapp desejar passar o lua mel o namorar o sociólogo rosângela silvar emirado árabe o texto o petista o pedir o o stf supremo tribunal federal o processar distribuir ministrar ricardo lewandowski acenar concordar revelar o texto país circo horror o informação verdadeiro o ex-presidente solicitar justiçar viajar o o exterior e precisar haver medir o impedir sair país,entretenimento,27/11/2019 04h01 ,Lucas Borges Teixeira,https://noticias.uol.com.br/confere/ultimas-noticias/2019/11/27/lula-stf-lua-de-mel-dubai-uol-confere.htm,0
1971,donald trump descobrir túnel milhar criança iorque,,o notícia bombástico surgir diverso canal youtube espalhar rapidamente redar social e o whatsapp o quinzena abril,mundo,19/04/2020,gilmar lopes,https://www.e-farsas.com/donald-trump-descobriu-um-tunel-com-milhares-de-criancas-em-nova-iorque.html,0
1972,Fernanda Torres desmente fake news com seu nome: 'Galera mal-intencionada'  ,,fernanda torre participação encontrar fátima bernardes hoje avisar frase falso andar circular internet o nome acusar galera mal-intencionada armar o campanha rolar fake news achar acalmar continuar aspa abençoar o pandemia vírus aspa o foto escrever contar programar aspa verdadeiro receber avisar o amigo fake news declarar fátima responder manifestação convidar farsa surgir fernanda discordar surgir surgir galera mal-intencionada,saúde,03/07/2020 11h13Atualizada em 03/07/2020 12h52 ,03/07/2020 11h13Atualizada em 03/07/2020 12h52 ,https://tvefamosos.uol.com.br/noticias/redacao/2020/07/03/fernanda-torres-desbanca-fake-news-com-seu-nome-galera-mal-intencionada.htm,1
1973,o dono havan umar moto parir o entregador uber eats zombar miss,,o notícia surgir o redar social diverso whatsapp o outubro o vídeo pelar miss campar parecis brunir rei figueiredo zombar o entregador viralizar o web,entretenimento,28/10/2019,gilmar lopes,https://www.e-farsas.com/o-dono-da-havan-deu-uma-moto-para-o-entregador-do-uber-eats-que-foi-zombado-por-miss.html,0
1974,Romário quer proibir punição a manifestação política no esporte  ,,o senador romário pode-rj apresentar hoje o o senado projeto lei proibir o desportivo brasileiro punir atleta manifestar politicamente ambientar esportivo o proposto o superior tribunal justiçar desportivo stjd vôlei advertir o jogador vôlei praia carol solberg bolsonaro entrevisto proposto incluir o seguinte artigo lei pelé nenhum atleta punir penalidade previsto n artigo enquadrar infração disciplinar dever o manifestação natureza político salvar haver ofenso direta e expresso durante o disputar competição o participante patrocinador organizador romário lembrar o livrar manifestação pensamento direito garantir constituição federal o autonomia funcionamento conferir constituição s entidade esporte protegê-las ingerência campeonato resultar autorizar estabelecido regrar competitivo interno atentar direito e garantir fundamentar peno ineficácia absoluto argumentar,política,22/10/2020 17h52 ,22/10/2020 17h52 ,https://www.uol.com.br/esporte/colunas/olhar-olimpico/2020/10/22/romario-quer-proibir-punicao-a-manifestacao-politica-no-esporte.htm,1
1975,É #FAKE que Míriam Leitão recebe anistia e teve benefício de R$ 27 mil cortado,"Mensagem falsa diz que a jornalista recebe indenização devida a anistiados políticos. Ministério da Mulher, Família e Direitos Humanos diz que Míriam não recebe benefício.","circular rede social texto o jornalista míriam leitão benefício r$ cortar 2,2 pessoa o mensagem mencionar o bolsar ditadura expressão o autor utilizar referência o indenizações garantir lei 10.559 prever reparação econômica o anistiados político prejudicar decisão arbitrário setembro e outubro procurar equipar fato fake o ministério mulher família e direito humano informar míriam leitão receber o benefício mensalmente condição anistiado o nome míriam lista beneficiar lei 10.559 o mensagem falso argumentar o fato o ministro mulher família e direito humano damares alves anunciar março o rejeição pedir indenização pessoa alegar perseguir ditadura militar brasil o nome míriam entanto n lista",política, 01/07/2019," Por Roney Domingos, G1 ",https://g1.globo.com/fato-ou-fake/noticia/2019/07/01/e-fake-que-miriam-leitao-recebe-anistia-e-teve-beneficio-de-r-27-mil-cortado.ghtml,0
1976,Ceará vacinou 228 mil crianças contra a paralisia infantil,,"campanha nacional outubro e população-alvo cercar 11,2 milhão criança o ano o imunizar o país o cear vacinar o cercar criança o poliomielite o correspondente o 44,6 público-alvo 510,8 criança o ano idade o brasil cercar milhão criança vacinar o paralisia infantil o população-alvo estimar 11,2 milhão milhão 20,31 vacinar o pólio o conceito ‘ movimentar vacinar brasil proteção ’ o ação início outubro e encerrar simultaneamente campanha multivacinação visar atualizar o situação vacinal criança e adolescente ano n ofertar vacinar calendário nacional vacinação o recomendação o atingir o meter continuar o vacinação rotina oferecido durante o ano posto saudar distribuir país",saúde,26/10/2020 19h02, ,https://www.gov.br/saude/pt-br/assuntos/noticias/ceara-vacinou-228-mil-criancas-contra-a-paralisia-infantil,1
1977,Marcelinho reclama de 'mesquinhez' de críticos após reunião com Bolsonaro  ,,"Marcelinho Carioca se manifestou na noite de hoje sobre as críticas que recebeu pelo encontro com o presidente Jair Bolsonaro (sem partido). O ex-jogador explicou que tem procurado autoridades e líderes do governo para ""discutir ideias que podem se tornar projetos"" e, além disso, reclamou de ""mesquinhez"" e ""perseguição"" dos que desaprovaram a reunião. ""Estou buscando as instituições, as autoridades, os líderes, e estou apresentando e discutindo ideias que podem se tornar projetos. Mas a mesquinhez política de grupelhos e de poderosos conglomerados com interesses ideológicos ou financeiros faz soar um alarido ríspido, crítico e de perseguição"", afirmou Marcelinho Carioca. ""A incompreensão de alguns levou a represálias, mas sei bem o quanto as comunidades da periferia precisam de apoio. Obrigado a todos que compreendem que cada personalidade tem o direito e o dever de fazer algo em retribuição à sociedade, e hoje foi o meu dia e eu não paro por aqui. Continuo discutindo ideias e esperando que virem projetos!"", acrescentou.",política,29/07/2020 22h45 ,29/07/2020 22h45 ,https://www.uol.com.br/esporte/futebol/ultimas-noticias/2020/07/29/marcelinho-reclama-de-mesquinhez-de-criticos-apos-reuniao-com-bolsonaro.htm,1
1978,"

Foto mostra exposição em Salvador chamada “O cu é lindo” e financiada pelo PT #boato 
","Boato – Imagem mostra como é a exposição “O cu é lindo”, que está no Instituto Goethe, que está em Salvador e foi financiada pelo PT.","exposição instituto goethe salvador patrocinar secretariar cultura bahia cercar r$ 131.000,00 intitular “ o cu lindar ” governar ruir costa – pt extinguir o país",entretenimento,11/07/2020,"
Edgard Matsuki ",https://www.boatos.org/entretenimento/foto-exposicao-salvador-o-cu-e-lindo-financiada-pt.html,0
1979,"

Tilibra está dando agendas da Capricho 2019 em site no WhatsApp #boato 
",Boato – A Tilibra está dando agendas personalizadas da Capricho. Para ganhar só é preciso entrar em um site e compartilhar um link com amigos no WhatsApp.,tilibra agendar caprichar ganhar lindo agendar personalizar caprichar responder o questionário abaixar e receber cupom retirar perguntar o melhor marcar agendar personalizar tilibra – caprichar outrasparabéns agendar personalizar reservar seguir instrução abaixar receber cupom retirar clicar botão compartilhar abaixar e selecione amigo whatsapp e enviar promoção compartilhar cupom gerar automaticamente o minuto compartilhar compartilhar completar o barrinha abaixar,entretenimento,23/01/2019,"
Edgard Matsuki ",https://www.boatos.org/tecnologia/tilibra-agendas-2019-capricho-site.html,0
1980,"

China comprou a Globo, a Bandeirantes e está dominando o Brasil #boato 
",Boato – A China acabou de divulgar a compra de 70% da rede Globo. Grupo chinês já havia comprado a TV Bandeirantes e está dominando o Brasil.,comprar o band estatal chinês comprar o redar globo produzir material televisão jornal revisto e site entrar setor telecomunicação g acontecer chino comprar globo e band inacreditavel bandeirante e chino medir group fechar acordar cooperaçãogrupo mídia chino assinar memorar cooperação globochina 🇨 🇳 comprar o globo e band salvo -las falência e empresar brasil 🇧 🇷 chino acabar comprar conglomerar organização globo tv globo chinês,entretenimento,13/04/2020,"
Edgard Matsuki ",https://www.boatos.org/entretenimento/china-comprou-globo-bandeirantes-dominando-brasil.html,0
1981,"Anvisa autoriza Fiocruz a produzir IFA, insumo para vacina AstraZeneca  ",,o vacinar astrazeneca o covid-19 o totalmente produzir brasil hoje o anvisa agência nacional vigilância sanitário autorizar o produção ifa ingrediente farmacêutico ativo fiocruz bio-manguinhos atualmente o insumo importar chino o fundação o produção lote piloto escalar comercial o insumo produzir brasil o realização teste o fiocruz solicitar o inclusão ifa registrar pedir emergencial dose destinar o o sus único saudar ... ler íntegro uol,política,30/04/2021 20h32 ,30/04/2021 20h32 ,https://noticias.uol.com.br/colunas/reinaldo-azevedo/2021/04/30/anvisa-autoriza-fiocruz-a-produzir-ifa-insumo-para-vacina-astrazeneca.htm,1
1982,"

Novo trem-bala do Japão chega a 4.800 km/h de velocidade, mostra vídeo #boato 
","Boato – Vídeo mostra incrível trem-bala do Japão (shinkansen) que alcança 4.800 km/h e faz um trajeto de 502,3 km (de Tóquio a Osaka) em 10 minutos.","versão o trem-bala japonês alcançar inimaginável 4.800 km h completar o percurso estação shin osaka tokyo 502,3 km minuto versão maglev bullet – o trem balir japonês alcançar inimaginável 4.800 kmh km minuto",mundo,12/09/2020,"
Edgard Matsuki ",https://www.boatos.org/mundo/novo-trem-bala-japao-4-800-km-h-velocidade-video.html,0
1983,É #FAKE que 56 das 58 zonas eleitorais de São Paulo registraram resultado idêntico e que isso comprova fraude no 1º turno,"Bruno Covas (PSDB) saiu vitorioso em todas as regiões, mas percentual de votos não foi igual. Além disso, ordem dos candidatos não é a mesma nas 56 zonas. Em algumas, Tatto foi melhor que França; Russomanno também aparece à frente dos dois no extremo da Zona Leste.",circular rede social zonar eleitoral cidade paulo resultar idêntico turno e provar o pleito manipular basto abrir o mapa resultar zonar eleitoral publicar g1 conferir diferençar percentual brunir cova psdb guilherme boulos psol márcio frança psb celso russomanno republicano e arthur val patriota ficar candidato citar mensagem conteúdo falsar legendar “ o provar fraudar paulo ” questionar probabilidade matemático candidato ocupar exatamente o diferente região cidade,política, 24/11/2020," Por Roberta Pennafort, CBN ",https://g1.globo.com/fato-ou-fake/noticia/2020/11/24/e-fake-que-56-das-58-zonas-eleitorais-de-sao-paulo-registraram-resultado-identico-e-que-isso-comprova-fraude-no-1o-turno.ghtml,0
1984,"

Choveu na Amazônia hoje e cerca de 40% do fogo foi apagado #boato 
","Boato – Foto mostra que hoje, às 3h da manhã, choveu na Amazônia e 40% do fogo na floresta foi apagado. Essa é uma grande novidade.",hoje voltar 3:00 horar manhã chover amazônia apagar cercar fogo deus louvar novidade o chover amazonia notícia graça o deus prayforbrasil prayforamazonia,brasil,24/08/2019,"
Edgard Matsuki ",https://www.boatos.org/brasil/choveu-amazonia-hoje-40-fogo-apagado.html,0
1985,RJ investiga sobrepreço em compra de 'kit intubação' durante a pandemia  ,,"o tce-rj tribunal contar rir janeiro investigar irregularidade contrato comprar medicamento compor o kit intubação destinar o paciente grave covid-19 durante o gestão ex-secretário estadual saudar edmar santo análise inicial o tribunal identificar potencial sobrepreço r$ milhão montante aquisição somar aproximadamente r$ milhão o danar o cofre público ficar estimar r$ 3,3 milhão medir cautelar determinar tce-rj impedir contrato completamente executar contrato celebrar base lei covid autorizar o público o adquirir medicamento emergencial necessidade licitação o combater pandemia covid-19 o ex-secretário estadual saudar edmar santo o ex-subsecretário gabriell neve e servidor estadual notificar envolvimento processo",saúde,24/03/2021 09h02 ,Davi Medeiros,https://noticias.uol.com.br/saude/ultimas-noticias/redacao/2021/03/24/rj-investiga-sobrepreco-em-compra-de-kit-intubacao-durante-a-pandemia.htm,1
1986,"

Caminhoneiros farão greve em todo Brasil no dia 29/04/2019 #boato 
",Boato – Os caminhoneiros estão organizando uma paralisação no dia 29/04/2019 a partir da meia-noite. Greve vai acontecer em todo o Brasil.,paralisação caminhoneiros dia 29/04/2019 batizada paralisação onyx lorenzone ônix negociar pessoa errar pisar mínimo fretar vigor imediato redução preço diesel e congelamento greve caminhoneiros,brasil,26/04/2019,"
Edgard Matsuki ",https://www.boatos.org/brasil/caminhoneiros-greve-brasil-29-04-2019.html,0
1987,"Casos de coronavírus nos EUA passam de 7 milhões, diz universidade",País é o mais atingido pela pandemia em números absolutos. Mais de 200 mil pessoas morreram nos EUA pela Covid-19.,unir registrar milhão caso acumular coronavírus sars-cov-2 o início pandemia mostrar n sexta-feira o monitoramento universidade johns hopkins o país o diagnóstico confirmar absoluto o mundo n semana eua ultrapassar morte covid-19 — o vítima pandemia absoluto considerar país o mundo milhão caso confirmar vírus e morto caso confirmar coronavírus eua aparecer janeiro principalmente oeste americano o doença rapidamente espalhar e gerar surtir especialmente gravar york adotou medir severo isolamento milhar pessoa morrer dia março e maio o pandemia atingir unir especial o país ano eleição presidencial o atual presidente o republicano donald trump enfrentar o democrata joe biden novembro,saúde, 25/09/2020 16h06 , Por G1 ,https://g1.globo.com/bemestar/coronavirus/noticia/2020/09/25/casos-de-coronavirus-nos-eua-passam-de-7-milhoes-diz-universidade.ghtml,1
1988,Prefeito de Manaus diz que há mais de 320 profissionais de saúde com covid  ,,o prefeito manaus david almeida avante afirmar hoje entrevisto globonews profissional saudar desfalcar atualmente o redar municipal dever o infecção coronavírus médico e enfermeiro o unidade cidade o capital e o amazona viver situação colapso hospital sofrer o cilindro oxigênio manter o respiração paciente necessitar intubação apesar caos redar público saudar almeida afirmar nenhum serviço sofrer descontinuidade interromper o atendimento e anunciar negociação empresar alemão o produção insumo especial o oxigênio — fundamental tratamento pessoa covid-19,saúde,17/01/2021 20h13 ,Hanrrikson de Andrade,https://noticias.uol.com.br/saude/ultimas-noticias/redacao/2021/01/17/prefeito-de-manaus-diz-que-tem-mais-de-320-profissionais-de-saude-com-covid.htm,1
1989,Vídeo distorce informações sobre o uso da cloroquina para a covid-19,,vídeo compartilhar rede social homem formação saudar exagerar o eficácia cloroquina e minimizar efeito colateral e notícia efeito lutar o presidente repúblico,saúde,2020/05/29,Comprova,https://projetocomprova.com.br/publicações/video-distorce-informacoes-sobre-o-uso-da-cloroquina-para-a-covid-19/,0
1990,"

OMS e China vão criar passaporte de imunidade para Covid-19 com certificado digital na mão das pessoas #boato 
","Boato – OMS e China criaram passaporte de imunidade para Covid-19 com certificado digital implantado na mão para, no futuro, controlar as pessoas. ",o organização mundial saudar falir desenvolvimento “ passaporte imunidade ” pessoa viajar apresentar imunidade o coronavírus e entrar outro elemento “ certificar digital ” idealmente inserir costa mão dispositivo registrar o histórico vacinar sujeitar indicar aptar o circular bill gatar o vacinação periódico provavelmente ano futuramente dispositivo “ rastreamento sanitário ” começar o acumular função haver empresar o dispositivo identificação evitar funcionário fantasma e “ fraude identidade ” o dinheiro espécie outro projeto andamento o dispositivo o cartão débito e crédito vidar futurar resumir o dispositivo pessoa veem n praticidade comodidade segurança etc etc.mas pensar direito privacidade o e o comprar e vender o trabalhar acesso o serviço saudar condicionar o dispositivo aparato regime totalitário e corrupto existir o controlo pessoa total basto considerar “ mau cidadão ” “ disseminador notícia falso ” função vidar paralisar piscar olho viajar comprar trabalhar … acontecer algum grau chino comunista o “ crédito social ” o comunista chinês monitor ferrenhamente movimentar cidadão distribuir crédito social acordar o fidelidade o o mau cidadão comunismo o valorar morar e cívico fidelidade cego causar comunista enfim desenhar arquitetado engolir o proposto implantar dispositivo pelar comodidade o medo e histeria “ sanitário crise covid-19 ” o pretextar o dispositivo implantar começar o concentrar aspecto vidar humano n aceitar geração o pressa morar casar luxuoso e bilião dólar contar,saúde,10/08/2020,"
Carol Lira ",https://www.boatos.org/saude/oms-china-passaporte-de-imunidade-covid-19.html,0
1991,"

Flor Mahameru (Arya) do Himalaia só floresce a cada 400 anos foi encontrada #boato 
",Boato – A nossa geração teve o privilégio de ver a flor Mahameru (ou flor da Arya). Ela é do Himalaia e só floresce a cada 400 anos. Compartilhe a foto para todos.,e o e o flor mahameru himalaia flor o ano geração o privilégio vê-la mandar alegrar n flor arya flor mahameru flor arya encontrá-lo himalaia florescer o ano querer voltar o vê-lo esperar ano o geração sortir compartilhar deixar o,ciência,21/09/2019,"
Edgard Matsuki ",https://www.boatos.org/ciencia/flor-mahameru-arya-himalaia-400-anos.html,0
1992,"Em dia de jejum, evangélicos fazem oração por Bolsonaro no Alvorada  ",,o presidente jair bolsonaro e líder religioso convocar fiel dia jejum o covid-19 evangélico começar domingo oração frente o o palácio alvorar residência oficial presidente repúblico o comunidade evangélico projeto deus ceilândia distrito federal ocasião vestir roupar estampar e amarelar e comprometer o jejuar o meio-dia o o longo domingo movimentar o o alvorar o agendar bolsonaro trazer compromisso oficiar errar e perecer irar perecer tomar o decisão certo abençoar o pastorar ramiria soar amaral susstrunk afirmar fiel orar líder político país,saúde,05/04/2020 09h50 ,Daniel Weterman,https://noticias.uol.com.br/ultimas-noticias/agencia-estado/2020/04/05/em-dia-de-jejum-evangelicos-fazem-oracao-por-bolsonaro-no-alvorada.htm,1
1993,"

Missionária cristã teve a boca costurada por afegãos islâmicos #boato 
",Boato – Uma missionária teve a boca costurada para que não pudesse pregar a palavra de Cristo. Quem fez isso foram afegãos islâmicos.,olhar missionário costurar pra pregar o palavra cristo orar missionário condenar o morte e morto amanhã afegão islâmico demorar e passar mensagem rápido pessoa orar,entretenimento,10/02/2020,"
Edgard Matsuki ",https://www.boatos.org/religiao/missionaria-crista-boca-costurada-afegaos-islamicos.html,0
1994,"Reforma tributária deve vir antes de autonomia do BC na Câmara, diz Maia  ",,defendido agente mercar financeiro e bandeiro equipar econômica governar jair bolsonaro o projeto autonomia banco central bc avançar câmara o reformar tributário andar depender presidente casar rodrigar maio dem-rj o projeto o instituição presidir roberto campo neto urgente curtir prazo aceitar votar autonomia banco aceitar claro votar depósito voluntário organizar melhor o pautar o ano o governar vontade reformar tributário maio o o participar evento organizar itaú o reformar tributário importância autonomia banco central comentar o projeto autonomia bc aprovar terça-feira senado e preciso aval deputar virar lei o texto manter o controlo preço objetivo central incluir meter acessório prejuízo principal suavizar flutuação atividade econômica e fomentar o pleno empregar país o governar concordar o redação proposto apesar o bc historicamente contrário o ampliar o escopo atuação,política,06/11/2020 13h56 ,Camila Turtelli,https://economia.uol.com.br/noticias/estadao-conteudo/2020/11/06/reforma-tributaria-deve-vir-antes-de-autonomia-do-bc-na-camara-diz-maia.htm,1
1995,"Variante da covid: mutação é normal e a atual não deve prejudicar vacinas, avaliam especialistas  ",,variante coronavírus sars-cov-2 deixar pesquisador e autoridade alertar o europa o anúncio reinar unir o cepa transmitir maneiro rápido o imunologista gustavo cabral colunista vivabem e o microbiologista natalia pasternak analisar o casar,saúde,21/12/2020 18h05 ,21/12/2020 18h05 ,https://noticias.uol.com.br/videos/2020/12/21/nova-cepa-do-coronavirus-nao-deve-prejudicar-vacinas-avaliam-especialistas.htm,1
1996,"

Nike está dando 3 mil pares de tênis e 2 mil camisetas grátis pelo 55º aniversário #boato 
","Boato – Por causa do 55º aniversário, a Nike está dando 3 mil pares de calçados e 2 mil camisetas grátis. Para ganhar, é preciso entrar em um site, responder a perguntas e compartilhar link com amigos no WhatsApp.",responder perguntar abaixar – calçar acima – marcar tênis favorito nike – ficar insatisfeito algum tênis nike verificar respostar … perguntar respondido … entrar duplicar encontrar … qualificadovocê qualificar receber par sapato e camiseta grátis proceder compartilhar o promoção contatos whatsapp compartilhar clicar escolher tamanho e seguir instrução receber prêmio dia útil escolher tamanho,entretenimento,02/01/2020,"
Edgard Matsuki ",https://www.boatos.org/tecnologia/nike-dando-3-mil-pares-tenis-2-mil-camisetas-gratis-55o-aniversario.html,0
1997,"Com mais Fachins, Lava Jato teria chegado muito mais longe, diz Deltan  ",,coordenador extinto força-tarefa lavar jato o procurador deltan dallagnol ficar surpresar o decisão ministrar stf edson fachin anular condenação ex-presidente luiz inácio lula silvar pt afirmar acreditar o operação chegar o ministrar seguir colega supremo tribunal federal entrevisto email o o uol dallagnol crer o decisão ex-juiz sergio morar deixar o magistratura ingressar governar jair bolsonaro alimentar narrativo equivocar o lavar jato contar d movimentar morar alvo ação stf considerá-lo parcial e anular completar processo lula mensagem hackeadas converso d colega lavar jato e morar o procurador adulterar errar procurador morar gente interessar errar,política,13/03/2021 00h01 ,Nathan Lopes,https://noticias.uol.com.br/politica/ultimas-noticias/2021/03/13/entrevista-deltan-dallagnol-lava-jato.htm,1
1998,Amazonas recebe mais 56 mil doses de vacinas Covid-19,,"o amazona receber n semana 56.060 dose vacinar covid-19 o ministério saudar enviar o 45,1 dose astrazeneca oxford produzir fiocruz 1,6 dose coronavac fabricar instituto butantan e 9.360 dose pfizer biontech o início campanha vacinação o receber milhão dose imunizante – aplicar total distribuir o brasilmais 6,4 milhão dose orientação vacinação e prioritário atendido no18º informar técnicoda secretariar vigilância saudar svs o estratégia distribuição vacinar covid-19 revisar semanalmente reunião tripartites governo federal estadual e municipal observar confirmação cronograma entregar laboratório o objetivo garantir o cobertura esquema vacinal recomendar imunizante semana o vacinar butantan e semana o fiocruz e pfizer",saúde,21/05/2021 16h22, ,https://www.gov.br/saude/pt-br/assuntos/noticias/amazonas-recebe-mais-56-mil-doses-de-vacinas-covid-19,1
1999,incêndio o igreja assunção resultar o morte gato verdade,,enfim fato umar noite complicar território chileno segundar artigo publicar o site jornal “ o globo ” o “ manifestação pacífico ” resultar cercar pessoa deter sacar e atacar quartel incidente considerar gravar e igreja incendiar,entretenimento,19/10/2020,marco faustino,https://www.e-farsas.com/incendio-na-igreja-da-assuncao-resultou-na-morte-de-100-gatos-sera-verdade.html,0
2000,"Por lei, juízes podem assumir prefeituras se eleições forem adiadas  ",,o possibilidade adiar eleição d ano causar pandemia covid-19 país levar juiz o o comandar prefeitura país o disputar marcar outubro o perspectivo o crise encerrar preocupar político e magistrado discutir cenário o casar o população s urna n ano alternativo cogitar bastidor postergar eleição dezembro unificá-las disputar realizá-las início ano prorrogar mandato atuais prefeito e vereador o gerar contestação adversário político n cenário o linha sucessório prever o juiz responsável comarcar cidade assumir o administração provisoriamente casar ausência prefeito viçar e presidente câmara municipal o presidente câmara deputar rodrigar maio dem rj chegar o mencionar o hipótese durante palestrar haver semana o manifestação visto aliar maneiro posicionar-se o idear prorrogar mandato prefeito e vereador jurídico o possibilidade visto ressalvar comarcar enfrentar déficit magistrado e excesso processo vislumbrar cenário afirmar o presidente associação magistrado brasil renata gil alcantara videiro,saúde,14/04/2020 13h21 ,Vinícius Valfré,https://noticias.uol.com.br/ultimas-noticias/agencia-estado/2020/04/14/juizes-podem-assumir-prefeituras-se-eleicoes-forem-adiadas.htm,1
2001,Guilherme Boulos: 'Diferenças na esquerda são menores do que as com Bolsonaro'  ,,disputar o eleição presidencial e o prefeitura o líder mtst guilherme boulos ano consolidar líder nacional psol cotar representar o novamente disputar presidencial o voltar ex-presidente luiz inácio lula silvar o o cenário eleitoral alterar o jogar o político e gente psol defender construir unidade táticas eleitoral o brasil andar normalmente o o estadão juízo e responsabilidade colocar projetos pessoal planar necessidade país superar pesadelo o psol travar debater internar o possibilidade apoiar lula o entrar ex-presidente tabuleiro eleitoral mudo o cenário o esquerdo debater começar psol focar debater construir unidade ação oposição enfrentar dilema claro impactar eleição,política,18/03/2021 07h54 ,Pedro Venceslau,https://noticias.uol.com.br/ultimas-noticias/agencia-estado/2021/03/18/guilherme-boulos-diferencas-na-esquerda-sao-menores-do-que-as-com-bolsonaro.htm,1
2002,Doria anuncia que ele e mulher estão curados da covid-19  ,,o governador paulo joão doria psdb hoje e esposo bia curar covid-19 e sair isolamento acordar realizar teste e o doença causar coronavírus o anúncio videoconferência início entrevisto coletiva concedido membro governar cumprir o décimo dia isolamento e covid experiência difícil assintomático rude sensação dormir imaginar o o longo noite algum circunstância levar o agravamento situação voltar o recomendar o tomar cuidar o governador comedir coletiva doria diagnosticar covid-19 quarta-feira semana passar o exame noite anterior e o resultar sair o governador encaminhar o entrevisto coletiva conviver pessoa haver testagem funcionário palácio bandeirante incluir secretário felizmente bia e receber o liberação médico e curar covid-19 cumprir o período isolamento agradecer o médico oração recebido e o deus melhorar postar twitter seguir,saúde,21/08/2020 12h51 ,Felipe Pereira e Patrick Mesquita,https://noticias.uol.com.br/politica/ultimas-noticias/2020/08/21/doria-anuncia-que-ele-e-mulher-estao-curados-da-covid-19.htm,1
2003,Pfizer e BioNTech aceitam pedido da UE por mais 100 milhões de doses de vacina  ,,"paulo o pfizer e o biontech informar atender o o pedir união europeu o entregar milhão dose adicionar vacinar covid-19 produzir conjuntar farmacêutico possibilidade previsto contratar fechar bloco comum empresar o presidente comissão europeu ursula von der leyen haver anunciar o solicitação.a comprar adicional elevar milhão o total dose imunizante disponível país compor o ue o suficiente vacinar milhão pessoa o bloco começar o vacinação o covid-19 n domingo 27.""continuamos empenhar agir o rápido e segurar levar vacinar o pessoa europa medir o vírus mortal continuar o espalhar o taxar alarmante escrever comunicar o ceo pfizer albert bourla",saúde,29/12/2020 16h09 ,29/12/2020 16h09 ,https://noticias.uol.com.br/ultimas-noticias/agencia-estado/2020/12/29/pfizer-e-biontech-aceitam-pedido-da-ue-por-mais-100-milhoes-de-doses-de-vacina.htm,1
2004,"
  O vídeo em que várias crianças são registradas segurando o mesmo lanche foi feito na Colômbia","Uma sequência que mostra diversas crianças se revezando diante de uma câmera fotográfica segurando o mesmo prato com um lanche e um copo foi visualizada mais de 359 mil vezes nas redes desde fevereiro de 2019, acompanhada da afirmação de que são alunos de uma escola na Venezuela. Mas isso é falso: o vídeo foi registrado, na verdade, em um colégio em Aguachica, na Colômbia.Envie-nos por WhatsApp Email",“ governar venezuelano mostrar o o mundo aluno receber merendar e precisar ajudar humanitário ” indicar legendar acompanhar o vídeo compartilhar milhar facebook o o fevereiro conteúdo viralizou twitter e instagram espanhol o gravação mostrar filar criança o d seguro prato comido e copar e posar foto passar utensílio trás o ação repetir criança seguinte,política,4/03/2021 às 21:24,AFP Brasil,https://checamos.afp.com//o-video-em-que-varias-criancas-sao-registradas-segurando-o-mesmo-lanche-foi-feito-na-colombia,0
2005,o chino exportar carnar humano contaminar o coronavírus,é verdade que a china está exportando a carne dos mortos que foram vítimas do coronavírus? descubra aqui no e-farsas!,áudio acompanhar foto e vídeo começar o espalhar whatsapp quinzena fevereiro e rapidamente parar site e blogs imagem mostrar corpo humano espécie açougue e o áudio acompanhar afirmar o chino exportar o carnar humano vítima coronavírus,saúde,18/02/2020,gilmar lopes,https://www.e-farsas.com/a-china-esta-exportando-carne-humana-contaminada-com-o-coronavirus.html,0
2006,Qual o risco real que Bolsonaro enfrenta no Tribunal Penal Internacional?  ,,o presidente jair bolsonaro alvo representação criminar tribunal penal internacional tpi cortar sediar haia holanda julgar grave violação direito humano genocídio crime o humanidade e crime guerra d o acusar crime o humanidade atuação frente pandemia covid-19 doença matar quase brasil o representação apresentar pedir o presidente investigar incitação o o genocídio e ataque sistemático população indígena dever o o desmantelamento político público proteção o e o o ambientar,saúde,20/07/2020 15h46 ,Mariana Schreiber,https://noticias.uol.com.br/ultimas-noticias/bbc/2020/07/20/qual-e-o-risco-real-que-bolsonaro-enfrenta-no-tribunal-penal-internacional.htm,1
2007,o foto umar criança sujo e chorar o lama desastre brumadinho,,o imagem começar o espalhar o facebook e whatsapp o janeiro o rompimento umar barragem o cidade mineiro brumadinho o dia dia janeiro,entretenimento,28/01/2019,gilmar lopes,https://www.e-farsas.com/a-foto-de-uma-crianca-suja-e-chorando-na-lama-e-do-desastre-de-brumadinho.html,0
2008,Itália dará 500 euros para cidadãos fazerem turismo interno  ,,"o primeiro-ministro itália giuseppe contar anunciar n quarta-feira o governar disponibilizar bônus euro família render anual euro turismo país o medir previsto decreto-lei equivalente o medir provisório aprovar ministro incentivar o retomar econômica país pandemia coronavírus sars-cov-2 acordar o texto beneficiário utilizar o crédito o pagamento serviço oferecido o nacional empresar alojamento turístico hotel utilizável julho dezembro d bar restaurante e estabelecimento banho isento impor municipal ocupação terra público informar o ministrar economia roberto gualtieri alocados 2,4 bilião euro ajudar empresar setor hoteleiro o enfrentar custo adaptação o requisito apoiar família e empresar difícil lançar base o reinício e o recuperação concluir gualtieri o ministrar cultural e turismo itália dario franceschini lembrar setores sofrer n crise o turismo pagar consequência epidemiar",saúde,13/05/2020 17h00 ,13/05/2020 17h00 ,https://www.uol.com.br/nossa/noticias/ansa/2020/05/13/italia-dara-500-euros-para-cidadaos-fazerem-turismo-interno.htm,1
2009,"Bolsonaro responde a Joe Biden por mencioná-lo em debate: ""lamentável""  ",,o presidente jair bolsonaro classificar lamentável o falir candidatar democrata casar branco joe biden o amazônia e o vender reagir — português e inglês — declaração biden caótico debater opositor donald trump noite terça-feira o o abordar queimar devastar costa oeste eua biden mencionar recente queimar amazônia e afirmar proposto trabalhar país o o redor mundo atacar o aquecimento global ... ler íntegro folhar,política,30/09/2020 13h44 ,30/09/2020 13h44 ,https://noticias.uol.com.br/colunas/reinaldo-azevedo/2020/09/30/bolsonaro-responde-a-joe-biden-por-menciona-lo-em-debate-lamentavel.htm,1
2010,"

PCdoB vai mudar de nome para Movimento 65 e adotar o verde e amarelo #boato 
",Boato – PCdoB quer acabar com imagem comunista e muda as cores do vermelho para o verde amarelo e o nome do partido para Movimento 65. ,“ o esquerdo apelar mentira o objetivo enganar o o comunista brasil o pcdob ocultar o comunista e adotar o nome fantasiar movimentar trocar o vermelhar e amarelar cor predominante o desesperar jogar o foiçar e o martelar bandeiro converso mole o foiçar representar trabalhador rural e o martelar trabalhador indústria perguntar o homem campar trabalhador pai família o real bandeiro depravar d defeso abortar liberação drogar hoje o brasileiro o comunismo graça o o presidente trazer tonar o verdadeiro face d regime perigoso e perverso restar esconder e apelar o cair n lorota jeito comunista vestir e amarelar melancia e vermelhar ” “ o esquerdo esconder real face o acordar pcdob – comunista brasil – mudar nome e retirar o vermelhar bandeiro ”,política,04/01/2020,"
Kyene Becker ",https://www.boatos.org/politica/pcdob-mudar-nome-movimento-65-verde-amarelo.html,0
2011,paulo guedes cortar recurso parir o carnaval o parar gay e marchar maconha,,o notícia espalhar whatsapp e o redar social o semana janeiro acordar o texto acompanhar umar foto ministrar paulo guedes o economista afirmar irar desviar o dinheiro seriar gastar o carnaval o marchar maconha e cristo e o parar gay parir o educação,política,4/01/20194,gilmar lopes,https://www.e-farsas.com/paulo-guedes-vai-cortar-recursos-para-o-carnaval-a-parada-gay-e-marcha-da-maconha.html,0
2012,É enganoso afirmar que resultado de enquete sobre voto impresso reflete opinião da população,,enquetes umar amostragem reflita o composição população e o participação espontâneo e científico parir indicar formar adequar o opinião brasileiro pesquisar instituto confiar ouvir entrevistar proporção sexo idade escolaridade e render semelhante s população país d formar o participante representativo restante sociedade,política,2021-07-12,Comprova,https://projetocomprova.com.br/publicações/e-enganoso-afirmar-que-resultado-de-enquete-sobre-voto-impresso-reflete-opiniao-da-populacao/,0
2013,Coronavírus: paciente no Piauí testa positivo semanas após recuperação,,o prefeitura parnaíba município populoso piauí investigar o casar paciente testar positivar o coronavírus semana o recuperação o informação divulgar noite d terça-feira boletim secretariar saudar abril o paciente profissional saudar apresentar sintoma covid-19 e realizar dia testar sorológico resultar positivar dia quarentenar o paciente exame swab e outro testar rápido resultar negativar d o mulher apresentar sintoma e voltar o rotina habitual dia maio o paciente apresentar novamente sintoma doença e o testar swab n semana atestar resultar positivar o coronavírus o infectologista renata beltrão equipar enfrentamento covid-19 secretariar saudar parnaíba haver comprovação reinfecção coronavírus haver possibilidade casar recrudescência ocorrer o reaparecimento sintoma indicar o paciente completamente curar doença swab vir positivar representar discordância padrão acontecer significar frente o reinfecção significar sugestão leitura simples exame o infectologista beltrão o governar municipal elaborar documentação o casar encaminhar o secretariar estadual saudar conversar o pessoal e pedir avaliação instância superior dificuldade técnico avaliação instituição locar o gente estudar cientificamente o paciente o benefício paciente pra o gente compreender melhor o doença explicar,ciência, Publicado em  03/06/20 12:03 ,Extra,https://extra.globo.com/noticias/saude-e-ciencia/coronavirus-paciente-no-piaui-testa-positivo-semanas-apos-recuperacao-24460193.html,1
2014,Novo ministro do Turismo celebra aeroportos e hotéis 'lotados' no país  ,,"O recém-nomeado ministro do Turismo, Gilson Machado, celebrou que, segundo ele, os aeroportos e hotéis do País estariam novamente ""lotados"", devido a um suposto reaquecimento das viagens nacionais. Ele participou hoje da transmissão ao vivo nas redes sociais do presidente Jair Bolsonaro (sem partido). Esta semana, Machado, que até então era presidente da Embratur, já fizera um apelo contra a possibilidade de prefeitos e governadores decretarem o fechamento total do comércio e da circulação de pessoas, o chamado ""lockdown"", em meio a um novo recrudescimento da pandemia de covid-19 no Brasil. Ele também sustentou que as companhias aéreas estariam relatando uma retomada da ordem de 85% da sua malha interna de voos.",saúde,10/12/2020 21h49 ,"Nicholas Shores, Emilly Behnke e Daniel Galvão",https://noticias.uol.com.br/ultimas-noticias/agencia-estado/2020/12/10/novo-ministro-do-turismo-celebra-aeroportos-e-hoteis-lotados-no-pais.htm,1
2015,Liga Mundial de Surfe anuncia cancelamento de competições de março  ,,competição esportivo anunciar o interrupção disputar decorrência pandemia internacional coronavírus d o ligar mundial surfar wsl comunicar divulgar canal comunicação o entidade informar evento março cancelar casar mundial masculino o vetar englobar competição o etapa gold coast austrália o etapa papar taiti marcar ocorrer e março e válido men s qualifying seriar men s junior tour women s junior tour e women s qualifying seriar cancelar o wsl justificar decisão dever situação rápido evolução o covid-19 comunicar o entidade defender o cautela competidor funcionário e fã,saúde,12/03/2020 20h58 ,12/03/2020 20h58 ,https://www.uol.com.br/esporte/surfe/ultimas-noticias/2020/03/12/liga-mundial-de-surfe-anuncia-cancelamento-de-todos-os-eventos-de-marco.htm,1
2016,"

Camilo Santana, governador do Ceará, cria teatro da Covid-19 para assustar população #boato 
","Boato – Camilo Santana, governador do Ceará, criou teatro da Covid-19 para assustar a população. Em vídeo, é possível ver o cenário montado para simular o caos na saúde do estado.",tirar conclusão e procurar acontecer cidade olhar o sr camilo santana teatro arrancar dinheiro e o o terrrorismo o camilo santana montar estúdio cinematográfico pra simular caos saudar o bandidagem governador cear,política,21/03/2021,"
Raiane Gonoli ",https://www.boatos.org/politica/camilo-santana-governador-ceara-teatro-covid-19.html,0
2017,Messina subestima déficit da prefeitura em 2018 em sabatina  ,,"hoje o vereador paulo messina mdb o entrevistar série sabatino realizar folhar s.paulo conjuntar o uol entrevisto o vereador falar passagem prefeitura secretário casar civil e rompimento o atual prefeito marcelo crivella republicano o reeleição o lupa checar declaração candidatar contatado responder s checagens o publicação d texto o resultar o gente chegar casar civil o prefeitura quase r$ 1,1 bilião déficit primário ... .paulo messina mdb candidatar prefeitura rir janeiro sabatino",política,06/11/2020 19h12 ,"Nathália Afonso, Ígor Passarini, Ítalo Rômany e Chico Marés",https://noticias.uol.com.br/confere/ultimas-noticias/2020/11/06/messina-subestima-deficit-da-prefeitura-em-2018-em-sabatina.htm,1
2018,Senador engana ao usar falas antigas de Drauzio Varella sobre pandemia  ,,vídeo postar página facebook senador marco val podemos-es enganir o o reproduzir trecho falir médico drauzio varella início pandemia covid-19 o vídeo destacar tom irônico varella minimizar o gravidade emergência sanitário omitir o médico afirmar publicamente subestimar o doença e atualmente posicionar maneiro contrária.a postagem senador informar declaração drauzio varella janeiro o epicentro doença o chino e o país caso infectar haver viralizado março o ministrar ambientar ricardo salles publicá-las twitter n oportunidade o redar social apagar mensagem salles alegar postagens ministrar colocar o saudar pessoa riscar,política,14/08/2020 12h30 ,"É falso que cloroquina teria salvado 100 mil vidas, como diz Bolsonaro  ",https://noticias.uol.com.br/comprova/ultimas-noticias/2020/08/14/senador-engana-ao-usar-falas-antigas-de-drauzio-varella-sobre-pandemia.htm,0
2019,"Em live, Bolsonaro mente sobre CoronaVac e apuração de votos  ",,defeso votar impresso o presidente jair bolsonaro apresentar suar live hoje informação falso sobrar o processar apuração resultar eleição pelar urna eletrônica bolsonaro o apuração feito dúzia pessoa o verdade o contagem feito máquina — o urna eletrônicas o presidente voltar o alegar falsamente o coronavac comprovação científico e fase experimental o falir presidente ignorar resultar pesquisar sobrar o eficácia e o efetividade vacinar aprovação parir emergencial anvisa agência nacional vigilância sanitário abaixar o o uol conferir checar,política,22/07/2021 21h16Atualizada em 22/07/2021 21h55 ,Juliana Arreguy e Beatriz Montesanti,https://noticias.uol.com.br/confere/ultimas-noticias/2021/07/22/em-live-bolsonaro-mente-sobre-contagem-de-votos-e-resultados-da-coronavac.htm,0
2020,É #FAKE que infectologistas de todo o país foram obrigados a assinar documento contra tratamento precoce para Covid-19,"Associação Brasileira de Infectologia citada na mensagem falsa nem sequer existe. Infectologistas dizem que não foram proibidos de prescrever tratamento precoce. Remédios, porém, não têm eficácia comprovada contra a doença.",circular rede social vídeo homem acusar associação infectologia especialista o país o assinar documentar proibir o prescrição remédio chamar tratamento precoce o covid-19 o associação brasileiro infectologia citar vídeo sequer existir o entidade reunir especialista o sociedade brasileiro infectologia sbi assessoria imprensar o sbi entidade pesquisar e ditar membro agir o sbi único entidade regulador regional e federal medicinar o sociedade brasileiro infectologia negar emitir documentar pedir o assinatura membro vice-presidente haver pressão documentar o assinar o o sbi noto técnico orientar o médico e população o ineficácia medicação prescrito tratamento precoce explicar alberto chebabo vice-presidente entidade,saúde, 22/03/2021," Por Thaís Matos, G1 ",https://g1.globo.com/fato-ou-fake/coronavirus/noticia/2021/03/22/e-fake-que-infectologistas-de-todo-o-pais-foram-obrigados-a-assinar-documento-contra-tratamento-precoce-para-covid-19.ghtml,0
2021,Porto Alegre: Marchezan Jr. descumpre promessas para 3ª idade e transporte  ,,imerso campanha disputar o reeleição o prefeitura portar alegrar nelson marchezan júnior psdb enfrentar batalhar judicial definir passar processar impeachment s véspera pleito agostar o prefeito denunciar crime responsabilidade e infração político-administrativa supor verba fundir municipal saudar pagar publicidade.em candidatar marchezan registrar tse tribunal superior eleitoral o programar governar intitular cidade mudança,brasil,13/10/2020 04h00 ,Da Agência Lupa,https://noticias.uol.com.br/confere/ultimas-noticias/2020/10/13/porto-alegre-marchezan-descumpre-promessas-para-3-idade-e-transporte.htm,0
2022,"
  Delcy Rodríguez não disse que a Venezuela firmou um convênio com o coronavírus, é uma montagem","Um vídeo em que a vice-presidente da Venezuela, Delcy Rodríguez, diz que seu governo firmou “um convênio” com o vírus que causa a covid-19 e que, por esta razão, será possível sair às ruas sem “problema de contágio” durante uma semana foi visualizado mais de 115 mil vezes em redes sociais desde 23 de novembro. O vídeo é, no entanto, uma montagem. O aúdio original foi editado para fins satíricos.Envie-nos por WhatsApp Email",“ dia acordar o decretar o presidente corresponder semana livrar o vírus pausar o amanhã o domingo livre sair s ruir problema contágio firmar convênio vírus ” voz espanhol supostamente vice-presidente o vídeo mostrar rodríguez falar o imprensar máscara facial “ venezuela nicolás madurar ‘ acordar ’ o vírus e o semana inteiro livrar lockdown repetir entender madurar ‘ acordar ’ o vírus duvidar apertar o play ” publicação compartilhar 2.500 facebook instagram e twitter o conteúdo circular amplamente espanhol e brasil compartilhar vereador e filhar presidente jair bolsonaro carlos bolsonaro,saúde,1/12/2020 às 19:30,AFP Colombia,https://checamos.afp.com//delcy-rodriguez-nao-disse-que-venezuela-firmou-um-convenio-com-o-coronavirus-e-uma-montagem,0
2023,"

Singapura descobriu que Covid-19 é causada por uma bactéria exposta à radiação #boato 
","Boato – Singapura se tornou o primeiro país a realizar uma autópsia em uma vítima de Covid-19. Com isso, descobriu que a doença é causada por uma bactéria exposta à radiação.","interessante singapura tornou-se o país mundo o realizar umar autópsia post-mortem corpo covid-19 umar investigação minucioso descobriu-se o covid-19 existir comer vírus comer umar bactéria exposto o radiação e causar o morte humano coagulação o sangue. verificou-se o doença covid-19 provocar coágulo sanguíneo o levar coagulação sanguíneo humano e o sangue coagular o veia dificultar o respiração umar o cérebro o coração e o pulmão receber oxigênio o pessoa morrer rapidamente.para encontrar o causar escassez energia respiratório o médico singapura ouvir o protocolo oms e realizar umar autópsia sobrar o covid-19 o médico abrir e examinar cuidadosamente o braço perna e outro corpo perceber o vaso sanguíneo dilatar e cheio coágulo sanguíneo o impedir o fluxo oxigênio o corpo causar o morte paciente.depois conhecer pesquisar o ministério saudar singapura alterar imediatamente o protocolo tratamento o covid-19 e aspirina o o paciente positivo começar o tomar mg e imromac comer resultar paciente começar o recuperar e suar saudar começar o melhorar o ministério saudar singapura evacuar 14,000 paciente dia e mandou-os parir casa.depois período descobrir científico o médico singapura explicar o método tratamento o doença umar farsa global ′′ passar coagulação intravascular coágulo sanguíneo e método tratamento comprimir antibiótico anti-inflamatório e tomar anticoagulante aspirina indicar o doença curar acordar outro cientista singapura o ventilador e umar unidade cuidar intensivo uti necessário protocolo parir o efeito publicar singapura o chino d divulgar relatório",saúde,25/08/2021,"
Edgard Matsuki ",https://www.boatos.org/saude/singapura-descobriu-covid-19-causada-bacteria-exposta-radiacao.html,0
2024,Mortes por coronavírus na Itália aumentam 57% nas últimas 24h; parte do país está em quarentena ,"Casos confirmados chegam a 7,3 mil no país. Primeiro-ministro assinou decreto para quarentena até 3 de abril.","Nas últimas 24h, a Itália registrou uma alta de 57% no número de mortes pelo novo coronavírus. Neste domingo (8), o país contabiliza 7.375 casos confirmados e 366 mortes - o número estava em 233 mortes neste sábado (7).  Com isso, o goveno italiano tomou uma medida drástica para tentar conter a propagação do Sars-CoV-2 no país, que é o mais afetado na Europa. O primeiro-ministro Giuseppe Conte assinou um decreto que determina uma quarentena em parte da Itália e também o fechamento de cinemas, teatros e museus até o dia 3 de abril.  A imposição de restrições implica um sacrifício econômico no curto prazo em uma tentativa de evitar uma epidemia mais severa. Os deslocamentos para entrar e sair dessas regiões do país serão estritamente limitados durante a quarentena, segundo o projeto citado pelos jornais, entre eles ""Il Corriere della Sera"" e ""La Repubblica"".  As autoridades afirmaram que será preciso dar uma permissão específica para sair das áreas em isolamento para emergências familiares ou de trabalho. A polícia vai parar os viajantes para verificar se eles têm motivo para atravessar os bloqueios.",ciência, 08/03/2020 15h51 , Por G1 ,https://g1.globo.com/bemestar/coronavirus/noticia/2020/03/08/mortes-por-coronavirus-na-italia-aumentam-57percent-nas-ultimas-24h.ghtml,1
2025,"EUA têm 1,1 milhão de casos de covid-19 e 67 mil mortes, diz universidade  ",,"unir chegar marcar 1,1 milhão caso coronavírus e morto decorrência covid-19 o universidade johns hopkins o levantamento afirmar haver o noite hoje 1.154.340 pessoa infectar pandemia e 67.447 óbito país atingir o ex-presidente unir george w. bush pedir o partidarização discursar combater pandemia coronavírus o mensagem compartilhar o the call to unite evento transmissão online contar o participação líder pedir união global n crise",saúde,03/05/2020 21h27 ,03/05/2020 21h27 ,https://noticias.uol.com.br/internacional/ultimas-noticias/2020/05/03/eua-tem-11-milhao-de-casos-de-covid-19-e-67-mil-mortes-diz-universidade.htm,1
2026,"
  Não há registro de que Palocci tenha dito que as urnas foram encomendadas para fraudar eleições","Publicações compartilhadas milhares de vezes em redes sociais alguns dias antes do segundo turno das eleições municipais de 2020 asseguram que o ex-ministro dos governos do PT Antônio Palocci afirmou que as urnas eletrônicas foram “encomendadas” para manipular eleições. No entanto, não há qualquer registro público de que Palocci tenha dado tal declaração, nem à mídia, nem na colaboração premiada que firmou no âmbito da Lava Jato. Ao AFP Checamos, o escritório responsável por sua defesa negou que o ex-ministro tenha feito tal denúncia.Envie-nos por WhatsApp Email",“ palocci afirmar eleição decidir cúpula urna encomendar fraudar eleição o o tse ” o texto publicação compartilhar facebook e instagram o dia novembro versão citar o frase “ inúmero ” ex-ministro fazenda governar luiz inácio lula silvar e ex-ministro-chefe casar civil governar dilma rousseff “ trazer doutor urna eletrônicas o brasil o objetivo fraudar eleição benefício esquerdo ” o conteúdo ganhar forçar dia turno eleição municipal novembro candidato esquerdo disputar o prefeitura importante capitar paulo recife e portar alegrar,brasil,27/11/2020 às 17:59,AFP Brasil,https://checamos.afp.com//nao-ha-registro-de-que-palocci-tenha-dito-que-urnas-foram-encomendadas-para-fraudar-eleicoes,0
2027,"Seja rápido, Fux, como ao impedir entrevista de Lula em 18. E ainda Gilmar  ",,o ministrar kássio nunes marcar supremo servil o interesse agente legitimidade apresentar petição o o stf — o associação nacional jurista evangélico — decidir truculento o prefeito belo horizonte alexandre kalil haver cumprir decisão anterior supremo definitivo o existir competência concorrente ente federação determinar pandemia o funcionamento setores e serviço kássio conká ameaçar o prefeito o polícia federal kalil afirmar seguir twitter liberar igreja o prefeitura encaminhar pedir o luiz fux presidente stf suspender o liminar decisão pleno luiz fux luiz fux ... o pretextar esfriar crise incrível o inação aliás o adpf associação parar mão kássio conká o distribuição petição bagunça esquecer o celeridade exercício presidência supremo fux atender o pedir e suspender entrevisto lula folhar presar afirmar casar feito publicar decisão claro e arreganhadamente inconstitucional nenhum atropelar autorização ricardo lewandowski o realização entrevisto cumprir o constituição lewandowski d feito ministrar conceder liminar aberrante ignorar julgamento supremo — unanimidade — e o ficar precisar submeter o destrambelhamento conká o o pleno o perder o o vitória o explicar outro post,política,05/04/2021 06h22 ,05/04/2021 06h22 ,https://noticias.uol.com.br/colunas/reinaldo-azevedo/2021/04/05/seja-rapido-fux-como-ao-impedir-entrevista-de-lula-em-18-e-ainda-gilmar.htm,1
2028,Médico distorce informações sobre a covid-19 em vídeo  ,,"o médico ulysses josé guedes gomar afirmação enganoso o pandemia vídeo obter interações facebook o dia julho gravação país continuar alar aumentar o morto criar atestar médico errar o o o máscara acidificar o sangue e consequentemente diminuir o imunológico"".gomes acusar esquerdo ficar ano interessar derrubar o país e defender o medicamento o cloroquina e o ivermectina eficácia comprovar o coronavírus e apoiar presidente jair bolsonaro",saúde,02/07/2020 20h24 ,"Do UOL, em São Paulo*",https://noticias.uol.com.br/comprova/ultimas-noticias/2020/07/02/medico-distorce-informacoes-sobre-a-covid-19-em-video.htm,0
2029,"EUA tem 16 mil casos de coronavírus e 215 mortos, diz CNN  ",,unir somar 16.336 caso coronavírus acordar contagem realizar cnn o pessoa morrer dever covid-19 caso registrar país e território externo d caso somar paciente repatriar,saúde,20/03/2020 17h03 ,20/03/2020 17h03 ,https://noticias.uol.com.br/saude/ultimas-noticias/redacao/2020/03/20/eua-tem-16-mil-casos-de-coronavirus-e-215-mortos-diz-cnn.htm,1
2030,Post tira de contexto frase de Damares sobre abuso infantil,,o frase verdadeiro o postagem omitir o contexto o trecho retirar entrevisto concedido bbc o ministro damares alves mulher vítima abusar sexual infância dever acreditar discursar abusador culpar atos,política,2020/08/20,Comprova,https://projetocomprova.com.br/publicações/post-tira-de-contexto-frase-de-damares-sobre-abuso-infantil/,0
2031,"

Sentença aponta que empresário cometeu estupro culposo no caso Mariana Ferrer #boato 
",Boato – O empresário André Aranha acabou inocentado da acusação de estupro contra Mariana Ferrer porque a justiça considerou o caso como de estupro culposo na sentença.,brasil desgraçar estuprar mulher e o justiçar inventar sentença o inocentar argumentar jamais vestir anal judiciário – “ estuprar culposo ” – – “ estuprar intenção estuprar ” … revoltante ficar perguntar permitir absurdos???por o vítima o foto divulgar nome o violentador … mari ferrer e continuar violentar diverso formar estuprador advogar estuprador o assediar e o humilhar e pseudo “ justiçar ” promotor alegar e inventar o estuprar ‘ culposo ’ juíz acatar o sentença justicapormariferrer,brasil,04/11/2020,"
Edgard Matsuki ",https://www.boatos.org/brasil/sentenca-empresario-absolvido-estupro-culposo-caso-mariana-ferrer.html,0
2032,"

ONG Cantinho Amigo Bicho vai ganhar 1 tonelada de ração se tiver 750 compartilhamentos #boato 
","Boato – A cada 750 compartilhamentos, a ONG “Cantinho Amigo Bicho” vai ganhar uma tonelada de ração. Compartilhe e ajude!",oi abrigar cão trabalhar maravilhoso e pedir dinheiro pedir pra vc compartilhar pessoa vc conhecer compartilhamentos ganhar tonelada ração oi ajudar o divulgar o página pra o gente receber ajudar compartilhar e ajudar o canto amigar bichar,entretenimento,,"
Carol Lira ",https://www.boatos.org/tecnologia/cantinho-amigo-bicho-750-compartilhamentos.html,0
2033,Tribunal derruba decisão que havia bloqueado dinheiro dos fundos partidário e eleitoral,"Justiça do DF bloqueou fundos e determinou uso dos recursos contra coronavírus. Para presidente do TRF-1, decisão interferiu em ato que cabe ao Executivo e ao Legislativo.","o presidente tribunal regional federal 1ª região trf-1 carlos moreira alves derrubar n quarta-feira 8) decisão haver bloquear recurso fundo partidário e eleitoral o bloquear determinar n terço justiçar federal brasília decisão recurso d fundo dever investir medir o coronavírus o advocacia união agu e o senado recorrer decisão o fundir partidário somar r$ milhão e o funcionamento o fundir financiamento campanha conhecimento fundir eleitoral r$ 2,034 bilião e o dinheiro destinar s eleição municipal outubro o agu e o senado alegar haver interferência indevido justiçar matéria orçamentar ferir o separação",política, 08/04/2020 22h03 ," Por Marcio Falcão e Fernanda Vivas, TV Globo — Brasília ",https://g1.globo.com/politica/noticia/2020/04/08/tribunal-derruba-decisao-que-havia-bloqueado-fundos-partidario-e-eleitoral.ghtml,1
2034,"
  A cabo do Exército argentino que faleceu não havia recebido a vacina russa contra a covid-19","Desde 3 de janeiro circula nas redes sociais a alegação de que uma cabo do Exército argentino faleceu após receber a vacina russa Sputnik V, que começou a ser administrada à população do país sul-americano no último dia 29 de dezembro. Embora a militar realmente tenha falecido por insuficiência cardíaca em 1º de janeiro, ela não havia recebido a vacina contra a covid-19, segundo fontes do Exército e autoridades locais.Envie-nos por WhatsApp Email",“ dia 01-01-2021 s 21:00 horar falecer o cabo enfermeiro dominguez victoria quartel zapala neuquén argentino horar aplicar o vacinar russo ” garantir publicação compartilhar dezena facebook e twitter juntar o imagem mulher uniformar militar “ vacinar o covid-19 matar o vacinar ” comentar usuário o o replicar o história circular amplamente espanhol comunicar janeiro o exército argentino confirmar o morte cabo victoria domínguez hospital zapala província neuquén “ taquiarritmia insuficiência cardíaco resultar tromboembolismo pulmonar ” rejeitar alegação o morte relacionar vacinação o covid-19,saúde,5/01/2021 às 20:08,"AFP Argentina, Nadia Nasanovsky",https://checamos.afp.com//cabo-do-exercito-argentino-que-faleceu-nao-havia-recebido-vacina-russa-contra-covid-19,0
2035,"Ou Pazuello mentiu na CPI, ou Bolsonaro não governa, só finge na internet  ",,depoimento cpi covid senado n quarta-feira o general eduardo pazuello ex-ministro saudar contribuir linha defeso governar s investigação ações e omissão contribuir o agravamento pandemia o desqualificar o relator cpi o senador renan calheiros mdb-al o isentar o presidente jair bolsonaro responsabilidade apesar obter habeas corpus stf dando-lhe o direito permanecer calar certo condição cpi covid senado pazuello preferir respostar prolixo respostar depoimento conduzir renan calheiros depoimento anterior cpi calheiros demonstrar irritação testemunhar evitar respostar objetivas s perguntar frequentemente formular verdade,política,19/05/2021 14h08 ,19/05/2021 14h08 ,https://noticias.uol.com.br/colunas/diogo-schelp/2021/05/19/ou-pazuello-mentiu-na-cpi-ou-bolsonaro-nao-governa-so-finge-na-internet.htm,1
2036,"Notícias pessimistas podem ajudar a salvar vidas na pandemia, sugere estudo  ",,táticas utilizar presidente jair bolsonaro minimizar o gravidade pandemia coronavírus acusar o imprensar promover o histeria e divulgar notícia pessimista o o imprensar procurar entanto formar mosaico o completar milhar caco informação disponível conferir qualidade utilizar o pandemia e o ciência necessário compreendê-la formar mosaico complexo e o quadrar continuar pessimista recomendação especialista levar o sério bolsonaro e comentaristas político alinhar o o discursar medir distanciamento social conter o avançar vírus recorrer o mensagem simples caco desconexo passar visão otimista impactar covid-19 o isolamento social paulo funcionar o contaminar continuar crescer omitir o taxar transmissão vírus cair o significar o caso aumentar medir outro caco afirmar brasil o gripar h1n1 matar 2.000 pessoa e alcançar covid-19 levar consideração o fato o coronavírus taxar transmissão e taxar letalidade o h1n1 e abril o problema mensagem otimistas colocar informação científico contexto minimizar o gravidade pandemia confundir o população e desmobilizar esforço evitar o avançar doença provocar colapso saudar,saúde,08/04/2020 04h00 ,08/04/2020 04h00 ,https://noticias.uol.com.br/colunas/diogo-schelp/2020/04/08/noticias-pessimistas-podem-ajudar-a-salvar-vidas-na-pandemia-sugere-estudo.htm,1
2037,fake nóis analisar notícia sobrar gato,,comer o internet mover gatar o melhorar memes e vídeo felino e postar algum bichanar sucesso motivar história espalhar e espalhar o dia comer personagem principal gatar algum d história real e algum falsar e revelar parir n episódio fake nóis o verdade sobrar notícia envolver o verdadeiro dono web,entretenimento,25/08/2020,gilmar lopes,https://www.e-farsas.com/fake-em-nois-analisando-15-noticias-sobre-gatinhos.html,0
2038,"

Plástico bolha pode transmitir coronavírus porque o ar vem da China #boato 
",Boato – Cuidado para não estourar o plástico bolha de produtos vindos da China. O ar que está nele vem da China e pode transmitir o novo coronavírus.,amigar estourar plástico bolhar lembre-se o ar chino estourar plástico bolhar lembre-se o ar chino importar o “ coronavirus ”,saúde,11/02/2020,"
Edgard Matsuki ",https://www.boatos.org/saude/plastico-bolha-coronavirus-ar-vem-china.html,0
2039,"

Programa Renda Cidadã Emergencial está com inscrições abertas em site no WhatsApp #boato 
","Boato – O Ministério da Cidadania está com inscrições abertas para o programa Renda Cidadã Emergencial. Para ganhar o benefício de R$ 350, você precisa entrar em um site e compartilhar um link com amigos no WhatsApp.",ministério cidadania inscrição o programar render cidadão emergencial disponível o auxílio chegar o r$ família cadastrar consultar direito o o benefício site]o ministério cidadania selecionando família brasil participar programar render cidadão emergencial central cadastrar online selecione cidade selecione cidade nome completar informar nomebenefício disponível inscrição 11/03/2021 preencher o formulário cadastrar encaminhar o informativo o programar render cidadão emergencial contatos whatsapp encaminhar,entretenimento,,"
Edgard Matsuki ",https://www.boatos.org/tecnologia/programa-renda-cidada-emergencial-inscricoes-abertas-whatsapp.html,0
2040,Site usa texto sobre boa aprovação de Lula para tratar de apoio a Bolsonaro,,site publicar texto descrever suposto pesquisar o presidente repúblico aprovação plágio reportagem o popularidade ex-presidente lula,política,2020/07/16,Comprova,https://projetocomprova.com.br/publicações/site-usa-texto-sobre-boa-aprovacao-de-lula-para-tratar-de-apoio-a-bolsonaro/,0
2041,Vacina do coronavírus não terá microchip para rastrear a população  ,,"teoria conspiratório o covid-19 espalhar rede social alegar vacinar o coronavírus microchips colher o identidade biométrico população o tesar falso haver evidência comprovar o conteúdo texto publicar blog livrar revelações"".o texto misturar série informação falso projetos internacional identidade digital o aliançar id2020 e o a2i e o aliançar mundial vacinar e imunização gavi sigla inglês entidade atua fornecer vacinar país pobre",saúde,06/04/2020 18h30 ,"Do UOL, em São Paulo ",https://noticias.uol.com.br/comprova/ultimas-noticias/2020/04/06/vacina-do-coronavirus-nao-tera-microchip-para-rastrear-a-populacao.htm,0
2042,Foto tirada pela sonda Cassini duas semanas atrás mostra a atmosfera de Saturno! Será?,,o imagem espalhar publicação rede social maio e mostrar o satélite frente lindo nuvem risco céu escuro o texto acompanhar o foto afirmar tirar haver dia sondar cassini passar saturno,entretenimento,2/06/2021,Gilmar Lopes,https://www.e-farsas.com/foto-tirada-pela-sonda-cassini-duas-semanas-atras-mostra-a-atmosfera-de-saturno-sera.html,0
2043,Bolsonaro diz que ele e ministros tomaram hidroxicloroquina e 'funcionou'  ,,o presidente jair bolsonaro durante transmissão semanal o o viver agradecer curar covid-19 o deus e medicação o hidroxicloroquina o hidroxicloroquina o presidente receber o diagnóstico doença dia hoje o primeira-dama michelle bolsonaro anunciar testar positivar o doença bolsonaro dia seguinte o o tomar o cloroquina coincidência funcionar bolsonaro o presidente ministro diagnosticar o doença medicamentar e melhorar bolsonaro participar transmissão o o ministrar infraestrutura tarcísio freitas e presidente embratur agência brasileiro promoção internacional turismo gilson machadar exceção intérprete librar bolsonaro freitas e machadar aparecer máscara,saúde,30/07/2020 19h26 ,"Pedro Caramuru, Daniel Galvão e Gustavo Porto",https://noticias.uol.com.br/ultimas-noticias/agencia-estado/2020/07/30/bolsonaro-diz-que-ele-e-ministros-tomaram-hidroxicloroquina-e-funcionou.htm,1
2044,Pazuello nega falta de seringas para iniciar vacinação e ataca imprensa  ,,"fracassar tentativo comprar o ministrar saudar general eduardo pazuello negar hoje faltar seringar e agulhar início vacinação o covid-19 brasil pazuello o licitação andamento e culpar o imprensar cobrança o pastar receber demorar aquisição insumo comprar deixar faltar faltar medicamento intubação explicar o ministrar durante coletiva o mídia o licitação fracassar o licitação fracassar o licitação andamento item deserto e comprar o processar continuar o pregão eletrônico comprar seringar realizar dezembro milhão unidade o ministério saudar intenção comprar conseguir ofertar 7,9 milhão —",saúde,07/01/2021 18h02Atualizada em 07/01/2021 20h48 ,"Anaís Motta, Rafael Bragança, Thaís Augusto e Kelli Kadanus",https://noticias.uol.com.br/saude/ultimas-noticias/redacao/2021/01/07/pazuello-nega-falta-de-seringas-para-iniciar-vacinacao-e-ataca-imprensa.htm,1
2045,Funciona Assim: como são eleitos os vereadores e mudanças na lei eleitoral,Série do G1 em formato de vídeo e podcast explica as regras das eleições de 2020. ,"vereador eleito n ano representar cidadão 5,5 município ano 3º episódio série funcionar o repórter gabriela gonçalves explicar vereador eleito o quociente eleitoral quociente partidário e o candidato puxador voto mudança lei eleitoral impactar eleição d ano temporada funcionar o g1 explicar o prefeito e vereador funcionar câmara municipal e envolver o pleito d ano assistir o o vídeo abaixar mudança lei eleitoral e eleito vereador vídeo acompanhar episódio série formato podcast g1 plataforma distribuição podcast ouvir o episódio abaixar",política, 14/09/2020 18h46 , Por G1 ,https://g1.globo.com/politica/eleicoes/2020/funciona-assim/noticia/2020/09/14/funciona-assim-como-sao-eleitos-os-vereadores-e-mudancas-na-lei-eleitoral.ghtml,1
2046,Ministério da Saúde prorroga prazo para adesão de municípios ao Saúde na Escola,,município brasileiro o dia março aderir o o programar saudar escola pse 2021/2022 o ministério saudar prorrogar o prazo adesão gestor locar aderir o o programar objetivo ampliar ações saudar redar público ensinar o o aderir município receber recurso financiar ações escolas.os valorar definir conclusão adesão acordar inscrito e o cumprimentar meter monitoramento município o programar saudar escola reforçar saudar e educação pilar fundamentar adoção comportamento saudável contribuir o desenvolvimento integral estudante ações âmbito programar desenvolvido equipar atenção primário e equipar escola articular ações abordar temer saudar ambientar promoção atividade físico alimentação saudável e prevenção obesidade o medir abordar atividades relacionar o violência e acidente prevenção doença situação vacinal prevenção álcool tabaco e drogar saudar bucal auditivo ocular prevenção covid-19,saúde,19/02/2021 17h30, ,https://www.gov.br/saude/pt-br/assuntos/noticias/ministerio-da-saude-prorroga-prazo-para-adesao-de-municipios-ao-saude-na-escola,1
2047,"País vai ""explodir"" se propostas não forem votadas, diz Maia  ",,o presidente câmara rodrigar maio dem-rj afirmar n segunda-feira o país explodir ano casar haver articulação o votação proposto legislativo cobrança o governar mobilizar base e garantir o aprovação matéria prioritário o recuperação econômica acordar o deputar dever ocorrer sinalização o agendar governar o enfrentamento crise o esquerdo obstruir o pautar motivar e o base outro o presidente câmara enfrentar obstáculo duplo o votação proposto casar entrevisto cnn brasil,política,09/11/2020 19h41 ,Maria Carolina Marcello,https://economia.uol.com.br/noticias/reuters/2020/11/09/pais-vai-explodir-se-propostas-nao-forem-votadas-diz-maia.htm,1
2048,"No Piauí, Bolsonaro sai do protocolo e monta em égua de grupo pró-vaquejada  ",,durante passagem cidade raimundo nonato piauí jair bolsonaro atrair multidão o presidente repúblico sair aeroporto montar o cavalar e rodear seguidor o égua emprestar ruralista o o pedir transformar o vaquejar lei o prático proibir brasil denúncia maus-tratos transformar manifestação cultural nacional lei sancionar bolsonaro proibir lei assegurar fato afirmar josé marcony soar siqueira dono égua entrevisto revisto,política,30/07/2020 22h12 ,30/07/2020 22h12 ,https://noticias.uol.com.br/politica/ultimas-noticias/2020/07/30/no-piaui-bolsonaro-sai-do-protocolo-e-monta-em-egua-de-grupo-pro-vaquejada.htm,1
2049,Infecção de Rodrigo Faro não prova ineficácia da vacina contra a covid-19,,enganoso umar postagem o instagram questionar o eficácia vacinação o covid-19 o o mostrar fotografia apresentador rodrigar farar testar positivar parir o doença umar semana imunizar especialista ouvir pel explicar o proteção completar e ideal ocorrer tornar o semana o dosar,saúde,2021-07-07,Comprova,https://projetocomprova.com.br/publicações/infeccao-de-rodrigo-faro-nao-prova-ineficacia-da-vacina-contra-a-covid-19/,0
2050,"

Governo do Espírito Santo anuncia abono de R$ 2.500 para servidores públicos #boato 
",Boato – Governador Renato Casagrande confirmou abono para servidores estaduais do Espírito Santo. A expectativa é que o benefício seja pago em dezembro.,“ o governar pagar r$ 2.500 abonar servidor estaduais.o anúncio exclusividade colunista sábado governador renato casagrande o expectativa o benefício pagar dezembro casagrande o governar esperar o resultar arrecadação novembro avaliar o possibilidade conceder o abonar o servidor haver incrementar arrecadação icms comparação o o e totalizar bilião real arrecadar o o longo o pagamento benefício recurso extra entrar caixa es o início ano ” …,política,,"
Kyene Becker ",https://www.boatos.org/politica/governo-espirito-santo-anuncia-abono-servidores-publicos.html,0
2051,"

Fenômeno do equinócio nos afetará nos próximos 5 dias (em 2021) e trará calor #boato 
","Boato – Nos próximos cinco dias, em 2021, teremos um forte onda de calor causada pelo fenômeno do equinócio. É por causa dele que há altas temperaturas no Brasil.",atenção o fenômeno equinócio afetará dia permanecer e manter animar casar protegido especialmente o 11h as16h dia o temperatura flutuar e atingir grau celsius causar desidratação e insolação facilmente fenômeno dever o o fato o sol diretamente acima equador ficar hidratar consumir cercar litro líquido dia controlo pressão arterial sofrer insolação tomar banho frio o freqüente reduzir o carnar e aumentar frutar e legume o onda calor piar colocar velar utilizar casar exposto o velar derreter perigoso colocar baldar água sala e sala manter o temperatura o insolação apresentar sintoma indicativo desmaiar gravar e perigoso o falho órgão ativada verificar lábio e olho afundar desidratação divulgar o o elisa ler,ciência,01/02/2021,"
Edgard Matsuki ",https://www.boatos.org/ciencia/fenomeno-equinocio-proximos-5-dias-2021-trara-calor.html,0
2052,frase sobrar libertação escravo pertencer o abolicionista harriet tubman,,parir harriet tubman umar abolicionista norte-americana viver entrar o século xix e x escapar escravidão liderar missão parir libertar escravo e ajudar o exército união durante o guerra civil americano trabalhar comer espião rostir cogitar parir estampar o notar dólar o ano seguinte idear o o temporariamente descartar,entretenimento,16/06/2020,marco faustino,https://www.e-farsas.com/frase-sobre-libertacao-de-escravos-pertence-a-abolicionista-harriet-tubman.html,0
2053,"

Congresso foi invadido por manifestantes em 2019 e a imprensa nada falou #boato 
",Boato – Vídeo mostra momento em que o Congresso foi invadido por manifestantes gritando “chega de corrupção” e “viva Moro”. Isso aconteceu em 16 de outubro de 2019 (16/10/2016).,alguém ouvir falar d o congresso invadir dia 16/10 manifestante gritar “ chegar corrupção ” ” casar ” grito “ vivo morar ” e cantar o hino nacional e o imprensar falar divulguemqual o nome único macho pra invadir o congresso bolsonaristas patriota .. …,política,23/10/2019,"
Edgard Matsuki ",https://www.boatos.org/politica/congresso-invadido-manifestantes-2019.html,0
2054,Empresário que não fez doação oficial indica caixa 2 para Crivella em 2016  ,,"mensagem obtido mp-rj ministério público rir janeiro aplicativo converso celular o empresário rafael alves — pivô supor esquema corrupção qg propinar — o diverso interlocutor o investidor campanha levar marcelo crivella republicano prefeitura rir tse analisar uol mostrar crivella receber doação oficial rafael alves o doleiro sergio mirzahy — relatar o existência qg propinar delação premiar — afirmar o o mp recurso lavar alves campanha crivella entretanto o mp-rj obter provar dinheiro despesa eleitoral e sustentar empregar ilícito o pré-candidato reeleição republicano arrecadar r$ 9,66 milhão campanha negar o empresário doação n ano o legislação eleitoral determinar doação o campanha eleitoral registrar prestação contar entregar justiçar eleitoral repasse feito contabilidade oficial campanha configurar crime caixa",política,18/09/2020 04h00 ,Igor Mello,https://noticias.uol.com.br/politica/ultimas-noticias/2020/09/18/pivo-de-qg-da-propina-se-diz-investidor-mas-nao-doou-para-crivella-em-2016.htm,1
2055,Chanceler da Índia prevê decisão sobre exportações de vacinas em algumas semanas  ,,reuters o índio decidir exportação vacinar o coronavírus semana o ministrar exterior subrahmanyam jaishankar n terça-feira governo exterior buscar aumentar estoque o índio produtor mundial vacinar e medicamento genérico importante centrar fabricação vacinar covid-19 jaishankar conferência reuters next o índio entender o ansiedade governo estrangeiro vacinar chegar s população,saúde,12/01/2021 18h09 ,12/01/2021 18h09 ,https://noticias.uol.com.br/ultimas-noticias/reuters/2021/01/12/reuters-next-chanceler-da-india-preve-decisao-sobre-exportacoes-de-vacinas-em-algumas-semanas.htm,1
2056,Brasil tem mais de 152 mil mortos por Covid-19 e média móvel de 497 óbitos por dia,"País tem 152.513 óbitos registrados e 5.170.996 diagnósticos de Covid-19, segundo levantamento do consórcio de veículos de imprensa. Baixos registros em semana de feriado podem criar sensação enganosa.",o consórcio veículo imprensar divulgar levantamento situação pandemia coronavírus brasil o secretariar estadual saudar consolidar s 20h d quinta-feira o país registrar morte covid-19 horar chegar o o total 152.513 óbito o comedir pandemia o médio móvel morte brasil dia variação -26 o registrar dia o 4º dia seguir o curvo morte indicar tendência quedo dia estabilidade caso confirmar o comedir pandemia 5.170.996 brasileiro o coronavírus 29.498 d confirmar dia o médio móvel caso 20.208 dia variação -25 o caso registrar dia encontra-se faixar quedo,ciência, 15/10/2020 08h03 , Por G1 ,https://g1.globo.com/bemestar/coronavirus/noticia/2020/10/15/casos-e-mortes-por-coronavirus-no-brasil-em-15-de-outubro-segundo-consorcio-de-veiculos-de-imprensa.ghtml,1
2057,É falsa foto de Schwarzenegger com camiseta de apoio a Bolsonaro  ,,umar fotomontagem viralizou o rede voltar o circular n semana tuíte lutador renzo gracie falso mostrar o ator e ex-governador califórnio arnold schwarzenegger fumar charuto umar camiseta vermelho o retratar ilustrar jair bolsonaro e o inscrição bolsonaro presidente comer haver verificar veículo checagem o ano passar o foto original feito pelar x17 agência foto celebridade líder hollywood e publicar pelar daily mail,entretenimento,08/07/2021 17h46 ,08/07/2021 17h46 ,https://noticias.uol.com.br/comprova/ultimas-noticias/2021/07/08/e-falsa-foto-de-schwarzenegger-com-camiseta-de-apoio-a-bolsonaro.htm,0
2058,"Noiva diz que Lula traz esperança ao brasileiro e se declara: ""Te amo""  ",,o sociólogo rosângela silvar janja hoje o ex-presidente luiz inácio lula silvar noivo trazer esperançar o o brasileiro segunda-feira 8) o ministrar stf supremo tribunal federal edson fachin anular condenação imposto o lula 13ª varar federal curitiba âmbito operação lavar jato o decisão tornar lula elegível novamente preciso confirmar plenário stf rede social janja publicar o voz ecou mundo emocionar e trazer esperançar o o coração brasileiro orgulhar dividir vidar amar,política,10/03/2021 23h40 ,10/03/2021 23h40 ,https://noticias.uol.com.br/politica/ultimas-noticias/2021/03/10/noiva-diz-que-lula-traz-esperanca-ao-brasileiro-e-se-declara-te-amo.htm,1
2059,Mourão diz desconhecer plano de controle de ONGs em conselho que preside  ,,o vice-presidente hamilton mourão afirmar hoje desconhecer o proposto o controlo organização governamental ongs atuam amazônia revelar o estadão o planar constar documento elaborar nacional amazônia legal colegiado presidir vice-presidente afirmar tratar o mourão assinar comunicar convocar servidor discutir objetivos incluir o meter relacionar s ongs ler matéria estadão hoje manhã o assunto d o colocar esclarecer situação afirmar o viçar o o chegar o o palácio planalto manhã questionar o criação marcar regulatório o ação ongs outro incluir planar amazônia mourão desconhecer assinar documentar vir tá passar mim mourão encaminhar quarta-feira ofício o ministro pedir o indicação servidor debater d papel o vice-presidência mandar apresentação feito o membro colegiado dia anterior terço e tabelar detalhar objetivos órgão,política,09/11/2020 13h02 ,Emilly Behnke e Mateus Vargas,https://noticias.uol.com.br/meio-ambiente/ultimas-noticias/ag-estado/2020/11/09/mourao-diz-desconhecer-plano-de-controle-de-ongs-em-conselho-que-preside.htm,1
2060,Quem são os agentes do FBI que atuaram na Lava Jato  ,,"São de dois tipos os agentes do FBI que atuaram na Lava Jato em solo brasileiro. Alguns são figuras públicas, dão entrevistas e aparecem cada vez mais frequentemente em eventos elogiando o trabalho da força-tarefa e dando conselhos a corporações sobre como seguir a lei americana. Outros tiveram atuação temporária e são conhecidos por apelidos ou nomes tão comuns que é muito difícil encontrar algo sobre eles em fontes abertas na internet. Essa é uma prática comum nos escritórios do FBI no exterior, para evitar a exposição de agentes que realizam operações secretas ou controversas em território estrangeiro. Hoje, a agência mantém escritórios em embaixadas de 63 países e sub-escritórios em 27. Em 2011, o FBI empregava 289 agentes e pessoal de apoio nesses escritórios no exterior. Embora as duas maiores investigações de casos de corrupção originados na Lava Jato pelo Departamento de Justiça (DOJ) americano já tenham terminado, com os acordos bilionários da Odebrecht e Petrobras, o FBI ainda tem muito a fazer para investigar corrupção no Brasil, nas palavras do atual chefe do FBI no país, David Brassanini, em palestra no 7º Congresso Internacional de Compliance, em maio de 2019, em São Paulo. A cooperação foi descrita como ""fluida, sem problemas e transparente"", pois seus agentes já tinham familiaridade com a cultura e a sociedade brasileiras. ""A habilidade de desenvolver e entender as peculiaridades locais é grande. Não só a questão da língua, mas em entender realmente como o Brasil funciona, entender as nuances"", afirmou. Brassanini relatou também, no mesmo evento, que agentes do FBI vêm a São Paulo ""toda semana para tratar de diferentes casos que envolvem FCPA e lavagem de dinheiro"". Com base em documentos da Vaza Jato entregues ao The Intercept Brasil e apuração em fontes abertas, a Agência Pública localizou 12 nomes de agentes do FBI que investigaram os casos da Lava Jato lado a lado com a PF e a Força-Tarefa, além da agente Leslie Backschies, que hoje comanda o esquadrão de corrupção internacional do FBI. E descobriu que essas investigações viraram símbolo de parceria bem sucedida e levaram à promoção diversos agentes americanos. Segundo um ex-promotor do Departamento de Justiça americano contou à Pública, a presença de agentes do FBI no Brasil foi fundamental para o governo americano concluir suas investigações sobre corrupção de empresas brasileiras.",política,02/07/2020 09h58 ,Natalia Viana e Rafael Neves,https://noticias.uol.com.br/ultimas-noticias/agencia-publica/2020/07/02/quem-sao-os-agentes-do-fbi-que-atuaram-na-lava-jato.htm,1
2061,"É #FAKE que Bolsonaro xingou apoiadores em reunião ministerial e disse que, se precisar, é só pedir para eles balançarem uma bandeira na frente do Planalto",Presidente não criticou seus seguidores em nenhum momento do encontro. Vídeo da reunião foi divulgado na sexta-feira (22). Nenhuma frase similar foi dita por Bolsonaro publicamente.,circular mensagem rede social afirmar o presidente jair bolsonaro xingar apoiadores durante o reunião ministerial dia abril e precisar pedir balançar bandeiro frente palácio planalto versão mensagem mostrar foto presidente e o seguinte frase precisar pedir bostar bandeiro e balançar frente palácio o texto acompanhar o imagem o frase durante o reunião ministerial haver versão o xingamento porcaria o presidente xingar seguidor nenhum reunião íntegro transcrição vídeo divulgar sexta-feira bolsonaro falir bostar referir o apoiadores porcaria presidente seguidor,política, 26/05/2020," Por Clara Velasco, G1 ",https://g1.globo.com/fato-ou-fake/noticia/2020/05/26/e-fake-que-bolsonaro-xingou-apoiadores-em-reuniao-ministerial-e-disse-que-se-precisar-e-so-pedir-para-eles-balancarem-uma-bandeira-na-frente-do-planalto.ghtml,0
2062,"

Igreja Quadrangular do Triângulo Redondo foi fundada no Brasil #boato 
",Boato – Fundaram mais uma igreja evangélica no Brasil. Ela se chama Igreja Quadrangular do Triângulo Redondo e foi até fotografada.,gostar o nome d igreja “ quadrangular triângulo redondo ” – ê “ sui generis ” estágio estocar o ventar saudar o mandioca ai aquisição dilma quadrangular triângulo redondo e retangular ficar cérebro kkkk taí dilma fundar igreja … quadrangular triangulo redondo,entretenimento,,"
Edgard Matsuki ",https://www.boatos.org/religiao/igreja-quadrangular-triangulo-redondo-fundada-brasil.html,0
2063,É #FAKE que Guga Chacra disse ter nojo do Brasil,"Versão editada do comentário do jornalista circula nas redes sociais. Chacra, na realidade, disse ter asco da fala de Paulo Guedes sobre Brigitte Macron.","circular rede social o afirmação o jornalista guga chacra comentarista globonews e colunista jornal o globo nojo brasil único vídeo versão editar comentário chacra chegar o visualização e 6,4 compartilhamentos facebook foto publicar página levantar brasil replicar publicação e whatsapp 1,4 compartilhamentos link original o história fake comentário original compartilhar jornalista perfil twitter chacra criticar o ministrar paulo guedes insultar o primeira-dama frança brigitte macron palestrar empresário fortalezar quinta-feira guedes endossar o declaração bolsonaro brigitte feio e o presidente haver mentir vídeo guga afirmar nojo comentário guedes brasil olhar marcelo nojo asco declaração ministrar fazenda brasil paulo guedes patético errar brincadeira ofenso insultar totalmente infeliz reclamar pessoa o mídia ficar comentar ... declaração ofender o bachelet ofender o brigitte macron o ganhar questionar",mundo, 12/09/2019," Por Hellen Guimarães e Gisele Barros, O Globo ",https://g1.globo.com/fato-ou-fake/noticia/2019/09/12/e-fake-que-guga-chacra-disse-ter-nojo-do-brasil.ghtml,0
2064,Alguns Estados dos EUA miram reabertura econômica; Nova York exige uso de máscaras  ,,norte-americanos reabrir economia atingir coronavírus o protesto apoiadores presidente donald trump ávido voltar o o trabalhar o york o atingir país começar o exigir o máscara público conter o propagação patógeno sábado marcar o semana milhão norte-americanos ficar pagamento milhão solicitar benefício desempregar semana o o fechamento empresar e escola e severo restrição viagem conter o vírus altamente contagioso atingir o economia eua empresar walmart e amazon.com contratar norte-americanos viver taxar infecção ficar inquieto restrição levar o protesto n semana simpatizante trump minnesota michigan e virgínia incluir ohio michigan texas e flórido pretender reabrir economia 1º maio,saúde,18/04/2020 13h29 ,Bill Berkrot,https://noticias.uol.com.br/ultimas-noticias/reuters/2020/04/18/alguns-estados-dos-eua-miram-reabertura-economica-nova-york-exige-uso-de-mascaras.htm,1
2065,Relator Edson Fachin vota no STF pela validade do inquérito das fake news; julgamento é suspenso,"Ministros julgam pedido do partido Rede, que questionou o inquérito no ano passado, mas no último dia 29 quis retirar a ação. Fachin recusou o pedido e remeteu o caso para o plenário.",o ministrar edson fachin votar n quarta-feira o validade chamar inquérito fake news investigar ameaçar o ministro supremo tribunal federal stf e o disseminação conteúdo falsar internet o votar fachin relator casar o julgamento suspenso e retomar o inquérito instaurar ano passar pedir procuradoria repúblico – o presidente stf dia toffoli abrir o investigação ofício e nomear o ministrar alexandre moraes relator o investigação questionar ação movido redar sustentabilidade ocasião o argumentar o inquérito instaurar alvo determinar e suspeito “ servidor receitar investigar pessoa politicamente exposto e congressista ” dia o redar querer desistir ação e pedir o extinção processar o argumentar haver “ espécie escalar autoritário mandatário ” o passar o justificar o manutenção inquérito o o investigação evidenciar o fake news e mostrar principal instrumento democracia o ministrar edson fachin negar o pedir o decisão fachin remeter o casar o o plenário supremo e o julgamento n,política, 10/06/2020 19h55 ," Por Rosanne D'Agostino, G1 — Brasília ",https://g1.globo.com/politica/noticia/2020/06/10/relator-edson-fachin-vota-no-stf-pela-validade-de-inquerito-das-fake-news-julgamento-e-suspenso.ghtml,1
2066,"

Índios confirmam que esquerda e ONGs estão botando fogo na Amazônia #boato 
",Boato – Vídeo mostra índia da Amazônia denunciando que baderneiros esquerdistas e ONGs estão colocando fogo de propósito para prejudicar Bolsonaro.,urgente índio confirmar o esquerdo bandido e ongs botar fogo amazônia haver forte evidência certo queimar amazônia criminoso e causar ongs unir extremo esquerdo represar posturar corretar bolsonaro máfia ambientar e maracutaias envolver o repassar dinheiro ongs picareta e movimento e esquerdo o esquerdo radical optar terrorismo escurraçados verme vagabundo passar limite clima s0e compartilhar o pessoa precisar denunciar canalha vermelho desarticular o governar bolsonaro,política,23/08/2019,"
Edgard Matsuki ",https://www.boatos.org/politica/indios-confirmam-que-esquerda-e-ongs-estao-botando-fogo-na-amazonia-boato.html,0
2067,"

Bebê nasce com rabo na cidade de Santarém (Pará), mostra foto #boato 
","Boato – Na internet, imagens mostram caso incrível de bebê que nasceu com um rabo em hospital público de Santarém (PA).",sinistrar criança_nasce_com_rabo criança sexo masculino informação nascer hospital público cidade santarém parar rabo médico enfermeiro e pai chocar o anomalia,brasil,19/11/2019,"
Kyene Becker ",https://www.boatos.org/brasil/bebe-nasce-rabo-santarem-para-foto.html,0
2068,"
  Neste vídeo a polícia recupera pacotes perdidos, não votos descartados das eleições nos EUA","Uma gravação que mostra policiais recolhendo grandes sacolas foi compartilhada mais de 22 mil vezes nas redes sociais desde o último dia 7 de novembro junto com a afirmação de que seriam cédulas de votação das presidenciais norte-americanas de 3 de novembro. Mas isto é falso: os pacotes encontrados são pedidos extraviados da Amazon, não cédulas para votação, de acordo com informações da empresa e da polícia.Envie-nos por WhatsApp Email","“ joe biden eleito cair supremo cortar fraudar fraude comedir aparecer ” e “ eua cédula voto continuar encontrar descartar ” indicar legendar postagens acompanhar o vídeo facebook visualizar 386,5 o sequência mostrar policiar retirar sacola transparente vegetação focar pequeno pacote e envelope azul e branco imagem circular instagram e twitter encontrar idioma alemão espanhol e francês",política,18/11/2020 às 20:46,"Max Biederbeck, Louis Baudoin-Laarman, AFP Alemanha, AFP Estados Unidos",https://checamos.afp.com//neste-video-policia-recupera-pacotes-perdidos-nao-votos-descartados-das-eleicoes-nos-eua,0
2069,É #FAKE que vacina da Pfizer terá chip da Microsoft para prevenir efeitos colaterais,"Pfizer afirma que é falsa a informação de que houve atualização na formulação da vacina com a implantação de um chip da Microsoft. Anvisa concedeu registro definitivo para a vacina, com análise detalhada da eficácia e segurança.",circular rede social mensagem o pfizer anunciar o atualização vacinar covid-19 e incluir chip microsoft reduzir sintoma noto o pfizer desmentir o mensagem falso s informação circular rede social e aplicativo mensagem o vacinar comirnaty o covid-19 produzir pfizer e biontech esclarecer falso o informação haver atualização formulação vacinar o implantação chip microsoft produto o farmacêutico destacar o frase viralizado utilizar veículo publicar sátira e ironia e utilizar rede social e aplicativo descontextualizado,saúde, 14/05/2021," Por Roney Domingos, G1 ",https://g1.globo.com/fato-ou-fake/coronavirus/noticia/2021/05/14/e-fake-que-vacina-da-pfizer-tera-chip-da-microsoft-para-prevenir-efeitos-colaterais.ghtml,0
2070,"

Caminhoneiros estão indo de São Paulo a Brasília para destituir os três poderes #boato 
","Boato – Às vésperas da manifestação a favor de Bolsonaro, caminhoneiros estão “quebrando o pau em São Paulo” e indo para Brasília destituir os três poderes e começar a intervenção militar.",o pau quebrar paulo mostrar o mandar brasil e político mero representante(pessoas filmar olhar mãe olhar filhar liderança capital interlocutor unatrans representar o caminhoneiro brasileiro transportador rodoviário carga brio sangue parar paulo e parar o brasil e brasília pra destituir corrupto chegar intervenção militar o cansar sustentar corrupto chegar pedir empregar procurar empregar patriota,brasil,24/05/2019,"
Edgard Matsuki ",https://www.boatos.org/brasil/caminhoneiros-indo-sao-paulo-brasilia.html,0
2071,"

Lula defende Moro e diz que ex-juiz sempre lutou contra corrupção e colocou bandidos na cadeia #boato 
","Boato – O ex-presidente Luiz Inácio Lula da Silva disse que o ex-ministro Sérgio Moro é um homem decente, que sempre lutou contra corrupção e colocou bandidos na cadeia.",lula defender o ex-ministro morar lula acabar sair defeso morar “ homem corretar descente lutar o corrupção e colocar bandido cadeia ” luís inácio lula silvar,política,,"
Edgard Matsuki ",https://www.boatos.org/politica/lula-defende-moro-diz-ex-juiz-sempre-lutou-contra-corrupcao-colocou-bandidos-cadeia.html,0
2072,"Troca de ministros afeta todo o sistema de saúde, afirma secretário de SP  ",,"o ministério saudar passar trocar comandar durante o pandemia coronavírus o secretário municipal saudar paulo edson aparecer o instabilidade pastar afeta o combater pandemia país titular ministério d o início governar jair bolsonaro janeiro luiz henrique mandetta deixar o função abril o sucessor nelson teich demitir maio atualmente eduardo pazuello o ministrar interino saudar participação uol entrevisto edson aparecer afirmar o sequência trocar afeta o sus esperar o sus reconhecer finalmente atender 7,5 milhão pessoa o quadrar brasil estarrecedor afirmar",saúde,19/05/2020 18h40 ,19/05/2020 18h40 ,https://noticias.uol.com.br/saude/ultimas-noticias/redacao/2020/05/19/troca-de-ministros-afeta-todo-o-sistema-de-saude-afirma-secretario-de-sp.htm,1
2073,"Mulher atirando em vídeo não é Greta Thunberg, mas engenheira sueca  ",,o vídeo mulher atirar fuzil prático esportivo compartilhar mostrar o ativista sueco gretar thunberg apesar semelhança o gravação verdade mostrar mulher chamar emmy suécio e confirmar o o o pessoa aparecer vídeo.emmy compartilhar o gravação contar twitter dia dezembro publicar vídeo ocasião filmar outro ângulo ficar claro diferençar o gretar comentário chegar o brincar o semelhança o ativista sueco,entretenimento,11/12/2019 14h50 ,"Do UOL, em São Paulo",https://noticias.uol.com.br/comprova/ultimas-noticias/2019/12/11/mulher-atirando-em-video-nao-e-greta-thunberg-mas-engenheira-sueca.htm,0
2074,Brasil bate marca de 6 milhões de casos registrados de Covid-19,"País tem 168.662 óbitos e 6.017.605 diagnósticos pela Covid-19, segundo balanço do consórcio de veículos de imprensa. São 544 mortes por dia, aponta média móvel; 12 estados apresentam alta na média móvel de mortes.",o consórcio veículo imprensar divulgar levantamento situação pandemia coronavírus brasil o secretariar estadual saudar consolidar s 20h d sexta-feira o país registrar morte covid-19 horar chegar o o total 168.662 óbito o comedir pandemia o médio móvel morte brasil dia o variação +60 comparação médio dia indicar tendência alto morte covid o tendência alto registrar o dia maio caso confirmar o comedir pandemia 6.017.605 brasileiro o coronavírus 34.516 d confirmar dia o médio móvel dia 29.415 diagnóstico dia variação +74 o caso registrar semana apresentar alto médio móvel morte pr rs sc es mg rj sp go ap rr to e ce,ciência, 20/11/2020 08h00 , Por G1 ,https://g1.globo.com/bemestar/coronavirus/noticia/2020/11/20/casos-e-mortes-por-coronavirus-no-brasil-em-20-de-novembro-segundo-consorcio-de-veiculos-de-imprensa.ghtml,1
2075,"

Uso prolongado de máscaras de proteção causa hipóxia (baixa oxigenação) #boato 
",Boato – Usar máscaras de proteção por tempo prolongado causa intoxicação por dióxido de carbono que leva à baixa oxigenação (hipóxia). ,“ o prolongar máscara produzir hipóxia respirar repetidamente o ar expirar transformar dióxido carbono e sentir tonto intoxicar o usuário e mover realizar ações deslocamento causar desconfortar perda reflexo e pensamento consciente gerar fadigar d o deficiência oxigênio causar quebrar glicose e aumentar ácido lático ameaçar pessoa dirigir o carro o máscara o perigoso o ar viciar o motorista perder o consciência.é recomendável usá-lo alguém frente e importante lembrar levantá-lo o minuto continuar sentir saudável contraproducente pessoa servir o público horar intoxicar vidar importante ” prevenção levar o outro problema … o máscara conscientemente ” dr eduardo e herrera ”,saúde,06/05/2020,"
Kyene Becker ",https://www.boatos.org/saude/uso-prolongado-mascaras-protecao-causa-hipoxia.html,0
2076,"
  A Pfizer não anunciou acordo com a Microsoft: é uma sátira o artigo sobre chip na vacina de covid",Publicações que asseguram que a farmacêutica Pfizer anunciou uma nova versão de sua vacina contra a covid-19 que incluirá um “chip da Microsoft” para redução de sintomas foram compartilhadas centenas de vezes em redes sociais desde meados de abril. Isso é falso: a alegação surgiu em um site satírico. Uma análise de comunicados da Pfizer e da Microsoft mostra que nenhuma das duas empresas anunciou uma “atualização” como essa em qualquer vacina contra o novo coronavírus.Envie-nos por WhatsApp Email,“ o pfizer admitir o ‘ levar ’ vacinar contar microchips microsoft acordar o admitir existir nanar tecnologia similar o microchip vacinar ” publicação compartilhar o o abril facebook e twitter postagens acompanhar capturar tela artigo publicar abril site value walk link o matéria intitular “ pfizer anunciar atualização vacinar covid-19 incluir chip microsoft redução sintoma ” o artigo assegurar o pfizer divulgar comunicar informar haver “ fechar acordar o microsoft integrar chip processamento pluton reduzir sintoma associar vacinar ”,brasil,17/05/2021 às 21:28,"Taylor Thompson Fuller, AFP Nova Zelândia e Ilhas do Pacífico",https://checamos.afp.com//pfizer-nao-anunciou-acordo-com-microsoft-e-uma-satira-o-artigo-sobre-chip-na-vacina-de-covid,0
2077,Foto publicada há 6 anos é postada como se fosse de ato pró-voto impresso  ,,umar foto praia copacabana o rir publicar compartilhar apoiadores presidente jair bolsonaro o facebook comer atos o votar impresso realizar 1º posts o informação falso — compartilhar pelar 7.500 vezar — copacabana/01/08/2021 o post o entanto o uol conferir encontrar registro compartilhamento foto agostar e n datar copacabana locar receber protesto o impeachment presidente dilma rousseff pt,política,02/08/2021 16h52 ,Bernardo Barbosa,https://noticias.uol.com.br/confere/ultimas-noticias/2021/08/02/foto-de-2015-e-compartilhada-como-se-fosse-de-ato-pro-voto-impresso.htm,0
2078,"

Quem trabalhou entre 2002 e 2018 tem direito a abono de R$ 980 em site #boato 
","Boato – O Jornal da Globo anunciou que quem trabalhou entre 2002 e 2018 tem direito a um abono de R$ 980. Para saber se o nome está na lista, é preciso acessar um site no WhatsApp.","abonar acabar anunciar jornal globo trabalhar o carteiro assinar direito o abonar 980,00 real sacar 30/05/2019 perder abonar o reformar previdência conferir vc direito o o sacar",entretenimento,26/05/2019,"
Edgard Matsuki ",https://www.boatos.org/tecnologia/quem-trabalhou-2002-e-2018-abono-r-980.html,0
2079,Foto mostra Eduardo Pazuello fazendo espacate na frente de Bolsonaro! Será verdade?,,o imagem começar o espalhar compartilhamentos rede social quinzena junho e mostrar militar espacate frente colega e presidente jair bolsonaro,entretenimento,19/06/2021,Gilmar Lopes,https://www.e-farsas.com/foto-mostra-eduardo-pazuello-fazendo-espacate-na-frente-de-bolsonaro-sera-verdade.html,0
2080,"Governo federal fica em penúltimo lugar em ranking de transparência em contratações emergenciais durante pandemia, atrás de estados e prefeituras"," Em sua terceira edição, levantamento da Transparência Internacional inclui pela primeira vez o governo federal, que só ficou na frente do governo de Roraima. Estudo, que inclui todos os estados e capitais, verifica como as informações dos contratos feitos para combater a Covid-19 são divulgadas.","o governar federal o transparentar divulgação contrato emergenciais feito durante o pandemia covid-19 mostrar ranking inédito divulgar n sexta-feira transparência internacional o governar federal negar haver informação acessibilidade diferente publicar o ferramenta permitir o acompanhamento contratação individuar organização sociedade civil jornalista e órgão controlo afirmar noto o íntegro reportagem o o governar federal avaliar levantamento edição e incluir governo estadual e prefeitura capitar estudar o governar registrar 49,3 o noto considerar regular ficar acima roraima 40,51 o ong o motivar mau desempenhar o detalhamento contratação emergenciais e o fato espalhar portar diferente",saúde, 31/07/2020 04h01 , Por G1 ,https://g1.globo.com/bemestar/coronavirus/noticia/2020/07/31/governo-federal-fica-em-penultimo-lugar-em-ranking-de-transparencia-em-contratacoes-emergenciais-durante-pandemia-atras-de-estados-e-prefeituras.ghtml,1
2081,Hospitais dos EUA usam músicas para suavizar tempos sombrios de pandemia  ,,o medicamentar poderoso levantar o moral profissional saudar região york epicentro crise coronavírus unir o músico infusão diário músico animador o clássico beatles here comer the sun o o temer filmar rocky tocar hospital estimular enfermeiro médico e equipar cercar 545.000 pessoa diagnosticar covid-19 unir domingo e cercar 21.600 morrer doença altamente contagioso voltar 16h30 dosar diário call on cantor pop australiano starley fortalecer o equipar hospital mount sinai cidade york aplaudir paciente receber alto,saúde,13/04/2020 15h33 ,Barbara Goldberg,https://noticias.uol.com.br/ultimas-noticias/reuters/2020/04/13/hospitais-dos-eua-usam-musicas-para-suavizar-tempos-sombrios-de-pandemia.htm,1
2082,"'Tapa na cara de todas as mulheres', diz Isa Penna sobre punição a deputado por assédio",,assediar plenário assembleia legislativo paulo alesp fernando cury cidadania dezembro o deputar isa penna afirmar o decisão ético abrandar o punição colega denunciar importunação sexual tapar caro mulher n sexta-feira colegiado optar reduzir o suspensão cury o relator processar emídio souza pt haver sugerir suspender fernando cury e cortar o verba gabinete durante o período o sugestão wellington mouro afastar o deputar dia e manter o subsídio escritório acabar prevalecer o votar membro colegiado penna esperar o casar plenário preciso simples deputar estadual o punição confirmar mulher casar — espectro político opor o o e crítico ferrenho ler o íntegro entrevisto exclusivo assinante,brasil, Publicado em  05/03/21 15:40 ,Guilherme Caetano,https://extra.globo.com/noticias/brasil/tapa-na-cara-de-todas-as-mulheres-diz-isa-penna-sobre-punicao-deputado-por-assedio-24911686.html,1
2083,"

Bolsonaro acaba anunciar sua renúncia por não aguentar crise do coronavírus #boato 
",Boato – O presidente Jair Bolsonaro acabou de anunciar sua renúncia no Palácio do Planalto. Ele alegou que não aguentou a pressão imposta devido a crise do coronavírus.,urgente bolsonaro acabar anunciar palácio planalto acompanhar ministrar economia paulo guedes renúncia o o cargo presidente repúblico aguentar o pressão imposto dever o crise coronavírus,política,01/04/2020,"
Edgard Matsuki ",https://www.boatos.org/politica/bolsonaro-acaba-anunciar-sua-renuncia-crise-coronavirus.html,0
2084,"
  As camisas usadas por Platini e Maradona continham uma mensagem contra as drogas","Uma foto do ex-jogador de futebol e ex-presidente da UEFA Michel Platini junto com Pelé e Maradona circula nas redes sociais ao menos desde julho de 2020. Publicações que somam mais de 77 mil compartilhamentos asseguram que a camisa usada por Platini tinha uma mensagem contra a corrupção, mas, na verdade, se tratava de uma frase contra as drogas.Envie-nos por WhatsApp Email",“ maradona camisa escrever ‘ drogar ’ e platini ‘ o corrupção ’ ano maradona overdose e platini presar corrupção ” assinalar legendar postagens registro encontrar julho voltar o amplamente compartilhar facebook o falecimento maradonano dia novembro decorrência parar cardiorrespiratória o fotografia acompanhar d alegação encontrar notwitter idioma espanhol francês e inglês versão complementar o legendar falar o astro brasileiro futebol “ e o pelé o pelé camiseta mensagem encerramento carreira profissional o mundo dever cuidar criança ano reconhecer filho legítimo o humanar decepção ”,brasil,2/12/2020 às 16:35,Ange Kasongo,https://checamos.afp.com//camisas-usadas-por-platini-e-maradona-continham-uma-mensagem-contra-drogas,0
2085,É #FAKE que fotos mostrem Joe Biden assediando crianças,"Uma das fotos é do presidente eleito dos Estados Unidos consolando o neto no enterro de seu filho que morreu de câncer, e na outra não é ele quem aparece na imagem.",circular rede social montagem joe biden beijar criança acompanhar texto acusar o presidente recém-eleito eua pedófilo o imagem fato joe biden o foto tirar contexto biden consolar neto enterrar filhar beau biden morrer câncer cérebro maio foto o homem aparecer sequer joe biden o presidente mexicano andrés manuel lópez obrador o registrar durante atar campanha eleitoral n ano o imagem original biden o neto encontrar o buscar reverso montagem falso o foto tirar fotógrafo associated press o cena lópez obrador beijar criança rostir atar campanha frame vídeo publicar perfil twitter março d ano,mundo, 13/11/2020," Por Isabela Aleixo, O Globo ",https://g1.globo.com/fato-ou-fake/noticia/2020/11/13/e-fake-que-fotos-mostrem-joe-biden-assediando-criancas.ghtml,0
2086,Ex-secretária da Saúde: 'polarização esdrúxula' afasta bons profissionais  ,,o infectologista luana araújo afirmar hoje depoimento cpi covid dificuldade montar equipar escolhido ministrar saudar marcelo queiroga o cargo secretário enfrentamento covid-19 desligar dia justificativo concreto o médico relatar receber ameaçar o integridade profissional infelizmente o acontecer polarização esdrúxulo politização incabível melhorar cabeça n disposição trabalhar n secretariar procurar e ministério luana araújo,política,02/06/2021 10h50Atualizada em 02/06/2021 15h37 ,Andréia Martins e Hanrrikson de Andrade*,https://noticias.uol.com.br/politica/ultimas-noticias/2021/06/02/ex-secretaria-da-saude-polarizacao-esdruxula-afasta-bons-profissionais.htm,1
2087,"

Rádio Band soltou bomba sobre Washington Post, Doria e China #boato 
","Boato – Áudio mostra “bomba” solta pela Rádio Band: uma matéria do Washington Post, Doria e China que a imprensa brasileira escondeu.",… denúncia grave washington post falir citar nominalmente o governador joão doria citar nominalmente financiador milhão dólar mandar o chino amigar o coronavírus parágrafo falir o sinovac o vacinar sinovac tátátá oficialmente brasil e indonésio nação populoso o brasil américa latino e o indonésio áfrico ásia sul ásia o aprovação d vacinar semana e citar brasil o governador paulo joão doria pedir e patrocinar teste vacinar e tátátá resumir o chino vacinar o chino desenvolver vacinar o laboratório cansino parceria o instituto pesquisar militar o vacinar chinês o vacinar avaliar governar chinês o vacinar moderno e o vacinar pfizer biontech vacinar chinês avaliar o vacinar coronavac sequer avaliar chino e repetir o laboratório sinovac seríssimos problema e proibir operar chino o ilhar cayman amigar escancarar querer acesse o página jornal washington post o datar dia 04/12 d ano o matéria completar …,política,01/01/2021,"
Edgard Matsuki ",https://www.boatos.org/politica/radio-band-soltou-bomba-washington-post-doria-china.html,0
2088,"

Governo da Alemanha envia cobrança de 130 bilhões de libras para a China #boato 
","Boato – A chanceler da Alemanha, Angela Merkel, envia cobrança de 130 bilhões de libras à China por danos provocados pelo coronavírus. ",alemanha enviar cobrança bilião librar chino dano causar coronavírus .sentindo cheirar guerra – alemanha enviar cobrança bilião librar chino dano causar coronavírus o alemanha provocar indignação chino jornal reunir fatura bilião librar pequim “ ” berlim o impactar pandemia coronavírus o alemanha seguir o frança o reinar unir e eua direcionamento descontentamento o coronavírus chino o vírus originar ataque recente ocorrer o descobrir pequim encobrir o verdadeiro escalar crise o fonte surtir permanecer mistério …,mundo,,"
Carol Lira ",https://www.boatos.org/mundo/governo-alemanha-cobranca-china.html,0
2089,É #FAKE que foto mostra estudantes nus fazendo manifestação dentro de universidade,"Imagem é, na verdade, de protesto na Rio+20, evento sobre desenvolvimento sustentável, em junho de 2012. Público do protesto era variado, e ato foi pacífico.",circular rede social e aplicativo mensagem foto mostrar pessoa pelar o cabeça cobrir atar o texto acompanhar o foto ensinar faculdade federar melhor cortar verba educativo o foto tirar contexto atual e mostrar estudante universidade o registrar fotógrafo pedrar kirilos agência o globo junho centrar rir época o alvo manifestação o conferência nação unir desenvolvimento sustentável o rio+20 o atar reunir cercar pessoa estimativo polícia militar reportagem g1 publicar n dia afirmar o protestar pacífico e participação variar ativistas ambientar e índio o reportagem g1 mostrar o foto viralizou o mensagem falso,entretenimento, 20/05/2019, Por G1 ,https://g1.globo.com/fato-ou-fake/noticia/2019/05/20/e-fake-que-foto-mostra-estudantes-nus-em-universidade.ghtml,0
2090,"‘Enquanto eu for presidente, só Deus me tira daqui’, diz Bolsonaro",,quedo popularidade e o inúmero pedir abertura comissão parlamentar inquérito apurar o atuação governar combater covid-19 o presidente jair bolsonaro n domingo “ deus ” o tirar cargo o declaração pequeno multidão aglomerar frente o o palácio alvorar homenagear aniversário bolsonaro ano idade n domingo — presidente deus tirar d — afirmar o presidente o o contrário ocorrer diverso aparição público presidente bolsonaro o o encontrar apoiadores máscara durante discursar o presidente menção o “ tirano ” tolher o direito e o referir semana passar o governar federal ingressar ação supremo tribunal federal stf reverter toque recolher imposto governo bahia rir sul e distrito federal — alguém achar dia abrir mão liberdade enganar tiranete tirano tolher o liberdade o exército o verde-oliva e o — afirmar bolsonaro bolsonaro insinuar “ esticar o cordo ” apoiadores contar forçar armar — contar forçar armar democracia e liberdade esticar o cordo e o constituição o democracia e o direito e — o presidente outro discursar bolsonaro defender atuação combater covid-19 — o combater o o vírus comprar vacinar o ano passar o projeto social mundo o auxílio emergencial o precisar e atender o pedir pra mim trabalhar o discursar acontecer semana seguinte divulgação pesquisar realizar instituto datafolha revelar população rejeitar o condução epidemiar covid-19 feito bolsonaro pesquisar realizar janeiro indicar percentual o margem errar percentual d haver diverso pedir o instauração cpi investigar o atuação governar combater epidemiar entretanto o presidente senado rodrigar pacheco dem-mg e o presidente câmara deputar arthur lira pp-al indicação acatar pedir,brasil, Publicado em  21/03/21 17:13 ,Leandro Prazeres,https://extra.globo.com/noticias/brasil/enquanto-eu-for-presidente-so-deus-me-tira-daqui-diz-bolsonaro-24935185.html,1
2091,"Álcool em gel, luvas e máscaras são roubados de posto de saúde em Goiânia  ",,postar saudar goiânia bairro conjuntar vero cruz invadir madrugar domingo o secretariar municipal saudar criminoso arrombar portar postar e levar litro álcool gel caixa máscara e luva artigo procurar durante o pandemia coronavírus medicamento funcionário perceber o roubar o o chegar trabalhar manhã haver vítima insumo levar impressor micro-ondas botijão gás e chave portar o direção unidade saudar registrar boletim ocorrência o ninguém presar e haver nenhum suspeitar ano passar o assaltar existir câmera monitoramento e sensor alarmar providenciar chegar equipamento datar funcionário preferir identificar,saúde,17/03/2020 21h03 ,Bruna Alves,https://noticias.uol.com.br/saude/ultimas-noticias/redacao/2020/03/17/alcool-em-gel-luvas-e-mascaras-sao-roubadas-de-posto-de-saude-em-goiania.htm,1
2092,EUA registram 1.813 mortes causadas pelo coronavírus em 24 horas  ,,o morte causar coronavírus horar unir subir 1.813 hoje o cifrar registrar 1.894 o elevar o total vítima fatal país o 84.059 informação calcular e publicar universidade johns hopkins o país o afetado mundo morte e caso covid-19 e registrar 1.389.935 infectar acordar o centrar baltimore membro família morream decorrência covid-19 unir intervalar dia,saúde,13/05/2020 22h12 ,13/05/2020 22h12 ,https://noticias.uol.com.br/ultimas-noticias/afp/2020/05/13/eua-registra-1813-mortes-por-coronavirus-em-24-horas.htm,1
2093,EUA confirmam primeiro caso de transmissão interna do coronavírus no país,"De acordo com o CDC, trata-se de uma pessoa que conviveu com uma mulher de Chicago que tinha viajado para Wuhan, na província de Hubei, na China.",o centrar controlo e prevenção doença cdc unir confirmar n quinta-feira o país registrar o casar transmissão interno coronavírus acordar o cdc trata-se pessoa conviver mulher chicago viajar wuhan província hubei chino o morte e pessoa infectar n região epicentro surtir o casar registrar eua o mundo terça-feira autoridade japonesar informar identificar o contágio paciente chino homem ano motorista ônibus e transportar viajante wuhan e janeiro n semana o alemanha identificar casar transmissão interno o paciente infectar contato colega chinês visitar o país,ciência, 30/01/2020 14h52 , Por G1 ,https://g1.globo.com/ciencia-e-saude/noticia/2020/01/30/eua-confirmam-primeiro-caso-de-transmissao-interna-do-coronavirus-no-pais.ghtml,1
2094,Auxílio emergencial vai continuar e Bolsa Família vai aumentar?  ,,o governar anunciar coletiva imprensar o prorrogação pagamento auxílio emergencial parcelar r$ d avisar o o término pagamento d benefício anunciar programar estender o bolsar família tornando-o amplo e pessoa atendido e mencionar o criação impor render negativar o césar esperandio economista econoweek o tradução economia e n artigo vídeo acima responder o perguntar o o viver o temer traduzir novidade o equipar ministério economia defender recentemente parcelar r$ r$ e r$ o congresso defender parcelar adicionar r$ o pagar parcelar benefício parcelar auxílio emergencial decidir decretar agilizar trâmite burocrático e pagamento aguardar processar votação congresso câmara deputar e senado,política,30/06/2020 18h03 ,30/06/2020 18h03 ,https://economia.uol.com.br/colunas/econoweek/2020/06/30/auxilio-emergencial-vai-continuar-e-bolsa-familia-vai-aumentar.htm,1
2095,"
  Uma comparação de fotos de avenidas lotadas não mostra manifestações na Paulista em 1964 e 2021","Duas imagens aéreas de grandes avenidas totalmente tomadas por manifestantes foram amplamente compartilhadas em redes sociais em março deste ano com legendas que garantem que os dois registros foram feitos na Avenida Paulista, em São Paulo: um em 1964 e, o outro, em 2021. Isso é falso. A imagem colorida foi feita em 2015, em um protesto contra a então presidente Dilma Rousseff (PT). Já a foto em sépia realmente data do ano de início da ditadura militar brasileira, mas foi registrada no Rio de Janeiro.Envie-nos por WhatsApp Email",“ avenida paulista avenida paulista ” o legendar acompanhar imagem publicação compartilhar facebook e twitter o dia março o conteúdo começar o circular dia simpatizante presidente jair bolsonaro manifestar diverso país avenida paulista pedir o medir restritivo adotadas governo locar conter o propagação covid-19 o imagem colorir publicação viralizadas feito n contexto,brasil,18/03/2021 às 20:44,AFP Brasil,https://checamos.afp.com//uma-comparacao-de-fotos-de-avenidas-lotadas-nao-mostra-manifestacoes-na-paulista-em-1964-e-2021,0
2096,É #FAKE print do Twitter em que Carlos Bolsonaro fala em roubar ,Imagem com tuíte falso é de conta que imita a conta oficial de Carlos Bolsonaro.,"circular rede social o print post vereador carlos bolsonaro lembrem-se o pt roubar dia roubar ano e dia pra alguém reclamar o imagem fake o post usuário utilizar o nome carlos bolsonardo r sílaba sobrenome e o contar verificar twitter o contar vereador verificar o postagem alcançar curtir 4,6 retuítes e provocar polêmica seguidor carlos bolsonaro e adversário político d",política, 18/01/2019, Por G1 ,https://g1.globo.com/fato-ou-fake/noticia/2019/01/18/e-fake-print-do-twitter-em-que-carlos-bolsonaro-fala-em-roubar.ghtml,0
2097,É #FAKE que juiz Marcelo Bretas fez post defendendo uso de remédio experimental e falando em hospitais de campanha superfaturados ,Tuíte falso atribuído ao magistrado diz que protocolo para uso da droga não é liberado porque autoridades querem lucrar com a pandemia.,circular rede social print tuíte atribuir o o juiz 7ª varar federal criminal rir marcelo bretas responsável processo lavar jato defeso hidroxicloroquina tratamento covid-19 o mensagem o drogar liberar autoridade lucrar o comprar respirador e o montagem hospital campanha o mensagem desmentir juiz perfil twitter “ o publicação autêntico o ‘ contar ’ pertencer apesar ostentar fotografia ” o medicamentar gerar controvérsia haver estudo afirmar o hidroxicloroquina e o cloroquina trazer benefício o saudar paciente e efeito colateral indesejável utilização defendido presidente jair bolsonaro “ sintoma ”,ciência, 18/05/2020," Por Roberta Pennafort, CBN ",https://g1.globo.com/fato-ou-fake/coronavirus/noticia/2020/05/18/e-fake-que-juiz-marcelo-bretas-fez-post-defendendo-uso-de-remedio-experimental-e-falando-em-hospitais-de-campanha-superfaturados.ghtml,0
2098,Governador de SC vê tentativa de 'desgaste' após 2º pedido de impeachment  ,,o governador santo catarino carlos moisés psl manifestar o respeitar aprovação pedir impeachment alesc assembleia legislativo santo catarino confirmar moisés lamentar o decisão deputar estadual e afirmar o objetivo desgastar gestão o governador santo catarino lamentar profundamente o presidência assembleia legislativo aberto processar impeachment e o vice-governadora afirmar noto trata-se novamente ação o objetivo desgastar o gestão estadual perante o sociedade e contribuir o desenvolvimento e o bem-estar catarinense acrescentar o noto governador moisés defender pedir impeachment principalmente suspeito atuação combater pandemia coronavírus pedir anterior o questionamento central o respeitar supor crime responsabilidade reajustar salário procurador estadual,política,04/09/2020 12h40 ,04/09/2020 12h40 ,https://noticias.uol.com.br/politica/ultimas-noticias/2020/09/04/governador-de-sc-ve-tentativa-de-desgaste-apos-2-pedido-de-impeachment.htm,1
2099,"
  É antigo o vídeo em que gasolina da Petrobras é vendida a R$ 2,62 no Paraguai ","“Porque no Paraguai está mais barata a gasolina?”, questionam usuários ao compartilhar um vídeo em que uma funcionária de um posto no Paraguai, vestindo uniforme da Petrobras, informa que o litro do combustível da petroleira brasileira está sendo vendido a R$ 2,62 no país. O conteúdo foi amplamente publicado em fevereiro de 2021, quando o preço médio do combustível ultrapassou os R$ 5,30 em postos brasileiros. O vídeo circula, contudo, ao menos desde 2018. Em 3 de março de 2021, a gasolina da Petrobras estava sendo vendida a cerca de R$ 5,74 no posto da cidade em que as imagens foram gravadas, segundo apurou a AFP.Envie-nos por WhatsApp Email","sequência amplamente compartilhar facebook homem afirmar paraguai e perguntar o funcionário postar petrobras vender o litro gasolina o o responder “ 2,621 ” confirmar o nome cidade o vídeo gravar saltar del guairá fronteiro paraguai o brasil o autor gravação “ o roubar r$ 2,62 o gasolina paraguai aditivado né deus vergonha ” “ o gasolina produzir brasil vendido barato paraguai entender petrobras dever o o contrário ” questionar usuário o o compartilhar o vídeo facebook fevereiro d ano",brasil,3/03/2021 às 22:25,AFP Brasil,https://checamos.afp.com//e-antigo-o-video-em-que-gasolina-da-petrobras-e-vendida-r-262-no-paraguai,0
2100,É #FAKE que vídeo mostre primeira-ministra da Austrália fingindo tomar vacina contra Covid-19,"Quem aparece nas imagens, na verdade, é a premier de Queensland. E ela não finge tomar vacina contra coronavírus; até porque não há nenhuma aprovada ainda. Na verdade, vídeo editado mostra ela apenas repetindo a cena de tomar a dose contra gripe a pedido de fotógrafos e cinegrafistas.",circular rede social imagem mostrar o político receber vacinar legendar ministro austrália propaganda tomar o vacinar o covid distribuir chino tomar observar o capa protetora seringar retirar o mensagem totalmente fake o mulher aparecer vídeo o primeira-ministra austrália o premier queensland país o nome d annastacia palaszczuk d imagem tomar vacinar o coronavírus haver aprovar tomar verdade vacinar o gripar o vídeo circular editar receber o dosar rápido cinegrafistas e fotógrafo pedir encenar novamente o aplicação o fato registrar o trecho viralizado,mundo, 03/07/2020," Por Roney Domingos, G1 ",https://g1.globo.com/fato-ou-fake/coronavirus/noticia/2020/07/03/e-fake-que-video-mostre-primeira-ministra-da-australia-fingindo-tomar-vacina-contra-covid-19.ghtml,0
2101,Datena critica Paulo Guedes: 'Não sei por que Bolsonaro o mantém'  ,,"o apresentador josé luiz datena criticar hoje o atuação ministrar economia paulo guedes durante o crise coronavírus o pandemia piorar o situação fome brasil principalmente ministrar programar brasil urgente datena questionar o o presidente jair bolsonaro manter guedes cargo o pandemia piorar o situação fome brasil principalmente ministrar economia o bolsonaro manter ministrar economia pensar gente rico pensar gente pobre"".datena programar brasil urgente",política,01/05/2021 17h25Atualizada em 03/05/2021 09h43 ,01/05/2021 17h25Atualizada em 03/05/2021 09h43 ,https://tvefamosos.uol.com.br/noticias/redacao/2021/05/01/datena-critica-paulo-guedes-nao-sei-porque-bolsonaro-o-mantem.htm,1
2102,Vídeo mostra eclipse com Lua gigante no Ártico entre Rússia e Canadá! Será verdade?,,o vídeo surgir diverso whatsapp e publicação rede social maio e deixar gente curioso n o o satélite natural tamanho imenso nascer e passar frente sol,entretenimento,27/05/2021,Gilmar Lopes,https://www.e-farsas.com/video-mostra-eclipse-com-lua-gigante-no-artico-entre-russia-e-canada-sera-verdade.html,0
2103,"

Arthur Lira fraudou a votação sobre voto impresso na Câmara #boato 
",Boato – Está comprovado que a votação sobre o voto impresso na Câmara dos Deputados foi fraudada por Arthur Lira. Isso porque alguns deputados não conseguiram votar.,bomba lira fraudar o votação brasília explodir votar impresso auditável perder roubar umar haver fraudar o votação o câmara deputar imaginar o eleição presidencial bomba bomba bomba bomba lira fraudar o votação brasília explodir,política,17/08/2021,"
Edgard Matsuki ",https://www.boatos.org/politica/arthur-lira-fraudou-votacao-sobre-voto-impresso-camara.html,0
2104,Partidos vão ao STF contra mudança na divulgação de mortes por covid no DF  ,,redar psol e pcdob acionaram o stf supremo tribunal federal mudança divulgação morte covid-19 anunciar governar distrito federal apresentar o pedir o o ministrar alexandre moraes junho impedir o governar federal promover alteração semelhante metodologia divulgação pandemia o governar df distrito federal anunciar quarta-feira passar o divulgar o morte ocorrido horar e o total óbito confirmar período o diferençar importante comum o demorar resultar teste confirmar o morte paciente o doença o divulgação diário estatístico contabilizar morte ocorrer dia óbito ocorrido fato horar,saúde,23/08/2020 11h27Atualizada em 23/08/2020 11h38 ,Felipe Amorim,https://noticias.uol.com.br/saude/ultimas-noticias/redacao/2020/08/23/partidos-vao-ao-stf-contra-mudanca-na-divulgacao-de-mortes-por-covid-no-df.htm,1
2105,"Após 25 anos do massacre de Eldorado dos Carajás, MST congela invasões",,marcar disputar terra país o massacrar eldorado carajás parar completar ano n sábado o movimentar trabalhador terra mst praticamente congelar invasão e preocupar preservar ameaçar representar governar presidente jair bolsonaro abril cercar 1.500 sem-terra marchar rodovia br-155 destinar o belém reivindicar o desapropriação região sudeste parar interceptar tropa policiar militar altura curvo s. — chegar atirar balir borracho começar o atirar balir matar vir o pessoal cair gritar perceber matar e correr o matar mulher e filho idade o anos).os policiar chamar o pessoal vagabundar horror achar escapar — relembrar raimundo santo gouveio ano sobrevivente o ação deixar morto d haver recebido tiro queima-roupa mostrar o perícia e ficar ferir gouveio ficar horar e matar passar o noite esconder o família casar e dia seguinte morte colega — sair mentir vir companheiro morrer balear esquecer sobrevivente o massacrar repercutir mundo e levar o governar federal o voltar olho o reformar agrário dia o presidente fernando henrique cardoso fhc criar o ministério extraordinário político fundiário — o chacinar eldorado carajás e repúdio nacional e internacional criar clima opinião ajudar o acelerar o distribuição terra governo fernando henrique cardoso e lula silvar o impactar d processar subestimar e o governar federal criar 7.794 assentamento reformar agrário abarcar milhão hectare território tamanho alemanha — analisar o cientista político paraguaio miguel carter diretor demo centrar o democracia o creatividad e inclusión social estudar o fundiário brasileiro gouveio cadastrar e receber lotar fazenda macaxeira eldorado carajás o principal reivindicar marchar resultar massacrar hoje produzir milho mandioca e leite apesar o repercussão massacrar punição o policiar envolvido frustrar sem-terra e autoridade federar agostar militar comandar o operação o coronel mario pantoja o major josé maria oliveira e o capitão josé raimundo lameira absolvido o sentença anular ano seguinte julgamento pantoja condenar o ano prisão e oliveira o ano lameira acabar absolver processo policiar desmembrar d sargento absolvido e outro policiar militar receber o sentença o júri entender determinar policiar atirar sem-terra condenar pantoja e oliveira recorrer liberdade e cadeia ano massacrar pantoja conseguir direito o prisão domiciliar ano e morrer ano passar oliveira prisão domiciliar integrante coordenação nacional mst joão paulo rodrigar defender o punição crime dever recair o governador parar almir gabriel psdb o responsável o ordem o ação pm impulsionar o ação governar federal promover assentamento o massacrar visibilidade o o mst — o massacrar marcar o população ouvir novamente brasil haver problema fundiário denunciar o concentração terra e popularizar o conceito reformar agrário esconder golpe militar — afirmar rodrigar ministrar político fundiário governar fernando henrique raul jungmann “ difícil ” lidar o mst época — fácil o mst associar oposição conexão o pt marchar paralisar brasiíla o mst passar o orçamentar o contribuir prefeitura governo estadual e o governar federal o movimentar utilizar recurso assentamento promover o mobilização assentar pagar espécie dízimo hoje o situação diferente ano governar bolsonaro haver ocupação terra país promovido movimento atuam campar o comissão pastoral terra quedo ano anterior o cpt assassinato campar país ocorrido dever o conflito terra e tabulado o dirigente mst afirmar o movimentar promover causar pandemia coronavírus ocupação — movimentar o principal bandeiro o lutar terra o conquistar território gerenciar território conquistar pessoa desenvolvimento e ideologia — rodrigar acrescentar o mst preocupar atualmente produzir alimento agrotóxicos o estimativo o movimentar contar cercar família assentar e acampar país o sem-terra admitir haver recuar tático discursar adotado bolsonaro colocar o movimentar inimigo e pregar ações violento integrante durante o campanha o candidatar psl chegar o visitar o massacrar eldorado carajás e defender policiar militar — presar o pessoal mst movimentar terra gente canalha e vagabundo policiar reagir morrer — discursar bolsonaro ocasião — o mst preservar governo passar e o movimentar ficar e preservar cuidar período — afirmar joão paulo rodrigar o aniversário massacrar ano marcar marchar e invasão ano lembrar o promoção lockdown semana assentamento conter o escalar coronavírus jungmann avaliar o mst sofrer hoje efeito deixar cooptar pt governo lula e dilma rousseff o indicação integrante movimentar ocupar cargo máquina federal o movimentar o ex-ministro perder o capacidade mobilização período e mudar o estratégia conseguir demonstrar o forçar passar — o governar bolsonaro chegar o o pego mst dente,brasil, Publicado em  16/04/21 16:59 ,Sérgio Roxo,https://extra.globo.com/noticias/brasil/apos-25-anos-do-massacre-de-eldorado-dos-carajas-mst-congela-invasoes-24974971.html,1
2106,"Ampliação do BPC pode dificultar aumento de recursos para fundo de educação básica, diz Maia","Veto de Bolsonaro à extensão do benefício foi derrubado; governo estima impacto de R$ 20 bi ao ano. PEC do novo Fundeb, em análise no Congresso, quer dobrar contribuição da União até 2026.","o presidente câmara rodrigar maio dem-rj declarar n quarta-feira o impactar orçamentário ampliação benefício prestação continuar bpc – estimar governar r$ bilião anuir – dificultar o aprovação recurso federar o fundir manutenção e desenvolvimento educação básico o congresso derrubar n o vetar presidente jair bolsonaro o o projeto ampliar o bpc o render idoso e pessoa deficiência direito o o benefício passar r$ 261,25 r$ 522,50 considerar o salário mínimo atual r$ 1.045 o governar o medir dobrar o beneficiário – receber salário mínimo o impactar ano chegar o r$ bilião afirmar o ministério economia “ querer dobrar o fundeb querer ficar restrito encontrar recurso o realidade falar deputar ligar educação votação hoje derrubar o vetar limitar o fundeb ” afirmar maio",política, 11/03/2020 20h14 ," Por Fernanda Calgaro e Paloma Rodrigues, G1 e TV Globo — Brasília ",https://g1.globo.com/politica/noticia/2020/03/11/ampliacao-do-bpc-pode-dificultar-aumento-de-recursos-para-fundo-de-educacao-basica-diz-maia.ghtml,1
2107,mesário flagrar preencher voto ilegalmente parir joe biden,"circula nas redes sociais, principalmente no twitter, youtube, e facebook, um vídeo que mostraria mesários preenchendo votos para o então candidato democrata joe biden. isso porque alguns veículos de imprensa já o apontam como o presidente eleito dos estados unidos!","inicialmente ventilar usuário norte-americanos o vídeo popularizar brasil apoiadores simpatizante presidente jair bolsonaro 1,2,3,4",política,7/11/20207,marco faustino,https://www.e-farsas.com/mesarios-foram-flagrados-preenchendo-votos-ilegalmente-para-joe-biden.html,0
2108,"Datafolha: 89% consideram que uso da cloroquina contra a Covid-19 é decisão de médicos, não de políticos",Levantamento foi realizado na sexta-feira (17) e ouviu 1.606 pessoas por telefone em todas as regiões do país. Margem de erro é de três pontos percentuais.,"Pesquisa realizada pelo instituto Datafolha e divulgada pelo jornal ""Folha de S. Paulo"" neste domingo (19) mostra que 89% dos entrevistados avaliam que os políticos deveriam deixar para os médicos a avaliação sobre o uso da cloroquina.  A pesquisa mostra que 7% consideram melhor os políticos incentivarem o uso da cloroquina e 4% declararam não saber.  O levantamento foi feito na sexta-feira (17). Foram ouvidas 1.606 pessoas por telefone em todas as regiões do país. A margem de erro é de três pontos percentuais para mais ou para menos.  O uso da cloroquina por pacientes infectados com o novo coronavírus ainda está em fase de testes e de estudos. Não há resultados conclusivos para as pesquisas com o medicamento, usado principalmente contra a malária. Apesar de as evidências em alguns estudos indicarem que ela pode funcionar em certos casos, há alertas sobre o risco de complicações causadas pela toxicidade da droga. Entenda os riscos.",política, 19/04/2020 21h36 , Por G1 ,https://g1.globo.com/bemestar/coronavirus/noticia/2020/04/19/datafolha-89percent-dos-entrevistados-consideram-que-uso-da-cloroquina-contra-covid-19-e-decisao-de-medicos-e-nao-de-politicos.ghtml,1
2109,"

Monstro em formato de mulher aparece entre Rio do Meio e Itororó (Bahia) #boato 
","Boato – Vídeo mostra momento em que um monstro em formato de mulher aparece gritando em cima de uma árvore. Isso ocorreu entre Rio do Meio e Itororó, na Bahia.",monstro macabro aparição assombração o luzir dia rir itororo bahia galera aparecer rir e itororó monstro formato mulher gritar árvore e descer e ficar gritar o o o frente aparecer o gente acreditar fundir real.demônio aparecer florestar devorar gado e gritar deixar o população rural assustar manhã d quinta-feira vídeo foto circular rede social levantar o tesar chegar o rumor guerra almo penar e falso profeta acontecer interior bahia itororó.de acordar o relatar morador o monstro possuir mulher e gritar o supor demônio comer animar e ficar machucar vídeo o criatura mulher topar árvore,brasil,10/01/2020,"
Edgard Matsuki ",https://www.boatos.org/brasil/monstro-formato-mulher-rio-meio-itororo-bahia.html,0
2110,"

Capa da Folha de S. Paulo destaca que Bolsonaro levou menino sem cadeirinha em carro #boato 
",Boato – O jornal Folha de S. Paulo destacou em sua capa a imagem de Bolsonaro com uma criança em um carro junto com a denúncia de que o menino estava sem cadeirinha.,manchete folhar d paulo ” bolsonaro levar criança carro cadeirinha”kkkkkk folhar s. paulo bolsonaro levar menino carro presidencial cadeira especialista alertar o perigar,política,14/09/2019,"
Edgard Matsuki ",https://www.boatos.org/politica/capa-folha-de-s-paulo-bolsonaro-menino-sem-cadeirinha.html,0
2111,Live de Wesley Safadão foi montada em 8 dias para evitar aglomeração  ,,lives wesley safadão passar frente o cantor gravar o edição dvd ws casar o lançar o movimentação indústria fonográfico n pandemia coronavírus d o gravação transmitir real youtube o cantor cearense apresentar n sábado o 20h transmissão o canal oficial youtube o equipar safadão o músico e equipar montar cenário iluminação som durante dia o trabalhar levar 48h dividir haver aglomeração dia o montagem cenário outro o iluminação o som e missão levar alegria o casar pessoa saudade palco juntar público cantar o sol nascer setlist músico esfriar e hoje dia,saúde,17/04/2020 12h40 ,17/04/2020 12h40 ,https://entretenimento.uol.com.br/noticias/redacao/2020/04/17/live-de-wesley-safadao-foi-montada-em-8-dias-para-evitar-aglomeracao.htm,1
2112,"FHC admite um erro histórico, que aponto desde 1997: a emenda da reeleição  ",,"o emendar reeleição e escrever penca texto o respeitar homem sensato admitir errar e o ex-presidente fernando henrique cardoso n domingo texto publicar estadão e globo intitular reeleição e crise escrito:""devo reconhecer historicamente errar ano insuficiente e parecer pedir ano o eleitorado votar plebiscitário preferível termo mandatar ano e afirmar texto reeleição e crise",política,07/09/2020 06h50 ,07/09/2020 06h50 ,https://noticias.uol.com.br/colunas/reinaldo-azevedo/2020/09/07/fhc-admite-um-erro-historico-que-aponto-desde-1997-a-emenda-da-reeleicao.htm,1
2113,"

Prefeito de Cuiabá, Emanuel Pinheiro, critica governador do Piauí e defende Bolsonaro em vídeo #boato 
","Boato – Em vídeo, o prefeito de Cuiabá, Emanuel Pinheiro, criticou o pedido do governador do Piauí, Wellington Dias, de que se faça uma coordenação nacional contra Covid-19. Ele disse que Bolsonaro não tem culpa de nada na pandemia.",ouvir o o prefeito cuiabá emanuel pinheiro falar o pedir governador pi colocar ombro governar federal olá noite hoje dia lockdown né dia restrição brasil o principal notícia escutar dia o lua gente bonito caramba o governador piauí pedir haver consenso e dever situação tá agravar país o governar federal assumir rédea coordenar o planar emergencial país ano o stf tirar governar federal o competência constitucional o governar senhor governador pedir arrego gastar o dinheiro receber medir errar o presidente repúblico bagaça arrumar?isso atar covardia senhor perante o brasileiro responsável o supremo responsável o congresso responsável época o senhor maio presidência câmara e o alcolumbre senado lastrearam isso?agora horar assumir o responsabilidade empurrar o governar federal zorra feito país coordenação nacional p … sacanagem o brasileiro e demolir o presidente repúblico virar o problema principalmente senhor e stf,política,02/03/2021,"
Edgard Matsuki ",https://www.boatos.org/politica/prefeito-cuiaba-emanuel-pinheiro-critica-governador-piaui-defende-bolsonaro.html,0
2114,"""Conflitos de Bolsonaro causam vítimas"", diz Frente Nacional de Prefeitos  ",,"A FNP (Frente Nacional de Prefeitos) emitiu nesta quarta-feira (29) um comunicado responsabilizando o presidente Jair Bolsonaro (sem partido) pelo aumento das mortes pela covid-19. Em nota, a entidade, que representa nacionalmente os prefeitos de todo o país, lamentou as críticas recebidas ""a cada dia"" por prefeitos e governadores por parte do presidente em momento crítico da pandemia. Lamentamos muito, não só as mortes, mas também os conflitos promovidos pelo Presidente, que só exaurem as pessoas e o debate político, retardando as tomadas de decisões e ocasionando ainda mais vítimas.Frente Nacional de Prefeitos ""Quando ultrapassamos os 5.000 cidadãos brasileiros mortos, a pessoa que deveria liderar o enfrentamento da pandemia pergunta o que querem que ele faça. Os prefeitos respondem: Presidente, cumpra seu papel constitucional de harmonizar a federação.""",saúde,29/04/2020 17h41 ,Wanderley Preite Sobrinho,https://noticias.uol.com.br/politica/ultimas-noticias/2020/04/29/conflitos-de-bolsonaro-causam-vitimas-diz-frente-nacional-de-prefeitos.htm,1
2115,"Mesmo com lote vindo da Índia e CoronaVac a mais, Brasil tem doses para vacinar só 40% de prioritários  ",,"o brasil passar o contar n sexta-feira 22/01 6,8 milhão dose vacinar o coronavírus decisão anvisa agência nacional vigilância sanitário e chegar carregamento índio o carga desembarcar aeroporto guarulhos sp trazer semana esperar milhão dose vacinar oxford-astrazeneca aprovar domingo passar anvisa juntamente milhão dose coronavac importar chino — e aplicar e município campanha vacinação e n o anvisa aval o emergencial 4,8 milhão dose coronavac rotular e embalar instituto butantan paulo",saúde,22/01/2021 19h54 ,22/01/2021 19h54 ,https://noticias.uol.com.br/saude/ultimas-noticias/bbc/2021/01/22/mesmo-com-lote-vindo-da-india-coronavac-a-mais-brasil-tem-doses-para-vacinar-so-40-de-prioritarios.htm,1
2116,"

Trump cancela projeto de Bill Gates conhecido como ID2020 #boato 
","Boato – O presidente dos Estados Unidos Donald Trump cancelou um projeto de Bill Gates conhecido como ID2020, que previa a identificação de todas pessoas do planeta com chip para implantação de uma nova ordem mundial.",trump cancelar o projectar bill gatar ′′ id2020′′ o presidente unir donald trump cancelar o projeto bill gatar ′′ id2020′′ e o seguinte 1.- decretar vacinar voluntário e obrigatório militar verificar o pureza e distribuir 2.- cortar fundo o organização mundial saudar oms e pesquisar exaustivo operação 3.- cancelar o proposto lei ‘ h.r ’ democrata covid-19 traçar act testing reaching and contacting o base projeto lei diagnóstico e acompanhamento bill gatar cancelar 4.- cancelar o projeto bill gatar ‘ id2020 ’ 5.- abrir plataforma relatório o população denunciar o censurar aplicar facebook twitter e youtube o resultar estrondoso saturar denúncia e o trump obter evidência precisar tomar ações o censurar 6.- parar o lançamento g o país 7.- emitir ordem executivo reabrir atividade comercial e laboral eua o o governador recusar processar 8.- executar o ordem o casar branco tomar contar rede elétricas incluir servidor internet transmissão e eletrônicos bandeiro vermelho 9.- declarar ‘ serviço essencial ’ o culto prefeito multar pessoa igreja 10.- aplaudir o austrália e país insistir pesquisar rígido e rigoroso chino espalhar o supor ′′ covid-19 “ apesar ameaçar chino rejeitar exportação críticas.nota id2020 o nome projeto propor o identificação digital praticamente pessoa planeta o ′′ identificação digital ′′ significar o inserção microchip corpo humanar conter informação pessoal cidadão o assunto mídia o projeto id2020 atingir etapa avançar o site oficial indicar id2020 parceria público-privada envolver o onu o oms governo internacional e membro fundador patrocinador ativos.quem membro fundador e financiador membro fundador incluir nome destacar ‘ microsoft ‘ bill gatar ‘ gavi ‘ o aliançar global vacinar e imunização interessar promover o vacinar o mundo e o família rockefeller administração id2020 encontrar representante organismo intrometido movimentar o elite impor o ordem mundial jp morgan banco santander usb bank deutsche bank ibm rockefeller foundation microsoft … chamar atenção encontrar goldman sachs lista e deixar perplexo).obviamente id2020 apresenta-se positivo o aceitar ′′ ativo cidadão ′′ e o segurar direito ′′ vidar melhorar aspecto principalmente básico “ página projeto ler ′′ o identidade vital oportunidade político económico e social identificação arcaico e inseguro proteção adequar privacidade e bilião pessoa inacessível “ … lembre-se o o compartilhar artigo reger o sementar verdade o humanidade perigar,mundo,04/11/2020,"
Edgard Matsuki ",https://www.boatos.org/mundo/trump-cancela-projeto-bill-gates-id2020.html,0
2117,Pastor Milton Ribeiro no MEC: a vitória da bancada evangélica, 10/07/2020 18h27 ,o decisão presidente jair bolsonaro anunciar o pastor milton ribeiro ministrar educação significar vitória expressivo bancada evangélico pressionar vago o nomeação rapidamente publicar diário oficial d sexta-feira convite fracassar milton ribeiro integrante comissão ético público presidência nomear bolsonaro maio ano passar tarefar ministrar decidir o parecer câmara ensinar básico nacional educação o voltar s aula escola público e privar ensinar básico,política, 10/07/2020 18h27 , ,https://g1.globo.com/politica/blog/cristiana-lobo/post/2020/07/10/pastor-milton-ribeiro-no-mec-a-vitoria-da-bancada-evangelica.ghtml,1
2118,‘Precisamos é de kit intubação e oxigênio’: o apelo de médicos em cidade que liberou ‘kit Covid’,"Profissionais da saúde em Sorocaba (SP) relatam a rotina da saúde em colapso, com hospitais lotados, leitos improvisados e filas de espera.",quarta-feira 24/3 paciente quadrar levar covid-19 entrar dia seguir unidade básico saudar ubs sorocaba interior paulista o prefeitura autorizar o prescrição chamar kit covid redar público sair diariamente casar requisitar cartela gratuito ivermectina e azitromicina outro mesa d o médico maria flávia saraivar — colega dia anterior explicar o o paciente recomendar o medicação haver comprovação científico drogar eficaz o doença d medicamento provocar efeito colateral sério maria flávia perder contar ofenso e xingamento ouvir paciente e rede social defender conduta e posicionamento basear evidência científico,ciência, 27/03/2021 09h46 , Por BBC ,https://g1.globo.com/bemestar/coronavirus/noticia/2021/03/27/precisamos-e-de-kit-intubacao-e-oxigenio-o-apelo-de-medicos-em-cidade-que-liberou-kit-covid.ghtml,1
2119,União Europeia acusa Apple de práticas anticompetitivas em loja de aplicativos,"Comissão do bloco abriu investigação após acusações do serviço de streaming Spotify, que reclamou de comissão em transações no iOS, sistema dos iPhones.",o união europeu acusar n sexta-feira o apple manter prático anticompetitivas loja aplicativo o app store o comissão responsável regulação mercar o fabricante iphone abusar dominante distribuição apps streaming músico o avaliação preliminar autoridade europeu emitir comunicar acusação requerimento spotify serviço streaming concorrer o apple music passar formal bloco investigação antitruste o apple convidar o responder s acusação,política, 30/04/2021 08h26 , Por G1 ,https://g1.globo.com/economia/tecnologia/noticia/2021/04/30/apple-e-acusada-de-praticas-anticompetitivas-em-loja-de-apps-na-uniao-europeia.ghtml,1
2120,É #FAKE que uso de álcool 70% para higienização pode causar infecção respiratória e até matar,Mensagem diz que produto é tão perigoso para a saúde quanto o novo coronavírus. Não é verdade.,vídeo circular rede social utilizar álcool demasiar proteger coronavírus levar o quadro insuficiência respiratório similar o o covid-19 e matar o mensagem o produto evitar gel líquido o despeitar orientação autoridade saudar o proteção população vírus e pessoa higienizar mão água e sabão o boatar afirmar o utilização contínuo gerar “ garganta seco tossir ar vertigem insuficiência respiratório diminuição oxigenação sangue causar o morte ” o quadrar mascarar o contaminação vírus sintoma respiratório,ciência, 24/04/2020," Por Roberta Pennafort e Roney Domingos, CBN e G1 ",https://g1.globo.com/fato-ou-fake/coronavirus/noticia/2020/04/24/e-fake-que-uso-de-alcool-70percent-para-higienizacao-pode-causar-infeccao-respiratoria-e-ate-matar.ghtml,0
2121,"

Lenine faz desabafo criticando JN e quem bateu panela contra Bolsonaro #boato 
",Boato – O cantor Lenine fez um desabafo por meio de sua página no Facebook criticando quem está batendo panela contra Bolsonaro e detonou o Jornal Nacional por falar mal do presidente durante a Covid-19.,desabafar lenine página facebook “ bater panela janela misturar político partidário o grave covid ajudar país e desestabilizar o governar n egoísmo e irresponsabilidade beirar o desumanidade o união e focar mitigar efeito pandemia passar o o itália viver gravidade enfrentar dever importar pra ninguém o prefeito governador presidente época eleição inacreditável bater panela janela o mundo jamais vestir desconhecer e assustador rede social publicar paz empatia respeitar ficaemcasa paciência!outro d irresponsabilidade o edição jn hoje 18/03/20 jamais vir desserviço assustador o o milhar correr correr riscar morte minuto restringir o ataque o o presidente e s autoridade sentar o mesa detalhe irrelevante pro viver verdadeiro obsessão desestabilizar governar democraticamente eleito o contribuição o o publicar imagem antigo bobagem presidente o pandemia o contribuição o solução problema o o atacar covarde governar encontrar crise saudar história recente humanidade sinceramente conseguir vislumbrar positivar n contrário acabar colocar brasileiro brasileiro o união importante armar mitigador risco o enfrentamento partidário tentativo reverberar ódio o eleição acabar gritar bozo luladrao janela país preciso guerra poderoso inimigo invisível médico colocar vidar riscar salvar doente suspeito confirmar o sangue correr veia cor manifestação n o ideologia fortalecer inimigo invisivel o brasileiro independente ideologia político partidário ”,entretenimento,20/03/2020,"
Edgard Matsuki ",https://www.boatos.org/entretenimento/lenine-desabafo-criticando-quem-bateu-panela-contra-bolsonaro.html,0
2122,site vender produto perfurar o pato gato ruir,,denúncia vídeo publicar suar página o facebook arquivar e suar contar o youtube arquivar o dia novembro o publicação o facebook obter compartilhamentos umar comentário pessoa enfurecer o loja americano membro grupar o facebook o questionar recentemente sobrar assunto alegar sugerir boicotar o empresar arquivar,entretenimento,15/11/2019,marco faustino,https://www.e-farsas.com/sites-estao-vendendo-um-produto-que-perfura-as-patas-de-gatos-de-rua.html,0
2123,É #FAKE que cloroquina seja distribuída gratuitamente por toda a Europa para tratar a Covid-19,"Países como Itália, França e Portugal não fazem uso da droga para tratamento contra o coronavírus; eficácia e segurança não foram comprovadas por estudos científicos.",circular rede social o clororoquina distribuir gratuitamente o europa tratamento covid-19 haver consenso comunidade científico o o remédio pandemia coronavírus quadro malária e doença autoimunes país frança itália e bélgica aprovar o remédio caso covid-19 o considerar eficaz o vírus segurar paciente governo recomendar o medicamentar revirar o posicionamento entender surgir estudo embasem protocolo atendimento portugal esperar ensaio clínico país tomar decisão frente o reinar unir pausar pesquisar clínico profissional saudar,mundo, 25/06/2020," Por Roberta Pennnafort, CBN ",https://g1.globo.com/fato-ou-fake/coronavirus/noticia/2020/06/25/e-fake-que-cloroquina-seja-distribuida-gratuitamente-por-toda-a-europa-para-tratar-a-covid-19.ghtml,0
2124,Parceria para vacina contra covid não foi firmada por Doria no ano passado  ,,vídeo postar youtube distorcer declaração governador paulo joão doria psdb o o negociar o vacinar o coronavírus início pandemia.segundo o vídeo doria confessar o acordar o instituto butantan e o laboratório chinês sinovac biotech teste produção vacinar o covid-19 anunciar semana passar começar o discutir agostar haver registrar doença caso coronavírus chino registrar dezembro letreiro vídeo doria visitar o chino agostar ano passar o vírus chegar o o brasil janeiro legendar o perfil acrescentar provar orquestrar,política,17/06/2020 16h22 ,"Do UOL, em São Paulo*",https://noticias.uol.com.br/comprova/ultimas-noticias/2020/06/17/parceria-para-vacina-contra-covid-nao-foi-firmada-por-doria-no-ano-passado.htm,0
2125,"

General Augusto Heleno publica texto sobre Weintraub, Trump, FBI e Banco Mundial #boato 
",Boato – O general Augusto Heleno publicou um texto em que falava que Donald Trump havia mandado o FBI proteger Abraham Weintraub para que ele investigue os governadores do Brasil no Banco Mundial.,gen augusto heleno ordem direta trump o departamento americano colocar weitraub o proteção fbi indeterminar o frente banco mundial desmantelar o esquema empréstimo ilegal governador brasil o pandemia ai vc voltar e assistir o vídeo reunião ministerial vc entender o damares querer falar pedir o prisão governador e pessoa e gente pra cadeia crime o humanidade o mec pequeno o ministrar potencial o tirar sair culatrar o intenção d bolsonaro ja atacar inesperado pra haver pensar perder frente,política,29/06/2020,"
Edgard Matsuki ",https://www.boatos.org/politica/general-augusto-heleno-publica-texto-weintraub-trump-fbi-banco-mundial.html,0
2126,Presidente do sindicato dos motoboys diz que Bolsonaro não terá apoio em SP  ,,bolsonaro repetir paulo o passear moto n domingo rir adesão motoboys entregador aplicativo gil almeida presidente sindimoto-sp sindicato representar profissional entregador insatisfeito o político combustível governar e o preço gasolina impactar o trabalhar categoria o presidente preocupar montar o cavalar moto pleno corrido eleitoral antecipar preciso procurar aparecer útil o gasolina acertar o gente cheio afirmar ... ler íntegro folhar,política,24/05/2021 19h59 ,24/05/2021 19h59 ,https://noticias.uol.com.br/colunas/reinaldo-azevedo/2021/05/24/em-sp-nao-vai-ter-apoio-de-motoboy-diz-presidente-de-sindicato.htm,1
2127,Premiê da China diz que economia global enfrenta muitas incertezas  ,,reuters o primeiro-ministro chino ler keqiang afirmar n quarta-feira o economia global enfrentar incerteza e fatores desestabilizador permanecer desafio assustador provocar pandemia covid-19 webinar realizar câmara comércio chino reinar unir ler afirmar o chino manter o consistência e o previsibilidade político macroeconômicas executando-as maneiro ponderar e direcionada manter principal indicador econômicas faixar apropriar,saúde,03/02/2021 09h06 ,Tom Daly,https://economia.uol.com.br/noticias/reuters/2021/02/03/premie-da-china-diz-que-economia-global-enfrenta-muitas-incertezas.htm,1
2128,É #FAKE que vídeo com calçadão de Bangu alagado é de 2019,"Chuvas atingiram o Rio de Janeiro na segunda e nesta terça-feira e deixaram a cidade em estágio de crise. Vídeo, porém, é antigo e já circulava na internet em janeiro deste ano. Mensagem compartilhada nas redes sociais é falsa.",vídeo compartilhar whatsapp e rede social mostrar o calçadão bangu zonar oeste rir janeiro completamente alagar chuva o mensagem compartilhar imagem feito manhã d terça-feira o cidade entrar estágio crise entanto o texto acompanhar o vídeo fake o cena retratar verdade antigo e mostrar o situação bairro n terça-feira o equipar fato fake encontrar postagem janeiro youtube imagem época mostrar o extra horar registrar quase médio chuva previsto o janeiro bangu o alertar rir e o região ficar alagar consequência chuva atingir o rir via cidade ficar interditar o centrar operação prefeitura cor haver congestionamento cidade,entretenimento, 09/04/2019, Por Extra ,https://g1.globo.com/fato-ou-fake/noticia/2019/04/09/e-fake-que-video-com-calcadao-de-bangu-alagado-e-de-2019.ghtml,0
2129,Votação pela urna eletrônica não pode ser manipulada via internet  ,,verdade o votação pelar urna eletrônica manipular internet comer vídeo divulgar pelar deputar felipe barro psl-pr o sexta-feira e acumular visualização o facebook cercar horar o vídeo mostrar umar converso parlamentar o hacker marco roberto correar silvar presar uberlândia mg março pelar roubar milhão brasileiro e investigar ataque o o tse tribunal superior eleitoral o ano passar silvar afirmar o gravação adulterar o votação mear online o manipulação votar o redar geralmente o horar votação desligar automático contar o votar ligar e conectar internet e algum e alguém n redar conseguir invasão e manipular o votação,política,17/07/2021 23h43Atualizada em 18/07/2021 19h20 ,Juliana Arreguy e Luciana Amaral,https://noticias.uol.com.br/confere/ultimas-noticias/2021/07/17/votacao-urna-eletronica-internet-hacker.htm,0
2130,"Após STF anular sentença de Moro, juiz condena ex-gerentes da Petrobras e mais 3  ",,"O juiz Luiz Antônio Bonat, da 13ª Vara de Curitiba, condenou ontem os ex-gerentes da Petrobras Edison Krummenauer e Márcio Ferreira e os executivos Luis Mario da Costa Mattoni, Marivaldo do Rozario Escalfoni e Paulo Roberto Fernandes, administradores da Andrade Gutierrez, Akyzo e Liderrol, respectivamente, por corrupção e lavagem de dinheiro. Eles foram denunciados pela Operação Lava Jato em junho de 2017 e, em fevereiro do ano seguinte já haviam sido condenados pelo então juiz federal Sergio Moro. O caso voltou a julgamento após o Supremo Tribunal Federal anular a sentença com base no entendimento sobre a ordem de apresentação das alegações finais no processo - os delatores devem apresentar seus argumentos finais antes dos delatados. Assim como na sentença de Moro, um terceiro ex-gerente da Petrobras Maurício de Oliveira Guedes foi absolvido da acusação de corrupção passiva. Além disso, todos os réus foram absolvidos da imputação de organização criminosa.",política,02/12/2020 13h44 ,"Rayssa Motta, Pepita Ortega e Fausto Macedo",https://noticias.uol.com.br/ultimas-noticias/agencia-estado/2020/12/02/sentenca-de-moro-e-anulada-e-juiz-condena-2-ex-gerentes-da-petrobras-e-mais-3.htm,1
2131,Crédito de R$ 12 bi para microempresas chega aos bancos em 15 de agosto  ,,"o crédito emergencial r$ bilião real pronampe programar nacional s microempresa e empresar pequeno portar começar o chegar o banco agostar o informação confirmar subsecretário desenvolvimento micro e pequeno empresar empreendedorismo e artesanato ministério economia antônia tallarida entrevisto o o jornal o globo o meter agostar banco o subsecretário alertar o possibilidade crédito adicional durar o levar o expectativa o gente conversar banco r$ bilião rápido r$ 15,9 bilião declarar banco aprender o operar o pronampe colocar operação digitar pé e instituição financeiro ficar entrar o gente conseguir chegar novembro recurso afirmar antônia o dinheiro socorrer s micro e pequeno empresar demorar o chegar negligência equipar ministério economia o gente atrasar o capital girar chegar pontar mau vontade circunstancial entender melhorar incentivo o gente precisar o financeiro o crédito chegar pontar explicar",saúde,30/07/2020 08h22 ,30/07/2020 08h22 ,https://economia.uol.com.br/noticias/redacao/2020/07/30/credito-de-r-12-bi-para-microempresas-chega-aos-bancos-em-15-de-agosto.htm,1
2132,"Bahia recebe mais 222,5 mil doses de vacinas covid-19",,"222,5 dose vacinar covid-19 enviar o o bahia ministério saudar n semana o receber 180,5 dose vacinar astrazeneca oxford fundação oswaldo cruz fiocruz e dose coronavac instituto butantan – imunizante produzir brasil matéria-prima importar o população baiano receber o o 3,8 milhão dose vacinar covid-19 o divisão e distrito federal feito proporcional e igualitário remessar enviar s unidade federativo uf n semana lotar 3,5 milhão dose vacinar covid-19 recebido ministério saudar acordar o 12º informar técnico secretariar vigilância saudar svs dose destinar o vacinação idoso e ano e agente forçar segurança e salvamento e forçar armar atuam linha frente combater pandemia n levar vacinar destinar o dosar e o parcelar o aplicação",saúde,22/04/2021 18h51, ,https://www.gov.br/saude/pt-br/assuntos/noticias/bahia-recebe-mais-222-5-mil-doses-de-vacinas-covid-19,1
2133,É #FAKE que Bill Gates financie vacina não líquida contra a Covid-19 que instala chip nas pessoas,Imunização desenvolvida com apoio da fundação de Gates é do tipo injetável. Teoria conspiratória que fala em microchip que pega dados pessoais e monitora cidadãos por meio das redes 5G não procede.,mensagem viralizou rede social o bilionário e filantropo norte-americano bill gatar finalizar “ vacinar líquido ” proteger o pessoa coronavírus trata-se microchip colar pelar obter informação pessoal procurar cbn o fundação bill mellinda gatar o fundador microsoft criar o mulher o afirmação verdadeiro o entidade ajudar financiamento vacinar o covid-19 líquido e incluir chip o mensagem falso “ bill gatar realmente gênio ” e o vacinar desenvolvido financiamento fundação d o formato selar o colar o pelar acordar o texto selar código individual e o d implantação o pessoa digitá-lo acessar rede social “ entrar o g o tecnologia e milhar antena espalhar mundo responsável monitorar 24h dia ”,mundo, 28/05/2020," Por Roberta Pennafort, CBN ",https://g1.globo.com/fato-ou-fake/coronavirus/noticia/2020/05/28/e-fake-que-bill-gates-financie-vacina-nao-liquida-contra-a-covid-19-que-instala-chip-nas-pessoas.ghtml,0
2134,Estado do Rio quer desmobilizar hospitais de campanha esta semana  ,,hospital campanha friburgo iguaçu e duque caxias desmobilizar e o anúncio semana o assunto analisar secretariar saudar e extraordinário ações governamental integrar covid-19 o informação secretário saudar rir janeiro alex bousquet participar hoje audiência conjunto comissão fiscalização gasto saudar público durante o combater coronavírus e saudar assembleia legislativo rir janeiro alerj provavelmente hospital desmobilizar dia semana o gente tomar decisão definitivo envolver o desmobilização casar haver onda covid-19 envolver termo leito suficiente hospital redar e hospital particular querer pactuar conosco chamamento público capacidade atender onda semana o gente fechar o relatório caminhar fortemente o desmobilização d hospital o secretário hospital campanha maracanã e gonçalo desmobilizar continuar o avaliar curvo manter controlo diário secretariar haver forte tendência dia anunciar o fechamento d hospital independente planejamento equivocar incluir comedir e acordar o evolução epidemiar evolução mostrar região mundo inteirar unidade chamar hospital campanha afirmar acrescentar atuais pandemia mostrar haver leito suficiente atender paciente haver onda doença semana juntamente datar desmobilizar friburgo caxias e iguaçu falar datar pretender desmobilizar maracanã e gonçalo lembrar hospital aberto receber paciente necessidade enviar paciente completar,saúde,27/07/2020 17h04 ,27/07/2020 17h04 ,https://noticias.uol.com.br/ultimas-noticias/agencia-brasil/2020/07/27/estado-do-rio-quer-desmobilizar-hospitais-de-campanha-esta-semana.htm,1
2135,"

Criança é registrada com nome Alquingel em homenagem à Covid-19 no Espírito Santo #boato 
",Boato – A Justiça do Espírito Santo permitiu que uma criança fosse registrada com o nome de Alquingel em homenagem ao novo coronavírus (Covid-19). Casal já tinha um filho chamado Influenza.,criança nome alquingel registrar cartório espírito santo justiçar espírito santo autorizar família batizasse o filhar recém-nascido o nome alquingel homenagem inusitado pandemia covid-19 o mundo o fato acontecer cidade serrar e pai outro filhar registrar o nome influenza referência o vírus gripar o moda pega?determinação governar coronavírus es cartório registrar criança nome “ alquingel ” brasileiro perder o casar registrar cartório município serrar es apesar duro crítico pai conseguir justiçar o direito comprovar o registrar outro filhar chamar “ influenza ” giordany bozzato,brasil,24/03/2020,"
Edgard Matsuki ",https://www.boatos.org/brasil/crianca-registrada-nome-alquingel-homenagem-covid-19-espirito-santo.html,0
2136,É #FAKE foto que mostra anúncio de curso de direito com críticas a ministros do STF,Imagem que circula em redes sociais é uma montagem. Dono de espaço publicitário diz que anúncio não existe.,circular rede social o imagem outdoor o imagem ministro stf dia toffoli carmen lúcia e gilmar mendes o o mensagem pagar mico ministrar stf o estudar direito unipec inscrição aberto unipec o imagém fake buscar reverso imagem mostrar montar foto real outdoor publicidade clínico estético o outdoor original ficar cidade contender paraná o mensagem falso o anúncio sorocaba sp o site mec ministério educação haver universidade nome cursar graduação direito cidade,política, 30/08/2019, Por G1 ,https://g1.globo.com/fato-ou-fake/noticia/2019/08/30/e-fake-foto-que-mostra-anuncio-de-curso-de-direito-com-criticas-a-ministros-do-stf.ghtml,0
2137,"Mesmo em fase 'paz e amor' de Bolsonaro, presidente e equipe reclamam nos bastidores de decisão do TSE ", 01/07/2020 12h17 ,o presidente jair bolsonaro fase paz e amor o judiciário bastidor e equipar reclamar decisão tribunal superior eleitoral tse autorizar o reabertura investigação o chapar presidencial bolsonaro-mourão assessorar presidente classificar o decisão tribunal forçar e sentir manter bolsonaro pressionar julgamento ações avaliação governar rejeitar tratar casar influenciar resultar eleição n terça-feira o tse voto o autorizar o possibilidade reabertura prazo apresentação provar ações apresentar o chapar invasão site crítico candidatura atual presidente repúblico o desempatar presidente tse luís roberto barroso afirmar considerar grave o fato feito invasão o site internet desvirtuar mensagem durante o campanha presidencial o equipar presidente negar participação episódio,política, 01/07/2020 12h17 , ,https://g1.globo.com/politica/blog/valdo-cruz/post/2020/07/01/mesmo-em-fase-paz-e-amor-de-bolsonaro-presidente-e-equipe-reclamam-de-decisao-do-tse.ghtml,1
2138," Relator da Lava Jato, Fachin não advogou pelo MST, mas apoiou Dilma em 2010  ",,"passeata o o governar jair bolsonaro psl haver s ruir criticar o atuação stf supremo tribunal federal ano o argumentar manifestante enviesar internet voltar o circular montagem antigo criticar o ministrar edson fachin relator operação lavar jato tribunal conduta profissional vergonha fachin o relator lavar jato stf o seguinte acusações:- defender o paraguai o brasil casar itaipu- advogar mst- campanha o pt 2010""credibilidade concluir o imagem o montagem levar foto fachin o estrelo pt testo o texto indicar o montagem antigo vestir fachin assumir o relatoria lavar jato stf fevereiro haver postagens similar o ano passar intensificar s crítico o o supremo apoiadores governar o uol conferir checar item o o seguir",política,19/07/2019 04h01 ,Lucas Borges Teixeira,https://noticias.uol.com.br/confere/ultimas-noticias/2019/07/19/relator-da-lava-jato-fachin-nao-advogou-pelo-mst-mas-apoiou-dilma-em-2010.htm,0
2139,"

Gol está dando 2.500 passagens grátis no WhatsApp por causa de aniversário #boato 
","Boato – A Gol Linhas Aéreas está fazendo aniversário e dando 2.500 passagens grátis. Para ganhar, só é preciso compartilhar um link com amigos no WhatsApp.",hoje o gol 2.500 passagem grátis comemoração 55º aniversário dia durar o gol ofertar passagem gratuito comemoração 22º aniversário o gol oferecer 2.500 passagem grátis celebrar 21º aniversárioestamos comemorar aniversário passagem grátis vôos nacional responder perguntar abaixar – o motivar viagem féria trabalhar – o empresar aéreo favorito gol – ficar insatisfeito algum viagem o gol qualificar receber passagem e voltar grátis proceder compartilhar o promoção contatos whatsapp compartilhar clicar escolher destinar e seguir instrução receber passagem dia útil whatsapp escolher destinar,entretenimento,09/01/2020,"
Edgard Matsuki ",https://www.boatos.org/tecnologia/gol-dando-2-500-passagens-gratis-whatsapp-aniversario.html,0
2140,"
  Vídeo de motoristas de caminhão-pipa descartando água é anterior ao governo Bolsonaro","Um vídeo em que uma mulher filma dois motoristas de caminhão-pipa descartando um grande volume de água foi amplamente compartilhado em redes sociais no início de julho como se mostrasse pipeiros contratados pelo governo do Ceará, dirigido pelo PT, sabotando um canal recém-inaugurado pelo presidente Jair Bolsonaro no estado. As imagens foram feitas, contudo, em Alagoas em junho de 2017, mais de um ano antes da eleição de Bolsonaro. Envie-nos por WhatsApp Email",“ pipeiros contratar governar demoníaco água canal inaugurar cear jogar esquerdo maldizer o câncer sociedade lamentável e desolador ” o legendar acompanhar o vídeo publicação compartilhar 4.600 twitter o dia julho gravação mulher aproximar caminhões-pipa e mostrar motorista jogar volumar água “ água canal estragar o água e jogar ” denunciar imagem ilustrar diverso postagens semelhante facebook e instagram somar visualização horar “ o presidente levar água o governar cear retirar e jogar ” escrever usuário o o publicar o vídeo,brasil,10/07/2020 às 20:45,AFP Brasil,https://checamos.afp.com//video-de-motoristas-de-caminhao-pipa-descartando-agua-e-anterior-ao-governo-bolsonaro,0
2141,Saúde autoriza 117 leitos de Suporte Ventilatório Pulmonar para o Distrito Federal,,"o ministério saudar autorizar n semana leito suportar ventilatório pulmonar lsvp atendimento exclusivo o paciente confirmar suspeito covid-19 caráter excepcional e temporário o distrito federal autorização o reforçar estruturar hospital especializar unidade misto hospital pequeno portar pronto socorro unidade pronto atendimento hospital campanha e hospital gerar leito possuir estruturar simples unidade terapia intensivo uti e receber paciente gravar doença precisar suportar oxigênio o portar publicar diário oficial união – acesseaqui.o repassar mensal r$ 27,2 milhão retroativo competência trimestre e distrito federal",saúde,31/03/2021 13h16, ,https://www.gov.br/saude/pt-br/assuntos/noticias/saude-autoriza-117-leitos-de-suporte-ventilatorio-pulmonar-para-o-distrito-federal,1
2142,"Agora é assim? Mesmo com ‘fadiga’ de vídeo, reuniões presenciais devem diminuir","Ronaldo Lemos e Bia Granja participaram de live para discutir vida digital pós-pandemia. Para eles, isolamento mostrou que nem tudo precisa ser feito presencialmente.",isolamento pessoa descobrir precisar feito presencialmente reunião d opinião advogar e pesquisador especializar tecnologia ronaldo ler sexta-feira convidar live “ ” discutir o impactar pandemia coronavírus inovação e vidar digital brasileiro o cofundadora youpix bia granja participar converso “ reunião presenciar diminuir o o mundo ” ronaldo passar aplicativo videoconferência significar cansaço tela,política, 25/08/2020 06h00 , Por G1 ,https://g1.globo.com/agora-e-assim/noticia/2020/08/25/agora-e-assim-mesmo-com-fadiga-de-video-reunioes-presenciais-devem-diminuir.ghtml,1
2143,Ministério da Defesa desmente boato de que Exército tenha construído 2 mil leitos em 48 horas,,forçar armar fato atuado montagem hospital campanha verdade construir 2.000 leito horar afirmar postagens rede social chino hospital campanha leito e feito horar,saúde,2020/04/02,Comprova,https://projetocomprova.com.br/publicações/ministerio-da-defesa-desmente-boato-de-que-exercito-tenha-construido-2-mil-leitos-em-48-horas/,0
2144,o papar francisco cancelar o bíblia e propor livrar,,o notícia recente circular voltar o compartilhar o fevereiro acordar o texto o sumir pontífice afirmar o bíblia desatualizada e o notícia sobrar o versão livrar – chamar bíblia – cair comer umar bomba entrar o fiel conservador,entretenimento,26/02/2020,gilmar lopes,https://www.e-farsas.com/o-papa-francisco-cancelou-a-biblia-e-propos-um-novo-livro.html,0
2145,Trump diz que vacina para novo coronavírus virá 'rapidamente' e que risco aos EUA ainda é baixo,"Porém, instituto norte-americano diz que vacina só poderia entrar em aplicação em no mínimo um ano. Apesar de fala otimista do presidente, secretário de Saúde afirma que risco pode escalar rapidamente.","O presidente dos Estados Unidos, Donald Trump, afirmou nesta quarta-feira (26) que os cientistas do país já estão a caminho de encontrar uma vacina contra o novo coronavírus.  No entanto, segundo a emissora Fox News, o chefe do Instituto Nacional de Alergia e Doenças Infecciosas, Anthony Fauci, disse que uma vacina contra o novo coronavírus só poderia entrar em aplicação após um ano ou um ano e meio. Isso porque ela ainda dependeria de testes, desenvolvimento e produção.  O presidente ainda disse estar disposto a aprovar um orçamento superior a US$ 2,5 bilhões nos esforços de combate ao novo coronavírus — algo ainda em discussão no Congresso norte-americano entre parlamentares democratas e republicanos.  Trump também anunciou que o vice-presidente dos EUA, Mike Pence, comandará o grupo de trabalho responsável por lidar com o novo coronavírus no país. Ele prometeu atuar em conjunto com as autoridades de saúde dos estados norte-americanos.",ciência, 26/02/2020 21h03 , Por G1 ,https://g1.globo.com/mundo/noticia/2020/02/26/trump-diz-que-vacina-para-novo-coronavirus-vira-rapidamente-e-que-risco-aos-eua-ainda-e-baixo.ghtml,1
2146,"

Eduardo Braga grava áudio falando sobre falta de oxigênio no Amazonas #boato 
","Boato – Vazou um áudio do ex-governador Eduardo Braga falando sobre a falta de oxigênio no Amazonas. No arquivo, ele acusa Wilson Lima de não querer comprar oxigênio de opositor.",explicar rapidamente exatamente o acontecer governar amazona o white martim r$ milhão o white martim demandar oxigênio falar o governar iriar liberar oxigênio e o governar pagar o propaganda o governador dinheiro caixa pago pagar e libero.nisso empresar o carboxi marcelo dutra entupir oxigênio verdadeiramente oferecer hospital privar clínico etc e o marcelo dutra amazonino mendes secretário ambientar presidente ipaam e secretário estadual ambientar n o governador comprar marcelo dutra oposição o o governar d o o governador o polícia frente fábrica governar apoiar vender oxigênio o objetivo denegrir o imagem d empresar mentir o marcelo publicação instagram d agorinha o carboxi entupir oxigênio e abastecer manaus inteira.vejam o maldade governador homem genocida tá matar mundo e d inimigo d amigar inimigo o white martim pagar oxigênio oposição o vedar o vender imaginar verdadeiramente conseguir entender o população unir matar caro impressionante o caro tá tá mandar buscar cilindro e tá buscar oxigênio impressionante o maldade coração d homem incrível,política,21/01/2021,"
Edgard Matsuki ",https://www.boatos.org/politica/eduardo-braga-grava-audio-falando-sobre-falta-oxigenio-amazonas.html,0
2147,"Com críticas a Moro, STF exclui delação de Palocci de processo contra Lula  ",,o turma stf supremo tribunal federal determinar hoje o exclusão delação ex-ministro antonio palocci processar operação lavar jato o ex-presidente luiz inácio lula silvar pt o decisão respeitar ação penal lula réu 13ª varar federal curitiba acusar receber propinar odebrecht terreno o instituto lula e dinheiro empreiteiro comprar o apartamento vizinhar o o morar bernardo campar sp o decisão turma tomar voto o ministro ricardo lewandowski e gilmar mendes favorável exclusão trecho delação o ministrar edson fachin relator processar votar o pedir defeso o delação palocci juntar o o processar lula juiz sergio morar retirar o sigilar documentar o dia turno eleição presidencial,política,04/08/2020 18h25Atualizada em 04/08/2020 22h30 ,Felipe Amorim,https://noticias.uol.com.br/politica/ultimas-noticias/2020/08/04/com-criticas-a-moro-stf-exclui-delacao-de-palocci-de-processo-contra-lula.htm,1
2148,SP vai pedir aplicação emergencial da CoronaVac à Anvisa na quinta  ,,o governar paulo pedir o autorização o emergencial coronavac vacinar o covid-19 n quinta-feira anvisa agência nacional vigilância sanitário o anúncio durante o entrevisto coletiva governar o anúncio reclassificação cidade planar paulo o documentação e estudo laboratório sinovac biotech autor vacinar mão o anvisa dia autorizar o aplicação imunizante fonte centrar contigência o o coronavírus paulo ouvir uol haver razão visão o órgão aprovar o vacinação o compor pressão político haver motivar barrar,saúde,04/01/2021 20h25Atualizada em 04/01/2021 22h25 ,Leonardo Martins ,https://noticias.uol.com.br/saude/ultimas-noticias/redacao/2021/01/04/sp-vai-pedir-aplicacao-emergencial-da-coronavac-a-anvisa-nesta-quinta-feira.htm,1
2149,Proposta de Boulos para o Pacaembu geraria ônus de no mínimo R$ 94 milhões  ,,revogar o concessão estádio pacaembu prever o programar governar candidatar guilherme boulos psol obrigar o prefeitura paulo o devolver mínimo o investir empresar vencer o licitação jurista consultar uol o montante chegar o r$ milhão d total r$ milhão corresponder o o pagar o prefeitura condição o assinatura contratar setembro r$ milhão referir s despesa feito pacaembu cálculo prefeitura atividades executar o início desmobilização pacaembu e o sondagem solo casar conseguir provar o existência ilegalidade contratar precisar pagar indenização o o consórcio vencedor o allegra pacaembu,política,28/11/2020 04h00Atualizada em 28/11/2020 22h39 ,Amanda Rossi e Gabriela Sá Pessoa,https://noticias.uol.com.br/eleicoes/2020/11/28/proposta-de-boulos-para-o-pacaembu-geraria-onus-de-no-minimo-r-94-mi.htm,1
2150,"
  São falsas as afirmações sobre a pandemia do advogado Reiner Fuellmich replicadas nas redes","Publicações compartilhadas milhares de vezes em redes sociais desde meados de outubro replicam a alegação, feita pelo advogado alemão Reiner Fuellmich, de que teriam sido cometidos “crimes contra a humanidade” durante a gestão da crise do novo coronavírus no mundo. De acordo com as postagens, a pandemia atual é “uma fraude”, uma vez que os testes PCR não detectam a infecção causada pelo Sars-CoV-2. Esta afirmação, como muitas outras difundidas por Fuellmich, é falsa, como explicaram especialistas consultados pela AFP.Envie-nos por WhatsApp Email",“ oms acusar crime o humanidade fraudar pandemia ” comedir publicação compartilhar facebook e instagram outubro o texto continuar detalhar o denúncia feito advogar alemão reiner fuellmich o haver indício o pandemia covid-19 “ passar pandemia teste ” exame pcr seriar capaz identificar infecção causar coronavírus “ teste inflar falso ” concluir postagens o denúncia citar rede feito fuellmich inglês vídeo minuto publicar youtube dia outubro remover plataforma violar termo serviço o gravação visualizar aproximadamente milhão,brasil,29/10/2020 às 18:16,AFP França,https://checamos.afp.com//sao-falsas-afirmacoes-sobre-pandemia-do-advogado-reiner-fuellmich-replicadas-nas-redes,0
2151,Bolsonaro diz que daqui um tempo não vai ter mais carne na Argentina  ,,o presidente jair bolsonaro n quinta-feira proibir o exportação carnar d o algum o argentino ficar carnar live semanal bolsonaro voltar o atacar venezuela e argentino país governar esquerdo e aproveitar destacar problema argentino atuais preço locar carnar o argentino problema sério o argentino acabar impedir proibir o exportação carnar o preço alto e o governar pensar abastecer o mercar internar carnar barato,política,20/05/2021 21h36 ,20/05/2021 21h36 ,https://economia.uol.com.br/noticias/reuters/2021/05/20/bolsonaro-diz-que-daqui-um-tempo-nao-vai-ter-mais-carne-na-argentina.htm,1
2152,"Em meio a pandemia e problemas digitais, eleição termina em 26 estados  ",,o votação turno eleição municipal encerrar hoje brasileiro participante o festa democracia pleno pandemia coronavírus marcar filar problema digitar o e-título e tentativo atacar hackers o o tse tribunal superior eleitoral neutralizar relatório tse 147.918.483 eleitor apto o votar disponibilizar 400.257 urna eleitoral d 3.381 trocar e 51.977 contingência,política,15/11/2020 17h01Atualizada em 16/11/2020 00h55 ,Douglas Porto e Ricardo Marchesan ,https://noticias.uol.com.br/eleicoes/2020/11/15/eleicoes-municipais-2020-votacao-encerrada.htm,1
2153,"Isolado em Bangcoc, na Tailândia, brasileiro relata a situação da cidade   ",,dia março danilo limar sair brasil rumar tailândia esposo e cunhar curtir féria pessoa imaginar o coronavírus mudar plano dúvida viagem decidir manter o programação caso brasil e país asiático prever o surtir vir apesar decisão danilo deixar informar atualizações propagação vírus vir acompanhar notícia locar pego surpreso contar danilo registrar o regrar distanciamento elevador imagem danilo limar,saúde,28/03/2020 04h00 ,Pedro Fonseca,https://www.uol.com.br/nossa/noticias/redacao/2020/03/28/isolado-em-bangcoc-na-tailandia-brasileiro-relata-a-situacao-da-cidade.htm,1
2154,umar mulher avisar pelar espírito santo parir embarcar avião fogo,,o história umar passageiro avisar divino parir embarcar avião acabar fogo surgir whatsapp o semana outubro e espalhar rapidamente o redar social,entretenimento,4/10/20194,gilmar lopes,https://www.e-farsas.com/uma-mulher-foi-avisada-pelo-espirito-santo-para-nao-embarcar-em-aviao-que-pegou-fogo.html,0
2155,Infecção de Rodrigo Faro não prova ineficácia da vacina contra a covid-19  ,,umar publicação enganoso o instagram sugerir o vacinar o covid-19 ineficaz o apresentador tv rodrigar farar testar positivar parir o sars-cov-2 dia receber o dosar imunizante pelar período entrar o vacinação e o surgimento sintoma entretanto farar infectar antar vacinar considerar o doença levar dia o contato o vírus parir manifestar d especialista ouvir pelar comprovar assinalar dosar levar tornar semana parir produzir o respostar imune o vacinar aplicar o brasil coronavac astrazeneca e pfizer exigir dose parir completar o esquema vacinal e n caso o pessoa considerar imunizar dia receber o dosar o país o janssen único aplicação o assessoria farar procurar informar vacinar o apresentador receber,entretenimento,08/07/2021 18h18 ,08/07/2021 18h18 ,https://noticias.uol.com.br/comprova/ultimas-noticias/2021/07/08/infeccao-de-rodrigo-faro-nao-prova-ineficacia-da-vacina-contra-a-covid-19.htm,0
2156, É montagem: faculdade não ironizou ministros do STF em outdoor  ,,circular rede social o agostar mostrar polêmica propaganda faculdade paulista ironizar o conhecimento ministro stf supremo tribunal federal promover o publicação levar foto outdoor supostamente colocar centrar sorocaba interior paulista pagar mico ministrar stf o estudar direito unipep o supor anúncio o propaganda levar foto dia toffoli presidente tribunal e colega cármen lúcia e gilmar mendes o setembro o publicação compartilhamentos,entretenimento,19/09/2019 04h00 ,Lucas Borges Teixeira,https://noticias.uol.com.br/confere/ultimas-noticias/2019/09/19/e-montagem-faculdade-nao-ironizou-ministros-do-stf-em-outdoor.htm,0
2157,"Uso de máscaras diminui vírus no ambiente e pode frear 2ª onda de contaminação por coronavírus no Brasil, diz médica",Ministério da Saúde ampliou a indicação de medidas preventivas e incluiu o uso de máscaras para evitar a propagação de novos casos de Covid-19.,o máscara diminuir o presença coronavírus sars-cov-2 ambientar e frear onda caso covid-19 brasil acordar o médico cardiologista jaqueline scholz ano carreira e vivenciou crise saudar surto meningite e pandemia h1n1 e aids o principal medir evitar o propagação vírus o isolamento social o recomendação máscara haver o transição isolamento social o isolamento vertical ficar quarentenar riscar afirmar scholz o máscara imperioso evitar onda contaminação alertar n quarta-feira 1º o ministrar saudar luiz henrique mandetta afirmar máscara proteção servir barreirar eficiente o população o coronavírus o sugestão ministrar o máscara alternativo preservar cirúrgico e n95 profissional saudar o população dever máscara evitar o propagação coronavírus,ciência, 02/04/2020 13h58 ," Por Elida Oliveira, G1 ",https://g1.globo.com/bemestar/coronavirus/noticia/2020/04/02/uso-de-mascaras-diminui-virus-no-ambiente-e-pode-frear-2a-onda-de-contaminacao-por-coronavirus-no-brasil-diz-medica.ghtml,1
2158,"
  A França incluiu na lei um novo critério para a interrupção médica da gravidez, já possível em toda a gestação","Publicações compartilhadas dezenas de milhares de vezes em redes sociais, inclusive por políticos brasileiros, afirmam que uma emenda à lei de bioética francesa, adotada na noite do último dia 31 de julho, permitiria a realização do aborto voluntário “até os nove meses de gestação” no país. Isso não é verdade. A emenda não diz respeito ao aborto voluntário (IVG), possível até as 12 semanas na França, mas inclui um critério de “sofrimento psicossocial” para a interrupção médica da gravidez (IMG). Esse procedimento já era possível durante toda a gestação, mas depende de condições rígidas.Envie-nos por WhatsApp Email",“ calar noite o assembleia nacional francês aprovar série mudança lei bioética país legalizar o abortar voluntário o gestação voto o representar aprovar prático o assassinato bebês ” publicação compartilhar agostar facebook mensagem semelhante multiplicar facebook instagram e twitter artigo somar compartilhamentos horar artigo virar indicar texto o possibilidade abortar fase gravidez frança casar malformação fetal e perigar o saudar mãe título o entender o emendar aprovar recentemente referir o o abortar voluntário necessidade avaliação médico tampouco explicar o diferençar existente lei francês o abortar voluntário e o abortar médico,política,12/08/2020 às 22:38,Juliette Mansour,https://checamos.afp.com//franca-incluiu-na-lei-um-novo-criterio-para-interrupcao-medica-da-gravidez-ja-possivel-em-toda,0
2159,"'São números impressionantes', diz infectologista sobre estudo em Serrana  ",,o infectologista renato kfouri hoje estudar vacinação serrano interior paulo impressionante o trabalhar conduzir instituto butantan mostrar o pandemia controlar população adulto vacinar o covid-19 vacinação o coronavac o estudar mostrar morte covid-19 cidade cair e hospitalização quedo caso sintomático cair casar vidar real o despeitar preliminar cautela avaliar impressionante detalhe comparativo município vizinho e lockdown variável o considerar entender o real impactar kfouri o o uol news,saúde,31/05/2021 12h50Atualizada em 31/05/2021 14h00 ,31/05/2021 12h50Atualizada em 31/05/2021 14h00 ,https://noticias.uol.com.br/saude/ultimas-noticias/redacao/2021/05/31/sao-numeros-impressionantes-diz-infectologista-sobre-estudo-em-serrana.htm,1
2160,"Di Ferrero sobre coronavírus: 'Quando respiração fica curta, dá desespero'  ",,di ferrero falar experiência o covid-19 durante participação encontrar fátima bernardes o vocalista nx o apresentador famoso brasileiro o revelar o diagnóstico falar experiência o coronavírus mexer o respiração desesperar o respiração ficar curto chato dificuldade dormir contar di falar o importância fã recuperação manter o cabeça o principal o solidariedade pessoa fã mandar conversar comigo conseguir trocar idear o experiência e o papel passar certar confortar pessoa perguntar trocar manter difícil e ficar pensar o lição ficar o gente passar onda solidariedade cultura doação continuar vírus incentivar,saúde,11/05/2020 11h21 ,11/05/2020 11h21 ,https://entretenimento.uol.com.br/noticias/redacao/2020/05/11/di-ferrero-sobre-coronavirus-quando-respiracao-fica-curta-da-desespero.htm,1
2161,"Por coronavírus, Federação do Rio amplia recesso do Carioca até 30 de abril  ",,o federação futebol rir janeiro ferj comunicar hoje o campeonato carioca ficar suspenso o dia abril inicialmente o estadual voltar d paralisação dia noto assinar presidente rubens lopes o ferj ressaltar o necessidade integrar o esforçar concentrar visar conter o disseminação coronavírus o federação futebol rir janeiro empenhar combater o o coronavírus decidir estender o recesso atividades relacionar o o futebol rir janeiro abril pic.twitter.com/eh09n4gyre o campeonato carioca paralisar dia reunião federação e clube ocasião ficar definir o suspensão atividades dia,saúde,25/03/2020 18h28 ,25/03/2020 18h28 ,https://www.uol.com.br/esporte/futebol/ultimas-noticias/2020/03/25/por-coronavirus-federacao-do-rio-amplia-recesso-do-carioca-ate-30-de-abril.htm,1
2162,"

Charge da revista Time mostra Bolsonaro defendendo o Brasil do comunismo #boato 
",Boato – Revista norte-americana Time publicou charge em que o presidente Jair Bolsonaro defende o Brasil do comunismo.,charge publicar revisto americano time e o melhor expressão vir o situação atual parabém o o criador revisto time publicar charge o brasil hoje parabém revisto americano,política,20/05/2019,"
Carol Lira ",https://www.boatos.org/politica/charge-revista-time-bolsonaro-comunismo.html,0
2163,Saúde autoriza 9 leitos de UTI Covid-19 para Alagoas,,o ministério saudar autorizar n quarta-feira 07/04 leito uti adulto o o alagoa atendimento exclusivo o paciente grave covid-19 o medir reforçar o estruturar hospitalar único saudar sus e continuidade o o o pastar prestar o município e distrito federal o início pandemia o município maceió beneficiar conformar portar publicar diário oficial união – acesse o repassar mensal r$ retroativo competência março o autorização leito uti covid-19 ocorrer demandar autonomia disponibilizar e financiar leito necessário apesar d o ministério saudar decorrência atual cenário emergência disponibilizar recurso financeiro e auxílio técnico o enfrentamento doença,saúde,08/04/2021 13h10,Ministério da Saúde(61) 3315-3580 / 2351,https://www.gov.br/saude/pt-br/assuntos/noticias/saude-autoriza-9-leitos-de-uti-covid-19-para-alagoas,1
2164,Marcos Rogério e Aziz protagonizam bate-boca em discussão sobre TrateCov  ,,o discussão o lançamento tratecov ministério saudar manaus janeiro d ano desembocar bate-boca o presidente cpi covid omar aziz psd-am e o senador governista marco rogério dem-ro o trocar farpar começar aziz questionar o secretário gestão trabalhar e educação saudar ministério saudar mayra pinheiro motivar o aplicativo relançar acordar mayra o ferramenta salvar vidar o formulação tratecov secretariar comandar mayra polêmicas envolver o trabalhar médico ministério saudar o plataforma recomendar o antibiótico cloroquina ivermectina e fármaco náusea e diarreia sintoma ressacar fadigar e dor cabeça bebês aziz senador amazona o governar manaus cobaia testar o aplicativo,política,25/05/2021 13h20 ,Amanda Pupo e Matheus de Souza,https://noticias.uol.com.br/ultimas-noticias/agencia-estado/2021/05/25/cpi-marcos-rogerio-e-aziz-protagonizam-bate-boca-em-discussao-sobre-tratecov.htm,1
2165,Ministério da Saúde prorroga 16 leitos de UTI em Pernambuco,,"o ministério saudar prorrogar n sexta-feira leito uti adulto atendimento exclusivo o paciente grave covid-19 beneficiar município o ação combater o o coronavírus pernambuco pe o o repassar o o r$ 1,5 milhão o custear d unidade dia portaria autorizar o prorrogação custear leito publicar diário oficial união hoje 17/12 o governar federal ministério saudar prorrogar osleitos deutidestinados o o tratamentodepacientes o covid-19 agostar d ano o gestor saudar solicitar o o ministério saudar o prorrogação avaliar necessário atender orientação pastar o taxar ocupação superior o leito encontrar planar contingência total prorrogar o país 18.166 leito uti solicitar e município o repassar governar federal r$ bilião pagar parcelar único",saúde,18/12/2020 21h19,Por Lídia MaiaMinistério da Saúde(61) 3315-3587/3580,https://www.gov.br/saude/pt-br/assuntos/noticias/ministerio-da-saude-prorroga-16-leitos-de-uti-em-pernambuco,1
2166,traficante armar fuzil morrer coronavírus confrontar o polícia,,o imagem aparecer o redar social o março e mostrar frame parecer jornal globonews n apresentador telejornal link umar repórter o ruir e umar manchete afirmar traficante morrer coronavírus enfrentar armar o polícia,entretenimento,30/03/2020,gilmar lopes,https://www.e-farsas.com/um-traficante-armado-com-fuzil-morreu-de-coronavirus-apos-confronto-com-a-policia.html,0
2167,É #FAKE que imagens mostrem drone sobrevoando porto de Beirute e atirando objeto momentos antes de explosão,"Vídeo, na verdade, foi publicado em 30 de julho e foi feito em Hula, a 100 km de Beirute.",circular rede social vídeo mostrar drone voar lançar objeto o o solo o legendar acompanhar imagem afirmar drone acionou o bomba beirute o vídeo gravar dia agostar explosão ocorrer portar beirute deixar morto e ferir verdade imagem mostrar drones hula cidade ficar o km beirute e publicar mídia libanês dia julho reportagem afirmar drones inimigo sobrevoar o cidade e lançar objetos o o solo,mundo, 05/08/2020," Por Roney Domingos, G1 ",https://g1.globo.com/fato-ou-fake/noticia/2020/08/05/e-fake-que-imagens-mostrem-drone-sobrevoando-porto-de-beirute-e-atirando-objeto-momentos-antes-de-explosao.ghtml,0
2168,Randolfe diz que CPI da Covid já conseguiu ajuste de 'postura' do governo  ,,o senador e vice-presidente cpi covid randolfe rodrigar rede-ap declarar hoje o instalação colegiado conseguir mudança posturar presidente jair bolsonaro ações enfrentamento pandemia coronavírus o parlamentar o comissão senado conseguir bolsonaro o máscara locar público e privar leitura rodrigar o mínimo o entender o importância proteção motivação cpi pandemia sobretudo viabilizar vacinar o o país melhorar o estruturar saudar e reduzir o morte covid-19senador randolfe rodrigar rede-ap,política,10/05/2021 16h34Atualizada em 10/05/2021 22h09 ,10/05/2021 16h34Atualizada em 10/05/2021 22h09 ,https://noticias.uol.com.br/politica/ultimas-noticias/2021/05/10/cpi-da-covid-randolfe-diz-que-ja-ve-ajuste-de-postura-do-governo.htm,1
2169,hackers invadir o site xvideos e filmar usuário suar webcams,,e o hacker instalar script malicioso o gravar o ação usuário durante visitar o o site script coletado outro informação comer lista contatos messenger facebook contar email e umar senha acesso utilizar pelar vítima,entretenimento,18/06/2019,marco faustino,https://www.e-farsas.com/hackers-invadiram-o-site-xvideos-e-filmaram-usuarios-atraves-de-suas-webcams.html,0
2170,Novo Boletim Epidemiológico da Covid-19 traz balanço de infecções em profissionais de saúde ,,o documentar apresentar análise detalhar o perfil caso e óbito doença o ministério saudar publicar n quarta-feira o boletim epidemiológico especial nº o covid-19 brasil o publicação apresentar o detalhamento perfil caso e óbito doença macrorregiões e unidade federação d trazer balançar infecção coronavírus profissional saudar atuando o início pandemia assistência s pessoa covid-19 o objetivo oferecer preciso o cenário atual doença e permitir o o público adequar ações e agir efetividade proteção e assistência população o dia julho 173.440 caso síndrome gripal sg confirmar o covid-19 profissional saudar o país profissão registrar caso técnico auxiliar enfermagem 59.635 seguir enfermeiro 25.718 médico 19.037 agente comunitário saudar 8.030 e recepcionista unidade saudar 7.642 o caso grave doença covid-19 necessitar internação hospitalar confirmar caso técnico auxiliar enfermagem afetados caso seguir médico e enfermeiro d morte registrar covid-19 profissional saudar,saúde,08/07/2020 23h41,(61) 3315-2535/2351,https://www.gov.br/saude/pt-br/assuntos/noticias/novo-boletim-epidemiologico-da-covid-19-traz-balanco-de-infeccoes-em-profissionais-de-saude,1
2171,EUA usam agentes para saber com quem estiveram os infectados por Covid-19; entenda como funciona o rastreamento de contato,"Iniciativa é tentativa de cortar as transmissões –pessoas que foram expostas são alertadas de que têm alta chance de adoecer ou espalhar coronavírus. No Brasil, há monitoramento de tendência. Pesquisa indica que haveria rejeição a monitoramento de celular.",planejamento o sair confinamento país governo pandemia covid-19 incluir o implementação programar rastreamento contato pessoa consistir converso telefônicas infectar agente contratar o doente descrever pessoa passar recente informação o servidor ligar o lista fornecido e avisar o pessoa precisar manter quarentenar d interrompe-se o transmissão coronavírus o york eua plano o governador andrew cuomo anunciar plano contratar agente o rastreamento contato pessoa infectar,política, 30/04/2020 05h02 , Por Felipe Gutierrez ,https://g1.globo.com/bemestar/coronavirus/noticia/2020/04/30/eua-usam-agentes-para-saber-com-quem-estiveram-os-infectados-por-covid-19-entenda-como-funciona-o-rastreamento-de-contato.ghtml,1
