,Titulo,Subtitulo,Noticia,Categoria,Data,Autor,URL,Classe
9050,Onyx: Roma terá equipe afinada para que assistência social seja uma realidade  ,,o ministrar secretariar presidência repúblico onyx lorenzoni afirmar n quarta-feira o ministrar cidadania joão roma equipar afinar o assistência social brasil realidade onyx passar o comandar o secretariar tomar posse pastar n noite cerimônia roma assumir o ministério cidadania durante falir onyx agradecer o o republicano escolher roma substituí-lo cidadania afirmar o governar bolsonaro 23º nenhum casar corrupção governar d ressaltar o sanção o presidente jair bolsonaro o o projeto lei autonomia banco central aprovar congresso planar governar o presidente repúblico jair bolsonaro participar n quarta-feira evento palácio planalto posse ministro evento o presença presidente banco central roberto campo neto e ministrar economia paulo guedes bolsonaro sancionar o lei autonomia bc,política,24/02/2021 19h43 ,Fabrício de Castro e Emilly Behnke,https://noticias.uol.com.br/ultimas-noticias/agencia-estado/2021/02/24/onyx-roma-tera-equipe-afinada-para-que-assistencia-social-seja-uma-realidade.htm,1
9051,Witzel volta a morar em casa no Rio 4 dias após Tribunal determinar despejo  ,,o governador afastar rir wilson witzel psc voltar o morar residência família bairro grajaú zonar norte carioca o mudança confirmar manhã hoje assessoria witzel dia o tribunal especial misto formar julgar denúncia impeachment determinar o despejar palácio laranjeira o uol publicar sexta-feira o decisão recorrer judicialmente ordem despejar tomar o pedir primeira-dama heleno witzel entender d o permanência expor o família e passar o mensagem witzel lutar justiçar manter regalia o imóvel família passar obrar o reformar apressar recebê-los acordar comunicar divulgar hoje witzel passar o ocupar o palácio laranjeira segurança durante o período ocupar o palácio laranjeira residência oficial governador rir janeiro o seguir orientação segurança razão deslocamento proximidade governar o palácio guanabara trecho,política,09/11/2020 12h30 ,Gabriel Sabóia,https://noticias.uol.com.br/eleicoes/2020/11/09/witzel-volta-a-morar-em-casa-no-rio-4-dias-apos-tribunal-determinar-despejo.htm,1
9052,É #FAKE que Peru suspendeu testes com CoronaVac por problemas neurológicos em um voluntário,"Imunizante que gerou reação adversa não foi o da empresa Sinovac, mas o de outro laboratório chinês, o Sinopharm, que não está em teste no Brasil. A CoronaVac, por sua vez, não é testada no Peru.",circular rede social o governar peru paralisar teste o coronavac – vacinar farmacêutico sinovac brasil parceria o instituto butantan governar paulo – contar reação adverso gravar voluntário o mensagem falso foto governador joão doria segurar caixa o coronavac o tarjar “ urgente peru testar vacinar chinês causar paralisia perna ” o mensagem afirmar doria “ genocida disfarçar moço ” o vacinar ensaio clínico interrompido o farmacêutico chinês o sinopharm o anúncio dia instituto nacional saudar ins peruano o suspensão temporário e determinar voluntário apresentar problema neurológico,saúde, 16/12/2020," Por Roberta Pennafort, CBN ",https://g1.globo.com/fato-ou-fake/coronavirus/noticia/2020/12/16/e-fake-que-peru-suspendeu-testes-com-coronavac-por-problemas-neurologicos-em-um-voluntario.ghtml,0
9053,Atacante brasileiro em Portugal reclama de volta do futebol  ,,sandro limar atacante brasileiro gil vicente portugal afirmar o retornar futebol país o campeonato português voltar o disputar dia junho o jogador sentir segurar retornar apesar protocolo sanitário adotados o voltar esporte sentir segurar clube tomar medir corretar segurança particularmente acordar o retornar preferir acabar o campeonato e planejasse o temporada o certar acabar voltar entrevisto o o expediente futebol fox sports hoje o atacante incomodar o torcido o pandemia coronavírus tirar o brilhar futebol jogador habituar o o estranhar cumprir ordem papel o gente sentir calor torcido o pandemia vir estragar o brilhar futebol seguir frente complementar,saúde,12/06/2020 22h29 ,12/06/2020 22h29 ,https://www.uol.com.br/esporte/futebol/ultimas-noticias/2020/06/12/atacante-brasileiro-em-portugal-reclama-de-volta-do-futebol.htm,1
9054,Quando o crime só vem no fim. Ou: Atirando flechas e pintando o alvo depois  ,,"artigo o livrar suspeição merecer leitura atento haver o especial atenção revelar poder-se-ia o almo profundo juiz e lavar jato o casar bastardo inglório meramente suspeitar alberto zacharia toron o texto comedir epígrafe trecho alice outro espelhar lewis carroll reproduzo:""não perceber alice terrivelmente confuso o consequência viver trás o rei afavelmente o o princípio fica-se entontecer ... espécie lembrar melhor arriscou-se alice o perguntar oh acontecer semana responder o rei tom descuidar continuar pôr adesivo dedo falar o lembrar-me mensageiro rei prisão o castigar e o julgamento comedir senão quarta-feira e evidente o crime virar eis o culpar o crime lênio streck e marcar aurélio carvalho recorrer o imagem precisa:""o ex juiz e ex-ministro sergio morar figurar e errar jamais trucar o fator target -- atirar o flechar pinto o alvo pronto viver o égide jeito justiçar e combater o corrupção escolher culpar tratar ajustar fato o o resultar definir",política,03/08/2020 08h18 ,03/08/2020 08h18 ,https://noticias.uol.com.br/colunas/reinaldo-azevedo/2020/08/03/quando-o-crime-so-vem-no-fim-ou-atirando-flechas-e-pintando-o-alvo-depois.htm,1
9055,Comitê de SP não crê em vacina rápida: 'Vamos ter que conviver com o vírus'  ,,o comitê contingência combater o o coronavírus paulo acreditar desenvolvimento rápido vacinar o covid-19 entrevisto coletiva concedido hoje palácio bandeirante o diretor instituto butantan dimas cova provável o população conviver o circulação vírus o epidemiar anterior desafiar covid-19 o imunidade o vírus permanente indício significar o vírus seguir circular n vacinar testar mundo vacinar normalmente demorar o ano crise importante e experiência anterior coronavírus abreviar particularmente acreditar vacinar semestre ano dimas cova acreditar o coronavírus causar onda anualmente haver proteção amplo o coordenador controlo doença secretariar estadual saudar paulo menezes o doença mudar o o mundo funcionar,saúde,14/05/2020 13h32 ,Felipe Pereira,https://noticias.uol.com.br/saude/ultimas-noticias/redacao/2020/05/14/comite-de-sp-nao-cre-em-vacina-rapida-vamos-ter-que-conviver-com-o-virus.htm,1
9056,"

Maikelly Muhl morre após sofrer acidente de carro e contrair coronavírus #boato 
","Boato – A famosinha do Instagram Maikelly Muhl morreu após sofrer um acidente de carro enquanto fugia de um assalto, ser internada e contrair coronavírus. Além disso, a PF achou dinheiro e drogas no apartamento dela.","o famosinha instagram maikelly muhl sofrer acidentar grave tentativo assaltar trecho avenida julho o o jardim escapar bandido carro perseguir e atingir tiro maikelly perder o direção carro e bater o veículo provocar forte destruição o ambulância chegar minuto e conseguir levar maikelly o o hospital morumbi vidar horar maikelly acabar contaminar sintoma coronavírus e infelizmente vir óbito.de acordar denúncia feito diverso homem vítima estelionato causar maikelly o polícia federal apartamento luxar centrar paulo o ficar programar e vender drogar agente arrombar portar e encontrar papelote cocaína maconha loló skunky e ecstasy pistola semi automaticas pertencer maikelly encontrar diverso objetos luxar valido o ourar e prata e cercar r$ 450.000,00 dinheiro e cartão crédito clonar supostamente seriar durante golpe aplicar “ clientes”.no entento material incluir dinheiro e cartão apreendido policiar e o apartamento luxar pertencer o interditar indeterminar ninguém vender e comprar o terreno s ordem justiçar o corpo maikelly muhl cremar quinta-feira",entretenimento,28/07/2020,"
Edgard Matsuki ",https://www.boatos.org/entretenimento/maikelly-muhl-morre-apos-sofrer-acidente-carro-contrair-coronavirus.html,0
9057,"

Cientista da OMS vai ser condenada à morte por não recomendar ivermectina #boato 
","Boato – Por não ter recomendado a ivermectina para a população da Índia, Soumya Swaminathan, da OMS, pode ser condenada com pena de morte.",maio o indian bar association iba abrir processar o dr soumya swaminathan cientista-chefe oms acusando-a causar o morte cidadão indiano o o enganá-los sobrar o ivermectina o cientista oms acusar tweet enganoso maio o ivermectina resultar o remoção medicamentar protocolo pelar tamil nadu o dia seguinte acabar declarar tratamento eficaz o covid-19 o dr soumya swaminathan considerar culpar condenar morte prisão perpétuo,saúde,02/07/2021,"
Edgard Matsuki ",https://www.boatos.org/saude/cientista-oms-vai-ser-condenada-morte-nao-recomendar-ivermectina.html,0
9058,"Covid: Com 2.736 mortes em 24h, país bate média de 2.000 óbitos pela 1ª vez  ",,o brasil voltar o registrar n quarta-feira assustador pandemia coronavírus hoje o médio móvel óbito causar covid-19 o ultrapassar 2.000 vítima — o índice chegar o 2.031 morte o alto o pandemia 19º dia seguir hoje haver o recordar caso infecção pandemia 90.830 e o morto 2.736 período horar o levantamento consórcio veículo imprensar uol basear fornecido secretariar estadual saudar registro o brasil totalizar 285.136 morto e 11.700.431 infectar coronavírus o morte notificar dia ficar registrar o país 2.798 óbito dia seguir óbito computar dia e outro país,política,17/03/2021 19h44Atualizada em 17/03/2021 21h31 ,17/03/2021 19h44Atualizada em 17/03/2021 21h31 ,https://noticias.uol.com.br/saude/ultimas-noticias/redacao/2021/03/17/covid-19-coronavirus-casos-mortes-17-de-marco.htm,1
9059,"Família Bolsonaro lidera ataques à imprensa, diz Repórteres sem Fronteiras  ",,o presidente jair bolsonaro o viçar hamilton mourão ministro filho e assessorar ligar secretariar comunicação responsável ofenso o profissional imprensar brasil levantamento organização internacional repórter fronteiro divulgar n segunda-feira o família presidente aparecer principal ranking agressor imprensar ofenso compilar organização não-governamental ... ler íntegro o globo,política,25/01/2021 14h19 ,25/01/2021 14h19 ,https://noticias.uol.com.br/colunas/reinaldo-azevedo/2021/01/25/familia-bolsonaro-lidera-ataques-a-imprensa-diz-reporteres-sem-fronteiras.htm,1
9060,Ataque tira site da Repórter Brasil do ar e exige exclusão de reportagens  ,,o site repórter brasil parceiro uol alvo série ataque cibernético dia o chegar o deixá-lo ar dia o organização invasor ameaçar continuar o ação casar reportagem apagar o atacar acontecer janeiro o site ficar ar horar e-mail anônimo enviar perceber vcs passar problema tecnicos ultimar datar nao ocorrer novamente remover materias pastar sic respostar o repórter brasil ceder ameaçar e atender tentativo constrangimento ilegal representar autocensura conformar noto organização,política,12/01/2021 13h00 ,12/01/2021 13h00 ,https://noticias.uol.com.br/politica/ultimas-noticias/2021/01/12/ataque-tira-site-da-reporter-brasil-do-ar-e-exige-exclusao-de-reportagens.htm,1
9061,"Sem dinheiro, NY pode ter que dispensar servidores que combatem a covid-19  ",,o prefeito york o democrata bill blasio admitir hoje o cidade enfrentar problema financeiro e demitir servidor incluir atuam linha frente combater o o coronavírus o new york daily news profissional chamar herói jornal norte-americano passar semana receber salário — o o governar federal oferecer algum alívio econômico cidade conversar prefeito o país blasio durante coletiva diário o pandemia d republicano e democrata anunciar demissão e layoffs suspensão temporário contratar trabalhar começar o analisar possibilidade dinheiro acrescentar o prefeito anunciar projeções lutar recurso governar federal tirar d confusão o york merecer afirmar,saúde,06/05/2020 17h31Atualizada em 06/05/2020 17h34 ,06/05/2020 17h31Atualizada em 06/05/2020 17h34 ,https://noticias.uol.com.br/internacional/ultimas-noticias/2020/05/06/sem-dinheiro-ny-pode-ter-que-dispensar-servidores-que-combatem-a-covid-19.htm,1
9062,Calçadões e praças de Fortaleza ganham grades para impedir circulação  ,,o prefeito fortalezar roberto cláudio pdt anunciar hoje instalar grade o o longo calçadões e praça cidade impedir o circulação pessoa n espaço acordar o prefeito o ação necessário constatar aglomeração o decretar isolamento social vigor contar coronavírus vídeo divulgar facebook roberto cláudio declarar calçadões e praça equipar fiscalização o orientar o ocupação d espaço n período operação tom educativo ressaltar o mensagem e proibir o circulação pessoa pra atividades individuar coletivas lazer esporte espaço público n,saúde,09/06/2020 21h40 ,"Do UOL, em São Paulo",https://noticias.uol.com.br/cotidiano/ultimas-noticias/2020/06/09/calcadoes-e-pracas-de-fortaleza-ganham-grades-para-impedir-circulacao.htm,1
9063,"Reforma tributária está pronta e será entregue na terça-feira, diz Guedes  ",,"o ministrar economia paulo guedes afirmar o proposto reformar tributário governar pronto casar civil e levar terça-feira casar presidente senado davi alcolumbre o afirmação feito painel o econômico brasileiro expert xp evento online dia realizar xp investimento guedes afirmar entregar proposto o o presidente senado o sugestão incluir texto andamento comissão misto congresso levar o presidente senado encaminhar comissão misto guedes o ministrar o estratégia governar enviar proposto aproveitar texto discussão congresso começar unir citar o iva impor agregar acabar o pi cofins detalhar prazo n quarta-feira guedes voltar o defender impor transações digitar molde antigo cpmf entrevisto jovem pan o ministrar o alíquota pequenino 0,2 o idear guedes o tributar compensar o redução imposto e contribuição cobrar o folhar pagamento estimular o empregar formal",política,16/07/2020 19h35Atualizada em 16/07/2020 21h30 ,João José Oliveira e Filipe Andretta,https://economia.uol.com.br/noticias/redacao/2020/07/16/reforma-tributaria-esta-pronta-e-sera-entrega-na-terca-feira-diz-guedes.htm,1
9064,Vídeo de médicos estrangeiros é coletânea de informações falsas sobre a pandemia,,o vídeo circular rede produzir entidade congregar médico negacionistas pandemia covid-19 o mundo,saúde,2020/12/23,Comprova,https://projetocomprova.com.br/publicações/video-de-medicos-estrangeiros-e-coletanea-de-informacoes-falsas-sobre-a-pandemia/,0
9065,Comissão de juristas critica debate sobre nepotismo  ,,"A comissão de juristas responsável pela atualização da Lei de Improbidade Administrativa se opõe à mudança que pode acabar com a punição ao nepotismo. A brecha foi aberta pela versão atual da proposta apresentada pelo deputado Carlos Zarattini (PT-SP) e foi defendida nesta semana pelo líder do governo na Câmara, Ricardo Barros (PP-PR). Formada por advogados, juízes, procuradores e presidida pelo ministro do Superior Tribunal de Justiça (STJ) Mauro Campbell, a comissão foi responsável pela elaboração, em 2018, do texto do projeto hoje em discussão no Congresso. Após a proposta mudar radicalmente nas mãos do relator, o grupo encaminhou um parecer à Câmara, em novembro do ano passado, com nove sugestões. A comissão defende as punições por atos que violem os princípios da administração pública e os deveres de ""honestidade e imparcialidade"", previstos no artigo 11 da Lei de Improbidade. Essa é a base legal utilizada pelo Ministério Público para processar políticos que nomearam parentes para cargos administrativos. O nepotismo é proibido pelo Supremo Tribunal Federal (STF), desde 2008, por afrontar o princípio constitucional da impessoalidade.",política,25/02/2021 13h05 ,Breno Pires,https://noticias.uol.com.br/ultimas-noticias/agencia-estado/2021/02/25/comissao-de-juristas-critica-debate-sobre-nepotismo.htm,1
9066,"

Aplicativo que sugere troca de carona por sexo vai chegar ao Brasil em 2020 #boato 
",Boato – Um aplicativo holandês que sugere a troca de carona por sexo vai chegar ao Brasil em 2020. A ideia é que a “troca” fique mais clara tanto para o passageiro e para o motorista.,empresar holandês tecnologia testar brasil app “ carona ” permitir usuário pagar corrido sexo acordar pesquisar desenvolvido marcar o prático acontecer maneiro “ informais”.o objetivo o famoso uberquete ficar claro o passageiro o motorista o plataforma opção usuário escolher o gênero desejam.app aceito pagamento caronas sexo chagar brasil.a expressão debochar “ pagar corpo ” dinheiro suficiente levar sério.em chegar o o brasil aplicativo caronas o passageiro pagar o viagem sexo parecer o roteiro filmar pornô real.a idear testar o modalidade empresar tecnologia holanda – país hoje dia pagar aula direção transir,entretenimento,,"
Raiane Gonoli ",https://www.boatos.org/tecnologia/aplicativo-holandes-carona-por-sexo-chega-brasil.html,0
9067,O diagnóstico de demência pode ser fator de risco para o suicídio?,Pesquisadores da Universidade da Califórnia cruzaram dados de mais de 147 mil pessoas ,suicídio velhice problema relevante saudar público letalidade idoso comparar jovem fatores concorrer o situação claro o papel desempenhar quadro declínio cognitivo levar e demência tentativo suicídio o o literatura médico atestar o riscar aumentar caso demência associar o depressão pesquisador universidade califórnio san francisco passar trabalhar publicar março revisto científico “ jama psychiatry ” o estudar cruzar indivíduo d declínio cognitivo levar demência e transtorno o declínio cognitivo levar diagnóstico englobar dificuldade memória afetam atividades diário importante esquecer o gás o fornir ligar “ desaprender ” algum temer o o pessoa total domínio total paciente declínio cognitivo e demência suicídio doença o chamar o atenção pesquisador o riscar tentativo suicídio consistentemente paciente diagnóstico recente aumentar diagnosticar declínio cognitivo e receber o notícia quadrar demencial independentemente comorbidades médico e psiquiátrico levantamento recente realizar dinamarca chegar conclusão o riscar suicídio triplicar o diagnóstico pensamento o medo perder o autonomia tornar fardar e o antecipação acontecimento futuro motivo o atar o constatação desdobramento relevância termo saudar público o necessidade serviço suportar mitigar o problema afinal trata-se diagnóstico mudo o vidar humanar – acompanhamento psicológico o d precisar pensar formar reduzir o isolamento planejar cuidar paliativo e tomar decisão legar e financeiro cabíveis,ciência, 01/04/2021 06h00 , Rio de Janeiro ,https://g1.globo.com/bemestar/blog/longevidade-modo-de-usar/post/2021/04/01/entenda-se-o-diagnostico-de-demencia-pode-ser-fator-de-risco-para-o-suicidio.ghtml,1
9068,"

Associação portuguesa relevante faz nota de repúdio contra Bolsonaro #boato 
",Associação portuguesa relevante faz nota de repúdio contra Bolsonaro #boato,“ associação pelar fraternidade portugal-brasil noto repúdio vir d manifestar inteirar repúdio o o episódio ocorrer o dia agostar brasília durante umar recepção e almoçar o palácio planalto receber pelar sr jair messias bolsonaro o excelente presidente portugal marcelo rebelar sousa e suar comitiva piar cunhar sexual mesa referência jocoso o o português e comentário distante esperar estadista o sr bolsonaro destilar desenvoltura repertório asneiro e grosseria constranger o seleto grupar autoridade internacionais.ao o brasil seguir crise sanitário o país o mundo matar pelar covid isolar economicamente e diplomaticamente pedir público desculpar o mínimo aguardar subscrever o direção apfpb rir janeiro lisboa agostar ”,mundo,17/08/2021,"
Kyene Becker ",https://www.boatos.org/mundo/associacao-portuguesa-relevante-faz-nota-repudio-contra-bolsonaro.html,0
9069,É #FAKE que vídeo mostre criança colocando fogo em supermercado atacadista de Campo Grande,"Imagens de criança brincando com fósforos e colocando fogo em prateleira são antigas, de 2018, e foram gravadas em uma loja do Assaí em Niterói (RJ). Chamas foram controladas rapidamente. Já a causa do incêndio de grandes proporções ocorrido no Atacadão, em Mato Grosso do Sul, ainda é investigada.",circular rede social vídeo mostrar criança colocar fogo prateleiro supermercado legendar acompanhar o vídeo achar filhar trabalhar conhecer o júlia heleno colocar fogo atacadão mãe passar setor fósforo o vídeo mostrar o criança colocar fogo prateleiro e o incêndio atacadão ocorrer buscar reverso imagem levar o vídeo feito ano identificar o loja assaí niterói rir janeiro procurar o assessoria assaí confirmar imagem e gravar,entretenimento, 12/10/2020," Por Roney Domingos, G1 ",https://g1.globo.com/fato-ou-fake/noticia/2020/10/12/e-fake-que-video-mostre-crianca-colocando-fogo-em-supermercado-atacadista-de-campo-grande.ghtml,0
9070,"Brasileiro recebe vacina Sputnik V na Rússia: ""Tenho total confiança""  ",,apaixonar futebol o jornalista fábio aleixo rússia cobrir o copar mundo freelancer estudar o língua e haver visitar o país o evento acabar contratar fixar empresar e pensar procurar trabalhar lembrar apesar diferençar cultural e climático — hoje o brasil anoto clima quentar diferente cidade moscar registrar -21ºc — quase ano fábio sentir completamente casar e lar escolher surgir o oportunidade o conterrâneo brasileiro esperar ansiedade o imunizar-se o covid-19 atuando produtor língua espanholar canal inscrever-se receber o vacinar o processar aberto profissional mídia quinzena dezembro,saúde,14/01/2021 14h03 ,Giulia Granchi,https://www.uol.com.br/vivabem/noticias/redacao/2021/01/14/brasileiro-recebe-vacina-sputnik-v-na-russia-tenho-total-confianca.htm,1
9071,"

Efetivo de reserva do Exército, Marinha e Aeronáutica é convocado para ser mesário nas eleições #boato 
","Boato – Ministério da Defesa convoca efetivo de reserva do Exército, da Marinha e Aeronáutica para trabalhar como mesário nas eleições. Portal G1 deu a notícia. ",“ ministério defeso colocar o efetivo reservar remunerar o disposição tse trabalhar mesário o país eleição municipal o ministrar defeso gen ex fernando azevedo e silvar acabar anunciar efetivo reservar forçar empregar eleição municipal contratar o regime prestador tarefar certo(pttc o solicitação ministério saudar receber pedir tribunal superior eleitoral o tse dever o pandemia covid-19 e surgimento caso contaminação medir preventivo o aumentar significativo posto votação gerar defasagem voluntário civil e demandar mesário o g1 entrar contato o assessoria imprensar ministério defeso informar apesar reservar militar e voluntário o cumprimentar missão “ o efetivo reservar voluntário e distribuir município conformar o necessidade suprir o coeficiente eleitoral ” dia chamar militar ”,política,10/09/2020,"
Kyene Becker ",https://www.boatos.org/politica/efetivo-reserva-exercito-marinha-aeronautica-convocado-mesario-eleicoes.html,0
9072,É #FAKE que família de Ciro Gomes é dona de 77 empresas de carros-pipa no Ceará,"Publicação sugere que transposição do São Francisco afeta interesse de empresas do tipo. Mensagem, porém, usa foto com caminhões de Pernambuco. Diretor de sindicato de pipeiros diz que empreendimentos do ramo no estado são apenas cerca de 30. ",circular rede social cartaz o rostir ex-candidato presidência ciro gomar e o frase empresar carros-pipa cear dever falir família gomar entender o pt concluir o obrar eduardo rodrigar aragão diretor sindicato pipeiros cear ouvir falar envolvimento família gomar carros-pipa d haver hoje cercar empresar o hoje pessoa físico outro detalhar indicar o falsidade o foto mensagem mostrar caminhões-pipa ação ocorrido outro pernambuco o imagem aparecer publicação exército,política, 06/07/2020," Por Roney Domingos, G1 ",https://g1.globo.com/fato-ou-fake/noticia/2020/07/06/e-fake-que-familia-de-ciro-gomes-e-dona-de-77-empresas-de-carros-pipa-no-ceara.ghtml,0
9073,"
  Este trem não possui a inscrição “COVID-19”, seu fabricante afirma que a foto viral é uma montagem","A imagem de um vagão de trem com a inscrição “COVID-19” foi compartilhada milhares de vezes em redes sociais desde o último dia 17 de março, com usuários questionando se ela provaria que o novo coronavírus foi espalhado propositalmente pelo mundo. No entanto, a fabricante destes vagões, uma empresa norte-americana, assegurou que a foto foi manipulada, já que nenhum de seus veículos leva tal código.Envie-nos por WhatsApp Email",“ amigar receber foto zap e deixar gente intrigar o mundo atacar biologicamente e reforçar o tesar o chino o golpe econômia mundial infectar espalhar mundo sic ” perguntar usuário o o publicar o imagem facebook postagem compartilhar 3.500 o dia março o foto aparecer diverso publicação redar social circular francês e espanhol n idioma legendar assegurar o imagem provar o coronavírus criar unir imagem viralizada identificar o inscrição “ covid-19 ” cantar direito vagão e o pareceser outro texto escrever letra imagem publicar espanhol cantar esquerdar vagão o inscrição “ gatx ” demonstrar abaixar,saúde,24/03/2020 às 21:32,"Sami Acef, AFP Espanha, AFP Brasil",https://checamos.afp.com//este-trem-nao-possui-inscricao-covid-19-seu-fabricante-afirma-que-foto-viral-e-uma-montagem,0
9074,É #FAKE que CIA colocou Foro de São Paulo na lista de organizações terroristas,Lista oficial da agência de inteligência norte-americana não menciona Foro de São Paulo entre grupos terroristas no mundo. O Brasil nem sequer aparece na relação.,bombado rede social texto o ciar o agência inteligência norte-americana colocar o foro paulo lista perigoso e rico organização terrorista mundo o foro paulo constar lista terrorista divulgar ciar mencionar organização afeganistão argélia bangladesh burkina faso colômbio egito etiópia faixar gaza grécia índio indonésio irã iraque israel japão líbano líbio mali niger nigéria paquistão peru filipino somália espanha sri lanka sírio tunísia turquia reinar unir iêmen e cisjordânia o lista ciar aliás apresentar ordem alfabético haver classificação feito acordar cifrar organização movimentar o mensagem falso,política, 02/12/2019, Por G1 ,https://g1.globo.com/fato-ou-fake/noticia/2019/12/02/e-fake-que-cia-colocou-foro-de-sao-paulo-na-lista-de-organizacoes-terroristas.ghtml,0
9075,"

3 Corações está dando cafeteira para quem responder três perguntas e compartilhar link #boato 
","Boato – A 3 Corações está dando uma cafeteira para todas as pessoas que entrarem em um site, responderem três perguntas e compartilharem o link de um site russo com amigos no WhatsApp.",graça o cafeteiro o coração responder perguntar sortear responder ganhar site]essa cafeteiro conquistar cafeteiro tres coração sortear responder ganhar clicar “ ” e seguir instrução promoção válido indeterminar durar estoques.responda o perguntar – o único marcar café cafeteiro grátis nescafé pilão coração melitta – selecione o voltagem desejar 110v 220v – desejar compartilhar amigo promoção e ganhar capsulas sortir cafeteiro ja pronto enviar seguir indicação compartilhar ofertar contatos e whatsapp completar o barrir inferior whatsapp enviar dia útil 0%100,entretenimento,11/07/2020,"
Edgard Matsuki ",https://www.boatos.org/tecnologia/3-coracoes-dando-cafeteira-responder-tres-perguntas-compartilhar-link.html,0
9076,Infectologista lembra da morte de parentes por covid e se emociona ao vivo  ,,jamal suleiman infectologista hospital emílio riba emocionar o o viver o o falar o pandemia covid-19 hoje recentemente perder parente o irmão e o cunhar causar doença o ficar e o gente agarrar o gente viver juntar guardá-los eternamente espaçar guardar pessoa o gente amo o gente tocar desculpar ... emocionar passar ninguém sofrer impactar comentar jamal entrevisto globonews o infectologista destacar o covid-19 matar pessoa jovem e pedir o sociedade normalizar fato,saúde,05/05/2021 07h52 ,05/05/2021 07h52 ,https://noticias.uol.com.br/saude/ultimas-noticias/redacao/2021/05/05/infectologista-lembra-da-morte-de-parentes-por-covid-e-se-emociona-ao-vivo.htm,1
9077,Comércio de rua volta a funcionar oficialmente no Rio  ,,restrição função combater pandemia coronavírus o comércio ruir município rir janeiro voltar o abrir portar o hoje 11h s 17h autorização prefeito marcelo crivella republicanos-rj o planar flexibilização ações combater covid-19 município prever o liberação funcionamento comércio ruir julho o medir antecipar crivella o prefeitura o antecipação abertura ocorrer avaliação científico assessorar o prefeito medir relativo pandemia salão beleza ruir liberar funcionar intervalar horário estabelecimento comerciar o dia salão beleza autorizar o funcionar shopping estabelecimento ruir reabrir salão oferecer serviço cabelar e manicure depilação design sobrancelha e serviço seguir proibir loja funcionar capacidade lotação e portar aberto ventilação ambientar funcionário e cliente precisar manter distanciamento si e o banheiro oferecer material o cliente lavar mão salão beleza receber terçar capacidade total filar esperar agendamento prévio permitir servir comido bebido,saúde,27/06/2020 13h33 ,Fábio Grellet e Daniela Amorim,https://noticias.uol.com.br/ultimas-noticias/agencia-estado/2020/06/27/comercio-de-rua-volta-a-funcionar-oficialmente-no-rio.htm,1
9078,"

Boechat zombou de Deus semanas antes de sua morte e foi castigado #boato 
","Boato – Semanas antes da sua morte, o jornalista Ricardo Boechat zombou de Deus e do Apocalipse. Ele foi castigado por causa disso.",semana morte o jornalista ricardo boechat zombar e brincar deus e desqualificar o livrar apocalipse o jesus acompanhar o vídeo deus brincar,entretenimento,14/02/2019,"
Edgard Matsuki ",https://www.boatos.org/religiao/boechat-zombou-deus-morte-castigado.html,0
9079,"Livro discute relação entre jornalismo e ""populismo digital""  ",,o jornalismo perder capacidade instalar brasil o redução tamanho redações e volumar conteúdo publicar governante buscar promoção pessoal ocupar rede social e buscar dominar o debater público o mediação feito imprensar fenômenos e consequência trazer o democracia o pilar central recém-lançado livrar jornalismo retração expansão o morte opinião público autoria ricardo gandour diretor executivo redar cbn e ex-diretor conteúdo o obrar o o quantificar o crise jornal país termo perda mão obrar e página impresso pesquisar dissertação mestrado autor universidade paulo usp amostrar incluir veículo concentrar circulação nacional mostrar jornal redução profissional e e respectivamente relatar manter aumentar o jornalista atividade o pesquisar monitorou o atividade digital governador tomando-os representativo universo político facebook período distinto,política,09/08/2020 07h57 ,Daniel Bramatti,https://noticias.uol.com.br/ultimas-noticias/agencia-estado/2020/08/09/livro-discute-relacao-entre-jornalismo-e-populismo-digital.htm,1
9080,É #FAKE que governo do PA colocou presos para monitorar se pessoas cumprem distância mínima umas das outras nos pontos de ônibus,"Mensagem falsa tem circulado nas redes sociais. Não é verdade. Detentos apenas fizeram a marcação, com tinta, no chão dos pontos de ônibus, sob monitoramento de agentes públicos.",circular rede social mensagem afirmar o governar parar colocar preso monitorar o ônibus e garantir pessoa manter o distanciamento adequar verdade verdade detentos prisional parar o marcação chão tinto amarelo distância seguro pessoa ônibus o trabalhar monitorado agente secretariar administração penitenciário seap o conteúdo compartilhar falsar distorcer o realidade fato representar desserviço população n pandemia o informação salvar vidar o noto governar parar,brasil, 11/04/2020, Por G1 ,https://g1.globo.com/fato-ou-fake/coronavirus/noticia/2020/04/11/e-fake-que-governo-do-pa-colocou-presos-para-monitorar-se-pessoas-cumprem-distancia-minima-umas-das-outras-nos-pontos-de-onibus.ghtml,0
9081,Fachin mantém PGR sem acesso a dados da Lava Jato; plenário vai decidir  ,,o ministrar edson fachin supremo tribunal federal stf negar n segunda-feira pedir reconsideração decisão impedir o procuradoria-geral repúblico pgr receber investigação forças-tarefa operação lavar jato paraná rir janeiro e paulo fachin afirmar levar o recurso pgr julgamento diretamente plenário stf e pedir informação procurador atuam caso operação lavar jato rir janeiro paulo e paraná ... ler íntegro g1,política,10/08/2020 16h58 ,10/08/2020 16h58 ,https://noticias.uol.com.br/colunas/reinaldo-azevedo/2020/08/10/fachin-mantem-pgr-sem-dados-da-lava-jato-plenario-vai-decidir.htm,1
9082,É #FAKE que vídeos mostrem filha de Julia Roberts cantando música trilha de filme da atriz e 'Garota de Ipanema',"Quem aparece esbanjando talento com o clássico de Tom Jobim e Vinícius de Moraes em inglês e interpretando 'The way you look tonight', canção de 'O casamento do meu melhor amigo', é uma cantora armênia que lembra Julia quando jovem. Hazel, filha da atriz, nem sequer se parece com a garota.",vídeo viralizado rede social mostrar jovem cantar garoto ipanema inglês e o músico trilhar filmar o casamentar melhor amigar legendar tratar hazel filho atriz julia roberts legendar louvar o timbrar usual voz pessoa cantar – fato o atriz jovem o rostir o sorriso e cabelo lembrar julia filmar “ lindo mulher ” ano hazel o filho atriz aparecer imagem e o cantor armênia arpi petrosyan compartilhar vídeo canal youtube passar o fato músico “ the way you look tonight ” trilhar filmar “ o casamentar melhor amigar ” estrelar julia ajudar o reforçar o tesar o filho d imagem,entretenimento, 03/07/2020," Por Roberta Pennafort, CBN ",https://g1.globo.com/fato-ou-fake/noticia/2020/07/03/e-fake-que-videos-mostrem-filha-de-julia-roberts-cantando-musica-trilha-de-filme-da-atriz-e-garota-de-ipanema.ghtml,0
9083,Governo de Minas muda Belo Horizonte e outras regiões para onda vermelha  ,,o governador minar gerar romeu zema anunciar hoje mudança gestão pandemia covid-19 passar diverso região fase restritivo o região metropolitano belo horizonte região mudar onda roxo o onda vermelho região metropolitano belo horizonte região curvelo microrregião manhuaçu região triângulo norte e sul e região macro jequitinhonha norte sudeste e sul o termo o onda vermelho evolução destacar zema o governador alertar o população confortar hospitalar operar carga pesar profissional saudar cansar vago lembrar precisar tomar cuidar dobrar leito enfermar e uti contribuir dever quantidade caso precisar cautela,saúde,15/04/2021 12h24 ,15/04/2021 12h24 ,https://noticias.uol.com.br/saude/ultimas-noticias/redacao/2021/04/15/governo-de-minas-muda-belo-horizonte-e-outras-regioes-para-onda-vermelha.htm,1
9084,"Ação de 'uns poucos' não instalará 'temor ou fraqueza' em juízes, afirma Cármen Lúcia","Ministra abriu sessão do STF com discurso sobre cenário político. 'Constituição não é um artificio, e direitos não são de menor importância', afirmou Cármen.",o ministro supremo tribunal federal stf cármen lúcia afirmar n terça-feira o ação “ ” instalar temor fraqueza integrante magistratura brasileiro o declaração início sessão turma stf o ministro preocupar o cenário buscar construir palco sociopolítico país cármen lúcia cenário “ instigar e incentivar ” e “ e espontâneo o ministro falar haver negar o acatar valorar humanidade respeitar individual social e institucional parecer preocupar o convivência dificultar diferente d facilitar ” sábado cercar apoiadores presidente jair bolsonaro lançar fogo artifício direção stf praça vídeo participante ameaçar o ministro e perguntar entender o recadar o procuradoria-geral repúblico abrir apuração preliminar casar,política, 16/06/2020 15h11 ," Por Rosanne D'Agostino, G1 — Brasília ",https://g1.globo.com/politica/noticia/2020/06/16/acao-de-uns-poucos-nao-instalara-temor-ou-fraqueza-em-juizes-afirma-carmen-lucia.ghtml,1
9085,É #FAKE que Schwarzenegger dormiu na rua sob estátua em homenagem a ele após recusa de hotel,Texto com informações falsas circula ao lado de foto feita pelo ator durante brincadeira em 2016.,circular internet foto ator arnold schwarzenegger deitar estátua construir homenagem o texto teor altruísta acompanhar o foto o mensagem dormir o hotel recusá-lo fake o imagem publicar orginamente perfil schwarzenegger instagram janeiro o o frase mudar o post curtir o o imagem real feito durante brincadeira ator adicionar mensagem circular web texto inglês traduzir o português,entretenimento, 17/12/2018, Por G1 ,https://g1.globo.com/fato-ou-fake/noticia/2018/12/17/e-fake-que-schwarzenegger-dormiu-na-rua-sob-estatua-em-homenagem-a-ele-apos-recusa-de-hotel.ghtml,0
9086,Covid-19: Ministro da Saúde do Chile cai após informar 2.000 mortos a mais  ,,o presidente chile sebastian piñera demitir o ministrar saudar jaime manalich pastar informar oms organização mundial saudar morto coronavírus país ultrapassar 5.000 acima oficial vítima o documentar o o o ciper centrar pesquisar e informação jornalístico acesso revelar o departamento estatístico ministério saudar chile relatar 5.000 morto oms quantidade o registrar contabilizar n sábado 3.101 morto março o polêmica o metodologia aplicar ministério ocorrer o chile somar 6.509 caso e morto registrar horar aumentar 167.355 infectar país milhão habitante o demissãoo presidente causar surpreso o o substituir n sábado o ministrar saudar durante o divulgação pandemia,saúde,13/06/2020 15h02 ,13/06/2020 15h02 ,https://noticias.uol.com.br/internacional/ultimas-noticias/2020/06/13/chile-informa-a-oms-o-dobro-de-mortos-por-covid-19-e-ministro-e-demitido.htm,1
9087,Doria pode revisar flexibilização após isolamento ficar novamente em 48%  ,,o índice isolamento social região metropolitano paulo dia consecutivo o governador joão doria psdb voltar o casar o ficar flexibilizar o quarentenar sinal amarelar registrar o franqueza coletivas decisão governar tomar base ciência medicinar e saudar índice realizar flexibilização brasileiro viver cidade região metropolitano o isolamento índice mínimo revisar o decisão flexibilização gradual isolamento incluir o capital afirmar hoje entrevisto coletiva palácio bandeirante o governar paulo trabalhar taxar mínimo isolamento o ideal e o médico e infectologista david uip chefe comitê contingência o o coronavírus paulo demonstrar preocupação o índice dia consequência grave e enfrentar montanha picar everest alterar o acadêmica observar diário e acompanhar projeções deixar claro preocupação nome tendência precisar voltar e compromisso o sociedade afirmar,saúde,24/04/2020 12h51 ,"Do UOL, em São Paulo",https://noticias.uol.com.br/saude/ultimas-noticias/redacao/2020/04/24/doria-pode-revisar-flexibilizacao-apos-isolamento-ficar-novamente-em-48.htm,1
9088,chaveiro colorir virar cachimbar vir estimular o consumir drogar o escola,"recentemente, em nosso grupo no facebook, fomos questionados a respeito de um “chaveiro colorido”. porém, esse não era um chaveiro qualquer. se desmontado e remontado de outra forma, virava uma espécie de cachimbo. a finalidade? o suposto uso de drogas por parte de crianças e adolescentes. havia, inclusive, um vídeo que servia de demonstração da transformação desse chaveiro em cachimbo.",vídeo disseminar pequeno página chamar “ o peixeiro ” facebook dia junho apresentar fonte atestar criança e adolescente portar objeto o vídeo tornar popular e visualizar confira-o abaixar,saúde,8/07/20198,marco faustino,https://www.e-farsas.com/um-chaveiro-colorido-que-vira-cachimbo-vem-estimulando-o-consumo-de-drogas-nas-escolas.html,0
9089,"

Vídeo mostra ponte lotada durante motociata em Chapecó (SC) #boato 
",Vídeo mostra ponte lotada durante motociata em Chapecó (SC) #boato,"“ olá pessoal umar olhar n multidão chapecó santo catarino habitante sair multidão apoiar o bolsonaro o motociata ibope ipec datafolha esquerdo mequetrefe vagabundo falar bolsonaro ganhar eleição compartilhar vídeo pessoal cadeia n bolsonaro lula o cadeia renan” “motociata apoiar o bolsonaro segundar o esquerdo apoiadores e segundar o ibope datar folhar ipec bolsonaro ganhar o fraudar chapecó sc habitante olhar o multidão apoiar o bolsonaro o brasileiro querer o lulanacadeia e suar turma foro sp o dirceu o quadrilha saquear cofre público o lavar jato r$ 14,7 bilião durante o ano governar petezada voltar o o o população brasileiro querer o vergonha renan canelheiros processo o stf voltar o comandar o senado e congresso ”",política,28/06/2021,"
Kyene Becker ",https://www.boatos.org/politica/video-mostra-ponte-lotada-durante-motociata-chapeco-sc.html,0
9090,Lava Jato: Lewandowski amplia acesso de Lula à delação da Odebrecht  ,,o ministrar ricardo lewandowski supremo tribunal federal stf ampliar o acesso ex-presidente lula pt o documento e provar colhido lavar jato o acordar leniência firmar o odebrecht e embasam denúncia supor favorecimento empreiteiro contrato o petrobras o decisão valido liminar setembro mandar o 13ª varar federal curitiba permitir o consulto petista o termo delação firmar o força-tarefa o decisão d garantir acesso o elemento probatório e informação incluir acordo cooperação internacional firmar força-tarefa conexo o o acordar leniência e denúncia lula o consulto permitir empregar acusação o aptidão contribuir o comprovação inocência ... ler íntegro estadão,política,16/11/2020 17h08 ,16/11/2020 17h08 ,https://noticias.uol.com.br/colunas/reinaldo-azevedo/2020/11/16/lava-jato-lewandowski-amplia-acesso-de-lula-a-delacao-da-odebrecht.htm,1
9091,Bolsonaro se reúne com chefes de Fla e Vasco em apelo por volta do futebol  ,,passar retornar futebol brasil o presidente jair bolsonaro receber n terço mandatário rodolfo landim flamengo e alexandre campello vasco o comitiva rubro-negra contar o médico márcio tannure e aleksander santo diretor clube o pontar ente governar pautar encontrar bolsonaro discutir o duplo principal entusiasta retornar futebol rir janeiro medir assegurar o bolar voltar o rolar o brevemente o coronavírus assombrar o país debater o presidente o duplo reunir o senador flávio bolsonaro almoçar rodar converso estender bolsonaro declarar desejar voltar esbarrar contrariedade prefeito marcelo crivella e governador wilson witzel antar dificuldade rir clube debater o possibilidade treino capital federal manhã hoje o flamengo avisar prévio retomar treino ninhar urubu o clube rodar testagens jogador e entender pronto,saúde,19/05/2020 14h57 ,Leo Burlá e Pedro Ivo Almeida,https://www.uol.com.br/esporte/futebol/ultimas-noticias/2020/05/19/bolsonaro-se-reune-com-chefes-de-fla-e-vasco-em-apelo-por-volta-do-futebol.htm,1
9092,Fake em Nóis: A história da Cloroquina!,,considerar o remédio milagroso combater o o coronavirus medicinar haver ano tratamento o malária o cloroquna e derivar – o hidroxicloroquina – virar famoso fármaco,entretenimento,15/07/2021,Gilmar Lopes,https://www.e-farsas.com/fake-em-nois-a-historia-da-cloroquina.html,0
9093,Nova CPMF vai ao freezer e pode ficar para 2021  ,,"operador político planalto considerar o hipótese votar o pedaço reformar tributário incluir o recriação cpmf eleição novembro privar avaliar o apreciação impor transações financeiro ministrar paulo guedes economia empurrar n hipótese aprovar o alíquota 0,2 passar o vigorar ano mandatar bolsonaro lei imposto cobrar ano seguinte o o criação semana passar o governar assegurar obter respaldar político enviar reformar o o congresso n segunda-feira cogitar levar o proposto o votar turno eleição municipal marcar novembro faltar combinar dono votar o o bolsonaro votar hoje o proposto paulo guedes rejeitar relatar líder reunir o presidente e ministro o guedes falar emendar constitucional exigir voto câmara o governar voto",política,29/09/2020 04h40 ,29/09/2020 04h40 ,https://noticias.uol.com.br/colunas/josias-de-souza/2020/09/29/nova-cpmf-vai-ao-freezer-e-pode-fica-para-2021.htm,1
9094,"Baixo Clero #48: ""Genocídio"" pauta debates sobre saúde e violência policial  ",,"No podcast Baixo Clero #48, a apresentadora, Carla Bigatto, e os jornalistas Diogo Schelp e Carolina Trevisan analisam os dois significados atribuído, atualmente, à palavra ""genocídio"". O Exército contesta o uso da expressão quando usada para definir políticas de saúde, mas e quanto a políticas de segurança pública? Participa da conversa o repórter do UOL Luís Adorno, um dos autores da reportagem especial sobre o impasse jurídico que suspende investigações contra PMs que matam suspeitos em São Paulo. Adorno explica que, segundo especialistas consultados na reportagem, policiais militares de baixa patente se sentem protegidos pelos discursos de incentivo ao confronto do presidente Jair Bolsonaro. Sobre o imbróglio envolvendo o Exército brasileiro e o ministro do STF (Supremo Tribunal Federal) Gilmar Mendes, Diogo Schelp é enfático. ""A verdade é que são mais de 20 membros das Forças Armadas só no Ministério da Saúde. Não tem como dizer que as Forças Armadas não estão com a imagem vinculadas ao desastre no combate à pandemia"".",política,16/07/2020 17h54 ,16/07/2020 17h54 ,https://noticias.uol.com.br/politica/ultimas-noticias/2020/07/16/baixo-clero-genocidio-pauta-debates-sobre-saude-e-violencia-policial.htm,1
9095,Palácio do Planalto é alvo de vandalismo com tinta vermelha,"Prédio faz parte do conjunto arquitetônico de Brasília, e ataque contra o patrimônio é vandalismo. Homem identificado como autor foi levado para a Polícia Federal, segundo a PM. ",homem ano acordar o polícia militar distrito federal jogar manhã d segunda-feira 8) baldar litro tinto vermelho frente o o palácio planalto direção rampa autoridade evento oficiar o pm o homem jogar o tinto carro movimentar deter e levar o polícia federal funcionário presidência acionados tirar o tinto bolsonaro prédio começar o limpeza o palácio o governar federal trabalhar o presidente jair bolsonaro o prédio conjuntar arquitetônico brasília considerar patrimônio humanidade unesco braço onu educação ciência e cultura d tombar instituto patrimônio histórico e artístico nacional iphan o atacar o o patrimônio vandalismo,política, 08/06/2020 10h00 ," Por Pedro Henrique Gomes, G1 — Brasília ",https://g1.globo.com/politica/noticia/2020/06/08/tinta-vermelha-e-jogada-em-frente-ao-palacio-do-planalto-e-funcionarios-da-limpeza-sao-acionados.ghtml,1
9096,É #FAKE que estudo da Coreia do Sul prove que quarentena é inútil para a população se proteger da Covid-19,"Pesquisa não analisou eficácia ou não do distanciamento social, e sim local de contaminação pelo coronavírus. Autor de estudo refuta mensagem falsa.",circular rede social estudar coreia sul concluir quarentenar evitar o contaminação covid-19 o pesquisar avaliar coreia sul referente o o período janeiro o março e publicar passar centers disease control and prevention cdc unir pesquisador constatar observar universo 5.706 paciente e 59.073 contatos o contaminação coronavírus provável morador casar pessoa o pesquisar concluir o isolamento ineficaz o população proteger contágio coronavírus o mensagem falso contrário pesquisador afirmar texto disponível internet “ o medir proteção individual e o distanciamento social reduzir o probabilidade transmissão,mundo, 04/08/2020," Por Roberta Pennafort, CBN ",https://g1.globo.com/fato-ou-fake/coronavirus/noticia/2020/08/04/e-fake-que-estudo-da-coreia-do-sul-prove-que-quarentena-e-inutil-para-a-populacao-se-proteger-da-covid-19.ghtml,0
9097,"No AM, técnica de enfermagem indígena é voluntária na luta contra a covid  ",,vicente piratapuia tribo piratapuia febre alto e dificuldade respirar recusar o deixar lar periferia cidade florestar amazônica precisar falir duro enfermeiro comunidade convencê-lo morrer casar recusar o pronto-socorro vanderlecia ortega santo vanda vizinho oferecer voluntário prestar o único atendimento linha frente comunidade indígena família e enfrentar o epidemiar covid-19 atingir manaus batalhar o comunidade descendente tribo diferente chamar parque tribo carecer água tratar esgotar e eletricidade lar,saúde,10/05/2020 04h00 ,Bruno Kelly,https://noticias.uol.com.br/ultimas-noticias/reuters/2020/05/10/enfermeira-indigena-voluntaria-amazonas.htm,1
9098,"Vídeo de aglomeração em Genebra é real, mas não prova que pandemia é farsa  ",,"o vídeo publicar junho canal mizuca youtube trazer imagem o situação genebra suíço e o pandemia coronavírus farsa"".antes exibir gravação narrar espanhol e mostrar pessoa interagir cidade suíço máscara e levar contar o distanciamento social o responsável canal afirmar cena gravar 1º junho cidade-sede organização mundial saudar oms revelar manipulação cenário pandemia o vídeo publicar dia página empresário luciano hang dono redar loja havan facebook",mundo,11/06/2020 20h40Atualizada em 22/06/2020 16h32 ,"Do UOL, em São Paulo",https://noticias.uol.com.br/comprova/ultimas-noticias/2020/06/11/video-de-aglomeracao-em-genebra-e-real-mas-nao-prova-que-pandemia-e-farsa.htm,0
9099,Xiaomi atualiza navegadores após especialistas denunciarem que apps coletavam informações de usuários,Empresa afirma que guarda apenas dados 'anônimos' e que atualizações 'vão além das obrigações legais' da companhia.,o fabricante celular chinês xiaomi lançar atualizações aplicativo navegação n segunda-feira melhorar o privacidade produto o medir respostar s denúncia feito especialista segurança programar coletando navegação usuário atualizados o mi browser pré-instalado celular fabricante o mi browser pro e o mint browser disponível play store google versão 12.1.4 mi browser e mi browser pro e 3.4.3 mint browser o coleta navegador xiaomi identificar pesquisador segurança gabi cirlig e andrew tierney relatar descobrir o o site forbes o publicação navegador xiaomi coletam informação o respeitar página visitar incluir termo buscar mecanismo pesquisar google duckduckgo,política, 05/05/2020 11h04 , Por Altieres Rohr ,https://g1.globo.com/economia/tecnologia/blog/altieres-rohr/post/2020/05/05/xiaomi-atualiza-navegadores-apos-especialistas-denunciarem-que-apps-coletavam-informacoes-de-usuarios.ghtml,1
9100,É #FAKE que ação do PSOL no STF quer obrigar escolas a adotar ideologia de gênero e instituir banheiros unissex,"Ação busca, na verdade, obrigar Plano Nacional de Educação e escolas a cumprir a Constituição e proteger crianças e adolescentes do bullying homofóbico.",circular rede social mensagem o stf votar o adir ação movido psol tornar obrigatório o ideologia gênero escola público e privar o mensagem aprovar criança escolher menino menino e banheiro comum procurar o stf fato o julgamento adir marcar o dia novembro fato o adir proposto psol o teor mensagem circular rede verdadeiro o julgamento buscar tornar obrigatório o ideologia gênero escola público e privar tampouco facultar s criança escolher menino menino o ação buscar tornar banheiro público comum,política, 04/11/2020," Por Roney Domingos, G1 ",https://g1.globo.com/fato-ou-fake/noticia/2020/11/04/e-fake-que-acao-do-psol-no-stf-quer-obrigar-escolas-a-adotar-ideologia-de-genero-e-instituir-banheiros-unissex.ghtml,0
9101,"

Bolsonaro vai mudar cor das cédulas de dinheiro para pegar os corruptos #boato 
","Boato – Depois de escutar sugestão de militares, Bolsonaro vai mudar a cor das cédulas de R$ 100, R$ 50 e R$ 20 para poder descobrir os corruptos do Brasil.",sugestão bolsonaro despejar dinheiro economia mudo o cor cédula r$ r$ e r$ dezembro o trocar antigo trocar o datar limitar perder o … real brotar parede buraco e malo castigar ladrão corrupto pai perder fortuna mexer “ tesouro ” repassar chegar equipar econômica e presidente bolsonaro o corrupto possuir dinheiro esconder bolsonaro mudar o cor noto .. kkkkkkkbolsonaro mudar o cor noto e coruptos ta fudidos jogar mestre bolsonaro determinar o trocar cor noto real acontecer o,política,23/05/2019,"
Edgard Matsuki ",https://www.boatos.org/politica/bolsonaro-mudar-cor-notas-dinheiro.html,0
9102,"
  Este manifestante não fingiu machucar a cabeça em protesto por morte de George Floyd","Um vídeo compartilhado milhares de vezes em redes sociais desde o início de junho assegura que um manifestante idoso fingiu ter machucado a cabeça após ter sido empurrado por um policial durante um protesto desencadeado pela morte de George Floyd, no estado de Nova York, nos EUA. No entanto, o homem foi hospitalizado e a Procuradoria disse que ele foi atendido com uma ferida na cabeça e uma hemorragia no ouvido. Sua advogada, além disso, classificou a alegação como “ridícula”.Envie-nos por WhatsApp Email",“ analisar cena início causar revolto ” o texto sobrepor o vídeo homem cair chão empurrar policial e comedir o sangrar ouvir “ homem ator chamar martin fugir ano reparar o câmera seguir mostrar o batido cabeça chão ... aparecer outro ator disfarçar o cena o homem cair apertar botão solto líquido vermelhar ouvir ” continuar o legendar vídeo compartilhar 6.500 twitter facebook e instagram o dia junho imagem originar estação rádio wbfo e mostrar homem identificar emissor martin gugino ano empurrar policial cidade buffalo york dia junho inicialmente agente seguir prestar atenção homem,política,17/06/2020 às 18:32,"Manon Jacob, AFP Estados Unidos, AFP Brasil",https://checamos.afp.com//este-manifestante-nao-fingiu-machucar-cabeca-em-protesto-por-morte-de-george-floyd,0
9103,Bancos avaliam flexibilizar crédito consignado para afetados pela crise  ,,banco estudar flexibilizar o crédito consignar descontar folhar pagamento trabalhador o render impactar durante o crise gerar coronavírus apurar o estadão/ broadcast mesa discussão visar o implementação mudança temporário o adequação parcelar operação contratar salário reduzir o contratar trabalhar suspenso âmbito medir provisório instituir o programar emergencial manutenção empregar e render converso tornar flexibilizar o consignar caso específico e indiscriminado modalidade avançar e evoluir projeto lei detalhar o executivo banco condição anonimato casar trabalhador salário e jornada reduzir o parcelar empréstimo contratar diminuir proporção o raciocínio valer o contratar trabalhar suspenso carência igual período parcelar mantido saldar devedor condição,saúde,28/04/2020 07h01 ,Aline Bronzati,https://economia.uol.com.br/noticias/estadao-conteudo/2020/04/28/corte-salarial-deve-flexibilizar-consignado.htm,1
9104,"

A Classe Média está de Partida é um texto escrito por Chico Buarque #boato 
",Boato – O cantor e compositor Chico Buarque de Hollanda escreveu um texto chamado A Classe Média está de Partida no qual ele critica a decadência de quem tinha a “ilusão que pertencia à elite”.,maravilhar texto o classe médio chico buarque holanda o classe médio afivelar malo longo viagem e voltar retornar deixar trás o ilusão pertencer o elite e imitar hábito e trejeito casto superior posar rico despedir apartamento financiar zonar nobre cidade garagem ficar o carro bacana prestação atrasar o o sonhar o filhar formar pós-graduação exterior embarcar o incerteza adquirir o aposentadoria e continuar o pagar o planar saudar família.esse exigir desapegar mimo grifar importar jantar creditar cartão viagem internacional o viagem pra ‘ pra ’ o classe médio semblante esposo trair o ex-marido manter casamentar oficial anterior o o d durar difícil acreditar o classe médio perder o voz o ímpeto o arrogância hoje andar disfarçar e correr câmara tv postagens indignar rede social sumir ruir e sacar o classe médio despedir levar malo camiseta seleção brasileiro e panela good bye,entretenimento,04/10/2020,"
Edgard Matsuki ",https://www.boatos.org/entretenimento/a-classe-media-esta-de-partida-um-texto-chico-buarque.html,0
9105,Irmãs morrem de Covid-19 em menos de 24 horas em Governador Valadares,,família governador valadares mg viver o drama morte irmão covid-19 intervalar horar danúbia pereira venâncio ano falecer quinta-feira dia e dia seguinte vanessa pereira venâncio ano perder o vidar decorrência complicação causar coronavírus o tio irmão valéria alves gravar relato perda e publicar vídeo perfil facebook sexta-feira dia informar danúbia haver morrer hospital regional governador valadares o sobrinho “ infelizmente d o família levantar o placa frase ‘ vencer o covid ’ vencer enterrar sobrinho danúbia frio o gente o gente o tocar e o vanessa o d continuar gravar rezar e esperar milagre ” lamentar o tio vídeo sexta-feira o vanessa piorar horar o irmão morrer internar hospital luca o dia n domingo dia valéria gravar outro vídeo comunicar o morte sobrinho o devastar o família o tio desabafar o irresponsabilidade pessoa covid-19 importar o doença tirar vidar “ família o covid vencer depositar esperançar recuperação vanessa e difícil acreditar morrer tragédia familiar enterrar ente querido prazo horar sobrinho danúbia e o irmão vanessa família destroçar o palavra fé manter pé seguir frente criança viver o lutar ano criança e descobrir o verdadeiro significar morte o presença mãe hoje sofrer e valéria alertar pessoa passar e família passar enterrar pessoa amo enterrar conseguir entender irresponsabilidade negacionismo olho o vírus o causar ”,saúde, Publicado em  14/12/20 09:22 ,Extra,https://extra.globo.com/noticias/coronavirus/irmas-morrem-de-covid-19-em-menos-de-24-horas-em-governador-valadares-24795763.html,1
9106,Japão desenvolve satélites de madeira para eliminar lixo espacial,"Para combater lixo espacial, empresa florestal japonesa fez parceria com a Universidade de Kyoto em iniciativa inédita no mundo.",empresar japonesar e o universidade kyoto unir forçar desenvolver o esperar satélite mundo feito madeirar o sumitomo forestry pesquisar o cultivar árvore e o material madeirar espaçar o parceria começar o experimentar diferente madeirar ambientar extremo terra o lixar espacial tornar problema crescente medir satélite lançar atmosfera,política, 30/12/2020 08h15 , Por BBC ,https://g1.globo.com/economia/tecnologia/noticia/2020/12/30/japao-desenvolve-satelites-de-madeira-para-eliminar-lixo-espacial.ghtml,1
9107,"

Ricardo Salles foi envenenado por governadores e teve que ser internado em 2021 #boato 
","Boato – O ministro do Meio Ambiente, Ricardo Salles, foi envenenado e teve que ser internado após reunião com governadores da Amazônia. Ele foi vítima de ecoterrorismo.",urgente valente ministrar ricardo salles vítima ‘ ecoterrorismo ’ provavelmente envenenar durante o reunião governador amazônia evidência mamão agente utilizar ataque ecoterrorista.o ministrar passar o noite hfa- hospital forçar armar lutar vidar o procedimento protocolo guerra biológico … desintoxicação hemodiálise o gsi alertar varredura palácio planalto,política,18/04/2021,"
Edgard Matsuki ",https://www.boatos.org/politica/ricardo-salles-envenenado-governadores-teve-internado-2021.html,0
9108,Saúde investiga possível caso de coronavírus em SP,,o ministério saudar conjuntar secretariar estadual e municipal paulo investigar casar doença coronavírus município paulo fevereiro 12h o hospital israelita albert einstein registrar o notificação casar suspeitar doença coronavírus covid-19 atendimento adotou medir preventivo transmissão gotícula coletou amostrar e realizar teste vírus respiratório comum e o exame específico sars-cov2 rt-pcr protocolo charité conformar preconizar organização mundial saudar oms resultar preliminar realizar unidade saudar e acordar o planar contingência nacional o hospital enviar o amostrar o laboratório referência nacional instituto adolfo lutz contraprovar,saúde,25/02/2020 23h28, ,https://www.gov.br/saude/pt-br/assuntos/noticias/saude-investiga-possivel-caso-de-coronavirus-em-sp,1
9109,"

Doria vai gastar R$ 22 bilhões com a vacina da China para imunizar São Paulo #boato 
","Boato – O governador João Doria vai gastar R$ 22 bilhões com a vacina da China para imunizar São Paulo. Enquanto isso, a vacina de Oxford custará apenas R$ 6 bilhões para imunizar o Brasil todo.",doriana gastar o nãovachina r$ bilião vacinar paulo fechadoscombolsonaroate2026quê gastar r$ bilião o vacinar oxford vacinar o brasil … doriatrancaruamais#brunocovase parente diretor butantã#dimascovasnão o cofre público paulo e paulistano … encher o bolsar o dinheiroa vacinar oxford pra imunizar brasileiro custar bilião real o vacinar chino pra imunizar o sp custar bilião real,saúde,13/12/2020,"
Raiane Gonoli ",https://www.boatos.org/saude/doria-gastar-22-bilhoes-vacina-china.html,0
9110,CE: Sindicato alerta para contaminação em massa em plataformas da Petrobras  ,,o sindicato petroleiro cear notificar o ministério público trabalhar mpt o contaminação massa coronavírus covid-19 plataforma petrobras hibernar recentemente único plataforma pxa1 campar xaréu trabalhador testar positivar total o sindicato contaminar petroleiro plataforma pxa2 interligar pxa1 e plataforma campar curimã apesar hibernar plataforma precisar empregar unidade manter o segurança equipamento o sindicato o circulação plataforma compartilhamento alojamento e refeitório mostrar o ineficácia medir tomar companhia proteger trabalhador,saúde,12/05/2020 13h32 ,Denise Luna,https://noticias.uol.com.br/ultimas-noticias/agencia-estado/2020/05/12/sindicato-alerta-sobre-contaminacao-de-covid-19-em-plataformas-da-petrobras-no-ce.htm,1
9111,China nega exigir testes de covid-19 com amostra anal de diplomatas dos EUA  ,,o ministério exterior chino negar hoje diplomata unir país instruir o passar exame covid-19 amostrar anal esteirar reportagem queixar procedimento o veículo mídia norte-americano viçar citar autoridade departamento o o exame enganir e o chino suspender exame diplomata eua ... o chino jamais pedir pessoal diplomático eua radicar chino passar exame amostrar anal o porta-voz chancelar zhao lijian coletiva imprensar diário pequim,saúde,25/02/2021 08h32 ,Gabriel Crossley,https://noticias.uol.com.br/ultimas-noticias/reuters/2021/02/25/china-nega-exigir-exames-de-amostra-anal-de-diplomatas-dos-eua.htm,1
9112,UOL e Folha sabatinam Erundina amanhã; vice de Covas não quis participar  ,,"O UOL, em parceria com a Folha de S.Paulo, sabatina nesta quarta (25), às 10h, Luiza Erundina (PSOL), vice na chapa de Guilherme Boulos (PSOL), em disputa pela Prefeitura de São Paulo. Por 30 minutos, ela será entrevistada por Gabriela Sá Pessoa, repórter do UOL, e Carolina Linhares, da Folha. A transmissão será ao vivo pela home do UOL e pelos canais do UOL no YouTube, Facebook e Twitter. O vereador Ricardo Nunes (MDB), vice na chapa do prefeito Bruno Covas (PSDB), foi convidado, mas disse, por meio da assessoria de sua campanha, que não compareceria por problemas de agenda, ""totalmente comprometida em reuniões, encontros e visitas aos bairros"".",política,24/11/2020 16h38 ,24/11/2020 16h38 ,https://noticias.uol.com.br/eleicoes/2020/11/24/sabatina-uol-folha-luiza-erundina.htm,1
9113,É #FAKE que 96% das mortes atribuídas à Covid-19 na Itália foram causadas por outras patologias,Mensagem que circula nas redes sociais é baseada em vídeo de parlamentar italiano. Deputado usa dados relativos a patologias prévias para diminuir número real de vítimas da doença no país. Professor da USP diz que afirmação não é correta.,"circular rede social mensagem atribuir morte covid-19 itália o patologia o mensagem mostrar o país inflar morto doença causar terrorismo o mensagem fonte vídeo parlamentar italiano vittorio sgarbi publicar dia abril o parlamentar oficiar s. “ morte verdade morto retórico e terrorismo instituto superior saudar 96,3 morrer patologia ” verdade patologia prévio paciente morrer covid-19 erroneamente o causar morte",saúde, 29/05/2020," Por Thaís Matos, G1 ",https://g1.globo.com/fato-ou-fake/coronavirus/noticia/2020/05/29/e-fake-que-96percent-das-mortes-atribuidas-a-covid-19-na-italia-foram-causadas-por-outras-patologias.ghtml,0
9114,"4 pontos falsos, 2 verdades e 3 imprecisões de Bolsonaro sobre coronavírus  ",,o o defender desobediência s recomendação oms organização mundial saudar e ministério saudar e cumprimentar manifestante domingo entrevisto cnn brasil o presidente jair bolsonaro utilizar argumento falso verdadeiro e imprecisos.o presidente questionar consenso médico internacional o o abordar o covid-19 doença causar coronavírus e distorcer histórico especialista ouvir uol conferir e luzir recomendação oms e governar federal,política,17/03/2020 04h01 ,"Colaboração para o UOL, em São Paulo",https://noticias.uol.com.br/confere/ultimas-noticias/2020/03/17/coronavirus-confere-bolsonaro.htm,0
9115,Paes: Rio tem CoronaVac para aplicação da 2ª dose até o fim de semana  ,,o prefeito rir janeiro eduardo paes dem-rj hoje o capital fluminense reservar técnico aplicação dosar coronavac população acordar o prefeito o estocar entanto duro o semana tomar o cuidar reservar o dosar óbvio reservar técnico ... o gente cobertura gordura haver atrasar o gente parar o processar vacinação.eduardo paes o declaração feito evento inauguração postar vacinação drive-thru base aéreo galeão ilhar governador zonar norte rir,saúde,29/04/2021 10h39Atualizada em 29/04/2021 13h12 ,Rai Aquino,https://noticias.uol.com.br/saude/ultimas-noticias/redacao/2021/04/29/vacina-covid-rio-de-janeiro-coronavac-eduardo-paes.htm,1
9116,"

Saiu o randomizado da ivermectina que mostra até 90% de eficácia #boato 
",Boato – Estudo randomizado da ivermectina mostra que substância é até 90% eficaz na profilaxia da Covid-19. ,“ o incrédulo sair o randomizado ivermectina pronto ai o eficácia e o comprovação cientifica pra querer “ ciência ” eficácia profilaxia tratamento precoce tratamento tardio ”,saúde,11/03/2021,"
Kyene Becker ",https://www.boatos.org/saude/saiu-randomizado-ivermectina-mostra-ate-90-eficacia.html,0
9117,Polícia descobre 33 cilindros de oxigênio que foram escondidos por empresa em Manaus; dono alegou 'medo de invasão',,o pastar o descobrir ocorrer bairro alvorar zonar centro-oeste capital sesc amazona denúncia anônima ação envolver o polícia militar e o polícia civil homem ano deter e responder reter produto o especulação informar o ssp-am acordar o delegar brunir fraga diretor departamento polícia interior dpi o homem possuir empresar comercialização cilindro oxigênio alegar interrogatório ficar medo o população invadir o estabelecimento buscar material e decidir tirá-lo informar cilindro haver envasar quarta-feira 13/01 material apreendido encaminhar noite hoje unidade hospitalar manaus o delegar policiar civil o escoltar material abastecimento unidade saudar redar estadual noite d quinta-feira o hospital beneficente português destinar cilindro o fundação centrar controlo oncologia amazona fcecon o spa raimundo e o spa coroar vídeo divulgar stories instagram mulher representar o fênix comércio defender acusação e afirmar o insumo encher balir oxigênio procurar o loja localizar proximidade o caminhão o autor denúncia anônima polícia o responsável prejudicá-la e prejudicar o empresar e aluno soldar polícia militar amazona pmam centrar formação e aperfeiçoamento praça o transportar e o segurança cilindro oxigênio vir paulo d quinta-feira dia policiar civil o escoltar material abastecimento unidade saudar redar estadual o hospital beneficente português destinar cilindro o fundação centrar controlo oncologia amazona fcecon o spa raimundo e o spa coroar,saúde, Publicado em  15/01/21 15:58 ,Louise Queiroga,https://extra.globo.com/noticias/coronavirus/policia-descobre-33-cilindros-de-oxigenio-que-foram-escondidos-por-empresa-em-manaus-dono-alegou-medo-de-invasao-rv1-1-24840309.html,1
9118,É #FAKE que agência norte-americana liberou uso de remédio experimental para todos os pacientes com Covid-19,Documento da FDA (Food and Drug Administration) deixa claro que medicamento só pode ser ministrado em ambiente hospitalar e em parte dos casos.,mensagem compartilhar rede social afirmar o fda food and drug administration órgão federal norte-americano regular o liberação remédio autorizar o cloroquina medicamentar experimental tratamento covid-19 paciente desenvolver o doença o liberação drogar antimalária feito o d o cloroquina o covid-19 ambientar hospitalar reforçar o documentar paciente grave receber dosagem pequeno explicar o virologista rômulo neris ufrj pesquisador visitante universidade califórnio,entretenimento, 13/04/2020," Por Roberta Pennafort, CBN ",https://g1.globo.com/fato-ou-fake/coronavirus/noticia/2020/04/13/e-fake-que-agencia-norte-americana-liberou-uso-de-remedio-experimental-para-todos-os-pacientes-com-covid-19.ghtml,0
9119,É #FAKE que foto aérea mostre multidão em protesto contra restrições na pandemia em Londres,Imagem que circula em redes sociais foi feita em 2018 durante manifestações em favor de referendo popular sobre o Brexit.,circular rede social foto aéreo mostrar protestar londres legendar o imagem mostrar mega manifestação restrição imposto pandemia cidade acordar agência notícia o protestar recente reunir cercar pessoa contigente o verificar foto viral buscar reverso imagem circular o mensagem falso mostrar publicar internet pessoa manifestar o referendar popular o resultar negociação brexit,entretenimento, 29/04/2021," Por Roney Domingos, G1 ",https://g1.globo.com/fato-ou-fake/coronavirus/noticia/2021/04/29/e-fake-que-foto-aerea-mostre-multidao-em-protesto-contra-restricoes-na-pandemia-em-londres.ghtml,0
9120,Crise sanitária pode empurrar 86 milhões de crianças para a pobreza  ,,o crise provocar pandemia coronavírus empurrar milhão criança o pobreza o ano estudar conjuntar ong save the children e fundir nação unir o infância unicef o previsão cumprir o mundo milhão criança afetadas pobreza o ano anterior informar organização comunicar divulgar n quarta-feira quase terço d criança viver áfrico subsaariana e sul ásia o aumentar criança afetadas pobreza ocorrer sobretudo europa e ásia central o estudar basear projeções banco mundial e fundir monetário internacional e demográfico centena país,saúde,27/05/2020 21h47 ,27/05/2020 21h47 ,https://economia.uol.com.br/noticias/afp/2020/05/27/crise-sanitaria-pode-empurrar-86-milhoes-de-criancas-para-a-pobreza.htm,1
9121,Bolsonaro ironiza a imprensa sobre coronavírus: 'O que estão fazendo aqui?'  ,,o presidente jair bolsonaro ironizar o imprensar palácio alvorar hoje contato jornalista e apoiadores manhã brasília crítico isolamento o população questionar o o imprensar supostamente apoiadora medir e o o governante criticar presencialmente mostrar atenção brasil pessoal errar e ficar casar perguntar o imprensar brasileiro o medo coronavírus pra casar mundo máscara falar dia pic.twitter.com/skplxqquw6,saúde,26/03/2020 10h36 ,26/03/2020 10h36 ,https://noticias.uol.com.br/saude/ultimas-noticias/redacao/2020/03/26/bolsonaro-ironiza-a-imprensa-sobre-coronavirus-o-que-estao-fazendo-aqui.htm,1
9122,foto mostrar dia toffoli boné pt e camiseta suplicy verdade,"desde o início de novembro de 2019, vem circulando nas redes sociais uma antiga foto onde supostamente aparece o presidente do supremo tribunal federal (stf), dias toffoli, vestindo um boné do partido dos trabalhadores (pt) e uma camiseta referente a eduardo suplicy, um dos fundadores do partido. a princípio, a foto mostraria dias toffoli em algum momento da sua juventude.",conferir abaixar o imagem,política,26/11/2019,marco faustino,https://www.e-farsas.com/foto-mostra-dias-toffoli-usando-bone-do-pt-e-camiseta-do-suplicy-sera-verdade.html,0
9123,Damares demite mulher de blogueiro investigado por atos antidemocráticos  ,,orientação palácio planalto o ministro mulher família e direito humano damares alves decidir exonerar o secretário político promoção igualdade racial pastar sandra terena mulher blogueiro oswaldo eustáquio chegar o presar ordem supremo tribunal federal stf durante o investigação o financiamento atos antidemocrático informar o assessoria pastar o demissão sandra reestruturação cargo ministério detalhe o exoneração oficializar diário oficial união dia ... ler integrar estadão,política,21/09/2020 15h48 ,21/09/2020 15h48 ,https://noticias.uol.com.br/colunas/reinaldo-azevedo/2020/09/21/damares-demite-mulher-de-blogueiro-investigado-por-atos-antidemocraticos.htm,1
9124,É #FAKE que ministro interino da Saúde ordenou que não conste mais 'suspeita de Covid-19' nos atestados de óbito,"Imagem nas redes sociais atribui declaração a general Eduardo Pazuello. Pasta diz que mensagem é fake. Nota técnica orienta a notificar como suspeita de Covid-19 se ainda não houver exame positivo. Além disso, casos com teste ainda não concluído constam como 'óbitos em investigação' nos dados divulgados, segundo o órgão. ",circular rede social mensagem atribuir o o ministrar interino saudar eduardo pazuello o seguinte afirmação atestar óbito notificar suspeito covid-19 o contraprovar e constar o dever resultar positivar o farra acabar o ministério saudar informar noto o publicação fake o ministrar interino saudar eduardo pazzuelo manifestar declaração e possuir contar rede social o perfil o mensagem fake e o pastar solicitar plataforma o exclusão perfil falso nome ministrar o notificação óbito informar incluir oficiar caso o resultar testar positivar caso paciente vir o óbito e o resultar testar concluir constar óbito investigação divulgar pastar o noto,saúde, 09/06/2020," Por Roney Domingos, G1 ",https://g1.globo.com/fato-ou-fake/coronavirus/noticia/2020/06/09/e-fake-que-ministro-interino-da-saude-ordenou-que-nao-conste-mais-suspeita-de-covid-19-nos-atestados-de-obito.ghtml,0
9125,Brasil registra 7.518.846 milhões de pessoas recuperadas,,"o brasil registrar 7.518.846 milhão pessoa curar covid-19 mundo estima-se milhão pessoa diagnosticar covid-19 recuperar o pessoa curar brasil superior quantidade caso ativos 843.527 paciente acompanhamento médico o registrar pessoa curar representar o total caso acumular 87,7 informação atualizadas s 18h d terça-feira 19/01 e enviar secretariar estadual e municipal saudar o doença presentar município brasileiro cidade 3.727 possuir e caso o óbito 5.073 município registro 91,1 d apresentar óbito confirmar",saúde,19/01/2021 20h10, ,https://www.gov.br/saude/pt-br/assuntos/noticias/brasil-registra-7-518-846-milhoes-de-pessoas-recuperadas,1
9126,"

Bolsonaro votou contra a Lei Brasileira de Inclusão (LBI) na Câmara #boato 
","Boato – Jair Bolsonaro e seu filho, Eduardo Bolsonaro, votaram contra a criação da lei de inclusão de pessoas com deficiência (LBI) na Câmara.",jair bolsonaro votar juntamente filhar eduardo bolsonaro o lei brasileiro inclusão lbi dispositivo avançar defeso direito pessoa deficiência conferir voto câmara link abaixar bolsonaro o inclusão,política,,"
Hellen Bizerra ",https://www.boatos.org/politica/bolsonaro-filho-contra-lei-de-inclusao.html,0
9127,verdadeiro o história umar boneca envelhecer comer humanar,,curiosamente história circular o ano e motivar diverso artigo site destinar o assunto cunhar sobrenatural comer canal o youtube repassar história algum variação história verdadeiro descobrir o e-farsas,entretenimento,26/02/2019,marco faustino,https://www.e-farsas.com/boneca-que-envelheceu.html,0
9128,"

Wigu é um animal árabe que vive em cemitérios e grita como um humano #boato 
","Boato – Vídeo mostra o assustador Wigu. Ele é um animal árabe que vive em cemitérios e se alimenta dos defuntos. Quando percebe a aproximação de alguém, grita como um humano.",wigu animal árabe viver cemitério e alimentar defunto – perceber o aproximação humano gritar o morto.este animal chamar wigu encontrar cemitério árabe cavo e entrar sepultura comer morto e gritar humano nota-se animal comer e sentir alguém aproximar comedir o gritar humanar aterrorizar o coração pessoa imaginar o falecer gritar e fugir o wigu continuar o comer o confiança …,mundo,13/08/2019,"
Edgard Matsuki ",https://www.boatos.org/mundo/wigu-um-animal-arabe-cemiterios-grita-humano.html,0
9129,"Com nove casos de coronavírus, time é retirado de torneio da MLS  ",,o nashville sc retirar tornear retomar organizar mls major league soccer o ligar futebol unir o decisão tomar jogador equipar testar positivar o coronavírus anteontem o mls adiar o nashville sc competição atleta contrair o covid-19 hoje o clube acabar tornear realizar orlar o nashville sc o time o retirar competição o fc dallas tomar o retirar o nashville sc tornear mls is back dever o o teste positivo o clube treinar chegar o orlar e jogar decisão tomar retornar o bem-estar jogador funcionário oficiar e participante principal prioridade o comissário mls don garber,saúde,09/07/2020 17h43 ,"Do UOL, em São Paulo",https://www.uol.com.br/esporte/futebol/ultimas-noticias/2020/07/09/com-nove-casos-de-coronavirus-time-e-retirado-de-torneio-da-mls.htm,1
9130,"Transmissão da Covid-19 cai pela metade com apenas uma dose das vacinas da Pfizer ou Oxford, diz estudo inglês",Pesquisa apontou que as pessoas vacinadas tinham entre 38% e 49% menos probabilidade de transmitir o vírus dentro de casa.,estudar publicar n quarta-feira public health england phe agência saudar inglaterra mostrar dosar vacinar covid-19 reduzir o transmissão domiciliar o pesquisar analisar imunizante país pfizer biontech e astrazeneca oxford pesquisador observar pessoa infectar coronavírus semana tomar dosar e concluir o riscar d transmitir o vírus outro morador casar vacinar cair e o vacinar impedir o pessoa imunizar faixar etário desenvolver infecção sintomático início reduzir o riscar cercar o semana dosar o ministrar saudar matt hancock o resultar fantástico e pedir tomar o vacinar o,ciência, 28/04/2021 09h39 , Por G1 ,https://g1.globo.com/bemestar/vacina/noticia/2021/04/28/transmissao-da-covid-19-cai-pela-metade-com-apenas-uma-dose-das-vacinas-da-pfizer-ou-oxford-diz-estudo-ingles.ghtml,1
9131,"Casos de covid-19 na Alemanha voltam a crescer exponencialmente, diz instituto  ",,"infecção coronavírus alemanha crescer exponencialmente especialista instituto robert koch doença infeccioso rki hoje acrescentar o riscar segurança vacinar astrazeneca o doença relativamente o caso habitante relatar n terço 83,7 haver semana e o rki métrico chegar o mear exatamente flanco onda pandemia covid-19 discussão n flexibilizar restrição e acelerar o crescimento exponencial dirk brockmann epidemiologista rki emissor alemão ard",saúde,16/03/2021 08h33 ,Emma Thomasson e Caroline Copley,https://noticias.uol.com.br/ultimas-noticias/reuters/2021/03/16/casos-de-covid-19-na-alemanha-voltam-a-crescer-exponencialmente-diz-instituto.htm,1
9132,"
  A CCJ aprovou apenas a admissibilidade da PEC sobre o voto impresso em 2019 ","Publicações que afirmam que o voto impresso foi aprovado na Comissão de Constituição e Justiça (CCJ) da Câmara dos Deputados por 33 votos a 5 somam mais de 50,2 mil interações nas redes sociais desde o final de fevereiro de 2021. Mas essa alegação é enganosa. A decisão citada foi tomada em dezembro de 2019 e se referia apenas à admissibilidade da Proposta de Emenda à Constituição (PEC) do voto impresso, o que significa que ela ainda deverá ser analisada por uma comissão especial e votada em dois turnos pelo plenário da Câmara.Envie-nos por WhatsApp Email","“ tomar barroso enfim notícia votar impresso aprovar ccj x ” indicar postagens compartilhar 23,8 facebook o dia fevereiro referência o o ministrar luís roberto barroso atual presidente tribunal superior eleitoral tse publicação circular instagram e twitter d parabenizar o deputar federal bia kicis psl autor pec e presidente comissão constituição e justiçar março o afirmação circular rede voltar o ganhar forçar kicis lançar campanha “ votar impresso auditável ” dia abril promovido live contar facebook o participação político e jornalista",brasil,9/04/2021 às 21:05,AFP Brasil,https://checamos.afp.com//ccj-aprovou-apenas-admissibilidade-da-pec-sobre-o-voto-impresso-em-2019,0
9133,Jornalista Carolina Brígido é a nova colunista do UOL  ,,o jornalista carolino brígido pisar stf supremo tribunal federal sair estrear hoje colunista uol quase ano cobertura judiciário o jornalista acompanhar o supremo sair coxia tornar protagonista teatro brasília transformar principal narrador fato e bastidor cortar década o história misturar o história supremo e o supremo visibilidade pessoa nome ministro o judiciário tornar relevante vidar nacional o jornalista n visitar carolino brígido perder edifício desenhar oscar niemeyer e achar confuso o linguagem ministro hoje conhecer pormenor corredor palácio e pensamento ministro coluna trazer informação exclusivo e explicar o supremo e o judiciário explicar decisão trazer análise e bastidor,política,07/04/2021 04h00 ,Amanda Rossi,https://economia.uol.com.br/noticias/redacao/2021/04/07/jornalista-carolina-brigido-e-a-nova-colunista-do-uol.htm,1
9134,Itamaraty diz que representante do Brasil em Teerã foi convocada pelas autoridades iranianas,"General iraniano foi morto em ataque ordenado pelos EUA na semana passada, e Brasil disse em nota apoiar luta contra terrorismo. Itamaraty informou que não divulgará conteúdo da conversa.",o ministério exterior informar n segunda-feira o encarregar negócio brasil teerã maria cristina lopes convocar chancelar iraniano o itamaraty o teor converso reservar e divulgar o informação o convocação publicar site jornal o globo e confirmar tv globo semana passar o principal general iraniano qassem soleimani morto atacar ordenar governar unir o presidente eua donald trump o atacar servir parar guerra entender o crise vídeo abaixar dia o atacar o itamaraty divulgar noto apoiar o lutar o flagelar terrorismo noto o governar brasileiro condenar atacar embaixada unir bagdá cidade soleimani morto condenar o morte general iraniano,política, 06/01/2020 21h54 ," Por Roniara Castilhos e Filipe Matoso, TV Globo e G1 — Brasília ",https://g1.globo.com/politica/noticia/2020/01/06/itamaraty-diz-que-representante-do-brasil-em-teera-foi-convocada-pelas-autoridades-iranianas.ghtml,1
9135,"Máscaras ineficazes contra o coronavírus não serão permitidas em aeroportos, decide Anvisa",Máscaras de acrílico ou com válvulas estão proibidas. Mudanças começam a valer em 25 de março.,o diretoria colegiada agência nacional vigilância sanitário anvisa aprovar n quinta-feira o endurecimento regrar definir máscara aeroporto e aeronave durante o pandemia covid-19 o agência mudança necessário circulação variante agressivo vírus o anvisa autarquia governar federal missão regulamentação medicamento e vacinar o controlo porto aeroporto fronteiro e recinto alfandegar país determinação anvisa mudança definir anvisa comedir o valer março,saúde, 11/03/2021 16h30 , Por G1 ,https://g1.globo.com/bemestar/coronavirus/noticia/2021/03/11/mascaras-ineficazes-contra-o-coronavirus-nao-serao-permitidas-em-aeroportos-do-brasil-decide-anvisa.ghtml,1
9136,"

Mulher grita Jesus no avião, é expulsa, voo atrasa e avião pega fogo #boato 
","Boato – Uma mulher foi expulsa de um avião após gritar Jesus. Voo, que iria de Dubai para a Jamaica, atrasa e, no final, avião da American pega fogo. Vídeo mostra tudo. ",tirar o mulher avião mulher tocar espírito santo n manhã embarcar avião o jamaica dubai continuar pular e gritar “ jesus jesus jesus o vôo atrasar horar e tirar o dama avião.logo o capitão vôo notar o avião sério problema motor taxiando o decolagem o capitão receber informação tripulação notar fumaça e faísca elétricas motor o capitão admitir o mulher sustentar comportamento voar motor defeituoso desligar óbvio ar e explodir causar o quedo “ crer o mulher enviar deus salvar d terrível desastre ” palavra capitão senhor o vidar filho importante e decidir o missão terra deus salvar o tripulação e passageiro causar obediência mulher aleluia deus verdadeiramente o pilotar vidar,entretenimento,01/10/2019,"
Edgard Matsuki ",https://www.boatos.org/religiao/mulher-grita-jesus-aviao-pega-fogo.html,0
9137,"

Alemanha proibiu tapetes nas entradas das casas por serem os maiores criadouros do coronavírus #boato 
","Boato – Depois de descobrir que tapetes são “criadouros” do novo coronavírus, Alemanha proíbe moradores de usarem tapetes na porta de casa.",“ assunto tapete solicitar retirar tapete entrar apartamento casar alemanha descobriu-se tapete verdadeiro “ criadouro ” vírus trocar o tapetar panar úmido água sanitário minimizar o disseminação vírus e proteger o funcionário limpeza o tapete condomínio e casar retirar contar o compreensão ”,mundo,02/04/2020,"
Kyene Becker ",https://www.boatos.org/mundo/alemanha-proibiu-uso-tapetes-casas-criadouros-coronavirus.html,0
9138,Remoção de ocupações aumenta vulnerabilidade durante a pandemia em SP  ,,alvo reintegração posse semana passar dezena família ocupar terreno guaianases zonar ler paulistano barraco beirar córrego acomodar provisoriamente casar familiar recurso pagar aluguel o córrego ipê opção contar o líder comunitário dania limar o respeitar situação acordar o líder barraco montar o o esgotar o prefeitura paulo informar realizar o ação reintegração posse oferecer acolhimento s família o proposto recusar o remoção o governar municipal o opção pessoa afetadas cadastrar filar esperar programar habitação prefeitura ação judicial resultar retirar família constar o ocupar abril o terreno o argumentação representante proprietário haver passar ações reintegração ocupante d o decisão juiz alessander marcondes frança ramo o aproveitar balbúrdia implantar pandemia entrar decisão semelhante provocar o remoção forçar policial família instalar irregular diverso paulo maio bomba gás retirar família comunidade taquaral piracicaba interior paulista decisão determinar o retirar o juiz fabíola moretti afirmar o desmatando o e erguer barraco nítido propósito apoderarem-se patrimônio alhear,saúde,25/06/2020 10h09 ,25/06/2020 10h09 ,https://noticias.uol.com.br/ultimas-noticias/agencia-brasil/2020/06/25/remocao-de-ocupacoes-aumenta-vulnerabilidade-durante-a-pandemia-em-sp.htm,1
9139,"Preso nos EUA, Bannon é mais importante para o bolsonarismo do que Olavo  ",,o prisão steve bannon o principal estrategista eleição donald trump efeito negativar o presidente jair bolsonaro filhar eduardo e o ministrar exterior ernesto araújo acusar desviar recurso campanha internet arrecadar fundo o construir o murar eua e méxico principal promessa campanha trump bannon guru bolsonarismo importante o escritor extremo olavo carvalho figurar escatológico perder pesar rumo governar brasileiro o campanha alçar bolsonaro o o inspirar estratégia elaborar eleger trump ano o deputar federal eduardo bolsonaro encontro bannon durante o eleição brasileiro o arsenal bolsonarista fake news manipulação realidade e jogar sujar internet made in eua bannon presar manhã d quinta-feira o acusação desviar us$ milhão campanha internet obter doação o financiar o construção murar fronteiro eua e o méxico investigador mapearam o empresar fachada exterior emitir faturas e acobertar o desviar recurso bannon pessoa preso o pedir ministério público york,política,20/08/2020 12h20 ,20/08/2020 12h20 ,https://noticias.uol.com.br/colunas/kennedy-alencar/2020/08/20/guru-preso-nos-eua-e-pai-do-plano-de-bolsonaro-para-destruir-instituicoes.htm,1
9140,Jorge Aragão é internado em UTI com Covid-19,Cantor está hospitalizado desde 13 de outubro e não tem previsão de alta. Hospital disse que o sambista apresenta boa resposta ao tratamento. ,"O cantor Jorge Aragão, de 71 anos, está internado com Covid-19 na Unidade de Tratamento Intensivo (UTI) do Hospital Unimed, na Barra da Tijuca, na Zona Oeste do Rio de Janeiro.  A informação foi confirmada pelo hospital, que disse que o artista apresenta boa resposta ao tratamento.  O sambista deu entrada na UTI do hospital no dia 13 de outubro com ""quadro de pneumonia viral Covid-19"" e ainda não tem previsão de alta.  “O paciente Jorge Aragão da Cruz foi admitido em nosso hospital em 13 de outubro com quadro de pneumonia viral Covid-19. Desde então, encontra-se em unidade de terapia intensiva sob monitorização contínua e cuidados específicos para a condição clínica, apresentando boa resposta ao tratamento. Ainda não há previsão de alta da UTI"", informou o boletim médico do hospital.",saúde, 18/10/2020 15h26 , Por G1 Rio ,https://g1.globo.com/rj/rio-de-janeiro/noticia/2020/10/18/jorge-aragao-e-internado-em-uti-com-covid-19.ghtml,1
9141,"

Amazon faz celebração de 26º aniversário e dá prêmios no WhatsApp #boato 
","Boato – Por causa da celebração do 26º aniversário, a Amazon está dando prêmios no WhatsApp como, por exemplo, um celular Huawei Mate, Samsung S21 ou iPhone 12 Pro.","amazon parabém hoje,21 abril escolher participar pesquisar levar minutar e receber prêmio fantástico huawei matar pro g full netcom gb gb preto brilhante)!cada quarta-feira escolher aleatoriamente usuário o o chance ganhar prêmios incrível o prêmio hoje huawei matar pro g full netcom gb gb preto brilhante haver vencedor sortudo pesquisar visar melhorar o qualidade serviço prestar o usuário e participação recompensar 100%.você tem3 minuto e39 responder o pesquisar apresse-se o prêmios disponível limitar homem mulher macho macho ano 18-29 30-39 40-49 avaliar serviço amazon inacreditável ok smartphone android iphoneparabéns respostar salvo sucesso o chance ganhar presente selecionar o caixa corretar prêmio tentativo sortir ok parabém ganhar o huawei matar pro 5g!***as regrar contar o amigo promoção digitar endereçar e baixar o aplicativo presente entregue o dia ok parabém prêmio huawei matar pro g full netcom gb gb preto brilhante seguir instrução página reivindicar prêmio compartilhar amigo whatsapp clicar ícone “ whatsapp ” abaixar clicar “ continuar ” receber presente whatsapp compartilhar o barrir azul cheio continuar ofertar válido",entretenimento,21/04/2021,"
Edgard Matsuki ",https://www.boatos.org/tecnologia/amazon-celebracao-26o-aniversario-da-premios-whatsapp.html,0
9142,Curitiba: Greca (DEM) deixa promessas pendentes e aposta em 2º mandato  ,,candidatar e membro pmn o prefeito curitiba pr rafael greca dem registrar tse tribunal superior eleitoral programar governar intitular vivo curitiba n apresentar proposto o município greca concorrer reeleição o lupa avaliar principal promessa planar governar confira.reduzir o secretariar contemplar administração público veloz e levar rafael greca prefeito curitiba página planar governar registrar tse,brasil,06/10/2020 04h00 ,Da Agência Lupa,https://noticias.uol.com.br/confere/ultimas-noticias/2020/10/06/curitiba-greca-dem-deixa-promessas-pendentes-e-aposta-em-2-mandato.htm,0
9143,"Crivella libera volta às aulas, praias, self-service e esportes coletivos   ",,"o prefeito rir e candidatar reeleição marcelo crivella republicano anunciar hoje série medir reduzir restrição durante o pandemia coronavírus anunciar o voltar s aula rede público e privar e o autorização banhista permanecer praia — proibir ficar areia apesar acontecer prático liberação acontecer o dia 1º turno eleição crivella aparecer estagnar 2º pesquisar disputar martha rocha pdt e benedita silvar pt vago 2º turno ambulante voltar o vender bebido alcoólico praia — o prático ocorrer autorizar o reabertura pistar dançar bar e restaurante funcionamento self-services e o permissão prático esportes individuar e coletivos quadrar e espaço público publicar diário oficial município medir chamar fase conservador vigor o população ficar arear praia autorizar o aluguel cadeira e guarda-sóis e o barraca manter o distanciamento 1,5 m",política,03/11/2020 14h20Atualizada em 04/11/2020 16h43 ,Tatiana Campbell,https://noticias.uol.com.br/cotidiano/ultimas-noticias/2020/11/03/crivella-novas-medidas-aulas-escola-particular-banhista-areia-da-praia.htm,1
9144,"
  O vídeo da orangotango Sandra lavando as mãos é anterior à pandemia de COVID-19","A gravação de uma orangotango lavando as mãos, supostamente imitando os seus cuidadores para se proteger de um possível contágio pelo novo coronavírus, tem circulado nas redes sociais ao menos desde o último dia 2 de abril. O vídeo, contudo, pode ser encontrado na Internet pelo menos desde novembro de 2019, ou seja, semanas antes do primeiro caso de COVID-19 ser detectado em Wuhan, na China, em dezembro daquele ano.Envie-nos por WhatsApp Email",“ o orangotango sandra começar o lavar mão visto cuidador jardim zoológico o fazerem-no repetidamente durante o crise covid-19 sic ” publicação encontrar abril facebook twitter youtube e site internet postagens alegação semelhante igualmente visto espanhol e inglês postagens virar espanhol referência o publicação contar verificar facebook santuário animar center great ape centrar símio flórido unir março ler “ definitivamente lavar mão trabalhar sandra ” juntamente o hashtag washyourhands lavesuasmãos tradução livrar inglês referência s recomendação higiene autoridade saudar prevenir o contágio covid-19,saúde,13/04/2020 às 22:12,"AFP Austrália, AFP Brasil",https://checamos.afp.com//o-video-da-orangotango-sandra-lavando-maos-e-anterior-pandemia-de-covid-19,0
9145,A Polícia Federal do Amazonas desenterrou 26 caixões cheios de pedras?,,o vídeo voltar o circular whatsapp quinzena julho e mostrar pessoa voltar caixão aberto exibir interior … pedrar,entretenimento,21/07/2021,Gilmar Lopes,https://www.e-farsas.com/a-policia-federal-do-amazonas-desenterrou-26-caixoes-cheios-de-pedras.html,0
9146,"Governo se 'fecha em si', diz ambientalista sobre exclusão da sociedade de fundo ambiental", 06/02/2020 11h28 ,o engenheiro florestal tasso azevedo especialista observatório clima e ex-diretor serviço florestal brasileiro sfb avaliar “ trágico ” o exclusão sociedade civil deliberativo fundir nacional ambientar fnma “ trágico ... governar fechar si grau ineficiência e execução absurdo ” crítico o ambientalista o decretar o mudança fnma publicar n quinta-feira diário oficial união o fundir administrar ministério ambientar e responsável fomentar o desenvolvimento atividades sustentável país distribuir verba arrecadar concessão florestar “ governar recurso conseguir aplicar e conseguir executar pego instrumentar o fundir nacional ambientar ano existência e zilhões projetos e desmantelar o execução ano passar literalmente ” afirmar tasso azevedo,política, 06/02/2020 11h28 , ,https://g1.globo.com/politica/blog/matheus-leitao/post/2020/02/06/governo-se-fecha-em-si-diz-ambientalista-sobre-exclusao-da-sociedade-civil-de-fundo-do-meio-ambiente.ghtml,1
9147,Doria rebate fala de Bolsonaro sobre vacina e critica 'opção pela morte'  ,,o governador paulo joão doria psdb posicionar hoje oposição falir presidente jair bolsonaro o vacinação o covid-19 dever obrigatório doria optar receber o imunização o doença causar coronavírus opção morte manifestação feito presidente jair bolsonaro o não-obrigatoriedade vacinar respeitosamente discordar d o o vacinar dever obrigatório brasileiro afirmar doria durante entrevisto coletiva palácio bandeirante paulo conseguir imaginar cristão alguém renegar o possibilidade continuar viver alguém o opção morte completar o governador paulista noite anteontem bolsonaro afirmar ninguém obrigar ninguém o tomar vacinar o contrariar lei sancionar presidente fevereiro estabelecer medir o pandemia e o vacinação obrigatório,saúde,02/09/2020 13h56 ,02/09/2020 13h56 ,https://noticias.uol.com.br/saude/ultimas-noticias/redacao/2020/09/02/doria-rebate-fala-de-bolsonaro-sobre-vacina-e-critica-opcao-pela-morte.htm,1
9148,"

Chá de folhas de boldo é a cura do coronavírus #boato 
",Boato – Chá de folha de boldo é a única coisa capaz de reduzir sintomas da Covid-19 e curou duas pessoas no Brasil. Ele mata o coronavírus. ,“ matar o coronavírus chá boldo postar cidadão passar pra frente ” “ o curar coronavirus chá folhar boldo tirar e quedo o testar e querer ajudar né ” “ remédio natural coronavírus ” “ compartilhar brasil chá boldo valer prevenir portugal achar boldo ”,saúde,07/04/2020,"
Kyene Becker ",https://www.boatos.org/saude/cha-folhas-boldo-cura-coronavirus.html,0
9149,Estudo publicado por Damares não atribui suicídios de crianças a isolamento  ,,enganoso o análise o site epoch times e o ministro mulher família e direito humano damares alves acercar estudar analisar sobrar morte criança e adolescente covid-19 o inglaterra o pesquisador analisar o taxar suicídio corretar atribuir o caso o medir isolamento comer sugerir o postagem o site quantum o ministro associar o suicídio entrar ano o inglaterra citar o levantamento o o fechamento escola e o o distanciamento social o entretanto aparecer o documentar comer comparativo o criança e adolescente morto decorrência covid-19 o autor analisar haver aumentar diminuição d caso lockdown junho d ano entretanto o órgão britânico national child mortality database ncmd compartilhar suar página artigo concluir haver indício haver mortalidade excessivo entrar criança e adolescente durante o período lockdown o país,política,22/07/2021 18h20 ,22/07/2021 18h20 ,https://noticias.uol.com.br/comprova/ultimas-noticias/2021/07/22/estudo-publicado-por-damares-nao-atribui-suicidios-de-criancas-a-isolamento.htm,0
9150,É #FAKE que Código Eleitoral permite que pessoas cometam crimes violentos e não sejam presas na véspera do pleito,Circula pelas redes sociais uma mensagem que diz que há uma lei que proíbe a prisão no Brasil na véspera da eleição. Mas ela não vale para flagrantes.,post compartilhar facebook o seguinte achar absurdo lei presar véspera eleição pensar alguém assassino o presidente d dia o caro presar o código eleitoral lei federal nº 4.737/95 prever artigo fato “ autoridade dia e quarentar e horar encerramento eleição prender deter eleitor entanto o frase continuar salvar flagrante delito virtude sentença criminal condenatório crime inafiançável desrespeitar o salvo-conduto ” n período semana fato permitir o cumprimentar mandar prisão expedir justiçar todavia situação o prisão seguir válido e feito o flagrante delito casar enquadrar hipótese citar post compartilhar facebook sentença criminal crime inafiançável e desrespeitar o salvo-conduto,política, 14/11/2020," Por Léo Arcoverde, GloboNews ",https://g1.globo.com/fato-ou-fake/noticia/2020/11/14/e-fake-que-codigo-eleitoral-permite-que-pessoas-cometam-crimes-violentos-e-nao-sejam-presas-na-vespera-do-pleito.ghtml,0
9151,Alemanha está disposta a adquirir a Suptnik V se for autorizada na UE  ,,berlim mar afp alemanha disposto o adquirir o vacinar russo sputnik v autorizar autoridade sanitário europeu declarar o chanceler alemão angela merkel n sexta-feira garantir disposto o receber pessoalmente dosar fármaco astrazeneca vacinar o vacinar astrazeneca garantir coletiva imprensar gostar esperar o afirmar o vacinar russo haver vir dever vacinar aprovar agência europeu medicamento declarar,saúde,19/03/2021 16h03Atualizada em 19/03/2021 16h22 ,19/03/2021 16h03Atualizada em 19/03/2021 16h22 ,https://noticias.uol.com.br/ultimas-noticias/afp/2021/03/19/alemanha-esta-disposta-a-adquirir-a-suptnik-v-se-for-autorizada-na-ue.htm,1
9152,Reconhecimento facial ajuda a medir febre automaticamente e de longe em SP  ,,paciente chegar o o hospital israelita albert einstein paulo o temperatura medir automaticamente o distância visão computacional instalar totem recepção compor câmera termográfica e algoritmo reconhecimento facial o escaneia o rostir e medir o temperatura automatizar o o detectar o paciente febre — sintoma covid-19 — o tecnologia inteligência artificial enviar alertar smartphone o equipar enfermagem plantão início rapidamente o o protocolo triagem e isolamento modo o evitar o possibilidade contágio vírus sars-cov-2 ambientar hospitalar batizado fevver alusão palavra febre inglês grafar letra v o desenvolver conjuntamente startups paulista inteligência artificial — o hoobox e o radsquare alocadas incubador startups hospital albert einstein o eretz.bio e apoiar fapesp atualmente fase escalonamento o fevver basear tecnologia detecção face desenvolvido hoobox detectar febre etapa o tecnologia identificar o rostir e extrair canto o o redor olho alto precisão descartar ruir fisiológico o suor,saúde,10/04/2020 11h53 ,Elton Alisson,https://www.uol.com.br/tilt/noticias/redacao/2020/04/10/reconhecimento-facial-ajuda-a-medir-febre-automaticamente-e-de-longe-em-sp.htm,1
9153,"
  Checamos a afirmação que equivale o número de óbitos por covid-19 no Brasil à liberação de leitos","Publicações compartilhadas mais de 17,2 mil vezes nas redes sociais desde o último 16 de março questionam o motivo pelo qual milhares de leitos não são liberados diariamente se o Brasil tem registrado mais de 2 mil mortes diárias pela doença. Mas essa suposição é enganosa, pois o número de infectados supera a capacidade hospitalar do país e, segundo uma especialista, os óbitos por covid-19 não se registram exclusivamente em hospitais.Envie-nos por WhatsApp Email",“ haver 2.000 morte dia haver 2.000 leito vazio dia o leito juntar o paciente ” “ morrer pessoa dia desocupar leito enterrar o leito juntar o morto ” e “ desculpar o burrice morrer quase 3.000 dia pra desocupar 3.000 leito diário ” perguntar postagens viralizadas facebook mear março publicação circular instagram e twitter seguir o modelar questionamento mudar o quantidade morto e consequentemente leito supostamente liberar março o fiocruz divulgar boletim observatório covid-19 indicar unidade federativo e o distrito federal apresentar taxar ocupação leito uti covid-19 único saudar sus igual superior o taxar igual superior o,brasil,23/03/2021 às 21:25,AFP Brasil,https://checamos.afp.com//checamos-afirmacao-que-equivale-o-numero-de-obitos-por-covid-19-no-brasil-liberacao-de-leitos,0
9154,Revista 'Nature' apoia a candidatura de Biden e diz que Trump tem 'desprezo pela ciência',Editorial da publicação britânica fez duras críticas às ações do presidente dos Estados Unidos durante a pandemia do novo coronavírus e pelo seu descrédito pela ciência.,o revisto nature anunciar o o candidatar democrata casar branco joe biden editorial publicar quarta-feira o revisto criticar o desprezar presidente donald trump ciência e respostar desastroso durante o pandemia coronavírus o revisto respeitar título científico e fundar o o publicação britânico declarar o candidatar presidencial defender o democrata barack obama e hillary clinton o nature criticar o retirar unir acordar parir mudança climático e instituição internacional o organização mundial saudar oms e questionar interferência governar agência científico e saudar nenhum outro presidente história recente chegar o o politizar agência governamental e removê-las trabalhar científico o revisto ações governar trump acelerar mudança climático destruir o natureza poluir o ar e matar o vidar selvagem,ciência, 14/10/2020 14h31 , Por G1 ,https://g1.globo.com/mundo/eleicoes-nos-eua/2020/noticia/2020/10/14/revista-nature-apoia-a-candidatura-de-biden-e-diz-que-trump-tem-desprezo-pela-ciencia.ghtml,1
9155,É #FAKE que foto mostre incendiários de ONGs presos por índios no meio da Amazônia,"Mensagem circula em grupos de WhatsApp. Foto, na verdade, é de 2014 e a ação foi contra madeireiros.",circular rede social foto homem aprisionar índio o seguinte legendar bolsonaro suspeitar ongs envolvido incêndio amazônia índio prender incendiário flagrante o foto antigo feito agostar lunae parracho agência notícia reuters e mostrar o índio aprisionar madeireiro invadir território maranhão alvo ação índio ong haver ligar o imagem s atuais queimar atingir o região,brasil, 28/08/2019, Por G1 ,https://g1.globo.com/fato-ou-fake/noticia/2019/08/28/e-fake-que-foto-mostre-incendiarios-de-ongs-presos-por-indios-no-meio-da-amazonia.ghtml,0
9156,Região da Itália impõe uso de máscara para sair de casa durante pandemia  ,,o governador região trentino-alto ádige arno kompatscher anunciar n quinta-feira publicar decretar cidadão obrigar o cobrir o nariz e o bocar o o sair casar durante o pandemia coronavírus sars-cov-2 o medir valer sair residência falar encontrar parente comprar máscara e lenço pescoço excluir o infecção reduzir notavelmente o riscar contágio trata-se dever cívico explicar kompatscher ressaltar aplicar multar o cumprir o medir o governador informar permitir pessoa trabalhar escritório oficina excluir contato fornecedor e cliente o decretar versar pequeno passeio criança pequeno precisar acompanhar pai e o vender papelaria supermercado,saúde,02/04/2020 12h53 ,02/04/2020 12h53 ,https://noticias.uol.com.br/ultimas-noticias/ansa/2020/04/02/regiao-da-italia-impoe-uso-de-mascara-para-sair-de-casa.htm,1
9157,"

Amazon dá prêmios em roda da sorte “Big Billion Days” no WhatsApp #boato 
","Boato – A Amazon está dando diversos prêmios em uma roda da sorte. Para ganhar, a pessoa tem que girar a “Big Billion Days” e compartilhar o link com amigos no WhatsApp.",parabém ganhar o oppo f17 pro preto foscar gb ram gb armazenamento oppo f17 pro restante semana seguir instrução abaixar reivindicar oppo f17 pro.conte o amigo whatsapp o “ bilião dia ” compartilhar amigo whatsapp clicar ícone “ whatsapp ” abaixar clicar “ continuar ” e solicitar oppo f17 pro whatsapp compartilhar o barrir azul cheio,entretenimento,02/12/2020,"
Edgard Matsuki ",https://www.boatos.org/tecnologia/amazon-premios-roda-da-sorte-whatsapp.html,0
9158,Campinas pede 'reciprocidade' a São Paulo para garantir atendimento  ,,"o cidade campino sp viver aumentar caso coronavírus semana e preocupar o atendimento o paciente o ocupação leito uti o covid-19 passar o prefeito município jonas donizette psb hoje esperar reciprocidade região metropolitano paulo evitar colapso saudar o pedir paulo fase duro campino socorrer paulo receber paciente franco rocha ferraz vasconcelos o região metropolitano paulistano o o gente pedir reciprocidade afirmar donizette entrevisto globonews idear equipamento estadual amar ambulatório médico especialidade adaptar hospital covid o paciente campino paciente região metropolitano reclamar necessário esfera governar completar o prefeito prefeitura campino anteontem o cidade 90,23 leito dedicar o paciente covid-19 ocupar sexta-feira o município reclassificar o fase vermelho planar paulo flexibilização medir isolamento social junho o comércio voltar o proibir funcionar",saúde,07/07/2020 13h29 ,07/07/2020 13h29 ,https://noticias.uol.com.br/saude/ultimas-noticias/redacao/2020/07/07/campinas-pede-reciprocidade-a-sao-paulo-para-garantir-atendimento.htm,1
9159,"

Condenado à pena de morte morreu de infarto ao participar de experiência com cientista #boato 
","Boato – Cientista do Arizona faz experimento científico que prova que mente humana é mais poderosa do que se imagina. Nela, condenado à pena de morte morreu de infarto após acreditar que teve o pulso cortado. ",o gota sangue cientista phoenix – arizona querer provar teoria e precisar voluntário chegar s consequência conseguir penitenciar condenar morte executar penitenciário st louis missouri existir peno morte executar cadeira elétrica propor o o seguinte participar experiência científico pequeno cortar pulsar o suficiente gotejar o sangue o o … pequeno cortar pulsar e embaixo pulsar colocar pequeno vasilha alumínio … cama haver frasco sorar pequeno válvula o o cortar o pulsar abrir o válvula frasco acreditar o som gotejamento o sangue d cair vasilha alumínio verdade o sorar frasco … o cientista fechar completar o válvula o condenar parar cardíaco e falecer perder sequer gota sangue o cientista conseguir provar o mentir humano cumprir o o pé letra enviar e aceitar hospedeiro positivar negativar e ação envolver o organismo orgânico psíquico “ pensar fracassar fracassar ”,ciência,27/12/2019,"
Kyene Becker ",https://www.boatos.org/ciencia/condenado-pena-morte-morreu-infarto-experiencia-cientista.html,0
9160,Avó de Michelle Bolsonaro é entubada após piora no quadro de Covid-19 ,"Maria Aparecida Firmo Ferreira tem 80 anos e mora em Ceilândia, no DF. Idosa está internada em hospital público desde a última quarta-feira (1º).",o avô primeira-dama michelle bolsonaro piorar quadrar covid-19 e entubar n domingo maria aparecido firmar ferreiro ano e internar hospital regional santo maria distrito federal o quarta-feira 1º diagnosticar coronavírus acordar o instituto gestão estratégico saudar distrito federal iges-df administrar o hospital público o paciente transferir leito uti noite sexta-feira e entubar n domingo questionar o palácio planalto comentar o assunto maria aparecido firmar ferreiro morar ceilândia acordar o prontuário médico o idoso encontrar popular ruir cair e levar o hospital regional ceilândia ar,política, 06/07/2020 14h59 ," Por Afonso Ferreira, G1 DF ",https://g1.globo.com/df/distrito-federal/noticia/2020/07/06/avo-de-michelle-bolsonaro-e-entubada-apos-piora-de-quadro-de-covid-19.ghtml,1
9161,Conselho do MPF afasta subprocurador suspeito de calúnia e coação a servidores,Conselho entendeu que há indícios de que o subprocurador Moacir Guimarães Morais Filho possa interferir na apuração.,o superior ministério público federal aprovar n segunda-feira 8) o afastamento dia subprocurador-geral repúblico moacir guimarães morar filhar processar apurar improbidade administrativo e advocacia privar membro entender haver indício o subprocurador interferir apuração o g1 haver conseguir contato morar filhar o atualização d reportagem recebido representação relator casar nivio freitas testemunhar sofrer coação e assédio moral,política, 08/06/2020 15h45 ," Por Rosanne D'Agostino, G1 — Brasília ",https://g1.globo.com/politica/noticia/2020/06/08/conselho-do-mpf-afasta-subprocurador-suspeito-de-calunia-e-coacao-a-servidores.ghtml,1
9162, Notícia falsa liga advogado a Lula e insinua encontro com Toffoli em SP  ,,foto circular rede social mostrar o presidente supremo tribunal federal stf ministrar dia toffoli o o advogar antônio carlos almeida castrar kakay o legendar afirmar happy hour e kakay advogar ex-presidente luiz inácio lula silvar o publicação kaká sic advogar lula tomar cachaça toffoli morar conversar dallangnol sic crime comentário postagens haver crítico o o stf o foto compartilhar verdadeiro o contexto falsar o imagem registrar encontrar dia toffoli e kakay happy hour evento homenagem o o stf cidade paulo maio d ano,política,23/07/2019 04h01 ,Anita Grando Martins,https://noticias.uol.com.br/confere/ultimas-noticias/2019/07/23/presidente-do-stf-nao-foi-fotografado-em-happy-hour-com-advogado-de-lula.htm,0
9163,Bebê de 7 meses com Down e cardiopatia morre por covid-19 no Recife  ,,beber vidar sexo masculino e síndrome down morrer uti unidade terapia intensivo hospital recife vítima coronavírus o informação divulgar hoje boletim epidemiológico secretariar saudar pernambuco o pastar o menino morar recife e síndrome down hipertensão pulmonar e cardiopatia congênita o relatar família contar apresentar febre tossir e cansaço dia abril dia levar o o imip instituto medicinar integral professor fernando figueira feito o coleta material biológico acordar o secretariar dia transferir o hospital correar picanço ficar internar uti dia sair o resultar positivar covid-19,saúde,13/04/2020 19h45 ,Carlos Madeiro,https://noticias.uol.com.br/saude/ultimas-noticias/redacao/2020/04/13/bebe-de-7-meses-com-down-e-cardiopatia-morre-por-covid-19-no-recife.htm,1
9164,Ação da PF não reduziu em 90% o número de mortes por covid-19 no Ceará  ,,falso o informação circular rede social redução morte covid-19 o pf polícia federal deflagrar operação ceará.uma imagem publicar perfil pessoal facebook dia maio afirmar dia o óbito coronavírus cair o postagem o polícia federal o remédio infalível o redução,política,02/06/2020 23h01 ,"Do UOL, em São Paulo",https://noticias.uol.com.br/comprova/ultimas-noticias/2020/06/02/acao-da-pf-nao-reduziu-numero-de-mortes-no-ceara.htm,0
9165," Lula não expulsou jornalista americano, mas pedido chegou a ser feito  ",,circular rede social e aplicativo mensagem acusar o ex-presidente luiz inácio lula silvar pt expulsar jornalista norte-americano durante governar jornalista deportar brasil lula o jornalista americano larry rohter expulsar brasil presidente lula o motivar escrever artigo o apreçar lula bebido alcoólico revelar o texto acompanhar foto homem o bandeiro unir o mensagem conteúdo antigo voltar o circular forçar apoiadores presidente jair bolsonaro sugerir o jornalista norte-americano glenn greenwald presar,entretenimento,16/08/2019 04h01Atualizada em 16/08/2019 11h48 ,Lucas Borges Teixeira,https://noticias.uol.com.br/confere/ultimas-noticias/2019/08/16/lula-nao-expulsou-jornalista-mas-pedido-chegou-a-ser-feito.htm,0
9166,Projeto Comprova entra na terceira fase com 28 veículos de comunicação  ,,o projeto coalizão reunir veículo jornalístico checagem informação falso entrar oficialmente fase expediente especial dia montar verificar notícia rumor e manipulação o coronavírus o retomar o monitoramento conteúdo suspeito político público governar federal e eleição municipal o combater desinformação e o conteúdo s.a investigação colaborativa boato o covid-19 mantido,entretenimento,10/06/2020 14h06 ,"Vídeo de aglomeração em Genebra é real, mas não prova que pandemia é farsa  ",https://noticias.uol.com.br/ultimas-noticias/redacao/2020/06/10/projeto-comprova-contra-noticias-falsas-entra-na-3-fase-com-28-veiculos.htm,0
9167,"Em promoção de oficiais, Bolsonaro diz que Exército garante estabilidade do país  ",,eduardo simão reuters evento promoção oficiar general o presidente jair bolsonaro n quinta-feira o exército representar o estabilidade país e afirmar e militar forçar terrestre atuam limite constituição bolsonaro capitão reservar exército integrar o forçar e afirmar o o respeitar o constituição militar admitir sair balizamento constitucional,política,08/04/2021 10h47 ,Eduardo Simões,https://noticias.uol.com.br/ultimas-noticias/reuters/2021/04/08/em-promocao-de-oficiais-bolsonaro-diz-que-exercito-garante-estabilidade-do-pais.htm,1
9168,"
  Resultado positivo de bebida com cola para covid-19 não significa que testes sejam ineficazes","“Na Áustria, até mesmo um copo de Coca-cola resulta positivo para o teste rápido de coronavírus”, afirmam publicações nas redes sociais com um vídeo em que um parlamentar austríaco faz uma experiência que dá resultado positivo. Assim, o protagonista da cena e milhares de usuários que a compartilham em vários idiomas garantem que os testes usados ​​em todo o mundo durante a pandemia são inúteis. Na realidade, os fabricantes do kit de diagnóstico e vários especialistas explicaram à AFP que o experimento apenas reflete que os resultados de tais exames são inválidos se não forem usados ​​nas condições corretas.Envie-nos por WhatsApp Email",o vídeo duração aproximadamente minuto e compartilhar 6.000 facebook e instagram youtube e twitter e o dia dezembro difundir artigo compartilhar centena o ferramenta crowdtangle n observar o parlamentar austríaco michael schnedlitz realizar o experimentar testar antígeno e bebido base colar durante discursar dia dezembro “ falir testar inútil e ” o político mostrar copar o bebido e o testar diagnóstico depositar líquido minuto schnedlitz garantir o resultar testar positivar e acusar o governar torrar imposto cidadão o comprar d teste o vídeo circular publicação italiano alemão inglês e espanhol,ciência,24/12/2020 às 18:17,"Eva Wackenreuther, AFP Alemanha, AFP Argentina",https://checamos.afp.com//resultado-positivo-de-bebida-com-cola-para-covid-19-nao-significa-que-testes-sejam-ineficazes,0
9169,o globo fechar patrocínio parir o bbb pelar causar bolsonaro,,o notícia surgir diverso site e blogs o semana janeiro e acordar o texto amplamente compartilhar whatsapp o tv globo conseguir fechar patrocínio parir o big brother brasil pelar edição,entretenimento,8/01/20198,gilmar lopes,https://www.e-farsas.com/a-globo-nao-fechou-patrocinios-para-o-bbb-pela-primeira-vez-por-causa-do-bolsonaro.html,0
9170,o stf proibir bolsonaro acesso s mensagem celular adélio bispar,é verdade que o supremo tribunal federal proibiu que a defesa de bolsonaro tivesse acesso às mensagens dos celulares de adélio bispo?,o afirmação surgir rede social diverso site e blogs e whatsapp semana fevereiro o decisão stf liberar mensagem operação lavar jato o advogar ex-presidente lula dia fevereiro acordar o texto compartilhar o supremo permitir o acesso s mensagem lavar jato stf proibir o defeso bolsonaro o haver aparelho celular adélio bispar – acusar esfaquear o candidatar presidência jair bolsonaro setembro,política,13/02/2021,gilmar lopes,https://www.e-farsas.com/o-stf-proibiu-que-bolsonaro-tivesse-acesso-as-mensagens-dos-celulares-de-adelio-bispo.html,0
9171,ES reserva leitos de hospitais privados para pacientes do SUS  ,,difícil ignorar o idear história cíclico passar rolar cabeça ápice questionamento estados-nação forte onda liberal e negação bem-estar social pandemia reorganizar prioridade e n questionar o intervir o perguntar cadê r$ pedir mínimo discute-se o recurso privar emergência público hoje o governar espírito santo publicar portar incluir o reservar leito hospital privar necessário paciente setor público infectar o covid-19 chamar leito o programar estratégia político público capixabas evitar colapso hospitalar o taxar ocupação atual utis paciente hoje o programar prever divisão leito preservar vago atendimento redar público e o utilização normal plano saudar privar aumentar quase imediatamente o leito uti dedicar o o coronavírus o decisão governar capixaba alinhar o recomendação feito nacional saudar administração público solicitar e leito ocioso redar particular saudar durar o pandemia covid-19 o recomendação acontecer causar potencial impactar coronavírus rede hospitalar marcante e grave característico citar experiência bem-sucedidas país tomar medir durante o pandemia o documentar destacar o vantagem brasileiro expertise filar único transplantar órgão campanha jurista profissional saudar juntar incentivar iniciativo e político público n sentir o campanha vidar igual leito buscar garantir o acesso universal e igualitário o paciente caso grave doença necessitar leito internação e terapia intensivo único saudar sus,saúde,28/04/2020 19h22 ,Carina Martins,https://www.uol.com.br/ecoa/ultimas-noticias/2020/04/28/boasnoticias2804es-reserva-leitos-de-hospitais-privados-para-pacientes-sus.htm,1
9172,O que fazer para o casamento não virar apenas amizade,,ano e junto o cantor thiaguinho e o atriz fernanda souza decidir separar o o o transformar “ lindo amizade ” — palavra d postagem o casar comum e psiquiatro e psicanalista o motivar principal o sexual claro o amizade descartar relacionamento o o contrário pedir fundamental entanto acordar especialista o sexo deixar prioridade alertar o entrar campar amizade o psiquiatro e sexólogo carmita abdo coordenador programar sexualidade universidade paulo usp postergar o sexual d sinal — o rotina dia o dia acabar colocar o sexo secundário vidar d casal namorar pessoa separar especificamente curtir o relacionamento e incluir o sexo passar o morar junto o urgência aproveitar oportunidade desaparecer o frequência diminuir normal desaparecer — afirmar o presidente associação psiquiátrico rir janeiro maria fátima vasconcellos garantir filho e responsabilidade fatores determinante relacionamento caminhar o amizade — família respeitar e companheirismo motivo continuar relacionamento manter contato social separar claro e tesão e interessar outro o psicanalista anna carolino lementy acreditar o rotina bagunce o vidar sexual casal fatores “ contratar ” — caber o sexo caber,ciência, Publicado em  16/10/19 04:30 ,Alice Cravo,https://extra.globo.com/noticias/saude-e-ciencia/o-que-fazer-para-casamento-nao-virar-apenas-amizade-24020696.html,1
9173,"Candidato pelo PSDB em 2020, policial elogia Bolsonaro após se vacinar  ",,candidatar o prefeito tapiratiba interior paulo psdb o policial civil fabiano frigo crédito o o presidente jair bolsonaro vacinação o elogiar o policial cutucar o governador joão doria psdb,política,08/04/2021 11h53 ,08/04/2021 11h53 ,https://noticias.uol.com.br/videos/2021/04/08/candidato-pelo-psdb-em-2020-policial-elogia-bolsonaro-apos-se-vacinar.htm,1
9174,"

Profissionais de saúde dão as costas para Bruno Covas em chegada a hospital, mostra vídeo #boato 
","Boato – Vídeo mostra um protesto de profissionais da saúde contra o prefeito de São Paulo Bruno Covas. Quando ele chegou a um hospital, médicos e enfermeiros viraram as costas.",chegar o hospital profissional saudar costa o o prefeito brunir cova prefeito brunir cova passar o vergonha vidar profissional saudar costa visitar o o hospital,política,20/05/2020,"
Edgard Matsuki ",https://www.boatos.org/politica/profissionais-de-saude-dao-as-costas-bruno-covas.html,0
9175,"Confinamento deprimiu (e divertiu) jovens na França, diz psicóloga  ",,o confinamento deprimir e divertir criança e adolescente frança o constatação especialista francês aline nativel co-autora livrar o sobrecarga mental criança e adolescente continuar atender pequeno paciente durante o período confinamento país começar o flexibilizar dia maio acordar apresentar sintoma depressivo aproveitar passar pai oportunidade raro correr dia o dia o brasileiro paula andar preocupar filhar pedrar vivenciou o confinamento frança decretar governar dia março interromper o propagação covid-19 o menino ano apresentar mudança comportamento sair casar e ficar preocupar perceber pessoa o o redor respeitar regrar o máscara o distância mínimo metro o medo morte angustiar o menino contar o mãe,saúde,19/05/2020 09h32 ,19/05/2020 09h32 ,https://www.uol.com.br/vivabem/noticias/rfi/2020/05/19/confinamento-deprimiu-e-divertiu-jovens-na-franca-diz-psicologa.htm,1
9176,Políticos lamentam piora de Bruno Covas e quadro irreversível  ,,político brasileiro manifestar noite hoje lamentar o boletim médico hospital sírio-libanês brunir cova psdb internar o tratamento câncer o início maio quadrar clínico considerar irreversível equipar médico deputar federar estadual e senador manifestar solidariedade cova e família brunir cova ano e internar capital paulista o comedir sangramento agudo cárdia região ligar o estômago e o esôfago e o prefeito registrar tumor o deputar federal orlar silvar pcdob-sp candidatar prefeitura paulo eleição vencido cova desejar energia positivo o prefeito,política,14/05/2021 21h11Atualizada em 14/05/2021 21h41 ,14/05/2021 21h11Atualizada em 14/05/2021 21h41 ,https://noticias.uol.com.br/politica/ultimas-noticias/2021/05/14/politicos-lamentam-bruno-covas-irreversivel.htm,1
9177,"

Habibs dá esfihas grátis para quem compartilhar link no WhatsApp #boato 
","Boato – O Habibs está dando 10 esfihas grátis para as pessoas que entrarem em um site, preencherem dados e compartilharem um link com amigos no WhatsApp.",promoção habibs cadastre-se site e ganhar bibsfihas totalmente grátis sortear cadastrar ganhar acesse o site oficial promoção site e participar habibs esgiha grátis habibs preencher o formulário abaixar e ganhar bib’sfihas totalmente grátis informar nome completar informar informar cidade sabor bib’sfihas clicar selecionar sabor bib’sfihas clicar selecionar próximovocê ganhar promoção válido 21/10/2020 conferir abaixar e seguir clicar confirmar gerar cupom gerir o cupom e retirar esfihas restaurante habib ’ s convidar seua amigo avançar gerar o cupom e garantir bib’sfihas grátis convidar amigo whatsapp participar promoção gerar cupom,entretenimento,20/10/2020,"
Edgard Matsuki ",https://www.boatos.org/tecnologia/habibs-esfihas-gratis-quem-compartilhar-link-whatsapp.html,0
9178,Ex-assessores de Bolsonaro sacaram 90% de salário pago por Flávio e Carlos  ,,"pessoa cargo gabinete jair bolsonaro câmara deputar sacar salário receber tornar ano assessorar flávio e carlos bolsonaro alerj assembleia legislativo rir e câmara municipal rir respectivamente receber r$ 1,58 milhão e retirar dinheiro viver r$ 1,41 milhão funcionário sigilar bancário quebrar investigação rachadinha gabinete flávio bolsonaro alerj o quebrar comedir janeiro pessoa sair câmara deputar o salário receber gabinete jair bolsonaro procurar o planalto iriar manifestar o advogar carlos bolsonaro antonio carlos fonseca pronunciar processo sigilar",política,25/03/2021 04h00Atualizada em 29/03/2021 21h58 ,"Amanda Rossi, Flávio Costa, Gabriela Sá Pessoa e Juliana Dal Piva",https://noticias.uol.com.br/politica/ultimas-noticias/2021/03/25/rachadinha-bolsonaro-ex-assessores.htm,1
9179,"

Integrante do MTST é preso incendiando florestas no Amazonas #boato 
","Boato – Integrante do MTST foi preso por atear fogo às margens da rodovia AM-070, na cidade de Iranduba (AM), e confessa ter sido pago pelo crime.",matéria divulgar globo rural redar globo integrante mtst presar incendiar florestar amazona valdeir santo almeida presar flagrante manhã d domingo e encaminhar o o dip- iranduba-am o manaus incendiar matar s margem rodovia am-070 o pontar ligar iranduba manaus depoimento o o delegar iranduba homem o valdeir o nome e morar pagar morador assentamento mtst periferia manaus cometer atar criminoso o depoimento valdeir homem colocar morador assentamento caminhonete e conduzir s margem rodovia atear fogo matar,brasil,26/08/2019,"
Kyene Becker ",https://www.boatos.org/brasil/integrante-mtst-preso-incendiando-florestas-amazonas.html,0
9180,"Mesmo com verba específica, percentual de prefeitas eleitas fica estável  ",,"mulher vencer prefeitura decidir turno n domingo o proporção permanecer praticamente estável s eleição 11,5 eleito turno sexo feminino o o candidato levar o corrido eleitoral executivo municipal — aumentar 1,41 o o turno mulher sair prefeito eleito d ano declarar branco pardo preto amarelo e indígena eliselma silvar oliveira dem lili reeleito comandar marcação cidade 7.000 habitante costa paraíba",política,16/11/2020 18h14 ,Beatriz Montesanti,https://noticias.uol.com.br/eleicoes/2020/11/16/com-cotas-e-verba-especifica-percentual-de-prefeitas-eleitas-fica-estavel.htm,1
9181,"
  O laboratório de Wuhan pertence ao governo chinês e a Glaxo não é proprietária da Pfizer ","A teoria de que o laboratório de Wuhan, onde supostamente se originou o novo coronavírus, pertence à companhia Glaxo, que faria parte de uma cadeia de conexões que vão desde a farmacêutica Pfizer, à gestora de fundos de investimento BlackRock, passando pela Microsoft e Bill Gates, foi compartilhada mais de 2 mil vezes em redes sociais desde o último dia 4 de dezembro. No entanto, o Instituto de Virologia de Wuhan não tem qualquer relação com a Glaxo, já que é propriedade do governo chinês. Além disso, embora a Glaxo e a Pfizer tenham firmado uma parceria comercial, continuam sendo concorrentes.Envie-nos por WhatsApp Email",“ o laboratório biológico chinês wuhan propriedade glaxo acaso dono pfizer produzir o vacinar acaso administrar finanças black rock acaso administrar finanças open foundation company soro foundation acaso ater á francês axa coincidentemente dono empresar alemão winterthur acaso construir o laboratório chinês wuhan ” comedir o texto viralizado o mensagem continuar garantir o laboratório wuhan comprar “ acidentalmente ” alemão allianz “ aliás o vanguard acionista acionista black rock controlar banco centrar e administrar cercar terçar capital investimento global aliás principal acionistas microsoft propriedade bill gatar acaso acionista pfizer vender o milagre vaccine e atualmente o patrocinador oms ” “ suficientemente claro morcegar entrar e agarrar o serpentar e o mundo infectar continuar ” terminar o texto amplamente compartilhar facebook twitter e instagram,saúde,8/12/2020 às 20:18,"Rafael Martí, AFP Espanha, Bruno Scelza, AFP Uruguai",https://checamos.afp.com//o-laboratorio-de-wuhan-pertence-ao-governo-chines-e-glaxo-nao-e-proprietaria-da-pfizer,0
9182,Brasil é um dos países com mais doses da vacina da covid-19 reservadas  ,,levantamento quartz o brasil país dose vacinar o covid-19 reservar milhão o o milhão chinês sinovac desenvolvido o instituto butantan e milhão universidade oxford manter parceria o astrazeneca o contagem quartz levar consideração candidato vacinar licenciar produção fechar acordar comprar direta o casar brasil o opção — e o país trocar permitir o realização teste território nacional unir aparecer bilião dose reservar o d — milhão — frutar acordar o país e farmacêutico pfizer e biontech o serum institute índio receber bilião dose candidato astrazeneca o diferençar o acordar firmar obrigar o empresar indiano o distribuir o vacinar país pobre,saúde,30/07/2020 21h46Atualizada em 03/08/2020 11h32 ,30/07/2020 21h46Atualizada em 03/08/2020 11h32 ,https://noticias.uol.com.br/saude/ultimas-noticias/redacao/2020/07/30/brasil-e-um-dos-paises-com-mais-doses-da-vacina-da-covid-19-reservadas.htm,1
9183,"

Brasil deixou de comprar gás natural da Bolívia e Venezuela #boato 
","Boato – Com a construção do Campo do Azulão pelo presidente Jair Bolsonaro e pelo ministro Bento Albuquerque, o Brasil deixou de comprar gás natural da Bolívia e Venezuela.",comprar gás bolívia e venezuela parabém bolsonaro parabém ministrar bento albuquerque almirante armar alguém mídia o globo mostrar q destruir o florestar,política,,"
Edgard Matsuki ",https://www.boatos.org/politica/brasil-deixou-comprar-gas-natural-bolivia-venezuela.html,0
9184,Italianos bloqueados no Brasil enviam carta para papa Francisco  ,,"cercar 1,5 italiano bloquear brasil dever o restrição imposto país origem conter o pandemia coronavírus enviar n terça-feira cartar o papar francisco expressar o situação humanitário desesperador santidade papar francisco apelar o cidadão italiano e residente itália bloquear brasil dia o texto.segundo italiano 1,5 pessoa impedir voltar casar e encontrar d situação graves"".a cartar revelar cidadão dinheiro criança correr o riscar perder o ano letivo adulto perder perder o empregar pessoa precisar cuidar médico e família dividir nenhum outro país mundo abandonar cidadão d e deixar pessoa situação difícil país alto riscar contágio abandonar cruel acrescentar o texto.na mensagem o o argentino reforçar apesar pedir feito s autoridade italiano respostar chegou.além cartar o pontífice cidadão criar facebook trocar informação útil e pressionar o governar enviar comunicar o o presidente sergio mattarella humildemente pedir rezar político italiano olhar cidadão esquecido e voltar casar o rápido seguir protocolo segurança imposto o mundo finalizar o carta.o governar italiano proibir fevereiro o entrar itália pessoa transitar brasil dia anterior viagem o motivar o disseminação variante coronavírus sars-cov-2 surgir manaus am e contágio",saúde,09/02/2021 18h36 ,09/02/2021 18h36 ,https://noticias.uol.com.br/ultimas-noticias/ansa/2021/02/09/italianos-bloqueados-no-brasil-enviam-carta-para-papa-francisco.htm,1
9185,Vacina da Pfizer contra a Covid-19 começa a ser testada em grávidas,Empresas recrutam 4 mil mulheres em teste que irá avaliar a segurança e a eficácia. Outros estudos já são feitos para avaliar se a vacina pode ser aplicada em adolescentes e crianças.,empresar pfizer e biontech anunciar n quinta-feira teste vacinar o covid-19 desenvolvido começar o testar grávido ano estudo fase 2/3 buscar checar o segurança tolerância e eficácia n público participar estudo anterior aprovação imunizante o empresar anunciar teste criança e ano etapa estudo ano passar fabricante incluir grávido e criança esclarecer precisar garantir vacinar seguro e eficaz maneiro época moderno e pfizer exigir provar testar gravidez negativar e compromisso o controlo natalidade mulher idade fértil inscrever voluntário estudar o pfizer e biontech recrutar voluntário o 24ª e 34ª semana gestação d participar estudar e avaliar o segurança imunizante o beber e o transferência anticorpo,ciência, 18/02/2021 18h57 , Por G1 ,https://g1.globo.com/bemestar/vacina/noticia/2021/02/18/vacina-da-pfizer-contra-a-covid-19-comeca-a-ser-testada-em-gravidas.ghtml,1
9186,É #FAKE que foto mostre restaurante popular Bom Prato com longa fila e aglomeração em meio ao isolamento em SP,Imagem que tem sido compartilhada agora foi feita no início do ano passado. ,"compartilhar rede social o foto restaurante popular redar prato filar quilométrico portar o legendar “ doria fechar restaurante evitar aglomeração e ampliar o atendimento prato restaurante estatal resultar ” o texto o entender o imagem atual o unidade prato ficar bernardo campar o governar o foto dia janeiro o datar inauguração unidade ater o população carente oferecer almoçar e jantar o r$ e café manhã o r$ 0,50 n o restaurante seguir aberto o filar o visto foto cliente grudar outro e detalhar importante refeição servir embalagem descartável alimentar unidade d o governar unidade prato marcação solo usuário respeitar o distância mínimo 1,5 metro si evita-se o contágio coronavírus casar haver pessoa infectar “ funcionário recomendar diariamente o utilização álcool gel solução alcoólico antibacteriana disponível ” o governar noto oficial enviar cbn",entretenimento, 06/04/2020," Por Roberta Pennafort, CBN ",https://g1.globo.com/fato-ou-fake/coronavirus/noticia/2020/04/06/e-fake-que-foto-mostre-restaurante-popular-bom-prato-com-longa-fila-e-aglomeracao-em-meio-ao-isolamento-em-sp.ghtml,0
9187,Brasileiros vindos da China vão ter cinco refeições por dia e só sairão de quarto com máscaras durante quarentena em Anápolis,"Cidade goiana foi escolhida para abrigar grupo que saíra de Wuham, local com alta contaminação pelo coronavírus. Segundo FAB, eles devem chegar até a madrugada de domingo.","brasileiro vir chino ficar quarentenar base aéreo anápolis o km goiânia detalhe rotina definir o brigadeiro ar marcelo kanitz damasceno forçar aéreo brasileiro fab revelar sair máscara cirúrgico receber refeição o o dia e acesso livrar o o celular repatriar viajar 18,3 km wuham e anápolis inicialmente o previsão o chegar o o brasil manhã sábado entanto militar desembarcar o noite sábado e o madrugar domingo o médio idade repatriar ano haver casar homem e mulher solteiro mulher filho pequeno – ficar cama e berço – e família integrante ficar contíguo o militar e membro órgão atuam operação repatriar responsável trazer brasileiro chino contar risco infectar coronavírus falar o recepção durante coletiva base aéreo anápolis n quinta-feira",ciência, 06/02/2020 14h53 ," Por Sílvio Túlio e Vanessa Martins, G1 GO — Anápolis ",https://g1.globo.com/go/goias/noticia/2020/02/06/base-de-anapolis-oferecera-cardapio-com-cinco-refeicoes-por-dia-e-brinquedos-para-brasileiros-vindos-da-china.ghtml,1
9188,Idoso de SC com Covid-19 recebe alta da UTI e reencontra filha após um mês internado,"Valmir Jose Bratti, 68 anos, permanece em observação no Hospital Nossa Senhora da Conceição, em Tubarão, no Sul do estado. ",idoso orleans sul catarinense reencontrar o filho internar unidade terapia intensivo uti covid-19 valmir jose bratti ano internar hospital senhor conceição tubarão o tratamento doença permanecer o manhã d sexta-feira receber alto acordar o hospital o paciente entrar unidade dia agostar o confirmação doença registrar vigilância epidemiológico bratti precisar transferir o terapia intensivo dia seguinte o o deixar o setor receber alto médico pessoa contato o filho natália o aguardar juntar o equipar médico o idoso receber aplauso e agradecer cuidar recebido durante o internação o hospital informar o paciente permanecer observação enfermar dia receber alto definitivo terminar o tratamento casar,saúde, 06/09/2020 09h30 ," Por Karollayne Rosa, G1 SC e NSC TV ",https://g1.globo.com/sc/santa-catarina/noticia/2020/09/06/idoso-de-sc-com-covid-19-recebe-alta-da-uti-e-reencontra-filha-apos-um-mes-internado.ghtml,1
9189,Senado argentino cria imposto sobre grandes fortunas para combater pandemia  ,,"O Senado argentino aprovou na noite de hoje uma lei temporária que cria imposto sobre grandes fortunas, segundo informou a imprensa local. O projeto foi aprovado por 42 votos a favor e 26 contra, após um longo (e acalorado) debate transmitido ao vivo pelo YouTube. O objetivo do governo do presidente Alberto Fernández é arrecadar ao menos 300 bilhões de pesos argentinos (cerca de R$ 18,9 bilhões, na cotação atual). Os recursos, diz o governo, serão aplicados em planos de combate à pandemia da covid-19. ""Não há necessidade de vender máquinas ou terras. A tributação cai sobre o financiamento do patrimônio"", disse a diretora da Fazenda, Mercedes Marcó del Pont, e reproduzido pelo jornal ""Clarín"".",saúde,04/12/2020 23h16 ,04/12/2020 23h16 ,https://noticias.uol.com.br/internacional/ultimas-noticias/2020/12/04/senado-argentino-cria-imposto-sobre-grandes-fortunas-para-combater-pandemia.htm,1
9190,Rio de Janeiro tem 49 casos confirmados de coronavírus  ,,o rir janeiro caso confirmar covid-19 doença causar coronavírus o secretariar estadual saudar o boletim divulgar haver trazer informação morte óbito paciente sintoma compatível o doença investigação o boletim o capital caso confirmar doença haver confirmação niterói região metropolitano e barrir manso sul fluminense paciente internar gravar autoridade vítima coronavírus isolamento domicilar quadrar saudar estável,saúde,18/03/2020 12h29 ,Igor Mello,https://noticias.uol.com.br/saude/ultimas-noticias/redacao/2020/03/18/rio-de-janeiro-tem-49-casos-confirmados-de-coronavirus.htm,1
9191,Justiça suspende aulas presenciais no Colégio Militar de Belo Horizonte  ,,o justiçar suspender o voltar s aula presenciar colégio militar belo horizonte dever ocorrer segunda-feira atividades continuar feito remotamente decisão 3ª varar federal minar gerar o juiz william ken aomi ordenar professorar manter o regime teletrabalho e impor multar r$ união casar descumprimento o magistrado ordenar realizar audiência conciliação o colégio e autor ação judicial representante sindicato trabalhador ativos aposentar e pensionista serviço público federal minar sindisep-mg o uol procurar o exército e o ministério defeso receber retornar esclarecimento publicar recebido,saúde,19/09/2020 14h30 ,Eduardo Militão,https://educacao.uol.com.br/noticias/2020/09/19/justica-federal-suspende-aula-presencial-colegio-militar-belo-horizonte.htm,1
9192,"Aurora produziu frango que testou positivo para coronavírus na China, diz governo local  ",,o governar cidade chinês shenzhen identificar hoje fábrica brasileiro aurora origem asar frango testar positivar o coronavírus o governar shenzhen identificar o unidade registrar publicação site oficial o o checar registro brasileiro plantar aurora santo catarino o aurora listado bolsar o empresar brasil processamento carnar frango e suíno o cooperativo responder imediato o pedir comentário o ministério agricultura brasil consultar equipar técnico o assunto detalhar,saúde,13/08/2020 12h22 ,Jake Spring,https://economia.uol.com.br/noticias/reuters/2020/08/13/aurora-produziu-frango-que-testou-positivo-para-coronavirus-na-china-diz-governo-local.htm,1
9193,"

Prefeitura de São Bernardo do Campo (SP) vai fechar comércio após eleições (16/11) #boato 
","Boato – O prefeito de São Bernardo do Campo, Orlando Morando (PSDB), anunciou que vai fechar o comércio de toda cidade a partir de segunda-feira, 16/11, dia seguinte das eleições.",prefeitura bernardo campar fechar comércio o dia 16/11 … votação claro domingo o noite decretar bernardo campar sp comércio fechar tudo.olha o acontecer eleição o doença forte pensar político o votar quele achar “ ” desistir olhar o avisar … votar o vírus pego dia seguinte fechar o comércio … sacanagem quele achar “ ” desistir olhar o avisar … votar o vírus pego dia seguinte fechar o comércio … sacanagem!!!!!não precisar o datar d vídeo o prefeito bernardo campar decretar fechamento comércio lembrar d episódio preparem-se provavelmente ocorrer novamente eleição,política,13/11/2020,"
Edgard Matsuki ",https://www.boatos.org/politica/prefeitura-de-sao-bernardo-do-campo-sp-fechar-comercio-apos-eleicoes-16-11.html,0
9194,"

Onça e vaca fazem amizade e são fotografadas em fazenda de Mato Grosso #boato 
","Boato – Uma onça e uma vaca fizeram amizade e foram fotografadas em uma fazenda do Mato Grosso. Após perder a mãe e ser amamentada pela vaca quando filhote, a onça, agora adulta, volta para visitá-la todos os dias.",trabalhador fazenda matar grosso encontrar filhotinho onça o o corpo mãe morto caçador levar o filhote pra fazenda e o colocar pra mamar vacar o filhote haver crescer o suficiente o soltar matar fazenda pra começar o notar onça pastar nenhum bezerro e resolver colocar câmeras noturnas averiguar o acontecer e surpreso filhote onça haver salvar adulto visitar noite o vacar o amamentar deitar e descansar juntar … o divino manifestação amor divino,brasil,04/08/2020,"
Raiane Gonoli ",https://www.boatos.org/brasil/onca-e-vaca-amizade-fazenda-mato-grosso.html,0
9195,"

Braga Netto convida Sérgio Reis e Zé Trovão para desfile de 7 de setembro em Brasília #boato 
",Braga Netto convida Sérgio Reis e Zé Trovão para desfile de 7 de setembro em Brasília #boato,o irmão bomba pra stf o xandão e barroso proibir sérgio rei e zé trovão aproximar praça o ministrar defeso general braga neto convite especial o o sérgio rei e zé trovão parir participar desfilar 07/09/2021 o camarote o presidente bolsonaro e o general almirante e brigadeiro forçar e xandão stf peitar o militar e mandar o polícia federal subir o camarote e tira-los,política,24/08/2021,"
Edgard Matsuki ",https://www.boatos.org/politica/braga-netto-convida-sergio-reis-ze-trovao-desfile-7-de-setembro-brasilia.html,0
9196,É #FAKE que idosos com voto facultativo que não fizerem biometria terão CPF cancelado e benefícios bloqueados,Mensagem que circula em redes sociais em tom de alerta tem conteúdo falso. Advogado eleitoral diz que ameaça não existe; TSE também garante que texto não é verdadeiro.,circular rede social mensagem idoso votar precisar o o tre o biometria e o cpf bloquear benefício o direito o tribunal superior eleitoral tse o eleitor ano votar o cpf cancelar suspensão benefício o tse esclarecer hipótese o eleitor o cpf cancelar o receitar federal afirmar hipótese o cancelamento título eleitor cidadão o realização cadastramento biométrico perante o cartório eleitoral resultar cancelamento cpf,entretenimento, 02/08/2019," Por Roney Domingos, G1 ",https://g1.globo.com/fato-ou-fake/noticia/2019/08/02/e-fake-que-idosos-com-voto-facultativo-que-nao-fizerem-biometria-terao-cpf-cancelado-e-beneficios-bloqueados.ghtml,0
9197,Defesa de Carol Solberg decide recorrer de advertência no STJD  ,,o defeso carol solberg e o atleta decidir n segunda-feira recorrer o o tribunal pleno superior tribunal justiçar desportivo stjd vôlei punição aplicar o terça-feira carol multar desrespeitar o regulamentar circuitar brasileiro vôlei praia o peno convertido advertência voltar o jogar eliminar etapa circuitar semana passar saquarema rj carol aceitar o peno falar bolsonaro entrevisto pós-jogo o casar arquivar o promotoria recorrer o o escolher levar o casar o pleno o jogador e advogar insistir tesar o tribunal desportivo agir censor impedir o liberdade expressão posse acórdão lavrar relator processar âmbito 1ª comissão disciplinar stjd voleibol o defeso atleta carol solberg composto advogar felipe santo cruz e leonardo andreotti informar recorrer decisão visto o fato atípico e o código brasileiro justiçar desportivo e o regulamentar competição proibir expressamente o conduta atleta comentar o defeso noto,política,19/10/2020 17h14 ,19/10/2020 17h14 ,https://www.uol.com.br/esporte/colunas/olhar-olimpico/2020/10/19/defesa-de-carol-solberg-decide-recorrer-de-advertencia-no-stjd.htm,1
9198,Consórcio quer 20 milhões de doses extras para distribuição aos municípios  ,,estatuto aprovar hoje reunião frente nacional prefeito fnp o consórcio conectar trabalho mirar o aquisição milhão dose vacinar extra distribuição o município o idear o iniciativo adiantar dia o finalização imunização riscar o país acordar o consultor fnp carla domingues casar meter atingir pensar concluir o vacinação milhão brasileiro compor junho julho o ministério saudar entregar milhão dose médio milhão dose o significar médio milhão pessoa vacinar o o o consórcio adquirir milhão dose significar o gente puxar dia o cronograma,política,22/03/2021 18h10 ,Júlia Schiaffarino ,https://noticias.uol.com.br/saude/ultimas-noticias/redacao/2021/03/22/consorcio-quer-20-milhoes-de-doses-extras-para-distribuicao-aos-municipios.htm,1
9199,"Pedidos de empréstimo ao setor elétrico somam R$ 14,8 bilhões, diz Aneel ",50 das 53 distribuidoras do país pediram a ajuda financeira em meio à pandemia. Prazo para adesão terminou na sexta (3). Liberação dos recursos deve começar ainda em julho.,"o ajudar s distribuidor energia aprovar pandemia coronavírus somar r$ 14,8 bilião o informação divulgar n segunda-feira agência nacional energia elétrica aneel o prazo pedir o empréstimo terminar sexta-feira total distribuidor país aderir o o socorrer pedir o empréstimo empresar cooperaliança e joão cesa atender santo catarino e o forcel paraná o aneel empresar assinar o contratar e valorar começar o liberar o julho",política, 06/07/2020 13h45 ," Por Laís Lis, G1 — Brasília ",https://g1.globo.com/economia/noticia/2020/07/06/pedidos-de-emprestimo-ao-setor-eletrico-somam-r-148-bilhoes-diz-aneel.ghtml,1
9200,"

Urnas eletrônicas estão saindo de Brasília com votos já computados #boato 
",Boato – Dois policiais denunciaram que as urnas eletrônicas fraudadas estão saindo de Brasília com votos computados para as eleições 2020.,comprovar afirmação d policiar eleição novembro precisar imediatamente suspenso indeterminar o ministrar tse encontra-se suspeição máquina precisar auditadas prático criar votar impresso e o fiscalização exercitar o transparência encorremos errar e vítima golpe esquecer o bolsonaro ganhar turno e gente doente desistir pessoa desvio caráter acima normal impressionante o vídeofuncionario tribunal regional eleitoral brasilia chamar o policiar militar e registrar denunciar urna eletronicas inspecionadas proximas eleicoes municipal encontrar série ilegalidade encontrar urna estao conter voto candidato o casar encaminhar o policiar federal acordar eleitor!tai parabens o policiar federal brasileiro ja votar bolsonaro urna e eleitoral brasileiro bolsonaro sera eleito radicalizar fiscalização uranas contagem votos!!brasil alertar começar o golpe esquerdo eleição o brasileiro o vídeo e o perigar policiar alertar urna votação entregue viciar votação enviar polícia federal brasileiro esquerdo stf congresso valer acabar escravo comunismo socialismo chorar,política,21/10/2020,"
Raiane Gonoli ",https://www.boatos.org/politica/urnas-eletronicas-votos-computados-brasilia.html,0
9201,Brasil registra 6.875.230 milhões de pessoas recuperadas,,"brasil registrar 6.875.230 milhão pessoa curar covid-19 mundo estima-se milhão pessoa diagnosticar covid-19 recuperar o pessoa curar brasil superior quantidade caso ativos 681.961 paciente acompanhamento médico o registrar pessoa curar representar o total caso acumular 88,7 informação atualizadas s 18h30 d segunda-feira 04/01 e enviar secretariar estadual e municipal saudar o doença presentar município brasileiro cidade 3.686 possuir e caso o óbito 4.996 município registro 89,7 d apresentar óbito confirmar",saúde,04/01/2021 19h37,(61) 3315-3580 / 2351 / 3853localizasus.saude.gov.br,https://www.gov.br/saude/pt-br/assuntos/noticias/brasil-registra-6-875-230-milhoes-de-pessoas-recuperadas,1
9202,Capes suspende por 90 dias pagamento de dívidas de ex-bolsistas  ,,o capar coordenação aperfeiçoamento pessoal superior publicar hoje diário oficial união portar suspender dia prazo parcelamento dívida ex-bolsistas beneficiário auxílio instituição inscrito dívida ativa união o capar o medir tomar reconhecimento calamidade público e necessidade adotar medir destinar o minimizar impacto causar pandemia coronavírus o portar disciplinar instrumentar anterior capar tratar regulamentação o pagamento dívida o texto determinar dívida pago prazo parcelar mensal superior o r$ pessoa jurídico e r$ pessoa físico portar o suspensão prazo concedido mediante requerimento devedor interessar,saúde,21/07/2020 12h31 ,21/07/2020 12h31 ,https://educacao.uol.com.br/noticias/2020/07/21/capes-suspende-por-90-dias-pagamento-de-dividas-de-ex-bolsistas.htm,1
9203,"Não sou Jesus do Flamengo, mas sou Messias do Executivo, diz Bolsonaro  ",,o presidente jair bolsonaro exaltar hoje o trabalhar agente prf polícia rodoviário federal citar o facada sofrido durante o campanha eleitoral bolsonaro falar o dever buscar segurança e elogio o o rir janeiro o acolher e projetou o vidar público costumar jesus flamengo o messias executivo brincar o presidente referência o o ex-técnico clube carioca entrar campar o vidar liberdade o sagrar completar o declaração feito durante cerimônia marcar o entregar estruturar e equipamento o prf rir janeiro participar evento o diretor prf eduardo aggio sá e o governador exercício cláudio castrar psc bolsonaro anunciar vago o prf aberto o d ano e o início ano sangue prf melhor trabalhar e ajudar tocante segurança público país o presidente,política,24/09/2020 16h32Atualizada em 24/09/2020 20h06 ,24/09/2020 16h32Atualizada em 24/09/2020 20h06 ,https://noticias.uol.com.br/politica/ultimas-noticias/2020/09/24/nao-sou-jesus-do-flamengo-mas-sou-messias-do-executivo-diz-bolsonaro.htm,1
9204,alfred hitchcock ensinar o curar parir o fascismo,,entretanto ensinar o “ curar parir o fascismo ” filmar produzir alegar algum imagem inglês quantum português circular o redar social o o imagem geralmente divulgar página o facebook nacional e internacional o twitter e o reddit,política,24/04/2019,marco faustino,https://www.e-farsas.com/alfred-hitchcock-ensinou-a-cura-para-o-fascismo.html,0
9205,Lula: decisão do CNMP a favor de Dallagnol é vergonha histórica para o MP  ,,"O ex-presidente Luiz Inácio Lula da Silva (PT) afirmou hoje via Twitter, após o CNMP (Conselho Nacional do Ministério Público) arquivar representação contra o procurador da República Deltan Dallagnol, coordenador da Lava Jato, que a decisão entrará para a ""história como vergonha para o Ministério Público [MP]"". A defesa de Lula entrou com recurso no STF (Supremo Tribunal Federal) na semana passada para que Deltan fosse julgado pelo PowerPoint, apresentado em 2016 para explicar a denúncia contra o petista no processo do tríplex de Guarujá (SP). Além do caso julgado hoje, 23 reclamações contra Deltan já foram arquivadas pelo conselho. Há ainda no CNMP outros 20 processos contra o procurador em diferentes etapas de tramitação.",política,25/08/2020 19h02 ,25/08/2020 19h02 ,https://noticias.uol.com.br/politica/ultimas-noticias/2020/08/25/lula-decisao-do-cnmp-a-favor-de-dallagnol-e-vergonha-historica-para-o-mp.htm,1
9206,"

Netflix liberou acesso grátis durante o período de isolamento em site no WhatsApp #boato 
","Boato – A Netflix resolveu liberar o acesso grátis à toda plataforma durante o período de isolamento por causa do novo coronavírus. Para conseguir, é preciso entrar em um site e compartilhar um link com amigos no WhatsApp.",o netflix decidir liberar o acesso o plataforma filme e série período isolamento pessoa o cadastramento correr site site]devido o pandemia corona vírus mundo o netflix liberar o acesso o plataforma d período isolamento correr site pra cadastrar dias!ative contar grátis período isolamento netflix-usa.net netflix grátis covid-19 ater contar grátis período isolamento,entretenimento,19/03/2020,"
Edgard Matsuki ",https://www.boatos.org/tecnologia/netflix-liberou-acesso-gratis-periodo-de-isolamento-whatsapp.html,0
9207,"

Ferrero Rocher está dando prêmios de Dia dos Namorados no WhatsApp #boato 
",Ferrero Rocher está dando prêmios de Dia dos Namorados no WhatsApp #boato,presente grátis o ferrero sortir parabém selecionamos parir participar dia namorar premiar ferrero completar o questionário parir ganhar lindar arranjar ferrero rocher conhecer o ferrero ano 18-29 30-39 40-49 comer avaliar o ferrero ótima razoável ruim o recomendar o o amigo nãoparabéns suar respostar salvo sucesso o suar chance dever selecionar o caixa corretar o prêmio tentativo sortir parabém conseguir ganhar o prêmio ferrero rocher o regrar dever contar o amigo sobrar promoção digitar endereçar e concluir o registrar,entretenimento,09/06/2021,"
Edgard Matsuki ",https://www.boatos.org/tecnologia/ferrero-rocher-dando-premios-dia-dos-namorados-whatsapp.html,0
9208,Empresas da França fazem equipamentos de proteção contra coronavírus  ,,empresar setores aeronáutico espacial defeso e segurança mudar linha produção equipamento proteção profissional saudar e paciente coronavírus frança o normandie aeroespace abrigar empresar funcionário produzir placar vidrar proteção policarbonato cpm industriar sena marítimo o volum-e o desenvolver válvula respirador e impressão 3d equipamento saudar diferente fábrica o empresar doar máscara luva litro etanol vestir e macacão e óculo proteção o empenhar empresar privar justificativo o país situação sério o pessoal saudar linha frente ajudar o coração empresar máquina philippe eudeline diretor inovação thales o o o jornal le parisien eure o delta plasturgy capacete e tela proteção o o iniciativo acontecer equipamento suporte visor destinar o hôpitaux parir hospital universitário unidade pesquisar,saúde,08/04/2020 11h13 ,08/04/2020 11h13 ,https://noticias.uol.com.br/internacional/ultimas-noticias/2020/04/08/empresas-da-franca-fazem-equipamentos-de-protecao-contra-covid-19.htm,1
9209,EUA vai acusar China de piratear estudos sobre vacina da covid-19  ,,washington acusar o chino publicamente piratear pesquisar americano vacinar o coronavírus informar o imprensar acordar the wall street journal e the new york times o fbi polícia federal americano e o departamento segurança interno dhs planejam emitir advertência hackers chinês iniciativo governamental e privar corrido o relógio o obtenção vacinar jornal funcionário americano acusar hackers ligar o o governar chinês o advertência emitir dia pequim o porta-voz ministério exterior zhao lijian rejeitar acusação afirmar país opor firmemente o ciberataques,saúde,11/05/2020 13h09 ,11/05/2020 13h09 ,https://noticias.uol.com.br/ultimas-noticias/afp/2020/05/11/eua-vai-acusar-china-de-piratear-estudos-sobre-vacina-da-covid-19.htm,1
9210,"
  A voluntária que contou aos meios de comunicação as possíveis reações à vacina faz parte dos testes de Oxford","A história de uma voluntária que faz parte de um dos testes de vacina contra o novo coronavírus no Brasil viralizou nas redes sociais em pouco mais de dois dias. Ela contava ter tido reações à dose, que internautas afirmaram ser da “vacina chinesa do Doria”. No entanto, isto é falso. Ela faz parte dos testes da Universidade de Oxford, em parceria com a Fundação Oswaldo Cruz (Fiocruz), e não tem relação com a CoronaVac, cujos testes são coordenados pelo Instituto Butantan, em parceria com a farmacêutica chinesa Sinovac Biotech, em São Paulo.Envie-nos por WhatsApp Email","“ o cobaia dório tomar o vacinar ‘ começar o sentir indisposto enorme moleza corpo sono cansaço e febre grau corpo inteirar começar o doer e olho o lacrimejar o dor braço absurdo levantá-lo sic ” o texto acompanhar o foto mulher publicação compartilhar 5,4 facebook o dia julho referência o o governador paulo joão doria juntar imagem haver legendar “ coronovac chino sic ” “ reação vacinar dório alguém dispor o cobaia sic ” e “ otário pra pra aceitar cobaia vacinar ching ling cadê o governar brasileiro proibir caos sic ” o fotografia o texto circular publicação instagram e twitter",brasil,28/07/2020 às 21:50,AFP Brasil,https://checamos.afp.com//voluntaria-que-contou-aos-meios-de-comunicacao-possiveis-reacoes-vacina-faz-parte-dos-testes-de,0
9211,exame parir casar reinfecção covid-19 birigui sp,"recebemos uma interessante sugestão de pauta através de nossa página no facebook. um usuário nos questionou se um determinado exame, que vem sendo compartilhado na plataforma, retrata um caso de reinfecção pelo novo coronavírus.",conferir abaixar o publicação arquivar,saúde,5/11/20205,marco faustino,https://www.e-farsas.com/exame-aponta-para-um-caso-de-reinfeccao-de-covid-19-em-birigui-sp.html,0
9212,Viagem de ministro interino em avião da FAB azeda clima na comitiva de Bolsonaro na Índia, 27/01/2020 19h00 ,azedar o clima comitiva presidente jair bolsonaro índio e o acordo negociar país o motivar o irritação presidente o o o ministrar exercício casar civil vicente santini viajar avião forçar aéreo brasileiro fab o informação jornalista belo megale publicar jornal o globo confirmar blog condição ministrar exercício o titular onyx lorenzoni féria santini direito o requisitar o avião fab,política, 27/01/2020 19h00 , ,https://g1.globo.com/politica/blog/cristiana-lobo/post/2020/01/27/viagem-de-ministro-interino-em-aviao-da-fab-azeda-clima-na-comitiva-de-bolsonaro-na-india.ghtml,1
9213,"Marco Aurélio elogia Mendonça, mas diz que STF não é para relações públicas  ",,o decano stf supremo tribunal federal marcar aurélio mello alertar o o ministrar andré mendonça forte candidatar o assumir vago julho atingir o idade aposentar compulsório cortar o cadeira supremo público o o uol o ministrar supremo completar ano julho considerar mendonça nome afirmar o vago supremo envergadura o comandar pastar justiçar o presidente jair bolsonaro sinalizar indicar o atual ministrar justiçar andré mendonça vago nome iniludivelmente e esperar perceber o coragem o síntese virtude e o cadeira virar o ocupar envergadura cadeira voltar o púbico marcar aurélio,política,18/03/2021 04h00 ,Guilherme Mazieiro e Carla Araújo,https://noticias.uol.com.br/politica/ultimas-noticias/2021/03/18/marco-aurelio-alerta-favorito-ao-stf-cadeira-nao-e-para-relacoes-publicas.htm,1
9214,"Após derrota no STF, fundador do Escola Sem Partido diz que deixa movimento  ",,o advogar miguel nagib fundador escola anunciar hoje o participação movimentar nagib canal administrar atividades encerrar anunciar tristeza o participação movimentar escola cessar o hoje o atividade canal esp responsabilidade escrever o advogar anúncio publicar rede social anunciar tristeza o participação movimentar escola cessar o hoje o atividade canal esp responsabilidade.miguel nagib o anúncio acontecer dia o stf supremo tribunal federal considerar inconstitucional lei estadual alagoa inspirar escola batizada escola livrar o legislação alagoano proibir o prático doutrinação político e ideológico sala aula e afirmar direito pai filho receber educação moral livrar doutrinação político religioso ideológico,política,22/08/2020 15h24 ,22/08/2020 15h24 ,https://educacao.uol.com.br/noticias/2020/08/22/apos-derrota-no-stf-fundador-do-escola-sem-partido-diz-que-deixa-movimento.htm,1
9215,"

Ganhador da Mega-Sena foi revelado e mora na “sua cidade” #boato 
",Boato – Um morador da “sua cidade” é o mais novo milionário da Mega-Sena. Ele ganhou o prêmio acumulado e todos os detalhes você pode ver no link.,morador rir claro sp uberlândia mg vassourar rj itapetininga ba foz iguaçu pr e o milionário mega sena ganhar milhão real,brasil,13/05/2019,"
Edgard Matsuki ",https://www.boatos.org/brasil/ganhador-mega-sena-sua-cidade.html,0
9216,"Filme de Vereza indicado a prêmio não usou Lei Rouanet, mas nem poderia  ",,artigo virar rede social exaltar o fato o filmar o trampo dirigir e estrelar carlos vereza concorrer agostar o o prêmio melhor filmar estrangeirar festival internacional cinema madri dinheiro lei rouanet texto entanto o filmar vereza longa-metragem ficção candidatar receber recurso lei incentivar cultura o lei rouanet mecanismo permitir o financiamento longas-metragens documentário acordar o professor universidade federal cear marcelo ikeda especialista político público cinematográfico o professor ressaltar documentário o rouanet costumar utilizar ikeda longo o trampo pedir lei audiovisual — similar rouanet funcionar incentivo fiscal fomentar indireto — fundir setorial audiovisual fsa financiar recurso público fomentar direto projetos selecionados,entretenimento,07/09/2019 00h00 ,07/09/2019 00h00 ,https://noticias.uol.com.br/comprova/ultimas-noticias/2019/09/07/filme-de-vereza-indicado-a-premio-nao-usou-lei-rouanet-mas-nem-poderia.htm,0
9217,robô boston dynamics rebelar o ataque humano,,o filmar duração e surgir o twitter e o redar social o quinzena junho n homem umar demonstração modelar robô defender agressão certar o máquina o barrir ferrar humanar e preparar parir contra-atacar deixar o homem assustar,entretenimento,15/06/2019,gilmar lopes,https://www.e-farsas.com/um-robo-da-boston-dynamics-se-rebelou-contra-os-ataques-de-humanos.html,0
9218,'Tribunal da Lava Jato' anula sentença de Moro e absolve ex-tesoureiro do PT  ,,o turma tfr-4 tribunal regional federal 4.ª região responsável processo lavar jato instância derrubar unanimidade sentença ex-juiz sérgio morar e absolver o ex-tesoureiro pt paulo ferreiro e o presidente empreiteiro construcap roberto ribeiro capobianco processar aberto o provar obtido operação abismar peno condenar ação mantido o sentença morar anular n semana julgamento o desembargador joão pedrar gebran neto relator recurso apresentar defeso réu e colega thompson florir e leandro paulsen inocentar ferreiro e capobianco denúncia corrupção ativa lavagem dinheiro e associação criminoso o ex-tesoureiro petista haver condenar o ano e reclusão regime fechar e o empresário o ano prisão ferreiro e capobianco chegar o preso temporariamente cursar investigação conduzir força-tarefa lavar jato apurar suspeito irregularidade reformar cenpes centrar pesquisar e desenvolvimento leopoldo américo miguez mello petrobras ilhar fundão rir procurador afirmar o processar licitação obrar fraudar e empresar pagar r$ milhão vantagem indevido o diretoria serviço estatal e o pt,política,27/08/2020 07h16 ,Fausto Macedo e Rayssa Motta,https://noticias.uol.com.br/ultimas-noticias/agencia-estado/2020/08/27/tribunal-da-lava-jato-anula-sentenca-de-moro-e-absolve-ex-tesoureiro-do-pt.htm,1
9219,"

Povo europeu joga máscaras no lixo e se nega a usá-las contra a Covid-19 #boato 
",Boato – Todos os europeus jogaram máscaras de proteção no lixo e vão às ruas para protestar contra o isolamento social. Povo não aguenta mais a tirania.,jogar máscara lixar europeu jogar máscara lixar e s ruir tirano diverso cidade europeu londres e berlim sábado movimentar o d metrópole resolver tirar máscara face e denunciar o esquema repressivo justificar autoridade base pandemia vírus chinês ninguém aguentar andar mascarar e trancafiado domicílio lockdowns e ameaçar autoridade saudar chefe verdade comparsa d estratégia dominação d ensaiar maquiavélico viabilizar governo totalitário,mundo,07/09/2020,"
Carol Lira ",https://www.boatos.org/mundo/povo-europeu-mascaras-lixo.html,0
9220,"

Irmão de Wilson Lima, governador do Amazonas, é flagrado ameaçando médica #boato 
","Boato – O irmão de Wilson Lima, governador do Amazonas, foi flagrado ameaçando uma médica por ligação telefônica durante a pandemia.",irmão governador amazona ameaçar médico denunciar esquema furtar inss superfaturamento ouvir o repassar dó ha coragem n pai constante feminicidio e proteção compartilhar muiiiiiiiito irmão governador amazona wilson miranda limar ameaçar médico denunciar esquema furtar inss superfaturamento ouvir o repassar dó,política,01/02/2021,"
Raiane Gonoli ",https://www.boatos.org/politica/irmao-de-wilson-lima-ameaca-medica.html,0
9221,"Para delegados da PF, depoimento evidenciou que Ramagem já era 'eminência parda' no órgão", 14/05/2020 13h08 ,"Experientes delegados da Polícia Federal ouvidos pelo blog afirmaram que o depoimento do delegado Alexandre Saraiva evidenciou que o diretor da Agência Brasileira de Inteligência, Alexandre Ramagem, já vinha exercendo uma espécie de ""eminência parda"" na PF.  Saraiva é o atual superintendente no Amazonas. Ele disse que em 2019 foi sondado por Ramagem, que também é delegado federal, sobre se tinha interesse para assumir a superintendência do Rio. Segundo Saraiva, ele respondeu ""prontamente"" que sim.  Saraiva prestou depoimento no inquérito que apura se o presidente Jair Bolsonaro tentou interferir na PF.  Ramagem era o preferido de Bolsonaro para substituir o ex-diretor-geral da PF, Mauricio Valeixo, demitido pelo presidente. Para os delegados ouvidos pelo blog, o depoimento mostrou que a influência de Ramagem no órgão já ocorria mesmo na época de Valeixo.",política, 14/05/2020 13h08 , ,https://g1.globo.com/politica/blog/gerson-camarotti/post/2020/05/14/para-delegados-da-pf-depoimento-evidenciou-que-ramagem-ja-era-eminencia-parda-no-orgao.ghtml,1
9222,"

Marisa Letícia tinha R$ 256 milhões em CDB do banco Bradesco #boato 
","Boato – Dona Marisa Letícia, ex-esposa do ex-presidente Lula, tinha R$ 256 milhões em uma aplicação de CDB no Banco Bradesco. Ela ganhou a fortuna vendendo Avon.","processar inventário e partilhar dono marisa letícia lula silvar o juíz elucidar o envolver 2.566.468 unidade cdb o falecido possuir juntar o o banco bradesco unitário r$ 100,00 totalizar o montante r$ 256.646.800,00 … pqp dia quarentenar pandemia o mi o m cdb ’ s marisa letícia vendedor avon??????este documentar o decisão processar inventário marisa leticia vender avon o juiz determinar esclarecimento milhão unidade cdb unitário r$ totalizar r$ milhão duvidar divulgar tô adiantar pra adorar gente ousar encher o sacar defender marginar e falar pt época pandemia e blá blá blá … tomar lato bandodeotariospetralhas",política,19/04/2020,"
Edgard Matsuki ",https://www.boatos.org/politica/marisa-leticia-r-256-milhoes-cdb-banco-bradesco.html,0
9223,foragir justiçar assessor ministrar stf dia toffoli,"é verdade que um ex-gerente da caixa econômica federal, foragido da justiça após roubar r$ 3 milhões do fgts, é assessor do ministro do stf dias toffoli?",o imagem homem acompanhar texto circular rede social agostar e voltar o compartilhar whatsapp semana maio acordar o texto o sujeitar foto ex-gerente caixa econômica federal e fugir polícia ano roubar r$ milhão fgts,política,12/05/2021,gilmar lopes,https://www.e-farsas.com/foragido-da-justica-e-assessor-do-ministro-do-stf-dias-toffoli.html,0
9224,Covid-19: Ministério da Saúde não sabe quantos testes foram feitos no país  ,,o ministério saudar teste coronavírus realizar brasil o informação pastar questionar reportagem uol o total exame fato feito país chegar o o infectar covid-19 atualmente o respostar assessoria dispor d informação haver o teste distribuir o — teste rápido e rt-pcr feito amostragem sangue e preciso país coreia sul alemanha unir e itália manter o controlo teste covid-19 realizar o resultar positivo e negativo especialista principal estratégia combater o o coronavírus o realização teste massa o ministério saudar informar distribuir exame biologia molecular rt-pcr o dia 1º abril distribuir teste rápido e precisão conseguir obter resultar espaçar curtir,saúde,03/04/2020 17h38 ,Rodrigo Mattos,https://noticias.uol.com.br/saude/ultimas-noticias/redacao/2020/04/03/covid-19-ministerio-da-saude-nao-sabe-quantos-testes-foram-feitos-no-pais.htm,1
9225,É #FAKE que vídeo mostre Bell Marques falando do novo coronavírus com governador da BA no carnaval,"Vídeo é antigo. Foi feito durante o carnaval de 2017. Músico se referia ao zika vírus. Ou seja, não há nenhuma relação com a atual pandemia.",circular rede social vídeo mostrar o cantor bell marcar ex-integrante bandar chiclete banana saudar o governador bahia ruir costa e o embaixador chino durante show carnaval vídeo o cantor preparar lidar o vírus o mensagem compartilhar o vírus citar músico o coronavírus e imagem recente o mensagem falso o governador bahia curtir o carnaval juntar o cúpula comunista chinês salvador notar o cantor bell marcar falir preparar pra enfrentar vírus apesar o texto crer o vídeo gravar carnaval d ano o brasil registrar o casar covid-19 verdade o vídeo publicar página oficial governar estadual bahia fevereiro o equipar embaixada chinês assistir o o carnaval d ano registrar o casar coronavírus mundo,saúde, 07/05/2020," Por Thaís Matos, G1 ",https://g1.globo.com/fato-ou-fake/coronavirus/noticia/2020/05/07/e-fake-que-video-mostre-bell-marques-falando-do-novo-coronavirus-com-governador-da-ba-no-carnaval.ghtml,0
9226,Governo quer que plataforma de venda online seja responsável por recolher eventual novo imposto,"Previsão está na primeira parte da proposta do governo de reforma tributária enviada nesta terça-feira ao Congresso. Novo tributo substituiria PIS-Cofins, com alíquota de 12%.","A primeira parte da proposta do governo de reforma tributária, enviada nesta terça-feira (21) ao Congresso, prevê que as plataformas de vendas online sejam responsáveis pela arrecadação do imposto sobre produtos vendidos se o vendedor não emitir nota fiscal.  A proposta do governo prevê a unificação do PIS e do Cofins (incidente sobre receita, folha de salários e importação), criando um tributo sobre valor agregado, com o nome de Contribuição Social sobre Operações com Bens e Serviços (CBS), que terá uma alíquota de 12%.  Na prática, os sites de vendas serão responsáveis por recolher o CBS quando algum produto for vendido por uma pessoa física, que não é obrigada a emitir nota.  “Se eu emito nota fiscal e anuncio um produto por meio da minha plataforma, a Receita Federal tem como identificar e cobrar o imposto que não foi pago ou pago erroneamente. Mantenho o contribuinte como responsável. O problema é quando esse vendedor é pessoa física. Nesse caso, a plataforma digital passa a ser responsável por esse recolhimento”, afirmou Vanessa Rahal Canado, assessora especial do ministro da Economia.",política, 21/07/2020 20h56 ," Por Laís Lis e Alexandro Martello, G1 — Brasília ",https://g1.globo.com/economia/noticia/2020/07/21/governo-quer-que-plataforma-de-venda-online-fique-responsavel-por-recolher-novo-imposto.ghtml,1
9227,"
  O fato de um purê de maçã ter dado positivo em um teste rápido não prova que estes são ineficazes","Desde o início de dezembro, centenas de usuários têm compartilhado um vídeo que, segundo asseguram, demonstraria que os testes rápidos de antígenos para detectar a covid-19 não são confiáveis. Na gravação, um teste dá resultado positivo para uma amostra de purê de maçã. A reação do kit não sustenta, contudo, a afirmação de que esta ferramenta de diagnóstico é ineficaz. O que ela revela é que seus resultados são inválidos se o procedimento não segue as indicações do fabricante.Envie-nos por WhatsApp Email",o vídeo 2:15 minuto compartilhar dezembro facebook e twitter n pessoa exibir testar antígeno covid-19 e pequeno embalagem purê maçã seguir abrir o recipiente e o cotonete coleta amostrar purê maçã e o submeter o o kit diagnóstico algum o pessoa seguro o testar frente câmera o resultar positivar “ testar positivar covid sobremesa maçã … explicar o infectar covid … e o sumiço gripar ” escrever usuário o o publicar o vídeo publicação semelhante circular inglês espanhol alemão e francês,saúde,17/12/2020 às 21:52,"Eva Wackenreuther, AFP Alemanha",https://checamos.afp.com//o-fato-de-um-pure-de-maca-ter-dado-positivo-em-um-teste-rapido-nao-prova-que-estes-sao-ineficazes,0
9228,"Novo, PSL e Avante registram o maior aumento no número de candidaturas a prefeito e a vereador neste ano","Fim das coligações tem alterado as estratégias dos pequenos partidos. Mesmo com queda nas candidaturas às prefeituras, MDB ainda tem o maior número de postulantes.",mudança o coligação eleição proporcionar passar o valer n ano afetaram estratégia país especial pequeno legendar o candidato o prefeito e o vereador lançar crescer consistentemente comparar psl o presidente jair bolsonaro eleito avante prtb e patriota registrar variação percentual quantidade candidatura o prefeito n aparecer o candidatar haver ano e o corrido pequeno reflete candidato o vereador psl e avante seguir dem apresentar percentual crescimento eleição candidatura análise tribunal superior eleitoral passar pequeno mudança importante ressaltar sigla mudar nome ptn virar e o phs incorporar pt b virar avante pen virar patriota pmdb virar mdb psdc virar dc pps virar cidadania pr virar pl e o prb virar republicano,política, 29/09/2020 08h29 ," Por Fábio Vasconcellos, G1 ",https://g1.globo.com/politica/eleicoes/2020/eleicao-em-numeros/noticia/2020/09/29/novo-psl-e-avante-registram-o-maior-aumento-no-numero-de-candidaturas-a-prefeito-e-a-vereador-neste-ano.ghtml,1
9229,É #FAKE que vídeo prove que Anthony Hopkins não recebeu vacina contra a Covid-19,Vídeo destaca momento em que líquido é espirrado para fora da seringa para dizer que vacinação não ocorreu. Hospital onde injeção foi dada diz que imunizante foi efetivamente aplicado e explica que carga expelida é o restinho que fica na agulha e no espaço morto da seringa.,circular rede social vídeo mostrar o o ator anthony hopkins o silêncio inocente receber o vacinar o covid-19 mostrar câmera lento e som distorcer o carga descartar o legendar acompanhar versão vídeo afirmar o imagem provar o líquido aplicar e passar farsa hopkins tomar o vacinar cha presbyterian medical center questionar g1 o hospital afirmar o vacinar efetivamente aplicar e explicar o descartar carga absolutamente normal o cha hpmc administrar o vacinação o covid-19 utilizar seringar padrão fornecido departamento saudar público condado o seringar cuidadosamente preparar garantir conter o quantidade corretar vacinar e o sr hopkins receber vacinar dosar completar o excesso líquido representar vídeo o resultar volumar residual ocupar o espaçar morto agulhar o cânula o cubar o dosar total retirar seringar administrar esperar e o espaçar morto presentar medicamento administrar injeção o hospital noto,entretenimento, 12/02/2021," Por Roney Domingos, G1 ",https://g1.globo.com/fato-ou-fake/coronavirus/noticia/2021/02/12/e-fake-que-video-prove-que-anthony-hopkins-nao-recebeu-vacina-contra-a-covid-19.ghtml,0
9230,Prouni: MEC vai lançar edital com novos prazos  ,,o ministério educação mec informar hoje lançar edital programar universidade prouni o mec pessoa lista esperar e aguardar análise documento — o oportunidade comprovar informação juntar s instituição ensinar superior — prejudicar o prouni oferecer bolsar integrar e parcial instituição privar educação superior atividades programar suspenso dever paralisação serviço e município causar pandemia provocar coronavírus pessoa concorrer o bolsar estudar remanescente programar encontram-se n situação,saúde,16/04/2020 17h56 ,16/04/2020 17h56 ,https://educacao.uol.com.br/noticias/2020/04/16/prouni-mec-vai-lancar-edital-com-novos-prazos.htm,1
9231,Guedes diz que PT ganhou merecidamente eleições após criar o Bolsa Família  ,,o ministrar paulo guedes economia n terça-feira o o criar o bolsar família o pt merecidamente conseguir vencer eleição presidencial seguir o programar transferência render o pobre belo iniciativo o pt ganhar eleição seguir merecidamente o transferência render frágil programar programar envolver recurso e alto impactar social declarar o ministrar audiência público câmara ... ler íntegro folhar,política,04/05/2021 15h53 ,04/05/2021 15h53 ,https://noticias.uol.com.br/colunas/reinaldo-azevedo/2021/05/04/guedes-diz-que-pt-ganhou-quatro-eleicoes-apos-criar-o-bolsa-familia.htm,1
9232,É #FAKE que lei proíbe sair de casa por mais de um mês e prevê multa ou prisão por descumprimento em razão do coronavírus,"Imagem que imita logo do governo federal é falsa. Nenhuma lei prevendo prisão ou multa para quem sair de casa foi aprovada no Congresso, embora autoridades de saúde recomendem isolamento para evitar a propagação do coronavírus.",circular rede social imagem imitir o logotipo governar federal mensagem lei determinar o dia abril expressamente proibir o sair cidadão o o comprovar o trabalhar mercar padaria farmácia comunicação o texto o multar o descumprimento lei r$ 1.443 reclusão dia regime fechar o imagem produzir governar federal e existir o lei basto buscar rápido câmara e senado o legislação aprovar congresso nacional o secretaria-geral presidência o imagem totalmente falso o professor direito constitucional universidade estadual rir janeiro daniel sarmento achar difícil legislação aprovar teor hipótese sair restrito espantar o peno reclusão,entretenimento, 24/03/2020," Por Roney Domingos, G1 ",https://g1.globo.com/fato-ou-fake/noticia/2020/03/24/e-fake-que-lei-proibe-sair-de-casa-por-quase-um-mes-e-preve-multa-ou-prisao-por-descumprimento-em-razao-do-coronavirus.ghtml,0
9233,Esquiva e Robson Conceição são escalados para lutar em São Paulo em agosto  ,,o cidade paulo receber o evento boxar profissional durante o pandemia matar brasileiro n quarta-feira o boxing you anunciar o edição tornear o dia agostar arena lutar ficar barrir fundo escalar medalhista olímpico robson conceição e esquivo falcão empresariado sérgio batareli o dono boxing you acordar o divulgar evento o card combater contar presença público organizador protocolo repassar nacional boxar cnb e prefeitura paulo o prefeito brunir cova psdb adotado o modelar aprovação protocolo setoriais o prefeitura e setores assinar protocolo individuar haver assinatura protocolo entidade boxar o único modalidade autorizar o realizar competição informar prefeitura o futebol profissional masculino e divisão boxing you boxeador e equipar testar horar pesagem acontecer véspera e dia combater evento especial atender norma segurança desafiar e responsabilidade enorme o motivar comentar batarelli,saúde,15/07/2020 22h51 ,15/07/2020 22h51 ,https://www.uol.com.br/esporte/colunas/olhar-olimpico/2020/07/15/esquiva-e-robson-conceicao-sao-escalados-para-luta-em-sao-paulo-em-agosto.htm,1
9234,"

Efeitos colaterais mostram que tomar vacina chinesa é pior do que pegar Covid-19 #boato 
","Boato – Se depender da taxa de letalidade da Covid-19 e da taxa de efeitos colaterais da vacina chinesa contra o coronavírus, tomar vacina é pior do que pegar a doença.","corona-vac 5,35 efeito colateral 11,5 milhão morte brasil covid-19 matar o vacinar ligar doido o mortalidade covid19 mundo atingir — -0,3 — infectar o vacinar chinês fabricar sinovac convênio o instituto butantan apresentar — 5,37 — efeito colateral o indústria farmacêutico chino tomar querer",saúde,23/10/2020,"
Edgard Matsuki ",https://www.boatos.org/saude/efeitos-colaterais-mostram-tomar-vacina-chinesa-pior-pegar-covid-19.html,0
9235,Covid: CRMs abrem 43 sindicâncias por prescrição de remédios sem eficácia  ,,o o sindicância aberto regional medicinar país investigar médico suspeito cometer infração ético o o prescrever divulgar o supor tratamento precoce o covid terapia mostrar ineficaz o doença defendido presidente jair bolsonaro drogar o hidroxicloroquina e o ivermectina seguir prescrito estudo clínico funcionar o covid e autoridade saudar o organização mundial saudar oms desaconselhar ... ler íntegro estadão,política,19/04/2021 17h08 ,19/04/2021 17h08 ,https://noticias.uol.com.br/colunas/reinaldo-azevedo/2021/04/19/covid-crms-abrem-43-sindicancias-por-prescricao-de-remedios-sem-eficacia.htm,1
9236,Anvisa aprova prorrogação feita a pedido do Butantan para entrega de estudo sobre criação de anticorpos da CoronaVac ,"Antônio Barra Torres, diretor-presidente da agência reguladora, chamou a atenção para a importância do cumprimento dos prazos e declarou que 'é mandatório' que a Anvisa tenha 'acesso a esses dados o mais rápido possível'.",o agência nacional vigilância sanitário anvisa aprovar noite d quarta-feira o prorrogação feito o pedir instituto butantan o entregar estudo relativo o criação anticorpo coronavac vacinar aprovar emergencial brasil o prazo inicial fevereiro passar o abril entanto o diretor-presidente agência regulador antônio barrir torre chamar o atenção o descumprimento prazo declarar mandatório o anvisa acesso o o rápido e completar esperar ocorrer ensaio apresentar butantan acordar o agência referente imunogenicidade coronavac capacidade criação anticorpo paciente fundamental concluir o duração respostar imunológico indivíduo vacinar o prorrogação prazo condicionar o assinatura aditivo o o compromisso firmar anvisa e butantan o anvisa noto,saúde, 10/03/2021 21h20 ," Por Paloma Rodrigues, TV Globo ",https://g1.globo.com/bemestar/vacina/noticia/2021/03/10/anvisa-aprova-prorrogacao-feita-a-pedido-do-butantan-para-entrega-de-estudo-sobre-criacao-de-anticorpos-da-coronavac.ghtml,1
9237,Falta de doses suspende vacinação contra covid em 4 capitais do Nordeste  ,,capitar nordeste anunciar o vacinação o covid-19 suspenso dose levantamento uol o imunização paralisar aracaju joão pessoa maceió e natal salvador recife fortalezar luís e teresina prefeitura informar o vacinação seguir normalmente o secretariar saudar aracaju informar o município utilizar dose recebido e aguardar o recebimento dose continuidade o o planar municipal vacinação o secretariar idoso acamar e profissional saudar vacinar hoje dosar,saúde,16/03/2021 17h29 ,Felipe Munhoz,https://noticias.uol.com.br/saude/ultimas-noticias/redacao/2021/03/16/suspensa-vacinacao-maceio-joao-pessoa-aracaju-natal-sem-vacina-covid.htm,1
9238,É #FAKE que Israel adotou apenas o isolamento de idosos para enfrentar o coronavírus,Mensagens falando que o país não adotou medidas de confinamento circula nas redes sociais. Decisão do governo determinou que cidadãos israelenses apenas saiam das suas casas para comprar artigos de primeira necessidade.,circular rede social série mensagem afirmar israel adotou o isolamento idoso combater o pandemia coronavírus mensagem o político israelense isolamento e jovem o covid-19 melhor informação fake o primeiro-ministro israel benjamin netanyahu anunciar série restrição circulação pessoa dia março combater o crise coronavírus país durante o pronunciamento anunciar o planar obrigar israelenses o permanecer casar — o caso extremo necessidade comprar alimento e remédio determinar trabalhador e atividades doar sangue e receber tratamento médico,mundo, 27/03/2020, Por G1 ,https://g1.globo.com/fato-ou-fake/noticia/2020/03/27/e-fake-que-israel-adotou-apenas-o-isolamento-de-idosos-para-enfrentar-o-coronavirus.ghtml,0
9239,É #FAKE que governador da BA pediu para prefeita de Porto Seguro 'inventar' 200 casos de coronavírus para receber dinheiro do governo federal,Vídeo de reunião virtual circula na internet acompanhado de legendas falsas. Rui Costa reforça que reunião foi feita com outros prefeitos e diz que não houve nenhuma irregularidade. Prefeitura de Porto Seguro diz que responsável pela mensagem será criminalizado.,circular rede social vídeo mostrar o governador bahia ruir costa pt durante reunião virtual legendar afirmar filmar e imagem revelar pedir prefeito portar segurar cláudia oliveira psd-ba arrumar caso coronavírus e receber dinheiro governar federal o mensagem falso trecho vídeo o governador mencionar estatístico projetar o atendimento população e falir o proporção leito uti e o infectar nenhum pedir caso inventar d o reunião feito o prefeito portar segurar e haver nenhum flagrante verdade haver prefeito extremar sul presente videoconferência realizar semana passar cláudia oliveira encontrar prefeito belmonte eunápolis itabela itapebi santo cruz cabrália itamarajú medeiro neto prado e teixeira freitas,brasil, 30/04/2020," Por Roney Domingos, G1 ",https://g1.globo.com/fato-ou-fake/coronavirus/noticia/2020/04/30/e-fake-que-governador-da-ba-pediu-para-prefeita-de-porto-seguro-inventar-200-casos-de-coronavirus-para-receber-dinheiro-do-governo-federal.ghtml,0
9240,Campinas ultrapassa 20 mil casos de coronavírus e pode reabrir comércio  ,,"cidade interior 1,2 milhão habitante campino ultrapassar n quinta-feira o marcar caso coronavírus o registrar doente o cidade chegar o 20.166 caso confirmar confirmar óbito elevar o total morte covid-19 vítima menino ano portador doença neurológico crônica dia anunciar live trágico o prefeito jonas donizette psb o cidade progredir atual fase laranjo o amarelo planar paulo flexibilização fase planar anunciar n sexta-feira o prefeito indicar o evolução pandemia arrefecer registro caso grave cair e o ocupação leito uti abaixar região município o índice 64,9 o prefeitura anunciar ampliação horar funcionamento comércio ruir e shopping horar diário e o retomar atendimento presencial bar lanchonetes restaurante academiar e salão beleza casar comércio o planar alternar horário funcionamento reduzir o riscar aglomeração campino o cidade coronavírus região metropolitano paulo seguir santo litoral 15.484 caso e morte",saúde,06/08/2020 22h22 ,José Maria Tomazela,https://noticias.uol.com.br/ultimas-noticias/agencia-estado/2020/08/06/campinas-ultrapassa-20-mil-casos-de-coronavirus-e-pode-reabrir-comercio.htm,1
9241, Eduardo Bolsonaro se equivoca sobre agricultura e meio ambiente no Twitter  ,,o deputar federal eduardo bolsonaro postagem contar twitter agricultura e ambientar haver cercar dia o texto comedir o informação o brasil produzir alimento pessoa população utilizar território agricultura o político afirmar território país possuir o vegetação adão e eva o europa manter o brasil alimentar o população mundo utilizar território nacional p agricultura.61 território manter o vegetação adão e eva o europa manter 1%.*fonte psicose ambientalista dom bertrand pic.twitter.com/oejxqdadnj o publicação citar o livrar psicose ambientalista escrever bertrand maria josé piar januário miguel gabriel rafael gonzaga orléans e bragança dom bertrand trineto dom pedrar i o príncipe defender o restauração monarquia brasil e afirmar considerar o homossexualidade defeito,política,06/06/2019 04h01 ,Anita Grando Martins,https://noticias.uol.com.br/confere/ultimas-noticias/2019/06/06/post-de-eduardo-bolsonaro-sobre-agricultura-e-meio-ambiente-contem-erros.htm,0
9242,Covid-19: Pfizer e BioNTech vão vender 120 mi de doses de vacina ao Japão  ,,o pfizer inc e o biontech concordar fornecer milhão dose vacinar experimental o coronavírus o o japão empresar hoje divulgar detalhe financeiro acordar termo basear volumar dose e cronograma entregar unir assinar acordar semelhante o pfizer e o biontech receber milhão dose quase us$ bilião o equivaler o preço us$ provavelmente tratamento dose existir vacinar o covid-19 doença matar pessoa e forte impactar economia,saúde,31/07/2020 09h54 ,31/07/2020 09h54 ,https://www.uol.com.br/vivabem/reuters/2020/07/31/covid-19-pfizer-e-biontech-vao-vender-120-mi-de-doses-de-vacina-ao-japao.htm,1
9243,"De 7 para 55 casos ao dia: ""situação é de guerra"", diz médico de Maceió  ",,santo casar maceió paciente sintoma covid-19 chegar parar buscar atendimento haver semana paciente dia atendido assistência saudar suplementar contar o pneumologista artur gomar neto diretor médico hospital crescimento expressivo o gestor santo casar afirmar o situação guerra pandemia coronavírus o gente viver doar o o prevenir adoecer levar o doença casar atender caso covid-19 o santo casar destinar leito d uti unidade terapia intensivo e enfermar vago sus único saudar e particular sexta-feira d leito ocupar o dia uti caso hoje relatar adequar situação precisar mudar hospital o gente criar leito e isolar utis separar paciente patologia precisar hospital internação misturar covid-19,saúde,27/04/2020 04h00 ,Carlos Madeiro,https://noticias.uol.com.br/saude/ultimas-noticias/redacao/2020/04/27/de-7-para-55-casos-ao-dia-situacao-e-de-guerra-diz-medico-de-maceio.htm,1
9244,"É falso que desembargador recebe salário de R$326.446,21  ",,"falso informação circular rede social o salário desembargador r$ 326.446,21 o postagem encontrar facebook trazer o foto desembargador osório araújo ramo filhar sergipe o frase o salário desembargador e o abaixo.o teto salarial desembargador r$ 35.462,22 contar adicionar e desconto o teto definir base salário ministrar supremo tribunal federal stf receber r$ 39.293,32 mensal desembargador receber 90,25 d remuneração r$ 35.462,22",brasil,08/09/2020 23h02 ,"Do UOL, em São Paulo",https://noticias.uol.com.br/confere/ultimas-noticias/2020/09/08/salario-desembargador-tj-sergipe.htm,0
9245,"

Homem que fez papel de diabo vencendo Jesus no Carnaval morreu #boato 
","Boato – O homem que fez o papel do diabo derrotando Jesus durante desfile da escola Gaviões da Fiel, em São Paulo, morreu carbonizado em um acidente de trânsito. Com Jesus não se brinca.",morrer carbonizar homem o papel diabo vencer jesus morrer n segunda-feira o personagem o papel diabo vencer jesus desfilar escola sambar gavião fiel informação o homem morrer acidentar automobilístico s. paulo vídeo começar o circular internet o reação negativo internautas imediato -jesus perder o diabo contrário jesus vencer o diabo desertar e “ o diabo julgar ” ninguém zombar deus informação instante,brasil,05/03/2019,"
Edgard Matsuki ",https://www.boatos.org/brasil/homem-papel-diabo-morreu.html,0
9246,Fiocruz desenvolve teste rápido capaz de detectar variantes do coronavírus,"Teste consegue identificar mutações das variantes do Brasil, Reino Unido e África do Sul. O RT-PCR foi aplicado em um grupo de 500 pessoas. Do total, 70% apresentaram resultado positivo para a variante brasileira P.1",o fundação oswaldo cruz fiocruz desenvolver testar rt-pcr permitir o detecção rápido variante coronavírus o fiocruz o testar conseguir identificar mutação comum s cepa brasil reinar unir e áfrico sul teste começar carnaval o rt-pcr aplicar pessoa total apresentar resultar positivar o variante brasileiro p.1 “ o ferramenta produto inovador desenvolver laboratório existir protocolo semelhante o confiança resultar ” explicar o pesquisador fiocruz felipe naveca o laboratório central saudar público amazona o o o produto kit enviar rondônia roraima matar grosso sul cear e rir janeiro,ciência, 24/02/2021 10h14 , Por G1 ,https://g1.globo.com/bemestar/coronavirus/noticia/2021/02/24/fiocruz-desenvolve-teste-rapido-capaz-de-detectar-variantes-do-coronavirus.ghtml,1
9247,Moro crê que sistema prisional é relativamente seguro apesar do coronavírus  ,,o ministrar justiçar e segurança público sergio morar haver atualmente problema o prisional país causar disseminação covid-19 haver ambientar relativo segurança o prisional o o coronavírus condição preso isolar comentar morar durante coletiva realizar hoje palácio planalto existir nenhum motivar temor infundado penitenciário comentar morar o país hoje preso delegacia e servidor prisional o dia março visitar o presidiário suspenso incluir distrito federal adotaram suspensão total morar o suspensão parcial mencionar morar o governar agir e recomendar o aumentar regalia o ampliação banhar sol,saúde,31/03/2020 17h49Atualizada em 01/04/2020 22h06 ,"André Borges, Julia Lindner e Idiana Tomazelli",https://noticias.uol.com.br/ultimas-noticias/agencia-estado/2020/03/31/para-moro-sistema-prisional-e-relativamente-seguro-apesar-do-coronavirus.htm,1
9248,"Máscaras também podem reduzir gravidade da Covid-19, conclui estudo","Um novo estudo concluiu, após o exame de vários casos, que o uso de máscaras reduz a carga viral a que estaramos expostos e, se infectados, a manifestação da doença seria mais branda ou mesmo assintomática.",autoridade saudar e governo país recomendar tornar obrigatório o máscara diminuir chance pessoa infectar espalhar o coronavírus estudar concluir o máscara reduzir o carga viral exposto e infectar o manifestação doença brando assintomático o pesquisar realizar unir médico monica gandhi e eric goosby universidade califórnio e pesquisador chris beyrer universidade johns hopkins examinar caso e concluir o exposição o o coronavírus consequência grave dever o o máscara gerar imunidade o comunidade e reduzir o propagação doença pessoa continuar recusar o máscara informação evitar contaminar o estudar sugerir máscara benefício individual o incentivar o,saúde, 07/08/2020 07h07 , Por BBC ,https://g1.globo.com/bemestar/coronavirus/noticia/2020/08/07/mascaras-tambem-podem-reduzir-gravidade-da-covid-19-conclui-estudo.ghtml,1
9249,Carla Bigatto: Pazuello é fantoche controlado pelo presidente Bolsonaro  ,,apesar o presidente jair bolsonaro defender o permanência ministrar saudar general eduardo pazuello governar o situação d confortável — principalmente semana acontecimento marcante n e manifestação algum ministrar pazuello sair pazuello demitir ficar jeito o respostar claro né pazuello ficar pazuello fantochar absolutamente controlar presidente opinar o apresentador podcast clero carla bigatto ouvir o 13:46 pazuello afastar o semana passar o ministério anunciar exame covid-19 positivar dia haver desautorizar presidente — bolsonaro mandar cancelar o comprar milhão dose coronavac o vacinar desenvolvido e testar laboratório chinês sinovac parceria o instituto butatan o o governar paulista,política,30/10/2020 09h35 ,30/10/2020 09h35 ,https://noticias.uol.com.br/politica/ultimas-noticias/2020/10/30/baixo-clero-carla-bigatto-pazuello-resposta-nao-esta-clara.htm,1
9250,"

Governo Bolsonaro cria projeto de construção de Ferrovia do Sol, de São Luís a Salvador #boato 
","Boato – Projeto Ferrovia do Sol foi criado pelo governo Bolsonaro e vai ligar São Luís (MA) a Salvador (BA), passando pela costa nordestina.",“ gov jair bolsonaro governar investir pesar malhar ferroviário o ferrovia sol transformar o nordeste potência setor turístico e logístico país “ pátrio amar brasil ” ” “ olhar o projeto exploração turismo nordeste região desenvolver o comércio e artezanato milhar emprego o presidente vir ficar maravilhar ” “ ferrovia sol o nordeste nordestino realizar começar o tirar o esquerdalha limpar prefeito e vereador ” “ gente o “ ferrovia sol ” projeto governar federal e parceria revolucionar o turismo e o economia região nordeste trata-se circuitar ferroviário completar estação geração interligar o região nordeste litoral começar luiz maranhão e seguir o seguinte trajeto portar itaqui lençol maranhense barrir delta parnaíba jericoacoara portar pecém fortalezar canoa quebrar natal praia amor portar cabedelo joão pessoa jaguaribe recife portar suape portar galinha maragogí maceió praia francês aracajú costa sauípe praia forte e salvador 2.200 km ferrovia conectar nordeste estação embarcar e desembarcar passageiro e transportar carga e trem geração confortável e rápido deixar o presidente repúblico trabalhar o brasil decolar ótima o abçs cordial ”,política,30/09/2020,"
Kyene Becker ",https://www.boatos.org/politica/governo-bolsonaro-projeto-construcao-ferrovia-sol-sao-luis-salvador.html,0
9251,Urnas brasileiras não foram hackeadas nos EUA  ,,urna brasileiro hackeadas durante umar conferência hacker o unir e provar falho o eleitoral o brasil o autor vídeo publicar o youtube e o facebook tirar contexto vídeo trecho programar estúdio canal pagar globonews parir afirmar bolsonaro razão o reportagem o advogar e diretor científico instituto tecnologia e sociedade rir its rir ronaldo ler comentar o resultar trabalhar hackers durante o def con conferência hacker mundo n ano avaliar o segurança urna eletrônicas o unir,política,13/07/2021 15h12 ,13/07/2021 15h12 ,https://noticias.uol.com.br/comprova/ultimas-noticias/2021/07/13/urnas-brasileiras-nao-foram-hackeadas-nos-eua.htm,0
9252,"

Lula é convidado a discursar na ONU após pronunciamento de Bolsonaro na Assembleia-Geral #boato 
",Boato – A ONU convidou o ex-presidente Lula para discursar em Webinário após “fiasco de Bolsonaro” na Assembleia-Geral. ,“ atenção onu convidar lula discursar vergonha mundial bolsonaro ” “ onu convidar lula discursar fiasco bolsonaro o vergonha mundial jair bolsonaro n terça-feira abertura assembleia onu o ex-presidente lula chamar discursar organismo internacional educação o ex-presidente luiz inácio lula silvar discursar n quinta-feira s 10h abertura webinário “ educação e sociedade querer ”,política,24/09/2020,"
Kyene Becker ",https://www.boatos.org/politica/lula-convidado-discursar-onu-pronunciamento-bolsonaro.html,0
9253,"Pacientes recuperados da covid-19 no Rio chegam a 48%, diz prefeitura  ",,"o paciente recuperar covid-19 doença provocar coronavírus chegar o 3.656 caso confirmar o cidade rir janeiro o balançar painel rir covid-19 prefeitura divulgar n quarta-feira 1.775 pessoa conseguir recuperar doença capital fluminense pessoa morrer função covid-19 o redar único saudar sus capital haver 1.133 pessoa hospitalizar causar doença leito unidade terapia intensivo uti bairro concentrar o infectar coronavírus barrir tijuca copacabana tijuca leblon botafogo campar ipanema bangu flamengo e jacarepaguá país o morte razão pandemia coronavírus chegar o 2.906 conformar balançar recente divulgar ministério saudar caso confirmar subir 45.757 o índice letalidade ficar 6,4 o ministrar saudar nelson teich confirmar 25,3 pessoa conseguir recuperar doença",saúde,23/04/2020 13h12 ,23/04/2020 13h12 ,https://noticias.uol.com.br/ultimas-noticias/agencia-brasil/2020/04/23/recuperados-de-covid-19-no-rio-chegam-a-48-dos-pacientes.htm,1
9254,"Recém-nomeados, médicos foram vacinados no primeiro dia de imunização em Manaus",,envolvido citar tuíte médico recém-formados nomeação publicar diário oficial prefeitura manaus dia e janeiro e vacinar dia imunização capital amazonense,saúde,2021/01/25,Comprova,https://projetocomprova.com.br/publicações/recem-nomeados-medicos-foram-vacinados-no-primeiro-dia-de-imunizacao-em-manaus/,0
9255,"Na ONU, Bolsonaro perde oportunidade de dialogar e defender produtos brasileiros no exterior", 22/09/2020 13h48 ,"O discurso deste ano do presidente Jair Bolsonaro na abertura da Assembleia Geral das Nações Unidas (ONU) foi mais bem construído do que o de 2019, sem o tom beligerante do anterior, mas o líder brasileiro perdeu uma oportunidade de dialogar com a comunidade internacional e reduzir o desgaste na imagem do Brasil lá fora.  A avaliação é do presidente da Indústria Brasileira de Árvores, Paulo Hartung, ex-governador do Espírito Santo e que tem participado de ações na busca de defender ajustes na política ambiental do governo Bolsonaro.  ""Foi um discurso muito mais bem construído se comparado com o primeiro, no ano passado. Não foi no tom beligerante do anterior, mas o presidente perdeu a oportunidade de dialogar com a opinião pública mundial visando defender os interesses do próprio Brasil"", disse Hartung ao blog.  Segundo ele, o presidente acabou falando, novamente, muito mais para o público interno, deixando de conversar com a comunidade internacional. Para Hartung, o presidente poderia ter avançado e feito propostas de metas para conter o desmatamento.",política, 22/09/2020 13h48 , ,https://g1.globo.com/politica/blog/valdo-cruz/post/2020/09/22/na-onu-bolsonaro-perde-oportunidade-de-dialogar-e-defender-produtos-brasileiros-no-exterior.ghtml,1
9256,Moraes autoriza inquérito para investigar se Daniel Silveira desacatou policial  ,,o ministrar supremo tribunal federal stf alexandre moraes autorizar n sábado o instauração inquérito investigar o deputar federal daniel silveiro psl-rj cometer desacatar e infração sanitário o o recusar o máscara o coronavírus e discutir o autoridade policial instituto médico legal iml rir janeiro durante o cumprimentar prisão dia informação constar decisão publicar n sábado ministrar stf o o entrar iml passar exame corpo delito prisão o parlamentar discutir policial civil pedir colocar o máscara proteção facial o situação filmar assessor parlamentar e imagem compartilhar rede social,saúde,20/02/2021 16h19 ,Circe Bonatelli,https://noticias.uol.com.br/ultimas-noticias/agencia-estado/2021/02/20/alexandre-autoriza-inquerito-para-investigar-se-deputado-preso-desacatou-policial.htm,1
9257,"Absolvição de Pazuello pelo Exército contraria a lógica, diz Raul Jungmann  ",,o ex-ministro defeso raul jungmann afirmar hoje o decisão exército punir o general eduardo pazuello contrariar o lógico o ex-ministro saudar participar manifestação político o o presidente jair bolsonaro o decisão comandar exército contrariar o lógico contrariar sobretudo o regimentar disciplinar exército e estatuto militar o ex-ministro governar michel temer mdb entrevisto globo news o pazuello o o atar rir janeiro causar constrangimento cúpula exército exercer cargo governar justificar presença,política,03/06/2021 21h27Atualizada em 03/06/2021 22h03 ,03/06/2021 21h27Atualizada em 03/06/2021 22h03 ,https://noticias.uol.com.br/politica/ultimas-noticias/2021/06/03/absolvicao-de-pazuello-contraria-a-logica-diz-raul-jungmann.htm,1
9258,"

Alinne Moraes defende Dilma e diz que impeachment é golpe #boato 
",Boato – Atriz global Alinne Moraes se posicionou por meio do Twitter de forma favorável a Dilma. Ela afirmou que é contra o impeachment e o chamou de golpe.,o impeachment e haver nenhum discursar golpista e o ódio massa convencer contrário pessoa lutar democracia e jogar lixar ludibriar o gananciar receber governar petista o manipular golpe escrachado caro alienar achar pessoa pensamento contrário petistas.digno peno o conquistar lutar o direito opinar faltar querer tirar,entretenimento,,"
Edgard Matsuki ",https://www.boatos.org/entretenimento/alinne-moraes-diz-que-e-contra-impeachment.html,0
9259,Toffoli confirma determinação do TST para que 90% dos petroleiros trabalhem durante greve,Decisão do STF atende a recurso apresentado pela Petrobras após determinação do TST ter sido revista. Petroleiros estão em greve desde 1º de fevereiro.,o presidente supremo tribunal federal stf dia toffoli manter n quarta-feira efeito decisão cautelar ministrar ives gandra tribunal superior trabalhar tst determinar petroleiro petrobras continuar trabalhar durante o greve o paralisação começar 1º fevereiro o petrobras recorrer o o tst pedir o tribunal suspender o greve dia fevereiro ives gandra o cautelar atender parcialmente o o pedir estatal e determinar trabalhador dever manter atividades posteriormente entretanto o decisão ives gandra revisto seção especializar dissídio coletivos tst e perder o validade o petrobras apresentar recurso o o supremo tribunal federal pedir o decisão ives gandra voltar o valer atender n ministrar dia toffoli,política, 12/02/2020 11h31 ," Por Laís Lis, G1 — Brasília ",https://g1.globo.com/politica/noticia/2020/02/12/toffoli-confirma-determinacao-do-tst-para-que-90percent-dos-petroleiros-trabalhem-durante-greve.ghtml,1
9260,"

Uninove oferece tratamento odontológico grátis em site no WhatsApp #boato 
","Boato – A Uninove está oferecendo tratamento odontológico gratuito em um site no WhatsApp. Para concorrer, só é preciso preencher os dados e enviar o link para amigos.",gente o uninove tá vago aberto tratamento odontológico grátis agendamento online restauração limpeza extração implantar canal obturação aparelhar prótese odontopediatria e pra conferir especialidade e agendar consulto acessar o site oficial site compartilhar precisa_a clínica-escola odontologia realizar atendimento odontológico o comunidade o atendimento realizar acadêmicos o supervisão professorar disciplinar objetivos atuar promoção saudar paciente e capacitar aluno o diagnóstico planejamento e o execução tratamento e prevenção diferente patologia odontológico,entretenimento,,"
Edgard Matsuki ",https://www.boatos.org/tecnologia/uninove-tratamento-odontologico-gratis-whatsapp.html,0
9261,Chefe do FMI alerta que economia global ainda 'não está fora de perigo'  ,,"o atividade econômica global acelerar declínio precedente ano dever pandemia coronavírus onda infecção desencadear problema o diretora-gerente fundir monetário internacional kristalina georgieva georgieva custo fiscal ações conter o pandemia e mitigar consequência econômicas elevar alto dívida prematuro começar o retirar necessário rede segurança perigar postagem blog reunião virtual sábado ministro finanças e presidente banco centrar g20 passar o fmi reduzir estimativo crescimento global prever contração 4,9 e recuperação fraco o esperar",saúde,16/07/2020 08h37 ,Andrea Shalal,https://economia.uol.com.br/noticias/reuters/2020/07/16/chefe-do-fmi-alerta-que-economia-global-ainda-nao-esta-fora-de-perigo.htm,1
9262,"
  Antes que PM fosse abatido na Bahia foram realizadas 3h30 de negociações","Publicações que afirmam que a ação na qual um policial militar foi morto em Salvador, após atirar para o alto e contra policiais, não contou com negociações, foram compartilhadas mais de 13 mil vezes nas redes sociais em menos de 24 horas. Mas isso não procede: de acordo com informações oficiais, as negociações com o PM duraram mais de três horas, esgotadas quando ele atirou na direção de agentes de segurança, que o abateram.Envie-nos por WhatsApp Email",“ o pm ‘ surtou ’ bahia hj surtou negar o prender trabalhador tomar voz prisão obedecer armar e disparo ... bandido negociar horar e horar e horar irmão fardar simplesmente matar ... ” indicar texto compartilhar milhar facebook e twitter dia março o imprensar relatar policial militar o rostir pintar e amarelar região farol barrir salvador atirar o alto carregar fuzil e pistola o condição psicológico policial informar site secretariar segurança público ssp bahia informação agente gerenciavam “ o surtir psicológico soldar pm ” “ efetuou disparo armar fogo ” indicar o batalhão operação policiar especial haver acionado,brasil,29/03/2021 às 22:45,AFP Brasil,https://checamos.afp.com//antes-que-pm-fosse-abatido-na-bahia-foram-realizadas-3h30-de-negociacoes,0
9263,"

Roberto Kalil diz que Sírio-Libanês está lotado e vacina não oferece imunidade contra Covid-19 #boato 
",Boato – Dr. Roberto Kalil afirma que vacinados com duas doses contra Covid-19 estão apresentando quadro grave da doença e lotando UTIs e que vacina não imuniza como esperado. ,“ o uti hospital sirio libanês inúmero caso pessoa vacinar dose e apresentar quadrar clínico gravar internar uti ’ s vacinar ñ oferecer o imunidade desejar continuar cuidar ñ tomar dose vacinar máscara e distanciamento continuar adotados descobrir vacinar realmente eficaz dr roberto kalil ”,saúde,18/05/2021,"
Kyene Becker ",https://www.boatos.org/saude/roberto-kalil-diz-sirio-libanes-esta-lotado-vacina-nao-oferece-imunidade-covid-19.html,0
9264,Coronavírus: maioria dos paulistanos se dispõe a morar perto do trabalho  ,,ouvir residente capital paulista levantamento conduzir instituto pesquisar social político e econômicas ipespe constatar dispor o morar endereçar trabalhar estudar o proporção superior registrar fevereiro e demonstrar exigência moradia mudar o pandemia covid-19 o pesquisar feito âmbito projeto moradia mundo pós-pandemia contar o participação especialista fundação getulio varga fgv universidade columbia e instituto tecnologia massachusetts mit entrevistar ouvir período o agostar o pessoa consultar imóvel atender o necessidade específico fase viver outro fator ganhar importância o crise sanitário idealizador projeto leão servo o taxar subir apesar o lista desejo sofrer alteração o pandemia afirmar planejam mudar o o longo,saúde,11/09/2020 16h48 ,11/09/2020 16h48 ,https://noticias.uol.com.br/ultimas-noticias/agencia-brasil/2020/09/11/pandemia-maioria-dos-paulistanos-se-dispoe-a-morar-perto-do-trabalho.htm,1
9265,Dois TREs limitam número de pessoas em atos; TSE vai recomendar campanha virtual  ,,o o tres tribunal regional eleitoral — o pernambuco e o piauí parceria o governar — criar protocolo prático limitar o concentração pessoa atos campanha comício o evitar o disseminação covid-19 o tse tribunal superior eleitoral elaborar planar sanitário apresentar hoje caráter recomendação e norma especialista preveem brigar jurídico regrar obrigatório e município autonomia limitar aglomeração — conformar decidir o stf supremo tribunal federal — outro atos cunhar eleitoral comício restringir lei federal aprovar congresso nacional promotor eleitoral e especialista citar o possibilidade gestão municipal acusar prejudicar oponente político casar limitar aglomeração época campanha o campanha eleitoral o ruir comedir formalmente setembro datar o passar o permitir lei o distribuição material gráfico e o realização comício acordar o infectologista david uip participar formulação planar sanitário tse o recomendação o campanha maneiro virtual,política,08/09/2020 17h43 ,Paula Reverbel,https://noticias.uol.com.br/eleicoes/estadao-conteudo/2020/09/08/dois-tres-limitam-numero-de-pessoas-em-atos-tse-vai-recomendar-campanha-virtual.htm,1
9266,"
  O novo ministro da Educação Milton Ribeiro não publicou este tuíte com erros ortográficos","A captura de tela de um tuíte em que o novo ministro da Educação, Milton Ribeiro, supostamente comete erros ortográficos foi amplamente compartilhada em redes sociais após o pastor evangélico ser indicado pelo presidente Jair Bolsonaro para liderar a pasta, em 10 de julho. A mensagem não foi publicada, contudo, por Ribeiro, mas por um perfil que se descreve como uma página de “apoio” ao ministro.Envie-nos por WhatsApp Email",“ vasculhar o maternal e lavagem celebral sic pessoa fato sic pastor ” o tuíte atribuir o milton ribeiro postagens compartilhadasmais vezesno facebook e twitter o dia julho mensagem o palavra “ cerebral ” grafar incorretamente o letra “ l ” “ r ” e o expressão “ fato ” utilizar “ fato ” pastor igreja presbiteriano paulo e advogar ribeiro nomear o o ministério educação substituir carlos alberto decotelli demitir 1º julho tomar posse revelar haver imprecisão currículo acadêmico,brasil,14/07/2020 às 21:04,AFP Brasil,https://checamos.afp.com//o-novo-ministro-da-educacao-milton-ribeiro-nao-publicou-este-tuite-com-erros-ortograficos,0
9267,"Testes para tuberculose diminuíram 40% entre março e abril, diz Saúde  ",,coordenador departamento vigilância doença transmissão respiratório condição crônicas ministério saudar denise arakaki câmara deputar o pandemia coronavírus provocar recuar capacidade diagnóstico tuberculose brasil haver redução aplicação teste laboratorial o diagnóstico tuberculose março e abril arakaki participar hoje reunião videoconferência comissão externo discutir ações combater o o coronavírus denise afirmar o empobrecimento população o levar o o aumentar caso tuberculose e medir mitigação pobreza necessário o combater doença paciente tuberculose fumante brasil fumante concentrar classe,saúde,26/05/2020 16h19 ,26/05/2020 16h19 ,https://noticias.uol.com.br/saude/ultimas-noticias/redacao/2020/05/26/testes-para-tuberculose-diminuiram-40-entre-marco-e-abril-diz-saude.htm,1
9268,Mourão diz que Pazuello pode deixar ativa do Exército para atenuar 'provável punição' após ato com Bolsonaro,,o vice-presidente hamilton mourão afirmar manhã d segunda-feira o ex-ministro eduardo pazuello ja admitir o comandante exército errar o o participar atar político o presidente jair bolsonaro mourão minimizar o possibilidade punição prever regulamentar disciplinar exército o general deixar o ativa forçar armar regrar interno exército proibir o participação oficiar ativa manifestação cunhar político o casar evento bolsonaro realizar motociclista rir janeiro domingo questionar o possibilidade punição pazuello mourão responder acreditar provável algum ação comandante exército — provável punir interno exército pedir transferência o reservar e atenuar o problema — afirmar o vice-presidente o cúpula exército reagir general ativa eduardo pazuello ex-ministro saudar o o atar político companhia presidente jair bolsonaro n domingo rir o avaliação militar graduar relato colhido globo o pazuello pressionar o o reservar o episódio fonte ouvir considerar o semana decisivo o destinar militar mourão o ex-ministro saudar entrar contato o cúpula exército converso pazuello admitir o errar — o episódio conduzir luzir regulamentar e claor pronunciamento comandante militar e ministrar defeso o pazuello entrar contato o comandante informar colocar o cabeça d cutelo e entender cometer errar — mourão o pressão pazuello deixar o ativa exército existir o general ocupar o ministério saudar general o participação oficial ativa governar prejudicar o visão forçar armar instituição e governar específico d o atuação pazuello combater pandemia covid-19 preocupar militar general oficiar convocar o o ministério saudar trabalhar auxiliar pazuello,brasil, Publicado em  24/05/21 10:26 ,Dimitrius Dantas,https://extra.globo.com/noticias/brasil/mourao-diz-que-pazuello-pode-deixar-ativa-do-exercito-para-atenuar-provavel-punicao-apos-ato-com-bolsonaro-25031290.html,1
9269,"

China criou o coronavírus para ganhar a 3ª Guerra Mundial e dar um golpe de mestre #boato 
","Boato – A China criou o coronavírus para ganhar a 3ª Guerra Mundial, derrubar o preço dos alimentos, as bolsas do mundo e acabar com o ocidente. Trata-se de um golpe de mestre e uma jogada de marketing.",o chino acabar ganhar o 3ª guerra mundial mentira biológico golpe econômico e mentiroso destruir economia produtivo negociar disparar tirar parabém o estratégia moderno sujo e comum comunista o capitalismo o capitalismo plantar mentira e disseminando-as mídia laia passar recuperar o estragar causar monstro cair direito armadilhar negociar e criar dependência econômicas basear armadilhar escalar vender milhão e escravizar produzir e serviço o preço aviltante enfraquecer pacientemente o economia mundial criar o dependência o crise causar comprar bilião empresar mundial e controlo virar escravo garantir privilégio elite comunista e voraz casar tomar atitude e isolar viver jeito e afetem podre e escravagista economia casto locupletar e morrer fome e doença destinar vivo inteligente e moderno estratégia comunista destruição massa funcionar e o coincidência considerar o trágico mídia manipular o população e desviar o atenção fato incomodar autoridade país vir história o virar ano o gente alertar analisar cautela o ocorrer e aprender o lição demorar chino jogar derrubar preço alimento mundo o molde o peste suíno o o governar chinês doença manobrar o população acordar interesse e o mundo financeiro aproveitar maneiro ágil oportunidade dinheiro jogar álcool fogueira chamar visão estrategista o dia surgir doença realmente o riscar gigantesco o população colocar prateleiro coronavírus escondido o chave dono encontrar fórmula anular efeito …,mundo,15/03/2020,"
Edgard Matsuki ",https://www.boatos.org/mundo/china-coronavirus-ganhar-3a-guerra-mundial-golpe-mestre.html,0
9270,"
  Apenas três cédulas em branco foram achadas em carro de funcionário dos correios nos EUA","Publicações que afirmam que um funcionário do Serviço Postal dos Estados Unidos foi preso na fronteira canadense com “cédulas roubadas” foram compartilhadas milhares de vezes em redes sociais desde o último dia 6 de novembro. Isso é enganoso: um funcionário dos correios foi detido com correspondência não entregue, mas apenas três cédulas não preenchidas para votos de ausentes foram encontradas entre os 813 itens identificados no veículo e ele não foi acusado de interferência eleitoral, de acordo com o Departamento de Justiça norte-americano.",“ carteiro eua presar fronteiro canadense cédula roubar malo carro ” tuíte acompanhar link matéria site norte-americano o título inglês capturar tela d publicação feito twitter amplamente replicar facebook e instagram somar 6.500 compartilhamentos projeções confirmar indicar vitória candidatar democrata joe biden eleição presidencial norte-americana o conteúdo circular inglês e espanhol interpretar evidência haver fraudar pleito norte-americano “ haver dúvida trump vencer eleição democrata fraudar cédula votação ” comentar usuário,política,9/11/2020 às 18:40,AFP Canada,https://checamos.afp.com//apenas-tres-cedulas-em-branco-foram-achadas-em-carro-de-funcionario-dos-correios-nos-eua,0
9271,Total de mortos por coronavírus passa de 645.000 no mundo  ,,o pandemia covid-19 causar 645.715 morte mundo o escritório organização mundial saudar oms chino relatar o surgimento doença dezembro balançar afp d domingo base fonte oficiar o início epidemiar 16.072.290 pessoa país território contrair o doença d total 9.061.300 recuperar autoridade sábado registrar 6.003 morte e 260.578 infecção mundo acordar informe país notificar óbito brasil 1.211 unir 1.067 e méxico,saúde,26/07/2020 09h48 ,26/07/2020 09h48 ,https://noticias.uol.com.br/ultimas-noticias/afp/2020/07/26/total-de-mortos-por-coronavirus-passa-de-645000-no-mundo.htm,1
9272,"

Árvores na Tailândia se multiplicaram porque pessoas jogaram sementes pela janela dos carros #boato 
",Boato – Uma campanha promovida pelo governo da Tailândia fez com que o número de árvores no país se multiplicasse. Ela consistia em fazer com que as pessoas guardassem sementes e jogassem da janela de seus carros.,caro amigo o temporada frutar goiaba maracujá melão laranjo mamão abacate melancia limão etc pedir jogar semente lixar d lavá-las secá-las o o sol e armazená-las sacar papel e guardá-las carro sair campar pescar trilhar moto bike viajar jogar semente terreno vazio beirar estrar beirar rio e lagoas.com atar simples contribuir mínimo árvore o temporada o missão tornar mundo acontecer o governar tailandês promover idear o cidadão ano o árvore frutífero natureza multiplicou-se especialmente distrito norte tailândia adiantar reclamar calor chuva preço alimento o receber msg achar o idéia maravilhoso compartilhar … o,mundo,17/09/2020,"
Edgard Matsuki ",https://www.boatos.org/mundo/arvores-tailandia-multiplicaram-pessoas-jogaram-sementes-janela-carros.html,0
9273,O resort nudista que se tornou novo foco de covid-19 na França  ,,naturista europeu e dezena milhar swingers cap d'agde frança tornar destinar tradicional surtir coronavírus trazer atenção incômoda estilar vidar alternativo país afetados coronavírus europa o frança haver colocar prático confinamento rigoroso região voltar o o infecção subir o relaxamento quarentenar o chegar hemisfério norte cena praia lotar comparável s imagem rir janeiro praia cheio provocar polêmica o frança chegar o registrar picar caso confirmar dia agostar o aumentar diário março o comedir setembro o frança registrar total caso e morte,saúde,02/09/2020 16h19 ,Chris Bockman ,https://www.uol.com.br/nossa/noticias/bbc/2020/09/02/o-resort-nudista-que-se-tornou-novo-foco-de-covid-19-na-franca.htm,1
9274,Aneel decide não cobrar tarifa extra na conta de luz até dezembro de 2020  ,,o aneel agência nacional energia elétrica decidir hoje manter o bandeiro tarifário acionada o dia dezembro prático significar haver cobrança tarifar extra contar luzir brasileiro n ano marcar pandemia coronavírus trata-se medir emergencial agência aliviar o contar luzir consumidor e auxiliar o setor elétrico o o cenário pandemia covid-19 o agência noto publicar site oficial valorar bandeiro tarifário atualizados anualmente acordar fatores estimativo mercar inflação projeção volumar produção usina hidrelétricas histórico operação interligar nacional e valorar e limite pld preço liquidação diferençar o aneel informar impacto pandemia consumir energia e atividades econômicas alterar significativo estudo e parâmetro utilizar proposto agência e o análise levar contar o cenário redução carga e perspectivo geração energia considerar o empréstimo o o setor elétrico governar juntar o banco público e privar aliviar o crise setor,saúde,26/05/2020 23h05 ,26/05/2020 23h05 ,https://economia.uol.com.br/noticias/redacao/2020/05/26/aneel-decide-nao-cobrar-tarifa-extra-de-energia-ate-dezembro-de-2020.htm,1
9275,"

Greta Thunberg é flagrada atirando com fuzil em vídeo #boato 
","Boato – A ativista sueca Greta Thunberg, chamada de pirralha pelo presidente Jair Bolsonaro, foi flagrada atirando com um fuzil em vídeo que viralizou na web.",so anyway started blasting pic.twitter.com/ea1rp6b7fm,mundo,11/12/2019,"
Edgard Matsuki ",https://www.boatos.org/mundo/greta-thunberg-flagrada-atirando-fuzil-video.html,0
9276,"

Papa Francisco cancela a Bíblia e propõe criação de novo livro sagrado #boato 
",Boato – O papa Francisco declarou hoje que vai cancelar a Bíblia. Ele disse que vai trocar a Bíblia por um “livro sagrado mais moderno”.,papar francisco cancelar o bíblia – – – o papar francisco declarar hoje trocar o bíblia “ livrar moderno ” disponível espanhol aquio papar francisco surpreender o mundo hoje o o anunciar o bíblia totalmente desatualizada e preciso mudança radical o bíblia oficialmente cancelar e anunciar reunião alto personalidade igreja decidir o livrar o substituir nome e conteúdo nome considerar e o forçar “ biblia ” “ continuar conversar público mundo totalmente livrar milhar ano perder seguidor e passar adiantar buscar modernização igreja reescrever o palavra deus o antigo testamento haver certo passagem melhor repetir ” o notícia cair bomba conservador considerar idéia o pistar definitivo loucura papar francisco,entretenimento,15/02/2020,"
Edgard Matsuki ",https://www.boatos.org/religiao/papa-francisco-cancela-biblia-propoe-criacao-novo-livro-sagrado.html,0
9277,Protestos contra Bolsonaro são assunto menor nos principais telejornais  ,,protesto o governar jair bolsonaro registrar n sábado o o e distrito federal merecer destacar principal telejornal tv aberto brasileiro exibir imagem manifestação narrar distância entrevisto detalhe jornal nacional e jornal band menção s manifestação escalar o leitura destaque dia abertura telejornal sbt brasil e jornal record abrir notícia policiar e citar o assunto destaque record curiosamente destaque inglaterra manifestante s ruir protestar o confinamento jn o assunto resumir manifestante protestar o presidente jair bolsonaro e distrito federal o telejornal globo reportagem 3min20 o único o preocupação dimensionar o tamanho protesto e especificar pautar levar s ruir o violência policial recife tratar destacar,política,29/05/2021 21h20Atualizada em 30/05/2021 13h08 ,29/05/2021 21h20Atualizada em 30/05/2021 13h08 ,https://www.uol.com.br/splash/colunas/mauricio-stycer/2021/05/29/protestos-contra-bolsonaro-sao-assunto-menor-nos-principais-telejornais.htm,1
9278,"

Roseau, St. John’s, ST. George’s, Basseterre e Kingstown são países com embaixadas do Brasil #boato 
","Boato – Lula abriu 67 embaixadas durante seu mandato, inclusive em países desconhecidos como Roseau, St. John’s, ST. George’s, Basseterre e Kingstown para viabilizar propinas.",“ ouvir falar n país roseau … st john ’ s … st george ’ s … basseterre … kingstown … país o brasileiro ouvir falar país lula abrir embaixada pra viabilizar propinar e boca pros cumpanheiros delirante pt lula abrir embaixada mandatar quase inútil o embaixador ernesto araújo fechar falcatruar setores e descobrir golpe aplicar pt roubar encarcerar gente ”,política,,"
Kyene Becker ",https://www.boatos.org/politica/roseau-st-johns-st-georges-embaixadas-brasil.html,0
9279,comitiva governar federal reunir o fundir investimento george soro,"desde a manhã de ontem (26), vem sendo compartilhado nas redes sociais um suposto tuíte oriundo do perfil oficial do programa de parcerias de investimentos (ppi), apontando que uma comitiva do governo federal teria se reunido em nova york, nos eua, com representantes do “soros investment fund” – empresa responsável por gerenciar o fundo de investimentos da família do bilionário george soros. nessa reunião também teria estado presente o ministro da infraestrutura, tarcísio gomes de freitas.",valer ressaltar n o programar parceria investimento criar lei nº 13.334 o finalidade ampliar e fortalecer o interação o e o iniciativo privar celebração contrato parceria e medir desestatização,política,27/09/2019,marco faustino,https://www.e-farsas.com/comitiva-do-governo-federal-se-reuniu-com-o-fundo-de-investimentos-de-george-soros.html,0
9280,É #FAKE página que promove suposto processo seletivo dos Supermercados Guanabara,"Página não faz parte dos canais oficiais da empresa, que utiliza o site para receber currículos.",página intitular supermercado guanabara anunciar facebook posto empregar loja redar mensagem inscrição o processar marcar ocorrer sexta-feira publicação entanto fake anúncio referir o diverso ocupação segurança auxiliar serviço gerar operador caixa açougueiro e estoquista o o clicar opção candidatar-se o vago o usuário redirecionado página confirmar nome telefonar e-mail experiência e formação entanto o página oficial mercar facebook chamar supermercado guanabara o existir versão falso noto o empresar esclarecer utilizar o facebook prospectar funcionário e o site o único oficial cadastrar currículo,entretenimento, 03/04/2019, Por Extra ,https://g1.globo.com/fato-ou-fake/noticia/2019/04/03/e-fake-pagina-que-promove-suposto-processo-seletivo-dos-supermercados-guanabara.ghtml,0
9281,É #FAKE que imagens mostrem rainha Elizabeth II com máscaras da mesma cor da roupa no meio da pandemia de coronavírus,As três fotos que circulam pelas redes sociais foram adulteradas. Todas elas são antigas e foram tiradas em 2015 e 2019. Legenda é falsa.,circular rede social montagem foto rei elizabeth i reinar unir máscara cor roupar o legendar nascer pra rei perder o majestade época coronavírus foto recente e tirar o início epidemiar coronavírus adulterar e o foto o rei aparecer feito euan cherry wenn durante o windsor cup clube polo guard s surrey inglaterra junho,política, 24/03/2020, Por G1 ,https://g1.globo.com/fato-ou-fake/noticia/2020/03/24/e-fake-que-imagens-mostrem-rainha-elizabeth-ii-com-mascaras-da-mesma-cor-da-roupa-no-meio-da-pandemia-de-coronavirus.ghtml,0
9282,A incrível história do meteorito que iluminou céu da Costa Rica em 2019 e segue intrigando cientistas,Meteorito que caiu em vários pedaços - alguns sobre tetos de casas - se tornou inestimável tesouro científico com possíveis chaves para entender surgimento da vida na Terra.,o evento alarmar milhar pessoa costa rico s 21h dia abril o céu iluminar e ouviu-se forte explosão centena pequeno rocha cair terra n márcio campo muñoz descansar casar ouvir série batido telhar casar o barulhar e uivo cachorro o assustar o chocar aumentar o forte estrondar fundir casar o o verificá-lo encontrar pedrar quentar chão cheirar intenso gás cozinhar marcia morar comunidade o caporal aguar zarco cantón san carlos localizar quilômetros o o norte capital costa rico san josé,ciência, 21/08/2020 09h59 , Por BBC ,https://g1.globo.com/ciencia-e-saude/noticia/2020/08/21/a-incrivel-historia-do-meteorito-que-iluminou-ceu-da-costa-rica-em-2019-e-segue-intrigando-cientistas.ghtml,1
9283,F. Bolsonaro diz não saber sobre depósitos feitos por Queiroz a sua esposa  ,,o senador flavio bolsonaro republicanos-rj afirmar depoimento o o mp-rj ministério público rir janeiro desconhecer depósito feito ex-assessor parlamentar fabrício queiroz o familiar informação jornal o globo flavio outro membro família receber dinheiro funcionário alerj assembleia legislativo rir janeiro época deputar estadual o depoimento flavio contrariar investigação mp-rj inquérito supor esquema rachadinha o quebrar sigilar bancário antigo funcionário flavio promotor descobrir depósito r$ dinheiro contar mulher senador fernanda bolsonaro queiroz agostar,política,10/08/2020 11h18Atualizada em 10/08/2020 12h16 ,10/08/2020 11h18Atualizada em 10/08/2020 12h16 ,https://noticias.uol.com.br/politica/ultimas-noticias/2020/08/10/f-bolsonaro-diz-nao-saber-sobre-depositos-feitos-por-queiroz-a-sua-esposa.htm,1
9284,Reino Unido oferece novos vistos a cidadãos de Hong Kong  ,,"Os cidadãos de Hong Kong que tiverem um ""passaporte britânico de ultramar"" poderão solicitar vistos para morar e trabalhar no Reino Unido a partir de domingo, informou o governo britânico, que havia prometido esta medida no âmbito de seu enfrentamento com Pequim pelas liberdades nesta ex-colônia britânica. Até agora, os moradores do território que Londres retrocedeu à China em 1997 só podiam visitar o Reino Unido durante seis meses, sem autorização para trabalhar. Mas com estes vistos, poderão permanecer por cinco anos e pedir a cidadania britânica depois.",saúde,29/01/2021 09h37 ,29/01/2021 09h37 ,https://www.uol.com.br/nossa/noticias/afp/2021/01/29/reino-unido-oferece-novos-vistos-a-cidadaos-de-hong-kong.htm,1
9285,"Harry e Meghan se isolam em mansão de R$ 105 mi cedida por ator, diz jornal  ",,o príncipe harry o duque meghan markle e o filhar archie prevenir coronavírus mansão luxuoso avaliar milhão dólar quase r$ milhão acordar o cotação atual cedido dono o ator tyler perry o informação publicar jornal daily mail reinar unir o mansão ficar beverly hills região o angeles unir e vizinho rico e discreto o princípio gerar preocupação polêmicas tabloides o daily mail o propriedade banheiro portão extremamente guardar equipar segurança e ficar localizar condomínio fechar alto padrão beverly ridge montanha califórnio meghan e harry extremamente cauteloso manter base o angeles segredar o time d ajudar o escolher o localização transição tranquilo o angeles fonte anônima o o daily mail,saúde,07/05/2020 18h52 ,07/05/2020 18h52 ,https://tvefamosos.uol.com.br/noticias/redacao/2020/05/07/harry-e-meghan-se-isolam-em-mansao-de-r-105-mi-cedida-por-ator-diz-jornal.htm,1
9286,Nômades digitais: startup em Portugal recebe inscrições para quem quer local para trabalhar à distância,"Ilha da Madeira criou vila na Europa para receber trabalhadores de diversos países. Espaço de escritórios e internet são gratuitos, mas aluguel de apartamento custa, em média, mil euros (cerca de R$ 6.500).",o ilhar madeirar região autônoma portugal criar vila atrair profissional nômades digitar pessoa casar fixo e trabalhar mundo remotamente o iniciativo inédito europa e liderar startup o governar regional o proposto movimentar o economia o o oferecer paradisíaco trabalhador objetivo trazer pessoa ilhar madeirar e deixá-las trabalhar madeirar entidade privar ajudar ganhar dinheiro e o economia beneficiar carlos lopes diretor startup responsável projeto estação trabalhar ilhar e o conexão internet durante o expediente gratuito garantir vago precisar inscrever e aguardar o reposto organizador,política, 24/05/2021 15h06 ," Por Leonardo Monteiro, Jornal Hoje ",https://g1.globo.com/economia/tecnologia/noticia/2021/05/24/nomades-digitais-startup-em-portugal-recebe-inscricoes-para-quer-um-local-para-trabalhar-a-distancia.ghtml,1
9287,carlos bolsonaro publicar foto armar e florir o morte marielle,"é verdade que carlos bolsonaro publicou em seu perfil do twitter uma foto segurando uma arma e flores, poucos minutos após a morte da vereadora marielle franco?",o descobrir denunciar site et urbs magno dia novembro e rapidamente compartilhar diverso site e blogs o reportagem internautas descobrir o vereador carlos bolsonaro haver postar perfil twitter foto segurar vaso florir e armar acordar o publicação o postagem feito carlos minuto o confirmação morte vereador marielle franco março o entender o político comemorar assassinato,política,24/11/2019,gilmar lopes,https://www.e-farsas.com/carlos-bolsonaro-publicou-foto-com-arma-e-flores-logo-apos-a-morte-de-marielle.html,0
9288," Tribunal de Haia não chamou ditadura brasileira de ""regime democrático""  ",,polêmica celebrar o golpe militar completar hoje ano mensagem começar o circular internet afirmar o tribunal haia considerar o período ditadura brasil regime democrático tribunal internacional justiçar haia holanda reconhecer o regime militar brasil governar regime democrático e ditadura opressor jamais propor o submeter general presidente o julgamento crime o humanidade o mensagem haver registrar algum o tribunal internacional justiçar classificar o período ditadura militar brasil e regime democrático,política,31/03/2019 04h01 ,Lucas Borges Teixeira,https://noticias.uol.com.br/confere/ultimas-noticias/2019/03/31/tribunal-de-haia-nao-chamou-ditadura-brasileira-de-regime-democratico.htm,0
9289,É #FAKE que Frederick Wassef seja advogado de Adélio Bispo,"Dono do sítio onde estava Fabrício Queiroz, ex-assessor de Flávio Bolsonaro, defendeu presidente Jair Bolsonaro no caso da facada, e não seu agressor.",circular rede social frederick wassef advogar sítio atibaia sp presar fabrício queiroz ex-assessor senador flávio bolsonaro defensor adélio bispar oliveira homem esfaquear o candidatar o presidente jair bolsonaro campanha eleitoral contrário wassef representar bolsonaro n casar o agressão ocorrer dia setembro durante o campanha eleitoral cidade juiz mg e encerrar justiçar o nome wassef constar processar consulto eletrônica afirmar defender bolsonaro casar o informação referendar planalto d segunda-feira o advogar hoje senador flávio bolsonaro investigação justiçar rir janeiro o casar “ rachadinha ” o político acusar receber salário funcionário gabinete parlamentar assembleia legislativo alerj flávio deputar o,política, 23/06/2020," Por Roberta Pennafort, CBN ",https://g1.globo.com/fato-ou-fake/noticia/2020/06/23/e-fake-que-frederick-wassef-seja-advogado-de-adelio-bispo.ghtml,0
9290,"Com fase vermelha, comerciantes em praias de Santos falam em prejuízo  ",,comerciante quiosque e ambulante atuam faixar arear praia santo litoral paulo preocupar o anúncio governar retornar fase vermelho planar sp o semana o categoria afetadas crise gerar pandemia coronavírus março o setembro praia permanecer fechar ouvir uol comerciante quedo movimentar normal contar restrição provocar covid-19 haver ano comercializar alimento e bebido quiosque praia gonzaga simião bispar oliveira comerciante antigo cidade e apesar experiência acumular o r$ prejuízo durante o período o quiosque ficar fechar o desfazer mercadoria cocus jogar governo ajudar banco emprestar dinheiro imposto continuar cobrar encargo funcionário e contar quiosque máscara seguir medir sanitário colocar cordão isolamento organizar fechar aguentar simião bispar oliveira,saúde,23/01/2021 17h39 ,Maurício Businari,https://noticias.uol.com.br/cotidiano/ultimas-noticias/2021/01/23/com-fase-vermelha-comerciantes-em-praias-de-santos-falam-em-prejuizo.htm,1
9291,SP começa hoje a vacinar pessoas de 50 a 54 anos com comorbidade  ,,o paulo comedir o vacinar hoje o covid-19 pessoa o ano comorbidades deficiência permanente bpc o estimativo governar estadual pessoa d receber o dosar vacinar vacinar o cidadão preciso comorbidade encaixar lista estabelecido governar federal planar nacional imunização o lista abaixar necessário comprovar o complicação e necessário documento exame relatório atestar prescrição médico bilhete único especial constatar o existência problema saudar cadastro previamente existente ubss unidade básico saudar utilizar,saúde,14/05/2021 10h41Atualizada em 14/05/2021 16h36 ,14/05/2021 10h41Atualizada em 14/05/2021 16h36 ,https://noticias.uol.com.br/saude/ultimas-noticias/redacao/2021/05/14/sp-vacinacao-covid-19-comorbidades-50-54-anos.htm,1
9292,Rede de supermercado não obrigou funcionários a comemorarem o golpe de 1964  ,,foto funcionário redar supermercado aparecer facebook o mensagem o empresar equipar o uniformar militar comemorar o golpe dia março compartilhar 7.000 facebook o imagem mostrar caixa redar atacar roupar camuflar verde-oliva simular o fardar militar o divulgar informação falso indicar o redar supermercado errar o o atribuir o foto e suposição uniforme,entretenimento,06/04/2019 04h02 ,Lucas Borges Teixeira,https://noticias.uol.com.br/confere/ultimas-noticias/2019/04/06/rede-de-supermercado-nao-obrigou-funcionarios-a-comemorarem-o-golpe-de-64.htm,0
9293,"'Semana Brasil' será em setembro para impulsionar economia, apesar da pandemia  ",,"O governo do presidente Jair Bolsonaro anunciou nesta terça-feira apoio a uma campanha de uma semana especial de vendas do comércio no início de setembro nos moldes da ""Black Friday"", mesmo em um momento em que o Brasil atingiu a marca de quase 96 mil mortos pela covid-19 e sem qualquer indicativo de trégua da pandemia do novo coronavírus. A Secretaria Especial de Comunicação Social do governo anunciou uma nova edição da ""Semana Brasil"", evento que ocorrerá entre os dias 3 e 13 do próximo mês, que tem por objetivo ""unir todo o comércio e varejo do país para celebrar a retomada, com segurança, da economia e dos empregos"", segundo nota divulgada pelo órgão. ""Iniciativa da Secretaria Especial de Comunicação Social do Ministério das Comunicações, coordenada pelo IDV (Instituto para Desenvolvimento do Varejo), a Semana é alicerçada em três pilares: colaboração, otimismo e oportunidade; e será a primeira data comemorativa do varejo após a reabertura do comércio. Com ofertas especiais oferecidas durante o período do evento, espera-se iniciar uma retomada robusta da economia nacional"", disse a nota. A Secom informou que, na ocasião, vai lançar uma campanha de publicidade com o mote: ""Todos juntos com segurança pela retomada e o emprego"". Segundo o órgão, no ano passado, segundo a Ebit/Nielsen, as vendas online cresceram 41% durante a ""Semana Brasil"" em relação ao mesmo período de 2018. As vendas no varejo registraram crescimento nominal de 11,3% no mesmo período, segundo levantamento da Cielo.",saúde,04/08/2020 21h18 ,04/08/2020 21h18 ,https://economia.uol.com.br/noticias/reuters/2020/08/04/governo-anuncia-semana-brasil-em-setembro-para-impulsionar-comercio-apesar-da-pandemia.htm,1
9294,"Em meio a aberturas, Sul vê casos de coronavírus subirem 86% em uma semana  ",,"O número de novos casos de coronavírus no Sul do país quase dobrou na última semana, de acordo com levantamento do UOL com os dados do Ministério da Saúde. O crescimento acontece em um período em que os estados da região têm flexibilizado as medidas de isolamento social, permitindo a reabertura do comércio e de instalações religiosas, por exemplo. Dois fatores podem ser as causas para o resultado: os baixos índices de isolamento social em dias úteis nos três estados da região e a taxa de reprodução do vírus. Hoje, nenhum estado do país tem taxa de reprodução abaixo de 1 —o que significaria que a epidemia estaria em tendência de queda. Na semana epidemiológica 20, cuja referência é o período entre 11 e 17 de maio, os três estados do Sul haviam acumulado 2.991 novos casos de pessoas com a covid-19. Na semana 21, encerrada no domingo (24), foram 5.581, um crescimento de cerca de 86%. Essa foi a maior alta na comparação com as outras quatro regiões do país. Considerando todo o país, a quantidade de novos casos na semana passada cresceu 55,8% no mesmo período. Sudeste, Norte e Nordeste oscilaram entre 59,4% e 51,8%. No Centro-Oeste, a alta foi de 36,9%.",saúde,26/05/2020 04h00Atualizada em 26/05/2020 10h52 ,Nathan Lopes,https://noticias.uol.com.br/saude/ultimas-noticias/redacao/2020/05/26/sul-casos-de-coronavirus-semana-crescimento.htm,1
9295,Celso de Mello não se aposentou do STF por invalidez  ,,o aposentadoria ministrar celso mello stf supremo tribunal federal terça-feira semana ano e aposentar compulsoriamente gerar falso rede social internautas trocar aposentadoria voluntário motivo médico aposentadoria invalidez.segundo mensagem mello pedir aposentadoria invalidez n semana aproveitar isenção impor render,política,15/10/2020 04h00Atualizada em 16/10/2020 15h34 ,"Do UOL, em São Paulo",https://noticias.uol.com.br/confere/ultimas-noticias/2020/10/15/celso-de-mello-stf-nao-se-aposentou-por-invalidez.htm,0
9296,"'Devo ser a voz de todos, não a voz de um', diz Lira em discurso na Câmara  ",,recém-eleito presidente câmara voto o deputar federal arthur lira pp-al discursar união casar prometer respeitar diferençar e ouvir pé o o cadeira presidência homenagear o presente o levar vitória e gesto respeitar o plenário explicar o verdadeiro e único presidente câmara prometer respeitar presidente forçar vivo d casar legislativo colegiados o proporcionalidade e o plenário câmara instituição o voz o voz confundir cadeira presidência e jamais irar confundir deputar igual o e o cadeira irar ocupar temporariamente n legislatura arthur lira progressistas-al presidente eleito câmara,saúde,01/02/2021 23h23Atualizada em 02/02/2021 01h41 ,01/02/2021 23h23Atualizada em 02/02/2021 01h41 ,https://noticias.uol.com.br/politica/ultimas-noticias/2021/02/01/devo-ser-a-voz-de-todos-nao-a-voz-de-um-diz-lira-em-discurso-na-camara.htm,1
9297,"

Hackers mundiais divulgam fraudes da urna eletrônica e democracia hackeada pelo PT #boato 
",Hackers mundiais divulgam fraudes da urna eletrônica e democracia hackeada pelo PT #boato,“ hackers mundial decidir divulgar o fraude o eleição brasileiro passar o passar parir ficar nenhum dúvida detalhar o pt chegar o o o implantar o maldizer urna o brasil pensar n ” lula n evento fisl apresentar parir hackers mundo richard stallman marcelo branco o hacker richard stallman lula e sergio amadeu provavelmente contatos lula o hackers o tse contato stellman ” stallman falar eleição presidencial brasil málaga o blog marcelo branco acesse feeeddeeeeuuu expor ”,entretenimento,03/08/2021,"
Kyene Becker ",https://www.boatos.org/tecnologia/hackers-mundiais-decidem-divulgar-fraudes-urna-eletronica-democracia-hackeada-pelo-pt.html,0
9298,STJ confirma arquivamento de investigação contra governador de SC  ,,o superior tribunal justiçar stj confirmar o arquivamento investigação aberto o governador santo catarino carlos moisés psl esteirar comprar respirador pulmonar r$ milhão tratar paciente covid-19 o decisão formalizar julgamento n quarta-feira atender o pedir ministério público federal mpf concluir o fase investigação apresentar ação atar improbidade administrativo moisés avaliação procurador provar colhido permitir concluir haver participação governador crime apurar pacífico jurisprudência d cortar promover o arquivamento ministério público federal obrigatório o acolhimento escrever o ministrar benedito gonçalves relator casar,política,15/04/2021 19h43 ,Rayssa Motta e Pepita Ortega,https://noticias.uol.com.br/ultimas-noticias/agencia-estado/2021/04/15/stj-confirma-arquivamento-de-investigacao-contra-governador-de-sc.htm,1
9299,"

Cadu Barcellos emprestou HB20 para Adélio Bispo atacar Bolsonaro #boato 
","Boato – O diretor Cadu Barcellos, morto no Rio de Janeiro, emprestou um HB20 para Adélio Bispo atacar Bolsonaro e chamou Jesus de homossexual.",olhar interessante o falecer diretor portar fundo o petulância chamar o jesus homossexual o falecer nome veículo hb20 utilizar adélio bispar o falecer comunista mimimi ferrenho defensor bandidagem “ vítima sociedade ” tá assassinar vítima sociedade,entretenimento,13/11/2020,"
Edgard Matsuki ",https://www.boatos.org/entretenimento/cadu-barcellos-emprestou-hb20-adelio-atacar-bolsonaro.html,0
9300,Brasil tem mais de 135 mil mortes por Covid-19; curvas estão em queda em 13 estados e no DF,"País tem 135.031 óbitos confirmados e 4.457.443 diagnósticos de Covid-19, segundo o consórcio dos veículos de imprensa.","O consórcio de veículos de imprensa divulgou novo levantamento da situação da pandemia de coronavírus no Brasil a partir de dados das secretarias estaduais de Saúde, consolidados às 20h desta quinta-feira (17).  O país registrou 857 mortes pela Covid-19 confirmadas nas últimas 24 horas, chegando ao total de 135.031 óbitos desde o começo da pandemia. Com isso, a média móvel de novas mortes no Brasil nos últimos 7 dias foi de 779 óbitos, uma variação de -9% em relação aos dados registrados em 14 dias.  Em casos confirmados, já são 4.457.443 brasileiros com o novo coronavírus desde o começo da pandemia, 35.757 desses confirmados no último dia. A média móvel de casos foi de 31.097 por dia, uma variação de -22% em relação aos casos registrados em 14 dias.  No total, 2 estados apresentaram alta de mortes: RO e PE",ciência, 17/09/2020 08h00 , Por G1 ,https://g1.globo.com/bemestar/coronavirus/noticia/2020/09/17/casos-e-mortes-por-coronavirus-no-brasil-em-17-de-setembro-de-2020-segundo-consorcio-de-veiculos-de-imprensa.ghtml,1
9301,"Ao contrário do que afirma post,  ivermectina em altas doses pode causar até convulsão",,enganoso postagem médico o twitter e o instagram afirmar o ivermectina remédio segurar alto dose e estudo comprovar suar ação antiviral o profissional defender o substância o tratamento precoce o covid-19 haver o estudar comprovar o eficácia antiparasitário n sentir e o desaconselhar pelar organização mundial saudar oms e pelar farmacêutico merck produzir o drogar o unir especialista afirmar nenhum medicamentar segurar dose excessivo,saúde,2021-06-16,Comprova,https://projetocomprova.com.br/publicações/ao-contrario-do-que-afirma-post-ivermectina-em-altas-doses-pode-causar-ate-convulsao/,0
9302,"

Foto mostra caça de baleias e mar de sangue na Noruega #boato 
",Boato – Imagem mostra o resultado da caça de baleias na Noruega e é exemplo de como Brasil cuida melhor do meio ambiente do que o país nórdico.,o noruega falar o brasil cuidar melhor ambientar mostrar foto … o livrar o caçar o balear comércio carnar mar sangue caçar balear noruega ensinar o brasil o proteção ambiental e lição moral amazônia,mundo,17/08/2019,"
Edgard Matsuki ",https://www.boatos.org/mundo/foto-caca-de-baleias-noruega.html,0
9303,"Brasil chega a 3.125 mortos em média na semana, o maior índice da pandemia  ",,n segunda-feira o brasil voltar o registrar alto inédito médio morte causar covid-19 intervalar dia semana 3.125 pessoa perder o vidar contar doença médio o marcar 3.119 óbito período registrar haver dia 1º abril o 82º dia consecutivo o índice ficar acima o médio semanal ajudar o corrigir distorção pontuar quedo costumar registrar o semana e feriar contar plantão secretariar saudar obtido consórcio veículo imprensar o uol juntar s secretariar estadual saudar o confirmação 1.738 óbito e hoje 355.031 vidar perdido o pandemia o diagnosticar subir o 13.521.409 o inclusão 38.866 caso,política,12/04/2021 20h03Atualizada em 12/04/2021 20h38 ,"Ana Caratchuk, Douglas Porto, Thaís Augusto e Ricardo Espina",https://noticias.uol.com.br/saude/ultimas-noticias/redacao/2021/04/12/covid-19-coronavirus-mortes-casos-12-de-abril.htm,1
9304,Homenagem a Aldir Blanc abre projeto musical no Rio durante pandemia  ,,o guardar municipal rir janeiro início o o projeto abraçar musical guardar coração levar músico bandar sinfônica apresentar espaço público durante o período isolamento social decorrente pandemia coronavírus endereço elevar caso copacabana barrir tijuca e campar receber apresentação quarteto dividir agendar o zonar sul e outro o zonar norte o repertório apresentação incluir o bêbado e o equilibrista composição aldir blanc — morrer segunda-feira vítima complicação decorrente covid-19 — parceria joão bosco canção wave tom jobim e o marchar cidade maravilhoso andré filhar apresentar querer proporcionar alegria esperançar e sensibilizar pessoa mostrar vidar importar e ninguém n pandemia o lutar o coronavírus continuar diariamente cidade diverso medir adotadas prefeitura conter o disseminação doença e salvar vidar declarar o inspetor-geral josé ricardo soar comandante guardar municipal,saúde,06/05/2020 11h50 ,06/05/2020 11h50 ,https://noticias.uol.com.br/cotidiano/ultimas-noticias/2020/05/06/rio-inicia-projeto-musical-durante-pandemia-com-homenagem-a-aldir-blanc.htm,1
9305,Cães estão sendo testados para identificar o novo coronavírus precocemente  ,,buscar formar detectar o presença covid-19 pesquisador britânico universidade london school of hygiene and tropical medicinar e durham testar o capacidade cachorro identificar o coronavírus manifestação doença experiente farejar odorar malária parkinson e certo tumor cão raça labrador e cocker missão identificar paciente covid-19 descobrir o aptidão cachorro estudioso dividir o pesquisar fase animar constantemente contato o cheirar suor hálito paciente infectar e acessório máscara proteção etapa durar o semana pesquisador analisar resultar e aprovar governar britânico cão levar situação dia o dia investigar pessoa horar contar d alto indivíduo analisar o ministério saudar britânico utilizá-los locar aeroporto e entrar território grã-bretanha doença respiratório o covid-19 mudar odorar corpo afirmar o professor james logan london school of hygiene and tropical medicinar casar o experimentar bem-sucedido o governar inglês investir capacitação cão farejador covid-19,saúde,08/07/2020 14h06 ,Nicola Ferreira,https://www.uol.com.br/vivabem/noticias/redacao/2020/07/08/caes-estao-sendo-testados-para-identificar-o-novo-coronavirus-precocemente.htm,1
9306,Vírus não foi feito na França e vacinas não são uma iniciativa globalista para reduzir a população,,o instituto pasteur negar acusação feito vídeo verificar especialista teoria conspiratório fundamentar e procurar homem aparecer gravação oferecer provar,saúde,2020/12/02,Comprova,https://projetocomprova.com.br/publicações/virus-nao-foi-feito-na-franca-e-vacinas-nao-sao-uma-iniciativa-globalista-para-reduzir-a-populacao/,0
9307,"

Luciano Hang diz que quem não votou em Bolsonaro deixa produtos da Havan com mau cheiro #boato 
","Boato – O dono da Havan, Luciano Hang, disse que quem não votou em Bolsonaro (petistas) não deveria entrar nas loas, pois deixa os produtos com mau cheiro. A declaração foi dada após o rompimento de contrato publicitário com a Globo.",“ gostar bolsonaro dever entrar loja deixar cheirar produto exposto ” palavra luciano hang dono havan romper contratar publicitário o globo ”,política,25/11/2019,"
Raiane Gonoli ",https://www.boatos.org/politica/luciano-hang-quem-nao-votou-bolsonaro-deixa-produtos-mau-cheiro.html,0
9308,Imprensa internacional destaca ameaça de Bolsonaro a jornalista  ,,o ameaçar jair bolsonaro o repórter jornal o globo destacar imprensar internacional o falir presidente chamar o atenção veículo unir inglaterra argentino e índio durante visitar catedral brasília bolsonaro questionar depósito feito policial militar aposentar e ex-assessor fabrício queiroz contar bancário primeira-dama michelle bolsonaro respostar o o jornalista vontade encher bocar porrada o cnn norte-americana relatar o ocorrer e afirmar o presidente bolsonaro comentar alegação o publicação ressaltar o família bolsonaro enfrentar investigação o sky news falar o prisão queiroz e analisar perguntar queiroz continuar o perseguir o família bolsonaro investigação incomodar o presidente e prejudicar promessa tolerar o corrupção,política,24/08/2020 12h27 ,24/08/2020 12h27 ,https://noticias.uol.com.br/internacional/ultimas-noticias/2020/08/24/imprensa-internacional-repercute-ameaca-de-bolsonaro-a-jornalista.htm,1
9309,'Minions 2' ganha nova data em 2021 após adiamento por coronavírus  ,,minions o origem gru datar chegar o cinema o universal e o illumination anunciar haver semana o adiamento filmar decorrência precaução o pandemia coronavírus decidir lançar o sequência julho datar claro referir inicialmente o o lançamento eua — brasil o longo seguir estrear confirmar o informação deadline datar minions tomar o sequência sucesso animação sing continuação longo o universal empurrar produção julho dezembro feriar natal o adaptação cinematográfico musical wicked marcar estrear natalina ficar datar definir,saúde,01/04/2020 14h20 ,01/04/2020 14h20 ,https://entretenimento.uol.com.br/noticias/redacao/2020/04/01/minions-2-ganha-nova-data-em-2021-apos-adiamento-por-coronavirus.htm,1
9310,Fiocruz pedirá à Anvisa ainda nesta semana autorização para uso emergencial da vacina de Oxford que será importada da Índia,,o fundação oswaldo cruz fiocruz confirmar pretender apresentar n semana agência nacional vigilância sanitário anvisa o documentação necessário pedir autorização emergencial milhão dose vacinar desenvolvido farmacêutico britânico astrazeneca o universidade oxford comprar instituto serum índio o executivo instituto o governar país autorizar o vender o exterior nenhum lotar imunizante o população incluir riscar vacinar voltar e confirmar o exportação autorizar ministério saudar e exterior brasil haver “ proibição oficial ” governar indiano exportação “ confirmar o importação milhão dose vacinar astrazeneca oxford produzir índio datar provável entregar o mear janeiro ” informar o itamaraty noto divulgar n terça-feira seguir o governar federal afirmar outro comunicar “ negociação o fundação oswaldo cruz fiocruz e o instituto serum índio o importação brasil quantitativo inicial dose imunizante o covid-19 encontram-se estágio avançar ” o governar confirmar dose chegar n site oficial o fiocruz publicar noto afirmar “ paralelamente s negociação comprar d vacinar técnico fiocruz e astrazeneca reunir novamente o agência nacional vigilância sanitário anvisa n terça-feira 5/1 discutir o pedir emergencial milhão vacinar pronto o importar o encontrar tratar detalhamento documento dever apresentar submissão o objetivo alinhamento garantir submetido acordar requisito estabelecido agência o avaliação ocorrer o rapidamente ” o texto “ o fiocruz aguardar o recebimento informação astrazeneca e instituto serum relativo produção e o o controlo qualidade vacinar submeter formalmente o pedir autorização emergencial vacinar anvisa o expectativa o pedir realizar semana ” domingo horar o brasil anunciar o acordar o comprar milhão dose pronto imunizante o ceo serum adar poonawalla associated press e reuters o exportação vetar governar país asiático o população indiano vulnerável covid vacinar n terça-feira entanto negar haver restrição exportação imunizante o recuar ocorrer mensagem divulgar redar social executivo incluir comunicar conjuntar o serum e o bharat biotech farmacêutico indiano responsável desenvolvimento vacinar candidato o covid-19 o covaxin mencionar afirmação categórico feito o agência notícia domingo sentir contrário poonawalla enfatizar o exportação dose liberar “ país ”,saúde, Publicado em  06/01/21 04:30 ,Extra,https://extra.globo.com/noticias/coronavirus/fiocruz-pedira-anvisa-ainda-nesta-semana-autorizacao-para-uso-emergencial-da-vacina-de-oxford-que-sera-importada-da-india-24825518.html,1
9311,"Entidades recomendam vacina contra a Covid para gestantes com diabetes, obesidade e hipertensão arterial ","Vacina contra o novo coronavírus ainda não foi testada em gestantes, mas organizações de saúde defendem que o Sars-Cov-2 é um risco maior às gravidas e aos bebês.",o sociedade brasileiro diabete sbd e o sociedade brasileiro endocrinologia e metabologia sbem recomendar seguir orientação ministério saudar o vacinar o covid-19 aplicar mulher grávido diabete mellitus obesidade hipertensão arterial sistêmica o sbem o sbd recomendação seguir noto técnico divulgar governar federal o objetivo evitar complicação mulher e o beber orientação acordar o portar ministério saudar recomendar o vacinação gestante lactante e puérpera mulher período dia o doença prévio comorbidades acordar observatório obstétrico brasileiro covid-19 oobr covid-19 o morte gestante e mãe recém-nascidos puérpera covid-19 dobrar médio semanal,saúde, 24/04/2021 08h34 , Por G1 ,https://g1.globo.com/bemestar/vacina/noticia/2021/04/24/entidades-recomendam-vacina-contra-a-covid-para-gestantes-com-diabetes-obesidade-e-hipertensao-arterial.ghtml,1
9312,'Teremos de jogar nossa cerveja no ralo': o temor dos pubs britânicos com novo lockdown  ,,recordar caso diário covid-19 o reinar unir preparar enfrentar lockdown quarentenar obrigatório e regrar rígido temido particular pub britânico o quinta-feira o lockdown entrar vigor proibir pub e restaurante abrir portar exceto vender comido viagem delivery atividades essencial comprar e lazer,saúde,02/11/2020 17h48 ,Russell Hotten ,https://noticias.uol.com.br/ultimas-noticias/bbc/2020/11/02/teremos-de-jogar-nossa-cerveja-no-ralo-o-temor-dos-pubs-britanicos-com-novo-lockdown.htm,1
9313,Bruno Covas engrossa coro contra o racismo e destaca desigualdade no Brasil  ,,o prefeito paulo brunir cova psdb-sp engrossar o corar o racismo mundo o assassinato ex-segurança george floyd policial branco minneapolis semana passar mobilizar personalidade e autoridade mundo tornar temer cova lembrar assassinato menino joão pedrar rir janeiro jovem ano morto polícia operação gonçalo maio,saúde,03/06/2020 15h26 ,03/06/2020 15h26 ,https://noticias.uol.com.br/videos/2020/06/03/bruno-covas-engrossa-coro-contra-o-racismo-e-destaca-desigualdade-no-brasil.htm,1
9314,golpe ong doar filhote spitz shih tzu o facebook,,reparar o quantidade publicação encontrar rápido buscar,entretenimento,31/10/2020,marco faustino,https://www.e-farsas.com/e-golpe-ong-nao-esta-doando-filhotes-de-spitz-ou-shih-tzu-no-facebook.html,0
9315,Especialistas contradizem Trump no Congresso sobre contenção de testes de covid-19  ,,o principal especialista doença infeccioso unir anthony fauci hoje audiência congresso donald trump pedir reduzir teste coronavírus comentário presidente n sentir acender alertar nenhum instruir o reduzir teste fauci o painel câmara representante esforço mitigar o pandemia matar pessoa unir o óbito confirmar fevereiro verdade teste acrescentar fauci o o d autoridade saudar assessorar o casar branco responder hesitação legislador perguntar o presidente haver pedir diminuir exame,saúde,23/06/2020 22h24 ,23/06/2020 22h24 ,https://noticias.uol.com.br/ultimas-noticias/afp/2020/06/23/especialistas-contradizem-trump-no-congresso-sobre-contencao-de-testes-de-covid-19.htm,1
9316,Por que tantas pessoas insistem em não usar máscara? Freud explica ,,ano pandemia e sucessivo recorde morte parecer assustar parcelar brasileiro comum gente máscara o pedir errar o tornar perigoso locar gerar aglomeração ônibus e comércio ruir o acessório tornar obrigatório impedir o vírus nariz bocar o gotícula salivar alguém converso espirrar tossir o barreirar proteção importante sintoma covid-19 demorar dia manifestar infectar silencioso assintomático transmitir o vírus informação e riscar pessoa resistir o psicanalista maria homem professorar fundação armar alvar pentear faap o humanar plenamente racional pregar o filósofo grego aristóteles e o explicação máscara pai psicanálise sigmund freud 1856-1939 — freud explicar e pós-freudianamente explicar século xix aumentar o campar compreender o humanar sobretudo racional ai surgir o psicologia o psiquiatria e o freud o matriz freudiano ancorar conceito inconsciente o humanar basicamente inconsciente e impulso controlar deter o origem entender — explicar maria misto racionalidade loucura e fantasiar o humanar regredir o infantil medo arcaico deparar ameaçar revelar fragilidade — o fato acontecer profundar camada tectônicas mental e psíquico espécie n consciência irreversível vulnerabilidade — afirmar o psicanalista salvador pátrio mito mimi covarde teatro morrer asfixiar ... desdenhar condição humano fragilidade doença mortalidade o lógico delirante lógico o neurocientista cláudia santana o benéfico pessoa diferente aprendizado e resistir o mudar hábito — o camisa cinto segurança capacete demorar pessoa convencer o precisar político público campanha educativo pessoa mudar hábito — explicar cláudia afirmar o percepção riscar diferir pessoa e o ilusão saudável e o vírus o neurocientista lembrar converso pessoa o humanar esperar pistar visual comunicação rostir tampar acontecer admitir gente fácil máscara independentemente discurso político o acessório pessoa recorrer aoauto enganir argumentar o neurocientista acreditar infectar preferir acreditar sair fácil comprar kit remédio baratar e achar protegido — auto enganir o acreditar — resumir — pessoa deixar o máscara burro egoísta haver série diferente errar motivo diferente o autoengano incluir cláudia santana deixar-se enganar teoria conspiração e fake news atribuir o doença o invenção perigoso efeito d mecanismo acabar criar justificativo o máscara — sociedade achismo espaçar gente errar sortir infectar sintoma leve e continuar achar justificativo plausível infelizmente morrer o pessoa convencer o problema chegar — acrescentar,saúde, Publicado em  06/04/21 07:00 ,Aline Ribeiro e Cleide Carvalho,https://extra.globo.com/noticias/coronavirus/por-que-tantas-pessoas-insistem-em-nao-usar-mascara-freud-explica-24956768.html,1
9317,Prefeitura acusa empresa de colocar cadáveres em contêiner sem segurança  ,,"A prefeitura de Duque de Caxias (RJ) acusa uma empresa que administra os cemitérios da cidade de colocar cadáveres de pessoas mortas com covid-19 em contêineres sem segurança e que oferecem risco de contaminação às populações vizinhas. Nesta setxa-feira (1º), cinco corpos estavam numa instalação provisória ao lado de uma favela, segundo a assessoria da prefeitura.",saúde,01/05/2020 20h28 ,01/05/2020 20h28 ,https://noticias.uol.com.br/videos/2020/05/01/prefeitura-acusa-empresa-de-colocar-cadaveres-em-conteiner-sem-seguranca.htm,1
9318,Bahia tem mais oito leitos de Suporte Ventilatório Pulmonar autorizados,,"leito suportar ventilatório pulmonar atendimento exclusivo o paciente confirmar suspeito covid-19 autorizar ministério saudar n quinta-feira 06/05 o bahia o medir reforçar atendimento único saudar sus hospital especializar unidade misto hospital pequeno portar pronto socorro unidade pronto atendimento hospital campanha e hospital gerar autorização caráter excepcional e temporário destinar município guanambi e serrar ramalhar o repassar mensal r$ 114,8 correspondente o abril o portar autorizar leito publicar diário oficial união – acesse leito suportar ventilatório pulmonar voltar paciente covid-19 evoluir gravar necessitar suportar oxigênio",saúde,06/05/2021 13h22,Ministério da Saúde(61) 3315-3580 / 2351,https://www.gov.br/saude/pt-br/assuntos/noticias/bahia-tem-mais-oito-leitos-de-suporte-ventilatorio-pulmonar-autorizados-1,1
9319,"
  A exclusão da biometria nas eleições municipais se deu também para evitar aglomerações","Publicações compartilhadas mais de 3,6 mil vezes nas redes sociais desde o final de julho deste ano afirmam que o Tribunal Superior Eleitoral decidiu não empregar a identificação biométrica nas eleições municipais de novembro para “não usar o dedo” devido à covid-19, ironizando o fato de, nas urnas eletrônicas, ser necessário pressionar os botões. O protocolo sanitário elaborado pelo TSE explica, contudo, que a exclusão da biometria ocorreu para evitar aglomeração e formação de filas, além de reduzir as superfícies de contato com objetos.Envie-nos por WhatsApp Email",“ ‘ jênios ’ tse decidir utilizar o biometria n eleição o dedo causar pandemia perguntar o digitar urna eletrônica o dedo o língua ” o texto compartilhar milhar facebook acompanhar foto atual presidente tribunal superior eleitoral tse o ministrar luís roberto barroso publicação circular o o julho instagram e twitter julho d ano o tse anunciar iriar seguir recomendação apresentar infectologistas prestar consultoria sanitário eleição novembro o decisão excluir o necessidade identificação biométrico o integrar médico hospital sírio-libanês fundação oswaldo cruz fiocruz e hospital albert einstein,brasil,2/10/2020 às 22:02,AFP Brasil,https://checamos.afp.com//exclusao-da-biometria-nas-eleicoes-municipais-se-deu-tambem-para-evitar-aglomeracoes,0
9320,"SC: Homem de 32 anos que morreu por coronavírus era saudável, diz irmã  ",,"Das 12 mortes por covid-19 já confirmadas em Santa Catarina, duas chamam atenção pela idade das vítimas. No sábado (4), o representante comercial Aislan Corrêa, de São Ludgero, morreu aos 32 anos, após ficar internado por 17 dias. Na manhã de hoje, o músico Deison Freitas, de 34 anos, foi a primeira vítima da doença na cidade de Tubarão. Em ambos os casos, as vítimas não tinham histórico de doenças respiratórias ou comorbidades. Aislan praticava atividades físicas, não bebia e nem fumava. Seu trabalho envolvia viajar pelo estado, mas ele estava de férias quando percebeu os primeiros sintomas, no dia 12 de março. Após uma semana, foi internado; três dias depois, já estava na UTI e com teste positivo para covid-19. A partir de então, sua família ficou em isolamento, embora sem apresentar sintomas. Ele era casado, tinha um filho de dois anos e estava em constante contato com os pais e a irmã, Daiane. Todos ficaram confinados por 15 dias, sob acompanhamento da vigilância epidemiológica de São Ludgero. A última vez que Aislan viu os pais foi no dia 18, antes de ser internado. Após sofrer uma parada cardiorrespiratória, ele morreu na UTI do Hospital São Donato, em Içara. ""O hospital já havia nos informado que o caixão estaria lacrado. Ninguém da família poderia ter contato com ele. Foi direto para o crematório e nem no crematório meus pais foram"", conta Daiane.",saúde,07/04/2020 14h08 ,Rafael Krieger,https://noticias.uol.com.br/cotidiano/ultimas-noticias/2020/04/07/sc-homem-de-32-anos-que-morreu-por-coronavirus-era-saudavel-diz-irma.htm,1
9321,Paraíba tem mais 33 leitos de UTI Covid-19 autorizados,,"O Ministério da Saúde autorizou, nesta terça-feira (4/5), mais 33 leitos de UTI adulto ao estado da Paraíba para atendimento exclusivo aos pacientes graves com Covid-19, em caráter excepcional e temporário. A medida reforça a estrutura hospitalar e dá continuidade ao apoio que a pasta vem prestando aos estados, municípios e Distrito Federal desde o início da pandemia. Os municípios de Cajazeiras, João Pessoa e Patos foram beneficiados, conforme portarias publicadas no Diário Oficial da União (DOU) – acesse aqui e aqui. O valor do repasse mensal será de R$ 1,5 milhão, correspondente à abril. Além desses, o Ministério da Saúde já autorizou 259 leitos de UTI Covid-19 para a Paraíba em 2021 – um investimento de mais de R$ 19,8 milhões.",saúde,06/05/2021 10h57, ,https://www.gov.br/saude/pt-br/assuntos/noticias/paraiba-tem-mais-33-leitos-de-uti-covid-19-autorizados,1
9322,Governo Bolsonaro libera 23% do dinheiro para combater coronavírus  ,,"morto dia o brasil tornar o epicentro pandemia coronavírus mundo o governar federal lentar liberação dinheiro aprovar combater o crise sanitário acordar estudar cns nacional saudar e ipea instituto pesquisar econômica aplicar o ministério saudar pagar dinheiro prometer o união destinar o o ministério saudar r$ 34,5 bilião impedir o avançar pandemia matar brasileiro recurso começar o liberar março acordar o estudar dinheiro sair cofre público o conta-gotas o dia maio r$ 10,4 bilião 30,3 verba empenhar garantir r$ 8,1 bilião pago fato o equivalente o r$ 12,1 bilião o ministério contratar leito comprar maquinário e epi equipamento proteção individual r$ 2,5 bilião 21,3 empenhar e r$ milhão efetivamente pago 4,9",saúde,27/05/2020 15h00 ,Wanderley Preite Sobrinho,https://noticias.uol.com.br/saude/ultimas-noticias/redacao/2020/05/27/governo-bolsonaro-libera-apenas-23-do-dinheiro-para-combater-a-pandemia.htm,1
9323,"Saldo de mortos por coronavírus na Itália sobe a 19.468, superando os EUA  ",,o itália registrar n sábado morte coronavírus horar elevar o total óbito o 19.468 o país voltar o o líder morto eua anunciar 18.860 vítima fatal coronavírus itália entanto hospitalização diminuir dia e o ritmar contágio cair consideravelmente,saúde,11/04/2020 14h41 ,11/04/2020 14h41 ,https://noticias.uol.com.br/ultimas-noticias/afp/2020/04/11/saldo-de-mortos-por-coronavirus-na-italia-sobe-a-19468.htm,1
9324,Recuperar supremacia do Supremo não será fácil  ,,"Luiz Fux, o novo presidente do Supremo Tribunal Federal assume uma Corte com a imagem estilhaçada. A instância máxima do Judiciário vive uma fase de raro desprestígio.  Alguns dos supremos ministros igualaram-se em desmoralização ao que há de mais desprestigiado na política. Com uma diferença: os políticos foram arrastados para o caldeirão dos desmoralizados pelo trabalho de procuradores e investigadores federais. As togas pulam no melado quente por conta própria.  Nesse ambiente, a prioridade de Fux deveria ser a recuperação da supremacia do Supremo. Essa supremacia já existiu. Mas não será fácil recuperá-la. No julgamento do escândalo do mensalão, o Supremo Tribunal Federal deu um salto social. De um total de 38 réus, condenou 25. Foram para a cadeia corruptos e corruptores. A cúpula do Judiciário se dissociou da tradição secular que protegia os maus costumes da oligarquia política e econômica.",política,11/09/2020 00h01 ,11/09/2020 00h01 ,https://noticias.uol.com.br/colunas/josias-de-souza/2020/09/11/recuperar-supremacia-do-supremo-nao-sera-facil.htm,1
9325,CBF antecipa taxas para ajudar quase 500 árbitros durante pandemia  ,,o confederação brasileiro futebol cbf início hoje o repassar o árbitro ajudá-los durante o período paralisação campeonato dever o o surtir coronavírus o entidade adiantar o correspondente melhor taxar recebido profissional ano passar levar contar o categoria o informação confirmar presidente comissão arbitragem cbf leonardo gaciba entrevisto concedido hoje o o canal esporte interativo instagram árbitro trazer idear adiantamento taxar e idear levar o o presidente estudar e o anúncio adiantar o o árbitro quadrar nacional o melhor taxar recebido o ano passar profissional aportar diferençar enorme o vidar d gaciba lei campar crise tirar salário árbitro desproteger lei aflito,saúde,01/04/2020 16h10 ,Marcello De Vico,https://www.uol.com.br/esporte/futebol/ultimas-noticias/2020/04/01/cbf-antecipa-taxas-para-ajudar-quase-500-arbitros-durante-pandemia.htm,1
9326,"

CIA entregou para Bolsonaro pen drive com denúncias contra a esquerda e STF #boato 
","Boato – Em visita ao presidente do Brasil, a CIA entregou um pen drive com denúncias contra políticos de esquerda e os 11 ministros do STF e articulação contra o voto impresso.",assunto o ciar trazer parir o presidente entregar pen- drive parir o esquerdo armar e articular cair o casar o lixo stf o missar 1/3.mensagem encaminhar botão dourar ministro umar copiar vídeo daniel chantagear dificil conseguir eagora votar o ciar algum dólar comprar cópia vídeo “ daniel ” chantagem ministro stf o presidente bolsonaro receber mão cópia outro e ministro voto auditáveis,política,08/07/2021,"
Edgard Matsuki ",https://www.boatos.org/politica/cia-entregou-para-bolsonaro-pen-drive-com-denuncias-contra-esquerda-stf.html,0
9327,Coronavírus: Que medidas as escolas podem adotar para proteger as crianças?,As escolas devem estar atentas para alunos com sintomas compatíveis com a gripe e informar a seus alunos sobre os métodos de prevenção ao coronavírus. ,ensinar método prevenção manter o ambientar limpar e ficar atento s criança algum sintoma medir importante adotadas escola país evitar levar criança doente s aula jean gorinchteyn infectologista instituto emílio riba afirmar importante pai participar proteção criança evitar levar filho sinal gripar escola gorinchteyn sugerir o medir o escola perceber criança sintoma semelhante o gripar informar o pai levar casar tratar informar hospital albert einstein escola atento o presença caso compatível gripe envolver aluno sala aula evitar o disseminação vírus respiratório rosana richtmann infectologista instituto infectologia emílio riba paulo e membro sociedade brasileiro infectologia afirmar criança vulnerável doença indicativo d haver ocorrência morte infectar o ano,ciência, 28/02/2020 20h26 , Por G1 ,https://g1.globo.com/bemestar/coronavirus/noticia/2020/02/28/que-medidas-as-escolas-podem-adotar-para-proteger-as-criancas.ghtml,1
9328,"

Gargarejo com água quente, sal e vinagre cura o coronavírus #boato 
","Boato – Fazer gargarejo com água quente, sal e vinagre pode curar o coronavírus. Antes de chegar até o pulmão, o vírus fica na garganta por até quatro dias, quando começam a tosse e dor na garganta. Com essa receita, ele é eliminado ali mesmo.",“ o corona vírus alcançar o pulmão permanecer garganta dia o o pessoa comedir o tossir e dor garganta tomar água e gargarejar água morno sal vinagrar o vírus eliminar espalhar informação salvar alguém informação ”,saúde,17/03/2020,"
Raiane Gonoli ",https://www.boatos.org/saude/gargarejo-agua-sal-vinagre-cura-coronavirus.html,0
9329,Interior ultrapassa a Grande São Paulo no número de mortes por covid-19  ,,o interior paulo ultrapassar o região paulo absoluto morte covid-19 acordar apresentar hoje governar paulista 5.612 pessoa morrer interior e 5.318 paulo crescimento diverso região melhorar sorocaba campino região adicionar leito trazer o necessidade endurecimento restrição e resultar alertar região valer ribeira ribeirão preto valer paraíba e piracicaba o secretário desenvolvimento regional marcar vinholi d apresentar mostrar o interior alcançar o capital caso covid-19 caso d região coordenador executivo centrar contingência paulo joão gabbardo afirmar o crescimento interior prever o crescimento morte interior semana,saúde,20/07/2020 13h29 ,"Do UOL, em São Paulo",https://noticias.uol.com.br/saude/ultimas-noticias/redacao/2020/07/20/interior-ultrapassa-a-grande-sao-paulo-no-numero-de-mortes-por-covid-19.htm,1
9330,É #FAKE que número de mortes por doenças respiratórias no Ceará em 2020 é menor que em 2019,"Mensagem foi compartilhada, inclusive, pelo presidente Jair Bolsonaro. Ela foi marcada como conteúdo falso nas redes sociais.",circular rede social mensagem afirmar o morte doença respiratório cear cair março e maio comparação o período o mensagem falso circular rede social d postar deputar estadual andré fernandes psl-ce e compartilhar presidente jair bolsonaro citar fonte o portal transparência registrar civil reunir cartório o postagem afirmar período haver 6.377 morte e 6.296 e perguntar o alar,brasil, 12/05/2020, Por G1 ,https://g1.globo.com/fato-ou-fake/coronavirus/noticia/2020/05/12/e-fake-que-numero-de-mortes-por-doencas-respiratorias-no-ceara-em-2020-e-menor-que-em-2019.ghtml,0
9331,Fala sobre pandemia teve mentira e indecência. E como chegar a US$ 1 mil  ,,o presidente jair bolsonaro errar o mão discursar abertura assembleia nação unir o o tratar ambientar transformar virtude vício errar mostrar falar o pandemia cometer o sandice citar quase morto lamentar o existência vítima desrespeitar e tolice o mundo o o mundo o brasil caso doença e morto eua frente o vítima fatal habitante taxar note-se o país topar negativar ranking g-20 obstante bolsonaro exaltar o suposto eficiência político enfrentamento pandemia o desmentir e maneiro oblíquo irresponsável voltar o esporte principal n temer atacar o político distanciamento social falar negacionista surpreso ninguém n dúvida sobrar pancada setores imprensar politizar o pandemia errar o único o fazê-lo acaso demitir ministro saudar e entregar o pastar o general cumpridor mau tarefar,política,23/09/2020 05h18 ,23/09/2020 05h18 ,https://noticias.uol.com.br/colunas/reinaldo-azevedo/2020/09/23/fala-sobre-pandemia-teve-mentira-e-indecencia-e-como-chegar-a-us-1-mil.htm,1
9332,Maia ataca ACM Neto por críticas a Doria: 'Fica com os bolsonaristas'  ,,o deputar federal rodrigar maio dem-rj publicar hoje série ataque o o presidente nacional dem acm neto ba o chamar oportunista e caráter xingamento vir acm criticar o governador paulo joão doria psdb e culpá-lo filiação vice-governador rodrigar garcia — ex-dem — o o psdb viçar bolsonaro neto ficar bolsonaristas e caráter comentário publicar maio postagem perfil oficial dem instagram chamar acm malandrar e voltar o casar político perder o respeitar ler xingamento publicar ex-presidente câmara,política,14/05/2021 18h10Atualizada em 14/05/2021 18h49 ,14/05/2021 18h10Atualizada em 14/05/2021 18h49 ,https://noticias.uol.com.br/politica/ultimas-noticias/2021/05/14/maia-ataca-acm-neto-por-criticas-a-doria-fica-com-os-bolsonaristas.htm,1
9333,"Em negociação para voltar ao PSL, Bolsonaro diz que decide até semana que vem  ",,negociação retornar o o psl eleger o presidente jair bolsonaro colocar o abril prazo definir futurar político atrasar outro esperar resolver afirmar o presidente manhã hoje converso apoiadores entrar palácio alvorar o chefe executivo falar o semestre ano passar converso integrante psl voltar o d negociar legendar passar afirmar namorar dono,política,19/04/2021 22h12 ,"Lauriberto Pompeu, colaboraram Camila Turtelli e Pedro Caramuru",https://noticias.uol.com.br/ultimas-noticias/agencia-estado/2021/04/19/em-negociacao-para-voltar-ao-psl-bolsonaro-diz-que-decide-ate-semana-que-vem.htm,1
9334,"

Pfizer anuncia hidroxicloroquina como antiviral contra a Covid-19 #boato 
","Boato – Pfizer anuncia antiviral oral contra Covid-19 que, na realidade, usa a hidroxicloroquina (cloroquina) como princípio ativo.",“ cloroquina funcionar ” “ comer haver prever o hipocrisia ganhar o oscar pfizer anunciar o antiviral oral tratamento viruschines reaparecer nome roupar e claro custar caro o remédio polêmico o hidroxicloroquina entrar jogar mão e dinheiro o big pharma sentir palhaço ouvir o esquerdo e o mídialixo afirmar o hidroxicloroquina funcionar repetir papagaio basear “ médico jornalista ” “ médico juiz ” “ médico político ” “ médico professorar ” médico estudar medicinar considerar especialista náusea hidroxicloroquina matar cair o fichar desserviço ajudar o propagar vidar salvo pessoa morrer e o doença insuflar e o viruschines ganhar dinheiro e quebrar derrubar o governar o acontecer o hidroxicloroquina chegar irar repetir bolsonarosempreteverazão e bolsonaroreeleito2022 fimdafraudemia tratamentoprecocecovid19 ”,saúde,05/05/2021,"
Kyene Becker ",https://www.boatos.org/saude/antiviral-pfizer-contra-covid-19-e-a-cloroquina.html,0
9335,Presidente da República e ministro da Saúde levam vacinas ao Acre,,"o presidente repúblico jair bolsonaro e o ministrar saudar eduardo pazuello embarcar manhã d quarta-feira 24/02 rumar o o acre prestar enfrentamento covid-19 e dengue e entregar dose extra vacinar o o governar ampliar estratégia controlo pandemia o semana o atingir enchente desafiar o situação sanitário região jair bolsonaro e eduardo pazuello o entregar o o total 21,9 dose 8,4 instituto butantan e 13,5 astrazeneca oxford previsto sobrvoos região alagar o conhecer in locar o situação o etapa distribuição vacinar o coronavírus definir fundir estratégico o região norte destinar total dose vacinar fase n lotar o acre dose fundir estratégico ampliar o imunização pessoa e ano",saúde,24/02/2021 12h19, ,https://www.gov.br/saude/pt-br/assuntos/noticias/presidente-da-republica-e-ministro-da-saude-levam-vacinas-ao-acre,1
9336,"Mourinho vê ""luz no fim do túnel"" com possível volta do Campeonato Inglês  ",,determinar o concluir o temporada atual significar jogo portão fechar josé mouro afirmar converso o retornar campeonato inglês parecer luzir túnel jogar jogo restante d temporada o futebol o premier league jogar futebol portão fechar gostar pensar o futebol portão fechar câmeras significar milhão e milhão assistir dia entrar n estádio vaziar vaziar maneiro algum o técnico tottenham entrevisto sky sports sentir futebol preferir sentir mundo achar sentir o futebol mundo paciente lutar lutar acrescentar o objetivo discutir e elaborar planar retomar o competição apesar pandemia coronavírus o ligar realizar reunião amanhã vídeo representante clube acordar o the guardian,saúde,30/04/2020 08h57 ,30/04/2020 08h57 ,https://www.uol.com.br/esporte/futebol/ultimas-noticias/2020/04/30/mourinho-sobre-possivel-retorno-da-premier-league-luz-no-fim-do-tunel.htm,1
9337,verdade maridar ensaiar fotográfico o esposo grávido,,o imagem compartilhar o redar social o outubro e mostrar homem barrigudo posar comer o umar gestante ensaiar fotográfico,entretenimento,21/10/2020,gilmar lopes,https://www.e-farsas.com/e-verdade-que-um-marido-fez-um-ensaio-fotografico-no-lugar-da-esposa-gravida.html,0
9338,"
  O vídeo em que um político é jogado dentro de esgoto é uma encenação ","Algumas semanas antes das eleições municipais marcadas para 15 de novembro, usuários passaram a compartilhar um vídeo que parece mostrar um político sendo jogado dentro de um esgoto a céu aberto por não cumprir uma promessa de campanha. Mas, embora muitos tenham parabenizado os moradores pela suposta atitude, trata-se de uma encenação produzida por um grupo comunitário brasileiro que cria vídeos fictícios para refletir problemas locais.Envie-nos por WhatsApp Email",“ vereador cumprir promessa o o população ” texto acompanhar o gravação publicação visualizar milhão instagram o dia outubro vídeo homem camisa social andar empobrecido acompanhar mulher e criança e ouvir “ água lixar entulhar descer e ficar o gente resolver ” seguir texto indicar o homem retornar o o ano imagem morador mostrar o problema resolver e empurrar o supor político esgotar o céu aberto “ certo mostrar esquecer falso promessa ” comentar usuário postagens,brasil,21/10/2020 às 22:28,"AFP Quênia, Mary Kulundu",https://checamos.afp.com//o-video-em-que-um-politico-e-jogado-dentro-de-esgoto-e-uma-encenacao,0
9339,O É DA COISA: Mitos e mitologias que consagram os incompetentes no país  ,,chegar o horar o óbvio voltar quartar militar,política,11/08/2020 20h16 ,11/08/2020 20h16 ,https://noticias.uol.com.br/colunas/reinaldo-azevedo/2020/08/11/o-e-da-coisa-mitos-e-mitologias-que-consagram-os-incompetentes-no-pais.htm,1
9340,Ozônio: Prefeito de Itajaí-SC fala em tratamento com aplicação pelo ânus  ,,volnei morastoni mdb prefeito itajaí sc afirmar live estudar o possibilidade oferecer tratamento aplicação ozônio ânus o paciente infectar coronavírus,saúde,04/08/2020 08h54 ,04/08/2020 08h54 ,https://noticias.uol.com.br/videos/2020/08/04/ozonio-prefeito-de-itajai-sc-fala-em-tratamento-com-aplicacao-pelo-anus.htm,1
9341,Lei para furar fila da vacina sugere acordo sujo de Bolsonaro com Congresso  ,,o projeto o iniciativo privar furar o filar vacinação o covid-19 crime o saudar público o caro elite brasileiro e autoridade omitir pandemia o presidente câmara arthur lira pp-al n laboratório vender vacinar governo o brasil redar público capaz acionada imunizar o população faltar vacinar chegar o conta-gotas país permitir o iniciativo privar competição o governar adquirir imunizante prejudicar pessoa prioritário e pobre,política,07/04/2021 09h53 ,07/04/2021 09h53 ,https://noticias.uol.com.br/colunas/kennedy-alencar/2021/04/07/lei-para-furar-fila-da-vacina-sugere-acordo-sujo-de-bolsonaro-com-congresso.htm,1
9342,bandeiro líbano projetada o pirâmide egito solidariedade s vítima beirute,,"paralelamente umar determinar foto mostrar o bandeirar líbano projetada o pirâmide gizé o egito viralizando 1,2,3 o motivar o alegação o egito solidariedade o vítima tragédia beirute",entretenimento,4/08/20204,marco faustino,https://www.e-farsas.com/bandeira-do-libano-foi-projetada-nas-piramides-do-egito-em-solidariedade-as-vitimas-em-beirute.html,0
9343,"

Maria do Rosário diz que Rota errou ao matar 11 bandidos em Guararema (SP) #boato 
","Boato – Deputada Maria do Rosário afirmou que Rota errou ao matar 11 bandidos, porque eles não tiveram chances de se defender",“ maria rosário roto errar matar bandido tentativo assaltar o banco … .ela bandido o chance revidar … … tá louco … ”,política,09/04/2019,"
Kyene Becker ",https://www.boatos.org/politica/maria-do-rosario-rota-guararema.html,0
9344,É #FAKE que vídeo mostre vertedouro da Barragem de Três Marias,"Imagens têm circulado com legenda falsa. Vídeo mostra, na verdade, abertura de válvula na Usina Hidrelétrica do Funil, no Rio de Janeiro.",circular rede social vídeo mostrar o sair impressionante quantidade água válvula usina hidrelétrica texto acompanhar imagem afirmar o barragem maria minar gerar abrir o vertedouro ano o legendar o rir francisco superar o cheio o vídeo gravar verdade usina hidrelétrica funil localizar itatiaia rir janeiro dia março d ano acordar o empresar furna energia imagem mostrar o abertura válvula difusor represo o empresar afirmar o abertura procedimento operacional duro e minuto testar periódico equipamento o objetivo limpar o o água passar chegar s turbina hidrelétrica gerar energia milhar consumidor região sul rir janeiro,brasil, 09/03/2020, Por G1 ,https://g1.globo.com/fato-ou-fake/noticia/2020/03/09/e-fake-que-video-mostre-vertedouro-da-barragem-de-tres-marias.ghtml,0
9345,"É #FAKE que William Shakespeare, primeiro vacinado contra a Covid no Reino Unido, morreu por causa da vacina",Hospital reforça que a morte do paciente de 81 anos 'não teve absolutamente nada a ver com a vacina'. 'Ele infelizmente sofreu um derrame'.,circular rede social mensagem sugerir william shakespeare homem o vacinar o covid-19 reinar unir morrer causar vacinar shakespeare ano batizado homenagem o o famoso dramaturgo morrer causar derramar e causar vacinar procurar g1 o assessoria imprensar university hospitals coventry and warwickshire informar o morte paciente absolutamente o o vacinar infelizmente sofrer derramar,mundo, 01/06/2021," Por Roney Domingos, G1 ",https://g1.globo.com/fato-ou-fake/coronavirus/noticia/2021/06/01/e-fake-que-william-shakespeare-primeiro-vacinado-contra-a-covid-no-reino-unido-morreu-por-causa-da-vacina.ghtml,0
9346,"Sociedade reagiu a governo antivacina, diz Mandetta um ano após demissão  ",,o ex-ministro saudar luiz henrique mandetta afirmar hoje apesar o governar federal flertado o movimentar antivacina comedir pandemia covid-19 o sociedade reagir mostrar o necessidade imunizante o verdade gradativamente impor mandetta falar o lutar governar estabelecer funcionar mentir mundo o o ex-ministro comentário durante entrevisto globonews ano demitir presidente jair bolsonaro apoiadores fervoroso o vacinar espalhar fake news esperar horar tomar opinar mandetta o tendência verdade irar aparecer o país colher fruto confiar ciência afirmar e ruim o brasil encabeçar completar,saúde,16/04/2021 23h55 ,16/04/2021 23h55 ,https://noticias.uol.com.br/saude/ultimas-noticias/redacao/2021/04/16/sociedade-reagiu-a-governo-antivacina-diz-mandetta-um-ano-apos-demissao.htm,1
9347,jornal alemão publicar charge morte aplaudir o atitude bolsonaro,"será verdade que um jornal alemão publicou uma charge da morte aplaudindo, ao lado do coronavírus, as atitudes do presidente jair bolsonaro?",o imagem espalhar rede social março e n ilustração humorístico representação dono morte o o coronavírus aplaudir o discursar presidente brasileiro jair bolsonaro o o surtir covid-19,saúde,29/03/2020,gilmar lopes,https://www.e-farsas.com/jornal-alemao-publicou-charge-da-morte-aplaudindo-as-atitudes-de-bolsonaro.html,0
9348,"

OAB entrou com um processo para o licenciamento anual (Taxa GRT) cair de R$ 202,55 para R$ 57,87 #boato 
",Boato – A Ordem dos Advogados do Brasil (OAB) entrou com processo contra o estado para diminuir o valor do licenciamento anual de veículos (Taxa GRT).,"“ assunto interessar proprietário veículo o taxar grt o licenciamento anual r$ 202,55 oab entrar processar o cobrança indevido haver vistoriar veículo respostar dia 19/01 o tx cair r$ 57,87 o emissão crlv ”",brasil,18/01/2019,"
Hellen Bizerra ",https://www.boatos.org/brasil/oab-processo-licenciamento-taxa-grt.html,0
9349,"Sem apresentar evidências, texto sugere que governadores e prefeitos usam a pandemia para driblar a lei",,publicação feito blog e compartilhar rede social misturar verídico e s sugerir atuação fiscalizar público e desvio dinheiro apresentar evidência texto governador e prefeito driblar o lei contrato firmar licitação,saúde,2020/04/24,Comprova,https://projetocomprova.com.br/publicações/sem-apresentar-evidencias-texto-sugere-que-governadores-e-prefeitos-usam-a-pandemia-para-driblar-a-lei/,0
9350,É #FAKE que Lula doou R$ 25 milhões ao grupo Hamas,"Doação, ocorrida em 2010, foi, na verdade, para a Autoridade Nacional Palestina, que é controlada pelo Fatah. Ajuda humanitária para reconstrução de Gaza envolveu outros países, com a promessa de US$ 5,4 bilhões.",circular rede social print página diário oficial acompanhar legendar o ex-presidente lula doar r$ milhão o terrorista hamas o página mostrar o lei 12.292 julho autorizar o governar o doar r$ milhão autoridade nacional palestino o reconstrução gaza o lei fato promulgar o dinheiro doar o o hamas e autoridade nacional palestino o autoridade nacional palestino presidir mahmoud abbas fatah opositor hamas morto o presidente anp yasser arafat antecessor abbas filiar o o fatah,política, 14/05/2021," Por Roney Domingos, G1 ",https://g1.globo.com/fato-ou-fake/noticia/2021/05/14/e-fake-que-lula-doou-r-25-milhoes-ao-grupo-hamas.ghtml,0
9351,Governo Federal investe R$ 335 milhões para ampliar o cuidado e prevenção à prematuridade,,"o governar federal investir r$ milhão ampliar o cuidar s gestante e recém-nascidos prematuridade “ junto prematuro – cuidar futurar ” iniciativo visar fortalecer ações qualificação cuidar neonatal brasil o medir ocorrer alusão o o ‘ novembro roxo ’ prevenção prematuridade país o objetivo sensibilizar o sociedade tornar temer e ampliar o acesso redar materno infantil sus o anúncio ministrar saudar eduardo pazuello durante cerimônia quinta-feira o evento contar o presença ministro mulher família e direito humano damares alves “ o equipar único saudar unir junto n missão sus orgulhar o brasil investimento cuidar materno infantil representar cuidar atenção e caro mãe pai e criança saudar atentar cuidar integral o descobrimento gravidez o e pós-parto o trabalhar sus ” destacar o ministrar saudar eduardo pazuello recurso cercar r$ 324,5 milhão destinar readequação maternidade país o verba utilizar melhorar o estruturar ampliar o acesso e qualificar o atendimento d serviço assistência e acompanhamento o gestante e recém-nascidos durante o pandemia covid-19 país o medir publicar portar nº 3186,nesta sexta-feira 27/11",saúde,26/11/2020 19h52, ,https://www.gov.br/saude/pt-br/assuntos/noticias/governo-federal-investe-r-335-milhoes-para-ampliar-o-cuidado-e-prevencao-a-prematuridade,1
9352,Responsável por centralizar medidas de combate ao coronavírus na Funai é exonerada, 31/03/2020 18h44 ,pandemia coronavírus e o agravamento crise sanitário brasil o ministério justiçar exonerar o responsável centralizar medir combater covid-19 fundação nacional índio funai trata-se erli heleno gonçalves coordenadora-geral promoção direito social diretoria desenvolvimento sustentável funai o sair erli gonçalves ocorrer dia escolhido presidente funai marcelo augusto xavier silvar o responsável conduzir e padronizar medir protetivas o índio propagação coronavírus país “ solicitar informação gerar unidade regional relativo o o coronavírus passar o centralizar coordenação promoção direito social análise e padronização ações enfrentamento situação emergencial ” determinar o circular funai publicar ultimar março,política, 31/03/2020 18h44 , ,https://g1.globo.com/politica/blog/matheus-leitao/post/2020/03/31/responsavel-por-centralizar-medidas-de-combate-ao-coronavirus-na-funai-e-exonerada.ghtml,1
9353,"
  Aumento repentino de votos pró-Biden em Michigan foi um erro humano depois corrigido","Dois mapas em que se vê um aumento repentino de mais de 130 mil votos a favor do candidato democrata à Presidência dos Estados Unidos, Joe Biden, em Michigan foram compartilhados mais de 5 mil vezes em redes sociais desde 4 de novembro, assegurando que se trata de uma evidência de fraude na eleição. No entanto, o aumento foi causado por um erro humano, quando um zero foi acrescentado acidentalmente enquanto os votos eram apurados. O erro foi corrigido rapidamente.",“ fraudar o computar 138.000 voto biden michigan trump vencer margem d lotar voto nenhumzinho outro candidatar impossível trump judicializar michigan ” escrever usuário twitter o o publicar tabelar o contagem voto michigan “ joe biden voto consecutivo michigan nicolas madurar ousar manipulação ” publicação redar social o alegação circular amplamente facebook e instagram postagens inglês e espanhol o postagem localizar afp referência o tentativo fraudar democrata tuíte publicar comentarista político texas manhã novembro,política,6/11/2020 às 15:57,"Louis Baudoin-Laarman, AFP Estados Unidos",https://checamos.afp.com//aumento-repentino-de-votos-pro-biden-em-michigan-foi-um-erro-humano-depois-corrigido,0
9354,"Flávio Bolsonaro depõe pela 1ª vez ao MP, mas esposa dele não comparecerá  ",,teleconferência o senador flávio bolsonaro republicanos-rj prestar depoimento hoje investigação ministério público apurar supor esquema rachadinha gabinete deputar estadual alerj assembleia legislativo rir haver manifestar escrever noto o defeso fato esclarecido e fernanda bolsonaro esposo parlamentar ouvir o conteúdo audiência segredar justiçar e revelar o defeso senador reafirmar flávio bolsonaro praticar irregularidade e confiar justiçar trecho noto emitir advogar luciana pirar o mp-rj ministério público rir rastrear depósito r$ espécie fabrício queiroz ex-assessor flávio presar contar fernanda bolsonaro,política,07/07/2020 20h50 ,Herculano Barreto Filho,https://noticias.uol.com.br/politica/ultimas-noticias/2020/07/07/flavio-bolsonaro-depoe-pela-1-vez-ao-mp-mas-esposa-dele-nao-comparecera.htm,1
9355,Bolsonaro distorce dados de emprego e repete suspeitas sem base sobre urnas  ,,o presidente jair bolsonaro distorcer suar live hoje 1º sobrar emprego e voltar o levar suspeito base sobrar o urna eletrônicas falar fraudável bolsonaro manipular e omitir caged cadastrar desempregar e empregar umar base governar parir inflar o desempenhar governar o o anterior e o o insinuar irregularidade o eleitoral o presidente ignorar haver provar fraude o eleição brasileiro o votar eletrônico passar o utilizar bolsonaro defensor votar impresso o o uol conferir checar,política,01/07/2021 21h12Atualizada em 01/07/2021 22h20 ,Juliana Arreguy e Beatriz Montesanti,https://noticias.uol.com.br/confere/ultimas-noticias/2021/07/01/checagem-live-bolsonaro-voto-impresso-urna-eletronica-empregos.htm,0
9356,Ex-Anvisa alerta para ações do governo pré-decreto de privatização do SUS  ,,o decretar governar federal pedir estudo avaliar o concessão ubss unidade básico saudar iniciativo privar preocupante ações trazer indefinição o futurar sus único saudar o avaliação médico sanitarista gonzalo vecina neto fundador anvisa agência nacional saudar público e especialista saudar público ficar preocupar o decretar si o tornar d ficar olhar ações governar saudar coleção deus o trás d afirmar vecina professor faculdade saudar público usp universidade paulo o texto assinar presidente jair bolsonaro e ministrar economia paulo guedes e publicar diário oficial união hoje repercussão negativo o presidente decidir revogar o decretar,política,28/10/2020 18h56 ,Lucas Borges Teixeira,https://noticias.uol.com.br/saude/ultimas-noticias/redacao/2020/10/28/plano-governo-privatizacao-sus-ligar-pontos-ex-anvisa-vecina.htm,1
9357,É falso que João Doria tomou vacina chinesa contra a covid-19,,o o contrário escrever twitter pré-candidato o vereador o governador paulo coronavírus tomar o vacinar farmacêutico sinovac biotech teste,saúde,2020/08/13,Comprova,https://projetocomprova.com.br/publicações/e-falso-que-joao-doria-tomou-vacina-chinesa-contra-a-covid-19/,0
9358,"Renan Calheiros sobre Lula: ""Tenho uma relação normal""  ",,o senador renan calheiros mdb-al relator cpi covid afirmar hoje normal o ex-presidente luiz inácio lula silvar pt apesar vestir comissão parlamentar inquérito oposicionista o o governar presidente jair bolsonaro renan comparar lula o parlamentar e desconversar o o questionar possibilidade apoiar o petista disputar presidência repúblico,política,03/05/2021 15h34 ,03/05/2021 15h34 ,https://noticias.uol.com.br/videos/2021/05/03/renan-calheiros-sobre-lula-tenho-uma-relacao-normal.htm,1
9359," Projeto de poços artesianos no Nordeste não é de Bolsonaro, mas de Temer  ",,circular rede social comemorar supor projeto governar jair bolsonaro psl acordar o texto iniciativo presidente o exército operação perfuração poço artesiano combater o seco nordeste o nordeste virar mar poço artesiano aberto exército publicar o mídia o o legendar anexar imagem caminhão exército motivo ódio e boicotar governador petistas nordeste bolsonaro acabar carro pipa justamente o voto tratar o gado deixando-os refém d bandido inescrupulosos pensar n completar o legendar,política,25/09/2019 04h00 ,Lucas Borges Teixeira,https://noticias.uol.com.br/confere/ultimas-noticias/2019/09/25/projeto-de-pocos-artesianos-no-nordeste-nao-e-de-bolsonaro-mas-de-temer.htm,0
9360,"

PT e PSOL assinaram documento que pede internacionalização da Amazônia ao G7 e Macron #boato 
","Boato – Alguns políticos dos partidos brasileiros PT e PSOL assinaram um documento enviado ao G7 pelo presidente da França, Emmanuel Macron, pedindo a internacionalização da Amazônia. Veja a lista dos nomes que concordaram com a “invasão”.",lista assinatura documentar encaminhar o o g7 macron medir internacionalização invasão amazônia e o acordar mercosul ue pasmar assinar o pedir o g7 “ tomar o amazônia brésil ” ordem guilherme boulos mtst glauber braga psol humberto costa pt vagner freitas cut gleisi hoffmann pt david miranda psol taliria petrone psol paulo pimenta pt joão pedrar stedlle mst o reportagem publicar jornal francês liberation julho 10:00h,política,29/08/2019,"
Raiane Gonoli ",https://www.boatos.org/politica/pt-e-psol-documento-internacionalizacao-da-amazonia.html,0
9361,"Bancos já estão subindo juros e reduzindo prazos de empréstimos, diz BC  ",,"o bc banco central identificar banco aumentar juro e reduzir prazo empréstimo o pandemia coronavírus o presidente instituição roberto campo neto medir tomar reforçar o caixa banco r$ 1,2 trilhão respostar o o processar elevação taxar o bc monitorando o mercar crédito conversar setores impactar banco médio e empresar pagamento checar existir algum problema repasse tomar medir e monitorando efeito d ações chegar pontar declarar campo neto entretanto o presidente bc detalhar medir tomar garantir banco oferecer crédito o cliente o estimativo crescimento mercar crédito reduzir 8,1 4,8 — quedo o confirmar o crescimento 6,5",saúde,26/03/2020 12h43 ,Antonio Temóteo ,https://economia.uol.com.br/noticias/redacao/2020/03/26/alta-de-juros-e-queda-de-prazo-para-cliente-ja-ocorre-diz-presidente-do-bc.htm,1
9362,"Países das Américas vão começar a receber vacinas pela Covax até o fim de fevereiro, diz Opas","Brasil faz parte da iniciativa, liderada pela OMS, que almeja distribuição mais equitativa de vacinas entre países ricos e pobres. 37 países americanos integram a Covax.",o diretora organização pan-americana saudar opar braço regional organização mundial saudar oms américas n quarta-feira país americano integrante covax facility começar o receber vacinar covid consórcio o fevereiro o brasil integrar o o covax iniciativo liderar oms e gavi o aliançar global vacinar garantir distribuição equitativo vacinar o covid país rico e pobre o intenção garantir dose o país imunizar o o população semana passar o covax haver anunciar o prazo fevereiro recebimento dose o diretora opar frisar dose e o disponibilidade vacinar covax sujeito aprovação emergencial oms o imunizante pfizer biontech receber aprovação,ciência, 10/02/2021 15h08 , Por G1 ,https://g1.globo.com/bemestar/vacina/noticia/2021/02/10/paises-das-americas-vao-comecar-a-receber-vacinas-pela-covax-ate-o-fim-de-fevereiro-diz-opas.ghtml,1
9363,"
  Didier Raoult não disse que a COVID-19 foi criada pela China e pelos EUA para “destruir” a África ","Uma mensagem, compartilhada milhares de vezes no Facebook desde 11 de maio, afirma que o infectologista francês Didier Raoult disse que a COVID-19 foi criada pelos EUA e pela China para provocar mais de 30 milhões de mortes na África. Contactado pela equipe de checagem da AFP, o Instituto Hospitalar Universitário de Marselha, dirigido por Raoult, negou que o médico tenha dado tal declaração. Além disso, cientistas afirmam que o novo coronavírus tem origem animal e não foi criado pelo homem.Envie-nos por WhatsApp Email",“ didier raoult declarar gostar o africano o coronavírus criar eua e chino o objetivo destruir o áfrico ” comedir publicação compartilhar facebook o dia maio o mensagem replicar postagens o doença objetivo provocar “ milhão ” morte continente africanar o texto viralizado afirmar o chino preparar “ lançar vírus ” e acusar “ cumplicidade ” bill e melinda gatar fundação alvo frequentar desinformação o suposto declaração raoult circular francês publicação compartilhar,saúde,18/05/2020 às 22:32,"Sadia Mandjo, AFP Brasil",https://checamos.afp.com//didier-raoult-nao-disse-que-covid-19-foi-criada-pela-china-e-pelos-eua-para-destruir-africa,0
9364,o supremo cortar canadá legalizar o sexo animar,,o notícia publicar pelar site olhar animal conseguir precisar o datar publicação e compartilhar o twitter vereador carlos bolsonaro o dia dezembro acordar o manchete o canadá legalizar o sexo animar e o texto explicar o supremo cortar d país decidir umar quinta-feira dia segundar o reportagem atos sexual entrar humanar e animar legar haver penetração,entretenimento,18/12/2019,gilmar lopes,https://www.e-farsas.com/a-suprema-corte-do-canada-legalizou-o-sexo-com-animais.html,0
9365,verdade o cigarrar curar o paciente coronavírus,será verdade que cientistas descobriram que o cigarro é eficaz no tratamento de vítimas do coronavírus?,o notícia começar o compartilhar rede social quinzena abril e afirmar pesquisador descobrir substância encontrar cigarrar efeito curativo paciente o covid-19 o suposto descobrir compartilhar usuário opção fácil e barato o epidemiar coronavírus verdade,saúde,23/04/2020,gilmar lopes,https://www.e-farsas.com/e-verdade-que-o-cigarro-pode-curar-os-pacientes-do-coronavirus.html,0
9366,"Eleições nos EUA: se Biden vencer, relação com Brasil será mais 'normalizada' e menos de 'compadres', diz ex-chefe do Conselho de Segurança Nacional da Casa Branca  ",,o democrata joe biden eleito presidente americano haver guinar brasil e país unir e via diplomático e institucional voltar o prioridade pessoal presidente o jair bolsonaro donald trump,política,06/11/2020 08h10 ,Marcia Carmo - De Buenos Aires para a BBC News Brasil,https://noticias.uol.com.br/ultimas-noticias/bbc/2020/11/06/eleicoes-nos-eua-se-biden-vencer-relacao-com-brasil-sera-mais-normalizada-diz-ex-chefe-do-conselho-de-seguranca-nacional-da-casa-branca.htm,1
9367,"

Hospital de campanha do Anhembi, em São Paulo, está vazio e sem pacientes #boato 
","Boato – Vídeos mostram que o hospital de campanha montado no Anhembi, em São Paulo, para receber infectados com a Covid-19 está vazio e sem pacientes.",hospital vaziar paulo hospital campanha anhembi vaziar e vc acreditar mentira governador hospital campanha anhembi vaziar passar o visitar politos e fiscalização passar tv e doria e cova mentiroso pinóquios hospital campanha anhembi vaziar colchão paciente e atendimento,saúde,05/06/2020,"
Edgard Matsuki ",https://www.boatos.org/saude/hospital-campanha-anhembi-sao-paulo-vazio-sem-pacientes.html,0
9368,Abin afasta servidor e anuncia processo a jornalistas em caso sobre Flávio  ,,o diretor-geral abin agência brasileiro informação alexandre ramagem informar servidor afastar suspeito falsear e vazar informação relativo o suposto atuação agência o senador flávio bolsonaro republicanos-rj o filhar presidente jair bolsonaro noto manhã d quarta-feira o gsi gabinete segurança institucional presidência o abin subordinar afirmar haver forte indício participação servidor falsear o verdade e repassar informação imprensar ... ler íntegro folhar,política,07/04/2021 18h28 ,07/04/2021 18h28 ,https://noticias.uol.com.br/colunas/reinaldo-azevedo/2021/04/07/abin-afasta-servidor-e-anuncia-processo-a-jornalistas-em-caso-sobre-flavio.htm,1
9369,"

Suécia acertou ao não fazer isolamento social (quarentena) para combater o coronavírus #boato 
",Boato – Publicações em redes sociais exaltam o modelo de enfrentamento à Covid-19 adotado pela Suécia e afirmam que não fazer o isolamento social é a melhor opção para combater o coronavírus. ,“ o suécio o único país mundo acertar combater o o coronavírus fechar e proibir e pesquisador harvard certo relatório universidade harvard epidemiologista e imunologista investigar isolamento total sociedade afetará o disseminação covid-19 o longo prazo ” “ suécio aderir o isolamento e domingueiro chegar e notícia importante o cenário nacional e internacional hoje destacar especial o suécio lidar o situação … … conferir ” “ o suécio chegar picar curvo e fase diminuição contágio fechar empresar e obrigar o quarentenar ”,mundo,16/04/2020,"
Kyene Becker ",https://www.boatos.org/mundo/suecia-acertou-nao-fazer-isolamento-quarentena-coronavirus.html,0
9370,Adiamento do Enem 2020 pode ser votado no Senado nesta terça (19),"Projeto de lei, de autoria da senadora Daniela Ribeiro (PP-PB), prevê prorrogação da avaliação e de vestibulares, por causa da pandemia do novo coronavírus. ",o senado votar n terça-feira o adiamento exame nacional ensinar médio enem e vestibular o projeto lei nº 1.277 senador daniela ribeiro pp-pb prever o prorrogação provar exame e atividades o acesso o o ensinar superior causar pandemia coronavírus segunda-feira o instituto nacional estudo e pesquisar educacional anísio teixeira inep organizar o aplicação enem afirmar datar provar imutável mantido o princípio novembro entidade estudantil universidade e colégio federar pedir o adiamento enem argumentar aluno pobre acesso o o ensinar remoto durante o período suspensão aula presenciar afirmar o calendário inicial alterar haver ampliação desigualdade social noto o inep ressaltar enfrentar o situação emergência saudar público causar pandemia coronavírus tomar decisão,política, 19/05/2020 08h33 , Por G1 ,https://g1.globo.com/educacao/enem/2020/noticia/2020/05/19/adiamento-do-enem-2020-pode-ser-votado-no-senado-nesta-terca-19.ghtml,1
9371,Brasil teve maior número de novos casos e mortes no mundo em uma semana  ,,"o brasil registrar o caso covid-19 e morte mundo dia organização mundial saudar revelar o brasil somar morte semana eua termo caso o brasil liderar caso período avaliar 141,4 eua americano continuar liderar absoluto o comedir crise 1,7 milhão caso brasil oficiar oms registrar 498,4 domingo noite o ministério saudar atualizou o país 514.849 diagnóstico",saúde,01/06/2020 07h20 ,01/06/2020 07h20 ,https://noticias.uol.com.br/colunas/jamil-chade/2020/06/01/brasil-teve-maior-numero-de-novos-casos-e-mortes-no-mundo-em-uma-semana.htm,1
9372,Casa Branca anuncia novo teste de Trump negativo para coronavírus  ,,o casar branco anunciar hoje donald trump passar testar covid-19 e o resultar negativar o presença coronavírus organismo presidente eua o informação publicar cnn americano o comunicar distribuir o correspondente casar branco assinar médico titular trump sean conley atestar n manhã o presidente testar novamente covid-19 utilizar e rápido testar o médico afirmar trump saudável e sintoma e o coleta amostrar levar minutar resultar apresentar minuto o presidente haver passar testar março passar dia recusar o o exame o pressão mídia americano notícia contato o secretário comunicação brasil fábio wajngarten testar positivar covid-19 pessoa participar comitiva jair bolsonaro o diagnóstico posteriormente,saúde,02/04/2020 18h36 ,02/04/2020 18h36 ,https://noticias.uol.com.br/internacional/ultimas-noticias/2020/04/02/casa-branca-anuncia-novo-teste-de-trump-negativo-para-coronavirus.htm,1
9373,Coaf não tem 180 conselheiros petistas que ganham mais de R$ 18 mil  ,,mensagem circular rede social explicar supor problema coaf controlo atividades financeiro o futurar governar jair bolsonaro psl o bolsonaro passar o órgão o o sérgio morar futurar ministrar justiçar e demitir petistas salário o real informar o mensagem porco morrer grito ... claro tá começar ficar firme canelar esquerdo q desestabilizar o governar o td instante concluir,política,20/12/2018 04h00 ,Lucas Borges Teixeira,https://noticias.uol.com.br/confere/ultimas-noticias/2018/12/20/coaf-nao-tem-180-conselheiros-petistas-que-ganham-mais-de-r-16-mil.htm,0
9374,umar menino hindu queimar vivo madhya pradesh o umar igreja cristão,,o vídeo o linchamento umar jovem aparecer o whatsapp e o redar social o semana fevereiro n grupar pessoa apedrejar e jogar fogo umar mulher jovem e o texto acompanhar imagem chocante afirmar o moço hindu e queimar viver pelar fato o umar reunião umar igreja cristão,entretenimento,2/03/20192,gilmar lopes,https://www.e-farsas.com/uma-menina-hindu-foi-queimada-viva-em-madhya-pradesh-por-ir-a-uma-igreja-crista.html,0
9375,Portugal é estimulado a buscar ajuda internacional conforme mortes por covid-19 batem recorde  ,,o governar portugal estimular o transferir paciente covid-19 país n terça-feira conformar morte doença atingir alto recordar e o fornecimento oxigênio hospital região lisboa falhar contar excessivo fatalidade covid-19 horar chegar o o recordar trazer o total país 653.878 caso e 11.012 morte o país o médio semanal caso e morte milhão pessoa acordar o ourworldindata.org o hospital município amador transferir paciente unidade saudar capital noite terça-feira o pressão oxigênio suficiente paciente noto instituição,saúde,26/01/2021 21h12 ,26/01/2021 21h12 ,https://noticias.uol.com.br/ultimas-noticias/reuters/2021/01/26/portugal-e-estimulado-a-buscar-ajuda-internacional-conforme-mortes-por-covid-19-batem-recorde.htm,1
9376,Novos casos de coronavírus voltam a patamares de dois meses atrás nos EUA  ,,o pandemia coronavírus unir indício onda afetar o país o covid-19 acumular caso região nordeste território norte-americano inicialmente o york o afetado o epidemiar encaminhar o sul e o oeste o evidente evolução epidemiar o caso contaminar chegar o patamar o coronavírus mostrar picar curvo contaminação universidade americano johns hopkins divulgar hoje o pessoa diagnóstico positivar o covid-19 horar 34.700 o marcar diário ultrapassar hoje dia abril 36.000 pessoa contaminar estatístico pandemia unir mostrar caso aumentar haver semana apresentar quedo semana seguir,saúde,24/06/2020 13h01 ,24/06/2020 13h01 ,https://noticias.uol.com.br/internacional/ultimas-noticias/2020/06/24/novos-casos-coronavirus-eua.htm,1
9377,"

Tubarão branco é capturado em Mongaguá (SP) após devorar dois jovens na Praia Grande (SP) #boato 
","Boato – Em Praia Grande (SP), tubarão branco de quase 2 metros devora dois jovens e é capturado em Mongaguá (SP). Imagens mostram animal pego no litoral de São Paulo. ",tubarão branco capturar região mongagua o tubarão branco médio cercar m e capturar pescador feirar 12/01 confirmar adolescente sumir praia sábado 10/01 o surpreso resto mortal garoto detro estômago tubarão assassino oceano invadir litoral brasileiro o tubarão visto região,brasil,21/01/2020,"
Kyene Becker ",https://www.boatos.org/brasil/tubarao-branco-capturado-mongagua-jovens-praia-grande.html,0
9378,O que fazer sem salão na pandemia? Rodrigo Cintra tira dúvidas mais comuns  ,,"Muitos tutoriais na internet ensinam a mudar os fios para adotar um corte tendência ou uma nova coloração ou ainda dão dicas com técnicas que ajudam a alisar. E, na quarentena, tem muita gente se arriscando, tentando copiar esses tutoriais. Não paro de receber dúvidas por meio das redes sociais — e tem muito arrependimento. Por enquanto, confira as questões mais comuns que recebo. E peço que você tenha um pouquinho de paciência. Tudo isso vai passar e estamos juntos. Logo você vai poder fazer aquele corte ou transformação que sempre quis, mas não sozinha — e sim com seu cabeleireiro. Ao retocar a raiz do cabelo, com a tonalidade de sempre, a raiz fica mais escura. Por que isso acontece?No meio e nas pontas, o cabelo começa um processo de desbotamento. Quando a raiz é retocada, aquele pigmento que acabou de entrar está muito mais forte. Dica: se isso incomoda você, é possível clarear um tom (peça para seu cabeleireiro quando puder voltar no salão) e não vai sentir tanta diferença na próxima coloração. A progressiva, junto com as luzes, pode quebrar o cabelo?Antes de qualquer coisa, é preciso ficar atento à base química dessa progressiva. Se for alguma base de alisamento, como amônia, guanidina ou hidróxido de sódio, tem que ter cuidado, pois realmente, na descoloração, você pode ter algum problema de incompatibilidade química e o cabelo pode vir a quebrar.",saúde,26/05/2020 04h00 ,Rodrigo Cintra,https://www.uol.com.br/universa/noticias/redacao/2020/05/26/quarentena-rodrigo-cintra-esclarece-10-questoes-mais-comuns-sobre-cabelos.htm,1
9379,Lenta retomada da China indica rota difícil para economia global  ,,o frágil recuperação economia chino longo voltar o restar mundo série pesar mostrar o produção industrial gasto consumidor e investimento chino continuar o melhorar maio haver sinal amplo recuperação necessário estimular recuperação v. o preocupação o economia global o aparentar sucesso chino conter o coronavírus despertar confiança e rápido retornar atividade normal desafiar país preocupação agravar notícia surtir caso vírus pequim o despertar temor ressurgimento pandemia o experiência chino sugerir difícil voltar o economia global shaun roache economista-chefe s&p global ratings ásia-pacífico o o confiança consumidor chinês e empresar privar permanecer esperar recuperação semestre expectativa aumentar demandar reprimir frustrar,saúde,15/06/2020 08h00 ,Bloomberg News,https://economia.uol.com.br/noticias/bloomberg/2020/06/15/lenta-retomada-da-china-indica-rota-dificil-para-economia-global.htm,1
9380,Frente de prefeitos anuncia negociação de 30 milhões de doses da Sputnik V  ,,o consórcio conectar liderar frente nacional prefeito fnp anunciar n terça-feira tratativas o fundir soberano russo rdif o comprar milhão dose vacinar o covid-19 sputnik v. lote imunizante chegar semana o assinatura contratar o consórcio acontecer n mês.com município representar cercar 2/3 população país o conectar informar cercar milhão dose entregue maio e junho milhão dose restante chegar dezembro d ano ... ler íntegro agência,política,13/04/2021 14h22 ,13/04/2021 14h22 ,https://noticias.uol.com.br/colunas/reinaldo-azevedo/2021/04/13/frente-de-prefeitos-anuncia-negociacao-de-30-milhoes-de-doses-da-sputnik-v.htm,1
9381,Especialista diz que falha no Enem de 2019 é 'um dos erros mais graves' do Inep, 21/01/2020 13h16 ,"o diretor estratégia político organização educação joão marcelo borges acreditar o falho correção provar exame nacional ensinar médio enem “ erro grave ” história instituto nacional estudo e pesquisar educacional anísio teixeira inep o falho afetou quase candidato “ o o gente errar correção provar qualitativamente erro grave história inep afeta exatamente aspecto logístico segurança exame edição anterior o cernir d instrumentar o correção ” afirmar o diretor entidade produzir pesquisar o educação básico brasileiro o errar correção provar afetou 0,15 3,9 milhão estudante prestar o exame novembro ano passar corresponder exatamente o 5.974 prejudicar acordar o inep caso concentrar cidade alagoinhas ba viçoso mg ituiutaba mg e iturama mg",política, 21/01/2020 13h16 , ,https://g1.globo.com/politica/blog/matheus-leitao/post/2020/01/21/especialista-diz-que-falha-no-enem-de-2019-e-um-dos-erros-mais-graves-do-inep.ghtml,1
9382,Pesquisa brasileira não usou doses de cloroquina para matar pacientes  ,,pesquisador brasileiro aplicar dosagem letal cloroquina paciente covid-19 causar mau impressão o medicamentar tratamento o doença.tal alegação feito empresário americano mike coudrey página twitter abril e reproduzir dia canal papar conservador gustavo gayer youtube o vídeo visualização o publicação d texto e conteúdo amplamente compartilhar rede social,ciência,24/04/2020 18h28 ,"Do UOL, em São Paulo",https://noticias.uol.com.br/comprova/ultimas-noticias/2020/04/24/pesquisa-brasileira-nao-usou-doses-de-cloroquina-para-matar-pacientes.htm,0
9383,"

Genival Lacerda morreu nesta madrugada vítima da Covid-19 #boato 
",Boato – Faleceu na madrugada deste sábado (05/12/2020) Genival Lacerda. Cantor foi vítima da Covid-19 e morreu aos 89 anos.,morrer genival lacerda vítima covid-19 falecer madrugar d sábado 05/11/2020 hospital unimed recife o ano vítima covid-19 o cantor e compositor genival lacerda natural paraíba naturalizar e entitulado “ cidadão recifense”.nota falecimento acabar falecer madrugar d sábado 05/12/2020 hospital unimed recife o ano vítima covid-19 o cantor e compositor genival lacerda natural paraíba naturalizar e entitulado “ cidadão recifense ”,entretenimento,06/12/2020,"
Edgard Matsuki ",https://www.boatos.org/entretenimento/genival-lacerda-morreu-nesta-madrugada-covid-19.html,0
9384,Desenvolvimento Regional repassa verba para cobrir dívidas do Ibama e ICM  ,,"O Ministério do Desenvolvimento Regional (MDR) ofereceu um repasse de R$ 30 milhões de recursos de emergência da Defesa Civil, para que o Ministério do Meio Ambiente (MMA) cubra as dívidas de mais de R$ 25 milhões acumuladas pelo Ibama e o Instituto Chico Mendes de Biodiversidade (ICMBio). O Estadão apurou que a oferta foi feita diretamente pelo ministro do MDR, Rogério Marinho, ao ministro do MMA, Ricardo Salles. Com os recursos travados por causa do limite de gastos imposto pelo Ministério da Economia, Salles aceitou a oferta de Rogério Marinho. O repasse de emergência sairá da Secretaria Nacional de Proteção e Defesa Civil, que é vinculada ao MDR. A previsão é de que o recurso possa estar disponível em 48 horas.(...) Leia íntegra no Estadão.",política,22/10/2020 16h06 ,22/10/2020 16h06 ,https://noticias.uol.com.br/colunas/reinaldo-azevedo/2020/10/22/desenvolvimento-regional-repassa-verba-para-cobrir-dividas-do-ibama-e-icm.htm,1
9385,"

Lázaro Barbosa foi capturado e preso, mostra vídeo gravado de helicóptero #boato 
","Lázaro Barbosa foi capturado e preso, mostra vídeo gravado de helicóptero #boato",versão vídeo capturar serial killer lázaro barboza capturar o tardar hoje foragir o dia vídeo tentativo capturar serial killer lázaro barboza foragir o dia versão presar lázaro serial kiler versão lazarar capturar acabar receber vídeo versão lázaro capturar pagar o contar d aparato soltar suar 4a capturar o justiçar respeitar o cidadão pago imposto e respeitar o lei versão noticiar urgente lazarar entregar o policiar horrível lazarar presar noticiar urgente lazarar cercar policiar o manhã hoje dia 18/06/2021,brasil,18/06/2021,"
Edgard Matsuki ",https://www.boatos.org/brasil/lazaro-barbosa-foi-capturado-preso-mostra-video-de-helicoptero.html,0
9386,Justiça de SP determina que Roger Abdelmassih retorne à prisão  ,,o justiçar paulo determinar hoje o ex-médico roger abdelmassih retornar prisão adbelmassih cumprir regime domiciliar abril d ano causar pandemia coronavírus casar considerar riscar idade ano enfrentar problema saudar condenar o ano reclusão estuprar paciente o decisão assinar desembargador josé raul gavião almeida ater recurso ministério público paulista almeida argumentar cumprir o peno casar privilégio restrito o beneficiário regime aberto e o casar aplicar o o ex-médico o magistrado alegar problema coração viver ex-médico o cardiopatia d natureza prisional e saudar defeso tratar unidade prisional acrescentar o médico oficial recomendação tratar prisão o uol entrar contato o advogar abdelmassih obter retornar o publicação d texto,saúde,28/08/2020 23h24 ,28/08/2020 23h24 ,https://noticias.uol.com.br/cotidiano/ultimas-noticias/2020/08/28/justica-de-sp-determina-que-roger-abdelmassih-retorne-a-prisao.htm,1
9387,Novas doses da vacina vindas da Índia já estão na Fiocruz  ,,o remessar milhão dose vacinar oxford astrazeneca covid-19 instituto tecnologia imunobiológicos bio-manguinhos fiocruz passar conferência temperatura e integridade carga receber etiquetar informação português e amostrar encaminhar análise protocolo e liberação instituto nacional controlo qualidade saudar incqs fiocruz o processar ocorrer o o longo d terça-feira e o previsão dose pronto madrugar d quarta-feira processar entregue o o ministério saudar o avião o imunizante instituto serum índio aterrizou n manhã aeroporto internacional guarulhos paulo,saúde,23/02/2021 14h18 ,23/02/2021 14h18 ,https://noticias.uol.com.br/ultimas-noticias/agencia-brasil/2021/02/23/novas-doses-da-vacina-da-india-ja-estao-na-fiocruz.htm,1
9388,"

Fábio Jr. é internado após passar mal e não tem previsão de alta #boato 
","Boato – Após fala de Fiuk no BBB 21, o seu pai, Fábio Jr., foi internado e não tem previsão de alta. Ele passou mal.",fábio jr internar falir ‘ fiuk pobre ’ bbb21 o video fábio jr passar casar e internar s pressa e previsão alto fábio jr internar passar casar domingo cantor realizar série exame semana e previsão alto fábio jr internar previsão alto passar casar,entretenimento,05/05/2021,"
Edgard Matsuki ",https://www.boatos.org/entretenimento/fabio-jr-internado-apos-passar-mal-nao-tem-previsao-de-alta.html,0
9389,"

Lula se recusou a colocar flores no Memorial de Vítimas do Holocausto #boato 
",Boato – O ex-presidente Lula se recusou a colocar flores no túmulo que está no memorial das vítimas do Holocausto em Jerusalém (Israel).,gente o vídeo o lula florir túmulo ditador terrorista e negar o resar túmulo vítima dele(holocausto)o face tirar qdo o gente compartilhar lula recusar o colocar florir memorial vítima holocausto lula presidente israel e praxar autoridade colocar florir memorial homenagem s vítima holocausto recusar optar colocar florir túmulo arafat ideologia atrasar,política,16/03/2021,"
Edgard Matsuki ",https://www.boatos.org/politica/lula-se-recusou-colocar-flores-memorial-vitimas-holocausto.html,0
9390,"Mortes de pretos e pardos crescem mais que de brancos durante pandemia, mostram dados de cartórios  ",,"pessoa declarar preto pardo morrer causar natural branco durante o pandemia covid-19 doença respiratório causar coronavírus brasil acordar cartório divulgar n segunda-feira associação nacional registrador pessoa natural arpen-brasil reunir registro óbito feito cartório país o morte causar natural março e junho subir comparação o período pessoa declarar preto o subir 31,1 período e autodeclarados pardo o elevação 31,4 branco o aumentar morte natural 9,3 acordar comunicar arpen-brasil morte natural causar violência assassinato acidente trânsito acidente",saúde,13/07/2020 13h59 ,Eduardo Simões,https://noticias.uol.com.br/ultimas-noticias/reuters/2020/07/13/mortes-de-pretos-e-pardos-crescem-mais-que-de-brancos-durante-pandemia-mostram-dados-de-cartorios.htm,1
9391,umar fotografia mostrar dejetos humano lançar o mar navio cruzeiro,,entretanto o fotografia representar crime ambiental d formar “ dejetos humanar ” descartar navio cruzeiro descobrir o e-farsas,entretenimento,5/02/20195,marco faustino,https://www.e-farsas.com/uma-fotografia-mostra-dejetos-humanos-sendo-lancados-no-mar-por-um-navio-de-cruzeiro.html,0
9392,"Ex-prefeita, Luiza Erundina é vacinada contra a covid-19 em São Paulo  ",,ex-prefeita paulo o deputar federal luiza erundina psol-sp vacinar hoje o covid-19 capital paulista o ano começar o vacinar cidade drive-thru acordar o calendário organizar governar estadual o perfil oficial erundina rede social compartilhar foto vacinação acompanhar mensagem imunização vacinar luiza erundina vacinar o covid-19 vacinajá pic.twitter.com/ccd1jwxpdd,saúde,12/02/2021 15h42Atualizada em 12/02/2021 15h55 ,12/02/2021 15h42Atualizada em 12/02/2021 15h55 ,https://noticias.uol.com.br/saude/ultimas-noticias/redacao/2021/02/12/ex-prefeita-luiza-erundina-e-vacinada-contra-a-covid-19-em-sao-paulo.htm,1
9393,vídeo mostrar raro fenômeno atmosférico chamar raiar globular,,conferir o referir vídeo abaixar,entretenimento,11/01/2020,marco faustino,https://www.e-farsas.com/video-mostra-um-raro-fenomeno-atmosferico-chamado-raio-globular.html,0
9394,Papel higiênico agora é brinde cobiçado em Singapura e Hong Kong  ,,arriscar mundo brinde centro financeiro ásia caneta montblanc e carteiro couro moda papel higiênico e máscara cirúrgico definitivamente o presentar perfazer temor coronavírus covid-19 espalhar o região farmácia e supermercado hong kong e singapura comedir o ficar suprimento básico papel higiênico papel toalha desinfetante mão e especialmente máscara criar oportunidade provedor serviço financeiro procurar impressionar cliente e fortalecer o divisão singapura ig group provedor negociação online distribuir pacote máscara n95 m termômetros digitar e frasco antisséptico dettol o ig começar o distribuir brinde singapura elevar o alertar viral laranjo crítico o começar idear divertir administração rapidamente expandir e o equipar e cliente receber pacote escritório e correar brinde chegar certar banco distrito financeiro evacuar escritório e pedir funcionário trabalhar casar,saúde,14/02/2020 12h34 ,David Ramli e Abhishek Vishnoi,https://noticias.uol.com.br/saude/ultimas-noticias/redacao/2020/02/14/papel-higienico-agora-e-brinde-cobicado-em-singapura-e-hong-kong.htm,1
9395,cidade proibir o morador fofocarem parir evitar o disseminação rumor verdade,"uma história muito estranha, envolvendo uma pequena cidade nas filipinas, circulou em sites brasileiros e internacionais de notícias nas duas primeiras semanas de maio de 2019. foi mencionado, que autoridades da cidade filipina de binalonan teriam aprovado uma lei para proibir… a fofoca! sim, isso mesmo que vocês leram!",supostamente impedir o disseminação rumor cidade d fofoqueiro plantão sujeito o multar e o prestação serviço comunitário,política,13/05/2019,marco faustino,https://www.e-farsas.com/cidade-proibe-os-moradores-de-fofocarem-para-evitar-a-disseminacao-de-rumores-sera-verdade.html,0
9396,"
  Não há relação comprovada entre casos de paralisia facial e vacina da Pfizer contra covid-19","Em transmissão ao vivo feita no último dia 12 de dezembro no Facebook, o enfermeiro Anthony Ferrari Penza alerta que a vacina da Pfizer contra a covid-19 causa paralisia facial e choque anafilático. O vídeo teve 47 mil compartilhamentos até o momento. No entanto, essa afirmação é enganosa porque os casos de paralisia e alergias graves são numericamente baixos ao se considerar o total de pessoas que já tomaram a vacina sem ter qualquer tipo de reação adversa. Dados do ensaio clínico do imunizante apontam que somente quatro pessoas entre um pouco mais de 18.000 (ou 0,022%) desenvolveram paralisia facial, sem que fosse possível atribuí-la com certeza às vacinas.Envie-nos por WhatsApp Email",“ perigar perigar perigar vacinar covid causar paralisia facial avisar ” alertar o texto acompanhar ovídeo “ vir outro alertar população brasil ... cidadão vacinar pfizer paralisia bell ... vacinar existir pessoa defender pessoa chocar anafilático profissional saudar quase morrer cidadão paralisia bell imaginar vacinar pfizer coronavac o chino utilizar chino ... imaginar milhão e milhão e milhão brasileiro ” afirmar o enfermeiro vídeo o vídeo circular o brasil debater o vacinação o covid-19 deixar morto país e milhão infectar,brasil,22/12/2020 às 19:42,"AFP Brasil, AFP França",https://checamos.afp.com//nao-ha-relacao-comprovada-entre-casos-de-paralisia-facial-e-vacina-da-pfizer-contra-covid-19,0
9397,Procuradoria pede que MP apure se Crivella cometeu crime eleitoral  ,,o pre-rj procuradoria regional eleitoral pedir o promotoria eleitoral apurar o prefeito rir marcelo crivella republicano cometer algum ilícito eleitoral servidor comissionar prefeitura cercear o cobertura imprensar unidade saudar o determinação assinar procurador regional eleitoral silvano battini crivella pré-candidato reeleição cometer abusar político e conduta vedar o procuradoria regional eleitoral pedir o promotoria eleitoral avaliar ficar configurar abusar político e conduta vedar visto o potencial impactar processar eleitoral afirmar silvano batini o ministério público estadual atuação rápido combater o o crime entender conveniente analisar o o ótico eleitoral o casar distribuir promotor eleitoral mp-rj ministério público rir janeiro e avaliar haver elemento abrir investigação,política,01/09/2020 17h51 ,Igor Mello,https://noticias.uol.com.br/politica/ultimas-noticias/2020/09/01/procuradoria-vai-apurar-se-ha-crime-eleitoral-em-guardioes-de-crivella.htm,1
9398,Só China e Índia entre 48 países viram PIB crescer durante a pandemia  ,,"o sincronismo impacto pandemia covid-19 o mundo país chino e índio registrar crescimento econômico levantamento o desempenhar pib produto internar bruto país austin rating o economista-chefe agência classificação riscar alex agostini durante o crise financeiro abater mercar global o setembro economia ficar vermelhar o o confirmar estimativo banco mundial início junho divulgar projeções sinalizar o ano série o proporção país apresentar retração render per capitar o o 92,9 economia mundo dever registrar quedo o recordar anterior vestir pleno depressão 83,8 país virar o render per capitar cair terminar o guerra mundial europa e estima-se o pandemia gripar espanholar matar população mundial economia registrar perda render per capitar o banco mundial esperar retração 5,2 economia mundial trimestre o melhor desempenhar ficar o chino +11,5 o gigante asiático o único país mundo frente crise causar pandemia surgir o covid-19 virar ano o alto pib trimestre seguir o tombar trimestre antar o trimestre o índio país pandemia haver roubar o postar economia acelerar mundo chino trimestre crescimento 0,7 antar ano",saúde,02/09/2020 07h18 ,Vinicius Neder e Daniela Amorim,https://economia.uol.com.br/noticias/estadao-conteudo/2020/09/02/so-2-entre-48-paises-viram-pib-crescer.htm,1
9399,"Seis horas antes do fim do prazo, mais de 1 milhão ainda não tinham entregue IR, diz Receita","Prazo para entrega acaba às 23h59 desta terça (30). Expectativa da Receita é receber 32 milhões de declarações; 30,9 milhões de contribuintes entregaram até as 18h.","o receitar federal informar receber o 18h d terça-feira 30,9 milhão declaração impor render pessoa físico irpf o prazo o entregar acabar s 23h59 d terço e o expectativa receitar receber milhão declaração o multar o contribuinte o declaração entregá-la prazo mínimo r$ 165,74 o correspondente o impor dever o secretário especial receitar josé barroso toste neto n dia o receitar receber médio declaração horar",política, 30/06/2020 21h15 ," Por Ana Paula Castro, TV Globo — Brasília ",https://g1.globo.com/economia/imposto-de-renda/noticia/2020/06/30/seis-horas-antes-do-fim-do-prazo-mais-de-1-milhao-ainda-nao-tinham-entregue-ir-diz-receita.ghtml,1
9400,"

Governo iniciou cadastro do programa Auxílio Gás em site no WhatsApp #boato 
","Boato – O governo federal iniciou o cadastramento do programa Auxílio Gás 2020 em um site no WhatsApp. Para se cadastrar, é preciso compartilhar mensagem com amigos no aplicativo.","o governar federal o cadastramento programar auxílio gás família render o programar permitir família cadastrar receber r$ 90,00 o comprar gás doméstico conferir direito o o benefício o governar federal proporcionar auxílio família render o programar valer gás permitir família cadastrar receber periodicamente determinar equivalente o comprar gás r$ 90,00.responda o questionário abaixar e direito o o benefício família render atualmente alguem familia desempregado?sim possuir cartão cidadão realizar o sacar benefício?simnão direito o receber r$ 85,00!agora autenticar solicitação e confirmar sacar seguir passo abaixo:1 clicar compartilhar e avisar amigo whatsapp o benefício.2 compartilhar direcionado finalizar o processar e o datar saque.3 receber o confirmação o minuto compartilhar completar o barrinha",entretenimento,25/02/2020,"
Edgard Matsuki ",https://www.boatos.org/tecnologia/governo-iniciou-cadastro-programa-auxilio-gas-site-whatsapp.html,0
9401,"Estado do Rio de Janeiro vacinou 167,4 mil crianças contra a paralisia infantil",,"o rir janeiro vacinar o cercar 167,4 criança o poliomielite o corresponder o 20,5 público-alvo criança o ano idade o brasil cercar milhão criança vacinar o paralisia infantil o população-alvo estimar 11,2 milhão milhão 20,31 vacinar o pólio o conceito ‘ movimentar vacinar brasil proteção ’ o ação início outubro e encerrar simultaneamente campanha multivacinação visar atualizar o situação vacinal criança e adolescente ano n ofertar vacinar calendário nacional vacinação o recomendação o atingir o meter continuar o vacinação rotina oferecido durante o ano posto saudar distribuir país “ o brasil reafirmar o compromisso internacional assumir manter o país livrar poliomielite o realização campanha nacional vacinação o outubro entanto cobertura vacinar municipal heterogêneas levar o formação bolsão pessoa vacinar possibilitar o reintrodução poliovírus ” o secretário vigilância saudar arnaldo medeiro",saúde,26/10/2020 21h21, ,https://www.gov.br/saude/pt-br/assuntos/noticias/estado-do-rio-de-janeiro-vacinou-167-4-mil-criancas-contra-a-paralisia-infantil,1
9402,Brasil: 201 mortes por Covid-19  ,,o ministério saudar balançar morte e contaminação coronavírus brasil n terça-feira o óbito subir país dia teste detecção rápido o covid-19 desembarcar paulo vir chino,saúde,31/03/2020 23h56 ,31/03/2020 23h56 ,https://noticias.uol.com.br/videos/afp/2020/03/31/brasil-201-mortes-por-covid-19.htm,1
9403,"

Bolsonaro acabou se revelar esquema de José Dirceu e STF, CIA disse que ele ganhou no 1º turno e TSE anulou 7,2 milhões de votos de 2018 #boato 
","Boato – O presidente Jair Bolsonaro revelou esquema de chantagem de ministros do STF por José Dirceu. Quem trouxe a informação para ele foi a CIA, que também falou que Bolsonaro venceu em 2018 no primeiro turnos, mas urnas foram fraudadas. Por fim, o TSE informou que 7,2 milhões de votos foram anulados nas eleições de 2018.","o presidente bolsonaro acabar revelar o esquema envolver josé dirceu e algum ministro s t f. josé dirceu oferecer o encontro e filmar ultimamente vir algum togar tomar decisão parir rosar web alex mor barrir .etc o josé dirceu pressionar o togar o querer iriar jogar o filmagem parir o brasil e o mundo imaginar vc ministrar s t f sexo gay acordo traficante pressionar josé dirceu cometer arbitrariedade acabar bolsonaro o provar o mão e o togar lascar o diretor william burns ciar estevar brasília dia 01/07 parir conversar bolsonaro trazer informação sobrar o assunto vídeo sigiloso o ciar rastrear e sobrar o eleição fraudar bolsonaro ganhar o 1º turno milhão voto .. forjar o turno o diferençar bolsonaro gigantesco divulgar resultar falsar bolsonaro milhão o turno e semana o acontecer brasília cpi circo acabar dia 12/07 gravar acontecer 🇧 🇷 🇧 🇷 🇧 🇷 🇧 🇷 complementar tse informar 7,2 milhão voto anular pelar urna o diferençar voto levar vitória bolsonaro o turno milhão o tse obrigação esclarecer o motivo levar anulação 7,2 milhão voto representar 6,2 total o anulação acontecer votar papel permitir rasurar ambiguidade enviar parir contatos minutar o brasil inteirar desmascarar bandido quebrar o incauto precisar esclarecido antar tardar",política,12/07/2021,"
Edgard Matsuki ",https://www.boatos.org/politica/bolsonaro-acabou-se-revelar-esquema-jose-dirceu-stf-cia-disse-ganhou-1o-turno-tse-anulou-72-milhoes-votos-2018.html,0
9404,feirar chinês vender rato e morcego e o origem coronavírus verdade,um vídeo mostrando o que parece ser uma feira ao ar livre vendendo diversos animais como ratos e morcegos para o consumo humano seria a origem do coronavírus! será?,o vídeo minuto duração e espalhar rapidamente whatsapp e postagens rede social janeiro acordar o texto acompanhar imagem curioso feirar livrar chinês disseminar o coronavírus consumir animar rato e morcego vender n comércio,saúde,29/01/2020,gilmar lopes,https://www.e-farsas.com/feira-chinesa-vende-ratos-e-morcegos-e-e-a-origem-do-coronavirus-sera-verdade.html,0
9405,Gilmar chama de 'demagogia' movimento de Fux contra decisões individuais  ,,o presidente stf supremo tribunal federal luiz fux prometer atuação decisão individuar cortar o ministrar gilmar mendes reagir e cobrar coerência colega respeitar o inteligência alheio demagogia e olhar telhar vidrar participar n sexta-feira evento virtual realizar site conjur fux afirmar democratizar o stf decisão colegiadas gilmar responder o colega ... ler íntegro folhar,política,16/10/2020 16h21 ,16/10/2020 16h21 ,https://noticias.uol.com.br/colunas/reinaldo-azevedo/2020/10/16/gilmar-chama-de-demagogia-movimento-de-fux-contra-decisoes-individuais.htm,1
9406,glenn greenwald mentir sobrar receber o prêmio pulitzer,o jornalista do site the intercept glenn greenwald mentiu sobre ter ganhado o prêmio pulitzer de jornalismo?,semana julho precisamente dia o hashtag pulitzerdetaubaté ficar trending topics twitter assunto comentar n redar social o texto acompanhar jogar palavra cidade paulista associar o o antigo meme grávido taubaté sinônimo mentir afirmar o jornalista glenn greenwald receber prêmio pulitzer e invenção glenn,política,4/07/20194,gilmar lopes,https://www.e-farsas.com/glenn-greenwald-mentiu-sobre-ter-recebido-o-premio-pulitzer.html,0
9407,Atenção: a covid pode ser confundida com a dengue em crianças. E vice-versa  ,,o mosquito aedes aegyti sobrevoar terra dominar coronavírus confusão certo mínimo sintoma dengue vírus transmitir picar confundir sinal levantar o suspeito covid-19 existir o inverso médico esperar resultar teste confirmar covid-19 sequer cogitar o dengue condição agravar perigosamente e o lógico emaranhar conduzir o olhar diagnóstico direção errar frequentar criança e adolescente o infectologista andré cotio hospital infantil sabará paulo explicar o razão arbovirose infeccção passar insetos causar flavivirus aparentar diferente coronavírus contar dengue e covid-19 acabar manifestar maneiro similar provocar dor cabeça deixar músculo dolorido levar prostração e desencadear diarreia,saúde,02/02/2021 04h00 ,02/02/2021 04h00 ,https://www.uol.com.br/vivabem/colunas/lucia-helena/2021/02/02/atencao-a-covid-pode-ser-confundida-com-a-dengue-em-criancas-e-vice-versa.htm,1
9408,Bitcoin: golpe usando nome de Elon Musk dá prejuízo de R$ 3 milhões a investidor,"Com a expansão do mercado de bitcoins, o número de golpes aumentou.","sebastian contar lembrar perder o equivalente o r$ milhão real — raivar e vergonha o alemão cair golpe ofertar falso bitcoin postar contar falso twitter empresário elon musk sebastian acabar assistir o série netflix mulher deitar e o deixar sala mexer celular link evento postar contar parecer twitter empresário elon musk dono tesla haver cronômetro contagem regressivo e o site prometer o participante evento devolver dobrar o quantidade bitcoin moeda virtual investir o competição aparentemente conduzir equipar elon musk convidar pessoa o enviar 0,1 bitcoin cercar r$ o bitcoins aproximadamente r$ milhão e o equipar enviar voltar o dobrar quantiar",política, 17/03/2021 16h43 , Por BBC ,https://g1.globo.com/economia/noticia/2021/03/17/bitcoin-golpe-usando-nome-de-elon-musk-da-prejuizo-de-r-3-milhoes-a-investidor.ghtml,1
9409,'Hard seltzer': os perigos dos refrigerantes alcoólicos que estão na moda nos EUA,"A bebida, um refrigerante com 'baixo' teor de álcool, virou febre nos EUA e agora chega a vários países da América Latina.","o hard seltzers ficar atentar provável aparecer algum supermercado hard seltzers bebido composição principal água gaseificar sabor e álcool espécie refrigerante teor alcoólico — e — e concentração caloria unir moda o primaverar e o outonar bebido atrair 7,5 milhão consumidor e gerar us$ 1,5 bilião vender ano acordar o consultoria norte-americana nielsen cga fabricante mergulhar n negócio crescimento",ciência, 22/10/2020 11h00 , Por BBC ,https://g1.globo.com/ciencia-e-saude/noticia/2020/10/22/hard-seltzer-os-perigos-dos-refrigerantes-alcoolicos-que-estao-na-moda-nos-eua.ghtml,1
9410,"

Moro vendeu o inquérito sobre Bolsonaro e PF para Doria #boato 
",Boato – Foi descoberto o escândalo que todo mundo suspeitava. O ex-ministro da Justiça Sérgio Moro vendeu os inquéritos sobre interferência de Bolsonaro na Polícia Federal para o governador de São Paulo João Doria.,"ler explicar o razão bolsonaro declarar o seguinte frase “ pessoa o acontecer ministério justiçar ficar enojar ” brasileiro ficar chocar e triste sair morar ministério dever o expor abaixar o notícia mão investigar rádio e jornal o brasil e estrangeiro especificamente wall street journal of americas e o gazzeta delo sport e sair mídia provar colhido e confirmar fato fato comprovar o morar vender inquérito pf o doria bolsonaro d s 13:00 dia abril dia demissão morar reunião envolver o sr chefe abin ramagem o filhar carlos bolsonaro o sr helio supervisor secretariar casar civil e o sr ronald rhovald representante ciar brasil o princípio contrariar bolsonaro recusar o trocar o diretor pf valeixo o aceitação vir informacao morar receber o pagamento total prêmios us$ 70.000,00 inquérito vender bônus us$ 400.000,00 assessorar e integrante comissão total us$ 23.000.000,00 e milhão dólar empresar joão doria e joão amoedar o diretor abin descobrir o esquema delator assessor morar e concordar o prático o o obrigar o pedir exoneração cargo juntar morar notícia divulgar s 13:30 centrar imprensar combinou-se o morar pedir demissão bolsonaro o demitir o culpar ficar bolsonaro e morar o vantagem haver errar gentileza passar mensagem o pessoa conhecer o sujeira rondar o sr sérgio morar",política,05/05/2020,"
Edgard Matsuki ",https://www.boatos.org/politica/moro-vendeu-inquerito-sobre-bolsonaro-pf-doria.html,0
9411,"

Semáforo em São Paulo tem punho cerrado em homenagem ao comunismo #boato 
",Boato – O governador João Doria e o prefeito Bruno Covas resolveram mudar os semáforos na cidade de São Paulo e colocar um punho em homenagem ao comunismo.,pq cidade semáforo pedestre o símbolo comunismo?“esses semáforo prrcisam retirar ” absurdo av paulista semáforo o mão ferrar comunista issoooo punho comunista semáforo sp semáforo avenida paulista o símbolo comunismo o governador joão dório e o prefeito brunir cova impor o comunismo paulo absurdo,política,07/11/2020,"
Edgard Matsuki ",https://www.boatos.org/politica/semaforo-sao-paulo-punho-cerrado-homenagem-comunismo.html,0
