,Titulo,Subtitulo,Noticia,Categoria,Data,Autor,URL,Classe
7240,"Pandemia está em platô 'inaceitavelmente alto' de casos e mortes, diz chefe da OMS","Maioria das regiões apresenta indicadores em queda, mas ainda assim houve quase 90 mil mortes globalmente na última semana, alertou o diretor-geral Tedros Ghebreyesus.","o organização mundial saudar oms afirmar n segunda-feira o mundo platô caso e morte causar covid-19 quedo n indicador região incluir europa e américas afetadas coronavírus platô inaceitavelmente alto 5,4 milhão caso relatar covid-19 e quase morte semana passar o diretor-geral oms tedros adhanom ghebreyesus entrevisto coletiva país causar preocupação o índio sábado registrar morte covid-19 horar e infecção especialista acreditar oficiar subestimar o oms n segunda-feira o variante b.1.617 identificar primeiramente índio ano passar classificar dignar preocupação global",saúde, 10/05/2021 13h51 , Por G1 ,https://g1.globo.com/bemestar/coronavirus/noticia/2021/05/10/pandemia-esta-em-plato-inaceitavelmente-alto-de-casos-e-mortes-diz-chefe-da-oms.ghtml,1
7241,"Como será a missão do Perseverance, o robô explorador da Nasa que chega a Marte nesta quinta-feira","Equipado com câmeras, microfones, helicóptero e instrumentos para analisar rochas marcianas, Perseverance é o rover mais sofisticado já enviado ao espaço.",o robô explorador sofisticar enviar o o espaçar chegar o marte n quinta-feira 18/2 jornada quase milhão km julho o missão perseverance nasa agência espacial americano pousar superfície marciano o auxílio espécie guindar aéreo preciso sobreviver o chamar minuto terror o período entrar e descido atmosfera marciano o temperatura e o riscar missão anterior constatar tornar desertar gelar marte quentar o suficiente abrigar oceano água líquido,ciência, 18/02/2021 11h13 , Por BBC ,https://g1.globo.com/ciencia-e-saude/noticia/2021/02/18/como-sera-a-missao-do-perseverance-o-robo-explorador-da-nasa-que-chega-a-marte.ghtml,1
7242,cachorro viajar km parir morder ex-dono o abandonar,,o usuário o enviar endereçar referente o o site notícia “ rdfoco ” suar alegar o fonte informação seriar o “ g1 ” — o portal notícia globo,entretenimento,30/12/2019,marco faustino,https://www.e-farsas.com/um-cachorro-viajou-100-km-para-morder-seu-ex-dono-que-o-abandonou.html,0
7243,É #FAKE foto que mostra aluno de universidade federal apresentando dissertação sobre figurinhas de WhatsApp,Imagem que circula em redes sociais foi manipulada. Imagem real é de dissertação sobre pessoas com deficiência no mercado de trabalho. Instituição diz que foto tem como objetivo 'diminuir a importância da universidade pública'.,circular rede social o imagem estudante frente o tela projetada o imagem capar dissertação universidade federal itajubá o título o indiscriminado figura whatsapp e impactar social existir dissertação mestrado o nome o indiscriminado figura whatsapp e impactar social universidade federal itajubá o imagem circular rede social manipular o montagem criar o imagem real estudante instituição apresentar o trabalhar o pessoa deficiência e o mercar trabalhar – estudar microrregião itajubá,entretenimento, 22/10/2019, Por G1 ,https://g1.globo.com/fato-ou-fake/noticia/2019/10/22/e-fake-foto-que-mostra-aluno-de-universidade-federal-apresentando-dissertacao-sobre-figurinhas-de-whatsapp.ghtml,0
7244,"

FDA autorizou uso da hidroxicloroquina em todos os pacientes com Covid-19 nos EUA #boato 
","Boato – A FDA (Food & Drug Administration), agência norte-americana de regulação de remédios, liberou o uso da hidroxicloroquina para todos os pacientes com Covid-19. Novartis anunciou que tem resultados de pesquisas que comprovam a eficácia.","o fda o agência americano regulamentação remédio aprovar o hidroxicloroquina paciente o covid-19 o ceo novartis anunciar mão resultar pesquisar comprovar o hidroxicloroquina matar o vírus o empresar doar milhão dose o custar médio medicamentar mundo us$ 4,65 indicar o solução chegar gente gostar decisivo reverter o cenário apocalíptico prever semana e mudar o cursar d rir o fato o comedir o coronavírus politicamente agente político militar comandar instituição oms redações jornal notícia acima verdade desastre trás d continuar lucrar e enfatizar o politicamente o pânico e o desesperar o pensamento predominar “ o curar chegar rapidamente ” deus querer chegar",mundo,09/04/2020,"
Edgard Matsuki ",https://www.boatos.org/mundo/fda-autorizou-hidroxicloroquina-todos-os-pacientes-covid-19-eua.html,0
7245,É #FAKE que Bolsonaro demitiu o vice-presidente Hamilton Mourão,"Mensagem falsa circula na internet junto a recortes de jornal que falam sobre a relação entre eles. No entanto, Constituição diz que eleição do presidente da República importará a do vice-presidente com ele registrado.",circular rede social mensagem o presidente jair bolsonaro demitir o vice-presidente hamilton mourão o mensagem falso oficial jair bolsonaro demitir o traidor canalha e comunista mourão juntar legendar circular o print manchete jornal o globo o título descontentar mourão bolsonaro excluir viçar reunião ministro bolsonaro reunião ministerial terça-feira e deixar mourão o bolsonaro e o viçar piorar vazamento mensagem assessor mourão mencionar o possibilidade o chefe assumir o governar d o viçar vir alvo crítico presidente,política, 16/02/2021," Por Roney Domingos, G1 ",https://g1.globo.com/fato-ou-fake/noticia/2021/02/16/e-fake-que-bolsonaro-demitiu-o-vice-presidente-hamilton-mourao.ghtml,0
7246,Crivella erra ao falar sobre metodologia de pesquisas e apoio do PSL  ,,segunda-feira o prefeito rir janeiro e candidatar reeleição marcelo crivella republicano live mostrar vídeo gravar presidente jair bolsonaro crivella cancelar o participação sabatino folhar parceria uol dever o o ar n dia preferir rede social defender candidatura.na transmissão o prefeito criticar instituto pesquisar datafolha e ibope e principal adversário eleição o lupa checar declaração feito crivella conferir,política,05/11/2020 18h40 ,Da Agência Lupa,https://noticias.uol.com.br/confere/ultimas-noticias/2020/11/05/crivella-lupa-live.htm,0
7247,Municípios pressionam ministério para distribuir vacinas igualmente  ,,o cnm confederação nacional município emitir noto oficial pressionar o ministério saudar o comprar vacinar covid-19 o entidade o governar federal comprometer o comprar vacinar e distribuí-las igualmente o confederação nacional município cnm e entidade estadual município signatário presentar noto requerer o o governar federal providenciar o contratação vacinar reconhecido eficaz e seguro o covid-19 e assumir o responsabilidade distribuição unidade federação urgente e equânime coordenação ministério saudar e programar nacional imunização pni pedir o cnm noto oficial o ministério saudar reunião governador hoje e emitir noto oficial prometer valer o planar nacional imunização,saúde,08/12/2020 16h10Atualizada em 08/12/2020 16h31 ,08/12/2020 16h10Atualizada em 08/12/2020 16h31 ,https://noticias.uol.com.br/saude/ultimas-noticias/redacao/2020/12/08/municipios-pressionam-ministerio-para-distribuir-vacinas-igualmente.htm,1
7248,"Não podemos dizer que curados estão imunes ao coronavírus, alerta OMS  ",,"A chefe clínica das ações da OMS (Organização Mundial da Saúde) contra o novo coronavírus, Maria Van Kerkhove, afirmou hoje que ainda não há estudos suficientes que provem que as pessoas que se curaram da covid-19 estão imunes à doença. ""Neste momento, quatro meses depois do início desta pandemia, ainda não podemos dizer que a presença de anticorpos para o coronavírus significa que alguém está imune"", alertou Van Kerkhove durante coletiva da OMS. ""Não há nenhum estudo que relacione os anticorpos à imunidade."" A epidemiologista acrescentou, porém, que autoridades acreditam que aqueles que foram infectados terão ""algum tipo de proteção adicional"" contra a covid-19 em relação aos que não ficaram doentes. ""O que não sabemos neste momento"", explica, ""é o quão forte essa proteção é, se ela existe em todas as pessoas que foram infectadas e por quanto tempo ela dura"", disse Van Kerkhove.",saúde,27/04/2020 15h36Atualizada em 27/04/2020 15h42 ,27/04/2020 15h36Atualizada em 27/04/2020 15h42 ,https://noticias.uol.com.br/internacional/ultimas-noticias/2020/04/27/nao-podemos-dizer-que-curados-estao-imunes-ao-coronavirus-alerta-oms.htm,1
7249,É #FAKE que pai do presidente da OAB foi morto por integrantes da ALN,Mensagens com vídeo que circulam nas redes sociais misturam reportagens do Jornal Nacional com uma entrevista concedida por integrante da ALN à GloboNews dando a entender que grupo guerrilheiro matou Fernando Augusto de Santa Cruz Oliveira. Não é verdade.,circular rede social vídeo misturar trecho reportagem jornal nacional entrevisto ex-guerrilheiro globonews o entender fernando augusto santo cruz oliveira pai presidente oab felipe santo cruz justiçar integrante ação libertador nacional aln verdade fernando santo cruz oliveira aln o pai presidente oab militar movimentar estudantil e participar juventude universitário católico juc movimentar igreja reconhecer hierarquia eclesiástico integrar o ação popular ap organização esquerdo contrário o o regime caso mostrar vídeo referir o marcio leite toledo morto março e francisco jacques alvarenga morto junho o entrevisto integrante aln assumir participação justiçamento concedido o o repórter geneton moraes neto e exibir globonews depoimento carlos eugênio paz comandante militar aln falir fernando augusto santo cruz oliveira,brasil, 30/07/2019, Por G1 e O Globo ,https://g1.globo.com/fato-ou-fake/noticia/2019/07/30/e-fake-que-pai-do-presidente-da-oab-foi-morto-por-integrantes-da-aln.ghtml,0
7250,o simpsons prever o assassinato george floyd e o protesto o eua,,o imagem surgir o redar social o semana junho e mostrar cena retirar episódio série animar o simpsons algum d umar construção chamar e outro policial enforcar homem negro outro versão algum imagem o personagem clancy wiggum – chefe polícia cidade fictício springfield – o joelhar o nuca homem exatamente comer george floyd morto minneapolis maio,entretenimento,4/06/20204,gilmar lopes,https://www.e-farsas.com/os-simpsons-previram-o-assassinato-de-george-floyd-e-os-protestos-nos-eua.html,0
7251,OAB lança edital para vaga de Kassio no TRF1  ,,o ordem advogar brasil oab divulgar n segunda-feira orientação associar interessar ocupar o vago aberto tribunal regional federal 1ª região trf-1 brasília kassio nunes marcar deixar o cortar rumar o o supremo tribunal federal stf o cadeira reservar o membro advocacia e o escolher passar federal oab votar lista nome análise trf-1 o tribunal reduzir o candidato o escolher caber o o presidente jair bolsonaro inscrição recebido maio e junho o edital completar disponível site entidade requisito ocupar o vago notório jurídico reputação ilibar e ano atividade profissional comprovar,política,03/05/2021 16h34 ,03/05/2021 16h34 ,https://noticias.uol.com.br/ultimas-noticias/agencia-estado/2021/05/03/oab-lanca-edital-para-vaga-de-kassio-no-trf1.htm,1
7252,Veja o que é #FATO ou #FAKE nas declarações dos candidatos à Prefeitura do Rio na 4ª semana de campanha,"Frases foram ditas em redes sociais, no horário eleitoral e nas agendas diárias.",candidato prefeitura rir janeiro continuidade campanha eleitoral cidade n semana o registrar oficial candidatura postar rede social falar horário eleitoral tv e rádio e participar entrevisto e evento o equipar fato fake checar principal declaração durante o semana candidato aparecer numericamente frente pesquisar o ordem seguir o pesquisar ler marta rocha pdt “o brt licitar”,política, 23/10/2020," Por G1, O Globo, Extra, TV Globo, CBN, Valor e GloboNews ",https://g1.globo.com/fato-ou-fake/noticia/2020/10/23/veja-o-que-e-fato-ou-fake-nas-declaracoes-dos-candidatos-a-prefeitura-do-rio-na-4a-semana-de-campanha.ghtml,0
7253,Veja o que é #FATO ou #FAKE nas declarações dos candidatos à Prefeitura do Rio na 4ª semana de campanha,"Frases foram ditas em redes sociais, no horário eleitoral e nas agendas diárias.",candidato prefeitura rir janeiro continuidade campanha eleitoral cidade n semana o registrar oficial candidatura postar rede social falar horário eleitoral tv e rádio e participar entrevisto e evento o equipar fato fake checar principal declaração durante o semana candidato aparecer numericamente frente pesquisar o ordem seguir o pesquisar ler marcelo crivella republicano “ano passar durar precisar comprar equipamento parir o hospital chegar tomógrafos quebrar cidade olímpico tomógrafos quebrar”,política, 23/10/2020," Por G1, O Globo, Extra, TV Globo, CBN, Valor e GloboNews ",https://g1.globo.com/fato-ou-fake/noticia/2020/10/23/veja-o-que-e-fato-ou-fake-nas-declaracoes-dos-candidatos-a-prefeitura-do-rio-na-4a-semana-de-campanha.ghtml,0
7254,Veja o que é #FATO ou #FAKE nas declarações dos candidatos à Prefeitura do Rio na 4ª semana de campanha,"Frases foram ditas em redes sociais, no horário eleitoral e nas agendas diárias.",candidato prefeitura rir janeiro continuidade campanha eleitoral cidade n semana o registrar oficial candidatura postar rede social falar horário eleitoral tv e rádio e participar entrevisto e evento o equipar fato fake checar principal declaração durante o semana candidato aparecer numericamente frente pesquisar o ordem seguir o pesquisar ler marcelo crivella republicano “árabe esperar o brasil o jorge rachid secretário receitar federal inventar o impor igreja e o fernando haddad ex-candidato presidência repúblico o kit gay parir entrar o escola parir mudar o educação criança parir o papel umar família o educação filho”,política, 23/10/2020," Por G1, O Globo, Extra, TV Globo, CBN, Valor e GloboNews ",https://g1.globo.com/fato-ou-fake/noticia/2020/10/23/veja-o-que-e-fato-ou-fake-nas-declaracoes-dos-candidatos-a-prefeitura-do-rio-na-4a-semana-de-campanha.ghtml,0
7255,Veja o que é #FATO ou #FAKE nas declarações dos candidatos à Prefeitura do Rio na 4ª semana de campanha,"Frases foram ditas em redes sociais, no horário eleitoral e nas agendas diárias.",candidato prefeitura rir janeiro continuidade campanha eleitoral cidade n semana o registrar oficial candidatura postar rede social falar horário eleitoral tv e rádio e participar entrevisto e evento o equipar fato fake checar principal declaração durante o semana candidato aparecer numericamente frente pesquisar o ordem seguir o pesquisar ler marcelo crivella republicano “o passagem barato entrar o cidade e finalmente ficar livre pedágio caro mundo”,política, 23/10/2020," Por G1, O Globo, Extra, TV Globo, CBN, Valor e GloboNews ",https://g1.globo.com/fato-ou-fake/noticia/2020/10/23/veja-o-que-e-fato-ou-fake-nas-declaracoes-dos-candidatos-a-prefeitura-do-rio-na-4a-semana-de-campanha.ghtml,0
7256,É #FAKE mensagem que circula em Guarulhos convocando cadastro em UBS para receber vacina ,Prefeitura da cidade desmente mensagem que tem viralizado em grupos de WhatsApp.,circular whatsapp guarulhos mensagem convocar o população cidade cadastrar unidade básico saudar ubs o receber o vacinar o covid-19 o mensagem falso o selar encaminhar frequência e pedir pessoa orientar familiar o ubs residência cadastrar vacinação o prefeitura guarulhos paulo emitir comunicar rede social alertar o mensagem falso,saúde, 02/02/2021," Por Roney Domingos, G1 ",https://g1.globo.com/fato-ou-fake/coronavirus/noticia/2021/02/02/e-fake-mensagem-que-circula-em-guarulhos-convocando-cadastro-em-ubs-para-receber-vacina.ghtml,0
7257,motel pego fogo e casar sair correr quase roupar verdade,,o postagem inicialmente o facebook o dia março alcançar compartilhamentos dia e espalhar whatsapp,entretenimento,5/03/20205,gilmar lopes,https://www.e-farsas.com/motel-pega-fogo-e-casais-saem-correndo-quase-sem-roupas-dos-quartos-sera-verdade.html,0
7258,Senado discute tirar Bolsa Família do teto de gastos  ,,líder senado discutir o possibilidade tirar o bolsar família teto gasto — limitar despesa união — ano acordar fonte acompanhar o assunto o medir incluir proposto emendar constituição pec prorrogar o auxílio emergencial n ano o proposto apresentar líder cidadania o senador alessandro vieira líder participar reunião n terça-feira apoiar o iniciativo o líder governar senado fernando bezerro coelho mdb-pe ... ler íntegro n o globo,política,02/03/2021 16h28 ,02/03/2021 16h28 ,https://noticias.uol.com.br/colunas/reinaldo-azevedo/2021/03/02/senado-discute-tirar-bolsa-familia-do-teto-de-gastos.htm,1
7259,É #FAKE que imagem mostre ferimentos causados pela vacina da Pfizer e da BioNTech em pés de voluntária nos EUA,"Ela estava no grupo que recebeu placebo, e não a vacina. Ferimentos nos pés podem ter sido provocados pelo uso do Ibuprofeno.",circular rede social mensagem voluntário vacinar o covid-19 morar austin texas reação adverso gravar chamar erupção fixo drogar pé causar dosar recebido juntar post haver foto ferimento atribuir o o imunizante fake o farmacêutico pfizer testo o vacinar texas afirmar ferir mostrar post teste o empresar confirmar o pessoa aparecer post voluntário receber o vacinar inscrito ensaiar vacinar pfizer covid-19 conformar divulgar afirmar definitivamente entretanto o saudar d pessoa suposto erupção fixo medicamentar participação o voluntário publicar vídeo youtube novembro informar receber placebo e o vacinar,ciência, 08/12/2020," Por Roney Domingos, G1 ",https://g1.globo.com/fato-ou-fake/coronavirus/noticia/2020/12/08/e-fake-que-imagem-mostre-ferimentos-causados-pela-vacina-da-pfizer-e-da-biontech-em-pes-de-voluntaria-nos-eua.ghtml,0
7260,Veja quais grupos são mais vulneráveis ao coronavírus e por quê,"Ao G1, médicos explicam que idosos, diabéticos, hipertensos e quem tem insuficiência cardíaca, renal ou doença respiratória crônica podem ficar mais expostos e ter complicações decorrentes da Covid-19. Especialistas dão dicas de como evitar contágio e agravamento do estado de saúde.",relatório organização mundial saudar oms e ministério saudar e faixar população suscetíveis vulnerável covid-19 doença causar coronavírus vulnerável e suscetíveis pesquisar centrar nacional pesquisar e auditoria terapia intensivo reinar unir publicar jornal the telegraph afirmar o obesidade relacionar o caso grave doença provocar coronavírus obeso incluir o população riscar definir organização mundial saudar e ministério saudar o pesquisar entanto o paciente internar causar coronavírus unidade terapia intensivo uti reinar unir obeso sobrepesar o estudar relacionar o doença associar diabete,ciência, 12/03/2020 20h42 ,,https://g1.globo.com/bemestar/coronavirus/noticia/2020/03/12/saiba-quais-sao-os-grupos-mais-vulneraveis-ao-coronavirus-e-por-que.ghtml,1
7261,Reino Unido inicia nova abordagem de teste em massa de Covid-19 em Liverpool,"Todos os moradores da cidade, com ou sem sintomas, serão testados. O primeiro-ministro Boris Johnson destacou que este tipo de teste em massa pode ser uma nova e poderosa arma na nossa luta contra a Covid-19.",o reinar unir lançar programar pilotar teste massa covid-19 cidade liverpool afetadas coronavírus morador sintoma testar o anúncio n terça-feira o operação começar sexta-feira dia início confinamento inglaterra duração previsto semana morador liverpool acesso o diferente teste feito casar hospital casar repousar escola e locar trabalhar exame incluir particularmente rápido indicar resultar horar o necessidade laboratório base sucesso liverpool propor o distribuir milhão teste rápido natal e o capacitar comunidade locar utilizar reduzir o transmissão zonar completar,saúde, 03/11/2020 09h31 , Por France Presse ,https://g1.globo.com/bemestar/coronavirus/noticia/2020/11/03/reino-unido-inicia-nova-abordagem-de-teste-em-massa-de-covid-19-em-liverpool.ghtml,1
7262,fake nóis e o pizza curar câncer criar umar fake news,"gilmar lopes e pirulla mostram como funciona a indústria das fake news e ensinam como criar um boato digital! afinal, a pizza cura câncer? assista antes que tirem do ar!",globo pizza e pabllo vittar … característico fake news,saúde,18/09/2019,gilmar lopes,https://www.e-farsas.com/fake-em-nois-e-a-pizza-que-cura-cancer-criamos-uma-fake-news.html,0
7263,"

Vídeo mostra bebê que nasceu da cruza de um homem com uma cabra no interior #boato 
",Boato – Homem é acusado de deixar cabra prenha no interior e imagens mostram bebê que seria resultado do cruzamento,“ oi querido dia montagem verdade colega mandar interior negócio montagem verdade o homem andar cabra pra e pra criatório d o cabra tava prenha o pessoal começar o desconfiar o cabra parir matar o pessoal chegar encontrar d ó cê chorar criança e pézinho pé gente o rosto direito menino macho cortar o coração re … verdade mentir montagem ” “ irmão filhar cabra cabrito homem andar o cabrito direto andar o pessoal o cabra parir e pra filmar chegar o o cabra parir ”,brasil,25/07/2019,"
Kyene Becker ",https://www.boatos.org/brasil/video-bebe-cruza-homem-cabra.html,0
7264,Covaxin: Não há provas que Renan Calheiros soubesse de irregularidades  ,,post o facebook pelar página movimentar avançar brasil e viralizou o rede envolver o nome senador omar aziz psd-am renan calheiros mdb-al e randolfe rodrigar rede-ap respectivamente presidente relator e vice-presidente cpi covid e deputar federal renildo calheiros pcdob-pe o publicação afirmar querer o kim paim revelar o autor mps parir comprar o covaxin omar e o irmão renan randolfe o relator e parecer favorável e renansabiadetudo o casar cayó kim paim canal o youtube revelar o o post descrever especular sobrar emendar proposto parlamentar envolver o autoridade sanitário índio apresentar nenhum evidência conhecimento supor esquema superfaturamento vacinar,ciência,05/07/2021 19h05 ,05/07/2021 19h05 ,https://noticias.uol.com.br/comprova/ultimas-noticias/2021/07/05/covaxin-nao-ha-provas-que-renan-calheiros-soubesse-de-irregularidades.htm,0
7265,"Idosa de 100 anos vence a Covid-19 e recebe alta do hospital em Petrolina, PE","Dona Luzia Campos da Silva passou 16 dias internada na UTI. Segundo a filha, a idosa sempre foi uma pessoa muito forte.","o ano dono luzir campo silvar ganhar motivar comemorar passar dia internar uti hospital petrolina sertão pernambuco o idoso conseguir vencer o covid-19 e receber alto quarta-feira o voltar casar cidade vizinho juazeiro bahia festejar equipar médico familiar e amigo vovô centenário “ passar dia uti precisar o respirador entubar pneumonia e recuperar casar continuar o tratamento pneumonia ” contar o filho deulzuita silvar ano acordar deulzuita médico o mãe d desenvolver anticorpo o covid-19 “ combater o doença o vírus e outro anticorpo futurar espécie imunidade médico imunidade doença nova”,afirma dono luzir mulher forte o filho ficar viúvo cuidar criação filho e o chegar neto bisneto e tataraneto forçar essencial recuperação",saúde, 03/09/2020 11h37 ," Por Emerson Rocha, G1 Petrolina ",https://g1.globo.com/pe/petrolina-regiao/noticia/2020/09/03/idosa-de-100-anos-vence-a-covid-19-e-recebe-alta-do-hospital-em-petrolina-pe.ghtml,1
7266,foto mostrar o terra vênus e júpiter visto marte verdade,,o foto começar o espalhar o redar social o fevereiro algum dia o sondar perseverance pousar marte – fevereiro n céu alaranjar e luminoso alinhar o o centrar cena,entretenimento,11/03/2021,gilmar lopes,https://www.e-farsas.com/foto-mostra-a-terra-venus-e-jupiter-vistos-de-marte-sera-verdade.html,0
7267,o primeiro-ministro luxemburgo chegar umar festa galar o maridar vestir,,o imagem começar o o chegar whatsapp o semana setembro e mostrar casal caminhar sobrar tapetar vermelhar e chamar o atenção detalhar homem foto vestir justar contrastar umar vastar barbar rostir,mundo,10/09/2020,gilmar lopes,https://www.e-farsas.com/o-primeiro-ministro-de-luxemburgo-chegou-em-uma-festa-de-gala-com-o-seu-marido-usando-vestido.html,0
7268,"Vacinação não pode ser paralela e deve começar em fevereiro, diz Pazuello  ",,o ministrar saudar eduardo pazuello reunir hoje governador o país balançar o enfrentamento covid-19 brasil e tratar o comprar vacinar dia o governador paulo joão doria psdb anunciar haver planar estadual imunização o general rejeitar o possibilidade e o vacinação nacional encontrar o ministrar afirmar o planar começar fevereiro o aplicação vacinar desenvolvido universidade oxford parceria o laboratório astrazeneca o o pazuello pronunciamento imprensar o ministrar evitar entrevisto e declaração público hoje elencou ações o ministério afirmar adotado o implementação vacinar o doença país permitir jornalista perguntar — declaração transmitir tv brasil,saúde,08/12/2020 15h29Atualizada em 09/12/2020 14h52 ,Guilherme Mazieiro e Allan Brito,https://noticias.uol.com.br/saude/ultimas-noticias/redacao/2020/12/08/ministro-diz-que-plano-de-vacinacao-e-nacional-nao-pode-ser-paralelo.htm,1
7269,Terras indígenas em Rondônia não foram vendidas a empresa irlandesa  ,,falsar texto compartilhar facebook afirmar terra indígena rondônia vendido organização irlandês e o negociação anular justiçar realidade contratar o vender crédito carbono celebrar empresar irlandês e associação indígena suspenso decisão judicial provisório o pedir advocacia união agu o contratar prever o empresar irlandês direito crédito carbono gerar preservação florestar indígena trintar ano seguinte entendimento justiçar termo acordar seriar ilegal e abusivo,brasil,01/10/2019 20h33 ,01/10/2019 20h33 ,https://noticias.uol.com.br/comprova/ultimas-noticias/2019/10/01/terras-indigenas-em-rondonia-nao-foram-vendidas-a-empresa-irlandesa.htm,0
7270,"Feriadão no Rio: Cariocas descumprem isolamento, fazem festa e lotam praias  ",,o rir janeiro adotou esquema antecipação feriar evitar caso covid-19 seguir alto o pessoa morrer vítima doença o medir passar o valer o sexta-feira e seguir vigor o dia abril apesar incentivo o o isolamento social festa clandestino pessoa registrar hoje e calçadões zonar sul lotar o o longo dia o praia ipanema zonar sul rir movimentação n dia restrição conter o pandemia fiscalização e proibição permanência faixar arear e banhar mar carioca flagrar descumprir medir,saúde,28/03/2021 17h40Atualizada em 28/03/2021 17h46 ,28/03/2021 17h40Atualizada em 28/03/2021 17h46 ,https://noticias.uol.com.br/saude/ultimas-noticias/redacao/2021/03/28/feriadao-no-rio-cariocas-descumprem-isolamento-lotam-praias-e-fazem-festa.htm,1
7271,Bolsonaro parabeniza polícia após operação que deixou 28 mortos no Jacarezinho  ,,lamentar o morte civil durante operação policial quinta-feira comunidade jacarezinho zonar norte rir o presidente jair bolsonaro parabenizar noite d domingo o polícia civil rir janeiro o episódio publicação twitter bolsonaro afirmar o o tratar vítima traficante roubar matar e destruir família o mídia e o esquerdo igualar o o cidadão comum honestar respeitar lei e o gravar ofenso o o haver refém criminalidade parabém polícia civil rir janeiro escrever o presidente o operação alvo pedir investigação supremo tribunal federal stf indício execução arbitrário,política,09/05/2021 21h29 ,Amanda Pupo,https://noticias.uol.com.br/ultimas-noticias/agencia-estado/2021/05/09/bolsonaro-parabeniza-policia-apos-operacao-que-deixou-28-mortos-no-jacarezinho.htm,1
7272,Pesquisa na Cidade do México não é capaz de provar redução de internações por covid-19 com ivermectina,,material preliminar divulgar governar análise revisar parir publicar revisto científico especialista o metodologia apresentar riscar viés e permitir concluir vermífugo evitar hospitalização fato responsável estudar pessoa receber kit e remédio afirmar indivíduo fato ingerir o substância,saúde,2021/05/20,Comprova,https://projetocomprova.com.br/publicações/pesquisa-na-cidade-do-mexico-nao-e-capaz-de-provar-reducao-de-internacoes-por-covid-19-com-ivermectina/,0
7273,"No 4 de julho, Trump exalta EUA e chama pandemia de 'praga da China'  ",,o presidente unir donald trump exaltar o economia país efeito pandemia coronavírus e voltar o classificar o covid-19 praga chinês declaração feito discursar julho dia independência americano publicar casar branco rede social melhorar indicador empregar mundo melhorar mercar ações melhor outro país o história e atingir terrível praga chino e vencer lutar declarar trump president trump wishes all americans o very happy fourth of july,saúde,04/07/2020 14h24Atualizada em 28/07/2020 16h14 ,04/07/2020 14h24Atualizada em 28/07/2020 16h14 ,https://noticias.uol.com.br/internacional/ultimas-noticias/2020/07/04/trump-monte-rushmore.htm,1
7274,"

Protógenes Queiroz teve que fugir para Suíça porque descobriu fraude do PT nas urnas eletrônicas #boato 
",Protógenes Queiroz teve que fugir para Suíça porque descobriu fraude do PT nas urnas eletrônicas #boato,“ mariano godoy ex globo tá o redetv o suíço parir entrevistar o ex-delegado polícia federal e deputar federal ” protógenes queiroz ” e pq fugir brasil motivar investigar o urna eletrônicas e acabar descobrir o pt vencer umar eleição s claro o brasil abandonar e fugir parir o suíço dever ameaçar morte assistir o entrevisto ”,brasil,,"
Kyene Becker ",https://www.boatos.org/brasil/protogenes-queiroz-fugir-suica-porque-descobriu-fraude-pt-urnas-eletronicas.html,0
7275,"

Menina hindu é queimada em Madhya Pradesh por ter ido a culto cristão #boato 
","Boato – Menina hindu é queimada viva acusada de participar de culto cristão, em Madhya Pradesh. ",menino hindu queimar vivo madhya pradesh o verdadeiro infernar planeta terra o face feio “ índio incrível”.hipocrisia fato inerente o o humanar principalmente respeitar o o culto fé haver intolerância religioso verdade caso intolerante face o religião si expressar ensinar dever atitude … menino hindu queimar vivo madhya pradesh assistir o reunião oração igreja cristão existir lei permitir indiano mudar religião,entretenimento,25/02/2019,"
Carol Lira ",https://www.boatos.org/religiao/menina-hindu-queimada-culto-cristao.html,0
7276,"

Exército inaugura 200 poços artesianos no Nordeste em 2019 e a mídia ficou calada #boato 
","Boato – Durante governo Bolsonaro, em 2019, 200 poços artesianos foram inaugurados pelo Exército no Nordeste e mídia não divulgou",“ o nordeste virar mar poço artesiano aberto exército publicar o mídia o ” “ o mídia divulgar o governar bolsonaro o exército brasileiro perfurar poço artesiano nordeste ” “ o sol trégua chuva alimentar o fonte água comunidade rural região seridó rir norte obrar combater seco o exército brasileiro inaugurar n sexta-feira poço artesanal mover o energia solar sítio juá localizar município joão sabugi o comandar militar nordeste o meter instalar poço artesiano região nordestino ”,brasil,12/03/2019,"
Kyene Becker ",https://www.boatos.org/brasil/exercito-pocos-artesianos-nordeste.html,0
7277,"Após reunião, Renan Filho cita constrangimento e Bolsonaro 'sem convicção'  ",,único governador nordeste convidar presidente jair bolsonaro o reunião representante o governador alagoa renan filhar mdb afirmar acreditar o encontrar trazer mudança significativo posturar chefe nação o presidente instar situação o inflexão o problema convicção vontade achar preciso atenuar o discursar convicção vacinar problema o governador o o uol o reunião realizar manhã hoje palácio alvorar brasília discutir o criação comitê contenção pandemia ... ler íntegro uol,política,24/03/2021 13h50 ,24/03/2021 13h50 ,https://noticias.uol.com.br/colunas/reinaldo-azevedo/2021/03/24/apos-reuniao-renan-filho-cita-constrangimento-e-bolsonaro-sem-conviccao.htm,1
7278,STF tem quarto voto pela suspensão de operações em favelas na pandemia  ,,o ministro rosar weber supremo tribunal federal votar plenário virtual manutenção liminar proibir operação policiar favela rir janeiro durante o pandemia coronavírus ações d ocorrer ocasião excepcional ministro votar d maneiro ministro marcar aurélio ricardo lewandowski e edson fachin o relator início junho fachin conceder decisão provisório ação coletiva protocolada psb restringir operação comunidade fluminense incursão policiar feito caso absolutamente essencial e justificativo escrever o gente impedir o cumprir o ofertar segurança público o gente o tratar morte periferia danar colateral o advogar joel luiz signatário ação coletiva faltar votar ministro haver previsão o votar plenário virtual acontecer o o prazo agostar,política,22/07/2020 21h06 ,22/07/2020 21h06 ,https://noticias.uol.com.br/colunas/chico-alves/2020/07/22/stf-tem-quarto-voto-pela-suspensao-de-operacoes-em-favelas-na-pandemia.htm,1
7279,"Por que a China lançará uma nova companhia aérea, apesar da crise do coronavírus  ",,o companhia aéreo chinês lançar empresar o pandemia causar colapso global setor viagem e passageiro trás paradoxar o estratégia coerente o retomar consumir doméstico gigante asiático tratar aventurar improvisar lançar companhia aéreo o chino eastern airlines reunir forte parceiro e aliar o juneyao airlines shanghai e especialmente o trip.com líder viagem on-line mercar chinês projeto centrar principal destino turístico chino o ilhar hainan apelidar pequeno tailândia milhão habitante e status zonar franco taxar imposto faltar o timing escolher projeto o setor global companhia aéreo lutar sobrevivência amplamente afetado pandemia coronavírus acordar anúncio domingo bolsar hong kong o chino eastern principal estatal setor deter capital empresar chamar sanya international airlines batizada o nome cidade famoso hainan e o popular turista o datar lançamento oficialmente definir o projeto exigir o aprovação organismo regulador chinês,saúde,15/06/2020 15h52 ,15/06/2020 15h52 ,https://www.uol.com.br/nossa/noticias/rfi/2020/06/15/por-que-a-china-lancara-uma-nova-companhia-aerea-apesar-da-crise-do-coronavirus.htm,1
7280,"

Governo dá R$ 350 de bônus do Bolsa Escola 2020 para quem tem Bolsa Família #boato 
","Boato – O governo está dando R$ 350 de bônus referentes ao Bolsa Escola 2020 para quem tem Bolsa Família. Para ganhar, é só entrar em um site e compartilhar um link com amigos no WhatsApp.","bolsar escola bolsar família o governar federal bônus r$ 350,00 comprar material escolar conferir direito o o benefício link site]beneficiários bolsar família direito o ajudar financeiro comprar material escolar r$ 350,00 responder o questionário abaixar e direito o o benefício o bolsar familia cadastrar dia possuir cartão cidadão realizar o sacar benefício nãoestamos verificar respostar … verificar benefício … verificar respostar … processar concluir direito o receber r$ 350,00 autenticar solicitação e confirmar sacar seguir passo abaixar clicar compartilhar e avisar amigo whatsapp o benefício compartilhar direcionado finalizar o processar e realizar o sacar receber o confirmação o minuto",entretenimento,15/01/2020,"
Edgard Matsuki ",https://www.boatos.org/tecnologia/governo-da-r-350-bonus-bolsa-escola-2020-bolsa-familia.html,0
7281,Alemanha registra 947 novos casos de coronavírus; total sobe para 164.807  ,,paulo o caso confirmar coronavírus alemanha aumentar 164.807 n quarta-feira acordar instituto robert koch registrar infecção país.as morte subir 6.996 contabilizar,saúde,06/05/2020 07h55 ,06/05/2020 07h55 ,https://noticias.uol.com.br/ultimas-noticias/agencia-estado/2020/05/06/alemanha-registra-947-novos-casos-de-coronavirus-total-sobe-para-164807.htm,1
7282,"Sem Ernesto, Brasil e China estabelecem diálogo sobre vacinas  ",,chefe diplomacia brasil e chino reunir noite sexta-feira tenso e trocar ofenso o encontrar o chanceler carlos frança substituir ernesto araújo comandar itamaraty pautar encontrar o acesso brasil o insumo chinês o produção vacinar frança receber tarefar o redar diplomático brasileiro restabelecer buscar intenso vacinar o governar jair bolsonaro esnobou acordo internacional ofertar contrato e o fortalecimento mecanismo oms rede social o embaixador chino brasil yang wanming relatar o encontrar frança e o chanceler wang yi resultar aproximação ministro concordar reforçar bilateral o coordenação multilateral e o combater conjuntar pandemia promover o recuperação econômica,política,10/04/2021 05h23 ,10/04/2021 05h23 ,https://noticias.uol.com.br/colunas/jamil-chade/2021/04/10/sem-ernesto-brasil-e-china-estabelecem-dialogo-sobre-vacinas.htm,1
7283,"Com demissões de Ernesto e Azevedo e Silva, Bolsonaro já mexeu em mais da metade dos ministérios em dois anos de mandato; saiba quem saiu",,rir ano mandatar o presidente jair bolsonaro mexer ministério e órgão status ministério anunciar posse janeiro pastar governar federal chefe empossar bolsonaro início governar sofrer alteração o cálculo incluir sair ministro ernesto araújo exterior decidir pedir demissão manhã d segunda-feira sucessivo atrito o congresso e fernando azevedo e silvar defeso comunicar hoje sair governar recriar junho o ministério comunicação comandar fábio entrar n cálculo o pastar o ministério órgão status equivalente o ministério — caso banco central e advocacia-geral união — subir trocar ernesto araújo e fernando azevedo e silvar o ministrar justiçar andré mendonça remanejado o advocacia-geral união cargo ocupar início governar mudança anunciar d segunda-feira ocorrer casar civil e secretariar governar chegar o substituição ministério atual governar bolsonaro ultrapassar trocar gestão dilma rousseff pt período equivalente março dilma modificar época o comandar órgão status ministério mandato luiz inácio lula silvar pt março e fernando henrique cardoso psdb março haver mudança ministério governar lula o total trocar período chegar o governar fh mudança ministério relembrar ministério haver mudança exterior o informação pedir demissão ernesto araújo chefiar o itamaraty o início governar bolsonaro repassar chanceler o subordinar reunião n segunda-feira fonte planalto araújo e bolsonaro reunião s 17h o chanceler problema o o governar e colocar cargo disposição o ministrar vir questionar congresso semana passar o presidente câmara artur lira e senado rodrigar pacheco pressionar o presidente jair boldonaro o demitir o chanceler lira chegar o araújo perder o capacidade dialogar país defeso justiçar e segurança público o ex-juiz sergio morar demitir bolsonaro abril e alegar o presidente haver exercer influência indevido polícia federal demissão morar haver ameaçar deixar o cargo casar bolsonaro dividir o pastar levar recriação ministério segurança público -- época o presidente negar o divisão e garantir atuaria mudança comandar pf o sair morar governar o advogado-geral união andré mendonça assumir o pastar n segunda-feira entanto definir mendonça voltar agu haver substituto definir advocacia-geral união mendonça deixar o agu josé levi mello amaral junior assumir o pastar assumir o pastar justiçar mendonça vir cotar o vago supremo tribunal federal stf abrir julho o aposentadoria ministrar marcar aurélio mello bolsonaro decidir retornar mendonça agu n segunda-feira e demitir levi casar civil empossar janeiro casar civil onyx lorenzoni deixar o cargo fevereiro ano seguinte assumr o ministério cidadania o postar assumir general braga netto acabar remanejado n segunda-feira o ministério defeso o sair braga netto assumir o casar civil o general luiz eduardo ramo secretariar governar secretariar governar o general carlos alberto santo cruz ministrar secretariar governar e amigar pessoal presidente deixar o cargo junho sofrer ataque carlos bolsonaro e ideólogo olavo carvalho bolsonaro nomear o general luiz eduardo ramo ramo deixar o pastar n segunda-feira assumir o casar civil o deputar federal flávia arruda pl-df -- mulher ex-governador distrito federal josé roberto arruda -- assumir o secretariar governar o informação confirmar planalto saudar diverso atrito bolsonaro divergência lidar o pandemia covid-19 mandetta exonerar ministério saudar abril substituto nelson teich durar pedir demissão maio alegar divergência bolsonaro o general ativa eduardo pazuello ocupar o secretaria-executiva ministério saudar gestão teich assumir o pastar interinamente e efetivado ano passar entanto bolsonaro anunciar haver semana substituição cardiologista marcelo queiroga turismo o ministrar marcelo álvaro antônio demitir dezembro discussão áspero luiz eduardo ramo responsável secretariar governar e aliar bolsonaro álvaro antônio haver balançar cargo ano anterior denunciar supor esquema candidatura laranjo psl eleição álvaro antônio assumir o pastar turismo gilson machadar ocupar o presidência embratur educação ricardo vélez empossar janeiro deixar o ministério educação gestão considerar desastroso demissão série ministério substituto abraham weintraub exonerar junho o desgastar o supremo tribunal federal stf defender o prisão ministro anunciar substituto weintraub decotelli ficar semana cargo e pedir demissão tomar posse série inconsistência currículo descobrir o pastor milton ribeiro assumir o mec -- o cargo entanto cobiçar centrão reformar ministerial secretaria-geral presidência deixar o ministério cidadania o entrar joão roma fevereiro d ano onyx assumir o secretaria-geral tornando-se o nome o chefiar o pastar atual governar o secretaria-geral presidência comandanda cercar gustavo bebianno ministrar exonerar governar bolsonaro substituir floriano peixoto durar e sair pastar junho assumir o presidência correio cargo ocupar hoje floriano jorge oliveira ficar secretaria-geral dezembro ano passar indicar vago tribunal contar união tcu cidadania atuação questionar osmar terra demitir ministério cidadania fevereiro ano passar cercar ano cargo o passagem onyx pastar o cargo assumir fevereiro deputar joão roma republicanos-ba integrante centrão e aliar presidente nacional dem acm neto desenvolvimento regional fevereiro canuto demitir ministério desenvolvimento regional e deslocar o presidência dataprev assumir o pastar o ex-deputado rogério marinhar passar o organizar rotina viagem bolsonaro e o liderar alar governar desejar furar o teto gasto,brasil, Publicado em  29/03/21 14:18 ,Extra,https://extra.globo.com/noticias/brasil/com-demissoes-de-ernesto-azevedo-silva-bolsonaro-ja-mexeu-em-mais-da-metade-dos-ministerios-em-dois-anos-de-mandato-saiba-quem-saiu-rv1-1-24946373.html,1
7284,Governador do Rio diz que só haverá Carnaval com a população imunizada  ,,o governador exercício rir janeiro cláudio castrar psc afirmar hoje haver carnaval o população vacinar o covid-19 publicação feito contar oficial twitter castrar reforçar o importância festejo momo o economia rir informar o prioridade o segurança sanitário o carnaval festa cultural importante rir realizar ambientar extremo segurança o população declarar o governador o impactar econômico fundamental o e gerar milhar oportunidade empregar,saúde,14/01/2021 16h55 ,14/01/2021 16h55 ,https://www.uol.com.br/carnaval/2020/noticias/redacao/2021/01/14/governador-do-rio-diz-que-so-havera-carnaval-com-a-populacao-imunizada.htm,1
7285,É falso que enfermeiros usem testes de covid em crianças para golpe em SP  ,,circular semana whatsapp boatar falso enfermeiro residência aluno escola paulo aplicar golpe suposto profissional saudar utilizar pretextar o testagem covid-19 criança hoje feito prefeitura inquérito sorológico o detalhe aluno e o coronavírus mensagem explicar o golpe funcionaria.uma imagem aparentemente retirar câmera vigilância circular rede social suposto golpista o informação entanto falso o uol apurar pessoa aparecer imagem funcionário secretariar municipal saudar trabalhar inquérito sorológico e querer o testagem alunar escola paulo,saúde,09/09/2020 04h00 ,"Do UOL, em São Paulo ",https://noticias.uol.com.br/confere/ultimas-noticias/2020/09/09/e-falso-enfermeiros-estao-usando-testes-de-covid-em-criancas-para-dar-golpe.htm,0
7286,"

Hospital de Campanha da Unicamp foi desmontado por falta de pacientes com Covid-19 em Campinas #boato 
",Boato – Vídeo mostra Hospital de Campanha da Unicamp sendo desmontado por conta da falta de pacientes com Covid-19. ,“ hospital campanha unicamp custar milhão … olhar quantum gente morrer desmontar estruturar ” “ olhar o hospital campanha unicamp#denuncia2020 faltar cadeia pra politicar bandido ” “ o tender cair tender hospital campanha unicamp universidade campino – sp desmontar utilização e fortuna gasto dinheiro público ”,saúde,09/05/2020,"
Kyene Becker ",https://www.boatos.org/saude/hospital-campanha-unicamp-desmontado-falta-pacientes-covid-19-campinas.html,0
7287,"Hidroxicloroquina não funciona preventivamente, conclui estudo clínico  ",,o hidroxicloroquina prevenção covid-19 defender membro governar carlos wizard secretário ministério saudar apesar aposto drogar tratamento doença lúpus e artrite reumatoide preventivo funcionar o conclusão estudar recente publicar quarta-feira periódico científico new england journal of medicinar o o contrário pesquisar anterior o publicação estudar clínico prospectivo e randomizado o significar seguir padrão considerar essencial o confiança comunidade científico acordar publicação unicamp estudo prospectivo indivíduo seguir causar o efeito frente acompanhar o processar o pesquisar n fácil obter controlo caro e trabalhoso estudar retrospectivo o randomizado significar participante receber o medicamentar o placebo ingerir,saúde,05/06/2020 10h46 ,Giulia Granchi,https://www.uol.com.br/vivabem/noticias/redacao/2020/06/05/hidroxicloroquina-nao-funciona-preventivamente-conclui-estudo-clinico.htm,1
7288,É #FAKE foto que mostra bandeira do Líbano refletida em pirâmides do Egito após explosão em Beirute,"Trata-se de uma manipulação em uma imagem registrada em 18 de abril, quando uma projeção foi feita nas pirâmides, mas com outra cor e em homenagem ao Dia Internacional dos Monumentos e Sítios.",circular rede social foto mostrar pirâmide egito iluminar o bandeiro libanês o legendar o projeção feito solidariedade s vítima explosão atingir o capital país beirute procurar g1 o ministério antiguidade egito informar o imagem verdadeiro verdade pirâmide egito refletiram o bandeiro libanês o explosão agostar beirute afirmar o imagem verdade montagem foto publicar abril dia internacional monumento e sítio perfil ministério turismo e antiguidade egito facebook,mundo, 12/08/2020," Por Roney Domingos, G1 ",https://g1.globo.com/fato-ou-fake/noticia/2020/08/12/e-fake-foto-que-mostra-bandeira-do-libano-refletida-em-piramides-do-egito-apos-explosao-em-beirute.ghtml,0
7289,Deputado mostra dados enganosos sobre mortes por outras doenças na pandemia  ,,postagem deputar federal daniel silveiro psl-rj enganir o o sugerir óbito doença pneumonia infarto e avc contabilizar covid-19 brasil sustentar o versão suposto quedo morte d doença e chegar o casar pneumonia.as morte confirmar coronavírus entrar estatístico resultar positivar testar o ministério saudar o pastar afirmar reportagem consolidar recente mortalidade país,saúde,18/08/2020 19h25 ,Covid: Estudo da USP analisa eficácia da colchicina e não da cloroquina  ,https://noticias.uol.com.br/comprova/ultimas-noticias/2020/08/18/deputado-mostra-dados-enganosos-sobre-mortes-por-outras-doencas-na-pandemia.htm,0
7290,"Com Lula no páreo, Bolsonaro testa a fidelidade de deputados do Nordeste",,brasília – dirigente partidário aliar o jair bolsonaro avaliar o anulação condenação ex-presidente luiz inácio lula silvar encarar notícia polarização vantagem o atual titular palácio planalto o sentimento predominar “ clero ” congresso especialmente bancada nordeste opor deputar ouvir globo temer ficar lula suicídio eleitoral ano o petista conseguir eleger presidente deputar preveem definidor eleição o congresso nacional relevante cabo eleitoral o deputar hildo rocha mdb-ma acesso o pesquisar recente lula ultrapassar preferência eleitorado maranhão parlamentar o julho ano bolsonaro apelar eleitoral deputar lula articular aliançar prefeito e candidato — candidatar lula conseguir neutralizar deputar dúvida maranhão aliar bolsonaro acesse o íntegro reportagem exclusivo assinante,brasil, Publicado em  12/03/21 04:30 ,Natália Portinari,https://extra.globo.com/noticias/brasil/com-lula-no-pareo-bolsonaro-testa-fidelidade-de-deputados-do-nordeste-24921009.html,1
7291,"Item obrigatório, modelos de máscaras se multiplicam; veja opções  ",,dia noite acessório passar o código vestimenta pessoa mundo e d tênis chunky o bermuda ciclista permitir divisão acalorar opinião máscara chegar ficar e haver o tendência durar goste-se aliar importante prevenção o o coronavírus e obrigatório país chegar máscara centrar polêmicas o envolver o marcar osklen vender o item o o preço r$ o unidade e execrar rede social eua o empresário kim kardashian lançar o linha o unidade o milionário alvo crítico capitalizar crise covid-19 o estocar máscara esgotar cercar horar mundo fashionistas incorporar o acessório o o look o apresentador sabrina sato n clicar instagram foto perfil mascarasalva todospelasaude ad,saúde,24/05/2020 04h00 ,Elisa Soupin,https://www.uol.com.br/universa/noticias/redacao/2020/05/24/transformada-em-obrigatoria-modelos-de-mascaras-multiplicam-veja-opcoes.htm,1
7292,É #FAKE foto que mostra cartaz do PlayStation 5 com a frase 'Tudo bem ser branco',Imagem foi alterada digitalmente para inserir texto falso. Foto original diz apenas frase publicitária referente ao videogame. Foto original foi feita em loja da Austrália.,circular rede social foto mostrar loja banners pré-campanha videogame playstation escrito o frase teor racista it s okay to be white branco o imagem fake o foto original mostrar cartaz playstation o frase branco o imagem alterar digitalmente inserir o texto falsar foto original haver o inscrição play has limits significar jogar limite o frase trocadilhar o nome videogame o foto original feito loja austrália,entretenimento, 21/09/2020," Por Roney Domingos, G1 ",https://g1.globo.com/fato-ou-fake/noticia/2020/09/21/e-fake-foto-que-mostra-cartaz-do-playstation-5-com-a-frase-tudo-bem-ser-branco.ghtml,0
7293,Mãe de promessa do Fla da Taça das Favelas morre com sintomas de Covid-19  ,,debora barcellos mãe ronald barcellos jogador base flamengo morrer hoje pessoa o familiar internar hospital getúlio varga penha sintoma covid-19 o informação publicar primeiramente canal venê e confirmar uol esporte ronald chegar o o rubro-negro ano passar destacar taça favela o família residir gogó ema comunidade belford roxo município baixar fluminense o uol esporte apurar o flamengo prestar assistência família jogador categoria sub-18 o clube regatar flamengo lamentar profundamente o notícia falecimento débora barcellos mãe ronald barcellos atleta categoria base clube complicação decorrência suspeito covid-19,saúde,07/05/2020 15h11 ,Alexandre Araújo,https://www.uol.com.br/esporte/futebol/ultimas-noticias/2020/05/07/mae-de-promessa-do-fla-da-taca-das-favelas-morre-com-sintomas-de-covid-19.htm,1
7294,"

Enge Construtora contrata 150 profissionais para trabalhar na BR-153 #boato 
","Boato – A Enge Construtora está contratando 150 profissionais para trabalhar nas obras da BR-153, em Goiás. Para concorrer às vagas, entre em contato por WhatsApp.","alguém desempregar … .a enge construtor contratar profissional trabalhar rodovia br trecho anápolis-go o ceres-go interessar solicitar formulário cadastrar whatsapp falar ewerton cadastro realizar junho vigilante porteiro motoboy copeiro secretário auxiliar administrativo auxiliar escritório auxiliar produção auxiliar logístico auxiliar almoxarifado operador escavadeira hidráulico operador motoniveladora operador pá carregadeira operador trator esteirar técnico geologia técnico segurança trabalhar técnico enfermagem técnico mecânico mecânico industrial eletricista eletrônico eletrotécnico soldador e marceneirar oferecer salariar básico tornar r$ 2.700,00 r$ 5.500,00 tiquete r$ 620,00 -plano saudar precisar amigar pai família desempregar divulgar repassar",brasil,05/06/2019,"
Edgard Matsuki ",https://www.boatos.org/brasil/enge-construtora-contrata-150-profissionais.html,0
7295,"

José de Abreu viajou para as Ilhas Maldivas com dinheiro de vaquinha online #boato 
",Boato – Ator José de Abreu usou dinheiro de vaquinha online para viajar para as Ilhas Maldivas e ficar noivo. ,josé abreu o dinheiro boi otário e ilhar maldivo noivar menino ano ” “ apo boi pra pagar dividir apoiadores pt jose abreu turne europa e m ilhar maldivo pedir namorar casamentar … … bandar otarios pagar pra malandrar ”,entretenimento,30/12/2019,"
Kyene Becker ",https://www.boatos.org/entretenimento/jose-abreu-ilhas-maldivas-dinheiro-vaquinha.html,0
7296,"Paulista Aberta: SP vê situação simples, mas não tem previsão para retomada  ",,o prefeitura paulo plano o reabertura endereço o avenida paulista e o minhocão pedestre o domingo entanto o prefeito brunir cova psdb admitir hoje o situação locar exigir planejamento megaeventos réveillon e carnaval o programar fechar o tráfego veículo via suspenso março pandemia coronavírus hoje cova anunciar o réveillon paulista cancelar o carnaval cidade situação incerto o via público população domingo retomar evento requerer prazo o organização o gente anunciar o retomar explicar brunir cova preciso anunciar antecedência durante o semana o gente perceber o gente anunciar o semana seguinte acrescentar,saúde,17/07/2020 13h53 ,17/07/2020 13h53 ,https://noticias.uol.com.br/cotidiano/ultimas-noticias/2020/07/17/paulista-aberta-sp-ve-situacao-simples-mas-nao-tem-previsao-para-retomada.htm,1
7297,"

Heineken está dando 4 barris de cerveja de 5 litros para quem compartilhar link no WhatsApp #boato 
","Boato – A Heineken está dando 4 barris de cerveja de 5 litros para as pessoas ficarem em casa. Para ganhar, é preciso entrar em um site e compartilhar um link com amigos no WhatsApp.",heineken ficar casar barrir cervejar grátis responder rápido questionário minutar e feliz ganhador promoção “ – possuir ano – heineken cervejar preferir – cervejar preferir pilsen lagervocê qualificar ganhar barrir cervejar heineken seguir instrução compartilhar o promoção contatos whatsapp clicar finalizar e completar requerimento página seguinte barrir cervejar enviar dia útil,entretenimento,16/04/2020,"
Edgard Matsuki ",https://www.boatos.org/tecnologia/heineken-dando-4-barris-cerveja-5-litros-whatsapp.html,0
7298,"

São Vicente (SP) registra saques em supermercados por causa do novo coronavírus #boato 
",Boato – Imagens mostram moradores de São Vicente (SP) realizando saques em um supermercado por causa da pandemia da Covid-19 (novo coronavírus).,“ começar saque supermercado vicente o culpar governar paulo ” “ misericórdia ja começar saque mercar resultar “ fechar fechar ” comércio vicente sp mercar davó cena triste e lamentável ”,brasil,27/03/2020,"
Kyene Becker ",https://www.boatos.org/brasil/sao-vicente-sp-saques-supermercados-coronavirus.html,0
7299,UE pede fim de bloqueios ao Reino Unido para evitar desabastecimento  ,,o comissão europeu recomendar hoje país membro ue união europeu retomar conexão o reinar unir viagem essencial o objetivo evitar ruptura rede abastecimento diverso país bloco fechar fronteiro terrestre e aéreo o reinar unir descobrir mutação coronavírus circulação inglaterra e contagioso o anterior acordar o recomendação país desestimular viagem essencial o reinar unir e o o permitir deslocamento essencial o profissional saudar permitir,saúde,22/12/2020 11h38 ,22/12/2020 11h38 ,https://noticias.uol.com.br/internacional/ultimas-noticias/2020/12/22/comissao-europeia-reino-unido.htm,1
7300,Frente Parlamentar é contra dar prioridade à reforma administrativa  ,,o frente parlamentar misto defeso serviço público servir brasil considerar equivocar o decisão congresso priorizar pautar econômicas alterar o contratação servidor efetivos e temporário e o estabilidade servidor federar estadual e municipal argumento sólido razoável o presidente frente deputar professor israel batista pv-df sentir o presidente câmara prioridade reformar administrativo prestigiar o reformar tributário prestigiar o deputar balear rossi autor principal texto balear líder mdb adversário lira disputar presidência e autor pec reformar tributário tramitar câmara o deputar tiago mitraud novo-mg presidente frente reformar administrativo avaliar o complexidade reformar o público desconhecimento funcionamento administração público,política,07/02/2021 07h31 ,Adriana Fernandes,https://economia.uol.com.br/noticias/estadao-conteudo/2021/02/07/frente-e-contra-dar-prioridade-a-reforma-administrativa.htm,1
7301,"

Kim Jong-un, ditador da Coreia do Norte, morreu após cirurgia em 2020 #boato 
","Boato – Aos 36 anos, Kim Jong-un, ditador da Coreia do Norte, morreu no dia 21 de abril de 2020. Ele teve morte cerebral após complicações de uma cirurgia cardiovascular.",morrer madrugar hoje 21/04/2020 o ” poderoso ” ditador coreano coreia norte kim jong-un servir lição achar eterno e supremo supremo deus e o n braço gramunhão … perseguir e matar cristão matar fome e morrer comer o colheita certo … bbc anunciar o morte cerebral kim jong-un ditador coréia norte aparecer público abril cirurgia cardiovascular casar e ano morrer o ditador coréia norte,mundo,,"
Edgard Matsuki ",https://www.boatos.org/mundo/kim-jong-un-ditador-coreia-do-norte-morreu-2020.html,0
7302,Ministério da Saúde apoia ampliação de Farmácias Vivas em todo o país,,"o ministério saudar investir r$ 7,9 milhão projetos melhoria acesso população o medicamento fitoterápicos estruturação farmácia vivo farmácia realizar etapa cultivar coleta processamento armazenamento plantar medicinar preparação e dispensação produto magistral e oficinal plantar medicinar e fitoterápicos edital o pastar realizar processar seletivo outubro ano passar selecionar projetos estruturação farmácia vivo disponibilizar fitoterápicos distribuição atenção primário saudar apoiar recurso aquisição equipamento e material consumir secretariar municipal saudar araraquara sp salvador ba varginha mg afogar ingazeira pe cachoeirar macacu rj brumadinho mg pindamonhangaba sp quijingue ba cristóvão e caruaru pe o repassar secretariar saudar realizar parcelar único dezembro o dispensação fitoterápicos sus feito prescrição profissional saudar habilitar e utilizar corretamente produto base plantar medicinar apresentar perfil segurança o objetivo político nacional plantar medicinar e fitoterápicos garantir população brasileiro o acesso segurar e o racional plantar medicinar e fitoterápicos e promover o inteligente biodiversidade sustentável incentivar o produção medicamento n sentir o ministério saudar apoiar projetos recurso financeiro destinar cadeia produtivo plantar medicinar e fitoterápicos informação acesse apolítico e o programar nacional plantar medicinar e fitoterápicos",saúde,18/02/2021 17h24,André de CastroMinistério da Saúde(61) 3315-3853,https://www.gov.br/saude/pt-br/assuntos/noticias/ministerio-da-saude-apoia-ampliacao-de-farmacias-vivas-em-todo-o-pais,1
7303,"Nas redes, tropa bolsonarista age para blindar governo de culpa por vírus  ",,"Formada por parlamentares aliados e outros personagens atuantes do bolsonarismo, a tropa de choque que cerca o presidente nas mídias digitais resolveu blindá-lo da atribuição de culpa pelas falhas na contenção da covid-19. Com a flexibilização gradual da quarentena em estados, os números da pandemia foram impactados, e alguns estados e municípios voltaram a bater recordes diários de casos confirmados. No último sábado (8), o país atingiu a marca de cem mil mortes decorrentes do coronavírus.   Fato que tem sido comum durante toda a pandemia, a guerra de narrativas entre Jair Bolsonaro (sem partido) e governadores, em especial os que se colocam como opositores do presidente no xadrez político nacional, vem acirrando os ânimos nas redes sociais. Adeptos do ""bolsonarismo raiz"" partiram para a linha de frente na defesa do governo.",saúde,14/08/2020 11h53 ,Hanrrikson de Andrade e Guilherme Mazieiro,https://noticias.uol.com.br/politica/ultimas-noticias/2020/08/14/nas-redes-tropa-bolsonarista-age-para-blindar-governo-de-culpa-por-virus.htm,1
7304,Covid-19: conselho de enfermagem alerta para cuidados com luvas ao vacinar  ,,o cofen federal enfermagem publicar hoje orientação profissional atuar vacinação o covid-19 o órgão indicar profissional enfermagem luva casar o vacinador o paciente lesão cutâneo considerar o possibilidade utilização luva casar o vacinador precisar contato fluido corporal paciente casar considerar raro o ressaltar o importância luva trocar paciente mão precisar higienizar orientação visar atendimento humanizar organizar e sobretudo segurar o população e profissional afirmar o presidente cofen nádia ramalhar,saúde,19/01/2021 20h36 ,19/01/2021 20h36 ,https://noticias.uol.com.br/saude/ultimas-noticias/redacao/2021/01/19/covid-19-conselho-de-enfermagem-alerta-sobre-como-usar-luvas-na-vacinacao.htm,1
7305,umar assassino adolescente raíssa esquartejar o prisão,,o publicação vídeo mostrar o participação adolescente esfaquear e torturar o morte umar colega escola recife o dia junho publicação começar o espalhar o redar social sobrar o castigar fatal umar d sofrer o prisão,entretenimento,29/06/2019,gilmar lopes,https://www.e-farsas.com/sera-que-uma-das-assassinas-da-adolescente-raissa-foi-esquartejada-na-prisao.html,0
7306,"

Evo Morales determina lei que acaba com acesso à internet na Bolívia #boato 
","Boato – Na Bolívia, o presidente Evo Morales editou uma lei que restringe o uso da internet somente às instituições governamentais do país.",evo morales ayma presidente constitucional del plurinacional bolivia o asamblea legislativo plurinacional decretar articular el órgano ejecutivo y o entidade territoriales autonomas en marcar su compentencias en coordinación con o empresar telecomunicaciones entel tigo y vivo decretar o del noviembre el servicio internet es exclusivamente el instituicones pertenecientes al plurinaconal bolivia articular dicho servicio acceso público mediante un permiso emitir el ministerio comunicación empresar y personas particular prever justificación del del servicio internet remitase al órgano ejecutivo finar constitucionales es en o sala o asemblea legislativo plurinacional o o treinta días del mes octubre del diecinueve años.evo morales ayma presidente constitucional plurinacional bolívia o assembleia legislativo plurinacional decretar artigo o órgão executivo e entidade autônomas territorial competência coordenar empresar telecomunicação entel tigo e vivo decretar o dia novembro o serviço internet exclusivo instituição pertencente o o plurinacional bolívia artigo serviço acesso público mediante autorização emitir ministério comunicação empresar pessoa mediante justificativo serviço internet encaminhar o o órgão executivo constitucional sala assembleia legislativo plurinacional o trintar dia outubro e dezenove,mundo,04/11/2019,"
Kyene Becker ",https://www.boatos.org/mundo/evo-morales-lei-acaba-acesso-internet-bolivia.html,0
7307,Corregedoria da PGR abre sindicância para apurar tratativas da Lava-Jato com autoridades de outros países,,o corregedora-geral ministério público federal elizeta paiva ramo determinar o abertura sindicância apurar haver irregularidade tratativas mantido força-tarefa lava-jato curitiba autoridade país o trocar informação e negociação acordo o corregedora existir razoável dúvida procedimento dever o informação divergente apresentar procurador e defeso ex-presidente luiz inácio lula silvar acusar o força-tarefa realizar irregular trocar informação autoridade unir e suíço durante tratativas acordar leniência empreiteiro odebrecht urgente aprofundamento impor especial averiguar o estrito cumprimentar regrar gerar relativo o tratativas e negociação internacional acaso ocorrido membro integrante força-tarefa lava-jato escrever o corregedora despachar dia abril designar o procurador regional raquel branco cuidar sindicância --ela coordenar investigação lava-jato procuradoria-geral repúblico pgr durante o gestão raquel dodge procurador força-tarefa argumentar corregedoria o acordar leniência odebrecht autoridade brasileiro e país acordo o empreiteiro o força-tarefa o secretariar cooperação internacional pgr afirmar comum contatos informar investigador brasileiro e autoridade país auxiliar investigação o documento processo judiciar o realização procedimento formal haver pedir cooperação envolver o acordar leniência odebrecht o sindicância aberto ofício ministrar supremo tribunal federal stf ricardo lewandowski questionar o procuradoria-geral repúblico pgr o respeitar assunto ação movido defeso ex-presidente lula d processar lewandowski autorizar defeso petista o acesso o diálogo procurador lava-jato obtido atacar hacker e apreendido polícia federal operação spoofing ofício corregedoria o ministrar questionar pgr registro tratativas órgão internacional casar odebrecht apagar e haver algum irregularidade procedimento,brasil, Publicado em  28/04/21 15:16 ,Aguirre Talento,https://extra.globo.com/noticias/brasil/corregedoria-da-pgr-abre-sindicancia-para-apurar-tratativas-da-lava-jato-com-autoridades-de-outros-paises-24992280.html,1
7308,Marcelo Álvaro Antônio é exonerado do ministério do Turismo  ,,o demissão marcelo álvaro antônio ministério turismo publicar madrugar d quinta-feira diário oficial união gilson machadar comandar o embratur agência brasileiro promoção internacional turismo confirmar ministrar marcelo álvaro antônio acusar o chefe secretariar governar luiz eduardo ramo trair e conspirar tirá-lo cargo ministrar whatsapp o informação inicialmente revisto e confirmar colunista uol carla araújo o ex-ministro turismo alegar ramo negociar o pastar o centrão centrar e centro-direita congresso recentemente aliar o o governar bolsonaro avaliação marcelo álvaro antônio o medir articulação conseguir o eleição aliar eleição presidente câmara deputar ano,política,10/12/2020 04h02Atualizada em 10/12/2020 08h26 ,10/12/2020 04h02Atualizada em 10/12/2020 08h26 ,https://noticias.uol.com.br/politica/ultimas-noticias/2020/12/10/bolsonaro-ministro-do-turismo-demissao.htm,1
7309,"

Flávio Dino, governador do Maranhão, dá cartão de crédito do auxílio-reclusão para presos #boato 
","Boato – Governador do Maranhão, Flávio Dino, distribuiu cartão de crédito do auxílio-reclusão para presidiários com R$ 8 mil em créditos.",governador entregar cartão bolsar integração p presidiário c r$ 8.000 real crédito e vítima d criminoso ganhar o q governar tapar caro cidadão q vítima d criminoso tapar caro pai e mãe família desempregar e q tirar normal gestão comunista q sonhar governar o país.flávio dino governador comunista maranhão aumentar auxílio reclusão preso eleitor indignar o imposturar comunista.no maranhão flávio dino pcdob cerimonial pra entregar cartão benefício o criminoso condenar e vítima receber algum benefício governar afrontar o o trabalhador verdadeiro diplomar otário o pagar imposto,política,13/05/2019,"
Carol Lira ",https://www.boatos.org/politica/flavio-dino-cartao-credito-auxilio-reclusao.html,0
7310,Veja o que é #FATO ou #FAKE nas declarações dos candidatos à Prefeitura do Rio na 1ª semana de campanha do 2º turno,"Frases foram ditas em redes sociais, no horário eleitoral e em entrevistas e debates.",candidato disputar o prefeitura rir início campanha n 2º turno eduardo paes dem e marcelo crivella republicano postar rede social falar horário eleitoral e participar entrevisto debater e evento campanha o equipar fato fake checar principal declaração durante o semana o ordem seguir o pesquisar ler eduardo paes dem “passar ano o prefeitura e ninguém aumentar impor nenhum”,política, 21/11/2020," Por G1, O Globo, Extra, TV Globo, CBN, Valor e GloboNews ",https://g1.globo.com/fato-ou-fake/noticia/2020/11/21/veja-o-que-e-fato-ou-fake-nas-declaracoes-dos-candidatos-a-prefeitura-do-rio-na-1a-semana-de-campanha-do-2o-turno.ghtml,0
7311,Veja o que é #FATO ou #FAKE nas declarações dos candidatos à Prefeitura do Rio na 1ª semana de campanha do 2º turno,"Frases foram ditas em redes sociais, no horário eleitoral e em entrevistas e debates.",candidato disputar o prefeitura rir início campanha n 2º turno eduardo paes dem e marcelo crivella republicano postar rede social falar horário eleitoral e participar entrevisto debater e evento campanha o equipar fato fake checar principal declaração durante o semana o ordem seguir o pesquisar ler marcelo crivella republicano “engenheiro obrar registrar o crea”,política, 21/11/2020," Por G1, O Globo, Extra, TV Globo, CBN, Valor e GloboNews ",https://g1.globo.com/fato-ou-fake/noticia/2020/11/21/veja-o-que-e-fato-ou-fake-nas-declaracoes-dos-candidatos-a-prefeitura-do-rio-na-1a-semana-de-campanha-do-2o-turno.ghtml,0
7312,Veja o que é #FATO ou #FAKE nas declarações dos candidatos à Prefeitura do Rio na 1ª semana de campanha do 2º turno,"Frases foram ditas em redes sociais, no horário eleitoral e em entrevistas e debates.","candidato disputar o prefeitura rir início campanha n 2º turno eduardo paes dem e marcelo crivella republicano postar rede social falar horário eleitoral e participar entrevisto debater e evento campanha o equipar fato fake checar principal declaração durante o semana o ordem seguir o pesquisar ler marcelo crivella republicano “durante o campanha o turno o pesquisar ibope dever margem errar parir mim e 21,9 o errar”",política, 21/11/2020," Por G1, O Globo, Extra, TV Globo, CBN, Valor e GloboNews ",https://g1.globo.com/fato-ou-fake/noticia/2020/11/21/veja-o-que-e-fato-ou-fake-nas-declaracoes-dos-candidatos-a-prefeitura-do-rio-na-1a-semana-de-campanha-do-2o-turno.ghtml,0
7313,Veja o que é #FATO ou #FAKE nas declarações dos candidatos à Prefeitura do Rio na 1ª semana de campanha do 2º turno,"Frases foram ditas em redes sociais, no horário eleitoral e em entrevistas e debates.",candidato disputar o prefeitura rir início campanha n 2º turno eduardo paes dem e marcelo crivella republicano postar rede social falar horário eleitoral e participar entrevisto debater e evento campanha o equipar fato fake checar principal declaração durante o semana o ordem seguir o pesquisar ler marcelo crivella republicano “assumir tomógrafos quebrar”,política, 21/11/2020," Por G1, O Globo, Extra, TV Globo, CBN, Valor e GloboNews ",https://g1.globo.com/fato-ou-fake/noticia/2020/11/21/veja-o-que-e-fato-ou-fake-nas-declaracoes-dos-candidatos-a-prefeitura-do-rio-na-1a-semana-de-campanha-do-2o-turno.ghtml,0
7314,Veja o que é #FATO ou #FAKE nas declarações dos candidatos à Prefeitura do Rio na 1ª semana de campanha do 2º turno,"Frases foram ditas em redes sociais, no horário eleitoral e em entrevistas e debates.",candidato disputar o prefeitura rir início campanha n 2º turno eduardo paes dem e marcelo crivella republicano postar rede social falar horário eleitoral e participar entrevisto debater e evento campanha o equipar fato fake checar principal declaração durante o semana o ordem seguir o pesquisar ler marcelo crivella republicano “réu nado responder o absolutamente nado comer o governar anterior”,política, 21/11/2020," Por G1, O Globo, Extra, TV Globo, CBN, Valor e GloboNews ",https://g1.globo.com/fato-ou-fake/noticia/2020/11/21/veja-o-que-e-fato-ou-fake-nas-declaracoes-dos-candidatos-a-prefeitura-do-rio-na-1a-semana-de-campanha-do-2o-turno.ghtml,0
7315,"

WhatsApp de “gente da oposição” com “confissões de vários crimes” é grampeado #boato 
",WhatsApp de “gente da oposição” com “confissões de vários crimes” é grampeado #boato,confissão vário crime – gravar dever o ciar grampear o wattsapp “ gente oposição ” receber mensagem o zap conseguir botar o fb bloco resumir confessar o urna fraudar expulso brasil jean willis o deputar forjar visitar adelio bispar câmara deputar o dia atentar bolsonaro falir atentar parir matar bolsonaro o pilantras mbl receber propinar o dinheiro entregar parir o “ menino ” mbl confirmar “ daniel ” o zé dirceu e bolsonaro soltar o vídeo tardar “ espertar ” confessar vir dinheiro chino parir “ comprar ” deputar o votar impresso grampear o contar whatsapp haver mistério bolsonaro o mão querer o presidente mandar o exército botar mundo o cadeia o confissão propinar chino b planar parir matar bolsonaro e c comprar “ voto o votar impresso ” crime ferir constituição previsão morte crime lesa-pátria contar confessar abertamente depender fraudar o urna parir derrubar bolsonaro bolsonaro o mão falto tomar o providências.com confissão haver comer o stf impor eleição votar impresso procurar o “ prints ” mensagem – publicar n plataforma bloquear dia – patriota necessário compartilhar o o parir outro,política,09/07/2021,"
Edgard Matsuki ",https://www.boatos.org/politica/whatsapp-gente-da-oposicao-confissoes-de-varios-crimes-grampeado.html,0
7316,Segunda onda de covid-19 no Reino Unido bate recorde de mortes  ,,o reinar unir viver otimismo o início vacinação variante início o surtir forçar fechamento o lockdown inglaterra início dezembro o pessoa admitir hospital covid-19 país aumentar rapidamente o dia o reinar unir viver otimismo o início vacinação variante vírus início o surtir levar o fechamento,saúde,10/01/2021 08h04 ,Philippa Roxby - Repórter de saúde,https://noticias.uol.com.br/ultimas-noticias/bbc/2021/01/10/segunda-onda-de-covid-19-no-reino-unido-bate-recorde-de-mortes.htm,1
7317,"

Hermès faz aniversário e dá bolsas grátis em site no WhatsApp #boato 
",Hermès faz aniversário e dá bolsas grátis em site no WhatsApp #boato,presentar grátis hermes sortir parabém comemoração 184º aniversário hermès questionário o oportunidade conseguir umar bolsar hermès conhecer o bolsar hermès ano 18-29 30-39 40-49 o achar bolsar hermès inacreditável ok o recomendar o o amigo parabém suar respostar salvo sucesso o chance ganhar presente dever selecionar o caixa corretar prêmio tentativo sortir ok parabém ganhar o bolsar hermès white crocodile kelly o regrar dever contar o amigo sobrar promoção digitar endereçar e concluir o registrar o presente entregue o dia ok,entretenimento,02/06/2021,"
Edgard Matsuki ",https://www.boatos.org/tecnologia/hermes-faz-aniversario-da-bolsas-gratis-site-whatsapp.html,0
7318,Assembleias legislativas mudam regras para permitir reeleição de presidentes  ,,alvo crítico e polêmica o estratégia planejada permitir o reeleição presidente câmara rodrigar maio dem-rj e senado davi alcolumbre dem-ap fevereiro prático adotada haver década assembleia legislativo país alcolumbre converso reservar ministro supremo tribunal federal stf buscar alternativo deputar estadual alterar lei regimento e ano conseguir brecha eternizar o cenário longevidade assembleia argumento cúpula senado pedir aval supremo o o projeto reeleição alcolumbre d aliar senador coletam assinatura o apresentação proposto emendar constituição pec o centrão prometer enterrar iniciativo n sentir câmara o casar emblemático perpetuação cargo piauí o deputar themístocles filhar mdb sentar cadeira presidente assembleia e sair haver ano comandar legislativo estadual e vencer eleição consecutivo o postar político tradicional região autorizar regimentar casar o reeleger querer frente assembleia piauí themístocles filhar praticamente oposição disputar o mesa diretora conseguir voto parlamentar o federal senado câmara desejar o reeleição interno o deputar o o estadão,política,06/09/2020 16h00 ,Daniel Weterman,https://noticias.uol.com.br/ultimas-noticias/agencia-estado/2020/09/06/assembleias-mudam-regras-para-permitir-reeleicao.htm,1
7319,Covid e corrupção: erros e acertos de Crivella e Paes no debate da Globo  ,,candidato prefeitura rir janeiro eduardo paes dem e marcelo crivella republicano disputar o reeleição exagerar trocar acusação infundado e defeso igualmente frágil debater promover tv globo noite d sexta-feira 27).crivella defender gestão impreciso coronavírus paes exagerar atacar o gestão adversário,entretenimento,28/11/2020 01h57 ,"Do UOL, em São Paulo*",https://noticias.uol.com.br/confere/ultimas-noticias/2020/11/28/erros-acertos-debate-globo-rio-paes-crivella.htm,0
7320,regina casé e maria bethânia festa aglomeração o réveillon parir,vídeo mostra artistas participando de uma festa cheia de gente em plena passagem de 2020 para 2021! será que esse vídeo foi gravado durante a pandemia?,o vídeo surgir rede social semana janeiro e mostrar pessoa – dentre o apresentador regina casé – dançar festa o texto acompanhar imagem e afirmar o artista festa dezena cantor e atores pleno pandemia – passagem ano – e desrespeitar o distanciamento social mundo máscara,saúde,4/01/20214,gilmar lopes,https://www.e-farsas.com/regina-case-e-maria-bethania-fizeram-festa-com-aglomeracao-no-reveillon-de-2020-para-2021.html,0
7321,Não há estudo que prove que usar celular no escuro cause câncer nos olhos  ,,o costumar o celular noite escuro dormir texto circular aplicativo mensagem alertar risco d hábito causar câncer olho o professor ler ler diretor hospital of ophthalmology sgh singapura afirmar brilhar direto minuto causar degeneração macular irreversível olhar o levar rápido deterioração visão,ciência,24/01/2019 04h01 ,Lucas Borges Teixeira,https://noticias.uol.com.br/confere/ultimas-noticias/2019/01/24/nao-ha-estudo-que-prove-que-usar-celular-no-escuro-cause-cancer-nos-olhos.htm,0
7322,Paciente grave deixa UTI sob aplausos após 12 dias intubado no Rio  ,,internar covid-19 dimas francisco ano deixar noite sexta-feira o uti unidade terapia intensivo hospital municipal ronaldo gazolla rir janeiro sair o paciente aplaudir equipar médico o atender passar dia intubado e respirar ajudar aparelho vídeo mostrar o publicar rede social prefeitura rir imagem o paciente levar cadeira rodar profissional aplaudir voltar aparentemente emocionar francisco sinal positivar polegar o o sair uti o paciente encaminhar o enfermar terminar recuperar voltar casar,saúde,27/04/2020 09h09Atualizada em 27/04/2020 09h22 ,27/04/2020 09h09Atualizada em 27/04/2020 09h22 ,https://noticias.uol.com.br/saude/ultimas-noticias/redacao/2020/04/27/paciente-coronavirus-uti-aplausos.htm,1
7323,Câmara rejeita mais um requerimento para tirar PEC da imunidade de pauta  ,,voto o o câmara acabar rejeitar requerimento retirar proposto emendar constituição pec 3/2021 pautar casar o pec imunidade o resultar mostrar o proposto precisar parlamentar completar o voto positivo aprovar turno retirar pautar defender o pec seguir o rito normal tramitação passar comissão constituição e justiçar ccj e comissão especial análise constitucionalidade e mérito proposto,política,26/02/2021 16h12 ,Matheus de Souza,https://noticias.uol.com.br/ultimas-noticias/agencia-estado/2021/02/26/camara-rejeita-mais-um-requerimento-para-tirar-pec-da-imunidade-de-pauta.htm,1
7324,"Após cerimônia de Fux, presidente da OAB testa negativo para covid-19  ",,o presidente oab ordem advogar brasil felipe santo cruz testar negativar o coronavírus o exame realizar autoridade participar posse ministrar luiz fux presidência stf supremo tribunal federal contrair covid-19 santo cruz presentar evento infectar noto o oab informar o presidente entidade submeter o o testar voltar negativar o procurador-geral repúblico augusto arar testar positivar covid-19 e tornar o autoridade presentar cerimônia supremo o diagnosticar o doença pgr e ministrar fux contrair o coronavírus o presidente câmara rodrigar maio dem-rj ministro stj superior tribunal justiçar luis felipe salomão e antônio saldanha palheiro e o presidente tst tribunal superior trabalhar maria cristina peduzzi,política,18/09/2020 16h07 ,Paulo Roberto Netto,https://noticias.uol.com.br/ultimas-noticias/agencia-estado/2020/09/18/apos-cerimonia-de-fux-felipe-santa-cruz-testa-negativo-para-covid-19.htm,1
7325,banner o palavra “ forcar ” utilizar manifestante pró-bolsonaro,"nas últimas horas, uma determinada foto vem viralizando nas redes sociais. ela mostra uma espécie de banner contendo a palavra “forca”, que teria sido utilizado por manifestantes pró-bolsonaro neste domingo (26/05). no banner é possível ler a seguinte frase: “sabemos que não é fácil, mas estamos com vocês. forca!“. as imagens do presidente jair bolsonaro e dos ministros paulo guedes e sérgio moro aparecem logo abaixo.",o problema residir justamente palavra “ forcar “ remeter diretamente o instrumentar execução preso réu condenar morte assassinato suicídio presume-se n casar haver errar escrever “ forcar ” “ forçar ” vestir adequar o o contexto manifestação e banner,política,26/05/2019,marco faustino,https://www.e-farsas.com/banner-com-a-palavra-forca-foi-utilizado-por-manifestantes-pro-bolsonaro.html,0
7326,"

Mandetta embolsou R$ 5 bilhões destinados à compra de vacinas contra Covid-19 #boato 
","Boato – O ministro da Economia, Paulo Guedes, afirmou que o ex-ministro da Saúde Luiz Henrique Mandetta embolsou R$ 5 bilhões que eram destinados à compra de vacinas contra Covid-19.",o ministrar paulo guedes afirmar mandetta embolsar afanar mandar cercar milhão mandetta embolsar bilião união ministrar saudar e comprar dosar vacinar grave o homem ciência embolsar dinheiro ficar casar torrar o dinheiro roubar pandemia,política,17/03/2021,"
Edgard Matsuki ",https://www.boatos.org/politica/mandetta-embolsou-r-5-bilhoes-compra-vacinas-contra-covid-19.html,0
7327,"

[Atualizado] Silvio Santos foi internado com suspeita de Covid-19 
","Atualizado em 13/08/2021: cerca de quatro horas após a publicação do Boatos.org, foi confirmado que Silvio Santos acabou sendo internado por conta da covid-19 na sexta-feira (13 de agosto). De acordo com relatos da família o estado dele é bom. De qualquer forma, a informação deixa de ser boato. ",silvio santo internar o hospital albert eistein o o ano silvio santo vacinar covid silvio santo internar hospital suspeito covid-19 bomba silvio santo internar covid-19,entretenimento,13/08/2021,"
Edgard Matsuki ",https://www.boatos.org/entretenimento/silvio-santos-internado-suspeita-covid-19.html,0
7328,"Nizan Guanaes, direto da quarentena: Seu teste de coronavírus deu positivo  ",,cair bomba n dia o brasil caso vírus d sentir diferente comigo e continuar sentir o perigoso descobrir encher o sacar testar paranoico e ouvir montar preciso fé deus o caro ótima perigar óbvio precisar privilegiar caso riscar teste haver o possibilidade testar assintomático e o o testar e entrar quarentenar parar expor pessoa o riscar ângulo pensar ... vital e indiscutível exercer serviço essencial sair casar,saúde,19/03/2020 08h49 ,Nizan Guanaes,https://noticias.uol.com.br/saude/ultimas-noticias/redacao/2020/03/19/nizan-guanaes-seu-teste-de-coronavirusdeu-positivo.htm,1
7329,Bruno Covas cita Marta Suplicy em propaganda na TV; Doria segue de fora  ,,"O prefeito de São Paulo, Bruno Covas (PSDB), candidato à reeleição, citou a ex-prefeita pelo PT Marta Suplicy em sua propaganda política que foi ao ar hoje no horário eleitoral na TV aberta. A menção foi feita enquanto Covas falava da criação de novos CEUs (Centros Educacionais Unificados), implantados durante a gestão Marta (2001 a 2004). Marta declarou oficialmente apoio a Covas na eleição de novembro. Seu nome chegou a ser cogitado para vice na chapa tucana, mas encontrou resistência no partido devido à sua ligação com PT.",política,16/10/2020 13h56 ,16/10/2020 13h56 ,https://noticias.uol.com.br/eleicoes/2020/10/16/bruno-covas-marta-suplicy.htm,1
7330,"

Major Olímpio não morreu de Covid-19 (morreu de AVC), diz assessor #boato 
","Boato – O senador Major Olímpio não morreu de Covid-19. Assessor contou, em áudio no WhatsApp, que ele já estava curado, queria sair do hospital, ficou nervoso e morreu.",o pessoal pra deixar claro o respeitar major olímpio o mídia podre esquerdista brasil noticiar informação falso vagabundar ditadória tá major olímpio vir o falecer covid-19 major olímpio vir o falecer avc tá o matéria peso e medir o gente parar e interpretar o matéria mídia esquerdista pessoa morrer covid-19 doação órgão mundo o procedimento padrão morrer covid-19 sacar preto caixão lacrar e cova procedimento padrão o acontecer major olímpio o seguinte covid-19 recuperar querer alto pra casar médico querer alto pra começar o ficar nervoso e o pressão d subir e abaixar médico tomar o decisão levar novamente pra uti e colocar comer induzir e o pressão d continuar alto o avc e vir o o morte cerebral tá o realidade o verdade tá covid-19 avc tá pessoal pra ficar claro o mídia esquerdista mídia podre brasil noticiar o pra pôr medo população pra população ficar deslocar tá o verdade manter viver horar pra o doação órgão tá importante informar q o major olímpio falecer avc curar covid.isto o realidade causar morte avc q órgão doar morrer covid doar órgão dia major olimpio morrer avc e covid urubu plantão politizar morte.o assessor mj olimpio passar audio informar q o midia mentir morrer avc e n covid covid ja recuperar e ja e ansioso alto e o pressao subir e nao abaixar e p uti o falecer,política,19/03/2021,"
Edgard Matsuki ",https://www.boatos.org/politica/major-olimpio-nao-morreu-de-covid-19-morreu-avc-diz-assessor.html,0
7331,"

Raoni Metukire mora na França, é dono de ONG em Paris e vendeu aldeia por 120 milhões #boato 
","Boato – Raoni Metukire vendeu reservas na Amazônia por R$120 milhões, possui uma ONG em Paris e luta que o Xingu vire um país com apoio da França.",série curiosidade curioso o trás cacicar ano chamar raoni banca viver brasil haver ano e presidente ong parir … .vc d advogar o independência reservar florestal xingu o e rico reservar florestal planeta tornar país independente brasil e francês incrível feito trouxa melhor feito pq bolsonaro detonar bomba explodir caro globalistas frenesi todo.não perder o boca o problema o desmatamento o desmamamento cacicar ancião raoni servir bucha laranjo amor cacicar vc foto presidente passar história frança ano conveniente interesseiro … gente abrir olho e entender guerra proteger país garro d gringo o ajudar d esquerdalha sórdido amar o país amar projeto amazoniasemongs amazoniaédobrasil ” “ raoni ‘ metinukuenaotire ’ vender reservar indígena caiapó xingu e bolsonaro mandar devolver milhão natural espernear acionar o lixar humanar chamar sting servir ‘ corretor ’ negócio sujar canalhismo baratar o maconheiro moral pra reverter o situação caiapó único tribo brasileiro o cacicar morar parir … brasil único país o postar mijar cachorro ”,política,05/09/2019,"
Kyene Becker ",https://www.boatos.org/politica/raoni-mora-franca-dono-ong-vendeu-120-milhoes.html,0
7332,"Agência europeia alerta que novas variantes de ""alto"" risco do coronavírus causarão mais mortes  ",,o ecdc centrar europeu prevenção e controlo doença n terça-feira haver alto riscar variante covid-19 recém-descobertas afetar cuidar médico e causar morte dever o o aumentar transmissibilidade o centrar estocolmo relatório haver informação infecção cepa grave o fato espalhar facilmente significar o impactar hospitalização e morte avaliar alto variante vírus circular anteriormente o riscar particularmente idade avançar comorbidades acrescentar o agência,saúde,29/12/2020 14h28 ,29/12/2020 14h28 ,https://www.uol.com.br/vivabem/noticias/afp/2020/12/29/agencia-europeia-alerta-que-novas-variantes-de-alto-risco-do-coronavirus-causarao-mais-mortes.htm,1
7333,"

Glenn Greenwald tem infarto e é internado às pressas após overdose de cocaína #boato 
","Boato – O jornalista Glenn Greenwald, do The Intercept Brasil, acabou de ser internado às pressas na clínica São Vicente, no Rio de Janeiro. O motivo foi uma overdose por uso de cocaína e ele teve um infarto.",urgente glenn greenwald internar s pressa rir janeiro o clínico vicente gávea rir janeiro confirmar o o site madrugar d sexta-feira 26/7 glenn edward greenwald jornalista intercept internar s pressa e transferir seguir o hospital samaritano botafogo rir janeiro,política,26/07/2019,"
Edgard Matsuki ",https://www.boatos.org/politica/glenn-greenwald-internado-infarto-cocaina.html,0
7334,Publicações enganam ao associar Bolsonaro à aprovação de verba para filme sobre sua eleição,,ancine aprovar o captação real o realização filmar tratar eleição bolsonaro liberar recurso diretos o documentário o entender postagens investigar,política,2020/07/31,Comprova,https://projetocomprova.com.br/publicações/publicacoes-enganam-ao-associar-bolsonaro-a-aprovacao-de-verba-para-filme-sobre-sua-eleicao/,0
7335,"Otimismo com vacina é ""nível 11"", diz diretor do Instituto Butantan  ",,diretor instituto butantan dimas cova hoje esperançoso chance sucesso vacinar o coronavírus testar governar paulo parceria o laboratório chinês sinovac,saúde,20/07/2020 14h51 ,20/07/2020 14h51 ,https://noticias.uol.com.br/videos/2020/07/20/otimismo-com-vacina-e-nivel-11-diz-diretor-do-instituto-butantan.htm,1
7336,Boatos mentem sobre 1ª a tomar vacina contra covid estar morta ou ser atriz  ,,viralizaram rede social diverso postagens mentira margaret keenan o mulher ano tornar pessoa mundo o receber o vacinar o coronavírus receber o dosar vacinar desenvolvido pfizer e biontech terça-feira 8) reinar unido.foi entrevistar comunicação o bbc e agência internacional o reuters s véspera aniversário ano o site serviço saudar reinar unir nhs sigla inglês reproduzir declaração chamar o histórico,entretenimento,12/12/2020 04h00 ,"Do UOL, em São Paulo",https://noticias.uol.com.br/confere/ultimas-noticias/2020/12/12/idosa-de-90-anos-vacina-covid-19.htm,0
7337,"Déficit primário será de quase 10% do PIB neste ano, prevê secretário  ",,"medir combater o o coronavírus somar r$ 417,7 bilião r$ 399,5 bilião despesa adicionar e r$ 18,2 bilião resultante redução receitar o brasil fechar o ano déficit primário — excluir gasto o pagamento juro dívida — quase pib produto internar bruto o previsão divulgar o senador e deputar secretário especial fazenda waldery rodrigar júnior participar hoje audiência comissão misto destinar o acompanhar o atuação governar durante o pandemia covid-19 o déficit primário governar central estimar r$ 675,7 bilião 9,4 pib o déficit o setor público incluir estatal e município chegar o r$ 708,7 bilião 9,9 pib acima médio registrar país emergente 5,8 pib nacional corrido gasto corrido efetividade preocupação o saudar e o o combater o o vírus cuidar vulnerável mudar temporariamente o perfil contar público brasil político fiscal comprometer o enfrentamento doença justificar o secretário",saúde,28/05/2020 14h47Atualizada em 28/05/2020 14h56 ,28/05/2020 14h47Atualizada em 28/05/2020 14h56 ,https://economia.uol.com.br/noticias/redacao/2020/05/28/deficit-primario-sera-de-quase-10-do-pib-neste-ano-preve-secretario.htm,1
7338,Corte de Haia: rede sindical acusa Bolsonaro de crimes contra a humanidade   ,,entidade sindicar brasileiro ingressar domingo ação tribunal penal internacional haia holanda o presidente jair bolsonaro crime o humanidade o redar sindical brasileiro unisaúde formar entidade saudar e representar milhão trabalhador setor acusar o presidente falho grave e mortal combater pandemia coronavírus o início crise sanitário o governar brasileiro adotado posturar negligente e irresponsável contribuir o país atingir o marcar morte doença ... ler íntegro folhar,política,27/07/2020 11h11 ,27/07/2020 11h11 ,https://noticias.uol.com.br/colunas/reinaldo-azevedo/2020/07/27/corte-de-haia-rede-sindical-acusa-bolsonaro-de-crimes-contra-a-humanidade.htm,1
7339,Estudo sem revisão não prova que uso de máscaras é ineficaz contra covid-19  ,,enganoso o conclusão estudar norte-americano sobrar o eficácia máscara comer medir prevenção covid-19 publicar pelar site crítico nacional e compartilhar o twitter e o facebook base o levantamento — fase pré-print revisão parir — o site brasileiro afirmar o imposição máscara unir impactar significativamente o caso covid-19 o localidade,ciência,14/06/2021 14h24 ,14/06/2021 14h24 ,https://noticias.uol.com.br/comprova/ultimas-noticias/2021/06/14/estudo-sem-revisao-nao-prova-que-uso-de-mascaras-e-ineficaz-contra-covid-19.htm,0
7340,É #FAKE que todos os atestados de óbitos de pacientes do SUS afirmem que causa mortis foi a Covid-19,Mensagem falsa diz que documentos são adulterados em cumprimento a decretos de governadores. Não é verdade. Ministério da Saúde reforça que todos os estados seguem critérios técnicos.,circular rede social mensagem cumprimentar o decreto governador atestar óbito paciente morrer unidade único saudar sus afirmar o causar morte o covid-19 verdade o publicação o morte decorrente covid-19 país falsar inflar propositalmente causar mortis o texto acompanhar hashtag “ dorianaassassino ” alusão o o governador paulo joão doria o início pandemia coronavírus doria alvo informação falso internet impulsionar apoiadores presidente jair bolsonaro,saúde, 13/08/2020," Por Roberta Pennafort, CBN ",https://g1.globo.com/fato-ou-fake/coronavirus/noticia/2020/08/13/e-fake-que-todos-os-atestados-de-obitos-de-pacientes-do-sus-afirmem-que-causa-mortis-foi-a-covid-19.ghtml,0
7341,Inflação acima do centro da meta deve interromper queda de juros, 10/01/2020 09h23 ,"o inflação ano passar fechar 4,31 acima centrar meter 4,25 e contribuir o banco central interromper o processar quedo taxar juro reunião o taxar selic hoje 4,5 e haver expectativa o comitê político monetário copom cortar d 0,25 percentual o inflação acelerar dezembro o índice bater 1,15 principalmente contar pressão alimento aliar instabilidade mercar internacional crise envolver unir e irã o copom manter o “ cautela ” anunciar atar reunião ano passar e manter juro 4,5 o o taxar o criação meter inflação avaliação equipar econômica o taxar juro voltar o cair casar o congresso nacional aprovar o fase reformar estruturar enviar governar bolsonaro ano passar principalmente criar gatilho redução despesa o união e contribuir fortalecer o ajustar fiscal sinalizar equilíbrio futurar contar público e abrir espaçar redução taxar juro",política, 10/01/2020 09h23 , ,https://g1.globo.com/politica/blog/valdo-cruz/post/2020/01/10/inflacao-acima-do-centro-da-meta-deve-deter-queda-de-juros.ghtml,1
7342,General Heleno divulga resultado negativo em segundo teste para covid-19  ,,diagnóstico positivar infecção coronavírus o ministro-chefe gabinete institucional presidência general augusto heleno divulgar manhã hoje testar realizar resultar negativar covid-19 heleno o notícia contar oficial twitter testar coronavírus negativar graça o deus agradecer o e oração amigo e amigo seguir junto batalhar brasil melhor publicar o ministrar testar coronavírus negativar graça o deus agradecer o e oração amigo e amigo seguir junto batalhar brasil melhor pic.twitter.com/4kllredobh,saúde,31/03/2020 11h39Atualizada em 31/03/2020 12h22 ,Gabriel Caldeira,https://noticias.uol.com.br/ultimas-noticias/agencia-estado/2020/03/31/general-heleno-divulga-resultado-negativo-em-segundo-teste-para-covid-19.htm,1
7343,"

Paulo Gustavo morreu hoje em decorrência da Covid-19 #boato 
",Boato – O ator Paulo Gustavo morreu hoje em consequência de complicações da Covid-19. Notícia foi dada por “enfermeira amiga que trabalha no hospital”.,ator paulo gustavo morrer covid-19 o ano notícia semelhante o o agnaldo timóteo descansar paz paulo gustavo falar paulo gustavo morrer e o família divulgar o morte d amanhãrecebi notícia enfermeiro hospital o paulo gustavo internar haver falecer o esperar verdade deus acampar anjo o o redor d n,entretenimento,04/04/2021,"
Edgard Matsuki ",https://www.boatos.org/entretenimento/paulo-gustavo-morreu-decorrencia-covid-19.html,0
7344,"
  É falso que foto de manifestação contra Bolsonaro já tivesse sido publicada em site em 2016","Postagens afirmando que um registro feito no ato de 29 de maio de 2021 contra o presidente Jair Bolsonaro em São Paulo datava, na verdade, de 2016 foram compartilhadas mais de 1,9 mil vezes nas redes sociais desde o último dia 30 de maio. Mas a captura de tela de um site usada como prova foi digitalmente alterada. Ao acessar o portal, vê-se a foto de 2016, que não corresponde à imagem viralizada após os recentes protestos.Envie-nos por WhatsApp Email",“ genteee o esquerdo divulgar foto manifestação imagem alguém surpresar mentir d kkkkk ” indicar o legendar publicação circular facebook twitter e instagram postagens o imagem circular rede associar o atos realizar dia maio o presidente bolsonaro e o gestão enfrentamento covid-19 encontrar portal o datar março buscar exata google título matéria vestir publicação viralizadas “ atos defeso governar mostrar forçar e poupar ajuste pt ” levar matéria publicar site esquerdo diário março,brasil,2/06/2021 às 02:32,AFP Brasil,https://checamos.afp.com//e-falso-que-foto-de-manifestacao-contra-bolsonaro-ja-tivesse-sido-publicada-em-site-em-2016,0
7345,Ricardo Barros: 'Temos que ter flexibilidade para construir base segura'  ,,dia passar testar fogo líder governar câmara o o conseguir manter o vetar presidencial o o reajustar funcionalismo o deputar ricardo barro pp-pr afirmar pretender trabalhar construir base parlamentar seguro o o presidente jair bolsonaro admitir assunto haver dificuldade projetos relacionar o pautar costume reconhecer base governar eventualmente acompanhar o pautar costume interpretar pautar governar presidente o o estadão broadcast ex-líder governar durante o presidência fernando henrique cardoso psdb e vice-líder governo luiz inácio lula silvar e dilma rousseff pt o parlamentar gabar relacionar o oposição afirmar trânsito livrar o presidente câmara rodrigar maio dem-rj o presidente câmara influente plenário e acompanhar facilitar afirmar barro o o conseguir manter o vetar o o reajustar servidor o governar finalmente construir base seguir negociar o votação trabalhar mapa votação votar manter o vetar engenheiro contar votação voto o flexibilidade entender votação reflete base parlamentar construir base seguro harmônica e permanente,política,22/08/2020 12h00 ,Jussara Soares e Camila Turtelli,https://noticias.uol.com.br/ultimas-noticias/agencia-estado/2020/08/22/ricardo-barrostemos-que-ter-flexibilidade-para-construir-base-segura.htm,1
7346,"
  Nem todos estes surtos virais começaram na China e outros foram registrados no mesmo período ","Gripes aviária e suína; os vírus H2N2, H3N2 e H5N1; as doenças SARS, COVID-19 e peste suína: segundo publicações compartilhadas milhares de vezes em redes sociais desde o final de março, todos estes surtos virais teriam começado na China. No entanto, diversas destas epidemias tiveram origem em outros países. A lista ainda repete itens e omite vírus detectados fora da China durante o período analisado, de 1957 a 2020.Envie-nos por WhatsApp Email",“ o chino o país disseminar vírus o mundo e exigir pedir desculpar ” o legendar acompanhar o lista publicação compartilhar 4.500 facebook o dia março postagens voltar o circular recentemente multiplicar instagram e twitter surto listado publicação origem chino continental,saúde,28/07/2020 às 22:25,AFP Brasil,https://checamos.afp.com//nem-todos-estes-surtos-virais-comecaram-na-china-e-outros-foram-registrados-no-mesmo-periodo,0
7347,Japão confirma primeira morte por Covid-19; é a segunda fora da China,"Governo japonês disse que a vítima foi uma mulher de 80 anos, moradora da região metropolitana de Tóquio; país é sede das Olimpíadas de 2020.",o japão confirmar o morte país covid-19 doença respiratório provocar coronavírus n quinta-feira ministrar saudar japão katsunobu kato entrevisto coletiva o paciente mulher cercar ano morador região metropolitano tóquio o capital japonesar o olimpíada comedir julho semana passar o primeiro-ministro japão shinzo abar garantir o o parlamentar haver alteração calendário competição contar epidemiar coronavírus o ministério saudar japão claro o morte idoso o coronavírus informar o testar identificar o infecção positivar covid-19 o pastar detalhe o paciente o morte complicação respiratório provocar coronavírus chino o acontecer semana passar filipino,ciência, 13/02/2020 09h01 , Por G1 ,https://g1.globo.com/ciencia-e-saude/noticia/2020/02/13/japao-confirma-primeira-morte-por-covid-19.ghtml,1
7348,É #FAKE que neurocientista britânico concluiu que maioria da população é imune ao coronavírus e que distanciamento social é inútil,"Pesquisador Karl Friston diz que isolamento é, sim, importante para conter pandemia. Boato foi compartilhado, inclusive, pelo presidente Jair Bolsonaro.",circular rede social mensagem estudar o covid-19 neurocientista britânico concluir o população imune o o coronavírus e o chamar lockdown isolamento social rígido inútil conter o pandemia o mensagem falso foto karl friston conceituar pesquisador university college london entrevisto e afirmar “ melhorar estudo o covid-19 concluir o pessoa imune o o vírus ” “ o político fechar basear ciência falho ” e “ consequência danoso sociedade sentir década ” o presidente jair bolsonaro compartilhar o boatar,mundo, 19/08/2020," Por Roberta Pennafort, CBN ",https://g1.globo.com/fato-ou-fake/coronavirus/noticia/2020/08/19/e-fake-que-neurocientista-britanico-concluiu-que-maioria-da-populacao-e-imune-ao-coronavirus-e-que-distanciamento-social-e-inutil.ghtml,0
7349,'Friends' sorteia ingressos para especial em troca de doações para caridade  ,,"Cinco fãs sortudos vão ganhar um ingresso para a gravação do especial reunindo os atores de ""Friends"", que foi adiado por causa da pandemia do novo coronavírus. Para concorrer, basta fazer uma doação no site do projeto beneficente AllIn Challenge. O projeto destina suas doações a várias instituições que se dedicam a alimentar os mais necessitados durante a pandemia. Para divulgar a parceria do especial de ""Friends"" com o AllIn Challenge, Jennifer Aniston usou uma foto antiga dos seis protagonistas da sitcom reunidos. Hi guys ??? ? We're so excited to join the ALL IN challenge to help keep people fed and healthy during this time. ? ? We're inviting you and five of YOUR friends to join the six of us on Stage 24. Be our personal guests in the audience for the taping of our @HBOMAX reunion, as we reminisce about the show and celebrate all the fun we had ... and get the whole Friends VIP experience on the Warner Bros. Studio Tour.? ? We hope this brings a little joy, and something to look forward to. Go to AllInChallenge.com to enter... and donate whatever you can - $10, $25 - every dollar counts. 100% of proceeds will go to @nokidhungry, @mealsonwheelsamerica and #AmericasFoodFund which benefits @feedingamerica and @wckitchen. ? Can't wait to meet and hug you guys when this is all over Until then, keep Facetiming, calling, DMing, and texting your friends and family. We gotta stay connected  Uma publicação compartilhada por  Jennifer Aniston (@jenniferaniston) em 21 de Abr, 2020 às 10:01 PDT",saúde,22/04/2020 10h56 ,22/04/2020 10h56 ,https://entretenimento.uol.com.br/noticias/redacao/2020/04/22/friends-sorteia-ingressos-para-especial-em-troca-de-doacoes-para-caridade.htm,1
7350,Pesquisa Datafolha aponta perfil dos grupos que sustentam apoio a Bolsonaro ,,paulo o pesquisar avaliação presidente jair bolsonaro divulgar datafolha mostrar crise sanitário e econômica provocar o dispersão base o o presidente cientista político ouvir globo acordar analista entrevistar afirmar o gestão bolsonaro o pandemia mau ruim identificar predominar bloco popular o o presidente repúblico o estrato fiel o instituto corresponder o população e o avaliação positivo receber trata-se núcleo confiar bolsonaro falir medo pandemia e o vacinar o acordar o leitura pesquisar formar apoiadores fiel população e responder avaliação positivo presidente segmentar apesar votar bolsonaro o distanciamento social e vacinar haver render e beneficiar auxílio emergencial acesse o íntegro reportagem exclusivo assinante,brasil, Publicado em  18/03/21 04:30 ,Gustavo Schmitt,https://extra.globo.com/noticias/brasil/pesquisa-datafolha-aponta-perfil-dos-grupos-que-sustentam-apoio-bolsonaro-24930139.html,1
7351,"

Instituto Rio Branco mudou o nome para Instituto Che Guevara e virou esquerdista #boato 
",Boato – O ex-Instituto Rio Branco passou a ser controlado por esquerdistas e virou Instituto Che Guevara. É por isso que Bolsonaro quer indicar Eduardo Bolsonaro para a embaixada do Brasil em Washington (EUA).,ex-instituto rir branco atual che guevara gritar bandidagem o indicação eduardo bolsonaro cargo diplomático eua pessoa informar o rir branco outrora ambientar aceitação e formação elite intelectual.as pessoa descobrir o rir branco transformar governo consecutivo máfia esquerdista instituto che guevara formação vagabundo lulalivristas e maduristas sair disfarçar diplomata deprimente instituto formar alguém josé guilherme merquior turma formando escolher o psolista marielle franco patrono … acomodar militante esquerdista durante governo o máfia destruir o instituto substituir provar dissertativas inglês e francês provar “ múltiplo escolher ” retardar conseguir admissão e gritar instituto “ marielle viver ” “ lula guerreiro brasil ” “ defeso ‘ soberania ’ “ .para transformar mafioso atacar sólido plano carreira caracterizar o instituição e documento trocar o exigente e justar “ obrigatório fluência total inglês e espanhol ” o relativo “ desejável conhecimento inglês e espanhol”.em estágio grave instituição importante brasil continuar processo cubanização precisar interrompido cubanizadores o brasil forte aliar washington,política,20/07/2019,"
Edgard Matsuki ",https://www.boatos.org/politica/instituto-rio-branco-mudou-nome-instituto-che-guevara-esquerdista.html,0
7352,SP: Justiça determina restrição de acesso a praias em feriado antecipado  ,,o justiçar paulo determinar hoje o restrição o o acesso turista o praia litoral paulista dia e maio durante feriar antecipar capital o decisão caber o município mongaguá itanhaém peruíbe itariri e pedrar toledo conceder prazo horar adoção medir caber recurso o determinação o juiz rafael vieira patara 3ª varar comarcar itanhaém acatar pedir ministério público estadual alegar durante o feriar pessoa optar viajar o litoral levar o riscar coronavírus município cidade o procuradoria possuir estruturar atender demandar considerável paciente infectar haver visto o leito o necessidade auxílio ventilatório o acesso restrito o veículo entanto conferir o seguir exceções durante o período,saúde,19/05/2020 21h34 ,19/05/2020 21h34 ,https://noticias.uol.com.br/cotidiano/ultimas-noticias/2020/05/19/sp-justica-determina-restricao-de-acesso-a-praias-em-feriado-antecipado.htm,1
7353,"

Ministros do STF deixam rombo em Itaipu similar ao rombo da Petrobras #boato 
",Boato – Ministros do STF deixaram um rombo em Itaipu similar ao rombo da Petrobras porque roubavam descaradamente e foram descobertos pela equipe de Bolsonaro.,bomba bomba bomba o descobrir rombo petrobrás descobrir o rombo itaipú envolvido ministro stf e alto cúpula judiciário.roubavam deslavadamente nenhum escrúpulo e o ceu aberto.não haver limite farra ministro e parlamentar o equipar bolsonaro descobrir o fechar o torneira.veja o mídia nefasto e o globósta divulgar roubo o petrobrás e desgraçar preso e continuar atuando acontecer e continuar detonar e levar o país bancarrota,política,16/06/2020,"
Raiane Gonoli ",https://www.boatos.org/politica/ministros-do-stf-deixam-rombo-em-itaipu.html,0
7354,donald trump perder o peruca umar turbina avião,,o vídeo duração vestir centena vezar dia n o gente o presidente unir donald trump durante umar entrevistar o o avião motor aeronave arrancar o peruca d,entretenimento,2/12/20192,gilmar lopes,https://www.e-farsas.com/donald-trump-perdeu-a-peruca-em-uma-turbina-de-aviao.html,0
7355,Post atribui a Maia declaração falsa sobre votações no Congresso  ,,imagem publicar rede social madrugar segunda-feira distorcer falir presidente câmara deputar federal rodrigar maio dem-rj haver quase ano o post atribuir o maio o seguinte declaração o congresso o ouvir o cartório o gente carimbar o o pedir entanto maio o câmara o ouvir o o casar independência debater aceitar o câmara deputar transformar cartório carimbador opinião sociedade democrático respeitar o câmara deputar o legitimidade ratificar modificar rejeitar obrigar o aprovar chegar o plenário,política,25/09/2019 20h16Atualizada em 25/09/2019 20h44 ,25/09/2019 20h16Atualizada em 25/09/2019 20h44 ,https://noticias.uol.com.br/comprova/ultimas-noticias/2019/09/25/post-atribui-a-maia-declaracao-falsa-sobre-votacoes-no-congresso.htm,0
7356,Presidente do Banco Central monta plano para melhorar a tecnologia do Coaf, 08/01/2020 09h18 ,o presidente banco central bc roberto campo neto montar planar melhorar o tecnologia controlo atividades financeiro coaf n quarta-feira 8) o órgão controlo passar o bc o mudança oficializar publicação n diário oficial união sanção presidente jair bolsonaro lei estabelecer o sair coaf ministério economia o coaf unidade inteligência financeiro governar federal atua principalmente prevenção e combater lavagem dinheiro avaliação campo neto o transferência resolver impasse e afastar o órgão influência político o guarda-chuva bc “ puramente técnico ” e “ apartar influência político ”,política, 08/01/2020 09h18 , ,https://g1.globo.com/politica/blog/andreia-sadi/post/2020/01/08/presidente-do-banco-central-monta-plano-para-melhorar-a-tecnologia-do-coaf.ghtml,1
7357," Os donos da Globo na lista de Messer: no Estado policial, não há inocentes  ",,delação paraguaio acertar o lavar jato rir o doleiro dario messer afirmar durante o década emissário entregar o membro família marinhar dono organização globo quantiar variar us$ e us$ destinatário seriar joão roberto marinhar e roberto irineu marinhar depoimento remessar entregue tv globo avançar consideração mentir o delação messer resultar entregar r$ bilião o cofre público o avaliação total brasil e paraguai — o diga-se n país patrimônio encontra-se bloquear e reiterar prático o doleiro condenar seriar sequestrar o o lavar jato presentar o imprensar brasileiro o trabalhar assessoria o operação trocar lista pessoa e empresar operar ficar bolar r$ milhão — r$ milhão r$ milhão anunciar,política,15/08/2020 07h38 ,15/08/2020 07h38 ,https://noticias.uol.com.br/colunas/reinaldo-azevedo/2020/08/15/os-donos-da-globo-na-lista-de-messer-no-estado-policial-nao-ha-inocentes.htm,1
7358,É #FAKE que homem ateou fogo em agência do Poupatempo em Bangu,"Legenda de vídeo que circula nas redes e mostra homem incendiando balcão de atendimento diz que fato ocorreu no Rio. Caso, porém, aconteceu em Carapicuíba, na Grande SP.",vídeo mostrar homem atear fogo o agência poupatempo repercutir rede social e whatsapp juntar imagem circular legendar o casar acontecer n terça-feira bangu zonar oeste rir o casar verdade acontecer carapicuíba região metropolitano paulo dia agostar gravação aparecer pessoa discutir impedir homem colocar fogo s mesa atendimento o símbolo governar paulo o o poupatempo o poupatempo paulo confirmar o atacar acontecer município paulista noto informar homem invadir o restrito o funcionário e atear fogo o o mobiliário o brigar incêndio postar atendimento apagar chamar causar ocorrer o agência fechar s 16h30,brasil, 20/08/2019," Por Camila Zarur, Extra ",https://g1.globo.com/fato-ou-fake/noticia/2019/08/20/e-fake-que-homem-ateou-fogo-em-agencia-do-poupatempo-em-bangu.ghtml,0
7359,"O esporte parece irrelevante, diz Eto'o sobre pandemia de coronavírus  ",,o jogador camaronense samuel eto'o o esporte irrelevante o mundo enfrentar o pandemia coronavírus publicar artigo opinião site fifa e abordar diverso assunto eto'o aproveitar o espaçar site organização falar problema causar covid-19 e dividir história torcedor ligar torneio e evento adiar o mundo obviamente medir necessário sentir importante desejar banalizar terminar dever olhar o alegria o esporte trazer o comunidade global escrever eto'o ressaltar o conexão o esporte proporcionar vidar pessoa vírus dividir e isolar o esporte unir e conectar,saúde,03/06/2020 09h18Atualizada em 03/06/2020 09h59 ,03/06/2020 09h18Atualizada em 03/06/2020 09h59 ,https://www.uol.com.br/esporte/futebol/ultimas-noticias/2020/06/03/etoo-esporte-pandemia-coronavirus.htm,1
7360,Juiz perde a paciência e bate nos competidores durante Olimpíadas! Será verdade?,,o filminho duração e começar o compartilhar rede social semana agostar durante olimpíada tóquio japão n juiz descontrolar durante lutar marcial bater competidor imobilizar pessoa,entretenimento,10/08/2021,Gilmar Lopes,https://www.e-farsas.com/juiz-perde-a-paciencia-e-bate-nos-competidores-durante-olimpiadas-sera-verdade.html,0
7361,"Taxa de transmissão da covid no Brasil volta subir, diz Imperial College  ",,"o brasil voltar o registrar aumentar taxar transmissão coronavírus divulgar n terça-feira imperial college londres o taxar transmissão vírus chegar o 1,10 país haver dia o índice estimar 0,94 taxar transmissão 1,10 significar cem pessoa contaminar transmitir o vírus o abril o país apresentar taxar acima situação considerar controlo agostar o índice baixar juntar país portugal itália e reinar unir o brasil classificar imperial college fase crescimento doença o relatório divulgar instituição britânico apresentar previsão óbito doença e análise tendência notificação caso país transmissão ativa ... ler íntegro estadão",política,17/11/2020 18h57 ,17/11/2020 18h57 ,https://noticias.uol.com.br/colunas/reinaldo-azevedo/2020/11/17/taxa-de-transmissao-da-covid-no-brasil-volta-subir-diz-imperial-college.htm,1
7362,"

Copiar e colar texto “obrigada pela dica para mudar o Facebook” faz você ter perfil totalmente novo #boato 
",Copiar e colar texto “obrigada pela dica para mudar o Facebook” faz você ter perfil totalmente novo #boato,obrigar pelar dica parir mudar o facebook funcionar perfil totalmente postagens pessoa copiar texto e parir o suar página “ o pensar ” e colá-lo contornar o olá e velho amigo deixar oi,entretenimento,02/06/2021,"
Edgard Matsuki ",https://www.boatos.org/tecnologia/copiar-e-colar-texto-obrigada-pela-dica-para-mudar-o-facebook-faz-voce-ter-perfil-totalmente-novo.html,0
7363,"Ex-gerente do Banco do Brasil e dois doleiros viram réus na Lava Jato por organização criminosa, corrupção e lavagem de dinheiro","José Eiras, Raul Henrique Srour e Carlos Mallorquin Junior foram denunciados por um esquema de lavagem de dinheiro que movimentou ilegalmente mais de R$ 9 milhões, segundo o MPF.",o ex-gerente banco brasil josé aparecer augusto eira e doleiros raul henrique srour e carlos arturo mallorquin junior tornar réu processar operação lavar jato apurar esquema suspeitar movimentar ilegalmente r$ milhão eira mallorquin junior e srour denunciar abril acusar crime organização criminoso lavagem dinheiro corrupção e gestão fraudulento instituição o aceitação denúncia divulgar ministério público federal mpf n quarta-feira o justiçar tornar o ex-gerente e doleiros réu dia maio acordar o mpf crime cometido e atos denúncia referente 66ª fase operação lavar jato investigar operação realizar funcionário e ex-funcionários banco brasil burlar o controlo atividades financeiro coaf,política, 10/06/2020 15h27 , Por G1 PR — Curitiba ,https://g1.globo.com/pr/parana/noticia/2020/06/10/ex-gerente-do-banco-do-brasil-e-dois-doleiros-viram-reus-na-lava-jato-por-organizacao-criminosa-corrupcao-e-lavagem-de-dinheiro.ghtml,1
7364,Denúncia de ex-mulher e mala de dinheiro: alguém ouviu essa história antes?  ,,"o semana passar o deputar arthur lira p virar alvo investigação núcleo combater corrupção procuradoria repúblico alagoa lira principal líder centrão e o e poderoso aliar presidente jair bolsonaro congresso atua líder informal governar ex-mulher jullyene cristine lins rocha o acusar acumular fortuna dinheiro propinar o patrimônio ex-marido superar milhão real manter ocultar fisco o deputar declarar justiçar eleitoral 1,7 milhão jullyene denunciar o ex-marido o o ministério público federal ano passar negar o pagar-lhe real pensão alimentício filho junto",política,26/07/2020 11h24 ,26/07/2020 11h24 ,https://noticias.uol.com.br/colunas/thais-oyama/2020/07/26/denuncia-de-ex-mulher-e-mala-de-dinheiro-alguem-ouviu-essa-historia-antes.htm,1
7365,Anvisa certifica farmacêutica chinesa que desenvolveu CoronaVac  ,,"A Sinovac, fábrica que desenvolveu a vacina CoronaVac contra o novo coronavírus, em parceria com o Instituto Butantan, de São Paulo, recebeu a certificação de boas práticas da Agência Nacional de Vigilância Sanitária (Anvisa). A resolução foi publicada pela Anvisa nesta segunda-feira (21) no Diário Oficial da União, tem validade de dois anos e diz respeito à linha de produção do Insumo Farmacêutico Ativo (IFA) - matéria-prima para a produção do imunizante e de produtos estéreis usados na formulação. ""A etapa finalizada é um dos pré-requisitos para a continuidade do processo de registro da vacina da Sinovac e de um eventual pedido de autorização"", ressaltou a agência, em nota divulgada na noite de ontem. O pedido de registro, no entanto, depende da divulgação de resultados sobre a eficácia da vacina pelo Butantan, o que deve ocorrer amanhã (23), segundo a agência.",saúde,22/12/2020 09h36 ,22/12/2020 09h36 ,https://noticias.uol.com.br/ultimas-noticias/agencia-brasil/2020/12/22/anvisa-certifica-farmaceutica-chinesa-que-desenvolveu-coronavac.htm,1
7366,Mourão diz que vê cultos possíveis no momento: 'É diferente de balada'  ,,o vice-presidente hamilton mourão prtb hoje o possibilidade realização missar e culto religioso pandemia covid-19 país decisão ministrar stf supremo tribunal federal kassio nunes marcar liberar celebração o domingo páscoa mourão afirmar o realização evento depender público e depender pessoa e depender templo afirmar o vice-presidente declaração imprensar palácio planalto brasília igreja espaçar limitar o pessoa separar banco colocar mundo máscara obviamente achar haver condição templo apertar e gente óbvio conveniente mourão,saúde,05/04/2021 13h21 ,05/04/2021 13h21 ,https://noticias.uol.com.br/saude/ultimas-noticias/redacao/2021/04/05/mourao-diz-que-ve-cultos-possiveis-no-momento-e-diferente-de-balada.htm,1
7367,Anvisa recebe pedido de uso emergencial de medicamento contra covid-19  ,,o anvisa agência nacional vigilância sanitário receber n 3ª feirar 30.mar.2021 pedir emergencial medicamentar o covid-19 desenvolver empresar farmacêutico norte-americana eli lilly aprovar o 1º país e o 2º tratamento o coronavírus -o antiviral remdesivir autorização brasil o prazo análise medicamentar anticorpo dia o anvisa entanto afirmar precisar pedir informação documento o análise levar o análise considerar o processar status exigência técnico o laboratório preciso responder técnico feito agência processar noto ... ler íntegro poder360,política,30/03/2021 16h51 ,30/03/2021 16h51 ,https://noticias.uol.com.br/colunas/reinaldo-azevedo/2021/03/30/anvisa-recebe-pedido-de-uso-emergencial-de-medicamento-contra-covid-19.htm,1
7368,"CPI da Covid é chance para 'muita gente no limbo' reaparecer, diz Mourão  ",,o vice-presidente hamilton mourão prtb afirmar hoje o cpi comissão parlamentar inquérito covid instalar senado oportunidade gente limbo reaparecer mourão citar nome aguardar o acontecer achar discussão político gente aproveitar reaparecer gente limbo retornar gente ressuscitar declarar mourão n manhã chegar vice-presidência o cpi relator o senador renan calheiros mdb-al alvo tentativo impedimento aliar presidente jair bolsonaro discursar cpi renan criticar ações governar federal enfrentamento pandemia e afirmar relatório isentar,política,28/04/2021 12h24Atualizada em 28/04/2021 13h14 ,28/04/2021 12h24Atualizada em 28/04/2021 13h14 ,https://noticias.uol.com.br/politica/ultimas-noticias/2021/04/28/mourao-cpi-covid-anvisa-sputnik-v.htm,1
7369,Google é condenado na Austrália por coletar dados de localização no Android,"Tribunal federal determinou que empresa violou a legislação local do consumidor ao coletar o 'histórico de localização' de alguns usuários, mesmo quando eles optaram por não compartilhar essa informação.",tribunal australiano determinar n sexta-feira o google enganar consumidor o coleta localização celular android o tribunal federal o google violar o legislação australiano consumidor o o coletar o histórico localização usuário optar compartilhar informação informação agência afp o casar giro tornar configuração específico google relacionar coleta localização histórico localização e atividades web e aplicativo o tribunal concluir o google alegar erroneamente coletar informação histórico localização dispositivo usuário janeiro e dezembro informar o reuters,política, 16/04/2021 08h43 , Por G1 ,https://g1.globo.com/economia/tecnologia/noticia/2021/04/16/google-e-condenado-na-australia-por-coletar-dados-de-localizacao-no-android.ghtml,1
7370,OMS examina relatos de problemas da vacina AstraZeneca e diz não ver causalidade  ,,"GENEBRA (Reuters) - A Organização Mundial da Saúde (OMS) disse nesta segunda-feira que sua comissão de aconselhamento está analisando relatos sobre a vacina contra Covid-19 da AstraZeneca, mas que não existe nenhum indício de que qualquer incidente de saúde tenha sido causado pelo medicamente. Em uma resposta à Reuters, o porta-voz da OMS, Christian Lindmeier, disse: ""Assim que a OMS tiver um entendimento pleno destes acontecimentos, as conclusões e quaisquer mudanças improváveis nas recomendações atuais serão comunicadas imediatamente ao público"". ""Até o dia de hoje, não existe nenhum indício de que os incidentes sejam causados pela vacina, e é importante que as campanhas de vacinação continuem para que possamos salvar vidas e conter as doenças graves decorrentes do vírus"", acrescentou.",saúde,15/03/2021 12h32 ,Stephanie Nebehay,https://noticias.uol.com.br/ultimas-noticias/reuters/2021/03/15/oms-examina-relatos-de-problemas-da-vacina-astrazeneca-e-diz-nao-ver-causalidade.htm,1
7371,"Pandemia de covid-19 no Brasil: 14,8 mil mortes e duas trocas na Saúde  ",,dia o governar bolsonaro completar dia ministrar cair o nono ministrar o sair o início mandatar jair bolsonaro o pastar saudar — o pandemia matar quase pessoa brasil — e o período dia cargo nelson teich pedir demissão discordância o presidente o presidência repúblico e o ministério saudar travar batalhar político morte e contaminação coronavírus continuar o crescer rapidamente o país registrar caso confirmar e 14.817 morte covid-19 15.305 caso horar o diagnóstico único dia bater o recordar 13.944 caso registrar dia anterior o principal atrito o médico teich e bolsonaro o o cloroquina tratamento covid-19 doença causar coronavírus o presidente defender o medicamentar início doença e demitir ministrar anterior luiz henrique mandetta justamente o medicamentar cautela o repetir teich apesar nomear o justificativo alinhar o o discursar presidente entretanto o o falar o medicamentar discursar posse teich sinal caminhar sentir absoluto bolsonaro,saúde,16/05/2020 01h30 ,Carolina Marins,https://noticias.uol.com.br/saude/ultimas-noticias/redacao/2020/05/16/saida-teich-saude-bolsonaro-coronavirus.htm,1
7372,"Bolsonaro precisa fazer o auxílio emergencial outra vez, diz Lula  ",,o ex-presidente luiz inácio lula silvar pt afirmar o governar federal preciso recriar o auxílio emergencial ajudar o população afetada pandemia coronavírus o auxílio emergencial presidente jair bolsonaro congresso e o acontecer n país lula participação uol entrevisto manhã hoje o presidente jair bolsonaro e o ministrar economia paulo guedes sinalizar o possibilidade voltar benefício r$ ano passar o auxílio começar o pagar parcelar r$ reduzir r$,política,18/02/2021 12h19 ,"Afonso Oliveira, Ana Carla Bermúdez, Fabio Regula e Leonardo Martins ",https://noticias.uol.com.br/politica/ultimas-noticias/2021/02/18/uol-entrevista-lula---6.htm,1
7373,Trabalhadores se isolam em fábrica para continuar produzindo 50 mil máscaras por dia  ,,funcionário medir necessário prevenir o contágio linha produção e garantir proteger médico tunísia haver caso confirmar coronavírus e morte funcionário fábrica tunísia produzir máscara dia e equipamento médico proteção optar ficar isolar trabalhar auxiliar combater pandemia coronavírus trabalhador o d mulher ficar fábrica empresar consomed o fábrica geralmente exportar equipamento proteção focar produzir o suficiente o setor saudar nacional o país norte áfrico caso confirmar coronavírus e morte,saúde,29/03/2020 11h39 ,Rana Jawad,https://noticias.uol.com.br/saude/ultimas-noticias/bbc/2020/03/29/trabalhadores-se-isolam-em-fabrica-para-continuar-produzindo-50-mil-mascaras-por-dia.htm,1
7374,"Paes defende parceria com Bolsonaro contra covid: ""Flávio vai nos ajudar""  ",,prefeito eleito rir eduardo paes dem anunciar buscar parceria o governar jair bolsonaro combater o pandemia covid-19 viver período alto caso capital fluminense pronunciamento o o presidente câmara rodrigar maio dem paes citar o enviar teste e o abertura leito hospital federar prioridade e o senador flávio bolsonaro republicano filhar velho presidente auxiliar articulação discursar paes classificar eleição marcelo crivella republicano — atual prefeito e candidatar bolsonaro cidade — vitória político e criticar o radicalismo político brasileiro o nenhum carioca o nenhum brasileiro,política,29/11/2020 20h17 ,Gabriel Sabóia e Igor Mello,https://noticias.uol.com.br/eleicoes/2020/11/29/paes-defende-parceria-com-bolsonaro-contra-covid-flavio-vai-nos-ajudar.htm,1
7375,Polícia Federal não descobriu fraude na Mega da Virada  ,,n comedir circular internet o notícia o polícia federal pf descobrir fraudar mega-sena virar o mensagem compartilhar whatsapp comedir o frase efeito canalha corrupto destruir sonho pessoa atenção aposto loteria caixa enganar seguir o funcionamento supor esquema descrever fraudar o pesar bola querer e botar laranjo jogar diferente pessoa incluir auditor e funcionário ligar diretamente o o governar envolvido o pf identificar membro quadrilha r$ bilião contar paraíso fiscal o r$ milhão,entretenimento,22/01/2019 04h01 ,Anita Grando Martins,https://noticias.uol.com.br/confere/ultimas-noticias/2019/01/22/policia-federal-nao-descobriu-fraude-na-mega-da-virada.htm,0
7376,Doses da Janssen doadas pelos EUA ao Brasil foram aprovadas pela Anvisa  ,,vídeo publicar o instagram enganir o o relacionar o extensão validade vacinar janssen subsidiário johnson johnson o doação dose unir parir outro país incluir o brasil junho o imunizante procedimento usual o prazo validade estender base estudo contínuo apresentar pelar fabricante o segundar o food and drug administration fda unir e o agência nacional vigilância sanitário anvisa autorizar o prorrogação indicar o vacinar armazenar e mear e comer originalmente prever o temperatura indicar,saúde,07/07/2021 13h40 ,07/07/2021 13h40 ,https://noticias.uol.com.br/comprova/ultimas-noticias/2021/07/07/doses-da-janssen-doadas-pelos-eua-ao-brasil-foram-aprovadas-pela-anvisa.htm,0
7377,"

Nunca use uma escada rolante que esteja parada e sem funcionamento #boato 
",Boato – Vídeo que mostra escada rolante “se abrindo” é o exemplo de que nunca devemos usar uma escada rolante parada e que não esteja funcionando.,avisar familiar e filho escada rolante funcionar o escada fixo o pesar pessoa escada rolante forçá-la o rolar velocidade controlo d degrau escada cair o objetivo vídeo conscientizar evitar ocorrer acidente comum pessoa utilizar escada rolante parar repassar norma segurança trabalhar escada parar interditar proprietário,brasil,10/01/2020,"
Edgard Matsuki ",https://www.boatos.org/brasil/nunca-use-escada-rolante-parada-sem-funcionamento.html,0
7378,Moderna quer aumentar em 50% capacidade de seus frascos de vacinas  ,,o empresar americano biotecnologia moderno anunciar n sexta-feira pedir s autoridade saudar mundial permissão aumentar o capacidade frasco vacinar covid-19 e acelerar campanha imunização andamento otimizar recurso e oportunidade entregar dose rapidamente o mercar o moderno oferecer encher frasco dose vacinar comparação anterior anunciar o empresar comunicar enviar afp o agência medicamento unir fda aprovar o aumentar conteúdo frasco o jornal the new york times citar fonte interno o o casar,saúde,12/02/2021 21h52 ,12/02/2021 21h52 ,https://noticias.uol.com.br/ultimas-noticias/afp/2021/02/12/moderna-quer-aumentar-em-50-capacidade-de-seus-frascos-de-vacinas.htm,1
7379,armar biológico gripezinha o fake news o pandemia,assista à participação do criador do e-farsas no canal bio’s fera sobre as fake news envolvendo a epidemia do novo coronavírus!,dia maio transmitir o o viver bater papar o pesquisador e-farsas e henrique rufar canal bio ’ s fero quase horar falir notícia falso circular rede social o respeitar covid-19,saúde,13/05/2020,gilmar lopes,https://www.e-farsas.com/de-arma-biologica-a-gripezinha-as-fake-news-na-pandemia.html,0
7380,"PEC da imunidade vai a comissão para ser debatida e ajustada, diz Lira  ",,entrevisto tv record o presidente câmara arthur lira pp-al falar o deliberação frustrar sexta-feira chamar pec blindagem proposto fortalecer o imunidade parlamentar e dificultar prisão parlamentar lira afirmar o texto seguir comissão especial o discutir e receber ajuste o matéria apresentar respostar prisão deputar daniel silveiro psl-rj deter flagrante compartilhar vídeo ameaçar e xingamento o ministro stf supremo tribunal federal e apologia o o atar institucional nº ai-5 instrumentar repressão ditadura militar tratar impunidade e tratar blindagem o supremo preciso e regulamentar tratar d caso porventura vir o acontecer e esperar vir o acontecer afirmar lira o proposto ... ler íntegro uol,política,01/03/2021 14h00 ,01/03/2021 14h00 ,https://noticias.uol.com.br/colunas/reinaldo-azevedo/2021/03/01/pec-da-imunidade-vai-a-comissao-para-ser-debatida-e-ajustada-diz-lira.htm,1
7381,É #FAKE que novo coronavírus morre ao ser exposto ao ar quente de secadores de cabelo ou de saunas,"Vídeo compartilhado nas redes sociais ensina técnica de aquecimento de cavidades nasais, condenada por médicos. Para especialistas, além de não funcionar, ação pode agravar estado de saúde e provocar queimaduras.",vídeo compartilhar rede social afirmar o inspiração ar quentar sauna o secador cabelar voltar s cavidade nasal matar o coronavírus e prevenir o covid-19 duração minuto o vídeo espalhar mundo e aparecer o indicação “ informação falso ” facebook — checar verificador — gravar homem chamar dan lee dimke afirmar o coronavírus vulnerável o alto temperatura e expor o 56ºc morrer minuto membrana protetora entrar colapso “ o vírus reproduzir frio corpo o tecer epitelial cavidade nasal ... o técnico expor o vírus o o calor medicação e vacinar o vírus morrer o infecção e sintoma parir e o pandemia acabar ” o homem vídeo o narrador afirmar sauna bastir minuto matar coronavírus corpo humanar e desaparecer informar secador cabelar,saúde, 17/04/2020," Por Roberta Pennafort, CBN ",https://g1.globo.com/fato-ou-fake/coronavirus/noticia/2020/04/17/e-fake-que-novo-coronavirus-morre-ao-ser-exposto-ao-ar-quente-de-secadores-de-cabelo-ou-de-saunas.ghtml,0
7382,"
  A foto de Carlos Bolsonaro na frente de vários celulares é, na verdade, uma montagem","Uma fotografia compartilhada milhares de vezes nas redes sociais desde o último dia 27 de maio mostra o filho do presidente Jair Bolsonaro e vereador licenciado do Rio de Janeiro, Carlos Bolsonaro, supostamente administrando vários celulares em uma mesa. A imagem, contudo, foi manipulada digitalmente e, originalmente, é de uma mulher trabalhando nas chamadas “click farms” na China.Envie-nos por WhatsApp Email",“ o o bolsonaro o ” legendar publicação compartilhar facebook acompanhar foto carlos bolsonaro o filhar presidente jair bolsonaro celular administrando-os “ palácio planalto residência d ” “ gente desmontar o brinquedoteca d menino cê mau sic ” e “ sera o alexandre moraes foto carluxo exército robô ” comentário postagens usuário desconfiar imagem demonstrar indignação fato página divulgar “ fake news ” “ bolsonaro e filho foto ta parecer montagem … sic ” “ fake entrar jogar ” e “ propagar fake crime compartilhar e criminoso o perguntar … espalhar fake ”,brasil,29/05/2020 às 17:46,AFP Brasil,https://checamos.afp.com//foto-de-carlos-bolsonaro-na-frente-de-varios-celulares-e-na-verdade-uma-montagem,0
7383,Corregedoria do TJ-SP apura caso de juiz que zombou da lei Maria da Penha  ,,o corregedoria tribunal justiçar paulo abrir apuração preliminar investigar juiz varar família e sucessão capital zombar lei maria penha durante audiência guardar e visitar filho sessão o magistrado nome revelar tribunal afirmar aprender vidar ninguém agredir ninguém graça o casar revelar site papar mãe parceiro uol imagem divulgar portal revelar o magistrado desmerecer o lei maria penha voltar proteção mulher vítima violência doméstico devagar o andor o santo barrir lei maria penha o mãe tô aprender vidar juiz ninguém agredir ninguém graça afirmar ... ler íntegro estadão,política,18/12/2020 18h49 ,18/12/2020 18h49 ,https://noticias.uol.com.br/colunas/reinaldo-azevedo/2020/12/18/corregedoria-do-tj-sp-apura-caso-de-juiz-que-zombou-da-lei-maria-da-penha.htm,1
7384,'Os pais correm risco de morrer pela atitude dela': médicos fazem alerta a quem participa de festas de ano novo  ,,epidemiologista ouvir bbc news brasil jovem decidir participar aglomeração consciência o riscar impor familiar e colega trabalhar s véspera comemoração ano e auge temporada turismo epidemiologista alertar risco pessoa participar aglomeração e aumentar o transmissão vírus o impactar explicar médico comedir festa e colocar riscar familiar colega trabalhar e pessoa convívio social necessariamente participar comemoração oportunidade aglomerar faltar paulo rir janeiro e destino turístico trancoso e caraíva bahia locar festa irregular aglomeração e máscara registrar s interrompido bombeiro polícia militar,saúde,30/12/2020 18h38 ,Laís Alegretti ,https://www.uol.com.br/vivabem/noticias/bbc/2020/12/30/os-pais-correm-risco-de-morrer-pela-atitude-dela-medicos-fazem-alerta-a-quem-participa-de-festas-de-ano-novo.htm,1
7385,Foto com médicos que ajudam no combate ao coronavírus viraliza nas redes  ,,sexta-feira profissional saudar voar juntar passageiro atlanta destinar o york profissional o americano ajudar combater o o coronavírus comissário bordar ficar comover o dedicação profissional e registrar o situação o postagem publicar instagram companhia aéreo e viralizou rede social comissário bordar gostar conhecer cliente atender e sexta-feira março equipar conhecer profissional saudar o bordar voar porta-voz companhia aéreo o o site insider o foto possuir curtir instagram e legendar agradecimento escrito dayartra etheridge funcionário companhia aéreo continuar o sentir efeito pandemia covid-19 ninguém o acontecer profissional médico almo corajoso soldar o tremer riscar e exposição constantemente colocar necessidade acima o postagem o postagem valorizar sacrifício profissional saudar ajudar combater doença sacrifício abnegar farol luzir durante período sombrio mundo e quantidade gratidão e louvor suficiente causar coragem família amigo colega trabalhar vizinho e chance lutar dúzia profissional saudar atlanta responder ligação noite sexta-feira passar servir york,saúde,31/03/2020 13h09 ,"Do UOL, em São Paulo",https://noticias.uol.com.br/internacional/ultimas-noticias/2020/03/31/foto-saude-ajuda-coronavirus.htm,1
7386,"

Mãe de jovem morto no Jacarezinho posa com fuzil na mão em festa #boato 
",Boato – Mãe de um jovem morto na operação policial na favela do Jacarezinho foi flagrada em uma festa segurando um fuzil e dançando.,versão mãe estudante jacarezinho bailar idade … “ fuzil mão cabeça chão ” versão mãe anjo morrer confrontar o pm jacarezinho aparecer festa fuzil mão e globolixo e diretos mano globolixo versão o mãe “ inocente ” confrontar vítima dever preso apologia e morte filho versão mulher aparecer rjtv atacar o policiar video traficante e brincar fuzil festa,brasil,10/05/2021,"
Edgard Matsuki ",https://www.boatos.org/brasil/mae-jovem-morto-jacarezinho-posa-com-fuzil-mao-festa.html,0
7387,É #FAKE que vacina canina mostrada em vídeo se destine ao novo coronavírus humano,Vídeo que tem viralizado nas redes sociais confunde o coronavírus que ataca animais com o novo coronavírus que ataca humanos. Especialistas dizem que a mensagem passada é totalmente falsa.,circular rede social vídeo homem apresentar caderneta vacinação cachorro adesivo vacinar vanguard htlp 5/ cv-l destinar prevenção coronavírus canino vídeo o homem vírus gente cão imune o vírus cachorro imunizar falar fabricar vacinar poupar vírus antigo alexandre merlo gerente técnico e pesquisar aplicar animar companhia zoetis fabricante vacinar mencionar vídeo explicar o produto destinar o humano o o coronavírus o coronavírus vacinar coronavírus haver haver década e provocar cão quadrar gastrointestinal principalmente diarreia s vômito coronavírus cão haver pertencer família coronavírus coronavírus o sars coronavírus acometer humano vacinar servir prevenir o coronavirose canino vacinar servir tratar pessoa infecção coronavírus,saúde, 19/03/2020," Por Roney Domingos, G1 ",https://g1.globo.com/fato-ou-fake/noticia/2020/03/19/e-fake-que-vacina-canina-mostrada-em-video-se-destine-ao-novo-coronavirus-humano.ghtml,0
7388,É falso que jogador dinamarquês tenha se vacinado antes de sofrer mal súbito,,tuíte informar comer fonte umar entrevisto feito parir umar rádio italiano existência o emissor negar o jogador tampouco vacinar segundar o diretor clube atua,saúde,2021-06-15,Comprova,https://projetocomprova.com.br/publicações/e-falso-que-jogador-dinamarques-tenha-se-vacinado-antes-de-sofrer-mal-subito/,0
7389,É #FAKE que OAB entrou com ação contra o estado do Rio por cobrança indevida da GRT pelo Detran,Vistorias deixaram de ser obrigatórias por decisão da Alerj; entidade nega que fez pedido,"rede social e whatsapp circular mensagem afirmar o ordem advogar brasil rir janeiro oab-rj entrar ação o rir alegar cobrança indevido guiar regularização taxar grt detran-rj reunir taxar licenciamento anual e o emissão certificar registrar e licenciamento veículo crlv o texto compartilhar fake o justificativo mensagem o obrigatoriedade vistoriar veículo aprovar dezembro assembleia legislativo rir alerj o oab alegar o cobrança taxar o licenciamento anual vistoriar indevido o texto haver respostar o casar o dia janeiro e o taxar cair r$ 57,87 o correspondente emissão crlv o oab rir divulgar noto informar falso o afirmação entrar ação o texto o entidade descartar avaliar cabimento devido estudo técnico o casar",brasil, 17/01/2019, Por O Globo ,https://g1.globo.com/fato-ou-fake/noticia/2019/01/17/e-fake-que-oab-entrou-com-acao-contra-o-estado-do-rio-por-cobranca-indevida-da-grt-pelo-detran.ghtml,0
7390,"

Anvisa aprovou falsas vacinas e devemos voltar às ruas sem máscaras #boato 
",Boato – A Anvisa aprovou falsas vacinas e devemos voltar às ruas sem máscaras. Tudo não passou de um teatro para divulgar uma substância que atenta contra a saúde e a vida das pessoas.,anvisa aprovar falso vacinar “ o vir agente público montar palco divulgar decisão atento o saudar e o vidar pessoa … o decisão anvisa ficar claro aprovar vacinar substância o e causar problema s pessoa e o agência d encerramento show vespertino d domingo o stand up man correr o máscara distanciamento e álcool gel continuar o o realidade país incrível quantum confiança vacinar aprovar … voltar s ruir máscara emudecido e virar vassalo pagador imposto alimentar o fome pantagruélico corrupto espreitar liberdade ”,saúde,25/01/2021,"
Raiane Gonoli ",https://www.boatos.org/saude/anvisa-aprovou-falsas-vacinas.html,0
7391,Texto engana ao dizer que Trump indicou Weintraub ao Banco Mundial,,publicação afirmar equivocadamente o instituição monitor o coaf e o receitar federal e o mandar presidente americano o ex-ministro educação brasileiro escoltar fbi,política,2020/06/26,Comprova,https://projetocomprova.com.br/publicações/texto-engana-ao-dizer-que-trump-indicou-weintraub-ao-banco-mundial/,0
7392,"Trevisan: 'Quando Bolsonaro fala contra isolamento, vai contra a economia'  ",,"o presidente jair bolsonaro seguir posicionar o isolamento social combater pandemia coronavírus pesquisar opinião público recente realizar cnt mda quedo aprovação o o haver pessoa apoiar o isolamento podcast clero o jornalista maria carolino trevisan afirmar o insistência presidente manter contrário s medir recomendar oms organização mundial saudar lutar o covid-19 afastar investimento e prejudicial economia diferentemente acreditar o bolsonaro haver radicalização o base bolsonaro aumentar e importante outro importante o o o isolamento — o pesquisar mostrar 67,3 entrevistar apoiar o isolamento total e praticar o isolamento vertical apoiar 29,3 comentar trevisan disponível arquivar acima o 6:07 bolsonaro falir o isolamento perder confiança população e investidor o economia impactar falar o isolamento falar o economia país completar o jornalista",saúde,15/05/2020 04h00 ,15/05/2020 04h00 ,https://noticias.uol.com.br/politica/ultimas-noticias/2020/05/15/trevisan-quando-bolsonaro-fala-contra-isolamento-vai-contra-a-economia.htm,1
7393,"
  É uma montagem a manchete do G1 que relaciona Bolsonaro a um acidente de jet ski ","Publicações amplamente compartilhadas em redes sociais, inclusive pelo vereador e filho do presidente Jair Bolsonaro, Carlos Bolsonaro, asseguram que um portal de notícias associou o chefe de Estado a um acidente de jet ski. “Jet-sky explode [...] no mesmo local onde Bolsonaro passeou”, diz o título da matéria, segundo uma captura de tela. A imagem foi, no entanto, alterada digitalmente e o acidente citado aconteceu em 2018, antes mesmo da eleição de Bolsonaro para o Palácio do Planalto.Envie-nos por WhatsApp Email",“ jet-sky explodir pai e filhar litoral paulista bolsonaro passear dia janeiro máscara ” o título completar suposto matéria capturar tela compartilhar facebook twitter e instagram o dia janeiro postagens o subtítulo reportagem supostamente publicar site notícia globo o g1 “ o acidentar acontecer voltar 10:35 horário jair bolsonaro afirmar o brasil ‘ quebrar ’ ” o alegação difundir vereador e filhar presidente jair bolsonaro carlos bolsonaro tuíte posteriormente deletado “ deus céu o blog tragédia ligação algum fato e outro criar cabeça pessoa ligar o o presidente … ” escrever carlos,brasil,14/01/2021 às 21:11,AFP Brasil,https://checamos.afp.com//e-uma-montagem-manchete-do-g1-que-relaciona-bolsonaro-um-acidente-de-jet-ski,0
7394, Brasil registra 6.836 casos confirmados de coronavírus e 241 mortes,,registrar caso e óbito am pa ro al ba ce ma pb pe pi rn mg rj sp df go ms pr rs e sc subir 6.836 o caso confirmar coronavírus brasil 1.119 confirmação horar o óbito aumentar o paulo concentrar morte e liderar o lista nacional 2.981 caso confirmar doença consolidar informação repassar secretariar estadual saudar o o ministério saudar s 14h d quarta-feira conferir o apresentação,saúde,01/04/2020 21h15, ,https://www.gov.br/saude/pt-br/assuntos/noticias/brasil-registra-6-836-casos-confirmados-de-coronavirus-e-241-mortes,1
7395,Covid: País tem recorde com 2.798 mortes em 24h; RS e SP superam 500 óbitos  ,,o brasil enfrentar n terça-feira dia recorde trágico pandemia coronavírus 2.798 morte covid-19 reportar horar o país o dia letal marcar assustador o alto médio diário óbito causar doença 1.976 dia — trata-se escalar chegar o o 18º dia consecutivo total 282.400 pessoa morrer país decorrência covid o levantamento consórcio imprensar o uol base fornecido secretariar estadual saudar o dia morte notificar intervalar horar haver março 2.349 óbito hoje o país completar dia seguir óbito doença dia e outro,política,16/03/2021 19h17Atualizada em 16/03/2021 21h46 ,16/03/2021 19h17Atualizada em 16/03/2021 21h46 ,https://noticias.uol.com.br/saude/ultimas-noticias/redacao/2021/03/16/covid-19-coronavirus-mortes-casos-16-de-marco.htm,1
7396,"

BRF e Copacol fazem aniversário e dão prêmios no WhatsApp #boato 
","Boato – As empresas BRF e Copacol estão completando aniversário e, por causa da celebração, estão dando prêmios para quem entrar em um site e compartilhar um link com amigos no WhatsApp.",brf ganhar brinde sortir escolher o caixa gostar participar promoção brf celebração 80º aniversário presente requintar unidade relógio inteligente e dispositivo móvel o preciso abrir o caixa presentar corretar tentativo sortir okparabéns prêmio o samsung galaxy s21 seguir instrução página reivindicar prêmio parabém seguir instrução abaixar reivindicar o telefonar compartilhar amigo whatsapp clicar ícone abaixar 2.clique ‘ continuar ’ e reivindicar prêmio compartilhar o barrir azul cheio prosseguir ofertar válido segundosparabéns o etapa concluir etapa registrar o aplicativo abaixar e aberto o registrar lembre-se etapa importante concluir ações acima aguardar o administrador verificar o revisão concluir horar,entretenimento,12/04/2021,"
Edgard Matsuki ",https://www.boatos.org/tecnologia/brf-copacol-fazem-aniversario-dao-premios-whatsapp.html,0
7397,"

Dr. Paolo Zanotto escreve texto “assassinato, conspiração disfarçado de estudo científico” sobre pesquisa com cloroquina #boato 
","Boato – Paolo Zanotto, professor da USP e pesquisador da Fapesp, escreveu um texto condenando um estudo com cloroquina que resultou em mortes de pacientes. Ele chamou o estudo de “assassinato e conspiração”.",o autor d texto o dr paolo zanotto professor usp e reconhecer pesquisador fapesp seríssimo o relatar planar o brasil título assassinato conspiração disfarçar estudar científico o o polícia o mp o imprensar e precisar saber.o assunto cloroquina hidroxicloroquina mídia recentemente e receber tratamento fla x flu intrigar médico e começar o ler o literatura científico disponível mergulhar pesquisar mecanismo doença e mecanismo ação cloroquina e hidroxicloroquina e haver evidência científico antigo e consagrar medicação pra doença virais?mas chamar atenção o insistência ms desautorizar o drogar começar o referência o estudar fatídico amazona explicar o o estranheza o ms e o imprensar inteiro começar o estudar referência malefício cloroquina pequeno adendo o cloroquina velho e tóxico o hidroxicloroquina estudar amazona usada.mas seguir interrogação e observação pra acompanhar raciocínio médico o dosar estudar e mg dia durante dia consecutivo o acarretar efeito colateral e morte ficar curioso dosar alto o conep autorizar estudar dosar alto comedir surpreso e constatação … o assessoria comunicação ms ugar braga militante pcdob haver escândalo recente renovação contratar bilionário feito mandetta esperar pesquisador assinar o estudar marco vinícius guimarães lacerda médico e militante político esquerdo fiocruz pesquisador idem e pra completar … …,saúde,08/05/2020,"
Edgard Matsuki ",https://www.boatos.org/saude/dr-paolo-zanotto-texto-assassinato-conspiracao-disfarcado-de-estudo-cientifico-cloroquina.html,0
7398,"Desafios da ButanVac, que usará 20 milhões de ovos de galinha para produzir 40 milhões de vacinas  ",,ovo galinha presença constante instituto butantan paulo n costumar injetados vírus ano produção vacinar o influenza aplicar campanha vacinação nacional o gripar o técnico repetir butanvac o vacinar o instituto paulista desenvolver o covid-19 processar visar produzir e entregar milhão dose o julho prazo considerar irreal especialista independente sequer testar o eficácia d imunizante humano o,saúde,08/05/2021 08h41 ,Paula Adamo Idoeta - Da BBC News Brasil em São Paulo,https://noticias.uol.com.br/saude/ultimas-noticias/bbc/2021/05/08/desafios-da-butanvac-que-usara-20-milhoes-de-ovos-de-galinha-para-produzir-40-milhoes-de-vacinas.htm,1
7399,"
  Esta gravação não mostra uma fraude nas eleições dos EUA, ela foi feita na Rússia em 2018","Um vídeo que mostra várias pessoas depositando votos a mais em uma urna foi compartilhado mais de 16 mil vezes nas redes sociais desde o último dia 6 de novembro e é acompanhado da afirmação de que se trata de uma fraude nas eleições dos Estados Unidos, ocorridas em 3 de novembro, que tiveram como vencedor o democrata Joe Biden. As imagens, na realidade, foram registradas durante a eleição presidencial na Rússia em março de 2018.Envie-nos por WhatsApp Email","“ fraudar eua funcionário setor votação colocar dezena cédula preenchido urna ” assinalar legendar publicação conter o vídeo visualizar 301,5 facebook o realização presidencial norte-americanas o gravação o afirmação tratar fraudar eleição unir circular twitter e idioma espanhol holandês e chinês duração o sequência mostrar funcionário centrar eleitoral gravar câmera segurança depositar urna cédula votação",política,12/11/2020 às 12:15,"Loes Witschge, AFP Holanda",https://checamos.afp.com//esta-gravacao-nao-mostra-uma-fraude-nas-eleicoes-dos-eua-ela-foi-feita-na-russia-em-2018,0
7400,"

Barroso está sendo chantageado por José Dirceu por causa de João de Deus #boato 
",Boato – Luís Roberto Barroso está sendo chantageado por José Dirceu. O petista filmou o ministro do STF com menores agenciados pelo médium João de Deus.,o cuidar o b o ministrar dilma barroso conhecer comer “ lulu bandejar bocar veludo ” conhecer comer ” rei sol iluminar ” e descuidar suar b casamentar fachada e apartamento luxar miami manter o suar vidar miserável bissexual alimentar pelar medium falseta goiá ” joão deus ” abjeto durante o “ e -mor stf e algum artista d o fornecedor adolescente parir o “ s thailandesas interminável semana sítio ” entrar algum barroso destacar comer o aranha selvagem umar v o estilar romano o iluminar cuidar o r e suar l situação cair o ouvir josé dirceu armar umar série vídeo comprometedor e d o chantagem parir servir o o lula.hoje umar patético figurar desesperar parir vídeo apresentar o o público e suar reputação seguir parir o esgotar o fúria combater o o votar auditavel parir e vidar morte entrar parir o história comer juiz m e seguir vídeo empurrar kibes parir o infernar joão macedo costa jornalista político df junho 2021vamos supor umar autoridade filmar cena pessoa sexo traficante e alguém “ daniel ” passar o chantagem ameaçar divulgar vídeo prático chantagem utilizar cubar encontrar o página livrar “ o vidar secreto fidel ” juan reinaldo sánchez.parece utilizar o brasil importar cubar pelar esquerdo certo autoridade tomar decisão simplesmente absurdo parir atender o o chantageador “ daniel ” nado alvo principal parir filho parente e amigo inquérito e acusação absurdo d quebrar sigilo determinar buscar e apreensão decretar prisão arbitrário etc atenção lembrar dr chiappano falar esquema alguém conseguir encontro criança gay traficante filmar dr chiappano certar o presidente bolsonaro acabar revelar o esquema envolver josé dirceu e algum ministro s t f.josé dirceu oferecer o encontro e filmar ultimamente vir algum togar tomar decisão parir rosar web alex mo barrir .etc o josé dirceu pressionar o togar o querer iriar jogar o filmagem parir o brasil e o mundo imaginar vc ministrar s t f s gay acordo traficante pressionar josé dirceu cometer arbitrariedade demais.mas acabar bolsonaro o provar o mão e o togar lascar funcionário ciar estevar o brasil parir falar bolsonaro trazer informação sobrar o assunto e sobrar o eleição fraudar bolsonaro ganhar o 1º turno semana o bichar brasília cpi acabar postar parir o twitter bolsonaro dr chiappano certar e nó dia 09/07 gravar iriar acontecer alegrem-se e preparem-se,política,05/07/2021,"
Edgard Matsuki ",https://www.boatos.org/politica/barroso-esta-sendo-chantageado-jose-dirceu-por-causa-joao-de-deus.html,0
7401,"

Receita Federal descobre que Lulinha tem quatro CPFs #boato 
","Boato – Receita Federal descobre que Lulinha, filho do ex-presidente Lula, tem quatro CPFs, cada um com diferentes datas de nascimento e filiação.",lula cpf ’ s cadeia n filhar puta puta pai receitar federal descobrir lula cpf e alterar datar nascimento e filiação e e receitar federal descobrir lula dono cpf alterar o filiação e datar nascimento,política,01/01/2020,"
Carol Lira ",https://www.boatos.org/politica/receita-federal-lulinha-quatro-cpfs.html,0
7402,"

Pesquisa sobre 150 dias do governo Bolsonaro é divulgada no WhatsApp #boato 
",Boato – O governo Bolsonaro quer saber a sua opinião sobre os primeiros 150 dias de gestão e por isso criou uma pesquisa no WhatsApp.,governar bolsonaro opinião dia gestão d e equipar deixar opinião … site o resultar sera divulgar telejornal sbt deixar participar opinião importante brasil acima deus acima todos.pesquisa satisfação avaliar e opinião governar bolsonaro opinião dia gestão d e equipar participar abaixar perguntar achar acertar escolher ministro perguntar achar certar o reformar previdência o o armamento população o contraverificação humano votação avaliar o governar n dia votar popular precisar robô compartilhar pesquisar amigo whatsapp clicar botão whatsapp abaixar compartilhar direcionado finalizar o processar votação receber o confirmação o minuto whatsapp compartilhar completar o barrinha abaixar,entretenimento,,"
Edgard Matsuki ",https://www.boatos.org/tecnologia/pesquisa-150-dias-governo-bolsonaro-whatsapp.html,0
7403,UOL Confere: Boato inventa Lula sendo expulso de restaurante no PR,,uol notícia 22/11/2019 17h47 uol conferir checo notícia falso vídeo joão doria natal forjar história ex-presidente lula expulsar restaurante curitiba,política,22/11/2019 17h47 ,UOL Notícias,http://noticias.uol.com.br/videos/?id=uol-confere-boato-inventa-lula-sendo-expulso-de-restaurante-no-pr-04024D18326EC8B96326,0
7404,"Bolsonaro se deu mal, mas base de apoio não; ""progressistas"" encolheram  ",,"evidência o presidente jair bolsonaro pessoalmente derrotar eleição municipal cantar convir entanto tomar d disputar sinal acontecer melhor convir tomá-los advertência o despeitar divergência algum compromisso o pacto civilizatório olhar cuidar ruim o esquerdo e o centro-esquerda querer chamar o psdb e o mdb centrar notícia o dito-cujo centrista o dem obter resultar vistoso heterogêneo o psd considerar outro vencedor urna legendar compor o centrão e agregar base bolsonarista exibir comportamento robusto esquerdo e centro-esquerdaem o ano horrível esquerdo obter 10.675.700 voto 10.385.170 -- quedo 2,72 assistir o o renascimento pt prefeitura país aforar -- faltar disputar turno haver crescimento 2,53 eleitorado 6.795.749 voto 6.967.553 o eleger prefeito haver ano o vestir desastroso o pcdob cair eleitorado murchar 1.781.388 1.184.243 33,52 o psol crescimento 6,42 2.098.633 2.233.374 prefeitura esquerdo cair",política,17/11/2020 07h15 ,17/11/2020 07h15 ,https://noticias.uol.com.br/colunas/reinaldo-azevedo/2020/11/17/bolsonaro-se-deu-mal-mas-base-de-apoio-nao-progressistas-encolheram.htm,1
7405,China e Irã rejeitam denúncia da Microsoft sobre tentativas de ataques hackers em campanhas presidenciais nos EUA,Empresa de tecnologia revelou que havia detectado investidas contra pessoas ligadas a Joe Biden e Donald Trump,governo chinês e iraniano negar n sexta-feira intenção interferir eleição presidencial unir novembro conformar denunciar microsoft pequim classificar inventar acusação microsoft detectar ataque cibernético originar principalmente chino o empresar afirmar rússia chino e irã invadir contar pessoa e organização envolvido campanha bem-sucedidos desejar interferir e declarar o porta-voz ministério exterior chino zhao lijian,política, 11/09/2020 15h19 , Por France Presse ,https://g1.globo.com/economia/tecnologia/noticia/2020/09/11/china-e-ira-rejeitam-denuncia-da-microsoft-sobre-tentativas-de-ataques-hackers-em-campanhas-presidenciais-nos-eua.ghtml,1
7406,"

Print no WhatsApp revela conversa de Rui Costa sobre reforma da Previdência #boato 
","Boato – Em conversa no WhatsApp, o governador da Bahia Rui Costa (PT) conversa com deputados Nelson Pellegrino e Jorge Solla sobre proposta de reforma da Previdência.",o pavão vazar prints whatsapp converso nelson pelegrino e ruir costa o máscara cair e mostrar agir o pt prints whatsapp ruir costa causar desconfortar base governar ruir costa gov – conversar o proposto enviar jeito imaginar incluir botar o caro aprovar projeto popular nordeste – concordar o melhor jogar o plateia ruir costa gov – seguir acertar reunião pelegrino – combinar votar e ficar base – claro torcer o reformar aprovar ruir costa gov – cuidar print virar matéria intercept riso o ideal seriar regrar rígido servidor público mulher professorar e trabalhador campar precisar achar deputar incluir e votar o – articular deputar pra gente,política,,"
Edgard Matsuki ",https://www.boatos.org/politica/print-whatsapp-rui-costa-reforma-da-previdencia.html,0
7407,COI pede pressa para federações definirem critérios para Olimpíada em 2021  ,,"O Comitê Olímpico Internacional (COI) enviou carta às federações internacionais e aos comitês olímpicos nacionais pedindo urgência na definição dos novos critérios de classificação para os Jogos Olímpicos de Tóquio, que foram adiados para julho/agosto de 2021. O esporte de praticamente todo o mundo está paralisado e ninguém tem a menor ideia de quando será possível voltar a realização eventos internacionais, com atletas de diversos países. ""As adaptações finais dos sistemas de classificação serão finalizadas o mais rápido possível para garantir segurança aos atletas e comitês olímpicos nacionais"", diz o COI, ponderando que entende que é ""improvável"" que todos o detalhes sobre as datas e locais dos eventos especificados sejam conhecidos agora. ""Pretendemos finalizar os sistemas adaptados até meados de abril, com detalhes sobre eventos específicos para definição mais tarde, se necessário."" De acordo com o COI, a prioridade é repetir, na medida do possível, os sistemas de classificação originais de cada esporte. ""Este princípio encoraja as federações a seguir uma abordagem semelhante, substituindo oportunidades canceladas que estavam concederiam vaga pelo mesmo número de eventos subsequentes"". No basquete masculino e no handebol, por exemplo, as vagas regionais já foram atribuídas, faltando apenas a realização dos Pré-Olímpicos Mundiais. No judô o circuito mundial foi paralisado quando faltavam cerca de dois meses para o encerramento do ranking olímpico.",saúde,02/04/2020 19h01 ,02/04/2020 19h01 ,https://www.uol.com.br/esporte/colunas/olhar-olimpico/2020/04/02/coi-pede-pressa-para-federacoes-definirem-criterios-para-olimpiada-em-2021.htm,1
7408,Butantan anuncia que teste com CoronaVac teve eficácia de 78% para casos leves,Eficácia geral da vacina não foi divulgada oficialmente. Instituto diz que deve finalizar até sexta (8) processo de solicitação à Agência Nacional de Vigilância Sanitária (Anvisa) para liberação de uso emergencial. ,o governar paulo anunciar n quinta-feira cem voluntário vacinar o coronavac contrair o vírus sintoma leve o necessidade internação hospitalar índice apresentar eficácia caso leve redução caso grave e moderar o governar anunciar índice eficácia haver caso grave incluir morte e moderar vacinar o proporção pessoa vacinar covid-19 divulgar o eficácia coronavac desconhecido o divulgação d básico alvo crítico apesar caso leve e moderar considerar animador especialista noto redação reportagem atualizada deixar claro o taxar eficácia evitar caso leve o o divulgar o percentual o governar paulo o entender o taxar o eficácia o eficácia levar contar caso divulgar o atualização d reportagem,saúde, 07/01/2021 11h54 , Por G1 SP — São Paulo ,https://g1.globo.com/sp/sao-paulo/noticia/2021/01/07/coronavac-tem-eficacia-de-78percent-em-testes-feitos-no-brasil-diz-governo-de-sp.ghtml,1
7409,Batalha à vista entre Amazon e descendentes dos primeiros sul-africanos,Empresa pretende instalar a sede africana na Cidade do Cabo em uma área considerada sagrada para descendentes dos primeiros habitantes da região.,o amazon instalar africano cidade cabo investimento milhão dólar o promessa criar milhar emprego o escolher considerar sagrar khoi e san habitante extremar sul continente o construção complexo residencial andar ficar escritório gigante americano ocupar m² aprovar passar município o localizar ambientar s margem rir patrimônio completamente destruir explicar afp aran goringhaicona significar espiritual acrescentar o chefe tradicional frente opor o o projeto,política, 14/05/2021 12h40 , Por France Presse ,https://g1.globo.com/economia/noticia/2021/05/14/batalha-a-vista-entre-amazon-e-descendentes-dos-primeiros-sul-africanos.ghtml,1
7410,"

Relatório oficial da Alemanha denuncia pandemia do coronavírus como alarme falso #boato 
",Boato – O Ministério da Interior da Alemanha publicou um relatório oficial que denuncia que a pandemia da Covid-19 (coronavírus) foi um “alarme falso global”.,"vazar relatório oficial alemão denunciar o corona ‘ alarmar falsar global ’ o governar federal alemanha e o mídia contornar repercussão negativo o vazamento relatório ministério interior desafiar o narrativo oficial corona principal passagem relatório o riscar covid-19 superestimado provavelmente nenhum o perigar representar vírus normal pessoa morrer corona essencialmente estatisticamente morrer ano chegar o o vidar e organismo debilitar lidar adversidade cotidiano incluir cercar vírus atualmente circulação).em o mundo ano haver 250.000 morte covid-19 comparação 1,5 milhão morte 25.100 alemanha durante o surtir influenza 2017/18 o perigar obviamente o vírus haver evidência alarmar falsar acusação seguir linha durante o crise corona ficar provar o produtor fake news",mundo,06/06/2020,"
Edgard Matsuki ",https://www.boatos.org/mundo/relatorio-oficial-alemanha-pandemia-coronavirus-alarme-falso.html,0
7411,Crivella se reunirá com presidentes de clubes cariocas no domingo  ,,propor estratégia retornar o treinamento o prefeito rir janeiro marcelo crivella republicano reunir presidente clube cidade domingo clube obedecer o dia rigoroso n domingo reunião presidente clube apelar medir obedecido clube amar respeitar pessoa casar ficar desestimuladas explicar crivella coletiva imprensar hoje perguntar o planar apresentar reunião combinar estudar observar técnico acrescentar crivella anunciar hoje desejar retomar atividades econômicas cidade e planar retornar submeter hoje o n contexto clube futebol apresentar planar,saúde,22/05/2020 13h38 ,22/05/2020 13h38 ,https://www.uol.com.br/esporte/futebol/ultimas-noticias/2020/05/22/crivella-se-reunira-com-presidentes-de-clubes-cariocas-no-domingo.htm,1
7412,"Para Centrão, incluir recursos do Fundeb no Renda Cidadã foi 'bode na sala'",Líderes viram movimento como estratégia para que o novo programa social tenha como verba extra apenas recursos que seriam de precatórios. ,liderança bloco parlamentar chamar centrão trabalhar aprovação programar social render cidadão o inclusão recurso fundeb fundir manutenção e desenvolvimento educação básico o estratégia base governar destinar o o programar exclusivamente recurso originalmente seriar pagar precatório dívida união reconhecido justiçar recurso fonte extra o substituto bolsar família “ o inclusão recurso fundeb espécie ‘ bode sala ’ passar congresso criar espaçar negociação o câmara rejeitar proposto ” o o blog líder integrar o centrão o o governar movimentar n sentir julho durante o votação renovação fundeb o equipar econômica horar percentual fundir bancar o programar social governar época chamar render brasil,política, 30/09/2020 09h13 , ,https://g1.globo.com/politica/blog/gerson-camarotti/post/2020/09/30/para-centrao-incluir-recursos-do-fundeb-no-renda-cidada-foi-bode-na-sala.ghtml,1
7413,É #FAKE que suco de cebola previna ou cure problemas na próstata,Especialistas afirmam que receita não funciona e indicam caminhos adequados para manter a próstata saudável.,circular rede social mensagem suco cebola capaz e prevenir e curar problema próstata o médico adriano francisco cardoso pintar responsável equipar urologia e diretor clínico hospital camilo pompear afirmar o mensagem falso e perigoso falso e causar danar transmitir o impressão o paciente proteger algum maneiro o próstata aparecer sintoma o cebola e procurar o médico e eventualmente sintoma melhorar simplesmente dever melhorar suficientemente forte progredir n deixar o doença escondido pessoa tumor vir o descobrir fase capaz resultar o gente hoje hoje o gente curar câncer próstata,ciência, 18/02/2021," Por Roney Domingos, G1 ",https://g1.globo.com/fato-ou-fake/noticia/2021/02/18/e-fake-que-suco-de-cebola-previna-ou-cure-problemas-na-prostata.ghtml,0
7414,"

ABC da Construção está dando materiais de graça para quem sofreu perdas com chuvas em MG #boato 
",Boato – Empresa ABC da Construção vai doar materiais de construção para pessoas que perderam casa com chuvas em Minas Gerais.,“ pessoal o empresar abc construção dispor o fornecer material graça sofrer perda função chuva compartilhar o vídeo abaixar chegar o o conhecimento pessoa necessitar ”,brasil,04/02/2020,"
Kyene Becker ",https://www.boatos.org/brasil/abc-construcao-dando-materiais-graca-mg.html,0
7415,Tuíte engana ao afirmar que vacinas usam células de fetos abortados,,linhagem celular desenvolvido o tecido humano comum pesquisar científico célula linhagem servir “ pequeno fábrica ” vírus atenuar multiplicar e composição vacinar,saúde,2020/07/24,Comprova,https://projetocomprova.com.br/publicações/tuite-engana-ao-afirmar-que-vacinas-usam-celulas-de-fetos-abortados/,0
7416,"
  A mulher que sofreu uma convulsão em um hospital argentino não foi vacinada contra a covid-19","Um vídeo em que uma mulher sofre uma convulsão no chão foi compartilhado dezenas de milhares de vezes em vários idiomas desde o início de fevereiro, em publicações que asseguram que a cena foi gravada em um hospital argentino após a mulher ser vacinada contra a covid-19. No entanto, como explicaram à equipe de checagem da AFP funcionários e autoridades do Hospital Larcade, na província de Buenos Aires, as imagens mostram uma paciente com antecedentes de convulsões que não havia recebido nenhuma vacina.Envie-nos por WhatsApp Email",o gravação 4:12 minuto circular amplamente facebook twitter e telegram “ mulher repente cair chão hospital argentino vacinar convulsão corpo inteiro‼ equipar médico vir tratar o cena ” publicação o vídeo circular legendar semelhante espanhol inglês francês romeno e tcheco versão afirmar o cena gravar itália buscar reverso vídeo o ferramenta invid-weverify levar o publicação feito facebook dia fevereiro indicar espanhol imagem gravar “ noite ” “ hospital larcade san miguel ”,saúde,4/03/2021 às 20:37,"AFP Argentina, Nadia Nasanovsky",https://checamos.afp.com//mulher-que-sofreu-uma-convulsao-em-um-hospital-argentino-nao-foi-vacinada-contra-covid-19,0
7417,Tuíte engana ao questionar compra de vacinas pelo governo de SP,,equivocar e afirmação desconectadas fato ex-ministro governar bolsonaro insinuar pessoa abaixar ano dever vacinar o covid-19,saúde,2020/10/08,Comprova,https://projetocomprova.com.br/publicações/tuite-engana-ao-questionar-compra-de-vacinas-pelo-governo-de-sp/,0
7418,Polícia Rodoviária monitora rede social para 'reduzir danos a imagem' nas ações do Amazonas,,documentar presidência obter extra traçar ações órgão governar condução crise amazona o mjsp citar tarefar prf o fiscalização rede reduzir dano imagem e antecipar ações contrainformação o informação monitoramento relatório finalizar segunda-feira atualizar informação âmbito ação supremo tribunal federal stf determinar o o governar o atualização planar o horar monitorar rede social identificação ações adverso atentar objetivos missão o documentar explicar o atribuição pfr e sinalizar o motivar reduzir dano imagem e antecipar ações contrainformação o mjsp sinalizar o tarefar dever cumprir empregar recurso humano e material status realização o trabalhar constar realizar e prontidão o o governar monitor rede ano passar o ministério público federal mpf abrir inquérito apurar o produção dossiês ministério justiçar e segurança público informação opositor presidente jair bolsonaro sobretudo identificar antifascista ocasião o stf determinar o suspensão produção d conteúdo ministério o órgão enviar o o supremo posicionamento argumentar inteligência atua subordinar estrito legalidade extra questionar o ministério justiçar e segurança público o motivação monitoramento rede e o regramento legal indicar o ação atribuição prf e obter respostar,saúde, Publicado em  29/01/21 16:15 ,Leandro Prazeres e Paula Ferreira,https://extra.globo.com/noticias/coronavirus/policia-rodoviaria-monitora-rede-social-para-reduzir-danos-imagem-nas-acoes-do-amazonas-24861143.html,1
7419,falsar o votar contar o comprovante votação,"circula nas redes sociais, principalmente no facebook, uma mensagem de alerta dizendo que o voto do eleitor não será contado (ou será modificado) sem o comprovante de votação! a mensagem também alega que o comprovante não foi fornecido pelos mesários.",pessoa entanto conseguir o comprovante pedir o o mesário,política,15/11/2020,marco faustino,https://www.e-farsas.com/e-falso-que-o-voto-nao-sera-contado-sem-o-comprovante-de-votacao.html,0
7420,estudar revelar tutorar gato resistente covid-19,"no fim de maio e início de junho de 2020 foi disseminada uma notícia muito peculiar em sites brasileiros, principalmente aqueles dedicados ao mundo animal. segundo essa notícia teria saído um estudo mostrando que pessoas, que têm um animal de estimação em casa, resistem à covid-19 mais facilmente ou até de forma assintomática – sem apresentar sintomas.",o site andar agência notícia direito animar publicar o convívio animar doméstico especial gato aumentar consideravelmente o imunidade o covid-19 citar o existência estudo feito médico espanholar chamar sabino olex-condor durante o picar curvo caso espanha arquivar,saúde,3/07/20203,marco faustino,https://www.e-farsas.com/estudo-revelou-que-tutores-de-gatos-podem-ser-mais-resistentes-a-covid-19.html,0
7421,"Ibope: Manuela D'Ávila se sai melhor entre jovens, negros e com faculdade  ",,candidato prefeitura portar alegrar manuela d'ávila pcdob jovem negro e pardo e população instruir indicar pesquisar ibope divulgar segunda-feira rbs afiliar tv globo rir sul conformar o levantamento o comunista liderar intenção votar seguir aparecer josé fortunati ptb sebastião melar mdb e nelson marchezan júnior psdb tecnicamente empatar contar margem errar percentual o jovem impulsionar o candidatura manuela entrevistar o ano o comunista intenção votar o ex-prefeito josé fortunati ptb ficar e o atual prefeito nelson marchezan júnior psdb faixar o ano manuela continuar frente fortunati ficar e tucano,política,07/10/2020 04h00 ,Hygino Vasconcellos,https://noticias.uol.com.br/eleicoes/2020/10/07/ibope-manuela-davila-se-sai-melhor-entre-jovens-negros-e-com-faculdade.htm,1
7422,"

Documento prova que Bolsonaro venceu no 1º turno e houve fraude nas eleições de 2018 #boato 
",Boato – Um documento denuncia que houve fraude nas eleições de 2018 e que Jair Bolsonaro deveria ter vencido no 1º turno. O TSE não conseguiu explicar discrepância entre números.,"urna eletronica totalmente inconfiavel denúncia fraudar eleição advogar e engenheiro protocolaram pf e tse denúncia fraudar apuração urna o conclusão feito base análise matemático tirar oficiar tse robusto e incontestável o tse conseguir explicar o discrepância cálculo feito tse corretos o resultar diferente 46,03 obtido oficiar vir tse questionar fonte",política,04/10/2020,"
Edgard Matsuki ",https://www.boatos.org/politica/documento-prova-bolsonaro-venceu-1o-turno-houve-fraude-eleicoes-2018.html,0
7423,O É DA COISA: Os intocáveis e impunes que dizem lutar contra a corrupção  ,,o justiçar e o imprensar o liberdade imprensar,política,27/08/2020 21h30 ,27/08/2020 21h30 ,https://noticias.uol.com.br/colunas/reinaldo-azevedo/2020/08/27/o-e-da-coisa-os-intocaveis-e-impunes-que-dizem-lutar-contra-a-corrupcao.htm,1
7424,Lira quer fundo para combate à pandemia e pede ajuda de governadores  ,,almoçar hoje governador o presidente câmara arthur lira pp-al afirmar querer fundir emergencial combater pandemia covid-19 o medir viabilizar conjuntar rubricar orçamentárias verba relacionar pandemia o chamar fundir emergencial combater pandemia basicamente montante extrapolar o teto gasto o somatório despesa orçamentárias diluir ficar totalizar contabilidade único permitir despesa o enfrentamento covid orçamentar união lira texto distribuir assessoria pedir governador mobilizar respectivo bancada deputar federar destinar recurso o combater pandemia chegar o sugerir parlamentar destinar emendar n ano,política,02/03/2021 16h32 ,Luciana Amaral,https://noticias.uol.com.br/saude/ultimas-noticias/redacao/2021/03/02/lira-quer-fundo-para-combate-a-pandemia-e-pede-ajuda-de-governadores.htm,1
7425,gretar thunberg financiar george soro,,o setembro o adolescente sueco gretar thunberg discursar o onu o respeitar mudança climático ocorrer o mundo vário rumor o garotar começar o espalhar redar social,entretenimento,26/09/2019,gilmar lopes,https://www.e-farsas.com/greta-thunberg-e-financiada-por-george-soros.html,0
7426,Publicação distorce informações sobre protocolos para uso de medicamentos contra a covid-19,,post vídeo médico explicar o protocolo adotado prefeitura portar segurar o tratamento caso covid-19 nenhum o médico “ desmascarar ” político referência o o presidente jair bolsonaro,saúde,2020/06/05,Comprova,https://projetocomprova.com.br/publicações/publicacao-distorce-informacoes-sobre-protocolos-para-uso-de-medicamentos-contra-a-covid-19/,0
7427,Prefeitura de SP fecha serviço para usuários de drogas na Cracolândia  ,,o prefeitura paulo ônibus remover população situação ruir região centrar cidade cracolândia pessoa unidade atendimento emergencial ater ficar ruir helvetia o equipamento disponibilizar banheiro alimentação e pernoitar fechar hoje 8) utilizar serviço levar equipamento construir bairro glicério o quilômetros distância vídeo divulgar rede social coletivo o craco resistir ônibus sair lotar portar equipamento haver ação polícia tumulto operação o sair veículo centena pessoa voltar o concentrar esquinar alamedar dino bueno o ruir helvétia o prefeitura haver fechar ano passar unidade ater região luzir centrar paulistano ficar o aglomeração pessoa situação ruir e abusivo drogar cracolândia o administração municipal população atendido serviço integrar acolhimento terapêutico siat d unidade funcionamento armênia zonar norte o quilômetros equipamento fechar hoje o ficar glicério levar pessoa removido ação hoje,saúde,08/04/2020 15h48 ,08/04/2020 15h48 ,https://noticias.uol.com.br/ultimas-noticias/agencia-brasil/2020/04/08/prefeitura-de-sp-fecha-servico-para-usuarios-de-drogas-na-cracolandia.htm,1
7428,"""Teto dos gastos públicos parece ter virado um dogma religioso""  ",,"""O teto dos gastos públicos parece ter virado um dogma religioso."" O jurista Silvio Almeida lamenta que a regra que limita investimentos e afeta áreas como educação e saúde se tornou algo proibido para debate. ""Quem coloca o problema na mesa é visto como irracional. Quando critica o teto, vira um irresponsável e corrupto - como se as duas coisas estivessem amarradas. A resposta é violenta"", afirma o professor da Fundação Getúlio Vargas e da Universidade Presbiteriana Mackenzie. ""Os que defendem a revogação do texto não querem a ausência do controle das contas públicas, mas essa é a impressão que muitos querem fazer crer."" Na opinião de críticos ao teto dos gastos públicos ouvidos pela coluna, há uma tentativa de convencer de que a emenda constitucional 95, que atrelou o crescimento dos gastos públicos à inflação por duas décadas, é praticamente um consenso. A regra, promulgada em 2016, durante o governo Michel Temer, tem sido defendida a ferro e fogo pelo mercado e parte dos economistas e da imprensa como condição fundamental para o país sair da crise.",saúde,22/08/2020 02h33 ,22/08/2020 02h33 ,https://noticias.uol.com.br/colunas/leonardo-sakamoto/2020/08/22/teto-dos-gastos-parece-ter-virado-um-dogma-religioso.htm,1
7429,"

Hospital São Lucas da PUC (POA) amanheceu sem pacientes de Covid e fez vídeo #boato 
","Boato – O hospital São Lucas, de Porto Alegre, amanheceu sem pacientes de Covid-19 e fez um vídeo emocionante com funcionários cantando um louvor cristão.",hospital lucas-puc poer amanhaceu paciente covid e lindar vídeo “ parir haver ” lindar vídeo merecer reconhecimento pedir parir repassar senhor jesus e lindar,saúde,27/07/2021,"
Edgard Matsuki ",https://www.boatos.org/saude/hospital-sao-lucas-puc-poa-amanheceu-sem-pacientes-covid-fez-video.html,0
7430,"

Incêndio no Atacadão de Campo Grande foi causada por menina que colocou fogo em prateleira #boato 
",Boato – Vídeo mostra menina colocando fogo em prateleira no Atacadão de Campo Grande. Ato teria causado o incêndio no local. ,“ filho cliente colocar fogo atacadão barão o o terminal ônibus mundo goiânia ” “ o pai destraido e o menino colocar fogo atacadão ” “ olhar o criança prestar atenção loja atacadão campar matar grosso sul projeto incêndio elaborar né … brigar treinar … triste ”,brasil,17/09/2020,"
Kyene Becker ",https://www.boatos.org/brasil/incendio-atacadao-campo-grande-causado-menina-fogo-prateleira.html,0
7431,Associação de juristas evangélicos mira agenda conservadora no STF,,fundar e sediar brasília o anajure membro quadrar associar compor integrante diverso órgão ligar o o judiciário brasil professorar e estudante direito principal membro época fundação o hoje ministro mulher família e direito humano damares alves chegar o homenagear “ ano atuação causar cristão e direito vidar e família ” cerimônia fundação associação câmara,brasil, Publicado em  09/04/21 10:50 ,Marlen Couto e Filipe Vidon,https://extra.globo.com/noticias/brasil/associacao-de-juristas-evangelicos-mira-agenda-conservadora-no-stf-24963174.html,1
7432,Dino diz esperar que Queiroga 'mantenha palavra' sobre compra de Sputnik  ,,o governador maranhão flávio dino pcdob afirmar hoje o ministrar saudar marcelo queiroga manter o compromisso comprar vacinar sputnik v antecessor o general eduardo pazuello esperar o palavra ministrar anterior mantido entrevisto globonews dino explicar vacinar sputnik v o fórum governador adquirir incorporar o o pni programar nacional imunização unanimidade mandatário dose incorporar o o programar precisar o governar federal aceitar e pagar imunizante querer vacinar pni e oferecer o o governar federal dino explicar queiroga manter o compromisso pazuello e desistir comprar governador impedir distribuir dose o o brasil empenhar recurso estadual fronteiro justificar,saúde,11/04/2021 21h47 ,11/04/2021 21h47 ,https://noticias.uol.com.br/saude/ultimas-noticias/redacao/2021/04/11/dino-diz-esperar-que-queiroga-mantenha-palavra-sobre-compra-de-sputnik.htm,1
7433,"

Prova de vida deve ser feita até 28 de fevereiro no INSS porque governo mudou regras #boato 
","Boato – O governo mudou as regras em relação à prova de vida para aposentadorias. A partir de agora, todos os beneficiários devem ir até o INSS até o dia 28 de fevereiro para realizar o procedimento.",pessoal avisar o amigo procurar … aposentar parente receber inss o governar mudar o regrar e aniversário provar vidar atentar o prazo fevereiro banco o inss avisar alguém receber aposentadoria inss avisar perder o benefício,brasil,12/01/2020,"
Edgard Matsuki ",https://www.boatos.org/brasil/prova-de-vida-28-de-fevereiro-no-inss-governo-mudou-regras.html,0
7434,Diplomatas relatam 'alívio' de brasileiros repatriados de Wuhan; veja VÍDEO,Cidade chinesa está sob medidas restritivas por causa do surto do novo coronavírus. Aviões com brasileiros devem chegar à Base Aérea de Anápolis no domingo.,diplomata embaixada brasil chino participar operação repatriamento brasileiro wuhan o o surtir coronavírus relatar globonews n sexta-feira o virar cidade chinês vídeo acima imagem gravar diplomata mostrar ruir cidade vazio prédio imagem projetada forçar wuhan o diplomata brasileiro joão batista nascimento magalhães explicar medir restritivo adotadas autoridade wuhan magalhães brasileiro tranquilo o repatriação sobretudo semana incerteza território chinês calmo aliviar ajudar receber e o fato voltar o o brasil n situação complicar e assustar o situação precisar enfrentar o surtir o gripar e o fato ficar preso casar durante semana d,ciência, 07/02/2020 16h49 , Por GloboNews ,https://g1.globo.com/mundo/noticia/2020/02/07/diplomatas-relatam-alivio-de-brasileiros-repatriados-de-wuhan-veja-video.ghtml,1
7435,"

Direitos autorais da música Volare foram repassados para o hospital de Bergamo #boato 
",Boato – Assista ao vídeo da música Volare. Ela é da mais famosa banda italiana dos anos 70 e todos os direitos autorais (incluindo publicidade do YouTube) vão ser repassados para o hospital de Bergamo (Itália).,canção famoso bandar italiano ano passar direito autoral o hospital bergamo clicar vídeo ajudar o hospital o youtube pago o clicar hospital bergamo morrer pessoa dia repassar grazie di cuore,entretenimento,04/04/2020,"
Edgard Matsuki ",https://www.boatos.org/entretenimento/direitos-autorais-musica-volare-repassados-hospital-bergamo.html,0
7436,"
  Esta é a porcentagem de pessoas com patologias prévias em uma amostra de mortos por COVID-19","Um vídeo em que um deputado italiano afirma que 96,3% das vítimas do novo coronavírus na Itália faleceram, na verdade, “por outras patologias” foi compartilhado dezenas de milhares de vezes em redes sociais desde o início de maio. O político europeu confundiu, no entanto, a taxa de comorbidade com a de causa da morte no discurso viralizado.Envie-nos por WhatsApp Email","“ falso morte itália coronavírus denúncia parlamentar italiano ” o título vídeo visualizar youtube o dia março “ o parlamentar italiano vittorio sgarbi denunciar o hipocrisia e mentir o coronavírus itália informação alarmante ” escrever usuário o o publicar o gravação facebook “ anunciar morte itália coronavírus falso terrorismo morte o verdade 96,3 d morte decorrência patologia e o coronavírus sic ” continuar o postagem o vídeo publicar deputar federal carla zambelli postagem compartilhar facebook o gravação ilustrar diverso publicação facebook e youtube circular amplamente espanhol",saúde,29/05/2020 às 22:22,"Rémi Banet, AFP Espanha, AFP Brasil",https://checamos.afp.com//esta-e-porcentagem-de-pessoas-com-patologias-previas-em-uma-amostra-de-mortos-por-covid-19,0
7437,Milhares de espanhóis saem às ruas para protestar contra medidas para conter a Covid-19  ,,"denunciar enganação autoridade mesmo""a invenção vírus milhar espanhol sair s ruir madri sábado protestar medir governar barrar o propagação covid-19 denunciar enganação autoridade o invenção vírus milhar espanhol sair s ruir madri sábado protestar medir governar barrar o propagação covid-19 o grito liberdade e clima hostil imprensar cobrir o manifestação o participante atar máscara apesar obrigatório marchar estação atocha o plaza colon centrar capital espanholar denunciar restrição considerar exagerar",saúde,24/01/2021 08h36 ,24/01/2021 08h36 ,https://noticias.uol.com.br/ultimas-noticias/rfi/2021/01/24/milhares-de-espanhois-saem-as-ruas-para-protestar-contra-medidas-para-conter-a-covid-19.htm,1
7438,É #FAKE que foto mostre corpos de idosos com Covid-19 vítimas de eutanásia,Mensagem falsa fala em política adotada por países com altas taxas de óbitos. Não é verdade. Imagem utilizada é da famosa série 'The Walking Dead'.,circular rede social foto homem o corpo juntar imagem mensagem país alto taxar óbito coronavírus adotado político eutanásia idoso gravar o covid-19 o imagem circular o mensagem falso verdade frame famoso série the walking dead trata-se cena exibir episódio nono temporada trecho série imdb internet movie database mostrar exatamente buscar reverso imagem google retornar resultar direcionando o série aliás adiar temporada causar pandemia,saúde, 25/04/2020, Por G1 ,https://g1.globo.com/fato-ou-fake/coronavirus/noticia/2020/04/25/e-fake-que-foto-mostre-corpos-de-idosos-com-covid-19-vitimas-de-eutanasia.ghtml,0
7439,"

Roupa Nova faz homenagem a Regina Duarte com nova versão de música Dona #boato 
","Boato – A banda Roupa Nova fez uma homenagem à Regina Duarte com nova versão da música Dona, após a atriz assumir cargo na Secretaria de Cultura. A letra ficou incrível!",olhar o genialidade letra o roupar regina duarte show sensacional mto lindar repassar amar o roupar época representar músico roupar versão regina duarte … .. show repassar … .. olhar o genialidade letra o roupar regina duarte show sensacional mto lindar repassar dó,entretenimento,28/02/2020,"
Raiane Gonoli ",https://www.boatos.org/entretenimento/roupa-nova-homenagem-regina-duarte-musica-dona.html,0
7440,"

Lewandowski foi reprovado em 11 concursos e teve tese anulada por plágio #boato 
","Boato – O Ministro do STF Ricardo Lewandowski foi reprovado em 11 concursos públicos, teve a tese de mestrado anulada por causa de plágio e se formou em uma das piores faculdades do Brasil.",o hoje ministrar stf indicar luladrão … ricardo lewandowski concurso o magistratura mp e delegar polícia e reprovar período o … vc ricardo o truculento e semideus tesar mestrado reprovar plágio e refazê-la … formou-se direito piorar faculdade país faculdade direito bernardo campar o fichar poderoso ricardo lewandowski …,política,07/12/2018,"
Edgard Matsuki ",https://www.boatos.org/politica/lewandowski-reprovado-concursos-plagio.html,0
7441,vídeo mostrar joe biden assediar sexualmente umar menino ano,"na esteira de nossa última publicação, muitos seguidores nos pediram para investigar um vídeo onde joe biden, então vice-presidente dos estados unidos, teria assediado sexualmente uma menina de apenas 13 anos de idade. para alguns, esse vídeo seria a prova cabal que joe biden assedia sexualmente crianças e, portanto, seria um pedófilo.",conferir abaixar o vídeo publicar youtube janeiro,política,9/11/20209,marco faustino,https://www.e-farsas.com/video-mostra-joe-biden-assediando-sexualmente-uma-menina-de-13-anos.html,0
7442,Vacina contra o coronavírus será testada em humanos na Itália durante verão  ,,"consórcio empresar europeu biotecnologia e farmacêutico planeja teste humano candidato o vacinar o coronavírus sars-cov-2 europeu comedir junho itália.o formar reithera região metropolitano roma leukocare munique alemanha e univercells charleroi bélgica atualmente o reithera desenvolver atividades preparatório o experimentação clínico fase e itália durante o noto consórcio o produção largo escalar acrescentar o comunicar o vacinar desenvolvido o proteína spike o sars-cov-2 agredir célula humano inserir adenovírus chimpanzés.o vírus inativo transportar o sequência genético correspondente proteína spike sars-cov-2 empresar consórcio anunciar o projeto hoje unir o experiência reithera vacinar basear adenovírus o leukocare vacinar vetores virar e o univercells manufatura largo escala.o consórcio pretender desenvolver fórmula garantir o estabilização vacinar longo período e facilitar distribuição paralelamente alemanha e reinar unir autorizar teste humano candidato o vacinar o coronavírus contaminar 2,6 milhão pessoa e deixar morto mundo",saúde,23/04/2020 07h41 ,23/04/2020 07h41 ,https://noticias.uol.com.br/ultimas-noticias/ansa/2020/04/23/vacina-sera-testada-em-humanos-na-italia-no-verao-europeu.htm,1
7443,"Bolsonaro compartilha conteúdo falso, e Instagram oculta postagem do presidente","Procurado, Palácio do Planato não se pronunciou até a publicação da reportagem.",o instagram ocultar post conteúdo falsar replicar segunda-feira presidente jair bolsonaro stories contar oficial o mensagem afirmar incorretamente o morte doença respiratório cear cair março e maio comparação o período n intervalar ano passar registrar 1.976 morte doença respiratório – 2.639 morte o aumentar durante o período pandemia coronavírus o imagem compartilhar bolsonaro circular rede social chegar o postar deputar estadual andré fernandes psl-ce citar fonte o portal transparência registrar civil reunir cartório o postagem afirmar haver 6.377 morte março e maio antar e 6.296 período correspondente d ano e perguntar o alar,política, 12/05/2020 14h00 , Por G1 ,https://g1.globo.com/economia/tecnologia/noticia/2020/05/12/bolsonaro-compartilha-conteudo-falso-e-instagram-oculta-postagem-do-presidente.ghtml,1
7444,Acusação de que China contaminou máscaras com coronavírus foi inventada  ,,circular whatsapp áudio homem afirmar máscara proteção exportar chino infectar o coronavírus o alegação falso entrar contato o autor gravação oferecer evidência verdade citar fonte corroborar teoria.a reportagem consultar o médico infectologista jean gorinchteyn hospital emílio riba paulo classificar o boatar bobagem o especialista afirmar impossível máscara chegar infectar chino demorar o produção e o transportar máscara o vírus sobreviver explicar,mundo,14/04/2020 20h02 ,"Do UOL, em São Paulo",https://noticias.uol.com.br/comprova/ultimas-noticias/2020/04/14/acusacao-de-que-china-contaminou-mascaras-com-coronavirus-foi-inventada.htm,0
7445,"

Pessoas maiores de 60 anos só poderão votar entre 7h e 10h no dia 15/11 #boato 
",Boato – Pessoas maiores de 60 anos só poderão votar entre 7h e 10h no dia 15/11. Pessoas com menos de 60 anos só poderão votar após às 10h.,eleição ciente regrar 7:00h s 10:00h- pessoa excepcionalmente ano 10:00h s 17:00h – público normal esquecer levar dia eleição – 15/11/2020 caneta máscara obrigatório entrar seção identidade título eleitorjá ciente regrar eleição 7:00hs s 10:00hs – pessoa excepcionalmente ano 10:00hs s 17:00 – público normal 15/11/20 dia eleição obrigatório levar caneta máscara obrigatório entrar seção identidade título eleitor avisar amigo e familiar principalmente idoso compartilhar dia mensagem circular rede sociaisno dia novembro pessoa riscar votar 7:00 s 10:00 horar manhã n horário o vírus dormir dr drauzio varella contar,política,19/10/2020,"
Raiane Gonoli ",https://www.boatos.org/politica/pessoas-maiores-de-60-anos-votar-7h-e-10h-dia-15-11.html,0
7446,"OMS: há mais de meio milhão de casos, 20 mil mortes e vacina demorará 18 meses  ",,paulo o organização mundial saudar oms afirmar n sexta-feira haver milhão caso confirmar coronavírus reportar entidade morte e voltar o alertar o necessidade país teste controlar o doença o diretor-geral oms tedros adhanom ghebreyesus entrevisto coletiva vacinar coronavírus demorar lembrar haver teste andamento o comandar oms informar paciente espanha e noruega envolvido teste realizar,saúde,27/03/2020 14h10 ,Gabriel Bueno da Costa,https://noticias.uol.com.br/ultimas-noticias/agencia-estado/2020/03/27/oms-ha-mais-de-meio-milhao-de-casos-20-mil-mortes-e-vacina-demorara-18-meses.htm,1
7447,Governo do Rio planeja volta do futebol com 50% da capacidade em estádios  ,,o governador wilson witzel psc incluir pacto social saudar e economia rir janeiro polêmico durante o pandemia coronavírus o retornar futebol apesar basear bandeiro flexibilização o curvo contágio covid-19 e datar limitar o planar gatilho flexibilização e fase o retornar evento esportivo público capacidade estádios.nos país o futebol retornar alemanha haver presença público o pacto secretariar estadual desenvolvimento econômico energia e internacional sedeeri parceria o secretariar estadual saudar entretanto admitir o presença público distanciamento social metro bandeiro amarelo depender taxar ocupação leito uti chegar e atualmente e o curvo crescimento caso cair médio semanal o inclusão retornar futebol rir janeiro acenar o o presidente jair bolsonaro o retornar incentivar pessoa ficar casar depender ministério saudar o ministério favorável o parecer n sentir o gente assistir o futebolzinho sábado domingo ajudar o deixar o casar estressado futebol afirmar o o apresentar o pacto imprensar e sociedade palácio guanabara o secretário responsável sedeeri luca tristão abordar o retomar shopping atividades desportivo e academiar restrição espaçar e protocolo higiene,saúde,22/05/2020 14h57 ,Caio Blois e Léo Burlá,https://www.uol.com.br/esporte/futebol/ultimas-noticias/2020/05/22/governo-do-rio-planeja-volta-do-futebol-com-50-da-capacidade-em-estadios.htm,1
7448,Voluntários em testes começam a descobrir se tomaram placebo ou Coronavac  ,,"o 1,4 voluntário participar testar coronavac brasil começar o descobrir quinta-feira receber dose vacinar o covid-19 tomar placebo testar duplo-cego aplicar dosar efeito nenhum e prioridade vacinação participante profissional saúde.o ginecologista hsu chic chin ano médico formar usp relatar o o estadão passo participar testar informar tomar o imunizante e ansioso respostar diabético hipertenso e colesterol alto enfartar aguardar paciência disse.chin hoje clínico particular e chefe plantão o domingo hospital leonor mendes barro zonar ler paulo tomar dose efeito nenhum tomar o placebo contou.em prédio o o enfermar e uti emílio riba ficar o setor vacinação voluntário submeter o o testar coronavac desenvolvido laboratório chinês sinovac juntar o instituto butantã o emergencial imunizante brasil aprovar anvisa domingo e possuir eficácia 53,38%.chin comparecer o o emílio riba haver semana entregar diário anotação dia receber o dosar vacinar tomar o passar consulto quase horar responder o questionário realizar exame físico sangue e o testar cotonete o rt-pcr seguir aplicar o imunizante aguardar horar verificar algum reação passar checagem e liberar o dia receber mensagem whatsapp perguntar sentir explicar diariamente preencher caderno cercar perguntar febre dor cabeça inchaço diarreia ... dia receber o dosar o o chegar emílio riba o processar exame teste aplicação imunizante e horar observação exame e liberar o visitar pré-agendada o fevereiro tomar o vacinar participar testar monitorados o ano período corresponder fase testar clínico coronavac analisar efeito vacinar e duração receber o placebo receber o dosar vacinar semana",saúde,22/01/2021 16h13 ,João Prata,https://noticias.uol.com.br/ultimas-noticias/agencia-estado/2021/01/22/voluntarios-em-testes-comecam-a-descobrir-se-tomaram-placebo-ou-coronavac.htm,1
7449,"

Apresentadora corajosa da TV Al Jazeera critica muçulmanos em vídeo #boato 
",Boato – Vídeo mostra uma série de críticas feitas por uma apresentadora muçulmana da TV Al Jazeera aos “muçulmanos radicais”.,apresentador muçulmano corajoso tv “ al- jazeera ” capacidade análise inteligente e lúcido … culhões apresentador muçulmano wafa sultan tv “ al- jazeera ” – falir coragem e inteligência julgar o muçulmano radical vingativo e terrorista continuar viver idade médio e culpar o mundo problema criar,mundo,,"
Edgard Matsuki ",https://www.boatos.org/mundo/apresentadora-corajosa-tv-al-jazeera-critica-muculmanos.html,0
7450,"

Empresários de Cuiabá vão para Cuba tomar vacina Sputnik V #boato 
","Boato – Um grupo de empresários de Cuiabá (MT) vai para Cuba tomar a vacina Sputnik V contra a Covid-19. Tudo ocorrerá em um acordo com o presidente Raúl Castro, que receberá R$ 1 milhão.",empresário cuiabá fretar avião tomar sputnik v cubar presidente cubar raul castrar autorizar vacinação cuiabanos o o custar r$ milhão doar o o saudar público havano,saúde,17/03/2021,"
Edgard Matsuki ",https://www.boatos.org/saude/empresarios-cuiaba-vao-cuba-tomar-vacina-sputnik-v.html,0
7451,É #FAKE mensagem sobre cadastramento para receber auxílio cidadão por causa do coronavírus,Não há nenhum cadastro sendo feito. Mensagem leva para site que busca coletar dados pessoais. Projeto de lei que destina dinheiro ainda precisa ser aprovado no Congresso.,circular rede social mensagem indicar site trabalhador autônomos e pessoa render cadastrar receber ajudar mensal r$ causar pandemia coronavírus o ministério cidadania advertir o mensagem falso pessoa algum inserir pessoal o site governar federal existir fato projeto lei prever suportar r$ pessoa auxiliar trabalhador informar desempregar e microempreendedores individuar meis integrar família render depender aprovação congresso nacional vigor,entretenimento, 23/03/2020, Por G1 ,https://g1.globo.com/fato-ou-fake/noticia/2020/03/23/e-fake-mensagem-sobre-cadastramento-para-receber-auxilio-cidadao-por-causa-do-coronavirus.ghtml,0
7452,pescador flórido afirmar abusar sexualmente sereia,,segundar o texto publicar pescador norte-americano flórido chamar alvin mccallister ano ficar perder o mar dia encontrar pequeno ilhota rochoso e sobreviver o base “ gaivota ouriçar e mexilhão ” obstante alvin acometer alucinação provavelmente dever o “ toxina mexilhão identificar ingerir ”,mundo,26/05/2020,marco faustino,https://www.e-farsas.com/pescador-da-florida-afirmou-que-foi-abusado-sexualmente-por-sereias.html,0
7453,Feiras de alimentos frescos de Wuhan lutam para sobreviver após COVID-19  ,,mercar alimento cidade chinês wuhan cartaz proibir o vender animar selvagem e ave criadouro alto-falantes reproduzir mensagem celebrar o vitória o coronavírus chamar mercar molhar chino feirar comido costumar lavar o chão água duramente criticar mundo o doença surgir aparentemente vender animar vivo wuhan ano passar o governar proibir o vender d produto alimentação o reabertura d estabelecimento voltar o gerar crítico exterior medir o morto pandemia continuar aumentar fechar durante o longo quarentenar isolar wuhan centrar abril mercar cidade lutar sobrevivência cliente voltar volumar crise,saúde,16/04/2020 09h33 ,16/04/2020 09h33 ,https://www.uol.com.br/nossa/noticias/afp/2020/04/16/feiras-de-alimentos-frescos-de-wuhan-lutam-para-sobreviver-apos-covid-19.htm,1
7454,Bulgari doa 200 mil frascos de álcool em gel para médicos na Itália  ,,o grifar italiano bulgari anunciar o doação cercar frasco álcool gel médico enfermeiro e equipar sanitário itália atuam combater o o coronavírus sars-cov-2 acordar noto divulgar imprensar n quinta-feira o marcar joias e relógio luxar informar fechar parceria o icr histórico parceiro produção perfume e fragrância especial o empresar produzir frasco dia cercar atingir o quantidade produto combinar o governar italiano acreditar protagonista economia e símbolo itália o bulgari o responsabilidade contribuir o esforçar nacional ajudar o prevenir combater e enfrentar o covid-19 graça o experiência campar fragrância conseguir desenvolver o icr álcool gel produzir fábrica lodi normalmente feito fragrância informar o ceo maison jean-christophe babin.ainda babin o empresar consciente difícil situação italiano viver e entender dever contribuir o know-how e colocar disposição estruturar produção o ação bulgari pandemia assolar o itália início doar cercar euro o instituto spallanzani roma o entidade focar buscar remédio vacinar o sars-cov-2 o dinheiro o comprar microscópio 3d alto definição.além grifar joias marcar moda italiano ajudar doação dinheiro o armani dolce gabbana gucci salvatore ferragamo fender e celine produção máscara e roupar especial médico enfermeiro e operador sanitário casar prada e ermanno scervino,saúde,26/03/2020 11h32 ,26/03/2020 11h32 ,https://www.uol.com.br/nossa/noticias/ansa/2020/03/26/bulgari-doa-200-mil-frascos-de-alcool-em-gel-para-medicos-na-italia.htm,1
7455,"

Morcegos de crisântemo são filmados em telhado na China e a principal fonte do coronavírus #boato 
",Boato – Vídeo mostra momento em que descobriram a principal fonte do coronavírus. São os morcegos de crisântemo que ficam nos telhados das casas de Wuhan (China).,o principal fonte vírus corona encontrar acontecer telhar wuhan província hubei fortemente infestar morcego crisântemo morcegar carregar o vírus corpo cobrar comer morcego cobrar tornar transportador secundário e chinês comer serpente tornar transportador humano vírus e espalhar humano ar e superfície estruturar gerar tossir espirrar coriza etc … etc,mundo,23/02/2020,"
Edgard Matsuki ",https://www.boatos.org/mundo/morcegos-crisantemo-filmados-telhado-china-principal-fonte-coronavirus.html,0
7456,Donald Trump vai para hospital após diagnóstico de Covid-19,Medida foi tomada por precaução. Comunicado da Casa Branca havia informado que o presidente dos EUA sentia fadiga e recebeu tratamento com antiviral em fase de testes. ,"O presidente dos Estados Unidos, Donald Trump, foi levado a um hospital nesta sexta-feira (2) após receber diagnóstico de Covid-19, informou a Casa Branca. Segundo o governo americano, a decisão pela entrada na unidade de saúde foi tomada como medida de precaução.  De acordo com Kayleigh McEnany, porta-voz da Casa Branca, Trump foi atendido no Centro Médico Militar Walter Reed, perto da capital Washington. Imagens da televisão americana mostraram o presidente caminhando, sem aparentar maiores dificuldades, até o helicóptero que o levou ao hospital. Poucos minutos depois, ele chegou à unidade.  A porta-voz também disse que Trump tem sintomas leves, trabalhou ao longo do dia e ""permanece animado"". Comunicado divulgado mais cedo pela Casa Branca dizia que o presidente sentia fadiga e que ele recebeu uma dose de oito gramas de um coquetel antiviral ainda em fase de testes nos EUA, segundo a nota oficial.  Trump disse ainda que a primeira-dama Melania Trump, também diagnosticada com o novo coronavírus, passa bem. Ela teve tosse e dor de cabeça, segundo a Casa Branca, mas não deu entrada no hospital (veja no fim da reportagem os sintomas da Covid-19).",saúde, 02/10/2020 18h23 , Por G1 ,https://g1.globo.com/mundo/noticia/2020/10/02/com-covid-19-trump-e-levado-a-hospital-diz-imprensa.ghtml,1
7457,É #FAKE que Dias Toffoli disse que grupos de WhatsApp têm que ser registrados em cartório sob pena de condenação por fake news,"Mensagem falsa compartilhada nas redes sociais atribui anúncio de sanção ao presidente do STF. 'Não procede', diz presidência do Supremo.",circular rede social mensagem o presidente supremo tribunal federal ministrar dia toffoli afirmar whatsapp registrar cartório “ registrar condenar fake news ” o frase atribuir o procurar cbn o presidência stf informar “ proceder o publicação atribuir o o presidente dia toffoli obrigatoriedade registrar whatsapp cartório ” o mensagem falso afirmar registrar “ considerar disseminador fake news e dono responsabilizar ” “ atentar o soberania nacional e o estabilidade democracia ”,política, 11/05/2020," Por Roberta Pennafort, CBN ",https://g1.globo.com/fato-ou-fake/noticia/2020/05/11/e-fake-que-dias-toffoli-disse-que-grupos-de-whatsapp-tem-que-ser-registrados-em-cartorio-sob-pena-de-condenacao-por-fake-news.ghtml,0
7458,vídeo mostrar o lançamento termo óculo realidade aumentar,,o vídeo o suficiente parir encantar inúmero usuário o compartilhar comer verdadeiro,entretenimento,28/07/2020,marco faustino,https://www.e-farsas.com/video-mostra-o-mais-novo-lancamento-em-termos-de-oculos-de-realidade-aumentada.html,0
7459,É #FAKE mensagem que fala em cadastro para receber auxílio gás,"Mensagem que circula nas redes sociais é falsa. Link compartilhado não tem relação com os sites oficiais do governo federal. Existe um projeto na Câmara, mas ele não foi nem sequer apreciado.",circular rede social mensagem o criação auxílio gás ministério cidadania pandemia coronavírus o texto família render cadastrar receber o benefício r$ mensal o comprar gás doméstico e oferecer link o cadastrar o assessoria ministério cidadania o informação falso haver criação auxílio destinar comprar gás acordar o pastar o link mensagem falso levar página site oficiar governar imagem programar antigo governar federal o fome e programar atuais o bolsar família passar site governamental,brasil, 21/05/2020," Por Thaís Matos, G1 ",https://g1.globo.com/fato-ou-fake/coronavirus/noticia/2020/05/21/e-fake-mensagem-que-fala-em-cadastro-para-receber-auxilio-gas.ghtml,0
7460,Posse de Biden: o que o novo presidente dos EUA fará em seus primeiros dias?  ,,período transição conturbar história presidência americano o democrata joe biden n quarta-feira 20/1 juramento posse o ° presidente eua antecessor donald trump — reconhecer o derrotar eleitoral e o presidente o comparecer posse sucessor — deixar o casar branco manhã d,saúde,20/01/2021 19h40 ,20/01/2021 19h40 ,https://noticias.uol.com.br/ultimas-noticias/bbc/2021/01/20/o-que-o-novo-presidente-dos-eua-fara-em-seus-primeiros-dias.htm,1
7461,"

Raí assume que é gay e vai morar com Zeca Camargo #boato 
","Boato – Ex-jogador do São Paulo, Raí assumiu que é gay e foi morar junto com o apresentador Zeca Camargo.",raí assumir gay e viver zeca camargo raí ex-jogador paulo e forte símbolo sexual mulher chocar holofote o notícia relacionamento zeca camargo boato o casal juntar haver ano o apresentador mundo ficar armário durante programar tv contar o site jornal tribuna hoje ..,entretenimento,,"
Edgard Matsuki ",https://www.boatos.org/esporte/rai-assume-que-e-gay-morar-zeca-camargo.html,0
7462,Governistas defendem que vice-líder do governo deixe cargo após voto a favor do reajuste de servidores,"Na avaliação do governo, tirar Izalci Lucas (PSDB-DF) seria um recado do Planalto de que ou vota alinhado ou não precisa ocupar o posto.",integrante palácio planalto discutir espécie retaliação o senador votar o reajustar servidor público derrubar casar o vetar presidente jair bolsonaro o câmara votação n quinta-feira manter o vetar o votação senado continuar repercutir bastidor assessorar presidencial defender izalci luca psdb-df deixar o cargo vice-líder governar senado votar o reajustar avaliação governar tirar izalci recadar planalto votar alinhar preciso ocupar o postar o líder governar congresso senador eduardo gomar trabalhar o situação resolvido diálogo “ insistir diálogo o base senado e ficar nenhum estresse ajustar ” afirmar gomar o derrotar senado ministro governar reconhecer precisar trabalhar o base aliar senado câmara incluir abertura portar e cargo parlamentar,política, 21/08/2020 08h06 , ,https://g1.globo.com/politica/blog/andreia-sadi/post/2020/08/21/governistas-defendem-que-vice-lider-do-governo-deixe-cargo-apos-voto-a-favor-do-reajuste-de-servidores.ghtml,1
7463,Redução do adicional de periculosidade só valerá para jovens que aceitarem seguro opcional,,o o contrário vídeo o entender haver mudança trabalhador contratar e receber o benefício,política,2019/11/26,Comprova,https://projetocomprova.com.br/publicações/reducao-do-adicional-de-periculosidade-so-valera-para-jovens-que-aceitarem-seguro-opcional/,0
7464,É #FAKE que repórter disse 'Vamos visitar sua filha na cadeia' antes de ser ameaçado por Bolsonaro,"Um dia depois, vídeo com legenda falsa tem circulado na internet. Várias mensagens também afirmam que presidente apenas respondeu a provocação. Áudio deixa claro que um ambulante fez um convite a ele. 'Vamos visitar nossa feirinha da catedral', diz ele.",mensagem circular rede social o repórter jornal o globo o seguinte frase o o presidente jair bolsonaro ameaçar n domingo visitar filho cadeia verdade ambulante aparecer convite o o presidente o questionamento jornalista visitar feira catedral presidente afirmar o homem vídeo editar legendar falso e boato rede circular quase horar episódio ocorrer domingo,entretenimento, 24/08/2020, Por G1 ,https://g1.globo.com/fato-ou-fake/noticia/2020/08/24/e-fake-que-reporter-disse-vamos-visitar-sua-filha-na-cadeia-antes-de-ser-ameacado-por-bolsonaro.ghtml,0
7465,É #FAKE que Pfizer fez alerta de que vacina contra Covid-19 causa má-formação em fetos,"Publicação falsa usa um trecho do documento destinado aos voluntários nos testes do imunizante que fala em 'evitar relações sexuais desprotegidas'. Trata-se de exigência usual em pesquisas científicas. Com vacina aprovada, tal recomendação deixa de existir.",circular rede social vídeo homem ler o trecho documentar evitar o sexo proteção haver o chance ocorrer gravidez alegar tratar alertar pfizer tomar o vacinar riscar feto nascer má-formação trata-se verdade exigência feito o voluntário período teste vacinar o procedimento considerar usual ditar norma internacional e publicamente noto o empresar afirmar estudar clínico prever o participação população grávido haver recomendação prevenção e sexo segurar,saúde, 12/05/2021," Por Roney Domingos, G1 ",https://g1.globo.com/fato-ou-fake/coronavirus/noticia/2021/05/12/e-fake-que-pfizer-fez-alerta-de-que-vacina-contra-covid-19-causa-ma-formacao-em-fetos.ghtml,0
7466,Coronavírus: sobe para 115.271 n° de mortos nos EUA; 2.063.812 casos confirmados  ,,"o total caso confirmar coronavírus unir subir 2.063.812 o atualização hoje cdc centrar o controlo e prevenção doença americano o morte decorrência covid-19 atingir 115.271 o morte causar covid-19 país crescimento 0,5 o ritmar o registrar dia anterior anteontem o aumentar 0,6 113.914 114.625 morto o ritmar caso confirmar subir o o dia anterior aumentar cercar 1,2 2.038.344 2.063.812 anteontem o crescimento 1,1 2.016.027 2.038.344 o cidade york o registrar o caso oficiar covid-19 unir total 206.322 seguir york 173.137 caso e jersey 166.603 caso",saúde,14/06/2020 16h33 ,14/06/2020 16h33 ,https://noticias.uol.com.br/ultimas-noticias/2020/06/14/coronavirus-sobe-para-115271-numero-de-mortos-nos-eua-2063812-casos-confirmados.htm,1
7467,A visão de quem está pedalando em tempos de pandemia  ,,durante o pandemia o o bicicleta alterar o locomoção dia o bike garagem e pedalar casar o trabalhar o noite passar algum precisar e voltar casar n ordem conseguir trabalhar casar caçar freelas pedir indicação acolá entretanto condição universal brasil existir pessoa precisar transportar o trabalhar diariamente e existir pessoa bicicleta subsistência entregador e entregador experienciaram o cidade o ótico ciclismo n distinto contexto pré e pós-pandemia covid-19 mentir elaborar perguntar entender ruir paulo e colocar íntegro respostar encontrar entendimento respostar entender p01 pessoa p02 pessoa e p01 considerar segurar propagar o doença,saúde,25/05/2020 04h00 ,25/05/2020 04h00 ,https://www.uol.com.br/ecoa/colunas/milo-araujo/2020/05/25/a-visao-de-quem-esta-pedalando-em-tempos-de-pandemia.htm,1
7468,A volta do Fake em Nóis: As Mentiras do Bolsonaro!,,finalmente “ féria ” gilmar lopes e pirulla voltar o quadrar fake nóis canal movshow d falar o mentir político e especificamente querer presidente,entretenimento,16/06/2021,Gilmar Lopes,https://www.e-farsas.com/fake-em-nois-mentiras-do-bolsonaro.html,0
7469,Marca cria máscara com a hashtag #NÃOSECALE contra abuso sexual infantil  ,,o plié lingerie parceria o cucumber propaganda e o instituto liberto criar máscara alertar o abusar e o exploração sexual infantil item proteger o contaminação coronavírus e trazer o hashtag nãosecale lembrar o importância silenciar d violência informar noto o plié confeccionar pedir cercar d máscara entregue escola público aula voltar o o formato presencial o exploração sexual infantil problema social grave diretamente pobreza e miséria população e o crise econômica iminente criança situação vulnerabilidade o aumentar alertar o plié noto,saúde,23/07/2020 17h36 ,23/07/2020 17h36 ,https://www.uol.com.br/universa/noticias/redacao/2020/07/23/marca-cria-mascara-contra-exploracao-infantil.htm,1
7470,"Greta Thunberg não estuda na escola mais cara do mundo, nem tem veleiro  ",,discursar segunda-feira cúpula clima organização nação unir onu o jovem sueco gretar thunberg ano alvo série boato e especulação rede social conteúdo importar país o brasil atacar o credibilidade ativista e família publicação lastrar realidade afirmar o família gretar iate e motorista particular gretar estudar escola caro mundo o pai cientista social gay abandonar filho e acusar o mãe lésbico satanista inverdade verificação analisar conteúdo publicar página comandante viegas e mulher unir o bolsonaro facebook e site estudo nacional e pleno news,mundo,27/09/2019 20h59 ,27/09/2019 20h59 ,https://noticias.uol.com.br/comprova/ultimas-noticias/2019/09/27/greta-thunberg-nao-estuda-na-escola-mais-cara-do-mundo-nem-tem-veleiro.htm,0
7471,"Anti-inflamatório reduz risco de morte por covid-19, segundo estudo  ",,medicamentar anti-inflamatório o tocilizumab reduzir o riscar morte paciente hospitalizar covid-19 acordar resultar amplo estudar qualificar notícia especialista paciente tratar tocilizumab vidar adicional salvo afirmar responsável ensaiar clínico britânico recovery testo variedade medicamento o sars-cov-2 o tocilizumab o artrite reumatoide administrar intravenoso o estudar mostrar medicamentar diminuir o internação paciente e diminuir o necessidade respiração artificial excelente notícia acrescentar anthony gordon professor anestesiar e terapia intensivo imperial college london participar teste,saúde,11/02/2021 16h09 ,11/02/2021 16h09 ,https://www.uol.com.br/vivabem/noticias/afp/2021/02/11/anti-inflamatorio-reduz-risco-de-morte-por-covid-19-segundo-estudo.htm,1
7472,Imagem de Doria tomando vacina é de antes do uso de máscara ser obrigatório  ,,imagem mostrar o governador paulo joão doria máscara tomar vacinar contexto e promover desinformação rede social o foto viralizou twitter e facebook o início teste vacinar o covid-19 acompanhar texto questionar o fato o governador e o profissional saudar aplicar o vacinar máscara postagens sugerir o tratamento mídia fato diferente casar o político vacinar máscara o presidente jair bolsonaro.a foto circular rede social frame imagem estático reportagem redar globo mostrar doria tomar o vacinar anual o gripar o matéria veicular março dia decretar tornar obrigatório o máscara paulo publicar diário oficial,política,28/07/2020 17h33 ,"Do UOL, em São Paulo*",https://noticias.uol.com.br/comprova/ultimas-noticias/2020/07/28/imagem-de-doria-tomando-vacina-e-de-antes-do-uso-de-mascara-ser-obrigatorio.htm,0
7473,É #FAKE que uso prolongado de máscara contra o coronavírus leva a quadro de intoxicação e baixa oxigenação do organismo,Mensagem falsa diz que item de proteção interfere no processo de troca gasosa da respiração humana. Médicos explicam que isso não ocorre porque a máscara não é hermeticamente fechada.,mensagem compartilhar rede social o prolongar máscara proteção o coronavírus produzir hipóxia oxigenação organismo o o impedir o trocar oxigênio e dióxido carbono corpo o ambientar o texto afirmar o máscara o pessoa “ respirar repetidamente o ar expirar transformar dióxido carbono ” gerar sensação tontura e evoluir quadrar intoxicação o mensagem o artigo proteção “ causar desconfortar fadigar e perda reflexo ” e gerar desmaiar o texto afirmar o máscara retirar rostir o minuto acontecer informação refutar infectologista leonardo weissmann consultor sociedade brasileiro infectologia “ inúmero informação falso circular o pandemia o máscara causar hipóxia intoxicação dióxido carbono levantar o máscara o minuto aumentar o chance o indivíduo tocar frente máscara exatamente o recomendar ” explicar o médico,ciência, 05/05/2020," Por Roberta Pennafort, CBN ",https://g1.globo.com/fato-ou-fake/coronavirus/noticia/2020/05/05/e-fake-que-uso-prolongado-de-mascara-contra-o-coronavirus-leva-a-quadro-de-intoxicacao-e-baixa-oxigenacao-do-organismo.ghtml,0
7474,EUA negam que vídeo de embaixador seja resposta a Bolsonaro  ,,o embaixador unir brasil todd chapman publicar noite d terço mensagem congratular o corpo fuzileiro naval americano aniversário ano o vídeo acompanhar o publicação feito embaixador relatar o destacamento o mundo e prontidão responder rápido terra ar mar o publicação chapman feito horar o presidente jair bolsonaro falar pólvora diplomacia respostar o declaração presidente eleito unir joe biden,política,12/11/2020 07h36 ,"Paulo Beraldo e João Paulo Nucci, colaborou Felipe Frazão",https://noticias.uol.com.br/ultimas-noticias/agencia-estado/2020/11/12/eua-negam-que-video-seja-resposta-a-bolsonaro.htm,1
7475,"

Hospital Infantil Darcy Vargas será demolido e terreno será vendido por Doria #boato 
","Boato – Em “ato de fúria por dinheiro”, governador João Doria vai demolir Hospital Infantil Darcy Vargas, localizado na cidade de São Paulo, e vender terreno.",“ hospital infantil darcy varga paulo iriar ” derrubar destruido ” joão dório – governador paulo – denúncia sério atar fúria dinheiro e cheirar o malandragem … denúncia feito janaína paschoal – deputar estadual paulo juntamente o deputar letícia aguiar josé campo e senador mara gabrilli … chegar o tribunal internacional tesar atar atentar o humanidade … o ação infeliz praticar ”,política,18/02/2021,"
Kyene Becker ",https://www.boatos.org/politica/hospital-infantil-darcy-vargas-sera-demolido-terreno-vendido-por-doria.html,0
7476,"
  O cotonete do PCR chega à nasofaringe para coletar amostras mais exatas quando há pouca carga viral","Publicações compartilhadas centenas de vezes em redes sociais desde meados de 2020 questionam o tamanho da “vareta” utilizada para coletar amostras do novo coronavírus durante os testes PCR, “se apenas uma gota de saliva pode infectar um bairro inteiro”. Diversos especialistas consultados pela AFP explicaram que o cotonete usado para detectar o SARS-CoV-2 chega à nasofaringe já que as vias respiratórias são o principal canal de entrada do vírus, o que permite localizar amostras mais exatas quando o paciente possui pouca carga viral.Envie-nos por WhatsApp Email",“ enfiar vareta goelar testar covid-19 gota salivar infectar bairro inteirar ” o texto compartilhar 1.500 facebook e twitter o mensagem voltar o circular abril acompanhar ilustração haste flexível inserir nariz mulher chegar o cavidade nasofaríngea “ perdigotar suficiente ” questionar postagens conteúdo semelhante circular espanhol pcr técnico amplificação exponencial material genético n casar coronavírus sars-cov-2 “ o técnico sensibilidade utilizar diagnóstico presença d vírus sensibilidade superior testar antígeno ” explicar afp gemma rodríguez-tarduchy doutorar ciência e responsável laboratório sequenciamento automático dna e pcr quantitativo real instituto pesquisar biomédico “ alberto sols ” iib csic-uam espanha,brasil,30/04/2021 às 19:34,"Adrià Laborda, AFP Espanha",https://checamos.afp.com//o-cotonete-do-pcr-chega-nasofaringe-para-coletar-amostras-mais-exatas-quando-ha-pouca-carga-viral,0
7477,"

Bolsonaro acaba de ser agredido com um tapa em cafeteria no Rio de Janeiro #boato 
","Boato – O presidente eleito Jair Bolsonaro acabou de ser agredido novamente. Desta vez, uma mulher deu um tapa nele em uma cafeteria no Rio de Janeiro.",bolsonaro acabar agredir cafeteria rir e segurança dormir pensar faca bolsonaro correr perigar mulher aparentemente inocentar aparecer ficar e conseguir tapar rostir presidente eleito o perigar surgir esperar e segurança bolsonaro agredir o emprensa mostrar segurança bolsonaro mole mulher passar e desferir tapar rostir presidente observar o caro assumir imaginar o ódio versão segurança presidente bolsonaro vacilar e novamente agredir petralhas .. o democracia pregar …,política,02/12/2018,"
Edgard Matsuki ",https://www.boatos.org/politica/bolsonaro-agredido-tapa-rio.html,0
7478,"

Vídeo mostra golpe do cartão Itaú Personalité que passou no Fantástico #boato 
",Vídeo mostra golpe do cartão Itaú Personalité que passou no Fantástico #boato,oi gente acontecer ninguém acontecer comigo acabar receber pelar correar e o papel excelente qualidade mostrar o cartão direito pera pera o envelope papel durar personnalité o cartar explicar e cartão d o cartão aproximação tá mandar desbloquear pelar aplicativo e o o chip e senha parir aproximação o gente ligar e parir gerente ligar né parir gerente itaú parir perguntar cartão anuidade acreditar né excelente qualidade e fraudar acontecer paulo e começar o rir parecer o fantástico o gente assistir umar fantástico impressionante impressionante o atenção hein gente ligar parir gerente receber algum,brasil,02/06/2021,"
Edgard Matsuki ",https://www.boatos.org/brasil/video-mostra-golpe-cartao-itau-personalite-passou-no-fantastico.html,0
7479,"Após exoneração de Pazuello, Saúde oficializa primeira saída de militar  ",,o secretário-executivo ministério saudar oficializar hoje edição extra diário oficial assumir o cargo o engenheiro rodrigar cruz coronel antônio elcio franco filhar tomar posse o ministrar marcelo queiroga sinal mudança perfil cargo estratégico saudar colocar nome técnico militar o mudança esperar chefiar gabinete atualmente ocupar capitão exército paulo césar ferreiro júnior o substituto funcionário carreira receitar federal passar o manhã hoje ministério rodrigar cruz secretário executivo adjunto ministério infraestrutura pesar o escolher saudar o experiência acumular cruz logístico responsável importação equipamento saudar chino durante o pandemia,saúde,30/03/2021 18h25 ,Júlia Schiaffarino ,https://noticias.uol.com.br/saude/ultimas-noticias/redacao/2021/03/30/apos-exoneracao-de-pazuello-saude-oficializa-primeira-saida-de-militar.htm,1
7480,"
  Plano de Biden para conter as mudanças climáticas não inclui consumo de carne nos Estados Unidos","Publicações com mais de uma centena de interações nas redes sociais afirmam que o presidente dos Estados Unidos, Joe Biden, expressou na Cúpula Mundial do Clima realizada nos últimos dias 22 e 23 de abril que seu plano de combate às mudanças climáticas exigiria uma redução de 90% no consumo de carnes vermelhas em seu país. No entanto, o número é citado em um estudo cujos autores asseguram que não é necessária uma mudança na dieta alimentar da população para atingir os objetivos climáticos propostos. Além disso, o plano de Biden não menciona os hábitos alimentares dos americanos.Envie-nos por WhatsApp Email",“ o ambicioso planar biden significar americano forçar o cortar carnar vermelho dieta o equivaler o cercar hambúrguer tamanho médio ” publicação compartilhar facebook e twitter o conteúdo circular site afirmação semelhante feito abril programar america reports ” emissor fox news e disponível página canal arquivar apresentador programar john roberts afirmar ocasião o hambúrgueres querer aderir o o planar climático biden o conclusão estudar,política,30/04/2021 às 19:16,"Louis Baudoin-Laarman, AFP Estados Unidos",https://checamos.afp.com//plano-de-biden-para-conter-mudancas-climaticas-nao-inclui-consumo-de-carne-nos-estados-unidos,0
7481,"

Navio com 3.500 italianos atracou em Búzios (RJ) e passageiros estão na cidade #boato 
","Boato – Navio de Gênova (Itália) atracou em Búzios (RJ) com 3500 italianos. Prefeitura não impediu a entrada, mesmo com o risco do coronavírus, porque estava visando o lucro.","“ coronavirus gananciar nacontramao o resultar … ” .“navio gênova atracar búzio e 3.500 italiano etc.desceram tranquilamente e circular cidade o ganância e irresponsabilidade prefeitura búzio cobrar passageiro 20,00 x 3.500 pessoa encubar o itália quarentenar ”",saúde,13/03/2020,"
Kyene Becker ",https://www.boatos.org/saude/navio-3500-italianos-atracou-buzios-rj.html,0
7482,regina duarte casar vezar e receber pensão comer filho solteiro militar,,o constatação surgir o redar social o quinzena janeiro convite pelar governar parir atriz regina duarte assumir o secretariar cultura acordar o texto compartilhar whatsapp regina duarte casar vezar receber umar pensão mensal r$ comer filhar solteiro militar,entretenimento,27/01/2020,gilmar lopes,https://www.e-farsas.com/regina-duarte-se-casou-5-vezes-e-ainda-recebe-pensao-de-20-mil-como-filha-solteira-de-militar.html,0
7483,Câmara aprova texto principal de projeto que flexibiliza licenciamento ambiental,,"o câmara deputar aprovar madrugar d quinta-feira o texto principal projeto flexibilizar o licenciamento ambiental país e criar marcar legal o regularização atividades econômicas e empreendimento forte mobilização oposição obstruir o votação o relatório deputar neri geller pp-mt aprovar voto o e n quinta-feira manhã parlamentar analisar destaque o o texto modificar o mérito projeto e concluir o votação seguir o iniciativo seguir o senado apresentar o marcar legal passar comissão e alterar diverso consenso bancada ambientalista e ruralista deixar gestão rodrigar maio dem-rj frente câmara semana o proposto ganhar atual presidente casar arthur lira pp-al o plenário e aprovar d contar o mobilização governar jair bolsonaro o projeto flexibilizar o emissão licença país dispensar fiscalização órgão ambientar série propriedade ambientalista o consequência o precariedade monitoramento e o análise impacto ambientar terça-feira ex-ministros ambientar publicar cartar afirmar o mecanismo criar “ regime exceção o o licenciamento ” o projeto elenca atividades impacto ambientar dispensar licenciamento obrar serviço público distribuição energia elétrica tensão e estação tratamento água e esgotar sanitário serviço e obrar manutenção e melhoramento infraestrutura instalação existir o texto dispensar licença atividades rural o pecuário extensivo semi-intensiva e pequeno portar cultivar espécie interessar agrícola o projeto criar o mecanismo licença autodeclaratória o licença adesão e compromisso lac atender o empreendimento emitir licença automaticamente análise prévio órgão ambiental — buscar o flexibilização nenhum o simplificação racional procedimento licenciamento o o rigoroso simples e eficiente n sentir o simplificação licença empreendimento acompanhar padrão rigoroso o licenciamento empreendimento significativo potencial poluidor o acompanhar detalhar estudo impactar ambiental — discursar neri geller o o ler relatório plenário durante o discussão o deputar kim kataguiri dem-sp chegar o relatar o proposto comissão especial defender o texto — trazer segurança jurídico uniformizar norma portaria decreto resolução união e município o o unificar norma o cni confederação nacional indústria senhor e senhor simplificar lei gerar impactar estudo fipe economista usp r$ bilião investimento ano e 2,6 milhão emprego ano — declarar o parlamentar parlamentar oposição contestar o líder redar joenia wapichana rr o legislação o potencial devastar biomas protegido regrar atuais — o proposto considerar o mãe boiar o pl inconstitucional drástico retrocesso previsão constitucional estratégia escancarar desmontar ambiental beneficiar exclusivamente empreendimento agronegócios hidroelétricas ferrovia mineradoras linha transmissão energia — discursar o parlamentar apesar potencial econômico citar apoiadores projeto parlamentar argumentar aprovação proposto efeito contrário líder pv enricar misasi sp esperar reação entidade ambientar surpreender o resistência iniciativo privar — surpreso o ligação receber temer empresar preocupar o insegurança jurídico causar aprovação celeridade relatório concessionário infraestrutura empresar exportar o mundo preocupado o impactar negativar o aprovação d projeto economia brasileiro — discursar o líder pv cartar ex-ministros ambientar signatário josé goldemberg fernando collor rubens ricupero itamar franco gustavo krause e josé carlos carvalho fernando henrique cardoso marino silvar e carlos minc lula izabella teixeira dilma e sarney filhar e edson duarte michel temer afirmar o ausência fiscalização passar o o regrar licenciamento país propriedade médio impactar e portar “ o proposto afirmar e empreendimento qualificar significativo potencial impactar o absoluto licenciamento brasil licenciar mediante modalidade automático e controlo prévio abarcar empreendimento impactante incluir barragem rejeito romper mariano e brumadinho mg ” o cartar noite d quarta-feira entretanto o leitura relatório neri geller incorporar emendar excluir o setor mineração regrar estipular legislação — conseguir plenário o texto ruim — o o globo o presidente bancada ambientalista rodrigar agostinho psb-sp negociação parlamentar centrar e oposição geller acolher emendar trazer regrar rígido o duplicação rodovia texto inicial haver o previsão licença ambiental compromisso redação haver o ressalvar haver necessidade estudar impactar ambiental o depender e exigência demandar legislação documentar ex-ministros afirmar acompanhar “ forte apreensão e rejeição o aspecto texto e votação precipitar debater público aberto o sociedade ” argumentar o proposto gerar insegurança jurídico e o judicialização licenciamento ambiental esfera aumentar risco investimento e fulminar o propósito principal perseguir projeto criar ambientar negócio favorável entidade ambientalista criticar duramente o projeto noto conjunto observatório clima sos matar atlântico instituto socioambiental greenpeace instituto democracia e sustentabilidade ids instituto estudo socioeconômicos inesc insituto sociedade população e natureza isp e wwf afirmar o proposto causar o “ extinção ” licenciamento ambiental e qualificar “ lei licença e autolicenciamento ”",brasil, Publicado em  13/05/21 07:48 ,Bruno Góes,https://extra.globo.com/noticias/brasil/camara-aprova-texto-principal-de-projeto-que-flexibiliza-licenciamento-ambiental-25015290.html,1
7484,Paraíba recebe mais 110.250 doses de vacinas covid-19,,"A Paraíba recebe, a partir desta sexta-feira (16/04), mais 110.250 doses de vacinas covid-19 do Ministério da Saúde. Serão entregues 44 mil doses da Coronavac, do Instituto Butantan, e 66.250 da AstraZeneca/Oxford, da Fundação Oswaldo Cruz (Fiocruz). Ao longo da campanha de vacinação o estado já recebeu mais de 1 milhão de doses de vacinas covid-19, e até o momento, mais de 741 mil foram aplicadas. O Ministério da Saúde está ultrapassando a marca de 50 milhões de doses de vacinas covid-19 distribuídas em todo o Brasil desde o início da campanha, em 18 de janeiro. Isso porque, nesta semana, mais 6,3 milhões de doses serão enviadas para todos os estados e Distrito Federal – com esse novo lote, a pasta já coordenou a distribuição de mais de 53,9 milhões de doses desde o início da campanha de vacinação. De acordo com o 11º informe técnico da Secretaria de Vigilância em Saúde (SVS), mais um grupo prioritário será atendido: o de idosos entre 60 e 64 anos. Também estão sendo destinadas doses para idosos entre 65 e 69 anos, trabalhadores da saúde e forças de segurança e salvamento e Forças Armadas que atuam na linha de frente da pandemia.",saúde,16/04/2021 17h55, ,https://www.gov.br/saude/pt-br/assuntos/noticias/paraiba-recebe-mais-110-250-doses-de-vacinas-covid-19,1
7485,Estudo pode acelerar vacina ao descobrir como coronavírus invade células  ,,pesquisador britânico descobrir o coronavírus proteger imunológico vírus casar o estudar confirmar desenvolver vacinar fácil imaginar chegar descobrir pesquisador universidade southampton criar modelar vírus causar o covid-19 e analisar disfarçar conseguir entrar célula detectar o modelar mostrar o coronavírus espinho sair superfície o permitir conectar s célula corpo humanar o professor max crispin liderar o pesquisar o revestimento formar açúcar esconder proteína virar evitar imunológico o o revestir açúcar vírus lobo pelar cordeiro o professor principal conclusão estudar apesar quantidade açúcar coronavírus altamente proteger vírus,saúde,08/04/2020 10h13 ,"Do UOL, em São Paulo",https://www.uol.com.br/vivabem/noticias/redacao/2020/04/08/estudo-descobre-como-coronavirus-invade-celulas-e-pode-acelerar-vacina.htm,1
7486,"
  Vídeo mostra gravação de filme, sem relação com a decisão do STF contra ações policiais na pandemia","Um vídeo que parece mostrar homens armados descendo de uma comunidade no Rio de Janeiro enquanto policiais assistem paralisados foi compartilhado mais de 10 mil vezes em redes sociais desde 20 de agosto como se a cena fosse o “resultado” da decisão do Supremo Tribunal Federal (STF) que proibiu ações policiais em favelas cariocas durante a pandemia de COVID-19. O vídeo viralizado faz parte, contudo, da gravação de um filme.Envie-nos por WhatsApp Email",“ rir janeiro ministrar facchin proibir o subir pm morro adjetivar o stf o legar q o pt deixar o o país ” publicação compartilhar facebook e twitter “ stf ” escrever outro usuário o o publicar o vídeo homem correr armar mão passar direto parecer agente polícia militar rir janeiro início d o supremo tribunal federal realmente suspender o realização operação policiar comunidade rir janeiro durar o calamidade público decorrente pandemia covid-19 referendar decisão anterior ministrar edson fachin,brasil,21/08/2020 às 21:58,AFP Brasil,https://checamos.afp.com//video-mostra-gravacao-de-filme-sem-relacao-com-decisao-do-stf-contra-acoes-policiais-na-pandemia,0
7487,"Vendas do varejo encolhem 8,8% na semana do Dia dos Pais, aponta indicador; e-commerce cresce 22%","Dados são do Índice Cielo de Varejo Ampliado; vendas de chocolates, vinhos e outros alimentos cresceram em relação a 2019, enquanto que as de vestuário e acessórios encolheram 21%.","pandemia coronavírus vender varejar encolher 8,8 semana dia pai comparação o período divulgar cielo n terça-feira empresar pagamento mensurar índice cielo varejar ampliar icva utilizar modelo matemático e estatístico calcular o desempenhar setor e levar contar o base cliente companhia apesar recuar o vestir sinal recuperação “ comedir isolamento voltar semana março o faturamento varejar quedo cercar ” comparar o gerente inteligência cielo pedrar lippi",política, 11/08/2020 05h01 ," Por Bianca Lima, GloboNews — Brasília ",https://g1.globo.com/economia/noticia/2020/08/11/vendas-do-varejo-encolhem-88percent-na-semana-do-dia-dos-pais-aponta-indicador-e-commerce-cresce-22percent.ghtml,1
7488,Bolsonaristas provocam MBL após prisão de empresário ligado ao grupo  ,,representante bolsonarismo e apoiadores presidente repúblico criar o hashtag derretembl provocar o movimentar brasil livrar o prisão carlos augusto moraes afonso pseudônimo luciano ayan rede social deter polícia civil sp o homem guru mbl formal sustentar liderança político horar apoiadores jair bolsonaro postar e replicar centena mensagem referência o o vínculo ayan o mbl filhar presidente e deputar federal psl-sp eduardo bolsonaro gravar vídeo atacar o adversário e parlamentar,política,11/07/2020 11h26 ,Hanrrikson de Andrade,https://noticias.uol.com.br/politica/ultimas-noticias/2020/07/11/bolsonaristas-provocam-mbl-apos-prisao-de-empresario-ligado-ao-grupo.htm,1
7489,foto cair durante videoconferência e revelar homem beber cervejar umar redar verdade,,o imagem formar gif animar espalhar o redar social o abril e mostrar umar gambiarra durante umar videoconferência acabar errar homem enganar o participante colocar umar foto o frente câmera o imagem acabar cair durante o reunião revelar deitar redar beber cervejar,entretenimento,3/05/20203,gilmar lopes,https://www.e-farsas.com/foto-cai-durante-videoconferencia-e-revela-homem-bebendo-cerveja-em-uma-rede-sera-verdade.html,0
7490,Vice de Russomanno acha natural apoio de Bolsonaro e se afasta de Crivella  ,,"O ex-presidente da seção paulista da OAB (Ordem dos Advogados do Brasil) Marcos da Costa é um vice de última hora. Até as 13h de 16 de setembro, último dia para definir as chapas em convenções, ele era candidato a prefeito de São Paulo pelo PTB. Duas horas depois, passou a ocupar a vice na chapa encabeçada pelo deputado federal Celso Russomanno (Republicanos), atual líder nas pesquisas de intenção de voto. Nesse intervalo de tempo, o PTB informou Costa de que havia sido procurado pelo Republicanos para formar uma aliança. O partido deixou a decisão nas mãos dele. ""Do ponto de vista eleitoral, temos de somar forças para ter a possibilidade de êxito na eleição"", diz o agora candidato a vice. O vice de Russomanno diz ter ""profundo respeito"" pelo governo do presidente Jair Bolsonaro (sem partido) —que é apoiado por PTB e Republicanos. Aos 56 anos, se considera ""conservador"" e ""homem de família"", características que ressalta depois de ter sido avaliado pelo presidente nacional do PTB, Roberto Jefferson, como ""petista"" e ""não conservador"". ""Ele não me conhecia pessoalmente e deve ter recebido informações de pessoas próximas a ele, informações incorretas"", diz Costa, que diz ter sido uma ""pedra no sapato"" da gestão de Fernando Haddad (PT), quando liderava a OAB-SP. ""Basta isso para dizer que a informação que chegou ao Roberto Jefferson é equivocada.""",política,25/09/2020 04h00 ,Nathan Lopes,https://noticias.uol.com.br/eleicoes/2020/09/25/marcos-da-costa-ptb-vice-russomanno-prefeitura-sp.htm,1
7491,"

Michelle Bolsonaro usou sapato da bandeira do Brasil exclusivo no 7 de setembro #boato 
",Boato – Foto mostra sapato de salto exclusivo utilizado pela primeira-dama Michelle Bolsonaro no dia 7 de setembro. Eles eram verde-amarelos e com o desenho da bandeira do Brasil.,sapato michelle o mulherada enlouquecido sapato michellebolsonaro n set.e lindo ° informação assessoria primeira-dama sapato presentar fabricante feito exclusivamente emílio dorázzio,política,10/09/2019,"
Edgard Matsuki ",https://www.boatos.org/politica/michelle-bolsonaro-sapato-bandeira-brasil-7-setembro.html,0
7492,Ex-ministro do Trabalho é alvo de busca e apreensão em operação da Polícia Federal,"Operação Gaveteiros mira suspeita de desvio de R$ 50 milhões na pasta, ocorrido entre 2016 e 2018. Defesa de Ronaldo Nogueira disse desconhecer que ele tenha sido alvo de mandado. ",o polícia federal deflagrar n quinta-feira operação investigar o suspeito desviar r$ milhão antigo ministério trabalhar irregularidade acordar o pf ocorrer e o ministrar trabalhar governar ex-presidente michel temer ronaldo nogueira alvo buscar e apreensão nogueira atualmente presidente fundação nacional saudar funasa noto afirmar o seguinte notícia divulgar dia hoje envolver nome informar recear algum apuração fato advogar tomar ciência processar o serenidade o exigir o interessar esclarecimento fato e coloco-me disposição prestar esclarecimento necessário s autoridade responsável o operação chamar gaveteiro s ruir cumprir,política, 06/02/2020 07h47 , Por G1 — Brasília ,https://g1.globo.com/politica/noticia/2020/02/06/policia-federal-faz-operacao-para-apurar-desvios-no-antigo-ministerio-do-trabalho.ghtml,1
7493,"

Manifestantes pró-Bolsonaro criaram faixa com dizeres “somos todos hemorróidas” #boato 
","Boato – Durante protesto favorável ao presidente Jair Bolsonaro, manifestantes exibiram uma faixa com os dizeres “somos todos hemorróidas”.",o kkkkkkkkkk hemorroidas o faixar apoiadores bolsonaro preciso escrever achar o coronavírus ficar d gente olhar o faixar bozotários,política,,"
Edgard Matsuki ",https://www.boatos.org/politica/manifestantes-pro-bolsonaro-faixa-somos-todos-hemorroidas.html,0
7494,Vacinas para jovens ou idosos primeiro? Os prós e contras de diferentes estratégias de imunização contra a covid-19  ,,o pandemia covid-19 colocar o mundo dilema o caso explodir e estocar limitar dose vacinar imunizar o absoluto país optar proteger idoso e profissional saudar linha frente,saúde,01/02/2021 08h46 ,Rafael Barifouse - Da BBC News Brasil em São Paulo,https://noticias.uol.com.br/saude/ultimas-noticias/bbc/2021/02/01/vacinas-para-jovens-ou-idosos-primeiro-os-pros-e-contras-de-diferentes-estrategias-de-imunizacao-contra-a-covid-19.htm,1
7495,"

Vila Olímpica dos Jogos de Tóquio custou US$ 29 milhões e do Rio teve valor de US$ 900 milhões #boato 
",Vila Olímpica dos Jogos de Tóquio custou US$ 29 milhões e do Rio teve valor de US$ 900 milhões #boato,“ o custar vila olímpico japão milhão dólar o custar vila olímpico o olimpíada brasil milhão dólar e pra variar governar o brasil o época pt e lula ganhar dinheiro político envolvido o corrupção e o globolixo” “i love japão japão custar total davila olímpico r$ milhão dólar brasil 1bilhão dólar odebrecht suar linda!!!” “curiosidade vila olimpica rir janeiro custar milhão dolares vezar o ´ japão milhão ”,entretenimento,29/07/2021,"
Kyene Becker ",https://www.boatos.org/esporte/vila-olimpica-jogos-toquio-custou-us-29-milhoes-rio-custou-us-900-milhoes.html,0
7496,"É #FAKE que nova moeda, chamada DIM, está programada para entrar em vigor em 2020 no Brasil","Banco Central, que tem competência exclusiva para tratar do tema, diz que informação não procede. Projeto é de homem que se intitula presidente constituinte do Brasil.",circular rede social cartaz moeda brasileiro chamar dim entrar vigor novembro país o artigo constituição federal determinar o competência união emitir moeda exercido exclusivamente banco central consultar o afirmação moeda chamar dim entrar vigor novembro o banco central o informação proceder o texto falir o dim defender o o autointitulado presidente constituinte celio evangelista ferreiro nascimento vídeo o dim atar chefe site defender projetos,política, 30/07/2020," Por Roney Domingos, G1 ",https://g1.globo.com/fato-ou-fake/noticia/2020/07/30/e-fake-que-nova-moeda-chamada-dim-esta-programada-para-entrar-em-vigor-em-2020-no-brasil.ghtml,0
7497,Coronavírus: Taiwan suspende temporariamente vistos para chineses  ,,"Taiwan decidiu suspender temporariamente os pedidos de visto para todos os cidadãos chineses devido ao surto de coronavírus. O número de mortos subiu para 56 e o de pacientes infectados para 1.975. Em comunicado divulgado neste domingo, o Centro de Controle e Prevenção de Doenças do país proibiu ainda a entrada de cidadãos chineses da província de Hubei, considerada epicentro do vírus. As medidas afetarão os estudantes chineses que estudam em Taiwan, cuja entrada será adiada em duas semanas, segundo o comunicado. As solicitações de cidadãos chineses de outras províncias chinesas por causa de ""turismo, intercâmbio social, intercâmbio profissional, exame médico estético"" serão temporariamente suspensas.",saúde,26/01/2020 09h52 ,26/01/2020 09h52 ,https://noticias.uol.com.br/internacional/ultimas-noticias/2020/01/26/coronavirus-taiwan-suspende-vistos-para-chineses.htm,1
7498,"

Curso obrigatório para professores ensina como atrapalhar governo Bolsonaro #boato 
","Boato – Secretaria de Educação do Distrito Federal suspendeu aulas e promoveu curso obrigatório para ensinar professores como atrapalhar o próximo governo, de Jair Bolsonaro.",pessoal ler conhecer pessoa secretariar educação df dia cursar obrigatório p professorar aula p criança professorar cursar formação chegar entrar celular passar o dia inteiro cursar ensinar atrapalhar o o o governar pra doutrinar criança e adolescente o governar greve o e provocar o irar presidente o presidente reagir policiamento pra o acusar ditador e o impeachment esquema guerra o governar começar escola e universidade e órgão público primo goiânia o articulação cuidar encaminhar ficar atento esquerdista agir,política,02/12/2018,"
Carol Lira ",https://www.boatos.org/politica/curso-obrigatorio-professores-bolsonaro.html,0
7499,"

Cebola, alho, mel, mastruz e boldo curam a Covid-19 #boato 
","Boato – Composto de cebola, alho e mel e combinação de folha de mastruz e chá de boldo podem curar a Covid-19 e evitar que a pessoa seja assassinada no hospital. ",“ vítima covid assassinar hospital quadrilha infiltrar saudar pra propósito inflar o família afastar ficar o vítima mão e o merecer confiança tratar mäe ano casar compor cebola alho e mel abelhar passar liquidificador e tratar covid o folhar mastruz e o chá boldo näo confi o vidar família mão falhar ”,saúde,28/04/2021,"
Kyene Becker ",https://www.boatos.org/saude/cebola-alho-mel-mastruz-boldo-curam-covid-19.html,0
7500,Pandemia deve intensificar abandono de escola entre alunos mais pobres  ,,litoral cearense haver aluno ensinar médio conseguir acompanhar aula online trabalhar durante o dia inteirar interior piauí educador recorrer o visitar doméstico e vídeo motivador atrair estudante aparecer encontro virtual paulo aluno render atendido organização lucrativo temer voltar o estacar estudo pandemia relato estudante equipamento conexão internet família situação econômica frágil professorar crescente dificuldade manter aluno engajar aula remoto e pai ansioso temeroso perspectivo voltar s aula presenciar — marcar agostar setembro o resultar d combinação crescer o temor educador e pesquisador circunstância imposto pandemia estudante simplesmente desistir escola n ano engordar estatístico evasão escolar brasil turma ° ano ensinar médio aluno participar aula remoto bbc news brasil o professorar biologia joseline souza nascimento aula redar estadual cidade cascavel costa cear,saúde,23/07/2020 07h37 ,Paula Adamo Idoeta,https://educacao.uol.com.br/noticias/bbc/2020/07/23/pandemia-deve-intensificar-abandono-de-escola-entre-alunos-mais-pobres.htm,1
7501,"

Ciro Gomes é flagrado conversando com um membro do PCC #boato 
","Boato – Ciro Gomes foi flagrado conversando ao telefone com um membro do PCC. Em áudio, ele fala sobre “crise no comando” agravada por Bolsonaro ao transferir chefes das facções para presídios federais e cortar rede de comunicação.",líder facção “ o “ manir ” ficar parar o compromisso e ajudar o pago pro comandar ” ciro gomar “ o camilo tá pagar e cobrança o “ bucha pro porra torturar alguém e o responsável ” líder facção “ aprender o o “ comandar ” e o o “ comandar ” mim ” ciro gomar “ argumentar entender o bolsonaro o considerar irresponsabilidade transferir chefe pcc comandar vermelhar d facção pros presídio federar e cortar o redar comunicação o bolsonaro criar o crise agravar aprofundar o crise”.o sr ciro gomar converso amigar pcc instrutivo.gravíssimo .. … o cidadão ciro gomar .. contato chefe e líder pcc … cadê o ministério público federal ministrar justiçar … diretor polícia federal … gsi … procurador repúblico augusto arar … abin … … investigar o cidadão ciro gomar imediatamente … audio vazar ciro gomar converso o facção criminoso pcc …,política,06/10/2020,"
Raiane Gonoli ",https://www.boatos.org/politica/ciro-gomes-flagrado-conversando-com-pcc.html,0
7502,É #FAKE que fotos mostrem comícios de Trump e Biden na véspera da eleição americana,"Fotos são antigas. A que mostra o evento do presidente foi feita no ano passado, bem antes da pandemia. Já a imagem que exibe o candidato democrata mostra um evento fechado, e não um comício, com regras de distanciamento social.",circular rede social montagem foto evento protagonizar donald trump e joe biden legendar tratar comício realizar véspera votação eleição americano n semana o objetivo mensagem falso sugerir o presidente norte-americano concorrer reeleição atualmente o candidatar democrata o despeitar pesquisar intenção votar mostrar o opor imagem antigo o mostrar o evento trump ocorrer junho haver quase ano e buscar reverso levar foto original feito fotógrafo joe burbank sipa vender site agência,mundo, 02/11/2020, Por G1 ,https://g1.globo.com/fato-ou-fake/noticia/2020/11/02/e-fake-que-fotos-mostrem-comicios-de-trump-e-biden-na-vespera-da-eleicao-americana.ghtml,0
7503,"Na ONU, Brasil vai na contramão e elogia Trump por luta contra racismo  ",,o governar jair bolsonaro elogiar o situação direito humano administração donald trump especial esforço casar branco lutar o discriminação racial o declaração itamaraty ocorrer n segunda-feira durante o sabatino realizar unir eua direito humano onu organização nação unir o revisão periódico universal processar obrigatório governo obrigar o submeter onu o sabatino o país cobrar examinar e criticar problema direito humano o governar brasileiro optar posturar poupar principal aliar internacional e tecer comentário crítico o casar branco o itamaraty chancelaria país democrático reconhecer o vitória joe biden eleição,política,09/11/2020 11h50 ,09/11/2020 11h50 ,https://noticias.uol.com.br/colunas/jamil-chade/2020/11/09/na-onu-brasil-vai-na-contra-mao-e-elogia-trump-por-luta-contra-racismo.htm,1
7504,Jorge Jesus testa negativo para covid-19 após gripe e comanda Benfica hoje  ,,o o surtir covid-19 benfica divulgar clube o técnico jorge jesus testar negativar e liberar comandar equipar duelo hoje o braga semifinal taça ligar comunicar equipar lisboa o treinador ex-flamengo diagnosticar coronavírus brasil apresentar sintoma gripar dia teste espaçar horar constatar o português ano contaminar,saúde,20/01/2021 07h46 ,20/01/2021 07h46 ,https://www.uol.com.br/esporte/futebol/ultimas-noticias/2021/01/20/jorge-jesus-testa-negativo-para-covid-19-apos-gripe-e-comanda-benfica-hoje.htm,1
7505,nigeriano tornar o jovem médico mundo o o ano idade,"será verdade que o jovem joshua beckford se tornou o médico mais jovem do mundo, aos 14 anos de idade?",o notícia começar o espalhar rede social semana setembro e contar o incrível história adolescente joshua beckford garotar negro acabar tornar o jovem médico mundo o ano,saúde,13/09/2020,gilmar lopes,https://www.e-farsas.com/um-nigeriano-se-tornou-o-mais-jovem-medico-do-mundo-aos-14-anos-de-idade.html,0
7506,Agência Europeia de Medicamentos antecipa decisão sobre vacina da Moderna  ,,o agência europeu medicamento ema anunciar hoje decidir antecipar janeiro decisão autorização vacinar o coronavírus laboratório americano moderno o companhia enviar o ema informação complementar limitar prazo modo o agência agendar reunião extraordinário janeiro tomar decisão,saúde,17/12/2020 14h52Atualizada em 18/12/2020 07h52 ,17/12/2020 14h52Atualizada em 18/12/2020 07h52 ,https://noticias.uol.com.br/ultimas-noticias/afp/2020/12/17/agencia-europeia-de-medicamentos-antecipa-decisao-sobre-vacina-da-moderna.htm,1
7507,"Governo precisa de autorização do Congresso para se desfazer de 'golden shares', decide TCU",A maioria dos ministros do TCU avaliaram que a autorização para que o governo abra mão das chamadas golden shares deve ser dada pelo Congresso.,o tribunal contar união tcu decidir voto o governar desafazer golden share possuir ex-estatais autorização congresso nacional golden share ações conferir união especial o vetar decisão importante tomar diretoria empresar o privatização atualmente o união ação especial valer irb brasil e embraer o entendimento ministro cortar contar haver lei específico o governar abrir mão d ações especial e condição ocorrer definir congresso nacional lei,política, 12/02/2020 17h39 ," Por Laís Lis, G1 — Brasília ",https://g1.globo.com/politica/noticia/2020/02/12/governo-precisa-de-autorizacao-do-congresso-para-se-desfazer-de-golden-shares-decide-tcu.ghtml,1
7508,PF intima Sônia Guajajara por críticas do movimento indígena à Funai e contra o governo Bolsonaro,,discurso carregar racismo e ódio governar estimular violação comunidade e paralisar ações dever promover assistência proteção e garantir direito e o governar buscar intimidar indígena nítido tentativo cercear liberdade expressão o ferramenta importante denunciar violação direito humano atualmente indígena diretamente atingir covid-19 caso confirmar e morto noto enviar o o globo o entidade criticar o funai e sugerir o governar esconder realidade reconhecido supremo o órgão missão institucional proteger e promover direito brasil acusar o apib difamar o governar federal o web-série “ maracá ” denunciar violação direito cometido indígena contexto pandemia covid-19 denúncia reconhecido supremo tribunal federal stf adpf afirmar o entidade referência o o processar cobrar stf medir governar combater covid-19 o presidente funai marcelo xavier delegar polícia federal e o ruralista prender corpo e jamais calar voz seguir lutar defeso direito fundamentar indígena e vidar finalizar o documentar,brasil, Publicado em  30/04/21 15:04 ,Daniel Biasetto,https://extra.globo.com/noticias/brasil/pf-intima-sonia-guajajara-por-criticas-do-movimento-indigena-funai-contra-governo-bolsonaro-24996848.html,1
7509,É #FAKE que Joe Biden tenha dito que não quer ser apresentado a Jair Bolsonaro,Assessoria do presidente eleito dos Estados Unidos refuta conteúdo de mensagem que circula nas redes sociais. Tal frase não foi divulgada por nenhum veículo de comunicação.,circular rede social o presidente eleito unir joe biden apresentar o o presidente brasileiro jair bolsonaro procurar cbn o assessoria imprensar biden “ citação real presidente eleito ” o comunicar o mensagem falso biden criticar o presidente brasileiro contar destruição amazônia durante governar afirmar “ eleger outro presidente brasil apresentar o bolsonaro ”,mundo, 04/12/2020," Por Roberta Pennafort, CBN ",https://g1.globo.com/fato-ou-fake/noticia/2020/12/04/e-fake-que-joe-biden-tenha-dito-que-nao-quer-ser-apresentado-a-jair-bolsonaro.ghtml,0
7510,"

Mulher de 68 anos fez 17 cirurgias para ficar como a Barbie #boato 
","Boato – Na Flórida, mulher de 68 anos faz dezessete procedimentos e cirurgias plásticas para ficar parecida com a Barbie. ",mulher ano flórido eua operação ano ficar parecer o boneca barbie … mulher ano flórido operação ano ficar parecer o boneca barbie,mundo,01/07/2019,"
Carol Lira ",https://www.boatos.org/mundo/mulher-fez-cirurgias-barbie.html,0
7511,Bolsonaro lamenta explosão em Beirute: 'Sentimos como se fosse no Brasil'  ,,o presidente jair bolsonaro manifestar noite hoje o explosão deixar morto e ferir beirute capital líbano hoje twitter bolsonaro profundamente triste cena e lamentar o episódio ocorrer brasil o presidente destacar o país abrigar o comunidade libanês mundo profundamente triste cena explosão beirute o brasil abrigar o comunidade libanês mundo e d modo sentir tragédia território manifestar solidariedade s família vítima fatal e o ferir escrever profundamente triste cena explosão beirute o brasil abrigar o comunidade libanês mundo e d modo sentir tragédia território manifestar solidariedade s família vítima fatal e o ferir,política,04/08/2020 21h34 ,04/08/2020 21h34 ,https://noticias.uol.com.br/politica/ultimas-noticias/2020/08/04/bolsonaro-lamenta-explosao-em-beirute-sentimos-como-se-fosse-no-brasil.htm,1
7512,"Vacinas: Fake news mentem sobre falta de testes, efeitos e alteração de DNA  ",,avanço pesquisar buscar vacinar eficaz o coronavírus mundo crescer o volumar informação falso disseminar rede sociais.no brasil o acirramento disputar político envolver o vacinação estimular diverso conteúdo s distorcido vacinar testar,ciência,15/12/2020 04h00 ,"Colaboração para o UOL, em Curitiba",https://noticias.uol.com.br/confere/ultimas-noticias/2020/12/15/vacinas-se-tornam-alvo-de-noticias-falsas.htm,0
7513,"

British Airways faliu, vai fechar e funcionários gravaram vídeo de despedida #boato 
",Boato – Companhia aérea British Airways encerrou atividades e funcionários gravaram vídeo de despedida para clientes.,“ british airways o o mundo inacreditável companhia aéreo lucrar ano triste verdade ”,mundo,06/07/2020,"
Kyene Becker ",https://www.boatos.org/mundo/british-airways-faliu-funcionarios-video-despedida.html,0
7514,"Supremo não permitirá desconstrução da Lava Jato, afirma Fux  ",,o presidente supremo tribunal federal stf ministrar luiz fux hoje o cortar permitir o desconstrução lavar jato destacar o mudança recente prever o análise d processo criminar plenário iniciativo n sentir junho ministro supremo aprovar unanimidade iniciativo fux e devolver turma o plenário o competência originário julgar inquérito e ações penar o supremo tribunal federal permitir haver o desconstrução operação lavar jato afirmar fux ações penar e inquérito passar responsabilidade plenário o supremo tribunal federal o dever restaurar o imagem país o o patamar dignidade cidadania ético e moralidade país acrescentar,política,26/11/2020 16h33 ,26/11/2020 16h33 ,https://noticias.uol.com.br/ultimas-noticias/agencia-brasil/2020/11/26/supremo-nao-permitira-desconstrucao-da-lava-jato-afirma-fux.htm,1
7515,PF descobre indícios de propina de R$ 331 mil a Secretário de Transportes do PA  ,,"o levar o secretário transporte parar antônio pádua deus andrade o presar temporariamente operação s.o.s série transferência bancário feito benefício supor operador nicolas andre tsontakis morar julho e dezembro tonalizar r$ o ministrar francisco falcão relator investigação superior tribunal justiçar transferência configurar veemente indício pagamento propinar supostamente pago razão contratação empresar ligar o nicolas execução obrar pontar acarar o km belém r$ milhão decisão autorizar o ofensivo polícia federal aberto n terço francisco falcão o nome andrade surgir incidentalmente investigação bojar análise financeiro morar polícia federal o elo médico e empresário paulo o alto cúpula governar parar investigação levar s.o.s debruçar inicialmente suposto fraude contratação organização social r$ 1,2 bilião gestão unidade saudar parar incluir hospital campanha combater o o coronavírus entanto apesar focar desviar recurso saudar investigador verificar ilicitude administração público parar caráter sistêmico e alcançar o o secretariar o transportar",política,01/10/2020 12h44 ,"Pepita Ortega, Rayssa Motta e Fausto Macedo",https://noticias.uol.com.br/ultimas-noticias/agencia-estado/2020/10/01/pf-descobre-indicios-de-propina-de-r-331-mil-a-secretario-de-transportes-do-pa.htm,1
7516,"'Perdi minha mãe para as fake news', diz filha após idosa morrer de covid  ",,o sentimento revolto perder o mãe fake news assistir o vídeo internet e acreditar doença existir o doer gente perder o vidar causar notícia falso o desabafar professorar adriana aparecido paim avanci ano haver dia o morador ribeirão preto sp perder o mãe o aposentar maria graça paim ano vítima complicação covid-19 o professorar o idoso acreditar existência vírus e recusar o buscar atendimento médico infelizmente aceitar o o hospital lembrar o professorar entrevisto o o uol,saúde,22/01/2021 20h22 ,Simone Machado,https://noticias.uol.com.br/cotidiano/ultimas-noticias/2021/01/22/filha-se-revolta-por-descaso-com-covid-perdi-minha-mae-para-as-fake-news.htm,1
7517,"Amor de quarentena: após 70 dias de namoro online, eles se viram ao vivo  ",,dia abril o pai músico gustavo fagundes tratar linfoma morrer decorrência covid-19 o artista post instagram falar pai o roteirista e diretora helô oliveira mandar mensagem pesar o trocar mensagem casal conhecer e começar o namorar durante o isolamento social e história virar músico e videoclipe distância casar isolamento social o gente começar o seguir e o falir gustavo universo falar n dia querer mandar mensagem complementar helô contar falecimento pai gustavo haver receber recado agradecer dia seguinte querer mandar mandar o sortir falar comigo seco riso desistir o mensagem pesar acabar virar sequência trocar directs instagram e semana papar infinito whatsapp pedir o perguntar d voltar o gente acabar falar principalmente vídeo e voz falir helô o casal difícil falar cronologicamente o relacionamento quarentenar o gente perder total o noção comentar o roteirista haver pedir oficial namorar brincar querer falar amar achar f falar whatsapp horar entanto deixar fluir gustavo o história d retratar relacionamento atuais internet mão e isolamento social contar pandemia,saúde,27/07/2020 04h00 ,Natália Eiras,https://www.uol.com.br/universa/noticias/redacao/2020/07/27/amor-de-quarentena-apos-70-dias-de-namoro-online-eles-se-viram-ao-vivo.htm,1
7518,"

Ecoterroristas usam drone para causar incêndios na Califórnia (EUA) 
",Boato – Vídeo mostra exato momento que um drone de inteligência artificial coloca fogo em uma área de mata na Califórnia (EUA). Equipamento é utilizado por ecoterroristas comunistas para prejudicar Donald Trump.,drones inteligência artificial califórnio ecoterroristas comunista canalhopatas assassino pra criar incêndio criminoso e provocar o caos o governar trump.**mais provar cabal comunista excessão vagabundar fdp,mundo,,"
Edgard Matsuki ",https://www.boatos.org/mundo/ecoterroristas-drone-causar-incendios-california-eua.html,0
7519,"

Petrobras dá três meses de combustível grátis para quem compartilhar link no WhatsApp #boato 
","Boato – A Petrobras está com os tanques de armazenamento no limite máximo por causa do isolamento social e, por isso, está dando três meses de combustível grátis para quem entrar em um site e compartilhar um link com amigos no WhatsApp.",ótima ajudar continuar precisar trabalhar dever s medir isolamento social conter o propagação coronavírus tanque armazenamento petrobras chegar o o limitar capacidade o solução encontrar empresar o oferecer combustível grátis profissional desempenhar funções.nome abreviação profissão atuação valer disponível tanque cheio duração benefício solicitar o desbloquear vale-combustível basto compartilhar informação familiar e contatos whatsapp,entretenimento,29/04/2020,"
Edgard Matsuki ",https://www.boatos.org/tecnologia/petrobras-tres-meses-combustivel-gratis-compartilhar-link-whatsapp.html,0
7520,"Pfizer: Com acordo em 2020, Brasil teria hoje 8 milhões a mais de vacinados  ",,casar o governar jair bolsonaro fechar acordar comprar vacinar empresar pfizer ano passar hoje o brasil quase população imunizar dosar vacinar o covid-19 — o corresponder o milhão pessoa o estimativo calcular instituto infrotracker universidade paulo juntar o o uol depoimento cpi covid semana passar o ceo pfizer américa latino carlos murillo revelar o laboratório cartar ofertar vacinar ignorar gestão bolsonaro agostar ano passar o empresar procurar o governar brasileiro setembro novembro e fevereiro d ano dose negociar dezena país o governar brasileiro aceitar o ofertar pfizer março,política,20/05/2021 04h00Atualizada em 20/05/2021 10h03 ,Leonardo Martins ,https://noticias.uol.com.br/saude/ultimas-noticias/redacao/2021/05/20/vacinas-pfizer-projecao-brasil.htm,1
7521,"Celso de Mello sobre Bolsonaro: ""Mentes autocráticas buscam a via tortuosa""  ",,aposentar stf supremo tribunal federal outubro passar o ministrar celso mello criticar o presidente jair bolsonaro declaração coluna mentir autocrático infenso s limitação validamente imposto constituição buscar o perigoso ilegítimo tortuoso e anômalo cesarismo governamental transformando-o prático costumeiro transgredir o rule of law direito decano stf celso mello o defeso institucional cortar frequência poupar ataque o o presidente repúblico especialmente episódio conflito palácio planalto o cortar declaração coluna celso mello mostrar manter o posicionamento ideológico ocupar cadeira tribunal bolsonaro subverter o princípio democrático pautar-se rigidamente advertência feito século a.c marcar túlio cícero tribuno pensador advogar senador autor importante obrar e cônsul repúblico romano lição pleno sabedoria guardar permanente e necessário atualidade servo lei livre afirmar o o falar bolsonaro o ministrar aposentar ponderar o fiel observância lei e texto constitucional qualifica-se requisitar essencial preservação ordem democrático traduzir pressupor indispensável respeitar s liberdade fundamentar cidadão peno perpetração crime responsabilidade celso mello alertar o fato repúblico democrático autoridade e agente público necessário e essencialmente limitar,política,16/04/2021 04h00 ,16/04/2021 04h00 ,https://noticias.uol.com.br/colunas/carolina-brigido/2021/04/16/celso-amorim-bolsonaro.htm,1
7522,"

Caio Coppolla foi afastado da CNN Brasil por criticar STF e decisão de Moraes #boato 
",Boato – O repórter da CNN Brasil Caio Coppolla foi afastado da emissora após ter feito críticas ao STF e a decisão de Alexandre de Moraes de impedir posse de Alexandre Ramagem na PF.,repórter cnn afastar opinar o o viver falar algum errar … o liberdade imprensar precisar fox news brasil cair coppolla cnn afastar opinar o atar inconstitucional stf,política,05/05/2020,"
Edgard Matsuki ",https://www.boatos.org/politica/caio-coppolla-afastado-cnn-brasil-criticar-stf-decisao-moraes.html,0
7523,"Covid-19: Brasil, México e Venezuela são os piores em pesquisa sobre gestão da pandemia  ",,crise colocar líder evidência e situação extremo o pandemia covid-19 presidente uruguai luis lacalle pou e peru martín vizcarra visto gestão jair bolsonaro e o mandatário venezuela nicolás madurar colecionam crítico entretanto instituição destacar país américa latino polícia e forçar armar estudar instituto ipsos consultar formador opinião e jornalista país março e abril crise saudar causar disseminação coronavírus sars-cov-2 deixar 2.800 morto e infectar região o economia o preocupação entrevistar acreditar recuperação velocidade e firmeza,saúde,14/04/2020 18h12 ,14/04/2020 18h12 ,https://noticias.uol.com.br/ultimas-noticias/efe/2020/04/14/brasil-mexico-e-venezuela-sao-os-piores-em-pesquisa-sobre-gestao-da-pandemia.htm,1
7524,Casos de coronavírus no Brasil em 29 de março,Secretarias estaduais de saúde contabilizam 4.309 infectados em todos os estados e 139 mortos. ,secretariar estadual saudar divulgar 22h domingo caso confirmar coronavírus sars-cov-2 brasil morto d paulo acordar o secretariar saudar paulo morte confirmar hospital e universidade somar caso contabilizar secretariar o rir janeiro confirmar caso e morte n domingo o total morte e caso bahia confirmar manhã d domingo o morte coronavírus paciente ano diálise e hospital particular o caso confirmar o casar criança,ciência, 29/03/2020 07h19 , Por G1 — São Paulo ,https://g1.globo.com/bemestar/coronavirus/noticia/2020/03/29/casos-de-coronavirus-no-brasil-em-29-de-marco.ghtml,1
7525,São Paulo sustenta taxa de isolamento mesmo com reabertura  ,,o dia reabertura loja ruir paulo manhã operação shopping centers manter o taxar isolamento social cidade patamar observar semana anterior o índice capital paulista ficar anteontem divulgar n sexta-feira governar o taxar cair o semana encerrar hoje o semana nenhum dia o patamar pessoa casar alcançar o marcar secretariar estadual desenvolvimento econômico,saúde,13/06/2020 08h08 ,Bruno Ribeiro,https://noticias.uol.com.br/ultimas-noticias/agencia-estado/2020/06/13/sp-sustenta-taxa-de-isolamento-mesmo-com-reabertura.htm,1
7526,Por que renovação de Wellington Silva ficou para últimos dias no Fluminense  ,,reforçar fluminense início temporada wellington silvar semana contratar o desejar d e tricolor renovação sacramentar detalhe o pandemia coronavírus modificar o dinâmico futebol brasileiro especial crucial clube o calendário brasileirão estender fevereiro país contrato geralmente encerar dezembro wellington d vínculo ano assinar julho encerrar dia d considerar joia divisão base flu xerém o atacante deixar o brasil completar ano vender o o arsenal conseguir o vestir necessário atuar premier league emprestar o pequeno clube inglaterra e espanha voltar o o tricolor ano salário considerar alto gestão presidente pedrar abad emprestar custo o o internacional o contratar chorar o o citar o fluminense apresentação demonstrar caro clube o formar,saúde,24/07/2020 04h00 ,Caio Blois,https://www.uol.com.br/esporte/futebol/ultimas-noticias/2020/07/24/por-que-renovacao-de-wellington-silva-ficou-para-ultimos-dias-de-contrato.htm,1
7527,É #FAKE que Mourão escreveu texto que compara políticos e artistas a insetos,Texto original foi escrito em 2018 por blogueiro. Mensagem falsa atribui texto ao vice-presidente da República e circula ao lado de fotos dele.,circular rede social mensagem atribuir o o vice-presidente repúblico hamilton mourão o autoria texto agradecimento o insetos brasil defeso governar bolsonaro crítico e ironia o artista estudante imprensar e político o texto escrever mourão o mensagem fake o texto escrever felipe fiamenghi colunista jornal cidade online o autor post original o versão publicar dezembro facebook aliás mencionar deixar acabar o versão atual alterar o ano e divulgar o o foto vice-presidente infelizmente desonesto o plagiar blogueiros youtubers anônimos ... o desonestidade intelectual d jurar combater o corrupção cometer corrupção cotidiano,política, 18/12/2019, Por G1 ,https://g1.globo.com/fato-ou-fake/noticia/2019/12/18/e-fake-que-mourao-escreveu-texto-que-compara-politicos-e-artistas-a-insetos.ghtml,0
7528,Bolsonaro indica tenente-coronel da reserva para cargo de diretor da Anvisa,"Jorge Luiz Kormann foi indicado para a vaga de diretor da agência após o fim do mandato de Alessandra Bastos Soares. O militar já integra a equipe do ministro da Saúde, Eduardo Pazuello. A indicação precisa ser aprovada pelo Senado.",o presidente jair bolsonaro indicar o tenente-coronel reservar jorge luiz kormann o vago diretor agência nacional vigilância sanitário anvisa o mandatar farmacêutico alessandra basto soar dezembro o indicação publicar edição d quinta-feira diário oficial união e preciso aprovar senado kormann ocupar maio o cargo diretor programar ministério saudar época o comandar nelson teich o atualização currículo lattes coronel fevereiro assessor gestão e planejamento estratégico hospital militar portar alegrar,ciência, 12/11/2020 07h14 , Por G1 ,https://g1.globo.com/politica/noticia/2020/11/12/bolsonaro-indica-tenente-coronel-para-cargo-de-diretor-da-anvisa.ghtml,1
7529,Impunidade de Pazuello dará a Bolsonaro 'Meu Exército' e 'Minha Polícia'  ,,o futurar general eduardo pazuello discursar manifestação político o jair bolsonaro rir janeiro afrontar regrar militar vestir fundamental frear o insubordinação policiar juntar o governo estadual o impunidade ex-ministro saudar visto sinalização agente segurança colocar o bolsonarismo acima respeitar lei medo o presidente repúblico garantir,política,02/06/2021 18h57 ,02/06/2021 18h57 ,https://noticias.uol.com.br/videos/2021/06/02/impunidade-de-pazuello-dara-a-bolsonaro-meu-exercito-e-minha-policia.htm,1
7530,Moro diz à PF que foi alvo do gabinete do ódio e que Carlos integra o grupo  ,,o ex-ministro sergio morar justiçar polícia federal ouvir ministro palaciano comentário o ligação vereador carlos bolsonaro republicanos-rj o filhar presidente jair bolsonaro o chamar gabinete ódio morar afirmar alvo ataque deixar o cargo o depoimento prestar polícia dia inquérito atos antidemocrático tramitar stf supremo tribunal federal o teor interrogatório revelar jornal o globo e confirmar folhar ... ler íntegro folhar,política,27/11/2020 15h05 ,27/11/2020 15h05 ,https://noticias.uol.com.br/colunas/reinaldo-azevedo/2020/11/27/moro-diz-a-pf-que-foi-alvo-do-gabinete-do-odio-e-que-carlos-integra-o-grupo.htm,1
7531,Diretor do Sírio Libanês defende uso obrigatório de máscara: 'Protege vida'  ,,diretor-geral hospital sírio-libanês o médico cirurgião paulo chapchap defender o prevenção o melhor o coronavírus comandar o equipar iniciativo batizada saudar objetivo alocar r$ bilião o itaú unibanco doar apoiar o sus combater doença avaliação chapchap pilar importante atuação o informação pessoa conscientizarem gravidade pandemia e responsabilidade proteger e o haver saudar mundo contar sobrecarga afirmar entrevisto o o jornal o globo o médico o máscara dever político nacional obrigatório proteger vidar cinto segurança pandemia acabar,saúde,27/04/2020 08h02 ,27/04/2020 08h02 ,https://noticias.uol.com.br/saude/ultimas-noticias/redacao/2020/04/27/diretor-do-sirio-libanes-coronavirus.htm,1
7532,"Na beira do colapso, RN tem quase todos os leitos ocupados  ",,o público saudar rir norte atendimento o paciente covid-19 o beirar colapso ocupação leito gerar público uti região populoso o secretariar saudar público correr o abrir leito esbarrar respirador e mão obrar especializar situação extremamente crítico o secretário saudar público rir norte cipriano maio n terça-feira o aposentar paula viana morar ano dificuldade encontrar leito começar o apresentar sintoma covid-19 início d semana o neto maria raíssa moraes acionou o samu o ambulância chegar o casar voltar horar e ficar esperar horar indicação algum vago redar público o o internar paula colocar sala pessoa sintoma covid-19 médico e paciente lamentar maria raíssa informação jornal o s. paulo,saúde,03/06/2020 08h45 ,"Ricardo Araújo, especial para o Estadão",https://noticias.uol.com.br/ultimas-noticias/agencia-estado/2020/06/03/rn-tem-quase-todos-os-leitos-ocupados.htm,1
7533,"

Vacinação universal foi anulada pela Suprema Corte dos EUA #boato 
",Vacinação universal foi anulada pela Suprema Corte dos EUA #boato,atenção atenção vacinação universal anular umar vitória parir o liberdade o supremo cortar derrubar o vacinação universal o especialista americano doença infeccioso bill gatar antoni fauci e big pharma perder umar ação judicial o supremo cortar eua conseguir provar o suar vacinar o ano seguro parir o saudar cidadão o processar grupar cientista liderar pelar senador robert f. kennedy jr “ o vacinar covid dever evitar o custar chamar urgentemente suar atenção parir importante relacionar o vacinação covid-19 pelar o história vacinação o chamar vacinar mrna geração interferir diretamente o material genético paciente alterar o material genético individual o manipulação genético proibir e anteriormente considerar crime o vacinar o coronavírus umar vacinar lembre-se o umar vacinar o patógeno micróbio vírus morto atenuar enfraquecer e introduzir o corpo parir produzir anticorpo sequer umar vacinar o coronavírus grupar mrnas mrnas supostamente “ vacinar ” umar umar célula humano o mrna reprograma o rna e o dna normal comedir o produzir outro proteína outro palavra nado comer o vacinar tradicional outro palavra instrumentar influência genético umar armar genético outro palavra iriar destruir o terráqueo e o sobrevivente iriar tornar ogm comer resultar vacinar precedente mrna o pessoa vacinar capaz lidar o sintoma vacinar o pessoa vacinar aceitar o conseqüências curar pelar simples remoção toxina corpo humanar comer umar pessoa defeito genético comer o síndrome down o síndrome klinefelter o síndrome turner o insuficiência cardíaco genético hemofilia fibrose cístico síndrome rett etc o defeito genético eternar significar claramente sintoma vacinação desenvolver o vacinar mrna outro terapeuta ajudar o dano causar vacinação geneticamente irreversível daems,mundo,21/06/2021,"
Edgard Matsuki ",https://www.boatos.org/mundo/vacinacao-universal-anulada-pela-suprema-corte-eua.html,0
7534,Desdém de Bolsonaro pela covid tornou Brasil indesejado nos EUA e na Europa  ,,o união europeu analisar manter o bloquear entrar pessoa oriundo país enfrentar gravar crise sanitário contar coronavírus unir e o brasil o jornal the new york times acesso o o rascunhar lista nação ingressar cidadão permitir bloco o 1º julho fronteiro reaberto o estrangeiro o picar surtir coronavírus considerar eua bloquear o entrar pisar exceção cidadão corpo diplomático e abraham weintraub pode-se o união europeu preocupar o descontrolar sanitário donald trump preocupar o descontrolar sanitário jair bolsonaro o agravante o europa preocupar o descontrolar bolsonaro o denominador comum o raspar descontrolar tachar global o times citar chinês e cubano lista permitir país controlar o pandemia o decisão tomar o bloquear norte-americano impactar receitar vir turista e viajante negócio o europa extremamente dependente o brasileiro esquecer curtir prazo,saúde,23/06/2020 16h44 ,23/06/2020 16h44 ,https://noticias.uol.com.br/colunas/leonardo-sakamoto/2020/06/23/politica-de-bolsonaro-para-covid-tornou-brasil-indesejado-por-eua-e-europa.htm,1
7535,Série da Warner retomará produção com episódio feito à distância  ,,o série all rise warner bros television e cbs retomar produção durante o quarentenar causar pandemia coronavírus o facetime zoom webex e mídias social o episódio programar produzir virtualmente distância filmagem feito casar atores série respeitar regrar distanciamento social e produtor efeito visual necessário criar cenário chance único família all rise unir diferente casar cidade contar história resiliência justiçar e comunidade o produtor executivo greg spottiswood o episódio drama jurídico estrelar simone missick abordar o pandemia e o distanciamento social afetando o justiçar criminal o produção previsto o o ar dia maio,saúde,06/04/2020 15h34 ,06/04/2020 15h34 ,https://entretenimento.uol.com.br/noticias/redacao/2020/04/06/serie-da-warner-retomara-producao-com-episodio-feito-a-distancia.htm,1
7536,"
  Foto do papa chorando é de outubro de 2019, meses antes da identificação do novo coronavírus","Uma foto compartilhada mais de 41,7 mil vezes nas redes sociais desde meados de abril de 2020 mostra o papa Francisco chorando, acompanhada da afirmação de que a cena foi registrada durante uma missa em que ele rezava pelo fim da pandemia do novo coronavírus. A imagem, no entanto, data de outubro de 2019 e foi registrada durante o Consistório Ordinário Público de criação de novos cardeais no Vaticano.Envie-nos por WhatsApp Email",“ missar o papar francisco chorar vaticano apo rezar e pedir o deus o pandemia vírus covid foto o papar chorar pedir o misericórdia deus o corona vírus … senhor piedade e misericórdia sic ” indicar o legendar publicação compartilhar facebook maio juntamente foto papar francisco enxugar lágrima imagem circular n redar social o o abril e apesar diferente datar conter o afirmação “ missar ” o papar chorar o o rezar pedir o pandemia covid-19 buscar reverso google imagem o equipar checagem afp brasil encontrar o foto banco imagem shutterstock datar outubro o coronavírus detectar wuhan chino,saúde,1/07/2020 às 17:21,AFP Brasil,https://checamos.afp.com//foto-do-papa-chorando-e-de-outubro-de-2019-meses-antes-da-identificacao-do-novo-coronavirus,0
7537,"

Cadastro do Conecte SUS será obrigatório para se vacinar contra Covid-19 #boato 
","Boato – Para receber a vacina contra a Covid-19, a pessoa precisa se cadastrar no Conecte SUS. O cadastro é feito no site https://conectesus-paciente.saude.gov.br/.",pessoal mundo preciso cadastrar conectesus vacinar sugerir provavelmente o site nao aguentar acesso o -paciente.saude.gov.br/ cadastrar sus tomar o vacinar febre amarelo o sus ano o aplicativo funcionar apps carteiro motorista título eleitor,saúde,09/01/2021,"
Edgard Matsuki ",https://www.boatos.org/saude/cadastro-conecte-sus-obrigatorio-vacinar-covid-19.html,0
7538,"

Ataque cibernético e grande reset mundial vão acontecer em 2021 #boato 
",Boato – Estão previstos para 2021 um “grande reset mundial” e um ataque cibernético em redes sociais que vão causar um apagão na internet.,alertar reset mundial acontecer preparar ano passar alertar globalista bill gatar o respeitar problema mundial vírus o antar problema mundial e iriar impactar o economia e o vidar pessoa covid19)em restabelecido cúpula mundial especificamente e chamar o redefinição entender haver impactar e surtir chamar apagão mundial e espécie reset haver atacar cibernético e atingir milhão pessoa dia haver milhão pessoa perder histórico aparelho celular computadorese trabalhar ali.esse atacar cibernético espalhar rapidamente o transmissão e 27x vírus q covid19 haver propagação automático transmitir redar social popular hoje dia bilião usuário vírus cibernético taxar transmissão levar dia afetar bilião dispositivo aplicativo crescer n pandemia app chinês o zoum e o tiktok.o impactar d computador assintomático e espalhar virus e limpar o e e o resultar e aparelho ficar offline dia e o único solução desconectar aparelho vulnerável internet.um único dia internet mundial equivaler o 50bilhoes dólar prejuízo bloquear cibernético dia custar trilhão dólar necessário substituir aparelhar celular e computador infectar significar milhão aparelho e produtor aparelho mundo o chino produzir aparelho celular computador e televisores.então tô trazer assunto estranhar né o gente tá pleno pandemia emprego fechar empresar e problema social grave medo criança colégio e alertar cibernético perder o comunicação e sobreviver pessoa trabalhar online trabalhar casar e internet haver colapso lucrativo,entretenimento,,"
Edgard Matsuki ",https://www.boatos.org/tecnologia/ataque-cibernetico-grande-reset-mundial-vao-acontecer-2021.html,0
7539,"Covid-19: ""Teste de remédio in vitro não significa que funciona em humano""  ",,o ministrar ciência e tecnologia marco ponte divulgar hoje testar in vitro realizar brasil eficácia remédio o covid-19 especialista consultar uol afirmar entanto haver diferençar resultar laboratório e humano e o anúncio governar desserviço acordar o ministério o o paciente o covid-19 participar estudo clínico ponte informar o nome drogar o medicamentar desenvolver cientista brasileiro formulação pediátrico e preço acessível trata-se remédio descobrir cnpem centrar nacional pesquisar energia e material campino sp o eficácia mencionar ponte horar teste in vitro o coronavírus — indicador similar o o cloroquina testar brasil e exterior médico consultar uol explicar o testar in vitro o fase pesquisar bancada laboratório placar celular vidrar n colocar substância molécula remédio estruturar celular e o d existir encaixar explicar o infectologista josé david urbaéz britar membro sociedade brasileiro infectologia,saúde,15/04/2020 14h35Atualizada em 15/04/2020 15h08 ,Hanrrikson de Andrade e Wanderley Preite Sobrinho,https://noticias.uol.com.br/saude/ultimas-noticias/redacao/2020/04/15/covid-19-teste-de-remedio-in-vitro-nao-significa-que-funciona-em-humano.htm,1
7540,Partidos vão ao Supremo contra MP que isenta agentes públicos de punição na pandemia,"Bolsonaro editou medida provisória nesta quinta. Nas ações, Rede e Cidadania dizem que texto estimula improbidade de servidores e que transparência deveria aumentar em períodos de crise.",redar sustentabilidade e cidadania entrar n quinta-feira ações supremo tribunal federal stf suspender o medir provisório isento agente público punição decisão tomar durante o pandemia coronavírus o mp editar presidente jair bolsonaro n e publicar diário oficial união anúncio divulgação anterior bolsonaro assinar o mp o ministrar economia paulo guedes e o ministrar controladoria-geral união cgu wagner campo rosário tratar medir provisório o texto vigor preciso aprovar congresso perder o validade especialista avaliar o texto obscuro e resultar salvo-conduto irregularidade cometido período ministro stf ouvir reservadamente colunista g1 e globonews valdo cruz afirmar considerar o texto inconstitucional início o casar chegar o o tribunal haver possibilidade o medir derrubar,política, 14/05/2020 18h39 ," Por Rosanne D'Agostino e Elisa Clavery, G1 e TV Globo — Brasília ",https://g1.globo.com/politica/noticia/2020/05/14/partidos-vao-ao-supremo-contra-mp-que-isenta-agentes-publicos-de-punicao-na-pandemia.ghtml,1
7541,É #FAKE que termômetro digital infravermelho cause câncer e cegueira,"Mensagens falsas afirmam que aparelho, que tem sido usado para evitar a propagação da Covid-19 no comércio, faz mal à saúde. Especialistas negam boato.",circular rede social chamar termômetros testo raiar infravermelho aferir o temperatura frequentador comércio saudar e visão o levar o caso câncer e cegueira consultar cbn o clínico e o cardiologista marcelo sampaio beneficência portuguesar paulo afirmar o d termômetro segurar “ termômetro medir o temperatura rápido e encostar pessoa método segurar s haver problema precisão temperatura claro aplicar diretamente olho existir o possibilidade lesão o ocorrência câncer existir relato contrário o infravermelho tratamento oncológico ” explicar o médico lembrar tratar novidade medicinar e inusual o cidadão comum “ infravermelho método tratamento haver medicinar o década ação especial principalmente reumatologia e medicinar estético o gerar problema indevido ” o médico recomendável o pessoa o medição ficar o distância centímetro passar aferição,ciência, 30/06/2020," Por Roberta Pennafort, CBN ",https://g1.globo.com/fato-ou-fake/coronavirus/noticia/2020/06/30/e-fake-que-termometro-digital-infravermelho-cause-cancer-e-cegueira.ghtml,0
7542,É #FAKE que Prefeitura de Fortaleza distribuiu cartilha dizendo que é natural fazer masturbação infantil para acalmar as crianças,Vídeo em que a youtuber Regina Vilella fala sobre material circula nas redes sociais. Slides mostrados na gravação não estão em apostila para coordenadores pedagógicos; eles foram mostrados em uma apresentação interna e apenas fazem menção a práticas de séculos passados.,circular rede social vídeo o youtuber regina vilella afirmar material treinamento pedagógico natural abraço carícia e masturbação infantil acalmar criança distribuir prefeitura fortalezar o professorar e funcionário creche tela menção prático masturbação infantil século xv e xvi mostrar vídeo cartilha prefeitura o g1 acesso o material oficial prefeitura fortalezar chamar “ o sexualidade infância ” voltar o coordenador pedagógico o apostila conter informação tela mostrar vídeo youtuber verdade slide apresentação feito educador elisabete cabral o formador prefeitura coordenador professorar e funcionário creche participar palestrar,política, 20/09/2019, Por G1 ,https://g1.globo.com/fato-ou-fake/noticia/2019/09/20/e-fake-que-prefeitura-de-fortaleza-distribuiu-cartilha-dizendo-que-e-natural-fazer-masturbacao-infantil-para-acalmar-as-criancas.ghtml,0
7543,"

Falso enfermeiro filiado ao PCdoB é preso em hospital onde Bolsonaro está internado #boato 
",Falso enfermeiro filiado ao PCdoB é preso em hospital onde Bolsonaro está internado #boato,policiar civil sp acabar prender falsar enfermeiro dependencias vila star o presidente jair bolsonaro internar joilton batista silverio deter pelar segurança hospital o andar bolsonaro recuperar obstrução intestinal passagem o policiar tentativo homicidio e filiar o o pcdob,política,17/07/2021,"
Edgard Matsuki ",https://www.boatos.org/politica/falso-enfermeiro-filiado-pcdob-preso-em-hospital-bolsonaro-esta-internado.html,0
7544,"
  Publicações não mostram documentos sobre o coronavírus testado como arma biológica","Publicações que alegam que documentos mostram que o coronavírus foi testado como arma biológica pela China antes da pandemia foram compartilhadas mais de 3,3 mil vezes desde 9 de maio de 2021 nas redes sociais. Essa afirmação se baseia em um vídeo no qual a apresentadora do jornal australiano Sky News, Sharri Markson, menciona um livro acadêmico chinês que discute o uso de patógenos como estratégia de ataque. No entanto, ela não cita qualquer trecho afirmativo sobre uma produção de armamento biológico pela China. Envie-nos por WhatsApp Email",“ bomba documento mostrar coronavírus testar armar biológico ano pandemia chinês ” o texto publicação compartilhar facebook instagram e twitter compartilhar vídeo redar australiano sky news referência o o capturar apresentador markson conteúdo circular site projeto verificação colaborativa o afp checar chegar o o vídeo original jornalista markson pesquisar google o conteúdo publicar maio site oficial sky news o título “ documentar chinês discutir coronavírus armar biológico fornecer informação arrepiante ”,saúde,19/05/2021 às 19:21,AFP Brasil,https://checamos.afp.com//publicacoes-nao-mostram-documentos-sobre-o-coronavirus-testado-como-arma-biologica,0
7545,Veja FRASES de Pazuello e Bolsonaro durante anúncio do plano nacional de vacinação contra a Covid-19,"Ministro questionou 'pra que essa ansiedade, essa angústia?' em relação ao plano; presidente disse que a pandemia 'nos afligiu desde o início'.",o governar federal anunciar manhã d quarta-feira o planar nacional vacinação o covid-19 o presidente jair bolsonaro o ministrar saudar eduardo pazuello e o secretário vigilância saudar arnaldo medeiro falar durante o evento palácio planalto “ o forçar demonstrar governar federal e governo estadual o união buscar o solução afligir haver algum extrapolar exagerar afã buscar solução ” bolsonaro afligir o início o covid-19 o vírus e irmanar iminência apresentar alternativo concreto livrar d o planar nacional operacionalização vacinar o covid-19 o presidente íntegro pronunciamento bolsonaro,ciência, 16/12/2020 11h46 , Por G1 ,https://g1.globo.com/bemestar/vacina/noticia/2020/12/16/veja-frases-de-pazuello-e-bolsonaro-durante-anuncio-do-plano-nacional-de-vacinacao-contra-a-covid-19.ghtml,1
7546,"
  Estes recursos não foram desviados de hospitais: são valores da lei Rouanet, muitos não captados","Uma lista de recursos supostamente desviados do orçamento de hospitais públicos para financiar projetos culturais foi compartilhada mais de 75 mil vezes em redes sociais desde janeiro de 2019. As quantias são, na verdade, valores aprovados para captação pela lei Rouanet que, em sua maioria, não foram obtidos. Os recursos não seriam, ainda, diretamente retirados do orçamento público, uma vez que essa lei funciona permitindo que empresas patrocinem projetos e abatam o valor do Imposto de Renda.Envie-nos por WhatsApp Email",“ faltar dinheiro hospital desviar ” o título tabelar enumerar projetos cultural livro espetáculos e exposição e o supostamente gastar financiá-los o conteúdo compartilhar dezena milhar facebook e instagram o o o início voltar o circular janeiro d ano o o colapso saudar manaus desencadear forte onda pandemia covid-19 entanto buscar google nome projetos listado mostrar valorar enumerar referir o recurso solicitar lei rouanet o si indicar o dinheiro retirar diretamente algum orçamentar público,brasil,27/01/2021 às 21:40,AFP Brasil,https://checamos.afp.com//estes-recursos-nao-foram-desviados-de-hospitais-sao-valores-da-lei-rouanet-muitos-nao-captados,0
7547,"

O Boticário dá presente de Dia das Mães 2021 em site no WhatsApp #boato 
","Boato – O Boticário está dando um presente de Dia das Mães para as pessoas que entrarem em um site, girarem roleta e compartilharem link com amigos no WhatsApp.",promoção dia mãe o boticário！gire o roleta e ganhar kit exclusivo mãe kit permitir ip parabém prêmio kit floratta seguir instrução página reivindicar prêmio okparabéns ganhar kit floratta seguir instrução abaixar reivindicar prêmio contar amigo whatsapp promoção compartilhar e contatos whatsapp clicar ícone abaixar 2.clique ‘ prosseguir ’ e reivindicar presentar grátis boticário whatsapp compartilhar o barrir azul cheia!parabéns o etapa preencher o formulário enviar presentar clicar ‘ finalizar ’ concluir instrução acima aguardar o administrador verificar o revisão concluir horar finalizar ofertar válido,entretenimento,06/05/2021,"
Edgard Matsuki ",https://www.boatos.org/tecnologia/o-boticario-presente-dia-das-maes-2021-site-whatsapp.html,0
7548,"

Bolsonaro gastou zero reais do cartão presidencial enquanto Lula gastou R$ 102 milhões e Dilma gastou R$ 95 milhões #boato 
","Boato – Bolsonaro nunca usou o cartão de crédito presidencial, enquanto Lula e Dilma gastaram juntos quase R$200 milhões",“ o globo mostrar o bolsonaro máscara página inteiro pro assunto comer cachorro quentar o governar ” “ lula gastar milhão cartão crédito presidência repúblico dilma gastar milhão bolsonaro o cartão presidêncial real o imprensar mostrar jamais ”,política,,"
Kyene Becker ",https://www.boatos.org/politica/bolsonaro-gastou-zero-reais-cartao-presidencial-lula-dilma-milhoes.html,0
7549,"Em pacote de Moro, milícia era organização criminosa, mas pena era menor  ",,comum presenciar digitalmente discussão público representante eleito n semana debater acalorar o ministrar sergio morar justiçar e segurança público e deputar psol tomar rede social e render série acusações.na quarta-feira o reunião comissão especial câmara deputar encerrar o bate-boca parlamentar governar e oposição confusão o deputar glauber braga psol -rj acusar morar presentar encontrar capanga milícia,política,14/02/2020 12h30 ,"Colaboração para o UOL, em São Paulo",https://noticias.uol.com.br/confere/ultimas-noticias/2020/02/14/pacote-moro-milicia-organizacao-criminosas.htm,0
7550,"
  A pessoa presa nesta foto é o ator Cuba Gooding Jr., não o chefe de campanha de Joe Biden","Milhares de usuários compartilharam, desde o último dia 14 de novembro, a foto de um homem escoltado por agentes de segurança, afirmando que o chefe da campanha eleitoral de Joe Biden, que identificam como Dallas Jones, havia sido preso. Algumas publicações detalham que a prisão ocorreu por “fraude”. A imagem mostra, contudo, o ator Cuba Gooding Jr. e não Jones, funcionário da campanha do democrata no Texas que, além disso, não foi preso, mas acusado em setembro de coleta ilegal de votos, em um caso que foi encerrado.",publicação facebook o imagem viralizada acompanhar texto “ dallas jones chefe campanha joe biden presar hoje texas ” acrescentar detalhe “ chefe campanha candidatar esquerdista presidência e.u.a joe biden dallas jones presar fraudar eleitoral acusar colher milhar voto e votar nome sem-teto idoso e morto ” o imagem amplamente compartilhar instagram e twitter usuário garantir “ prender gente ”,política,23/11/2020 às 19:15,"AFP Estados Unidos, Claire Savage",https://checamos.afp.com//pessoa-presa-nesta-foto-e-o-ator-cuba-gooding-jr-nao-o-chefe-de-campanha-de-joe-biden,0
7551,Coronavírus em Miami: 4 motivos de preocupação no novo epicentro da pandemia nos EUA  ,,raul reinar cubano-americano ano morar miami eua acordar madrugar junho febre calafrio e forte dor cabeça pensar medo haver virar realidade o pensar o coronavírus o testar dia sábado manhã bbc news mundo o serviço espanhol bbc entanto sintoma desaparecer horar imaginar tratar alarmar falsar dia haver receber resultar exame e sentir voltar o trabalhar barbear zonar oeste cidade continuar o semana finalmente chegar o resultar haver testar positivar sars-cov-2 o coronavírus,saúde,14/07/2020 13h29 ,Lioman Lima,https://noticias.uol.com.br/saude/ultimas-noticias/bbc/2020/07/14/coronavirus-em-miami-4-motivos-de-preocupacao-no-novo-epicentro-da-pandemia-nos-eua.htm,1
7552,"Pazuello vai deixar comando da 12ª Região Militar, informa Ministério da Saúde","General comandava a 12ª RM, em Manaus, quando foi escolhido por Bolsonaro para ser o número 2 da pasta da Saúde. Pazzuelo é ministro interino desde maio, no lugar de Nelson Teich.",o ministrar interino saudar general eduardo pazuello deixar oficialmente o comandar 12ª região militar informar o assessoria pastar o informação deixar o comandar militar divulgar jornal folhar s. paulo e confirmar ministério saudar n terço pazuello viajar o amazona o transmissão cargo e previsão retornar o brasília general ativa exército pazuello responder 12ª região militar escolher abril assumir o cargo secretário-executivo pastar ministrar nelson teich,política, 18/08/2020 14h39 ," Por Guilherme Mazui, G1 — Brasília ",https://g1.globo.com/politica/noticia/2020/08/18/pazuello-vai-deixar-comando-da-12a-regiao-militar-informa-ministerio-da-saude.ghtml,1
7553,"

Mesmo com pandemia, julho de 2020 teve menos mortes do que julho de 2019 #boato 
",Boato – Não existe a menor condição de ter morrido 100 mil pessoas no Brasil pela Covid-19. Em julho de 2019 morreram 119.390 pessoas e em julho de 2020 morreram 113.475 pessoas.,óbito brasil julho – pandemia – 119.390 – julho 113.475 morte o pandemia existir o condição morrer pessoa brasil covid-19 o encontrar o curar doença pesquisar e tirar conclusöes óbito abril/19 – 103.659 óbito abril/20 – 112.372 óbito maio/19 – 110.825 óbito maio/20 – 129.371 óbito junho/19 – 103.408 óbito junho/20 – 128.758 óbito julho/19 – 119.541 óbito julho/20 – 120.835 o doença existir e lamentável o histeria fabricar e método fonte portal transparência/ registrar civil,saúde,12/08/2020,"
Edgard Matsuki ",https://www.boatos.org/saude/mesmo-pandemia-julho-2020-menos-mortes-julho-2019.html,0
7554,MP-AL instaura investigação sobre falsa vacinação em idosa de 97 anos  ,,o mp-al ministério público alagoa instaurar hoje procedimento preparatório investigar suposto irregularidade cometido técnico enfermagem simular aplicar o vacinar o coronavírus idoso ano vacinação maceió o falso vacinação ocorrer dia e descobrir graça o filmagem feito cuidador idoso o vídeo mostrar o profissional furar o braço esquerdar idoso injeta o imunizante e retirar o seringar intacto hoje o mp-al solicitar delegacia polícia alagoa o instauração inquérito policial apurar criminalmente o casar o 55ª promotoria justiçar capital pedir o o secretário municipal saudar pedrar madeirar encaminhar o seringar descartar o imunizante proteção lacrar realização perícia técnico ic instituto criminalística e resguardar o cadeia provar solicitar o o ic o realização perícia técnico anexar o o inquérito policial o secretariar municipal saudar informar o material encaminhar o o ic o seringar e o imunizante encontrar sexta-feira descartar espaçar o profissional trabalhar dia falso vacinação o técnico enfermagem afastar função dia o uol localizá-la o dia ocorrer,saúde,02/02/2021 22h51 ,Aliny Gama,https://noticias.uol.com.br/saude/ultimas-noticias/redacao/2021/02/02/mp-al-instaura-investigacao-sobre-falsa-vacinacao-em-idosa-de-97-anos.htm,1
7555,"Quase 50 países europeus já detectaram cepa britânica, diz OMS  ",,roma mar ansa o diretor organização mundial saudar o europa hans kluge afirmar n quinta-feira o variante britânico coronavírus sars-cov-2 detectar país território europeu kluge o cepa b.1.1.7 gradualmente tornar predominante região e n contexto rápido disseminação variante país incluir limitar o dinamarca irlanda portugal espanha e o reinar unir rapidamente reduzir o transmissão o saudar público e medir social e reduzir acrescentou.sem atrelar mutação kluge alertar o pessoa morrer covid-19 atualmente país europeu alto período ano passar e cálculo oms o semana morrer pessoa continente causar doença vítima o início crise sanitária.o representante órgão voltar o apelar o vacinar anti-covid universidade oxford e laboratório astrazeneca continuar o aplicar país união europeu suspender o aplicação imunizante contar caso trombose campanha vacinação rotina analisar potencial evento adverso necessariamente significar evento ligar vacinação condição causar vacinar fatores coincidência maneiro benefício vacinar astrazeneca superar risco finalizar,saúde,18/03/2021 11h49Atualizada em 18/03/2021 12h11 ,18/03/2021 11h49Atualizada em 18/03/2021 12h11 ,https://noticias.uol.com.br/ultimas-noticias/ansa/2021/03/18/quase-50-paises-europeus-ja-detectaram-cepa-britanica-diz-oms.htm,1
7556,“ votar casar ” falsar o governar federal permitir o votação celular,circula em grupos no whatsapp uma estranha história de que o governo federal teria criado um programa chamado “vote em casa”!,eis o mencionar mensagem,política,11/11/2020,marco faustino,https://www.e-farsas.com/vote-em-casa-e-falso-que-o-governo-federal-permitiu-a-votacao-atraves-do-celular.html,0
7557,Maisa se arrepende de desculpas para não sair com amigos antes da pandemia  ,,o saudade namorar nicholas arashiro e amigo durante o isolamento social maisa silvar rever atitude pré-pandemia coronavírus o atriz e apresentador afirmar continuar firmar e forte quarentenar estabelecimento aberto arrepender perdido amigo isolamento morrer saudade amigo arrependido pandemia inventar desculpar e o algum rolê o apresentador sbt entrevisto afirmar vestir o namorar nicholas tamashiro respeitar o distanciamento impor pandemia e procurar sair casar achar conservador reabrir e ficar esperar o semana dia gravação voltar e proporcionar entretenimento ficar casar o retornar o o sbt protocolo distanciamento e medir segurança,saúde,30/07/2020 07h55 ,30/07/2020 07h55 ,https://tvefamosos.uol.com.br/noticias/redacao/2020/07/30/maisa-se-arrepende-de-deculpas-para-nao-sair-com-amigos-antes-da-quarentena.htm,1
7558,Veja o que é #FATO ou #FAKE nas declarações dos candidatos à Prefeitura do Rio na 2ª semana de campanha,Frases foram ditas em redes sociais e eventos de campanha.,candidato prefeitura rir janeiro continuidade campanha eleitoral cidade n semana o registrar oficial candidatura participar agendar evento postar rede social e chats e lives conhecer candidato o prefeito rio programar governar proposto o equipar fato fake checar o principal declaração durante o semana candidato aparecer numericamente frente o pesquisar ibope e datafolha o ordem seguir o pesquisar ler eduardo paes dem “o melhor carnaval história gastar centavo crivella antar o prefeitura colocar r$ milhão ano”,política, 10/10/2020," Por G1, O Globo, TV Globo e GloboNews ",https://g1.globo.com/fato-ou-fake/noticia/2020/10/10/veja-o-que-e-fato-ou-fake-nas-declaracoes-dos-candidatos-a-prefeitura-do-rio-na-2a-semana-de-campanha.ghtml,0
7559,"

Bruno Maranhão, líder do MST e braço direito de Lula foi preso com drogas, armas e grana #boato 
","Boato – Fotos mostram prisão de Bruno Maranhão, líder do MST e um dos braços direito de Lula. Ele foi preso com um avião cheio de armas, drogas e dinheiro.",brunir maranhão líder forte mst presar avião carregar drogar armar e granir braço direito lula invasão terra brasil direito humano e o globo mostrar o papel mídia divulgar viralize,política,14/02/2020,"
Edgard Matsuki ",https://www.boatos.org/politica/bruno-maranhao-lider-mst-braco-direito-lula-preso-drogas-armas-grana.html,0
7560,"Há três anos, Bill Gates alertava Donald Trump sobre riscos de uma pandemia  ",,o pandemia coronavírus o mundo surpreso — quase verdade bill gatar riscar doença infeccioso causar problema unir e chegar o alertar o o presidente donald trump dezembro informação divulgar wall street journal o fundador microsoft falar o riscar pandemia reunião trump tower o empresário assumir oficialmente o presidência gatar fundamental o presidente priorizasse esforço preparar eua doença infeccioso — hillary clinton disputar presidência d ano o rumar o pandemia coronavírus tomar o empresário assumir gostar chamar o atenção o perigar correr prejuízo e planar superar crise saudar aumentar urgentemente o escalar teste e desenvolver medicamentar o médio prazo,saúde,12/05/2020 16h28 ,Carina Brito,https://www.uol.com.br/tilt/noticias/redacao/2020/05/12/bill-gates-alertou-donald-trump-em-2016-sobre-riscos-de-uma-pandemia.htm,1
7561,Regina Duarte quer uma conversa 'olho no olho' com Bolsonaro , 18/01/2020 14h16 ,o atriz regina duarte pedir o converso jair bolsonaro segunda-feira “ olhar olhar ” interlocutor atriz entender melhor plano presidente o pastar e garantir liberdade atuar frente cultura tratar assunto pessoalmente alar governar aposto atriz o esplanada e enxergar n movimentar oportunidade reduzir o crise o setor cultural outro o o presidente torcer regina duarte abrir espaçar alguém perfil “ ideológico ” semelhante o o roberto alvim converso o atriz o o demonstrar dúvida assumir o postar e interessar desafiar,política, 18/01/2020 14h16 , ,https://g1.globo.com/politica/blog/natuza-nery/post/2020/01/18/regina-duarte-quer-uma-conversa-olho-no-olho-com-bolsonaro.ghtml,1
7562,Prefeitura de SP recebe 91 mil inscrições de mães para trabalhar em escolas  ,,o prefeitura paulo receber 91.783 inscrição o programar visar contratar cercar mãe aluno redar municipal ensinar trabalhar monitor escola salário r$ 1.155 o o o objetivo pot programar operação trabalhar voltar s aula mãe contratar atuem fiscalização adoção protocolo sanitário e distanciamento social escola redar durante o retomar aula presenciar segunda-feira exatas 4.590 vago destinar mãe e ano desempregar haver e receber benefício seguro-desemprego o render familiar pessoa exceder salário mínimo,saúde,18/02/2021 13h51 ,18/02/2021 13h51 ,https://educacao.uol.com.br/noticias/2021/02/18/prefeitura-de-sp-inscricoes-de-maes-para-trabalhar-em-escolas.htm,1
7563,"

Janaína Paschoal grava áudio atacando Moro, defendendo Bolsonaro e denunciando Operação Storm nos EUA #boato 
","Boato – A deputada Janaína Paschoal gravou um áudio atacando Sérgio Moro, defendendo Bolsonaro e denunciando a Operação Storm nos EUA. “Votei no Bolsonaro e não no Moro”, disse.",“ cê o surpreender ler o análise pessoa entender análise mau intenção querer votar pro ministrar morar pro morar ministrar justiçar ninguém querer voltar o bolsonaro presidente votar … o bolsonaro virar presidente votar popular montar o ministério d e escolher cargo técnico e contar d o juiz morar juiz instância o convite pra ministrar justiçar o instagram mulher morar haver e incomodar assumidamente esquerdista passar panar pra mandetta falar michele obama musa colocar ficaemcasa o país tá foder montar desempregar montar empresar fechar montar gente devolver o imóvel pagar aluguel sequestrar pro governador comunista filho puta impedir o resgatar pro governar e o cativeiro … outro o morar o desculpar esfarrapar vir vidar falar mandar caro pedir exonerar cafajeste tá adorar o morar dever agradecimento lavar jato casar casar o pessoa certo errar errar passar panar passar o panar … tá operação militar mundial contar tráfico humanar drogar torturar satanismo criança sair milhar criança cativo túnel d virar o luzir dia hoje deformidade e horroroso elite metido n o vaticano família real britânico holandês norueguês hollywood presidente obama hillary clinton o cacete tá operação chamar storm madurar acabar o tráfico internacional drogar e humanar o drogar pra falar exatamente criança o drogar caro existir planeta o drenocromo drogar sodomizar criança barbarizar criança pra entrar pânico absurdo e oxidar o adrenalina pro cérebro e tirar injeções peridurais demônio … o seguinte voltar o o morar né sair sacanagem o gente descobrir mundo descobrir joaquim barbosa mundo ficar achar neguinho sensacional face terra e descobrir filhar puta esquerdista … o operação provavelmente chegar … acabar palhaçada … cair cair cumprir o papel cumprir e aparecer ficar esconder pessoalmente bolsonaro o dia vidar tá … ”,política,26/04/2020,"
Raiane Gonoli ",https://www.boatos.org/politica/janaina-paschoal-audio-moro-bolsonaro-operacao-storm-eua.html,0
7564,Nem os garimpeiros defendem mais Salles no Ministério do Meio Ambiente  ,,criticar empresário e investidor internacional e isolar principal pesquisador e organização governamental ambientalista o ministrar ambientar ricardo salles perder o garimpeiro amazônia reclamar fiscalização ibama ano verdade o sales passar horar sair o ... o privatizar privatizar atrapalhar categoria ajudar o pedir licença e sair cargo pronto igual o sergio morar vilélu inácio oliveira vilela atua organização garimpeiro parar vilela o presidente jair bolsonaro decepcionar o categoria o o manter o destruição equipamento basear decretar e ativar operação militar comandar general e vice-presidente hamilton mourão frente cnal nacional amazônia legal garimpeiro apoiar fortemente bolsonaro eleição — o presidente praticar garimpar ano bahia — acreditar idear radical acabar o destruição equipamento expulsar ongs amazônia receber verba internacional preservação amazônia abrir terra indígena o garimpar e ampliar garimpar país,política,15/07/2020 14h00 ,15/07/2020 14h00 ,https://noticias.uol.com.br/colunas/rubens-valente/2020/07/15/ricardo-salles-meio-ambiente-garimpeiros.htm,1
7565,"

Fotos mostram animais feridos ou mortos por causa de queimadas na Amazônia #boato 
",Boato – Animais estão sofrendo com as queimadas na Amazônia e fotos mostram diversos deles feridos ou mortos.,genteee florestar amazônica pessoa defender desgovernar político ambientar o coração sentir animar e florestar entender dinheiro comeo aumentar queimar amazônia aumentar cercar o o período ano passar o divulgação inpe colaborar o morte milhar animar e plantar querer substituir o carvão orgulhoso,brasil,21/08/2019,"
Kyene Becker ",https://www.boatos.org/brasil/fotos-animais-feridos-mortos-queimadas-amazonia.html,0
7566,Estudo chinês mostra que hidroxicloroquina não acelera recuperação da Covid-19,,"cientista região chino incluir wuhan epicentro disseminação coronavírus país liderar médico wei tang hospital ruijin xangai descobrir o hidroxicloroquina acelerar o recuperação paciente o covid-19 cientista virar paciente tomar medicamentar sofrer sintoma tratar o recuperação infectar o d o pesquisar concluir o hidroxicloroquina funcionar curar o covid-19 comparar taxar conversão negativo o pessoa curar completamente e testar negativar o vírus observar 85,4 pessoa tomar hidroxicloroquina apresentar resultar negativar semana juntamente 81,3 pessoa o drogar efeito significativo observar paciente tratamento o hidroxicloroquina durante período semana e receber medicamentar testar dia o diagnóstico o taxar global conversão negativo dia diferente tratamento padrão hidroxicloroquina e tratamento padrão o pesquisar indicar o diarréia o efeito colateral comum e ocorrer pessoa infectar o tratamento o drogar incerto estudo aprofundar e hidroxicloroquina realizar o mundo o medicamentar amplamente utilizar país coreia sul e chino segurança e eficácia coletados n país e unir acordar o jornal britânico daily mail andamento ensaio clínico o medicamentar paciente chino e eua e outro coreia sul o professor robin may especialista doença infeccioso universidade birmingham sugerir o cloroquina funcionar o o dificultar o replicação vírus organismo humanar entanto brasil o ensaiar clínico o cloroquina interromper paciente desenvolver ritmo cardíaco anormal estudar manaus planejava inscrever paciente covid-19 grave testar dose cloroquina pesquisador relatar resultar e interromper o experimentar pessoa receber o tratamento alto dose 1,2 g dia o site bloomberg resultar semelhante registrar chino quase paciente hospitalizar coronavírus mostrar sinal danar cardíaco o hidroxicloroquina d sofrer dano coração morrer hospitalizar coronavírus d vestir perigoso o paciente o hidroxicloroquina considerar o possibilidade desencadear arritmia cardíaco médico national institutes of health nih unir realizar teste dose dose mg medicamentar dia tratamento seguir mg o o dia dia seguinte cientista achar funcionar controlar o imunológico evitar o infecção covid-19 ficar gravar o contagem glóbulo branco e proteína c reativa aumentar durante o lutar corpo infecção voltar o o normal rapidamente paciente",ciência, Publicado em  15/04/20 17:46 ,Extra,https://extra.globo.com/noticias/saude-e-ciencia/estudo-chines-mostra-que-hidroxicloroquina-nao-acelera-recuperacao-da-covid-19-rv1-1-24373672.html,1
7567,"

STF da Argentina foi fechado à força pela população e Forças Armadas #boato 
",STF da Argentina foi fechado à força pela população e Forças Armadas #boato,o argentino ta normal stf argentino fechar o forçar o ministro sumir colocar o amigar lula dório e stf o presidência e arrepender o guardar e o polícia argentino o população o argentino frouxo e covarde comer o brasileiroso presidente senador e deputar esquerdo escondido aparecer o câmara senado o stf esquartejar o o forçar armar estao população nó brasileiro o o dia setembro independência morte,mundo,23/07/2021,"
Edgard Matsuki ",https://www.boatos.org/mundo/stf-argentina-fechado-forca-pela-populacao-forcas-armadas.html,0
7568,MPF vai monitorar compra de vacina contra Covid-19 pelo governo brasileiro,Acordo com a Universidade de Oxford e empresa foi discutido por representantes de órgãos de controle.,"o ministério público federal mpf instaurar procedimento acompanhar o acordar firmar governar brasileiro o universidade oxford e o empresar astrazeneca o aquisição vacinar o covid-19 o entendimento anunciar governar passar e o pesquisar fase teste clínico humano cercar brasileiro testar etapa produzir 30,4 milhão dose 15,2 milhão entregue dezembro e 15,2 milhão janeiro fixar haver transferência tecnologia o procedimento custar estimar u$ milhão o fase envolver o aquisição insumo produção milhão dose fiocruz u$ 1,30 dosar o previsão dose pronto o fevereiro necessário investimento cercar us$ milhão linha produção fiocruz vídeo abaixar",saúde, 07/07/2020 15h02 ," Por Márcio Falcão e Fernanda Vivas, TV Globo — Brasília ",https://g1.globo.com/politica/noticia/2020/07/07/mpf-vai-monitorar-compra-de-vacina-contra-covid-19-pelo-governo-brasileiro.ghtml,1
7569,"Wajngarten perde influência no governo, e futuro de indicados está em xeque  ",,"O ex-secretário-executivo da Presidência Fábio Wajngarten, que será ouvido na CPI da Covid hoje, vem perdendo influência no Ministério das Comunicações, chefiado atualmente por Fábio Faria. Segundo servidores da própria pasta ouvidos pelo UOL, pessoas indicadas por ele na pasta deverão ser trocadas por nomes ligados ao vereador do Rio Carlos Bolsonaro (Republicanos). Dentre os servidores que estão na possibilidade de serem exonerados, estão o secretário de Publicidade e Propaganda, Rodrigo Fayad, responsável pelo contato com as principais agências de publicidade do país, e a subsecretária de Imprensa, Stéfane Maia. Ambos os servidores são entendidos como próximos a Fábio Wajngarten, que ainda possui influência nas decisões do ministério, de acordo com as fontes ouvidas pela reportagem, e que pediram para não serem identificadas.",política,12/05/2021 04h00Atualizada em 12/05/2021 10h27 ,Lucas Valença,https://noticias.uol.com.br/politica/ultimas-noticias/2021/05/12/wajngarten-perde-forca-e-futuro-de-indicados-por-ele-estaem-xeque.htm,1
7570,"Votem em prefeitos comprometidos com Deus, pátria e família, diz Bolsonaro  ",,"o presidente jair bolsonaro afirmar hoje o preciso caprichar escolher candidato o prefeito e comprometido deus o patriotismo o lema integralismo simplificar o idear caprichar escolher prefeito e vereador josé egito pe cidade habitante escolher gente deus coração almo o patriotismo e querer liberdade e o deus pátrio e família completar o presidente inaugurar fase adutor orçamentar total chegar o r$ 1,6 bilião o presidente aproveitar o cerimônia prestigiar político locar ninguém o prazer acompanhar autoridade falar importante locar abraçar o o senador fernando bezerro mdb-pe",política,01/10/2020 12h27 ,Eduardo Militão,https://noticias.uol.com.br/eleicoes/2020/10/01/votem-em-prefeitos-comprometidos-com-deus-patria-e-familia-diz-bolsonaro.htm,1
7571,Post confunde ao destacar posição do Brasil em ranking de crescimento econômico,,imagem viralizada rede social misturar informação verdadeiro e falso exaltar o situação economia brasileiro,política,2019/11/01,Comprova,https://projetocomprova.com.br/publicações/meme-confunde-ao-destacar-posicao-do-brasil-em-ranking-de-crescimento-economico/,0
7572,Os próximos passos do processo de impeachment contra Wilson Witzel  ,,o alerj assembleia legislativo rir aprovar unanimidade o prosseguimento processar impeachment wilson witzel psc o governador afastar julgar tribunal misto compor deputar estadual e desembargador tj-rj tribunal justiçar rir o tj-rj segunda-feira o sortear desembargador cortar tribunal misto amanhã deputar interessar compor o tribunal colocar candidatura alerj o eleição membro casar tribunal acontecer terça-feira sortear membro comissão nomear relator d processar integrante tribunal misto dia redigir relatório suposto irregularidade cometido witzel — o documentar o continuidade processar impeachment o d witzel formalmente notificar e dia manifestar o defeso,política,24/09/2020 18h25 ,Gabriel Sabóia,https://noticias.uol.com.br/politica/ultimas-noticias/2020/09/24/os-proximos-passos-do-processo-de-impeachment-contra-wilson-witzel.htm,1
7573,quadrilha preso criança chinês congelar verdade,,umar denúncia tráfico órgão acompanhar vídeo umar criança cobrir cubar gelar começar o espalhar whatsapp o quinzena outubro,entretenimento,22/10/2019,gilmar lopes,https://www.e-farsas.com/quadrilha-foi-presa-com-300-criancas-chinesas-congeladas-sera-verdade.html,0
7574,É falso que eleitor que não levar caneta será proibido de votar  ,,o o contrário sugerir publicação circular rede social d sábado o eleitor levar caneta o votação n domingo proibir votar.no planar segurança sanitário elaborar tse tribunal superior eleitoral eleição municipal haver o recomendação eleitor mesário levar caneta evitar o disseminação coronavírus haver entanto menção obrigatoriedade d item proibição votar comparecer o o votação caneta,política,14/11/2020 17h38Atualizada em 14/11/2020 18h42 ,"Do UOL, em São Paulo",https://noticias.uol.com.br/confere/ultimas-noticias/2020/11/14/e-falso-que-eleitor-que-nao-levar-caneta-nao-podera-votar.htm,0
7575,É #FAKE que Cuba tem enviado vacina contra o coronavírus para a China,"Mensagem falsa circula em redes sociais no Brasil. Não há ainda vacina contra a Covid-19. Cuba tem medicamento, que tem sido usado no país asiático, mas se trata de um produto terapêutico.",circular rede social mensagem cubar anunciar produzir e enviar o chino vacinar o coronavírus curar 1.500 pessoa apesar título chamativo o mensagem propagar rede social o texto citar verdade o interferon alfar 2b medicamento escolhido governar chinês tratar paciente coronavírus procurar g1 o diretor investigação biomédico centrar engenhar genético e biotecnologia cubar gerardo guillen afirmar cubar o vacinar o covid-19,mundo, 12/03/2020," Por Roney Domingos, G1 ",https://g1.globo.com/fato-ou-fake/noticia/2020/03/12/e-fake-que-cuba-tem-enviado-vacina-contra-o-coronavirus-para-a-china.ghtml,0
7576,Reino Unido admite que sistema de rastreamento da Covid-19 viola privacidade  ,,o governar reinar unir admitir n segunda-feira programar detecção e rastreamento infecção covid-19 inglaterra violar o lei proteção afirmar haver evidência informação obtido ilegalmente o irregularidade reconhecido cartar enviar dia tornar público hoje organização defeso privacidade open rights group org ameaçar processar o governar considerar o funcionar ilegalmente o introdução maio porta-voz ministério saudar e assistência social admitir hoje o avaliação exigir impactar pessoal programar test and traçar testar e rastreamento região inglaterra localizar infectar vírus e pedir ficar isolar realizar o porta-voz insistir o exame pertinente realizar haver evidência obtido cidadão utilizar maneiro ilegal e elogiar qualidade programar missão impedir o propagação covid-19,saúde,20/07/2020 16h20 ,20/07/2020 16h20 ,https://www.uol.com.br/tilt/noticias/efe/2020/07/20/reino-unido-admite-que-sistema-de-rastreamento-da-covid-19-viola-privacidade.htm,1
7577,Governador da Bahia não pediu a prefeitos para inventarem casos de covid-19,,vídeo publicar youtube e facebook tirar contexto imagem o governador bahia ruir costa discutir prefeito o crescimento caso covid-19 região extremar sul nenhum o o longo converso pedir caso doença “ inventar portar segurar ”,saúde,2020/05/01,Comprova,https://projetocomprova.com.br/publicações/governador-da-bahia-nao-pediu-a-prefeitos-para-inventarem-casos-de-covid-19/,0
7578,Doses da Janssen doadas pelos EUA ao Brasil estavam aptas para uso e foram aprovadas pela Anvisa,,dose vacinar janssen doar unir o o brasil estragar o imunizante considerar seguro pelar autoridade sanitário país e o extensão prazo validade considerar o qualidade vacinar armazenar o condição adequar e mear,saúde,2021-07-06,Comprova,https://projetocomprova.com.br/publicações/doses-da-janssen-doadas-pelos-eua-ao-brasil-estavam-aptas-para-uso-e-foram-aprovadas-pela-anvisa/,0
7579,"

Arnaldo Jabor diz que Bolsonaro é um cara sem etiqueta, inteligente e que você passa a gostar #boato 
","Boato – O jornalista Arnaldo Jabor saiu em defesa do presidente Jair Bolsonaro. Ele escreveu um texto que aponta que, apesar de o presidente ser um cara “sem etiqueta”, é inteligente e que faz você passar a gostar dele.",publicação arnaldo jabor bolsonaro caro etiquetar d encontrar coçar o sacar bar jogar bilhar apesar estudar professor humano geração paulo freire e inteligência emocional outro político brasileiro haver polidez palavra e elegância comportamento o incomodar artista jornalista feminista amar e complexado homem frágil covarde oportunista religioso falir lutar o imoralidade maconheiros pedófilo estupradores e patrulhar politicamente corretar suportar calar circo corrupção durante década ferir palavra presidente “ pudico ” bolsonaro o milico piada graça o tiozão perguntar pentelho elefante loja cristal o o dia gostar d caro o gente gostar d ofender o caro óleo venezuelano praia histeria mundial perante o coronavírus buscar responsabiliza-lo bolsonaro realmente o caro passar gostar o lixar gente gostar d gostar morder costa e entrar filar …,entretenimento,26/03/2020,"
Edgard Matsuki ",https://www.boatos.org/entretenimento/arnaldo-jabor-diz-bolsonaro-cara-sem-etiqueta-inteligente-voce-passa-gostar.html,0
7580,Medida de Fux que demanda decisões colegiadas pode congestionar corte  ,,o proposto encampar presidente luiz fux submeter automaticamente o ministro liminar individuar stf congestionar o plenário cortar sobrecarregar processo n ano integrante supremo 1.700 decisão monocráticas o regrar proposto seriar remetido o o pleno casar ocorrer o mudança defendido fux ministro precisar inteirar despacho colega matéria analisar normalmente ... ler íntegro folhar,política,03/11/2020 15h04 ,03/11/2020 15h04 ,https://noticias.uol.com.br/colunas/reinaldo-azevedo/2020/11/03/medida-de-fux-que-demanda-decisoes-colegiadas-pode-congestionar-corte.htm,1
7581,Boato diz que presidente da UNE estuda Ciências Sociais há 15 anos  ,,falso posts rede social o presidente união nacional estudante unir iago montalvão oliveira campo ano e estudante ciência social ano completar ano verdade ano e estudante ciência econômicas universidade paulo usp aprovar seleção unificar sisu d estudante história diferente instituição ensinar superior o matrícula universidade federal goiá ufg pedir transferência o universidade brasília unb e ingressar pontifício universidade católico puc paulo,entretenimento,08/11/2019 16h02 ,08/11/2019 16h02 ,https://noticias.uol.com.br/comprova/ultimas-noticias/2019/11/08/boato-diz-que-presidente-da-une-estuda-ciencias-sociais-ha-15-anos.htm,0
7582,"
  Esta foto do metrô de São Paulo lotado foi tirada em 2015","Uma fotografia compartilhada milhares de vezes nas redes sociais desde o último dia 14 de maio mostra uma plataforma de metrô lotada, com as pessoas tentando entrar nos vagões. As legendas que acompanham as publicações fazem referência - direta ou indireta - ao governador de São Paulo, João Doria, e a uma decisão de fazer rodízio de veículos em meio à pandemia de COVID-19 que, segundo relatos, estariam tendo este efeito. Esta imagem, contudo, foi tirada em dezembro de 2015.Envie-nos por WhatsApp Email",“ o babaca prender praia prender parque prender máscara ruir prender comerciante gente passar fome inventar rodízio veículo noção e ” o texto acompanhar o foto publicação junto somar compartilhamentos facebook o dia maio legendar “ foradoria ” indignar usuário criticar igualmente o prefeito cidade brunir cova “ dório psicopata pessoa contaminar justificar cova aberto prefeito brunir abrir cova e sair o moço d história ” e “ nao entender o esquema aglomeração aumentar o caso decretar o lockdown continuar mamar e gastar desviar dinheiro público o vontade foradoria forabrunocovas abreimpeachmentcaue sic ” buscar reversapela fotografia google imagem e ferramenta tineye filtrar registro antigo mostrar resultar publicação imagem portal foto público identificar “ o site melhorar foto gratuito país e mundo ”,brasil,15/05/2020 às 22:39,AFP Brasil,https://checamos.afp.com//esta-foto-do-metro-de-sao-paulo-lotado-foi-tirada-em-2015,0
7583,Espanhol se veste de Papai Noel e tenta burlar quarentena de coronavírus  ,,homem fantasiar papar noel burlar hoje medir isolamento decretar governar espanha dever pandemia covid-19 acabar flagrar policiar agente polícia municipal marín região galício abordar o indivíduo manhã hoje sair casar amigo o homem denunciar infringir limitação movimentar aprovar governar espanhol frear o pandemia coronavírus permitir sair casar situação específico divertir comunicar o polícia lembrar pleno primaverar hemisfério norte personagem natalinos isento restrição prestar serviço essencial,saúde,01/04/2020 21h19 ,01/04/2020 21h19 ,https://noticias.uol.com.br/ultimas-noticias/efe/2020/04/01/espanhol-tenta-burlar-quarentena-fantasiado-de-papai-noel.htm,1
7584,OMS diz não descartar nenhuma hipótese sobre origem do coronavírus  ,,hipótese cogitar buscar organização mundial saudar oms origem covid-19 o diretor-geral entidade tedros adhanom ghebreyesus entrevisto coletiva n sexta-feira missão liderar oms chino informar n semana investigar o vírus escapar laboratório o considerar altamente improvável unir analisar conclusão missão questionou-se hipótese descartar conversar membro equipar confirmar hipótese cogitar e exigir análise e estudar tedros,saúde,12/02/2021 15h29 ,12/02/2021 15h29 ,https://noticias.uol.com.br/ultimas-noticias/reuters/2021/02/12/oms-diz-nao-descartar-nenhuma-hipotese-sobre-origem-do-coronavirus.htm,1
7585,É #FAKE que SP gastará para vacinar população do estado mais de 3 vezes o que governo federal estima gastar em todo o país,"Valor previsto para primeira fase do plano de vacinação é de US$ 185 milhões (ou R$ 945 milhões), referentes a 18 milhões de doses da CoronaVac. Boato diz que valor será de R$ 22 bilhões.","circular rede social o governar federal destinar r$ bilião vacinar o população brasileiro e o paulo r$ bilião o governar paulista estimar gastar us$ 185,4 milhão r$ milhão fase planar vacinação priorizados profissional saudar idoso e indígena o início marcar o dia janeiro o mensagem falso exibir totalmente irreal o montante r$ bilião referir o o investir anualmente o saudar",política, 14/12/2020," Por Roberta Pennafort, CBN ",https://g1.globo.com/fato-ou-fake/coronavirus/noticia/2020/12/14/e-fake-que-sp-gastara-para-vacinar-populacao-do-estado-mais-de-3-vezes-o-que-governo-federal-estima-gastar-em-todo-o-pais.ghtml,0
7586,"

Revista Time elege Bolsonaro como o “idiota do ano” #boato 
","Boato – O presidente do Brasil, Jair Bolsonaro, foi escolhido como o “idiota do ano” (idiot of the year) pela revista norte-americana Time e foi capa da publicação.",diferente parabém o o ajudar n conquistar idiota ano!o idiota ano o prêmio time o o presidente julgar votar n semprefuisensato nuncacagueinasurnas“idiota ano ” parabém merecer,política,14/12/2020,"
Edgard Matsuki ",https://www.boatos.org/politica/revista-time-elege-bolsonaro-como-idiota-ano.html,0
7587,"""Caminhão cata veio"" circula por Goiânia e pede para idosos ficarem em casa  ",,ação bem-humorada alertar idoso perigo sair s ruir dever pandemia coronavírus e pedir ficar casar durante período ganhar ruir goiânia o caminhão catar vir chamar começar o vestir ruir e avenida capital goiano morador vídeo veículo viralizaram rede social o carro som pedir bem-humorada idoso — principal riscar covid-19 — casar casar contrário levar o caminhão catar vir vir levar acima recolher vir o caminhão catar vir trecho áudio morador setor bueno o advogar yasminne freitas oliveira flagrar o veículo passar ruir janela apartamento vídeo carro passar manhã e postar rede social horar o registrar visualização apartamento manhã voltar 9h30 ouvir o carro som achar o áudio engraçar e postar twitter amigo mundo achar inusitado e começar o repostar e o vídeo viralizou contar,saúde,31/03/2020 14h48 ,Simone Machado,https://noticias.uol.com.br/cotidiano/ultimas-noticias/2020/03/31/caminhao-cata-veio-circula-por-goiania-e-pede-para-idosos-ficarem-em-casa.htm,1
7588,"

Bar Brahma, no Centro de São Paulo, vai fechar definitivamente por causa do isolamento social #boato 
","Boato – Por causa do isolamento social e quarentena do coronavírus, o bar Brahma, localizado na esquina da avenida Ipiranga com a São João (Centro de São Paulo), vai fechar definitivamente.",triste notícia o tradicional e histórico bar brahma esquinar ipiranga joão pandemia abrir amar paulo deixar acontecer causar joão doria o dono bar brahma entregar o o aluguel eh caro falência absurdo deus covardia proibir o pessoa ganhar sustentar,brasil,25/05/2020,"
Edgard Matsuki ",https://www.boatos.org/brasil/bar-brahma-centro-de-sao-paulo-fechar-definitivamente-isolamento-social.html,0
7589,É #FAKE que vídeo mostre saque a supermercado no Brasil após restrições por conta do coronavírus,"Imagens circulam com legendas que atribuem eventos às restrições impostas pelo combate ao coronavírus. A maioria das mensagens diz que o caso ocorreu em Pernambuco. O vídeo, porém é antigo, de 2017, e foi registrado em Honduras. ",circular rede social vídeo mostrar sacar o supermercado acompanhar frase pernambuco invadir supermercado o população fome o casar ocorrer pernambuco tampouco o pandemia coronavírus supermercado unidade federação aliás continuar funcionar o vídeo verdade e relatar sacar o supermercado honduras perceber o idioma falar vídeo o português d placar preço mostrar o moeda o real r$ simbolizar o real o letra aparecer o l lempira hondurenho,brasil, 27/03/2020, Por G1 ,https://g1.globo.com/fato-ou-fake/noticia/2020/03/27/e-fake-que-video-mostre-saque-a-supermercado-no-brasil-apos-restricoes-por-conta-do-coronavirus.ghtml,0
7590,"
  Desinformação sobre as supostas medidas de Trump contra Bill Gates, 5G, vacinas e covid-19","“TRUMP CANCELA PROJETO DE BILL GATES CONHECIDO COMO ‘ID2020’”, asseguram publicações compartilhadas mais de 15,9 mil vezes nas redes sociais, que enumeram as supostas medidas tomadas pelo presidente dos Estados Unidos, Donald Trump. Mas, na verdade, a maior parte das decisões mencionadas não existiu ou não ocorreu como está descrito nas postagens.Envie-nos por WhatsApp Email",publicação circular o maio facebook instagram twitter e site enumerar medir supostamente tomar trump bill gatar e o projeto “ id2020 ” mensagem voltar o ganhar forçar dezembro unir início vacinação o covid-19 postagens alegação similar encontrar espanhol inglês e francês o seguir o verificação feito equipar checagem afp medir mencionar rede social,saúde,16/12/2020 às 20:33,"Julie Charpentrat, AFP Canada, Nadia Nasanovsky, AFP Argentina",https://checamos.afp.com//desinformacao-sobre-supostas-medidas-de-trump-contra-bill-gates-5g-vacinas-e-covid-19,0
7591,"

Nova lei do bafômetro prevê prisão para quem beber e dirigir, diz delegado #boato 
","Boato – Em áudio, delegado afirma que lançaram a nova lei do bafômetro e agora motoristas vão direto para a prisão por beber e dirigir. ",“ o início cumprimentar peno regime semi-aberto aberto e prestação serviço comunidade e cesta básico e multar cadeia regime fechar e o pm o conhecer atuante profissional começar montar operação padrão filhar esposar trabalhar avisar multar multar e gasto passar r$ advogar pra tá presar e preciso pedir liberdade provisório r$ o gente o problema perder o cartar ficar ano o seguinte tomar cervejar arriscar avisar colega pego táxi levar mané juntar beber pra dirigir pra arriscar perdão cair plantão pra trancar o gente prender mundo converso o fiança r$ o caro reincidente s r$ r$ fiança hein fiança pra trancar ah soprar bafômetro multar e pro plantão submeter o o exame clínico querer soprar o bafômetro pra trancar jeito beleza repassar pros amigo conversar colega buteco casar boto o mulher pra dirigir levar laranjo juntar pego táxi uber tá avisar hein ”,brasil,19/12/2019,"
Kyene Becker ",https://www.boatos.org/brasil/nova-lei-bafometro-prisao-beber-dirigir-diz-delegado.html,0
7592,"

Gabriel García Márquez escreveu carta de despedida quando descobriu câncer linfático #boato 
",Gabriel García Márquez escreveu carta de despedida quando descobriu câncer linfático #boato,gabriel garcía márquez retirar vidar público sofrer câncer linfático enviar umar cartar despedir o o amigo e graça internet divulgar verdadeiramente comovente escrito latino-americanos brilhante assim:′′ instante deus esquecer umar marionete panar e d pedaço vidar aproveitar o o pensar definitivo pensar o s pelar valer pelar significar dormir sonhar entender minutar fechar o olho perder sessenta luzir andar o outro parir acordar o outro dormem.se deus oferecer pedaço vidar vestir simples jogar bruços o o sol deixar descobrir corpo almo o homem provar quão errar o o pensar deixar apaixonar envelhecer envelhecer deixar apaixoná-los umar criança asar deixar aprender o voar.aos velho ensinar o morte chegar o velhice o esquecimento aprender homem aprender mundo querer viver o topar montanha o verdadeiro felicidade o formar subir o escarpar afastar neços falador pessoa mau hábito e atitude seriar honestar e manter cheio amor e atendimento s pessoa o o redor o melhor aprender recém-nascido apertar o pequeno punho pelar o dedo pai o parir aprender homem o direito olhar parir outro parir baixar ajudá-lo o levantar-se aprender realmente haver servir guardar d malo infelizmente morrendo.tente o sentir e o pensar o profundar coração hoje o dormir abraçar fortemente e rezar o o senhor parir o guardião almo o minuto ′′ amo-te ′′ e assumir tolamente sabes.sempre haver amanhã e o vidar o outro oportunidade parir o certo casar errar e hoje o o restar gostar o quantum amar esquecerei.o amanhã garantir o ninguém jovem velho hoje o amo esperar hoje amanhã chegar irar lamentar o dia tirar parir sorriso abraçar beijar e estevar ocupar parir conceder desejo.mantenha amo diga-lhes o quantum preciso d queira-os e trate-os tirar parir ′′ sentir “ ′′ perdoe-me “ ′′ ′′ ′′ obrigar ′′ e o palavra amor conhecer ninguém lembrar nobre pensamento secreto pedir o o senhor o forçar e sabedoria parir expressá-los finalmente demonstrar o o amigo e ente querido o quantum importar gabriel garcia márquez,entretenimento,12/07/2021,"
Edgard Matsuki ",https://www.boatos.org/entretenimento/gabriel-garcia-marquez-escreveu-carta-de-despedida-quando-descobriu-cancer-linfatico.html,0
7593,"

Petição pela cassação de Rodrigo Maia ajuda a tirá-lo da Câmara dos Deputados #boato 
",Boato – Assine uma petição pela cassação do deputado federal Rodrigo Maia no site peticaopublica.org e compartilhe o link com amigos no WhatsApp que você vai tirá-lo da Câmara dos Deputados.,assinar petição cassação mandatar rodrigar maio ataque constante o o presidente e proposto visar desestabilizar o governar federal e prejudicar o gestão bolsonaro levar o brasil o o abismar chegar maio assinar e compartilhar rumar o milhão assinatura,entretenimento,22/04/2020,"
Edgard Matsuki ",https://www.boatos.org/tecnologia/peticao-cassacao-rodrigo-maia-ajuda-tira-lo-camara-deputados.html,0
7594,A clonagem de celular pode manter um aparelho sem chip com acesso à rede móvel?,Tira-dúvidas também responde pergunta sobre sites falsos de cobranças e riscos de divulgar o número do CPF.,algum dúvida segurança informação antivírus invasão cibercrime roubar etc enviar e-mail g1seguranca o coluna responder perguntar deixar leitor s quintas-feiras o chip celular retirar e continuar sinal clonar acontecer – cristina contrário cristina o chip clonar provavelmente nenhum acesso redar celular o chip devidamente instalar o linha clonar transferir chip transferência derrubar o acesso d smartphone gsm capaz conectar redar celular informação necessário gente ouvir falar imei — o identificador aparelhar — verdadeiro responsável conexão o assinante imsi e o chave autenticação ficar chip,política, 20/02/2020 07h00 , Por Altieres Rohr ,https://g1.globo.com/economia/tecnologia/blog/altieres-rohr/post/2020/02/20/saiba-se-a-clonagem-de-celular-pode-manter-um-aparelho-sem-chip-com-acesso-a-rede-movel.ghtml,1
7595,"Sem auxílio emergencial, quanto tempo levará para Bolsonaro desidratar?  ",,"durante o pagamento auxílio emergencial o 67,9 milhão brasileiro ajudar o espantar o responsabilidade governar federal ações combater o coronavírus e morte decorrente d o benefício o dúvida parcelar beneficiar ficar agradecido o bolsonaro o suficiente o eleição outubro o deterioração qualidade vidar levar ganho popularidade trazido auxílio graça o o congresso nacional pressionar o governar federal o abandonar o idear ridículo pagar r$ trabalhador informar e desempregar durante o crise milhão segurar pontar onda pandemia",saúde,10/01/2021 10h36 ,10/01/2021 10h36 ,https://noticias.uol.com.br/colunas/leonardo-sakamoto/2021/01/10/sem-auxilio-emergencial-aprovacao-de-bolsonaro-volta-a-casa-dos-30.htm,1
7596,UOL Confere checa números do desmatamento na Amazônia no governo Bolsonaro  ,,o desmatamento amazônia principal polêmicas governar jair bolsonaro psl o inpe instituto nacional pesquisar espacial divulgar o aumentar devastação região junho comparar o o período ano passar o presidente gostar e questionar o diretor instituto ricardo galvão durante converso jornalista dia conversar o par d comandar haver o publicar conferir o realidade chamar explicar rotina semana dia acontecer aí.jair bolsonaro presidente brasil,brasil,14/08/2019 04h00Atualizada em 15/08/2019 19h18 ,Lucas Borges Teixeira,https://noticias.uol.com.br/confere/ultimas-noticias/2019/08/14/desmatamento-na-amazonia-acelera-67-sob-governo-bolsonaro-em-2019.htm,0
7597,gretar thunberg parir o chinês parar hashi árvore desmatamento,,o texto ganhar forçar compartilhamentos o redar social e whatsapp o abril e narrar umar sair justar pelar o ativista ambiental gretar thunberg passar encontrar chinês segundar o o texto gretar pedir o o chinês parar derrubar árvore parir hashi o pau comer talher orientar e asiático umar respostar elegante o chinês o aconselhar o voltar parir o escola parir aprender o hashis bambu,mundo,29/04/2021,gilmar lopes,https://www.e-farsas.com/greta-thunberg-disse-para-os-chineses-pararem-de-fazer-hashi-com-arvores-de-desmatamento.html,0
7598,"
  É falso que os votos de uma candidata no Tocantins tenham reduzido ao longo da apuração","Publicações que afirmam que uma candidata a vereadora por Palmas, no Tocantins, teria recebido 1.111 votos durante a apuração das urnas nas eleições municipais de 2020, mas ao final teria ficado com apenas 58 votos, viralizaram nas redes sociais desde o último dia 17 de novembro. A imagem com os supostos 1.111 votos foi, contudo, alterada digitalmente e não representa a votação da candidata, que não foi eleita.Envie-nos por WhatsApp Email","“ olhar o homem explicar vídeo print o candidato o vereador palmar tocantim 1.111 voto paralisação o paralisação eletrônico tse),volta computar voto candidato o vereador rosar ribeiro palmar tocantim ” indicar o legendar postagens compartilhar dezena facebook gravação diferente base denúncia publicação alegação semelhante circular twitter instagram e youtube vídeo homem ouvir “ o print candidato rosar ribeiro … mostrar paralisação 1.111 voto e o voltar ficar voto o tse obrigação responder perguntar voto candidato o vereador rosar ribeiro ”",brasil,19/11/2020 às 16:22,AFP Brasil,https://checamos.afp.com//e-falso-que-os-votos-de-uma-candidata-no-tocantins-tenham-reduzido-ao-longo-da-apuracao,0
7599,Rússia bate recorde de casos de coronavírus e introduz sanções mais severas  ,,"noite o rússia registrar caso oficiar coronavírus país o saltar caso noite quase o dobrar dia anterior caso o o país registrar 2.337 caso oficiar total e morte decorrência coronavírus n semana o país aumentar o capacidade testar o vírus o semana anterior o explicar aumentar caso o aumentar indicar o rússia seguir curvo exponencial país eua itália espanha e reinar unir recente mostrar o perfil paciente coronavírus mudar território russo autoridade revelar doença grave afetando idoso terçar pessoa caso covid-19 país e ano idade faixar idade responsável ocupação leito uti unidade terapia intensivo semana o governar cidade moscar introduzir regulamento rígido quarentenar cidade o medir exigir o 12,5 milhão cidadão capital ficar casar o decisão moscar governo regional decidir seguir passo capital",saúde,31/03/2020 09h29 ,"Do UOL, em São Paulo",https://noticias.uol.com.br/internacional/ultimas-noticias/2020/03/31/russia-casos-oficiais-coronavirus-novas-sancoes.htm,1
7600,o grupar antifas incediou umar casar umar criança e impedir o bombeiro salva-la,,o notícia surgir diverso site e blogs e espalhar whatsapp o semana junho acordar o texto compartilhar o chefe polícia richmond – virgínia eua – afirmar o movimentar blacklivesmatter e o grupar antifas incendiar umar casar multifamiliar umar criança durante protestar o morte negro o texto afirmar o grupar bloquear o acesso bombeiro o o parir o criança salvar,entretenimento,3/06/20203,gilmar lopes,https://www.e-farsas.com/o-grupo-antifas-incediou-uma-casa-com-uma-crianca-dentro-e-impediu-os-bombeiros-de-salva-la.html,0
7601,roberto firmino umar bmw o o dono padaria ajudar criança,,eis o texto,entretenimento,3/10/20203,marco faustino,https://www.e-farsas.com/roberto-firmino-deu-uma-bmw-ao-dono-da-padaria-que-lhe-ajudou-quando-crianca.html,0
