,Titulo,Subtitulo,Noticia,Categoria,Data,Autor,URL,Classe
10136,"

Empresas não precisam mais publicar balanços em jornais após MP de Bolsonaro #boato 
","Boato – O presidente Jair Bolsonaro acabou de editar uma Medida Provisória (MP) que desobriga empresas de publicarem balanços financeiros em jornais. Agora, balanços podem ser publicados, a custo zero, nos site da CVM e Diário Oficial.",amigo empresário publicação balanço custar bolsonaro assinar mp desobrigar empresar o publicar balançar jornal texto medir permitir resultar financeiro informar site cvm e diário oficial união,política,11/09/2020,"
Edgard Matsuki ",https://www.boatos.org/politica/empresas-nao-precisam-mais-publicar-balancos-jornais-mp-bolsonaro.html,0
10137,Secretário nacional de Defesa Civil nega inércia no Pantanal  ,,o secretário nacional proteção e defeso civil alexandre alves rechaçar hoje acusação inércia executivo federal combater o incêndio pantanal haver inércia público liberar recurso poconé mt início r$ milhão alves o o participar audiência público comissão externo senado acompanhar ações o alastramento fogo recurso empregar aluguel avião e helicóptero contratação brigadista aluguel veículo e comprar equipamento o corpo bombeiro mangueira e bomba alves garantir haver recurso haver recurso faltar recurso refiro-me o relacionar respostar o o desastre rubricar ação orçamentária defeso civil ações respostar recurso ano frisar ano o loa lei orçamentária ano deixar preocupar recurso o respostar afirmar,política,30/09/2020 16h33 ,30/09/2020 16h33 ,https://noticias.uol.com.br/ultimas-noticias/agencia-brasil/2020/09/30/secretario-nacional-de-defesa-civil-nega-inercia-no-pantanal.htm,1
10138,"

Onda de frio mais forte desde 1955 está prevista nos próximos dias #boato 
",Onda de frio mais forte desde 1955 está prevista nos próximos dias #boato,alertar parir nevar o onda frio forte intensidade e umar forte sul e sudeste registrar temperatura negativo e nevar d umar forte massa ar polar desprender antartida hemisfério sul dever atuar entrar o dia e julho e e agostar temperatura congelante o sul sudeste e centrar oeste brasil nado mudar datar o paulo acometer temperatura negativo e abaixar possibilidade nevar campo jordão fonte metosul ceptec inmet climatempo — crédito centrar monitoramento paulista,brasil,24/07/2021,"
Edgard Matsuki ",https://www.boatos.org/brasil/onda-frio-mais-forte-desde-1955-prevista-proximos-dias.html,0
10139,"

Vagas para auxiliar de creche para quem compartilhar link no Whatsapp #boato 
","Boato – Há vagas abertas para quem quiser se candidatar a auxiliar de creche, monitor de escola etc. Para concorrer, é só compartilhar um link no WhatsApp com um certo número de amigos.","auxiliar creche vago aberto – monitor escolar – merendeiro – fiscal corredor – coord ensinar – motorista – porteiro – jardineiro – zelador – vigiar e … salário o r$ 1.864,26 experiência).*vagas disponível site clicar link acima agendar entrevista.**início imediato",entretenimento,24/09/2019,"
Edgard Matsuki ",https://www.boatos.org/tecnologia/vagas-para-auxiliar-de-creche-compartilhar-whatsapp.html,0
10140,Mídia internacional destaca 'mudança brusca' de Bolsonaro em pronunciamento  ,,o pronunciamento presidente repúblico jair bolsonaro marcar mudança brusco tom o o enfrentamento coronavírus e gerar fúria sociedade brasileiro publicar veículo imprensar internacional o emissor americano cnn bolsonaro surpreender brasileiro mudança brusco tom o o o ano vacinação citar principal falir pronunciamento o cnn apresentar contraponto destacar o o longo pandemia o presidente incentivar medir cautelar o máscara e mostrar resistência o vacinar principalmente coronavac,política,24/03/2021 10h21 ,24/03/2021 10h21 ,https://noticias.uol.com.br/saude/ultimas-noticias/redacao/2021/03/24/imprensa-mudanca-brusca-de-bolsonaro-e-furia-durante-pronunciamento.htm,1
10141,"

Trump colocou marca d’água secreta em cédulas de votação nos EUA #boato 
","Boato – Trump manda colocar marca d’água em cédulas de votação, sem que democratas saibam, para monitorar fraude na votação dos Estados Unidos. ","“ prever fraude eleição o presidente trump ordenar cédula votação marcar d’água existir o indício variar fraude principalmente centena cédula falso mandar imprimir democrata marcar d’água ficar comprovar o fraudar eleição americano considerar crime traição e o traição punir o peno capital ” “ trump mandar cédula verdadeiro marcar d’agua democrata pedir chino falsificar cédula o caro o frente,.lá traição punir peno morte eleição acabar tribunal ” “ marcar d’água secreto inserir cédula votação democrata e introduzir cédula falso verdade fácil comprovar fraudar ”",mundo,06/11/2020,"
Kyene Becker ",https://www.boatos.org/mundo/trump-colocou-marca-dagua-secreta-cedulas-votacao.html,0
10142,muçulmano protestar o ruir o corpo terrorista esquecer tirar o bomba corpo morto,,o vídeo minutar duração e espalhar twitter o quinzena junho n o umar explosão ocorrer mear o cortejar fúnebre,entretenimento,18/06/2019,gilmar lopes,https://www.e-farsas.com/muculmanos-protestam-nas-ruas-com-o-corpo-de-um-terrorista-mas-esqueceram-de-tirar-a-bomba-do-corpo-do-morto-sera.html,0
10143,"Bolsonaro perdeu ""bússola moral"", diz revista científica ""The Lancet""  ",,"bolsonaro perder o bússola moral o pandemia revisto the lancet editorial publicação científico afirmar presidente ameaçar respostar país covid-19 demissão mandetta e morar bolsonaro preciso mudar cursar o sair veemente editorial intitular covid-19 brasil e d criticar o gestão pandemia coronavírus sars-cov-2 o revisto científico britânico the lancet escrever o ameaçar respostar país covid-19 presidente jair bolsonaro"".o título texto publicar n quinta-feira 07/05 destacar o declaração pronunciar bolsonaro o brasil ultrapassar óbito consequência covid-19 o doença causar coronavírus e d o messias milagre o repórter questionar o veloz aumentar morte país.a publicação destacar bolsonaro semear confusão o o escarnecer e desencorajar medir sensato distanciamento social e lockdown bloquear total adotadas governar estadual e cidade o país perder importante e influente ministro semana o saudar luiz henrique mandetta e o justiçar e segurança público sergio morar desordem coração governar distração fatal o emergência saudar público e sinal forte o liderança brasil perder bússola moral algum o texto.a the lancet afirmar combater o pandemia covid-19 brasil difícil vácuo ações político dever o o fato cercar milhão pessoa viver favela o alto densidade populacional tornar difícil o implementação medir distanciamento.o texto sublinhar o alto pessoa ocupação informar país e o eliminação fonte render consequência pandemia o população indígena viver severo ameaçar surtir covid-19 o governar ignorar encorajar o mineração e o desmatamento ilegal florestar amazônica escrever o the lancet alertar o riscar madeireiro e mineiro ilegal contagiar população indígenas.a revisto destacar o brasil concentrar o infecção e morte coronavírus américa latino afirmar o preocupante estima-se o taxar mortalidade dobrar dia e estudar recente imperial college londres analisar o taxar transmissão país colocar o brasil país o taxar transmissão 2,81.isso pessoa infectar contaminar quase alemanha o taxar reprodução vírus cair 0,65 n quinta-feira o significar paciente infectar vírus contagiar pessoa o publicação exemplificar ações tomar comunidade científico e saudar e sociedade civil país ativismo e oposição claro o injustiça e desigualdade e o saudar direito constitucional"".o texto citar organização o academiar brasileiro ciência e o associação brasileiro saudar coletiva abrasco oponente longo datar bolsonaro causar corte drástico orçamentar ciência e demolição seguridade social e serviço público haver pesquisar acontecer ciência básico o epidemiologia e haver produção rápido equipamento proteção individual epis respirador e kit teste elogiar o the lancet.por outro liderança alto governamental crucial evitar rapidamente o desfechar d pandemia ficar evidente país país o brasil preciso unir respostar claro o o e d presidente preciso mudar drasticamente cursar o o sair",saúde,08/05/2020 07h24Atualizada em 08/05/2020 19h34 ,08/05/2020 07h24Atualizada em 08/05/2020 19h34 ,https://noticias.uol.com.br/ultimas-noticias/deutschewelle/2020/05/08/bolsonaro-perdeu-compasso-moral-em-meio-a-pandemia-diz-revista-the-lancet.htm,1
10144,"

Carlos Drummond de Andrade escreveu texto elogiando a época da Ditadura #boato 
","Boato – O poeta Carlos Drummond de Andrade escreveu um texto elogiando a época da Ditadura Militar no Brasil. Depois de citar as “vantagens” do regime, ele finalizou a obra dizendo que “hoje o que podemos fazer é falar mal do presidente”.",carlos drummond andrade “ dura”.para “ ninguém igual o ninguém humanar estranhar ímpar ” – carlos drummond andrade – época ditadura … época ‘ chamar ’ ditadura … namorar carro o meia- noite perigar morto bandido e traficantes.mas falar presidente.podíamos o inps único planar saudar morrer o míngua corredor hospital falar presidente.podíamos comprar armar e munição vontade o governar cidadão bandido e terrorista falar presidente.podíamos paquerar o funcionário o menino contar o pagar o recepcionista correr o riscar processar “ assédio sexual ” falar presidente … o bar boatar bairro cidade carro ônibus bicicleta o pé nenhum medo assaltar sequestrar assassinar falar presidente hoje o único … … falar presidente m … ”,entretenimento,,"
Raiane Gonoli ",https://www.boatos.org/entretenimento/drummond-de-andrade-texto-elogiando-ditadura.html,0
10145,Vale-combustível da Petrobras divulgado nas redes sociais é golpe  ,,causar medir isolamento social quase o país o petrobras petróleo sobrar estocar e decidir doar gasolina trabalhador brasileiro o mote falsar golpe circular rede social dia o petrobras guardar combustível doar trabalhador o texto divulgar principalmente whatsapp,brasil,04/05/2020 15h12 ,"Colaboração para o UOL, em São Paulo",https://noticias.uol.com.br/confere/ultimas-noticias/2020/05/04/vale-combustivel-da-petrobras-divulgado-nas-redes-sociais-e-golpe.htm,0
10146,"“Não existe mais estado mínimo e ministros precisam rever posições”, diz Kassab  ",,presidente nacional psd gilberto kassab analisar situação comércio e economia durante o pandemia,saúde,09/06/2020 15h52 ,09/06/2020 15h52 ,https://noticias.uol.com.br/videos/2020/06/09/nao-existe-mais-estado-minimo-e-ministros-precisam-rever-posicoes-diz-kassab.htm,1
10147,"

Falso paciente com Covid-19 é colocado em maca de ambulância no Brasil, mostra vídeo #boato 
",Boato – Vídeo mostra falso paciente com Covid-19 forjando atendimento com socorristas em ambulância do Samu para causar pânico e inflar números de casos de coronavírus. ,“ verdade olhar o safadeza pra o infectar aumentar ” “ ambulância hospital o paciente maca deitar achar entender pé reclamar ”,saúde,21/05/2020,"
Kyene Becker ",https://www.boatos.org/saude/falso-paciente-covid-19-maca-ambulancia-brasil-video.html,0
10148,É #FAKE que ponte ferroviária no Nordeste foi concluída em 11 meses durante o governo Bolsonaro,"Obra começou em 2014, no governo Dilma, e foi concluída em outubro de 2018, ainda durante a gestão Temer, de acordo com a Valec, empresa do governo responsável pelo empreendimento.",circular rede social mensagem mostrar vídeo o finalização pontar ferroviário o rir francisco município serrar ramalhar e jesus lapa bahia legendar acompanhar o vídeo pontar ferroviário américa latino governar bolsonaro alguém mídia tremendo covardia divulgar galera o pontar concluir durante o governar bolsonaro janeiro obrar pontar começar governar dilma rousseff e finalizar outubro gestão temer acordar o valec engenhar construção e ferrovia s.a empresar público vincular o o ministério infraestrutura o pontar construir durante o governar bolsonaro e o obrar levar feito,política, 07/01/2020, Por G1 ,https://g1.globo.com/fato-ou-fake/noticia/2020/01/07/e-fake-que-ponte-ferroviaria-no-nordeste-foi-concluida-em-11-meses-durante-o-governo-bolsonaro.ghtml,0
10149,"Dados de junho e julho mostram retomada em V na indústria e comércio, diz Ministério da Economia  ",,"o secretariar político econômica ministério economia avaliar n quinta-feira atividade junho e julho mostrar rápido recuperação economia o desempenhar indústria e comércio confirmar o retomar v. o secretariar resultar visto recentemente explicar político governar federal proteção o o empregar formal e concessão auxílio emergencial pandemia coronavírus indicar forte recuperação atividade comedir trimestre complementar o leitura vir o ibge divulgar vender varejar julho alto 5,2 comparação o anterior acima alto 1,2 estimar mercar pesquisar reuters o spe chamar o atenção vender v — rápido ascensão quedo abrupto — material construção fármaco e eletrodomésticos e destacar o volumar vender comércio julho ficar 5,3 acima fevereiro alto 5,5 igual ano passar",política,10/09/2020 15h00 ,Marcela Ayres,https://economia.uol.com.br/noticias/reuters/2020/09/10/dados-de-junho-e-julho-mostram-retomada-em-v-na-industria-e-comercio-diz-ministerio-da-economia.htm,1
10150,Gabbardo: Estados do Norte não conseguiram se preparar antes da epidemia  ,,o médico joão gabbardo rei anunciar hoje secretário-executivo centrar contingência combater o o coronavírus paulo afirmar principalmente norte dificuldade lutar o covid-19 o epidemiar chegar locar preparar o o questionar o certar paulo e errar brasil combater o o coronavírus gabbardo responder algum maneiro enfrentar o realidade dever preparar recurso humano leito uti enfermar exigência o ocorrer locar predominantemente norte país e cidade nordeste o epidemiar chegar locar preparar belém parar e manaus amazona deficiência considerável n locar mortalidade assistência óbito paulo ocorrer evolução natural doença hoje brasil taxar transmissibilidade região norte sair paulo e surtir elevar n locar acrescentar gabbardo considerar braço-direito luiz henrique mandetta ministério saudar e chegar o considerar assumir o pastar entanto descartar o hipótese dia o demissão ministrar anunciar,saúde,27/05/2020 14h23 ,27/05/2020 14h23 ,https://noticias.uol.com.br/saude/ultimas-noticias/redacao/2020/05/27/gabbardo-estados-do-norte-nao-conseguiram-se-preparar-antes-da-pandemia.htm,1
10151,"Cloroquina foi adotada pela China, mas continua sem comprovação científica; FDA não a recomenda",,o comissão nacional saudar chino anunciar protocolo o cloroquina fosfatar drogar experimental tratamento covid-19 paciente e ano período dia o órgão entanto reforçar haver nenhum medicamentar antiviral eficiência cientificamente comprovar combater doença o fda o o contrário afirmar o publicação verificar recomendar o medicamentar o doença,saúde,2020/08/25,Comprova,https://projetocomprova.com.br/publicações/cloroquina-foi-adotada-pela-china-mas-continua-sem-comprovacao-cientifica-fda-nao-a-recomenda/,0
10152,"

Carros elétricos são abandonados e estão contaminando o solo em Paris (França) #boato 
","Boato – Centenas de carros elétricos foram abandonados em Paris, na França, e estão contaminando o solo com suas baterias.",centena carro elétricos município parir apodrecer e espalhar produto tóxico o solo empresar reciclagem aceitar bateria sair o índio livrar-se d recusa-se o importá-los empresar lidar o “ bater ” sair lentamente contar fadar,mundo,,"
Carol Lira ",https://www.boatos.org/mundo/carros-eletricos-abandonados-paris-franca.html,0
10153,"Após decretos, veja em quais cidades o uso de máscara é obrigatório  ",,esforço conter o epidemiar coronavírus prefeito e governador brasileiro publicar decreto obrigar recomendar cidadão o máscara ambientar público o medir seguir orientação oms organização mundial saudar e ministério saudar passar o recomendar o acessório versão caseiro sintoma covid-19 governador e prefeito autonomia determinar medir restritivo julgar necessário durante o pandemia conformar decisão stf supremo tribunal federal decreto estadual obrigar máscara município determinar norma específico regulamentar fiscalização estabelecer multar locar estudo chinês mostrar infecção pessoa assintomático jogar ar gotícula contaminar o o falar o máscara funcionar barreirar físico e impedir partícula espalhar ar,saúde,17/04/2020 13h27Atualizada em 19/05/2020 22h24 ,17/04/2020 13h27Atualizada em 19/05/2020 22h24 ,https://noticias.uol.com.br/saude/ultimas-noticias/redacao/2020/04/17/apos-decretos-veja-em-quais-cidades-o-uso-de-mascara-e-obrigatorio.htm,1
10154,o facebook admitir cometer errar o o censurar o hidroxicloroquina,é verdade que a rede social de mark zuckerberg admitiu que errou ao censurar postagens sobre tratamento precoce da covid-19 com hidroxicloroquina?,semana fevereiro notícia envolver o facebook e o hidroxicloroquina tratamento coronavirus começar o compartilhar site e blogs espalhar whatsapp e rede social,saúde,2/02/20212,gilmar lopes,https://www.e-farsas.com/o-facebook-admitiu-que-cometeu-um-erro-ao-censurar-a-hidroxicloroquina.html,0
10155,Covid-19 persistente se manifesta com sintomas de 4 síndromes diferentes,"Segundo estudos, sintomas afetam a respiração, o cérebro, o coração, o sistema cardiovascular, os rins, o fígado, a pele e o intestino.",o covid-19 persistente paciente enfrentar sintoma afetando pessoa maneiro diferente e explicar paciente sintoma persistente receber tratamento adequar d haver enorme impactar psicológico paciente covid-19 longo revisão estudo feito instituto nacional pesquisar saudar reinar unir pessoa precisar e profissional saudar informação o pessoa infectar moderar covid-19 enfrentar sintoma semana quadro grave sinal demorar semana passar,ciência, 15/10/2020 11h43 , Por BBC ,https://g1.globo.com/bemestar/coronavirus/noticia/2020/10/15/covid-19-persistente-se-manifesta-com-sintomas-de-4-sindromes-diferentes.ghtml,1
10156,Estudo é insuficiente para comprovar eficácia da ivermectina contra covid-19,,s posts o rede social estud o ivermectina capaz reduzir o morte covid-19 apesar pesquisar citar realmente falar n estimativo redução mortalidade o considerar suficiente parir o benefício antiparasitário parir o combater doença o pesquisar utilizar o análise revisar haver diferençar mortalidade caso grave e o paciente observar pequeno,saúde,2021-07-14,Comprova,https://projetocomprova.com.br/publicações/estudo-e-insuficiente-para-comprovar-eficacia-da-ivermectina-contra-covid-19/,0
10157,"

Governo liberou o auxílio cidadão, saque do FGTS, suspensão de contas de água e luz e agendamento de vacina contra Covid-19 no WhatsApp #boato 
","Boato – O governo federal, por causa do novo coronavírus, liberou, em um site no WhatsApp, o cadastro do auxílio cidadão de R$ 200, do Saque Cidadão de R$ 450, da suspensão das contas de luz e do agendamento de vacina contra o Covid-19 (novo coronavírus). Para fazer o cadastro é preciso compartilhar um link com amigos no aplicativo.","governar federal o cadastramento auxílio cidadão ajudar mensal r$ trabalhador autônomos e pessoa render ajudar o combater coronavírus conferir direito o o benefício site].governo acabar anunciar o liberação r$ 21,5 bilião saque fgts programar combater o impacto coronavírus o sacar 31/03/2020 perder o direito receber valorar variar 450,00 real o 1.023,00 real conferir direito site]suspensão contar água e luzir autônomos e benefíciarios bolsar família contar suspenso acabar o surtir corona vírus covid-19 brasil solicitar o suspensão contar site suspensão feito 20/03/2020governo federal brasil anunciar o vacinar chegar o o brasil dia 30/03/2020 haver super lotação posto saudar e unidade pronto atendimento upar obrigátorio o agendamento tomar o vacinar o covid-19 extremo importancia encaminhar informação famíliares e amigo o agendamento app oficial governar brasil site",entretenimento,21/03/2020,"
Edgard Matsuki ",https://www.boatos.org/tecnologia/governo-liberou-auxilio-cidadao-saque-fgts-suspensao-contas-agua-luz-agendamento-vacina-contra-covid-19-whatsapp.html,0
10158,Rachadinha: Bolsonaro envolveu Abin e GSI em reunião com defesa de Flávio   ,,o presidente jair bolsonaro participar reunião agostar advogar filhar o senador flávio bolsonaro republicanos-rj o objetivo debater suposto irregularidade informação constante relatório investigação fiscal produzir órgão federar o senador o o encontrar o ministrar gabinete segurança institucional augusto heleno e o diretor agência brasileiro inteligência abin alexandre ramagem o reunião registrar agendar oficiar presidente augusto heleno revelar n sexta-feira revisto época e confirmar estadão ... ler íntegro estadão,política,23/10/2020 17h18 ,23/10/2020 17h18 ,https://noticias.uol.com.br/colunas/reinaldo-azevedo/2020/10/23/rachadinha-bolsonaro-envolveu-abin-e-gsi-em-reuniao-com-defesa-de-flavio.htm,1
10159,Príncipe Charles e William aparecem em público pela 1ª vez desde lockdown  ,,o príncipe britânico charlar e filhar príncipe william hoje aparição público o início lockdown dever o o coronavírus março visitar agente saudar linha frente combater doença agradecê-los reação pandemia membro família real incluir o herdeiro tronar charlar e o linha sucessório william haver visto foto e vídeo divulgar durante o isolamento haver comparecer o nenhum compromisso casar charlar e esposo camilla visitar o hospital real gloucestershire e encontrar cercar pessoa clínico gerar o voluntário e assistente social o hospital localizar centrar inglaterra tratar cercar paciente covid-19 morrer o charlar contrair o vírus março precisar tratamento hospitalar,saúde,16/06/2020 15h35 ,Estelle Shirbon,https://tvefamosos.uol.com.br/noticias/reuters/2020/06/16/principe-charles-e-william-aparecem-em-publico-pela-1-vez-desde-lockdown.htm,1
10160,"Estado de São Paulo vacinou 1,5 milhão de pessoas contra o sarampo",,"o paulo vacinar o cercar 1,5 milhão pessoa o sarampo faixar etário o ano o corresponder o 7,7 público-alvo 20,2 milhão pessoa o o mobilização nacional o sarampo terminar n sexta-feira preliminar secretariar estadual saudar o início ação 16/3 o dia outubro vacinar 11,7 milhão pessoa n faixar etário o país o corresponder o público-alvo o estratégia vacinação parceria e município esforço ministério saudar o doença alcançar o meter brasil livrar sarampo contexto movimentar vacinar brasil o vacinação o principal medir prevenção e controlo sarampo viabilizar o estratégia vacinação enviar 4,3 milhão dose vacinar quantitativo atendimento rotina o ministério saudar alertar o população importância vacinação respeitar diretrizes e orientação segurança evitar o riscar transmissão covid-19.o sarampo doença gravar e alto transmissibilidade pessoa transmitir pessoa o disseminação vírus ocorrer aéreo o o tossir espirrar falar respirar",saúde,30/10/2020 19h44,Ministério da Saúde(61) 3315-3435,https://www.gov.br/saude/pt-br/assuntos/noticias/estado-de-sao-paulo-vacinou-1-5-milhao-de-pessoas-contra-o-sarampo,1
10161,"Boulos comenta fake news sobre produtora fantasma e rebate acusação de Russomanno: ""pegadinha""  ",,principal alvo candidatar o prefeito paulo celso russomanno republicano debater uol folhar realizar hoje o postulante o o cargo guilherme boulos psol surpreso o acusação campanha pago suposto produtor fantasma dinheiro público o o conhecer o autor acusação o blogueiro bolsonarista oswaldo eustáquio boulos o debater o acusador pertencer o o gabinete ódio presidência repúblico e classificar pegado o estratégia russomanno veicular notícia falso durante o evento noite hoje o justiçar eleitoral determinar o google retirar imediatamente ar o vídeo informação falso produzir oswaldo eustáquio motivar acusação russomanno o decisão acatar pedir boulos e prever aplicação multar diário casar descumprimento,política,11/11/2020 17h13 ,11/11/2020 17h13 ,https://noticias.uol.com.br/eleicoes/videos/2020/11/11/boulos-nega-acusacao-de-russomanno.htm,1
10162,o dr vladimir zelenko criador kit-covid hidroxicloroquina ganhar o prêmio nobel paz,"é verdade que o dr. vladimir zelenko, criador do protocolo de tratamento da covid com coquetel de remédios contendo hidroxicloroquina. vai ganhar o prêmio nobel da paz?",o afirmação o médico ucraniano-americano vladimir zelenko receber o prêmio nobel paz contribuição tratamento precoce coronavirus surgir rede social quinzena maio compartilhar whatsapp,saúde,24/05/2021,gilmar lopes,https://www.e-farsas.com/o-dr-vladimir-zelenko-criador-do-kit-covid-com-hidroxicloroquina-vai-ganhar-o-premio-nobel-da-paz.html,0
10163,verdade o óleo cocar eficaz repelente natural,"cada vez mais os brasileiros estão preocupados com os produtos e alimentos consumidos no dia a dia. sempre que surge uma alternativa mais natural ou saudável, rapidamente esta se torna uma meta a ser alcançada. diversos óleos e sais, por exemplo, muitas vezes acabam sendo promovidos à categoria de produtos miraculosos. um deles, o óleo de coco, muitas vezes é mencionado como se servisse para quase tudo, inclusive como um eficiente repelente natural! há quem diga também, que talvez ele proteja as pessoas contra o aedes aegypti, o famoso “mosquito da dengue”.",abril o nutricionista e palestrante bella falconi publicar contar instagram o óleo cocar servir eficiente repelente natural alegar lidar artigo científico publicar ano anterior mencionar justamente colocar referência artigo descrição,saúde,18/07/2019,marco faustino,https://www.e-farsas.com/sera-verdade-que-o-oleo-de-coco-e-um-eficaz-repelente-natural.html,0
10164,"Lula já foi o mais votado do mundo, mas Putin o superou; fake news usa dado  ",,receber gráfico compartilhar indicar luiz inácio lula silvar pt o pessoa voto presidente história humanidade ler texto compartilhar favor.segundo informação levar consideração voto turno lula o o milhão voto lula o presidente votar história o texto acompanhar o gráfico aplicativo mensagem,política,01/12/2019 04h01 ,"Colaboração para o UOL, em São Paulo",https://noticias.uol.com.br/confere/ultimas-noticias/2019/12/01/lula-mais-votado-confere.htm,0
10165,"

Rodrigo Pacheco responde a 23 processos no STF e, por isso, protegeu Alexandre de Moraes #boato 
",Boato – O senador Rodrigo Pacheco arquivou o pedido de impeachment do ministro Alexandre de Moraes porque responde a 23 processos no STF e tem rabo preso com a corte.,rodrigar otavio soar pacheco processo o bendizer stf ai perguntar esperar o d caro processo o stf esperar o o caro ta dever o mãe o pai dever almo parir o pessoal stfesse o processo rodrigar pacheco presidente senado responder perante o stf d enxurrar processo vcs achar prosseguimento o o impeatman alexandre morar acordar,política,26/08/2021,"
Edgard Matsuki ",https://www.boatos.org/politica/rodrigo-pacheco-responde-23-processos-stf-protegeu-alexandre-de-moraes.html,0
10166,"

Aspirina, suco de limão e mel curam a Covid-19 e decretam o fim do coronavírus #boato 
","Boato – Covid-19 não é um problema respiratório e pode ser curada com a combinação de aspirina, suco de limão e mel. É o fim da pandemia do coronavírus.",“ covid-19 descobrir o curar o problema respiratório e cardiologico descobrir autópsia médico italiano trata-se anticoagulante — caseiro aspirina dissolvido suco limão ferir mel tomar quentar ” “ coronavirus tratamento descobrir brasil 22/04/20 ” “ coronavirus curar nascer luzir túnel ”,saúde,24/04/2020,"
Kyene Becker ",https://www.boatos.org/saude/aspirina-limao-mel-curam-covid-19.html,0
10167,Gap cancela pedidos das próximas coleções por covid-19 e abala fornecedores  ,,o gap inc gigante mundo moda passar produção consequência pandemia coronavírus o varejista roupar unir incluir marcar gap banana republic e old navy pausar o produção coleções e outonar abalar fortemente o cadeia fornecedor combalir crise covid-19 informação site the business of fashion o gap pedir o fornecedor enviar pedir roupar pronto destinar vender online o medir deixar limbo país seriamente afetados pandemia e exportador roupar bangladesh vietnã camboja e indonésio loja o forçar vital negócio e o gente manter canal comércio eletrônico simplesmente conseguir suprir o fechamento loja explicar o gigante e-mail enviar o fornecedor o decisão gap inc marcar global criticar cancelar pedir e interromper pagamento o país dependente exportação roupar bangladesh o associação fabricante e exportador roupar país estimar bilião dólar pedir cancelar suspenso afetando milhão trabalhador,saúde,07/04/2020 09h35 ,07/04/2020 09h35 ,https://www.uol.com.br/universa/noticias/redacao/2020/04/07/gap-cancela-pedidos-das-proximas-colecoes-por-covid-19-e-abala-fornecedores.htm,1
10168,"

Eduardo Cunha faz delação premiada e cita 150 deputados, STJ, STF, PT e PSDB #boato 
","Boato – O ex-deputado Eduardo Cunha vai fazer uma delação premiada que será uma bomba atômica. Na proposta, ele cita 150 deputados, 14 togados do STJ e 2 do STF, caciques do PSDB e do PT e tem um capítulo só para Rodrigo Maia.",bomba atômica eduardo cunhar o proposto delação incluir deputar togar stj e togar stf frigorífico banco advogar e cacique psdb e pt prometer apresentar provar contar bancário paraíso fiscal incluir bélgica e emirado árabe o proposto delação anexo e recadar cunhar o o rodrigar maio presidente câmara -“tem capítulo delação ” cacicar apavorar o possibilidade fechamento acordar o o indicar ter-se-á verdadeiro caçar s bruxo …,política,07/04/2019,"
Edgard Matsuki ",https://www.boatos.org/politica/eduardo-cunha-delacao-premiada-deputados-stf-pt.html,0
10169,Países atrasam aplicação de 2ª dose da vacina; medida divide especialistas  ,,alarmar o disparar caso covid-19 e o surgimento variante infeccioso vírus país acelerar o aplicação dosar vacinar e adiar o assegurar imunidade parcial pessoa semana índio canadá finlândia e alemanha país anunciar estender o o o chanceler alemão angela merkel o dose imunizante tecnologia rna pfizer e moderno e adenovírus astrazeneca o intervalar chegar o brasil comedir o surgir defensor medir hoje o regime o semana dose — o adotado brasil vacinar pfizer e astrazeneca oxford e intervalar estender comparação o originalmente recomendar fabricante e avaliar teste clínico — dose,saúde,29/05/2021 04h00Atualizada em 31/05/2021 17h07 ,Guilherme Castelar,https://noticias.uol.com.br/saude/ultimas-noticias/redacao/2021/05/29/disparada-de-casos-e-variantes-fazem-paises-atrasarem-2-dose.htm,1
10170,"Times estão ""aterrorizados"" em apoiar retomada do futebol, diz Gary Neville  ",,o ex-jogador seleção inglesar gary neville acusar n domingo clube premier league aterrorizar perspectivo apoiar publicamente o planar retomar campeonato suspenso março dever pandemia coronavírus o premier league viver pesadelo matéria comunicação deixar falar o saudar e repetir dever recomeçar afirmar neville contar twitter respeitar aceitar o aumentar riscar sanitário preparar assumi-lo aterrorizar o morte completar o hoje comentarista emissor sky sports o o questionar seguidor twitter o acontecer casar alguém falecer neville ex-jogador manchester united responder ouvir presidente dono dirigente abrir o bocar apoiar o retomar,saúde,03/05/2020 10h41 ,03/05/2020 10h41 ,https://www.uol.com.br/esporte/ultimas-noticias/afp/2020/05/03/clubes-estao-aterrorizados-diante-da-ideia-de-apoiar-retomada-do-futebol-diz-gary-neville.htm,1
10171,"

Kwai libera cupons de bônus de R$ 150, R$ 250 e R$ 500 em site no WhatsApp #boato 
","Boato – O Kwai liberou cupons de bônus de R$ 150, R$ 250 e R$ 500. Para ganhar, é preciso entrar em um site e compartilhar um link com amigos no WhatsApp.",kwai cupons premiar presentar comemoração milhoes usuarios kwai fornecer brinde selecionamos aleatoriamente usuário e oferecer presente variar r$ o r$ 1/3 gostar kwai 2/3 o aplicativo amar irar baixar 3/3 ganhar presentar real real reaiskwai cupons premiar presentar parabém abrir caixa presentar parabém adivinhar certar prêmios r$ real reivindicar prêmios participar promoção vencer r$ real aceitar o presentar preciso ajudar o concluir o promoção compartilhar amigo whatsapp clicar ícone “ whatsapp ” abaixar terminar compartilhar clicar “ continuar ” obter o presentar compartilhar o barrir azul cheio,entretenimento,27/04/2021,"
Edgard Matsuki ",https://www.boatos.org/tecnologia/kwai-libera-cupons-bonus-r-150-r-250-r-500-site-whatsapp.html,0
10172,"Mais de 4,5 milhões de casos do novo coronavírus declarados no mundo  ",,"Mais de 4,5 milhões de casos do novo coronavírus foram declarados oficialmente no mundo, quase três quartos deles em Europa e Estados Unidos, segundo um balanço da AFP com base em fontes oficiais até as 20h30 GMT de hoje. Ao menos 4.503.811 casos de infecção, entre eles 305.424 mortes, foram registrados, principalmente na Europa, continente mais afetado, com 1.848.790 casos e 164.145 mortos, e nos Estados Unidos (1.432.045 casos, 86.851 mortos). O número de casos diagnosticados, no entanto, reflete apenas parte do número real de contaminações, porque muitos países testam apenas casos graves. Existem mais de cem projetos no mundo para tentar encontrar uma vacina contra o covid-19 e uma dezena de ensaios clínicos estão sendo realizados, cinco deles na China, para tentar encontrar um remédio para a doença.",saúde,15/05/2020 18h35 ,15/05/2020 18h35 ,https://noticias.uol.com.br/ultimas-noticias/afp/2020/05/15/mais-de-45-milhoes-de-casos-do-novo-coronavirus-declarados-no-mundo.htm,1
10173,Post mostra imagens de outras estradas para afirmar que o Exército arrumou a Transamazônica,,trecho gravação utilizar vídeo verificar br-230 autor imagem o exército informar o forçar concluir obrar rodovia transamazônica durante o governar bolsonaro,política,2020/07/31,Comprova,https://projetocomprova.com.br/publicações/post-mostra-imagens-de-outras-estradas-para-afirmar-que-o-exercito-arrumou-a-transamazonica/,0
10174,"
  A atriz Maria Flor não “abocanhou” R$ 10 milhões da Lei Rouanet","Publicações com mais de 41 mil compartilhamentos nas redes sociais afirmam que a atriz Maria Flor teria recebido mais de 10 milhões de reais pela Lei Rouanet durante os governos petistas. Essas alegações começaram a circular desde 25 de janeiro passado, dias após a atriz ter divulgado um vídeo em que pede o impeachment do presidente Jair Bolsonaro. A informação, entretanto, é falsa. Sua produtora, a Fina Flor Produtora de Filmes LTDA, na verdade captou pela Lei do Audiovisual 924 mil reais, valor muito inferior ao citado nas postagens.Envie-nos por WhatsApp Email","“ e o fino flor produção pertencer o senhor maria flor receber governar federal pequeno 10.473,871 coincidentemente ano e receber real governar federal e pedir o sair presidente bolsonaro gente governar o gente governar encher bolso dinheiro ” o texto imagem o foto atriz anexar o publicação compartilhar facebook instagram twitter youtube e site tuíte exibir matéria contribuir viralizar alegação conter capturar tela trecho diário oficial união d.o.u projetos fino flor produtor filme ltda aprovar captação base lei incentivar cultura acordar capturar tela d tuíte o somar valorar projetos aprovar ano e captação recurso totalizar r$ 9.853.817,59 o restante vir r$ 240.000,00 faturamento produtor supostamente declarar atriz capturar tela documentar datar e mostrar tuíte",brasil,4/02/2021 às 21:03,AFP Brasil,https://checamos.afp.com//atriz-maria-flor-nao-abocanhou-r-10-milhoes-da-lei-rouanet,0
10175,"Coronavírus: Mundo ultrapassa marca de 13 milhões de casos, diz OMS  ",,"o relatório recente oms organização mundial saudar informar o morto decorrência coronavírus o o redor mundo subir 574.464 o quantidade caso covid-19 confirmar oficialmente aumentar 13.150.645 caso compilar informação recebido organização 5h brasília dia julho e defasados o levantamento divulgar individualmente país fechar comedir dia haver aumentar 4.176 morte s informação divulgar considerar informação disponível o taxar global mortalidade caso confirmar coronavírus 4,3 período registrar oms país haver caso unir 58.720 índio 29.429 e brasil 20.286 n intervalar brasil índio e méxico registrar o morte",saúde,15/07/2020 19h02 ,15/07/2020 19h02 ,https://noticias.uol.com.br/ultimas-noticias/2020/07/15/coronavirus-balanco-da-oms-registra-13150645-casos-e-574464-mortes-no-mundo.htm,1
10176,"

China vai invadir o Brasil e Bolsonaro tenta agir rápido #boato 
","Boato – China já dominou o Brasil, comprou a Band, a Globo, vai invadir o país e o presidente Bolsonaro tenta agir rápido para impedir.",“ áudio grave – chino invadir o brasil bolsonaro agir rápido … o atenção voltar crise político o chino invadir o brasil e presidente bolsonaro agir rápido … ” “ olá amigo acompanhar canal dr news youtube voltar e o notícia estarrecedor o chino invadir o brasil e comprar o riqueza bolsonaro impedir acontecer tornar escravo d asiático n vídeo acelerar e o brasileiro idear poderoso tramar mostrar vídeo o governador joão dório revelar negociação o chino vender principal riqueza paulo e ninguém pedir inscrever canal dr news youtube caro milhão patriota defensor verdade fechar presidente jair bolsonaro mater e o população brasileiro ficar anestesiar bocar aberto frente tv notícia o coronavírus chinês comprar o tv band e o passar comprar o gigante tv globo dívida milionário e pagamento perder o concessão o chino auxiliá-los financeiramente conferir declaração governador joão dório o acordar pretender o chino cair o cabelar careca desestatização destacar rodovia ferrovia hidrovias e aeroport infraestrutura levar investidor chinês construtor banco e investidor levar oportunidade agronegócio lágrima paulo o o produção agrícola país diversidade o líder mundial açúcar e álcool etanol laranjo e suco laranjo estimar chinês pessoalmente profundar admirador chino crescimento desenvolvimento forçar trabalhar apreciar chinês gostar trabalhar e o presidente bolsonaro alertar o população riscar e acaso aproximar unir e israel o chino decidir colonizar o brasil e rapidamente comandar chinês e o chino brincadeira o mineradora s pagar 1.2 bilião itaminas e minar e brasil o chang grand group anunciar investir milhão dólar comprar terra nordeste brasil produzir soja o sony aplicar o milhão dólar fábrica guindaste e escavadeira interior paulista fácil entender interesse gigante chinês brasil o principal vendedor matéria-prima e o principal comprador produto asiático o único chinês dominar o planeta riqueza natural existir brasil unir japão país europeu parar o gigante asiático e falar n canal o o presidente jair bolsonaro abrir o economia e pandemia isolamento vertical e o brasil voltar o produzir novamente termo pequeno chance quebrar o economia e vir o escravo chinês fechar bolsonaro e desejar realmente ajudar o brasil compartilhar vídeo e inscrever n canal e junto ó e e ”,política,16/05/2020,"
Kyene Becker ",https://www.boatos.org/politica/china-invadir-brasil-bolsonaro-tenta-agir.html,0
10177,"

Americanas contrata pessoas para vendas online e dá notebook para quem compartilhar link no WhatsApp #boato 
","Boato – A Lojas Americanas está contratando pessoas para trabalhar de casa com vendas online e ainda dá o notebook. Para concorrer, é preciso entrar em um site e compartilhar um link com amigos no WhatsApp.","o demandar vender online contratar urgência vago disponível 2.300 vago salário r$ 1.740,00 mensal r$ 435,00 semanal fornecer o notebook interessar site]responda perguntar abaixar realmente interessar vago empregar responder perguntar abaixar preferir receber pagamento semanal mensal semanal r$ 450,00 mensal r$ 1.740,00 responder perguntar abaixar irar fornecer o notebook trabalhar preferir retirar receber casar preferir retirar preferir receberconfirme vago ultimar passar obrigatório preencher vago disponível precisar compartilhar oportunidade empregar e contatos whatsapp enviar famíliares e amigos!após compartilhar confirmar interessar e contratado(a compartilhar status procedimento obrigatorio",entretenimento,26/05/2020,"
Edgard Matsuki ",https://www.boatos.org/tecnologia/americanas-contrata-pessoas-vendas-online-notebook-compartilhar-link-whatsapp.html,0
10178,Caixa amplia horário das agências para atender auxílio emergencial  ,,o d segunda-feira agência caixa econômica federal ampliar o horário atendimento abertura antecipar horar unidade passar o funcionar período 8h s 14h dia abril 1.102 agência banco haver começar o funcionar n horário o caixa o idear desafogar o atendimento presencial e evitar aglomeração e filar frente s agência combater o disseminação coronavírus o banco tomar medir diminuir aglomeração unidade abrir agência atendimento essencial semana e feriar sábado agência funcionar exclusivamente sacar auxílio emergencial contar poupança social digital,saúde,04/05/2020 15h29 ,"Redação, O Estado de S.Paulo",https://economia.uol.com.br/noticias/estadao-conteudo/2020/05/04/caixa-amplia-horario-de-todas-as-agencias-para-atender-auxilio-emergencial.htm,1
10179,"Indonésia aprova uso emergencial da CoronaVac e diz que vacina teve 65,3% de eficácia em testes no país","Dados preliminares são da última fase de testes. No Brasil, eficácia foi de 78% para casos leves e de 100% contra mortes, casos graves e internações.","o indonésio aprovar n segunda-feira o emergencial coronavac o vacinar o covid-19 desenvolvido farmacêutico chinês sinovac o presidente país joko widodo receber o dosar preliminar teste fase país mostrar eficácia 65,3 o vacinar o autoridade indonésio alimento e medicamento bpom informar o encontrar caso covid detalhe país afetado covid-19 sudeste ásia 836.718 caso confirmar e 24.343 morte o indonésio comprar milhão dose coronavac o início campanha vacinação massa milhão dose disponível o coronavac testar brasil o paulo acordar comprar e transferência tecnologia vacinar o sinovac prever o instituto butantan fabricar o imunizante solo brasileiro",ciência, 11/01/2021 06h14 , Por G1 ,https://g1.globo.com/bemestar/vacina/noticia/2021/01/11/indonesia-diz-que-coronavac-teve-653percent-de-eficacia-em-testes-no-pais.ghtml,1
10180,Brasil bate recorde de média móvel de mortes pelo sétimo dia consecutivo e de casos pelo terceiro,,"o brasil bater dia consecutivo o recordar médio móvel morte 1.423 o cálculo o registrar semana 24h o país contabilizar 1.760 elevar 262.948 o total vidar perdido o coronavírus dia médio móvel morte covid-19 brasil 20h quarta-feira 75.337 caso notificar secretariar saudar totalizar 10.871.843 infectar sars-cov-2 o médio móvel 59.150 diagnóstico positivo o o início pandemia marcar batido dia seguir e o cálculo dia o médio móvel dia médio o dia e anterior comparar médio semana indicar haver tendência alto estabilidade quedo caso morte o cálculo recurso estatístico conseguir enxergar o tendência abafar o ruir causar finar semana o notificação morte reduzir escassez funcionário plantão e o df atualizaram vacinação o covid-19 n sexta-feira o país 7.941.173 pessoa receber o dosar imunizante o equivalente o 3,75 população brasileiro o dosar vacinar aplicar 2.611.071 pessoa 1,23 população nacional consórcio formar o globo extra g1 folhar s.paulo uol e o s. paulo e reunir informação secretariar estadual saudar divulgar diariamente 20h o iniciativo veículo mídia criar o inconsistência apresentar ministério saudar registrar repúdio falir “ comprar vacinar casar mãe ” brigar criança escola — afirmar donizette — fácil o vacinar disponível esquinar esforçar total município representar cercar milhão brasileiro população brasil estimar cercar milhão pessoa aderir o o consórcio prefeitura capitar país paulo rir janeiro belo horizonte recife salvador e portar alegrar fortalezar e manaus donizette afirmar o consórcio fabricante vacinar aprovar mercar internacional e o aprovação agência nacional vigilância sanitário anvisa brasil haver notícia imunizante aprovar algum país e rejeitar outro bolsonaro milhão vacinar pfizer chegar brasil afirmar o exato comentar tratativas o janssen ocorrer paralelo idiota rede social imprensar comprar vacinar casar mãe vender mundo — disparar o presidente o apoiadores uberlândia mg bolsonaro narrativo o gestão atual negacionista converso boi dormir apesar d voltar o criticar converso medir restritivo o lockdown adotado atualmente país conseguir conter o avançar pandemia portugal e alemanha",saúde, Publicado em  05/03/21 20:00 ,Bruno Alfano,https://extra.globo.com/noticias/coronavirus/brasil-bate-recorde-de-media-movel-de-mortes-pelo-setimo-dia-consecutivo-de-casos-pelo-terceiro-24912377.html,1
10181,"Sob tensão, CPI da Covid aprova pedidos de informação sobre atos do governo  ",,clima tensão senador o cpi covid aprovar hoje pedir informação atos governar federal pandemia covid-19 base sugestão relator renan calheiros mdb-al conjuntar colega o cpi covid definir hoje ações trabalhar o embater permanência relator renan calheiros o comissão investigar o atuação governar jair bolsonaro enfrentamento pandemia e o repassar recurso o o o requerimento aprovar hoje o vice-presidente cpi randolfe rodrigar rede-ap principal pedir informação referente o,política,29/04/2021 11h24Atualizada em 29/04/2021 13h08 ,Luciana Amaral e Lucas Valença,https://noticias.uol.com.br/politica/ultimas-noticias/2021/04/29/sob-tensao-cpi-da-covid-aprova-pedidos-de-informacao-sobre-atos-do-governo.htm,1
10182,G20: pagamento da dívida de países mais pobres será suspenso por 12 meses  ,,país pobre mundo preocupar pagamento dívida o credor oficiar g20 ano afirmar o ministrar saúde finanças mohammed al-jadaan n quarta-feira ministro finanças g20 e diretores banco centrar anunciar suspensão dívida reunião virtual n al-jadaan país pobre precisar preocupar pagar o o longo o iniciativo fornecer cercar us$ bilião liquidez imediato país pobre saudar e apoiar pessoa sofrer covid-19 afirmar o ministrar teleconferência,saúde,15/04/2020 12h48 ,15/04/2020 12h48 ,https://economia.uol.com.br/noticias/afp/2020/04/15/g20-pagamento-da-divida-de-paises-mais-pobres-sera-suspenso-por-12-meses.htm,1
10183,Como a animação 'The Midnight Gospel' nos ajuda a atravessar a pandemia  ,,planejamento resultar servir o mantra o contador formar direito leon fernandes entoar cliente buscar orientação perceber falir mundo exercer vidar o desenhar estalar referindo-se animação the midnight gospel netflix o série episódio estrear abril frutar parceria o produtor pendleton ward criador horar aventurar e o comediante norte-americano duncan trussell basear entrevisto real o ator conduzir podcast duncan trussell family hour episódio trazer especialista refletem filosofia orientar angústia existencial e o natureza realidade lidar ataque zumbir brigar titã ciumento e demônios viver bunda o desenhar cacofonia estímulo dissociar falir e imagem causar espiral vertigem o cérebro girar máquina lavar turbar — guiar ajudar o organizar o caos mental vencer estágio confusão recompensar conhecimento despertar sonolento consciência rede social o estrear brotar depoimento afirmar o série oferecer ferramenta lidar ignorar e temer tratar idear trabalhar durante o quarentenar,saúde,25/05/2020 04h00 ,Nathan Fernandes,https://tab.uol.com.br/noticias/redacao/2020/05/25/como-a-animacao-the-midnight-gospel-nos-ajuda-a-atravessar-a-pandemia.htm,1
10184,Site omite que pesquisa com vantagem para Bolsonaro foi feita apenas em SC,,"título artigo compartilhar bolsonaristas o facebook omitir umar pesquisar eleitoral apresentar vantagem parir o atual presidente feito santo catarino o o sul país representar 3,5 eleitorado brasileiro",política,2021-07-23,Comprova,https://projetocomprova.com.br/publicações/site-omite-que-pesquisa-com-vantagem-para-bolsonaro-foi-feita-apenas-em-sc/,0
10185,É #FAKE vídeo que mostra turbina de avião sugando cabelo de Trump durante entrevista,"Vídeo viral de 11 segundos termina com presidente americano careca. Imagem original, porém, mostra que entrevista continua e presidente americano não perde os cabelos.",circular rede social vídeo mostrar o presidente unir donald trump durante entrevisto o aeronave ligar o vídeo terminar o presidente subitamente careca cabelo sugar turbina avião o vídeo fake o vídeo original divulgar casar branco e jornal americano minuto e e n trump perder cabelo imagem feito novembro joint base andrews maryland montagem trecho vídeo trump questionar posturar s audiência o respeitar processar impeachment enfrentar,mundo, 25/11/2019, Por G1 ,https://g1.globo.com/fato-ou-fake/noticia/2019/11/25/e-fake-video-que-mostra-turbina-de-aviao-sugando-cabelo-de-trump-durante-entrevista.ghtml,0
10186,Pfizer planeja testar vacina de reforço para variante sul-africana da covid-19  ,,cientista graduar pfizer hoje o empresar envolvido converso intenso agência regulador testar versão reforçar vacinar coronavírus concebido especificamente variante altamente contagioso disseminar amplamente áfrico sul e phil dormitzer principal cientista vacinar virar pfizer entrevisto acreditar o vacinar atual desenvolvido o alemão biontech provavelmente proteger o variante preocupante descobrir primeiramente áfrico sul principalmente achar significar mudar vacinar principalmente aprender alterar o linhagem termo fabricação e especialmente resultar clínico,saúde,18/02/2021 15h19 ,Michael Erman,https://noticias.uol.com.br/saude/ultimas-noticias/reuters/2021/02/18/pfizer-planeja-testar-vacina-de-reforco-para-variante-sul-africana-da-covid-19.htm,1
10187,China tem 1.367 casos assintomáticos de coronavírus  ,,o chino anunciar hoje 1.367 caso assintomático coronavírus somar o 81.554 contágio registrar o o publicar o pessoa atualmente positivo manifestar febre e tossir característico covid-19 o assintomático flutuar dia levar consideração o pessoa justamente apresentar sintoma detectar submetido o exame portador saudável transmitir o vírus acordar o ministério saudar horar o chino registrar morte o elevar o balançar oficial o 3.312 o nacional 2.004 pessoa oficialmente enfermo covid-19,saúde,01/04/2020 06h48 ,01/04/2020 06h48 ,https://noticias.uol.com.br/saude/ultimas-noticias/afp/2020/04/01/china-tem-1367-casos-assintomaticos-de-coronavirus.htm,1
10188,"Após entrega de insumos, Fiocruz retoma hoje produção de vacinas   ",,o produção imunizante oxford astrazeneca retomar hoje fundação oswaldo cruz rir janeiro o instituição receber remessar ifa ingrediente farmacêutico ativo ministério saudar insumo chegar n sábado o produzir cercar milhão dose vacinar o fabricação imunizante haver interrompido quinta-feira o planejamento fiocruz insumo amparar o produção vacinar o semana junho e entregar o dia julho,saúde,25/05/2021 10h59Atualizada em 25/05/2021 15h38 ,25/05/2021 10h59Atualizada em 25/05/2021 15h38 ,https://noticias.uol.com.br/saude/ultimas-noticias/redacao/2021/05/25/vacina-fiocruz-retomda.htm,1
10189,"
  A “vacina chinesa” cujos ensaios foram suspensos no Peru não é a CoronaVac, testada em São Paulo","Uma imagem do governador de São Paulo, João Doria, segurando uma dose da vacina contra a covid-19 da farmacêutica chinesa Sinovac Biotech foi compartilhada milhares de vezes nas redes, desde meados de dezembro,  junto à informação de que o Peru suspendeu os testes “da vacina chinesa”. O texto das publicações é verdadeiro, mas sem o contexto adequado pode passar uma ideia enganosa: a dose cujos estudos foram suspensos no Peru não é da CoronaVac, testada em São Paulo, mas de um imunizante de outra companhia fundada na China.Envie-nos por WhatsApp Email",“ urgente peru o testar vacinar chinês causar paralisia perna ” o texto associar o foto joão doria postagens compartilhar facebook o dia dezembro publicação circular doria anunciar dia o vacinar desenvolvido sinovac biotech parceria o instituto butantan começar o aplicar paulo janeiro apesar imunizante contar o aprovação agência nacional vigilância sanitário anvisa usuário atribuir explicitamente o informação interrupção teste vacinar testar paulo “ vacinar coronavac deixar pessoa paralítico voluntário tomar o vacinar efeito paralítico ” postagens,brasil,14/12/2020 às 21:37,AFP Brasil,https://checamos.afp.com//vacina-chinesa-cujos-ensaios-foram-suspensos-no-peru-nao-e-coronavac-testada-em-sao-paulo,0
10190,"

Governos e prefeituras do PT do Nordeste contrataram máquina para destruir asfalto feito pelo Exército #boato 
",Boato – Vídeo mostra momento em que máquina contratada por governos e prefeituras do PT no Nordeste destrói asfalto de estrada construída pelo Exército Brasileiro.,governo e prefeitura pt nordeste contratar máquina acabar o asfaltar exército brasileiro abrir buraco estrar federar nordeste feito recentemente exército destruir o imagem militar p feito e destruir o governar bolsonaro o estrar asfaltar o máfia ptralha sabotar o governar bolsonaro passar chegar o o governar,política,13/11/2019,"
Edgard Matsuki ",https://www.boatos.org/politica/governos-prefeituras-pt-nordeste-contrataram-maquina-destruir-asfalto.html,0
10191,Texto leva a conclusão equivocada ao ignorar ineficiência de medidas defendidas por Bolsonaro na pandemia,,publicação o presidente repúblico responsabilizar morte covid-19 medir defendido adotadas haver comprovação científico ações eficiência o pandemia,saúde,2020/08/13,Comprova,https://projetocomprova.com.br/publicações/texto-leva-a-conclusao-equivocada-ao-ignorar-ineficiencia-de-medidas-defendidas-por-bolsonaro-na-pandemia/,0
10192,Nova Zelândia vê frete refrigerado como origem de novos casos de covid-19  ,,autoridade zelândia suspeito principal o origem caso interno covid-19 anunciar provocar hoje o início período lockdown auckland cidade país o hipótese provável o vírus importar atividades fretar refrigerar o surtir confundir o governar neozelandês vir obter sucesso objetivo zerar o contaminação interno o país chegar o ficar dia casar internar n período pessoa chegar o diagnóstico positivar infecção coronavírus voltar viagem e ficar quarentenar retornar zelândia trabalhar durar juntar pedir d quebra-cabeça família contaminar ashley bloomfield diretor-geral saudar neozelandês referência o o fato infectar família pessoa contaminar trabalhar unidade neozelandês empresar norte-americana americold especialista armazenamento refrigerar o suspeito o vírus chegar base empresar auckland outro país o coronavírus permanecer ativo ambientar refrigerar,saúde,12/08/2020 08h45 ,12/08/2020 08h45 ,https://noticias.uol.com.br/internacional/ultimas-noticias/2020/08/12/nova-zelandia-novos-casos-origem-frete-refrigerado.htm,1
10193,Guedes pede a Maia e Alcolumbre que Congresso vote propostas para 'blindar' economia brasileira,"Ministro da Economia enviou ofício a presidentes da Câmara e do Senado nesta terça. Reformas vão permitir 'concessão de outros estímulos à economia', diz Guedes.",crise internacional e consequência coronavírus mercar o ministrar economia paulo guedes enviar noite d terça-feira ofício o presidente câmara e senado pedir o aprovação proposto prioritário pautar econômica projetos lei medir provisório e proposto emendar constituição o documentar obter exclusividade tv globo pedir o o deputar rodrigar maio dem-rj e o o senador davi alcolumbre dem-ap guedes afirmar proposto atender “ necessidade blindagem economia brasileiro ” frente o o atual cenário econômico trata-se matéria infraconstitucionais tramitação e extremamente relevante resguardar o economia país aumentar o segurança jurídico negócio e atrair investimento guedes ofício proposto íntegro lista abaixar o autonomia banco central o privatização eletrobrás o medir provisório programar amarelar e marco legar gás setor elétrico saneamento básico ferrovia e concessão,política, 10/03/2020 21h15 ," Por Yvna Sousa, TV Globo — Brasília ",https://g1.globo.com/politica/noticia/2020/03/10/guedes-pede-a-maia-e-alcolumbre-que-congresso-vote-projetos-para-blindar-economia-brasileira.ghtml,1
10194,Coronavírus: Termômetro infravermelho não é prejudicial ao cérebro  ,,recentemente circular aplicativo mensagem alertar perigo tecnologia combater o o coronavírus verdadeiro o falso mensagem tratar casar real criança machucar olho o o entrar indevidamente equipamento raio ultravioleta uv supermercado o desinformar o o afirmar termômetros infravermelho o nervoso atribuir o suposto enfermeiro australiano deslegitimar termômetros infravermelho parecer armar e prejudicial o o cérebro o verdade tarefar medir e registrar o temperatura pessoa o centrar testo armar termômetro puxar o gatilho esperar bipe e registrar o temperatura dessensibilizar o o direcionarmos cabeça e causar problema saudar potenciar o o raiar infravermelho o glândula pineal questionar o suposto enfermeiro,saúde,17/08/2020 22h40 ,Lucas Borges Teixeira,https://noticias.uol.com.br/confere/ultimas-noticias/2020/08/17/coronavirus-termometro-infravermelho-nao-e-prejudicial-ao-cerebro.htm,1
10195,"Em um dia, 600 mil franceses baixam aplicativo para rastrear novo coronavírus",Iniciativa teve apoio do governo da França. Especialistas estimam que 60% das pessoas no país precisariam ter acesso ao dispositivo para que ela seja eficaz.,"Cerca de 600 mil franceses baixaram em menos de 24 horas o aplicativo de celular criado na França para rastrear possíveis contágios com o novo coronavírus, afirmou nesta quarta-feira (3) o ministro encarregado de assuntos digitais, Cédric O.  Os aplicativos de rastreamento do coronavírus são considerados uma ferramenta vital para frear a propagação da Covid-19, que matou quase 29 mil pessoas na França.  Os governos de todo o mundo desenvolveram aplicativos, por conta própria ou com a ajuda de empresas privadas como Apple e Google, que se uniram para fornecer programas de rastreamento compatíveis entre seus telefones.  Muitos utilizam a tecnologia bluetooth que permite aos celulares ""ver"" se uma pessoa entrou em contato próximo com alguém que testou positivo para o vírus, assumindo que a pessoa infectada introduziu o diagnóstico no aplicativo.",política, 03/06/2020 17h42 , Por France Presse ,https://g1.globo.com/bemestar/coronavirus/noticia/2020/06/03/em-um-dia-600-mil-franceses-baixam-aplicativo-para-rastrear-novo-coronavirus.ghtml,1
10196,"

Bolsonaro pede que eleitores ignorem os partidos vermelhos anti-brasileiros #boato 
",Boato – Bolsonaro escreveu um texto pedindo que as pessoas ignorem os partidos vermelhos e evitem fazer eco para eles na internet.,orientação presidente jair bolsonaro anti-brasileiros vermelho planejam realizar manifestação o brasil o principal finalidade o provocação gerar o descrédito autoridade e perturbar o ordem brasileiro filmar evento repassar o receber encaminhar ninguém apagar o propaganda vermelho force-os o propaganda si quebrar o redar difusão discutir criar eco ignore-os redar comentários.as rede social funcionar mídia divulgação o permitir trate-os existir ganhar forçar contraponto discussão divulgação e encaminhamento mensagem cair armadilhar disseminar o ódio e quebrar o deus o país o família e valorar nenhum sentido.não eco cair si ignore-os repassar mensagem rede social brasil acima deus acima,política,,"
Hellen Bizerra ",https://www.boatos.org/politica/bolsonaro-ignorem-partidos-vermelhos.html,0
10197,"Brasil tem 137.272 mortes por coronavírus, diz Ministério da Saúde","Em 24 horas, foram incluídos 377 registros de mortes no balanço.",o ministério saudar divulgar n segunda-feira recente balançar morte e caso covid-19 principal d o ministério saudar 533.597 paciente acompanhamento e 3.887.199 recuperar,saúde, 21/09/2020 19h00 , Por G1 ,https://g1.globo.com/bemestar/coronavirus/noticia/2020/09/21/brasil-tem-137272-mortes-por-coronavirus-diz-ministerio-da-saude.ghtml,1
10198,"UOL Debate reúne especialistas para discutir, ao vivo, reflexos da pandemia  ",,o uol lançar hoje s 17hs uol debater série especial programar transmissão o o viver discutir o assunto relevante o pandemia coronavírus e amplo gamo consequência vidar o aspecto inédito projeto convidar reunir videoconferência respeitar exigência isolamento social o classe médico reagir o o coronavírus o temer estrear casar e consultório nome medicinar brasil trazer tonar desafio profissional saudar enfrentar repercutir o eficácia medir contenção propagação vírus imposto sociedade apresentar perspectivo semana aguardar o picar internação hospitalar e discutir o aposto protocolo tratamento confirmar o episódio o converso mediação jornalista christiane segatto profissional especializar saudar e colunista vivabem uol,saúde,27/03/2020 11h06 ,27/03/2020 11h06 ,https://economia.uol.com.br/noticias/redacao/2020/03/27/uol-debate-reune-especialistas-para-discutir-ao-vivo-reflexos-da-pandemia.htm,1
10199,"Ministério assina contrato para 10 milhões de doses da Sputnik, vacina russa contra a Covid-19","Cronograma prevê 400 mil doses em abril, 2 milhões em maio e 7,6 milhões em junho. Atual contrato ainda não trata de produção nacional em parceria com a União Química.",o ministério saudar assinar n sexta-feira contratar comprar milhão dose sputnik v vacinar o covid-19 desenvolvido instituto russo gamaleya o anúncio ministério ocorrer dia governador e prefeito anunciar acordo fornecimento dose cronograma prever ministério o vacinar contar aval agência nacional vigilância sanitário anvisa responsável imunizante precisar realizar o pedir emergencial apoiar o comercialização país russo firmar parceria o farmacêutico brasileiro união químico acordar o ministério o união químico afirmar pretender fabricar o imunizante brasil fábrica paulo e distrito federal,ciência, 12/03/2021 15h21 , Por G1 ,https://g1.globo.com/bemestar/vacina/noticia/2021/03/12/ministerio-da-saude-assina-contrato-para-compra-de-10-milhoes-de-doses-da-vacina-sputnik.ghtml,1
10200,"

Padre Fábio de Melo escreve texto com pedido de oração para as próximas 24 horas #boato 
",Boato – O padre Fábio de Melo escreveu um texto em que pede oração de proteção contra Covid-19 para as próximas 24 horas (48 horas por conta dos fusos horários).,padrar fabio melar amar irmão e irmão familiar … enfim … viver difícil importar o religião achar ler mensagem o ninguém minuto hoje o planeta ecoar diverso horário o oração o acontecer o covid voltar forçar total horar definir 24h prece transformar 48h contar fuso horários.você o oração abaixar e mandar o mensagem pessoa continuar oração .. oração humanidade orar junto “ fortaleça-me senhor acompanha-me senhor proteja-me senhor cubra-me precioso sangue senhor jesus o senhor rocha escudar forçar amar precisar ti proteja-me vírus ameaçar o vidar humano proteger ente querido proteger o humanidade e trazer saudar o doente senhor jesus unir irmão rogar misericórdia infinito permitir o covid-19 casar colocar anjo o o redor casar refugir o família santo nome e vivo o palavra.oremos junto salmo versículo e “ nenhum atingir desgraçar algum chegar morar o anjo ordem o respeitar proteger ” amém!pai céu santificar o nome vir o o reinar feito o vontade terra céu o pão dia hoje perdoar ofenso perdoar o ofender e deixar cair tentação livrai-nos o reinar o e o glória amém!amado senhor agradeço-te saudar família alimentar telhar descansar e principalmente dia vidar o o pessoa amar abençoar senhor o família amigo ente querido e o pessoa conhecer precisar ti abençoar senhor o mundo e banha-nos abençoar misericórdia e infinito perdoar acreditar ti e zombar palavra permitir senhor o morte doença silencioso levar pessoa inocente feito o santo vontade.abençoa e proteje médico enfermeiro policiar forçar armar bombeiro e trabalhador ordem soberano sair dia salvar vidar devolva-os saudável e salvo s casar senhor abençoar infinito misericórdia ler mensagem pedir nome filhar amar jesus amém copiar e enviar o amigo orar junto missãohápoderdedeus,entretenimento,08/03/2021,"
Edgard Matsuki ",https://www.boatos.org/religiao/padre-fabio-de-melo-escreve-texto-pedido-oracao-para-proximas-24-horas.html,0
10201,"

Governador do DF (Brasília), Ibaneis Rocha, fica bêbado, cai e arma confusão em hospital #boato 
","Boato – O governador do DF (Brasília), Ibaneis Rocha, ficou bêbado, caiu e armou uma confusão em um hospital. Ele levou 15 pontos na cabeça, reclamou de tudo e foi arrogante com os funcionários, sendo preciso mobilizar a segurança para contê-lo.",brasília vergonha governador chegar completamente embriagar carregar segurança hospital brasília horar levar cabeça reclamar o noite inteiro ar condicionar reclamar mobiliário passar o noite arrogante estupido educar e arrogante funcionário hospital … mobilizar esquema segurança vestir história d hospital conte- o verdade mau elemento alcoólatra encher o caro trabalhar e despesa cofre público distrito federal cachaceiro o governador brasilia vergonha,política,,"
Raiane Gonoli ",https://www.boatos.org/politica/ibaneis-rocha-bebado-cai-e-arma-confusao-hospital.html,0
10202,É #FAKE foto de Trump e Kim Jong-un em pista de skate,"Imagem foi manipulada a partir de foto real, tirada em 30 de junho, quando Trump cruzou a fronteira e se tornou o primeiro presidente dos EUA a pisar em solo norte-coreano.",circular rede social imagem presidente unir donald trump o pé skate o ditador coreia norte kim jong-un o convidar o pistar manobrar o imagem fake o imagem trump o pé skate manipular o imagem real feito junho o meme reproduzir centena internet ocasião trump e kim jong-un encontrar zonar desmilitarizar coreias norte e sul simbólico apertar mão trump cruzar o fronteiro e tornar o presidente unir o pisar solo norte-coreano,mundo, 23/07/2019, Por G1 ,https://g1.globo.com/fato-ou-fake/noticia/2019/07/23/e-fake-foto-de-trump-e-kim-jong-un-em-pista-de-skate.ghtml,0
10203,"Conta de luz: Bolsonaro diz que Tarifa Social teve R$ 250 bi, mas foram R$ 900 mi  ",,o presidente jair bolsonaro contar twitter divulgar ações governar combater o efeito pandemia coronavírus país acabar inflar valorar destinar o o programar tarifar social desconto contar luzir família render o ministério economia destinar r$ milhão o o programar o presidente citar r$ bilião o postagem bolsonaro n terça-feira seriar r$ bilião liberar cobrir desconto programar tarifar social garantir descontar família render contar luzir início abril o governar editar medir provisório mp prever o tesourar ajudar o pagar o contar luzir pessoa render o consumir kwh prático família descontar e acordar regrar programar tarifar social passar n o descontar desconto adicionar bancados o aportar tesourar r$ milhão,saúde,19/05/2020 10h06 ,Idiana Tomazelli,https://economia.uol.com.br/noticias/estadao-conteudo/2020/05/19/conta-de-luz-bolsonaro-diz-que-tarifa-social-teve-r-250-bi-mas-foram-r-900-mi.htm,1
10204,"
  Protesto da polícia francesa contra declarações do ministro do Interior é tirado de contexto ","Um vídeo em que várias pessoas, algumas fardadas e portando armas, jogam algemas no chão, acompanhada da alegação de que policiais franceses militares e civis decidiram ficar “ao lado da população” e não fechar comércios, foi compartilhada mais de 285 mil vezes nas redes sociais desde o último dia 1º de abril. Mas isso é falso. Na gravação de junho de 2020, um homem explica que se trata de um protesto em reação aos comentários feitos pelo então ministro do Interior Christophe Castaner.Envie-nos por WhatsApp Email","“ frança policiar militar e policiar civil decidir favorecer o globalista e ficar o o população fechar comércio e recolher mercadoria cidadão decidir rasgar direito constitucional pátrio ” indicar legendar publicação conter o sequência minuto visualizar 2,7 milhão facebook instagram twitter e youtube alegação semelhante circular rede sérvio alemão e espanhol postagens referência s ações tomar país o frança conter o propagação covid-19 o fechamento estabelecimento comerciar essencial e o realização quarentenar população alvo protesto o argumentar “ ditadura ” restrição sanitário",saúde,6/04/2021 às 21:48,"Katarina Subasic, AFP Belgrado",https://checamos.afp.com//protesto-da-policia-francesa-contra-declaracoes-do-ministro-do-interior-e-tirado-de-contexto,0
10205,Veja a situação da covid-19 nos estados nesta sexta (30)  ,,2.870 morte covid-19 registrar horar o brasil alcançar 404.287 óbito o início pandemia obtido consórcio veículo imprensar o uol juntar s secretariar estadual saudar dia morrer médio 2.523 pessoa dia complicação infecção coronavírus brasil o 100º dia consecutivo médio móvel acima haver dia março o índice manter acima região brasileiro o médio móvel morte considerar estável nordeste -3 norte -13 sudeste -14 e sul -14 região centro-oeste o médio apresentar tendência quedo -27 o brasil apresentar índice considerar estável -13 variação dia,saúde,30/04/2021 20h32 ,30/04/2021 20h32 ,https://noticias.uol.com.br/saude/ultimas-noticias/redacao/2021/04/30/veja-a-situacao-da-covid-19-nos-estados-nesta-sexta-30.htm,1
10206,"Em ritmo de treino, Fla bate o Boavista e pode ser campeão antecipado  ",,o o flamengo jorge jesus voltar o melhorar dia atuação maracanã vaziar o rubro-negro vencer o boavista o gols pedrar e gerson e reinar absoluto campeonato carioca.apesar equipar bacaxá vice-campeã turno o fla aproveitar o treinar luxar reservar e variar formato o vitória o fla classificar colocar o garantir o melhor campanha estadual vencer o taça rir unificar turno e sagrar campeão carioca 36ª vez.time futebol bonito américa sul o chegar técnico português ano passar o flamengo mostrar o pausar o pandemia coronavírus azeitar o máquina o time começar o jogar desenvolto trocar passe e constante movimentação rafinha éverton ribeiro e pedrar comandar o equipe.nos minuto o rubro-negro criar chance gol bonito d o lateral-direito invadir o balão marcador e rolar o capitão bater forte lindo defeso klever.após perder oportunidade pedrar abrir o placar o o camisa aproveitar escorar gerson cruzamento e tocar sair goleiro boavista o voltar o etapa o fla seguir ritmar coletivo triangulação seguir funcionar e o gerson soltar foguete ampliar lindo jogar trabalhar o vantagem placar o rubro-negro diminuir o marchar o equipar seguir soberano jorge jesus -- haver trocar everton ribeiro michael -- mudança colocar diego vitinho pedrar rocha e thiago maio vago pedrar gerson arrascaeta e willian arão.a equipar criar chance o veloz atacar formar michael pedrar rocha vitinho e brunir henrique converter gol,saúde,01/07/2020 23h23 ,Léo Burlá,https://www.uol.com.br/esporte/futebol/ultimas-noticias/2020/07/01/flamengo-x-boavista.htm,1
10207,Governadores tentam articular pacto nacional para conter avanço da covid-19  ,,"rir janeiro brasília reuters epidemiar covid-19 avançar mundo atualmente e recordar morte dia o início surtir brasil governador articular pacto nacional conter o avançar descontrolar doença antar o ritmar lentar vacinação e o circulação variante país o brasil registrar semana epidemiológico encerrar semana 1.443 morte dia aumentar 31,6 antar médio 1.096 morte diário picar pandemia julho ano passar ressaltar o agravamento situação país contramão ocorrer mundo país afetados covid morte recuar o avançar vacinação especial unir — país concentrar o óbito — brasil o óbito disparar 10.100 semana passar medir o imunização caminhar o passo lento",saúde,08/03/2021 12h13Atualizada em 08/03/2021 12h22 ,Pedro Fonseca e Ricardo Brito,https://noticias.uol.com.br/ultimas-noticias/reuters/2021/03/08/apos-pior-semana-de-mortes-por-covid-governadores-buscam-pacto-nacional-para-deter-escalada.htm,1
10208,Sindicato das escolas particulares de SP entra com recurso por volta às aulas  ,,o sieeesp sindicato estabelecimento ensinar paulo entrar hoje recurso justiçar o voltar s aula escola particular capital permitir setembro sexta-feira o tj-sp tribunal justiçar paulo negar pedir liminar sindicato o retomar atividades colégio acordar o planar paulo município região haver dia fase amarelo autorizar o reabrir escola opcional o decisão depender aval prefeitura o fixar o datar retornar dia outubro o prefeito paulo brunir cova psdb anunciar retomar aula capital setembro o sindicato cova impedir o retornar escola particular cidade caráter parcial e opcional conformar o planar retornar s aula governar,saúde,25/08/2020 18h02 ,Júlia Marques,https://educacao.uol.com.br/noticias/agencia-estado/2020/08/25/sindicato-das-escolas-particulares-de-sp-entra-com-recurso-por-volta-as-aulas.htm,1
10209,Toffoli não visitou Lula na prisão; Gilmar Mendes ligou para ex-presidente  ,,juiz visitar condenar cadeia o questionamento mensagem acusar ministro stf supremo tribunal federal dia toffoli e gilmar mendes respectivamente visitar e telefonar o ex-presidente luiz inácio lula silvar presar polícia federal curitiba o imagem circular mensagem suposto capar revisto o manchete gilmar mendes ligar lula toffoli visitar lula e foto presidente stf o o fundir compartilhamentos rede social internautas questionar o trocar mensagem o juiz sergio morar e deltan dallagnol procurador java latir seriar antiéticas e visitar toffoli o lula o informação envolver o presidente stf falso haver visitar toffoli e o imagem capar montagem,política,02/07/2019 04h01 ,Lucas Borges Teixeira,https://noticias.uol.com.br/confere/ultimas-noticias/2019/07/02/toffoli-nao-visitou-lula-na-prisao-mendes-telefonou-ao-ex-presidente.htm,0
10210,Atendimento odontológico recebe incentivo de mais R$ 128 milhões para retomada segura,,"Para continuar o esforço de retomar os atendimentos odontológicos pelo Sistema Único de Saúde (SUS) com segurança, em razão da Covid-19, o Ministério da Saúde liberou R$ 128,4 milhões, , por meio das Portarias nº 3.391, n°3.389 e nº 3.473, publicadas no Diário Oficial da União (DOU) no mês de dezembro, a última delas nesta sexta-feira (18/12). Os recursos serão destinados às equipes de saúde bucal (eSB) e aos Centros de Especialidades Odontológicas (CEO) de municípios em todo o país, beneficiando milhões de brasileiros. A lista dos municípios que receberam os incentivos financeiros consta nas portarias. O incentivo financeiro federal chegará para 27.380 equipes de saúde bucal em 4.987 municípios de todos os 26 estados do Brasil e Distrito Federal. Ao todo são R$ 95.145.500,00 pagos em parcela única, que colaboram na estruturação e adequação dos ambientes de assistência odontológica na Atenção Primária à Saúde. O restante dos recursos - R$ 33.274.961,00 – auxiliará aos municípios, estados e o Distrito Federal na adaptação dos 1.151 CEOs, já que os atendimentos nestes centros ficaram limitados dentro do contexto da pandemia.",saúde,18/12/2020 16h54, ,https://www.gov.br/saude/pt-br/assuntos/noticias/atendimento-odontologico-recebe-incentivo-de-mais-r-29-milhoes-para-retomada-segura,1
10211,É #FAKE que Nasa fez alerta de que rotação da Terra em 'perfeito equilíbrio' permitiu que vassouras ficassem em pé,Mensagens em redes sociais atribuem explicação para 'fenômeno' à agência espacial norte-americana. Nasa teve de postar um vídeo mostrando que texto é falso. Astrofísico também afirma que boato que se espalhou não tem sentido.,"circular rede social mensagem manter vassourar pé nenhum comedir fevereiro o planeta terra alcançar rotação perfeito texto atribuir explicação nasa o agência espacial norte-americana mensagem fake o alcançar mundial chamar atenção nasa perfil twitter colocar vídeo o astronauta alvin drew e o cientista sarah noble colocar vassourar pé e explicar o físico básico funcionar dia ano e fevereiro o vídeo 355,6 visualização o desafiar vassourar gerar milhar posts rede social e inspirar reportagem e memes",entretenimento, 11/02/2020," Por Roney Domingos, G1 ",https://g1.globo.com/fato-ou-fake/noticia/2020/02/11/e-fake-que-nasa-fez-alerta-de-que-rotacao-da-terra-em-perfeito-equilibrio-permitiu-que-vassouras-ficassem-em-pe.ghtml,0
10212,"

Doria sucateou Ceagesp para privatizar e vender para a China #boato 
","Boato – João Doria sucateou o Ceagesp para poder privatizar e vender para a China. Bolsonaro, que acabou com o cabide de empregos, nomeou um coronel da Rota e evitou tudo.",bolsonaro nomear cel roto pra presidir o ceagesp falar n e pessoalmente visitar simples dório sucateando o órgão pra desvalorizar e privatizar pros chinês … novelar contar e permitir “ acesso s verdade ” né adivinhar história o redar esgotar televisão e mídias vendido divulgar claro cidadão caber o divulgar verdade o direito o verdade libertar o escuridão ignorância reconhecimento,política,18/12/2020,"
Edgard Matsuki ",https://www.boatos.org/politica/doria-sucateou-ceagesp-para-privatizar-e-vender-para-a-china-boato.html,0
10213,É #FAKE que ex-delegado revelou em livro que Lula disse ter cortado o dedo para não ter de trabalhar,"Livro de Tuma Jr. sobre ex-presidente não contém a declaração que circula em redes sociais. Segundo o ex-delegado, Lula jamais disse a ele tal frase. ",circular rede social mensagem o ex-delegado romeu tuma revelar livrar assassinato reputação ouvir ex-presidente luiz inácio lula silvar cortar o dedo trabalhar procurar equipar fato fake tuma jr afirmar pronunciar frase e constar livro assassinato reputação crime e assassinato reputação lavar jato o post circular internet descrever declaração livrar o declaração falso ouvir lula dops beber noite e confessar precisar anestesiar cortar o dedo haver tomar cachaça,política, 18/06/2019, Por G1 ,https://g1.globo.com/fato-ou-fake/noticia/2019/06/18/e-fake-que-ex-delegado-revelou-em-livro-que-lula-disse-ter-cortado-o-dedo-para-nao-ter-de-trabalhar.ghtml,0
10214,"

MP acaba de pedir prisão de Wilson Witzel, governador do Rio de Janeiro #boato 
",Boato – O Ministério Público (MP) acabou de pedir a prisão do governador do Rio de Janeiro Wilson Witzel ao STJ. O Palácio Guanabara está pegando fogo.,prisãoooo … entender pedir prisão 15/05/20 mp acabar pedir prisão julgamento wilson witzel o o stj desesperar palácio pres alerj o palácio aguardar todopoderemanadopovo jaircadavezmaisforte fechadoscombolsonaro afaxinacontinuamp acabar pedir o prisão déspota covarde ladrão wilson witzel palácio ta fogo apesar chuva pedir prisão mp acabar pedir prisão julgamento wilson witzel o o stj desesperar palácio pres alerj o palácio aguardem!pedido prisão o governador rir mp ministério público acabar pedir o prisão julgamento governador wilson witzel o o stj desesperar palácio o presidente alerj o palácio gaiola,política,15/05/2020,"
Edgard Matsuki ",https://www.boatos.org/politica/mp-acaba-pedir-prisao-wilson-witzel-governador-rio-de-janeiro.html,0
10215,Governo muda cronograma e prevê chegada de 400 mil doses da Sputnik V ainda em março,"Contrato é de R$ 639,96 milhões; entrega será escalonada até maio, segundo Ministério da Saúde. Vacina ainda não foi aprovada pela Agência Nacional de Vigilância Sanitária.","o ministério saudar anunciar n quarta-feira prever o chegar dose vacinar sputnik v desenvolvido rússia o covid-19 março o brasil receber o o maio milhão dose vacinar o pastar o vacinar aprovar agência nacional vigilância sanitário anvisa o pastar o negociação processar tratativas finar o comprar vacinar o contratar r$ 639,6 milhão o previsão anunciar n mudança o o cronograma anterior prever dose abril e o entregar junho o ministério afirmar entretanto o datar sofrer mudança",ciência, 03/03/2021 13h56 , Por G1 ,https://g1.globo.com/bemestar/vacina/noticia/2021/03/03/governo-400-mil-doses-da-sputnik-v-marco.ghtml,1
10216,Governo de SP diz que ainda não recebeu o kit intubação do governo federal  ,,"o governar paulo receber medicamento o kit intubação chegar chino e doar o o governar federal o ministério saudar prometer abastecer estoque acabar dia o ministério comprar 2,3 milhão medicamento intubação orotraqueal o paulo receber 407.507 medicamento quantidade insuficiente e durar dia o demandar 3,5 milhão ... ler íntegro g1",política,16/04/2021 13h37 ,16/04/2021 13h37 ,https://noticias.uol.com.br/colunas/reinaldo-azevedo/2021/04/16/governo-de-sp-diz-que-ainda-nao-recebeu-o-kit-intubacao-do-governo-federal.htm,1
10217,É #FAKE que gravação em hospital mostre ‘teatro da Covid-19’ no Ceará,"Imagens são, na verdade, de hospital em Israel. Cenas foram feitas para vídeo promocional.",circular rede social vídeo reunir imagem governador cear camilo santana pt e interior hospital aparecer fotógrafo e encenação atendimento médico texto acompanhar o vídeo costumar o frase teatro covid e sugerir o episódio forjar governador o objetivo simular o gravidade pandemia imagem verdade mostrar encenação cear trata-se vídeo centrar médico shamir hospital universitário israel imagem hospital vídeo desinformativo circular país europeu alemanha e bósnio o teor e verificar iniciativo fact-checking estrangeiro indício roupar profissional saudar aparecer imagem inscrição hebraico d encontrar imagem espaçar hospital vídeo oficial centrar médico shamir youtube publicar novembro o pedir localizar site bósnio raskrikavanje e agência checagem fato alemanha dpa o o portar público hospital afirmar o gravação feito vídeo promocional demonstração o estacionamento unidade transformar enfermaria,saúde, 24/03/2021," Por Marlen Couto, O Globo ",https://g1.globo.com/fato-ou-fake/coronavirus/noticia/2021/03/24/e-fake-que-gravacao-em-hospital-mostre-teatro-da-covid-19-no-ceara.ghtml,0
10218,Minas Gerais estuda criar mil leitos para atender pacientes com covid-19  ,,o minar gerar criar leito atender paciente infectar coronavírus o centrar exposição e congresso expominas belo horizonte locar hospital temporário o governador minar gerar romeu zema entrevisto rádio itatiaia zema afirmar locar analisar possibilidade atender o paciente covid-19 doença respiratório causar vírus analisar locar belo horizonte e valer lembrar precisar locar interior feito análise atender pessoa região metropolitano atender diverso região interior pessoa dificuldade deslocar afirmar o governador zema afirmar mudança isenção tarifar social cemig companhia energético minar gerar e copasa companhia saneamento minar gerar estudar,saúde,23/03/2020 09h52 ,23/03/2020 09h52 ,https://noticias.uol.com.br/saude/ultimas-noticias/redacao/2020/03/23/minas-gerais-estuda-criar-mil-leitos-para-atender-pacientes-com-covid-19.htm,1
10219,"Mortes, testes e contágio: como o Brasil se compara a outros países na pandemia de coronavírus  ",,bbc news brasil apresentar situação país cenário internacional o taxar espalhamento doença taxar morte milhão habitante taxar testar habitante o dia levar dobrar o total caso registrar e o previsão pib somar riqueza produzir e comparação o país o brasil o taxar transmissão doença teste e registrar o taxar morte visto econômico crescimento pib ano o bbc news brasil apresentar abaixar o situação país cenário internacional o taxar espalhamento doença taxar morte milhão habitante taxar testar habitante o dia levar dobrar o total caso registrar e o previsão pib somar riqueza produzir e importante lembrar país capacidade diferente realizar teste população identificar contrair o vírus e adota metodologia contar morto,saúde,01/05/2020 15h37 ,Matheus Magenta,https://noticias.uol.com.br/saude/ultimas-noticias/bbc/2020/05/01/mortes-testes-e-contagio-como-o-brasil-se-compara-a-outros-paises-na-pandemia-do-coronavirus.htm,1
10220,"Menos de 10% da população mundial mostra ter anticorpos contra o coronavírus, diz OMS","Diretores da entidade afirmaram que o mundo ainda está longe da imunidade de rebanho, e que uma futura vacina pode não garantir imunidade em todos que a receberem.",o líder técnico programar emergência organização mundial saudar oms maria van kerkhove afirmar n terça-feira população mundial mostrar desenvolver anticorpo o coronavírus sars-cov-2 o líder técnico explicar variar conformar o população estudar – profissional saudar locar haver alto circulação vírus – chegar o o diretor emergência oms michael ryan reforçar o mundo imunidade rebanhar o conceito normalmente aplicar falir taxar vacinação necessário determinar doença parir circular população vacinar casar sarampo taxar ryan e o líder técnico maria van kerkhove frisar pessoa infectar o sars-cov-2 ficar imune o d o papel exato imunidade celular combater covid-19 desconhecer,ciência, 18/08/2020 08h04 , Por G1 ,https://g1.globo.com/bemestar/coronavirus/noticia/2020/08/18/menos-de-10percent-da-populacao-mundial-mostra-ter-anticorpos-contra-o-coronavirus-diz-oms.ghtml,1
10221,Pressão por leitos aumenta e ocupação chega a 90% em nove capitais e no DF  ,,"Com o aumento de novos casos da Covid-19 no país, cresceu a pressão por leitos para pacientes graves e o nível de ocupação já ultrapassa 90% das vagas em nove capitais brasileiras, além do Distrito Federal. O cenário representa uma piora em relação à semana passada, quando sete capitais estavam em um patamar acima de 90% na ocupação dos leitos de UTI (Unidade de Terapia Intensiva). (...) Leia íntegra na Folha.",política,26/05/2021 19h14 ,26/05/2021 19h14 ,https://noticias.uol.com.br/colunas/reinaldo-azevedo/2021/05/26/pressao-por-leitos-aumenta-e-ocupacao-chega-a-90-em-nove-capitais-e-no-df.htm,1
10222,"'Não funciona, e paciência', diz pesquisador de novo estudo da cloroquina  ",,o pesquisador alexandre biasi participar estudar brasileiro o medicamento o coronavírus afirmar hoje o ineficácia comprovar hidroxicloroquina análise sugerir o prescrição medicamentar sentir taxativo o o comentar resultar estudar divulgar funcionar funcionar e paciência biasi entrevisto cnn brasil diretor instituto pesquisar hcor hospital coração paulo o pesquisador esclarecer o estudar chamar coalizão covid-19 brasil comprovar o medicamentar ajudar tratamento paciente adulto hospitalizar formar leve moderar doença estudar o coalizão brasil mostrar ineficaz o hidroxicloroquina perfil paciente hospitalizar estudo demonstrar sinal parecido o eficácia medicamentar paciente hospitalizar covid afirmar biasi contexto paciente hospitalizar passar o evidência confiável haver fato eficácia e sentir o prescrição paciente hospitalizar haver expectativa ajudar algum modo concluir o pesquisador,saúde,24/07/2020 11h21 ,24/07/2020 11h21 ,https://www.uol.com.br/vivabem/noticias/redacao/2020/07/24/nao-funciona-e-paciencia-diz-pesquisador-de-novo-estudo-da-cloroquina.htm,1
10223,EUA registram recorde de 4.470 mortes por covid-19 em um dia  ,,unir registrar recordar morte diário covid-19 acordar levantamento universidade johns hopkins o o registrar 4.470 óbito causar doença chegar alcançar país o comedir ano unir quebrar recordar frequência o país superar sequer morte vírus horar o caso registrar horar elevar recordar infecção,saúde,13/01/2021 07h45 ,13/01/2021 07h45 ,https://noticias.uol.com.br/internacional/ultimas-noticias/2021/01/13/eua-registram-recorde-de-4470-mortes-por-covid-19-em-um-dia.htm,1
10224,"Covid: com dados de SP represados, Brasil conta 1.554 novas mortes em 24 h  ",,"o brasil ultrapassar hoje o marcar morte causar covid-19 2,5 milhão caso confirmar doença levantamento consórcio veículo imprensar o uol secretariar estadual incluir horar 1.554 registro óbito decorrência infecção provocar coronavírus o total chegar o 90.188 o ministério saudar passar o contabilizar hoje 1.595 óbito total vítima ficar 90.134 consórcio imprensar o inclusão período 70.869 caso confirmar covid-19 o total infectar ficar 2.555.518 balançar fechar s 20h horário brasília hoje caso hoje o recordar registro óbito dia inflar o paulo divulgar atualizando hoje referente o dia somar óbito e 26.543 caso registrar o governar federal divulgar adicionar contar 69.074 diagnóstico positivo covid-19 país recordar período horar o total infectar coronavírus brasil ultrapassar o marcar 2,5 milhão o início pandemia 2.552.265 caso confirmar",saúde,29/07/2020 17h54Atualizada em 29/07/2020 20h43 ,29/07/2020 17h54Atualizada em 29/07/2020 20h43 ,https://noticias.uol.com.br/saude/ultimas-noticias/redacao/2020/07/29/coronavirus-covid-19-casos-mortos-29-julho.htm,1
10225,"

Rolex comemora 100º aniversário e dá relógios no WhatsApp #boato 
",Rolex comemora 100º aniversário e dá relógios no WhatsApp #boato,presentar grátis rolex sortir parabém comemoração 100º aniversário rolex mear questionário o chance obter relógio rolex conhecer o relógio rolex ano 18-29 30-39 40-49 o achar relógio rolex inacreditável ok o recomendar o o amigo nãoparabéns suar respostar salvo sucesso o chance ganhar presente dever selecionar o caixa corretar prêmio tentativo sortir ok parabém ganhar o relógio rolex submariner o regrar dever contar o amigo sobrar promoção digitar endereçar e concluir o registrar ok,entretenimento,01/06/2021,"
Edgard Matsuki ",https://www.boatos.org/tecnologia/rolex-comemora-100o-aniversario-da-relogios-whatsapp.html,0
10226,o mãe e o irmão adélio bispar trabalhar o gabinete maria rosário,,o bomba surgir diverso posts o redar social comer o grupar chamar “ apoiar polícia federal ” o quinzena janeiro compartilhar postagens o twitter e o whatsapp acordar o texto o mãe e o irmão adélio bispar oliveira – o homem esfaquear o candidatar presidência jair bolsonaro – trabalhar o gabinete deputar federal pelar rir sul maria rosário,política,27/01/2019,gilmar lopes,https://www.e-farsas.com/a-mae-e-a-irma-de-adelio-bispo-trabalhavam-no-gabinete-de-maria-do-rosario.html,0
10227,"'Situação no Brasil é um alerta de que o coronavírus exige atenção contínua de autoridades', diz diretora da Opas",Carissa F. Etienne lembrou que os leitos de UTI estão lotados em quase metade dos estados brasileiros.,o lotação leito hospitalar brasileiro o principal citar organização pan-americana saudar opar afirmar o situação brasil avisar o mundo risco coronavírus o situação brasil alertar manter vírus controlo requerer atenção contínuo autoridade e líder saudar público proteger pessoa e saudar impactar devastador coronavírus o diretora opar carissa f. etienne durante coletiva n quarta-feira clarissa afirmar o pandemia coronavírus aceleração américas e o brasil registrar o infecção continente morte diário mundo o país recordar óbito dia terça-feira registrar o triste marcar 2.798 vidar perdido o covid-19 horar,saúde, 17/03/2021 13h00 ," Por Laís Modelli, G1 ",https://g1.globo.com/bemestar/coronavirus/noticia/2021/03/17/opas-volta-a-demonstrar-preocupacao-com-o-agravamento-da-pandemia-no-brasil.ghtml,1
10228,"Equilíbrio fiscal no País só será atingido em 2023 ou 2024, diz Mourão  ",,o vice-presidente repúblico hamilton mourão projetou o equilíbrio fiscal país atingir recuar político ajustar o pandemia coronavírus recuar levar o gente atingir equilíbrio avaliação mourão teleconferência o itaú ponderar o político econômica desenhar ministrar economia paulo guedes sair radar governar norte perder afirmar o vice-presidente declarar o intervenção estatal economia temporário,saúde,29/04/2020 13h26 ,Daniel Weterman,https://economia.uol.com.br/noticias/estadao-conteudo/2020/04/29/equilibrio-fiscal-no-pais-so-sera-atingido-em-2023-ou-2024-diz-mourao.htm,1
10229,MP diz que imóvel de Flávio foi pago com recursos de origem desconhecida  ,,"contar senador flávio bolsonaro republicanos-rj e mulher d o dentista fernanda bolsonaro receber abril e agostar r$ 295,5 dinheiro viver depósito origem pagar parcelar apartamento barrir tijuca zonar oeste rir o ministério público rir o informação denúncia o o globo acesso oferecido o o órgão especial tribunal justiçar rir o documentar reunir o resultar investigação o esquema rachadinhas gabinete filhar presidente jair bolsonaro assembleia legislativo rir alerj flávio denunciar líder organização criminoso e peculato e lavagem dinheiro procurar o defeso senador afirmar noto comentar detalhe casar qualificar o denúncia insustentável pessoa ex-assessor fabrício queiroz operador esquema denunciar mp ... ler íntegro o globo",política,11/11/2020 19h22 ,11/11/2020 19h22 ,https://noticias.uol.com.br/colunas/reinaldo-azevedo/2020/11/11/mp-diz-que-imovel-de-flavio-foi-pago-com-recursos-de-origem-desconhecida.htm,1
10230,Aílton revela cobrança ao Flu no intervalo: 'A gente precisava jogar'  ,,"O Fluminense afastou a crise com uma vitória de virada nos acréscimos sobre o arquirrival Flamengo pelo Campeonato Brasileiro. Do banco de reservas, o auxiliar Aílton, que comandou a equipe após Marcão testar positivo para covid-19, revelou cobrança ao time no intervalo. No vestiário, o ""autor"" do gol do título do Campeonato Carioca de 1995 no Fla-Flu do gol de barriga deu um ""chacoalhão"" nos jogadores. ""No intervalo, eu conversei com eles e falei de forçar as infiltrações porque a gente precisava jogar. A gente não jogou, a gente abriu mão de jogar, e com isso o Flamengo foi bem no primeiro tempo. Fizemos um segundo tempo equilibrado e conseguimos os gols. Futebol se decide nos detalhes. Se a gente se preocupasse com esses detalhes, iria conseguir sair feliz. Graças a Deus conseguimos porque os detalhes são esses, as falhas. Se você erra muito em um clássico como esse, você está muito perto de perder"", declarou Aílton A vitória foi a primeira do Tricolor após a saída de Odair Helmann, que deixou o clube para assumir o Al-Wasl, dos Emirados Árabes e foi substituído por Marcão, auxiliar permanente e técnico do sub-23. Com a baixa do técnico por causa do coronavírus, coube a Aílton comandar o time à beira de campo. O histórico favorável do ex-jogador no clássico deu sorte ao Flu, que virou o jogo aos 48 do segundo tempo e venceu a primeira sobre o Fla no Brasileirão desde 2016, oito jogos depois.",saúde,07/01/2021 00h35 ,Caio Blois,https://www.uol.com.br/esporte/futebol/ultimas-noticias/2021/01/07/ailton-revela-cobranca-ao-flu-no-intervalo-a-gente-precisava-jogar.htm,1
10231,Mulher pode ter se curado da Aids sem tratamento médico,"Loreen Willenberg, de 66 anos, fez parte de estudo sobre uma minoria de pessoas capazes de controlar o vírus sem medicamentos antirretrovirais.",minoria pessoa infectar o vírus aids hiv demonstrar capaz controlá-lo precisar seguir tratamento remédio antirretrovirais e estudar chamar controlador elite oferecer pistar buscar curar pessoa participar estudar mulher parecer curar tratamento remédio transplantar medular ler reportagem o jornal the new york times o paciente loreen willenberg ano famoso pesquisador corpo suprimir o vírus década infectar o soropositivos preciso ingerir diariamente coquetel medicamento antirretrovirais controlar o vírus tratamento preciso manter continuamente causar natureza hiv e replicar entrar corpo o hiv inserir cópia material genético dna célula penetrar eficaz organismo infectar,ciência, 02/09/2020 13h42 , Por France Presse ,https://g1.globo.com/ciencia-e-saude/noticia/2020/09/02/mulher-pode-ter-se-curado-da-aids-sem-tratamento-medico.ghtml,1
10232,Foto de prisão de falso enfermeiro não é de hospital onde ficou Bolsonaro  ,,homem passar enfermeiro presar o hospital vila star paulo o presidente jair bolsonaro internar o informação desmentir pelar unidade hospitalar e pelar polícia civil paulo o o procurar pelar comprovar o imagem veicular juntar informação falso pertencer o homem presar abril d ano hospital manaus capital amazona segundar reportagem publicar o época o polícia civil e o assessoria imprensar secretariar saudar amazonense confirmar o informação,política,20/07/2021 16h04 ,20/07/2021 16h04 ,https://noticias.uol.com.br/comprova/ultimas-noticias/2021/07/20/nao-havia-falso-enfermeiro-em-hospital-onde-bolsonaro-foi-internado.htm,0
10233,"Trump chama coronavírus de ""kung-flu"" durante comício de campanha em Tulsa  ",,o presidente unir donald trump participar noite hoje comício campanha tulsa oklahoma utilizar pejorativo referir o o coronavírus alusão chino e voltar o pedir o redução ritmar testagens país doença dúvida nome doença história nomear kung-flu flu gripar inglês citar versão diferente nome chamar vírus o chamar gripar diferençar achar versão diferente nome o presidente referir doença vírus chinês e culpar o país asiático propagação voltar o pedir desacelerar o ritmar testagens diminuir caso e morto eua o país ranking contaminação e óbito o,saúde,20/06/2020 22h35 ,20/06/2020 22h35 ,https://noticias.uol.com.br/internacional/ultimas-noticias/2020/06/20/trump-chama-coronavirus-de-kung-flu-durante-comicio-de-campanha-em-tulsa.htm,1
10234,África ultrapassa 110 mil casos de coronavírus com mais de 3 mil mortes  ,,o pandemia coronavírus chegar o país áfrico contaminar pessoa continente acordar o organização mundial saudar oms o áfrico registrar o 110.906 caso confirmar covid-19 o o 3.300 morte contabilizar região caso país africano atingir pandemia áfrico sul 22.583 egito 16.513 e argélia 7.839 somar contabilizar quase o total registrar continente namíbia seychelles e lesoto nação caso,saúde,25/05/2020 13h03 ,25/05/2020 13h03 ,https://noticias.uol.com.br/internacional/ultimas-noticias/2020/05/25/africa-ultrapassa-110-mil-casos-de-coronavirus-com-mais-de-3-mil-mortes.htm,1
10235,Pandemia do coronavírus ameaça milhões de desalojados no mundo  ,,"forçar casar e comunidade guerra evento climático deslocar interno totalizar milhão e especialmente exposto ameaçar coronavírus alertar relatório idmc.condições meteorológico extremo forçar o deslocamento milhão indivíduo país conflito e desastre expulsar 9,5 milhão revelar relatório publicar hoje centrar monitoração deslocamento internar idmc sigla inglês inundação e tempestade sobretudo ciclone tufão e furações desalojar milhão e milhão respectivamente incêndio florestar seco desabamento e extremo temperatura gerar desabrigar cercar milhão fugir vulcão e terremoto cifrar advertência o desalojamento desestabilizar milhão vidar o ano e achar solução observar autor estudar refugir evacuar retornar o lar o total desalojar crescer o o longo ano atingir o recordar cercar milhão acampamento lotar mau condição sanitário lidar pandemia deslocar interno viver condição o alastramento coronavírus fácil o diretora idmc alexandra bilak e s pessoa ficar casar lar d destruir desastre",saúde,28/04/2020 12h36 ,Ajit Niranjan (av),https://noticias.uol.com.br/ultimas-noticias/deutschewelle/2020/04/28/pandemia-ameaca-milhoes-de-desalojados-no-mundo.htm,1
10236,"

Prisão de Sérgio Reis acaba de ser decretada por Alexandre de Moraes #boato 
",Prisão de Sérgio Reis acaba de ser decretada por Alexandre de Moraes #boato,atenção brasil atenção alexandre morar acabar decretar prisão cantor e empresário sérgio rei segundar o magistrado anexar o o inquérito crime atentar democracia e constitucional e incitação o violência o mandatar expedir n manhã parir cumprimentar o dia diligência superintendência polícia federal determinar pelar judiciário sediar o capital paulo visto o cantor residir mairiporã interior o presentar informação cedido pelar assessoria cantor o opção apresentar livrar espontâneo vontade,política,15/08/2021,"
Edgard Matsuki ",https://www.boatos.org/politica/prisao-sergio-reis-decretada-alexandre-de-moraes.html,0
10237,"Turismo internacional deve enfrentar maior queda desde 1950, aponta OMT  ",,o turismo internacional cair n ano marcar o quedo setor o início registro década o secretário-geral organização mundial turismo omt zurab pololikashvili o o jornal alemão handelsblatt pololikashvili afirmar previsão o setor atingir coronavírus basear suposição país o o redor mundo abrir fronteiro gradualmente o agostar o turista mundo cair e causar efeito pandemia acordar previsão órgão publicar início maio pololikashvili pedir pensar país união europeu e cogitar o reabertura fronteiro o turquia,saúde,28/05/2020 13h40 ,Michelle Martin,https://www.uol.com.br/nossa/noticias/reuters/2020/05/28/turismo-internacional-deve-enfrentar-maior-queda-desde-1950-aponta-omt.htm,1
10238,"
  Publicações com falas atribuídas ao ex-presidente Lula, chamado de “genocida”, são enganosas","“Frases do genocida”, começam as publicações compartilhadas mais de 18,2 mil vezes nas redes sociais desde o último dia 23 de abril. Ilustrado com uma foto do ex-presidente Luiz Inácio Lula da Silva (2003-2010), o meme cita cinco supostas declarações dadas pelo líder do Partido dos Trabalhadores. Mas isso é enganoso: algumas delas estão fora de contexto, ou sequer foram ditas pelo ex-chefe de Estado.Envie-nos por WhatsApp Email",o publicação circular o abril o facebook o instagram e o twitter atribuir o o ex-presidente falir sobrar o copar mundo e o construção hospital umar comparação entrar político ladrão e funcionário público e o suar suposto gafar o o enganar o umar entrar outro o conteúdo enviar o o whatsapp afp checar parir verificação maio lula o brasília parir reunir liderança partidário suar viagem político anulação suar condenação o âmbito operação lavar jato pelar supremo tribunal federal stf,política,27/05/2021 às 18:23,AFP Brasil,https://checamos.afp.com//publicacoes-com-falas-atribuidas-ao-ex-presidente-lula-chamado-de-genocida-sao-enganosas,0
10239,"

Laisla Aparecida da Silva está desaparecida e é procurada por Seu Divino #boato 
",Boato – Adolescente chamada Laisla Aparecida da Silva desapareceu em São Gotardo e está sendo procurada por Seu Divino. ,“ laisla aparecido silvar desaparecido ajudar o compartilhar deus agir ” “ desaparecido laisla aparecido silvar cidade gotardo contato divino rocha compartilhar ”,brasil,14/08/2019,"
Kyene Becker ",https://www.boatos.org/brasil/laisla-aparecida-silva-desaparecida-seu-divino.html,0
10240,Brasileiros criam sistema para prever epidemias de dengue e febre amarela  ,,ano marcar surgimento coronavírus velho brasileiro continuar o causar estrago dengue chikungunya zika e febre amarelo afetaram o saudar centena milhar pessoa país adentrar boletim epidemiológico ministério saudar revelar contabilizar caso suspeito dengue brasil o o longo moléstia infeccioso transmitir picar mosquito relevante quase notificação chikungunya cercar 7.000 zika e febre amarelo,saúde,11/02/2021 07h18 ,André Biernath - Da BBC News Brasil em São Paulo,https://noticias.uol.com.br/saude/ultimas-noticias/bbc/2021/02/11/brasileiros-criam-sistema-contra-epidemias-de-dengue-e-febre-amarela.htm,1
10241,As notícias mais importantes sobre coronavírus de 5 de agosto,Tendas clandestinas para realização de testes rápido de Covid-19 são fechados no Rio. Pesquisadores desenvolvem técnica para ver o vírus em 3D dentro de célula.,"hoje quarta-feira agostar e o brasil 2,8 milhão caso confirmar coronavírus o morto covid-19 país passar o médio móvel morte brasil dia 1.066 óbito variação o registrar dia base balançar noite d terça-feira consórcio veículo imprensar o médio móvel caso 46.204 dia variação o caso registrar dia o mundo país superar o marcar milhão diagnóstico unir 4,7 milhão brasil 2,8 milhão e índio 1,9 milhão abaixar o g1 reunir principal notícia dia coronavírus",saúde, 05/08/2020 11h39 , Por G1 ,https://g1.globo.com/bemestar/coronavirus/noticia/2020/08/05/as-noticias-mais-importantes-sobre-coronavirus-de-5-de-agosto.ghtml,1
10242,"Carrefour Brasil vê e-commerce manter expansão forte, lança nova plataforma em breve  ",,"O Carrefour Brasil viu a pandemia da covid-19 acelerar as vendas, particularmente no comércio eletrônico, tendência que deve persistir conforme a empresa se prepara para lançar uma nova plataforma online, disseram executivos nesta terça-feira, enquanto as ações disparavam após desempenho mais forte do que o esperado no segundo trimestre. ""Com ou sem covid-19, vamos acelerar as vendas que já eram fortes antes mesmo da pandemia... A nova plataforma que vamos lançar vai aportar crescimento relevante"", disse o diretor presidente do Carrefour Brasil, Noël Prioux, em teleconferência com analistas e investidores. Na noite de ontem, a subsidiária do grupo francês Carrefour reportou salto de 75% no lucro líquido ajustado do segundo trimestre sobre igual período de 2019, para 713 milhões de reais, beneficiada por vendas maiores e esforço para controle de despesas. A ação do Carrefour Brasil subia cerca de 6% por volta das 12:50 (horário de Brasília), após avançar até 9,5% mais cedo, tendo o melhor desempenho entre os papéis do Ibovespa.",saúde,28/07/2020 12h58 ,28/07/2020 12h58 ,https://economia.uol.com.br/noticias/reuters/2020/07/28/carrefour-brasil-ve-ecommerce-manter-expansao-forte-lanca-nova-plataforma-em-breve.htm,1
10243,"
  O ministro suíço visitou uma escola de Enfermagem onde a aula prática é feita com bonecos","Imagens do ministro da Saúde da Suíça, Alain Berset, no que parece ser uma enfermaria de hospital apenas com bonecos foram compartilhadas centenas de vezes nas redes sociais desde 18 de dezembro de 2020 afirmando ser proposital para fingir que são pacientes com covid-19. Na realidade, as fotos mostram o chefe da pasta na sala de prática de uma escola de Enfermagem onde são usados bonecos para o aprendizado dos alunos.Envie-nos por WhatsApp Email",“ o ministrar saudar suíço alain berset visitar o hospital neuchâtel eliminar o imagem cama ‘ paciente ’ boneco o internet perdoar esquecer ” indicar o texto acompanhar publicação compartilhar facebook foto boneco cama hospital e pessoa máscara imagem circular twitter inglês alemão francês e espanhol buscar reverso google fotografia levar o artigo jornal suíço blick datar dezembro n assinalar haver confusão o cena boneco e o visitar ministrar dever o errar formulação título imagem,saúde,13/01/2021 às 21:14,AFP México,https://checamos.afp.com//o-ministro-suico-visitou-uma-escola-de-enfermagem-onde-aula-pratica-e-feita-com-bonecos,0
10244,É #FAKE que homem fumando e armado em vídeo seja o neto de Neguinho da Beija-Flor,Imagem vem sendo falsamente atribuída a neto de sambista.,circular whatsapp e facebook o vídeo homem fumar e armar acompanhar mensagem afirmar o neto neguinho beija-flor gabriel ribeiro marcondes assassinar o tiro dia gabriel marcondes morto durante ação pm coibir bailar funk morrer bacia bairro miguel coutar iguaçu d pessoa morrer tirotear e ficar ferir o neto cantor trabalhar armação tender atingir tiro o polícia civil negar vídeo o pm policiar receber denúncia evento autorizar bloquear o ruir acordar o corporação agente abordar ocupante moto fugir direção o o evento e haver o tirotear,entretenimento, 23/10/2020," Por Isabela Aleixo, Extra ",https://g1.globo.com/fato-ou-fake/noticia/2020/10/23/e-fake-que-homem-fumando-e-armado-em-video-seja-o-neto-de-neguinho-da-beija-flor.ghtml,0
10245,Empresa de biotecnologia Valneva inicia testes em humanos de vacina contra covid-19  ,,o empresar biotecnologia franco-austríaca valneva especializar vacinar anunciar n quarta-feira teste clínico humano futuro vacinar o covid-19 receber pedir reinar unir o testar fase 1/2 avaliar o segurança e o imunogenicidade o capacidade induzir respostar imunológico dose diferente vacinar médio alto adulto saudável acontecer reinar unir o vacinar candidato o órgão pesquisar national institut health britânico informar o empresar comunicar,saúde,16/12/2020 07h01 ,16/12/2020 07h01 ,https://noticias.uol.com.br/saude/ultimas-noticias/afp/2020/12/16/empresa-de-biotecnologia-valneva-inicia-testes-em-humanos-de-vacina-contra-covid-19.htm,1
10246,Mercado tem mais medo da volta de Lula ou da reação de Bolsonaro?  ,,"o bolsar cair quase dia condenação ex-presidente luiz inácio lula silvar anular e o dólar subir o cotação n noite profissional mercar atribuir o resultar dia decisão ministrar edson fachin stf supremo tribunal federal devolver o lula direito político dia lula longo discursar o bolsar subir 1,3 e o dólar cair 2,5 o uol ouvir analista o mercar fato temer governar lula questionar o retornar ex-presidente o o jogar eleitoral levar o presidente jair bolsonaro o abandonar buscar popularidade compromisso assumir o mercar privatização e cortar gasto público o preocupar o adoção político populista basear aumentar gasto público profissional mercar",política,17/03/2021 04h00 ,João José Oliveira,https://economia.uol.com.br/noticias/redacao/2021/03/17/mercado-teme-lula-ou-reacao-de-bolsonaro-a-ex-presidente-elegivel.htm,1
10247,Projeto francês ameaça circulação de quem não se vacinar contra covid-19  ,,francês vacinar o covid-19 circular livremente projeto lei causar alarmar oposição hoje apesar o frança planejar sair emergência sanitário causar pandemia covid-19 abril o projeto lei apresentar o o ministro visar o estabelecer quadrar jurídico sustentável face crise saudar o governar particular o o primeiro-ministro o decretar proibição circulação fechamento estabelecimento e concentração via público,saúde,22/12/2020 16h27 ,22/12/2020 16h27 ,https://noticias.uol.com.br/ultimas-noticias/afp/2020/12/22/projeto-de-lei-frances-ameaca-circulacao-de-quem-nao-se-vacinar-contra-a-covid-19.htm,1
10248,verdade o navio encalhar o canal suez traficar criança e armar,,o notícia começar o espalhar whatsapp o comedir abril e afirmar o navio companhia evergreen ever given – haver encalhar o canal suez semana antar – alvo umar operação marinhar eua resultar o resgatar criança corpo e armar destruição massa,mundo,3/04/20215,gilmar lopes,https://www.e-farsas.com/e-verdade-que-o-navio-que-encalhou-no-canal-de-suez-estava-traficando-criancas-e-armas.html,0
10249,"Brasil terá vacina contra Covid-19 até junho de 2021, afirma diretor da Anvisa ",,brasília o brasil esperar vacinar o covid-19 aprovar e pronto programar nacional imunização junho n quinta-feira o chefe anvisa antônio barrir torre piorar surto coronavírus mundo unir e índio o brasil tornar campar teste chave vacinar e aprovar teste clínico estágio imunizante desenvolvimento pesquisar universidade oxford e o farmacêutico astrazeneca sinovac biotech pfizer inc parceria o biontech e subsidiário farmacêutico johnson johnson o janssen torre reuters o anvisa decidir o eficácia mínimo o exigir lembrar o agência aprovar vacinar doença passar eficácia taxar o percentual pessoa tomar o imunizante ficar fato proteger doença autoridade saudar europa debater aceitar o taxar eficácia entregar vacinar informar o wall street journal semana semana passar o presidente jair bolsonaro impedir o comprar milhão dose imunizante produzir sinovac biotech chino o chamar coronavac alegar comprar vacinar chinês torre entanto o anvisa aprovar candidato testar brasil independentemente país origem o origem vacinar o o gente aprovar preconceito — dia comentário bolsonaro o anvisa autorizar o instituto butantan paulo o importar milhão dose coronavac e quarta-feira autorizar o centrar biomédico o importar o matéria-prima milhão dose brasil estratégia patrocinar governador paulo joão doria adversário político bolsonaro frente comandar governo estadual o rússia concordar fornecer vacinar sputnik v o o paraná e bahia entanto aplicar brasileiro testar e aprovar anvisa torre o o agência receber nenhum pedir aprovação protocolo testar sputnik v. o diretor anvisa o instituto butantan e o centrar biomédico federal fiocruz rir janeiro capacidade produzir milhão dose vacinar o brasil e provavelmente nação latino-americanas afirmar o agência negociação país américa latino aceitar o registrar vacinar feito brasil,saúde, Publicado em  29/10/20 17:34 ,"Anthony Boadle e Ricardo Brito, da Reuters",https://extra.globo.com/noticias/coronavirus/brasil-tera-vacina-contra-covid-19-ate-junho-de-2021-afirma-diretor-da-anvisa-24719076.html,1
10250,"

Dilma confunde Elvis Presley e John Lennon em foto no Cavern Club #boato 
","Boato – A ex-presidente Dilma Rousseff publicou uma foto próxima à estátua de John Lennon no Cavern Club, em Liverpool (Reino Unido). Na legenda, ela se referiu a Elvis Presley.",o cultural “ ex-presidenta ” realmente impressionante o cavern club ficar liverpool elvis pôr pé o estatuir john lennon … falar o palavra “ ” variar conformar o gênero “ pertinha ” existir “ dilmês ” errar imperdoável língua portuguesar … língua aprender,política,15/02/2019,"
Edgard Matsuki ",https://www.boatos.org/politica/dilma-confunde-elvis-ohn-lennon.html,0
10251,"

Casamento entre Jair Bolsonaro e Michelle chegou ao fim #boato 
",Casamento entre Jair Bolsonaro e Michelle chegou ao fim #boato,bolsonaro pôr o o casamentar e isolar ex-mulher o casamentar michelle e jair bolsonaro chegar o o o casal passar umar crise complexo novembro jair eleito presidente brasil o site cobertura e fato celebridade e famoso site o site o revelar o separação casal o dia outubro o terça-feira o site revelar o ex-primeira dama e esposo bolsonaro – michelle bolsonaro sofrer o casamentar e sentir isolar,política,30/07/2021,"
Edgard Matsuki ",https://www.boatos.org/politica/casamento-jair-bolsonaro-michelle-chegou-ao-fim.html,0
10252,É #FAKE que foto mostre Doria em cadeira de rodas ao lado de pessoas sem máscara após pegar Covid-19,"Imagem é de 2017, quando o então prefeito usou equipamento para testar acessibilidade das calçadas em SP. ",circular rede social imagem governador joão doria cadeira rodar acompanhar pessoa legendar o o tratamento e o o redor máscara o imagem mensagem antigo e adulterar o original feito fotógrafo mário angelo folhapress e mostrar doria prefeito paulo percurso metro cadeira rodar zonar norte cidade testar o acessibilidade calçar foto verdadeiro doria camiseta o expressão calçar versão falso palavra vestimenta trocar amar ozônio o inscrição adulterar ironia o aplicação ozonioterapia retal ganhar repercussão falir prefeito itajaí sc volnei morastoni defender o técnico comprovação científico,política, 19/08/2020," Por Roney Domingos, G1 ",https://g1.globo.com/fato-ou-fake/coronavirus/noticia/2020/08/19/e-fake-que-foto-mostre-doria-em-cadeira-de-rodas-ao-lado-de-pessoas-sem-mascara-apos-pegar-covid-19.ghtml,0
10253,umar trapezista diarreia defecar espectador circo,é verdade que uma trapezista com diarreia não conseguiu segurar as suas fezes e acabou defecando sobre 23 espectadores durante apresentação em um circo?,o notícia surgir rede social comedir março e espalhar publicação site e blogs acordar o texto apresentação trapézio circo montar valência – espanha – terminar espectador,saúde,8/03/20198,gilmar lopes,https://www.e-farsas.com/uma-trapezista-com-diarreia-defecou-em-cima-de-23-espectadores-em-um-circo.html,0
10254,"

Irmão de Adélio Bispo posa para foto junto com Lula #boato 
",Boato – Foto mostra ex-presidente Lula posando ao lado de irmão de Adélio Bispo e família. Internautas perguntam se é “mera coincidência”. ,“ irmão adélio bispar … .. mero coincidência ” “ o globo lixar investigar o lula chegar irmão adélio bispar e o lula mero coincidência … … .. ” “ irmão adelio bispar acreditar querer verdade olhar o familiaridade lula o criança ” “ irmão adélio bispar e lula mero coincidência ”,política,07/01/2020,"
Edgard Matsuki ",https://www.boatos.org/politica/irmao-adelio-bispo-posa-foto-lula.html,0
10255,o gripar suíno fatal o coronavírus,"é verdade que a gripe h1n1 matou muito mais pessoas do que o surto do coronavírus de 2020, mas a mídia quer te fazer acreditar do contrário?",o constatação começar o espalhar whatsapp março e comparar o epidemiar covid-19 o surtir h1n1 o texto compartilhar o coronavírus matar “ ” pessoa brasil o epidemiar gripar suíno 2.100 vítima fatal,saúde,27/03/2020,gilmar lopes,https://www.e-farsas.com/a-gripe-suina-foi-muito-mais-fatal-do-que-o-novo-coronavirus.html,0
10256,"

Vacina não dá imunidade, não elimina vírus, não impede morte e não serve para nada #boato 
","Boato – Uma pessoa genial descobriu, por meio de diversas perguntas retóricas, que a vacina contra Covid-19 não dá imunidade, não elimina o vírus, não impede mortes, fechamentos e não serve para nada.",▪ ️ah e grávido tomar ▪ ️crianças vacinar 1.- deixar o máscara – 2.- reabrir restaurante etc e mundo trabalhar normalmente – 3.- resistente o o covid-19 – exatamente provavelmente impedir contagiar 4.- deixar contagioso – transmitir ninguém 5.- vacinar criança o escola voltar normalmente – 6.- vacinar parar o distanciamento social – 7.- vacinar parar desinfetar mão – 8.- e avô vacinar abraçar – 9.- cinema teatro e estádio reaberto graça s vacinar – 10.- vacinar recoletados – 11.- o real benefício vacinação – o vírus matar 12.- matar – 13.- estatisticamente o vírus matar … vacinar – proteger 14.- vacinar infectar – o injeção imunidade eliminar o vírus impedir o morte garantir contaminar o impedir “ ” covid-19 impedir covid-19 eliminar o necessidade proibição viagem eliminar o necessidade fechar negócio eliminar o necessidade fechamento eliminar o necessidade máscara … diabo vacinar realmente,saúde,20/01/2021,"
Edgard Matsuki ",https://www.boatos.org/saude/vacina-nao-da-imunidade-nao-elimina-virus-nao-impede-morte-nao-serve-para-nada.html,0
10257,"

Mourão vai à Amazônia (área militar) para projeto de controle contra ONGs internacionais #boato 
","Boato – Por conta de queimadas, Mourão decide ir à Amazônia para combater incêndios e defender a soberania brasileira das ONGs esquerdistas. ",“ o amazônia brasil o vice-presidente mourão entrar cena o projeto controlo amazônia receber o satélite nasa o ordem combater queimar prender suspeito e defender o soberania o amazônia militar selva ” .“mourão entrar cena o projeto controlo amazônia jamais vestir o bichar dia nação selva o tirar sair culatrar o amazônia tomar eb o pedir brasileiro ongs perder o espaçar mourão entrar cena o projeto controlo amazônia jamais vestir o ordem e claro combater queimar e prender suspeito o satélite nasa dia mapeamento total acabar o mimimi acabar o fake news acabar o palhaçada eb – exército brasileiro brasil ” “ o esquerdo petista hipócrita levar bicar milhar pessoa totalmente desinformar levantar bandeiro vermelho o amazônia arder chamar anosss continuar circo o tirar sair culatrar o amazônia tomar eb o pedir brasileiro ongs perder o espaçar mourão entrar cena o projeto controlo amazônia jamais vestir ”,política,27/08/2019,"
Kyene Becker ",https://www.boatos.org/politica/mourao-amazonia-area-militar-controle-ongs.html,0
10258,Bolsonaro x Bia Kicis: Presidente larga bolsonaristas de raiz ao sabor do vento  ,,coluna vídeo d quinta-feira talar analisar o decisão presidente jair bolsonaro retirar o deputar bia kicis função vice-lider governar congresso o fato acontecer o parlamentar votar o renovação fundeb fundir desenvolvimento educação,política,23/07/2020 13h22 ,23/07/2020 13h22 ,https://noticias.uol.com.br/videos/2020/07/23/bolsonaro-x-bia-kicis-presidente-larga-bolsonaristas-de-raiz-ao-sabor-do-vento.htm,1
10259,Análise mostra que reabertura prematura como dos EUA e Brasil é mais mortal  ,,levantamento redar norte-americana cnn o reabertura precoce economia durante o pandemia coronavírus resultar cenário morte o acontecer unir e brasil e colocar respectivamente lista caso e óbito covid-19 o brasil registrar caso alto observar país o análise emissor cruzar país e mostrar o união europeu considerar controlo pandemia começar o reabrir atividades sustentar quedo caso diário covid-19 brasil unir e índio adotaram medir restritivo o suficiente encarar o crise e retomar viajante vir país proibir entrar território união europeu o bloco abrir o viagem cidadão país n lista precisar caso diário país semelhante o bloco e precisar gráfico caso quedo,saúde,03/07/2020 09h33Atualizada em 03/07/2020 14h57 ,03/07/2020 09h33Atualizada em 03/07/2020 14h57 ,https://noticias.uol.com.br/saude/ultimas-noticias/redacao/2020/07/03/levantamento-mostra-que-reabertura-prematura-dos-eua-e-brasil-mata-mais.htm,1
10260,"Após sessão de radioterapia, Covas se afasta da prefeitura por 10 dias   ",,o prefeito paulo brunir cova psdb concluir hoje etapa tratamento o câncer submeter o sessão complementar radioterapia cova ficar repousar dia e afastar cargo prefeito n período o amanhã viçar ricardo nunes mdb assumir o prefeitura paulo boletim médico divulgar hoje o período descansar o prefeito continuar o tratamento realizar imunoterapia submeter o exame controlo,política,18/01/2021 18h35Atualizada em 18/01/2021 19h25 ,18/01/2021 18h35Atualizada em 18/01/2021 19h25 ,https://noticias.uol.com.br/politica/ultimas-noticias/2021/01/18/bruno-covas-encerra-sessoes-de-radioterapia-e-deve-repousar-por-10-dias.htm,1
10261,"

Damares Alves descobre que ministros do STF estão envolvidos em casos de pedofilia #boato 
",Boato – Ministra Damares Alves descobre caso de pedofilia entre ministros do STF e pode mudar composição da corte em breve. ,comunicar urgente ministro damares alves descobrir casar pedofilia stf e mudar composição cortar o bomba ocultar revelado.juízes pedófilo stf o comentário brasília o atacar ministro damares motivar palavra prefeito governador recente ações assertivo o pedofilia haver urubu comer filhote ave ninhar capar cair,política,,"
Carol Lira ",https://www.boatos.org/politica/damares-ministros-stf-casos-pedofilia.html,0
10262,"
  Cédulas queimadas em vídeo são amostras, não as oficiais utilizadas nas eleições dos EUA","Um vídeo em que uma pessoa queima documentos foi visualizado dezenas de milhares de vezes em redes sociais como evidência de uma suposta destruição de votos a favor do presidente dos Estados Unidos, Donald Trump. No entanto, as folhas queimadas eram amostras de cédulas de votação e não cédulas oficiais, como as utilizadas nas eleições do último dia 3 de novembro, explicou o governo local da cidade de Virginia Beach, no estado da Virgínia.Envie-nos por WhatsApp Email",“ ‘ fuck trump ’ o caro queimar sacola cheio voto p trump caso d acontecer ” publicação facebook juntar o gravação pessoa queimar documento insultar o presidente norte-americano o protagonista vídeo afirmar mão “ cercar ” cédula e d marcação o trump “ preciso provar ” questionar outro usuário o gravação circular amplamente facebook twitter instagram e youtube somar visualização o dia novembro,política,6/11/2020 às 20:45,"W.G. Dunlop, AFP Estados Unidos",https://checamos.afp.com//cedulas-queimadas-em-video-sao-amostras-nao-oficiais-utilizadas-nas-eleicoes-dos-eua,0
10263,"

Atirador da escola de Suzano é flagrado com camisa de Bolsonaro #boato 
","Boato – Luiz Henrique de Castro, um dos atiradores da escola Raul Brasil, em Suzano (SP), aparece em foto com uma camiseta de Jair Bolsonaro.",apoiador olhar o estampar camisa decujo o barbárie incentivar atual coiso pra mim presidente … … luiz henrique castrar autor chacinar suzano assassinar camisa bolsonaro o brasil eleger satisfeito o camisa ídolo assassinar massacrar dos.alunos.da.escola.de suzano … bolsonaro formar geração psicopata mentir fixo armar e matar bolsonaro o personificação malignidade humano,política,14/03/2019,"
Edgard Matsuki ",https://www.boatos.org/politica/atirador-suzano-camisa-bolsonaro.html,0
10264,É #FAKE que foto mostre centenas de mortos em praça na China,"A foto não é na China nem é atual. A imagem foi registrada pelo fotógrafo Kai Pfaffenbach, da agência Reuters, em 24 de março de 2014. Ela retrata um projeto de arte em Frankfurt, na Alemanha.",circular rede social áudio conteúdo alarmista acompanhar foto centena corpo estendido solo praça o mensagem tratar imagem feito chino o foto chino atual o imagem registrar fotógrafo kai pfaffenbach agência reuters março retratar projeto arte frankfurt alemanha memória vítima campar concentração nazista katzbach o imagem original,mundo, 03/04/2020, Por G1 ,https://g1.globo.com/fato-ou-fake/noticia/2020/04/03/e-fake-que-foto-mostre-centenas-de-mortos-em-praca-na-china.ghtml,0
10265,"

Enfermeiras de Paraty (RJ) são internadas após receberem vacina chinesa contra Covid-19 #boato 
",Boato – Duas enfermeiras do Hospital de Paraty (RJ) foram internadas após tomar a vacina CoronaVac contra a Covid.,enfermeiro hospital paraty rj internar vomitar e passar dever s vacinar covid-19 coronavac chinês sofrer reações adverso grave,saúde,23/01/2021,"
Carol Lira ",https://www.boatos.org/saude/enfermeiras-paraty-vacina-chinesa-covid-19.html,0
10266,Mandetta diz que Pazuello foi 'patético' ao criticar Doria por vacinação  ,,o ex-ministro saudar luiz henrique mandetta criticar o o atual titular pastar general eduardo pazuello conduzir entrevisto coletiva o aprovação emergencial vacinar coronavac e oxford astrazeneca anvisa agência nacional vigilância sanitário pazuello o governador paulo joão doria psdb jogar marketing transmitir o o viver o vacinação enfermeiro mônica calazans imunizar o covid-19 país o doria maneiro expressar achar passar papel o ministrar entrar coletiva falar brasília e passar o responder o o viver o patético vir hoje o ministrar reclamar governador vacinar população explicar mandetta entrevisto o rádio eldorado,saúde,18/01/2021 16h48 ,18/01/2021 16h48 ,https://noticias.uol.com.br/saude/ultimas-noticias/redacao/2021/01/18/mandetta-diz-que-pazuello-foi-patetico-ao-criticar-doria-por-vacinacao.htm,1
10267,Incêndio em ala de Covid-19 deixa quatro pacientes mortos em UPA de Aracaju  ,,incêndio alar covid-19 n sexta-feira upar unidade pronto atendimento redar municipal aracaju deixar paciente morto precisar transferir s pressas.a prefeitura aracaju informar o ferir chamar unidade doutor nestor piva zonar norte capital sergipano início voltar 6h30 ... ler íntegro folhar,política,28/05/2021 12h48 ,28/05/2021 12h48 ,https://noticias.uol.com.br/colunas/reinaldo-azevedo/2021/05/28/incendio-em-ala-de-covid-19-deixa-quatro-pacientes-mortos-em-upa-de-aracaju.htm,1
10268,Foto de caixão vazio é usada para enganar sobre mortes por Covid-19 no AM  ,,publicação conter o foto caixão aberto travesseiro compartilhar rede social denunciar caixão vazio enterrar amazona o imagem feito amazona e contexto pandemia coronavírus o foto tirar repórter fotográfico milton rogério portal carlos e publicar reportagem golpe segurar vida.além foto caixão aberto o publicação mostrar o imagem cemitério manaus fileira caixão valar e afirmar o denúncia divulgar jornal band o prefeitura manaus garantir caixão enterrar vazio município e necessário abrir trincheira cemitério cidade dever o o alto óbito o tv band negar veicular reportagem o conteúdo mensagem,saúde,04/05/2020 14h13 ,"Do UOL, em São Paulo ",https://noticias.uol.com.br/comprova/ultimas-noticias/2020/05/04/foto-de-caixao-vazio-e-usada-para-enganar-sobre-mortes-por-covid-19-no-am.htm,0
10269,"Deputados querem chamar Pazuello, Anvisa e Butantã em comissão da Câmara  ",,"O deputado federal Orlando Silva (PCdoB/SP) apresentou na tarde de hoje um requerimento para convocar o ministro da Saúde, general Eduardo Pazuello, e convidar os presidentes da Agência Nacional de Vigilância Sanitária (Anvisa) e do Instituto Butantã para esclarecer a suspensão dos testes da vacina Coronavac. Subscrito pelos deputados Marcelo Ramos (PL/AM) e Perpétua Almeida (PCdoB/AC), o pedido considera que o presidente Jair Bolsonaro ""tem tornado a crise sanitária num problema político"" e pede que os convocados esclareçam quais são os critérios técnicos que motivaram a suspensão diante da comissão externa de enfrentamento à covid-19, na Câmara dos Deputados. ""Coincidentemente a suspensão ocorreu no dia em que o Governo de São Paulo mostrou a fábrica de vacinas que está sendo construída com o Instituto Butantã, para produção da Coronavac"", considera o texto apresentado por Orlando, que é também candidato à Prefeitura de São Paulo. ""O presidente citou sua rixa com o tucano por causa da vacina e escreveu no Facebook que 'ganhou mais uma'.""",política,10/11/2020 18h09 ,Túlio Kruse,https://noticias.uol.com.br/ultimas-noticias/agencia-estado/2020/11/10/deputados-querem-chamar-pazuello-anvisa-e-butanta-em-comissao-da-camara.htm,1
10270,cientista descobrir “ chifre ” crânio jovem dever o o mau celular,"você já se deparou com alguma notícia dizendo que o uso dos celulares está mudando o formato do crânio humano? parece alarmante, não é mesmo? porém, você não está sozinho nisso, visto que essa informação vem sendo disseminada pelo mundo inteiro!",site notícia internacional importante o jornal “ the washington post “ revisto “ newsweek “ e emissor norte-americana “ nbc “ divulgar massivamente história brasil claro diferente,saúde,26/06/2019,marco faustino,https://www.e-farsas.com/cientistas-descobriram-chifres-em-cranios-de-jovens-devido-ao-mau-uso-do-celular.html,0
10271,"
  De cinco imagens atribuídas à marcha pró-Trump de 14 de novembro, apenas uma é verdadeira","Uma combinação de fotos compartilhada mais de 1,8 mil vezes nas redes sociais desde o último dia 14 de novembro tem sido acompanhada da afirmação de que se trata de registros da marcha pró-Trump realizada nesse mesmo dia em Washington D.C. Contudo, três fotografias datam de 2016, quando a equipe de basquete Cleveland Cavaliers ganhou o campeonato da NBA; uma foi registrada durante um protesto em Londres em 2018 e a outra, por fim, mostra o ato a favor do presidente norte-americano este ano.Envie-nos por WhatsApp Email",“ washington 14-11 biden vencer .. ” afirmar publicação compartilhar milhar facebook e twitter dia incluir conjuntar imagem multidão reunir ruir fotografia começar o circular novembro milhar apoiadores presidente donald trump participar atar capital unir denunciar “ fraudar ” eleitoral candidatar democrata joe biden eleição presidencial d fotografia circular espanhol e inglês afirmação semelhante,política,18/11/2020 às 16:10,"Ana Prieto, AFP Argentina, AFP Brasil",https://checamos.afp.com//de-cinco-imagens-atribuidas-marcha-pro-trump-de-14-de-novembro-apenas-uma-e-verdadeira,0
10272,"
  Não, um estudo da Universidade de Stanford não indicou que máscaras são ineficazes contra a covid","Publicações compartilhadas em redes sociais desde meados de abril asseguram que um estudo da Universidade de Stanford demonstrou que máscaras são ineficazes contra a covid-19 e que podem causar graves danos à saúde. Mas, o estudo citado não foi feito pela Universidade de Stanford: é o trabalho de um autor único publicado em uma revista que divulga “artigos teóricos” baseados em “ideias radicais”. Além disso, os supostos efeitos colaterais atribuídos às máscaras neste estudo, posteriormente retirado, foram desmentidos por diversos especialistas consultados pela AFP.Envie-nos por WhatsApp Email",“ você[s ouvir o estudar revisar parir universidade stanford demonstrar dúvida razoável máscara absolutamente chance impedir o disseminação covid-19 ” questionar usuário publicação facebook versão semelhante somar interações o abril instagram e twitter acompanhar capturar tela texto intitular “ resultar estudar stanford máscara facial ineficaz bloquear transmissão covid-19 e realmente causar deterioração saudar e morte prematuro ” publicação direcionam leitor o artigo hospedar plataforma pubmed “ facemasks in the covid-19 o health hypothesis ” máscara facial covid-19 hipótese saudar versão semelhante circular espanhol e francês,saúde,22/04/2021 às 23:39,"François D'Astier, AFP França",https://checamos.afp.com//nao-um-estudo-da-universidade-de-stanford-nao-indicou-que-mascaras-sao-ineficazes-contra-covid,0
10273,Dilma não disse que vacina chinesa vai funcionar porque pandemia começou na China,,o postagem verificar inventar declaração o eficácia vacinar chinês e o atribuir ex-presidente repúblico,saúde,2020/10/29,Comprova,https://projetocomprova.com.br/publicações/dilma-nao-disse-que-vacina-chinesa-vai-funcionar-porque-pandemia-comecou-na-china/,0
10274,informação falso circular eleição,voto nulo anula a eleição? quem não levar caneta não vai poder votar? essas e outras dúvidas explicadas em detalhes no vídeo dessa semana!,ano eleição igual montar notícia falso e desinformação o respeitar eleição espalhar redar o e-farsas acabar diminuir o disseminação d chamar fake news servir atrapalhar e causar pânico necessidade,política,28/11/2020,gilmar lopes,https://www.e-farsas.com/7-informacoes-falsas-que-circulam-em-toda-eleicao.html,0
10275,Será o fim da distração? Novo painel de carro adivinha o que motorista quer  ,,futurar precisar tocar painel carro acionar função ligar o rádio mudar o músico pesquisar gps inteligência artificial universidade cambridge reinar unir parceria o jaguar land rover permitir o painel rastrear o dedo usuário ar precisar tocar fisicamente tela selecionar algum opção chamar tocar preditivo pesquisador o o rastreamento série sensor câmeras e capaz descobrir o pessoa o o eliminar o necessidade contato físico o painel tornar opção estéril importante mundo pós-covid-19 e vacinar certo patógenos transmitir superfície tecnologia ajudar o reduzir o riscar d transmissão simon godsill professor departamento engenhar universidade cambridge haver anúncio oficial tela não-tácteis o jaguar land rover informar adaptar painel modelo futurar detalhar o recurso disponível custar automóvel o receber,saúde,23/07/2020 12h34 ,Mirthyani Bezerra,https://www.uol.com.br/tilt/noticias/redacao/2020/07/23/cientistas-criam-painel-de-carro-que-advinha-o-que-o-motorista-quer.htm,1
10276,Contratos de empresa do presidente da OAB com estatais são regulares  ,,artigo compartilhar rede social contrato escritório presidente ordem advogar brasil oab felipe santo cruz o petrobras e o serviço federal processamento serpro durante o gestão ex-presidente dilma rousseff pt o texto omitir o fato contrato firmar empresar dispensar licitação haver n aspecto irregularidade contratação outro post twitter e o temer artigo informar valorar contratar verdadeiro o mensagem afirmar o governar bolsonaro prometer romper contrato vigor terça-feira agostar santo cruz informar petrobras suspensão contratar vigente o estatal,brasil,10/08/2019 00h00 ,10/08/2019 00h00 ,https://noticias.uol.com.br/comprova/ultimas-noticias/2019/08/10/contratos-de-empresa-do-presidente-da-oab-com-estatais-sao-regulares.htm,0
10277,É #FAKE que imagens mostrem manifestação pró-Bolsonaro no 1º de maio de 2021 e que ela foi a maior da história,"Mensagem compartilhada nas redes sociais mostra vídeo da GloboNews como se fosse de ato de apoio a Bolsonaro. O vídeo, na verdade, foi ao ar em março de 2015 e a frase que fala de uma manifestação 'sem precedentes', 'a maior de SP de todos os tempos', se referia ao protesto contra Dilma Rousseff. Não é a primeira vez que boato com esse teor é compartilhado.",circular rede social mensagem vídeo globonews protestar milhão pessoa avenida paulista e o seguinte frase o globo admitir o manifestação pró-bolsonaro o história o brasil legendar tratar atar d 1º maio o vídeo verdade o o ar março auge manifestação o ex-presidente dilma rousseff o manifestante avenida paulista atingir milhão pessoa acordar informação polícia militar ocasião renata o prete comentarista político canal falar o concentração pessoa comparação protesto junho “ o gente milhão pessoa ruir paulo precedente o gente tomar milhão diretas gente duvidar hoje dia manifestação fato o medição n época precário o gente o manifestação paulo provavelmente ”,política, 03/05/2021, Por G1 ,https://g1.globo.com/fato-ou-fake/noticia/2021/05/03/e-fake-que-imagens-mostrem-manifestacao-pro-bolsonaro-no-1o-de-maio-de-2021-e-que-ela-foi-a-maior-da-historia.ghtml,0
10278,Estudos descobrem nova via de entrada do coronavírus no corpo  ,,estudo instituto italiano tecnologia iit descobrir o coronavírus sars-cov-2 entrar célula corpo humanar ace2 o receptor ácido siálico presentar tecido via aéreo alto o receptor outro vírus o mers-cov causar o síndrome respiratório orientar médio provocar epidemiar pesquisar o sars-cov-2 entrar organismo reproduzir-se diverso proteína comum vírus imunodeficiência humano hiv o descobrir feito estudo precisar teste confirmar comunidade científico abrir possibilidade o contágio coronavírus e o medicamento desenvolver modelar preditivo entender proteína superfície vírus interagir receptor humano explicar o diretor iit giancarlo ruocco estudar capital italiano o universidade sapienza pesquisador analisar interações proteína spike o o vírus conectar o receptor ace2 o alvo medicamento família sartan e anti-hipertensivos e confrontar o capacidade permanecer conectar surpreso estudioso virar capacidade inferior quela vírus síndrome respiratório agudo gravar sars o idear buscar receptor envolver,saúde,01/04/2020 15h59 ,01/04/2020 15h59 ,https://www.uol.com.br/vivabem/noticias/redacao/2020/04/01/estudos-descobrem-nova-via-de-entrada-do-coronavirus-no-corpo.htm,1
10279,"

Jovem que morreu no baile funk de Paraisópolis gravou vídeo com arma na mão #boato 
","Boato – Luara Victória Oliveira, uma das nove vítimas da tragédia no baile funk em Paraisópolis (bairro da cidade de São Paulo), foi flagrada com uma arma na mão, ameaçando policiais e mostrando a tatuagem de palhaço.",senhor e senhor jovem inocentar tava n baike funk paraisopolis e morrer anjo e … menino decente estudante e trabalhador maldizer e verme e família dever vergonha o o público reclamar ruir espelhar chamar casar inocente morrer bailar funk paraisópolis inocentar né tatuagem pcc e palhaço matador polícia coxo realmente inocentar o verdade tardo repassar senhor e senhor jovem inocentar tava n baike funk paraisopolis e morrer anjo e … menino decente,brasil,08/12/2019,"
Edgard Matsuki ",https://www.boatos.org/brasil/jovem-morreu-baile-funk-paraisopolis-video-arma-mao.html,0
10280,"Estudantes da Medicina-USP recebem Queiroga gritando ""Bolsonaro genocida""  ",,"O ministro da Saúde, Marcelo Queiroga, foi recebido aos gritos de ""Bolsonaro genocida! Mais vacina e menos cloroquina!"" por estudantes que seguravam cartazes de protesto contra o governo federal na entrada da Faculdade de Medicina da USP. Queiroga faz visita à instituição nesta quinta-feira (25). Os alunos seguiram protestando dentro do prédio da faculdade. Da sala onde participa de reunião, o ministro, os médicos e os professores seguiam ouvindo a manifestação, que também citava ""fora Bolsonaro!"" (...) Leia íntegra na Folha.",política,25/03/2021 12h48 ,25/03/2021 12h48 ,https://noticias.uol.com.br/colunas/reinaldo-azevedo/2021/03/25/queiroga-e-recebido-aos-gritos-de-bolsonaro-genocida-na-fmusp.htm,1
10281,"

Malwee iniciou campanha inverno 2020 e vai doar agasalhos para quem compartilhar link no WhatsApp #boato 
","Boato – A Malwee iniciou a campanha inverno 2020 e está doando agasalhos para quem entrar em um site, se cadastrar e compartilhar link no WhatsApp.",o malwee o campanha invernar e doar agasalho família brasil aquecer invernar solicitar agasalhar gratuitamente basto o cadastrar site promoção escolher modelar e tamanho acesse site o malwee doar centena agasalho invernar criança e adolescente ano brasil receber agasalhar preencher o cadastrar selecione cidade selecione cidade nome completar nome completar o gênero criança selecione opção o idade criança selecione opção cadastraragasalho disponível inscrição 01/07/2020 escolher modelar e tamanho selecionar o tamanho e modelar agasalhar malwee compartilhar campanha familiar e contatos whatsapp,entretenimento,30/06/2020,"
Edgard Matsuki ",https://www.boatos.org/tecnologia/malwee-iniciou-campanha-inverno-2020-doar-agasalhos-compartilhar-link-whatsapp.html,0
10282,"É #FAKE que Freixo chamou traficante Elias Maluco, encontrado morto na prisão, de 'grande amigo e ídolo'","Mensagem falsa foi rebatida pelo parlamentar, que não fez nenhuma manifestação nas redes sociais no dia da morte do criminoso, ocorrida dentro da Penitenciária Federal de Catanduvas (PR).",circular rede social o print tuíte atribuir o o deputar federal marcelo freixo psol-rj o parlamentar lamentar o morte traficante elias pereira silvar o elias malucar “ chão ” o notícia e classificar o criminoso “ amigar e ídolo ” procurar cbn o deputar negar compartilhar falir twitter “ fake news produzir n político gravar principalmente o o o presidente jair bolsonaro conseguir político debater político verdade projetos precisar inventar informação mentira postagens falso o caber desmentir e entrar judicialmente algum ação ” o texto mensagem falso “ receber tristeza o notícia morte amigar ídolo o traficante elias malucar irar cobrar rigoroso investigação o fato levar morte cela presídio federal chão o psol providenciar funeral dignar familiar e amigo prestar homenagem o líder tráfico e comunidade complexo alemão ”,entretenimento, 23/09/2020," Por Roberta Pennafort, G1 ",https://g1.globo.com/fato-ou-fake/noticia/2020/09/23/e-fake-que-freixo-chamou-traficante-elias-maluco-encontrado-morto-na-prisao-de-grande-amigo-e-idolo.ghtml,0
10283,"Após passeio de moto, Bolsonaro promete isentar motociclistas de pedágio  ",,passear moto capital federal o presidente jair bolsonaro prometer o apoiadores contrato futuro concessão rodovia cobrar pedágio motociclista o presidente diretriz o o ministrar infraestrutura tarcísio gomar freitas falar o tarcísio contrato isentar motociclista afirmar o o retornar o o palácio alvorar apoiadores presente haver cobrar pedágio motociclista escárnio anunciar twitter testar negativar o coronavírus exame bolsonaro deixar o isolamento dia e sair moto loja comprar o veículo novembro ano passar,saúde,25/07/2020 12h35 ,Eduardo Rodrigues,https://noticias.uol.com.br/ultimas-noticias/agencia-estado/2020/07/25/apos-passeio-de-moto-bolsonaro-promete-isentar-motociclistas-de-pedagio.htm,1
10284,O que significa o fim da 'era Maia' na Câmara dos Deputados?  ,,domingo 06/11 ministro supremo tribunal federal stf o largar o disputar sucessão câmara deputar e senado federal o ministro entender rodrigar maio dem-rj e davi alcolumbre dem-ap concorrer reeleição casar maio o decisão stf marcar o o político nascer chile e criar rir janeiro frente câmara haver mandato junho e comandar o votação principal medir legislativo país ano o batuta maio o câmara aprovar o emendar constitucional teto gasto e reformar trabalhista e previdência,política,09/12/2020 16h07 ,André Shalders ,https://noticias.uol.com.br/ultimas-noticias/bbc/2020/12/09/o-que-significa-fim-da-era-maia-na-camara-dos-deputados.htm,1
10285,Bolsonaro diz que avião arremeteu na chegada a MT por causa da visibilidade  ,,o avião presidente jair bolsonaro arremeter hoje o o pousar cidade sinop matar grosso o procedimento o pilotar desistir aterrissagem e solo levantar voar realizar posteriormente aproximação acordar o governante ocorrer dever visibilidade bolsonaro atribuir o manobrar fumaça provocar queimar alastrar pantanal brasileiro e objeto crítico comunidade internacional gestão ambiental governar incêndio devastar 3.000 hectare avião pousar hoje arremeter o acontecer vidar anormal acontecer casar o visibilidade felicidade conseguir pousar acordar o coa centrar oeste airports empresar administrar o aeroporto joão figueiredo o procedimento necessário causar fumaça pairar o região,política,18/09/2020 12h30Atualizada em 18/09/2020 17h47 ,Hanrrikson de Andrade,https://noticias.uol.com.br/politica/ultimas-noticias/2020/09/18/bolsonaro-diz-que-aviao-arremeteu-na-chegada-a-mt-por-conta-das-queimadas.htm,1
10286,"

Bolsonaro demite presidente da Caixa após assessores do PT ganharem na Mega-Sena #boato 
","Boato – Bolsonaro se irrita com resultado da Mega-Sena que contemplou assessores do PT, demite presidente da Caixa e exige que próximos resultados passem por aprovação. ",“ bolsonaro demitir presidente caixa e exigir resultar sorteio aprovar dilvulgação ” “ bolsonaro demitir presidente caixa megassena sair assessorar pt sortear megassena assessorar trabalhador – pt jair bolsonaro irritar o presidente caixa e resolver demiti-lo ”,política,20/09/2019,"
Kyene Becker ",https://www.boatos.org/politica/bolsonaro-demite-presidente-caixa-assessores-pt-mega.html,0
10287,"O É DA COISA: O Brasil brutal de Bolsonaro na cidade, no campo, na floresta  ",,o judiciário valer o constituição,política,29/09/2020 07h21 ,29/09/2020 07h21 ,https://noticias.uol.com.br/colunas/reinaldo-azevedo/2020/09/29/o-e-da-coisa-o-brasil-brutal-de-bolsonaro-na-cidade-no-campo-na-floresta.htm,1
10288,"

Robert F. Kennedy Jr. escreve texto que aponta que vacina mRNA contra Covid-19 altera o DNA #boato 
","Boato – O médico Robert F. Kennedy Jr., sobrinho do ex-presidente John Kennedy, publicou um texto alertando que a vacina mRNA altera o material genético das pessoas e vai nos matar.",conferir o desmentir vídeo,saúde,06/09/2020,"
Edgard Matsuki ",https://www.boatos.org/saude/robert-f-kennedy-jr-texto-aponta-vacina-mrna-contra-covid-19-dna.html,0
10289,"É #FAKE que Câmara dos Deputados abriu licitação de R$ 3,1 milhões para serviço de engraxate",Texto circula na internet desde 2003. Relação de contratos e licitações da Câmara mostra que mensagem é falsa.,"mensagem o câmara deputar abrir licitação r$ 3,1 milhão contratar serviço engraxataria prédio bombado rede social o mensagem fake o texto circular internet o tom o denúncia mordomia parlamentar e mau dinheiro público acordar o câmara deputar contrato e licitação disponível consulto portal casar simples pesquisar mostrar haver nenhum contratar licitação contratação engraxate cifrar divulgar r$ 3,1 milhão",política, 10/06/2019, Por G1 ,https://g1.globo.com/fato-ou-fake/noticia/2019/06/10/e-fake-que-camara-dos-deputados-abriu-licitacao-de-r-31-milhoes-para-servico-de-engraxate.ghtml,0
10290,"
  Uma foto de tratores em protesto na Holanda em 2019 é atribuída a ato pró-Bolsonaro","Uma imagem de diversos tratores enfileirados em uma estrada viralizou com a alegação de que os veículos teriam participado de um ato a favor do presidente Jair Bolsonaro. As postagens, compartilhadas mais de 34,2 mil vezes nas redes sociais desde o último dia 15 de maio, ironizam a forma como os apoiadores do presidente são chamados nas redes, “robôs”. Mas essa foto não foi tirada no Brasil: registrada na Holanda, ela mostra um protesto de agricultores em outubro de 2019.Envie-nos por WhatsApp Email",“ robô tomar transformar ” e “ brasilia hoje robô tbm ... transformers cuidar esquerdopatas ” legendar acompanhar imagem facebook o foto circular twitter usuário complementar “ bolsonaro ” maio caminhão o brasília manifestação o bolsonaro o presidente enfrentar perda popularidade e crítico gestão pandemia,brasil,17/05/2021 às 21:54,AFP Brasil,https://checamos.afp.com//uma-foto-de-tratores-em-protesto-na-holanda-em-2019-e-atribuida-ato-pro-bolsonaro,0
10291,SP: 112 doses de vacina serão avaliadas após falta de refrigeração   ,,causar refrigeração adequar unidade municipal saudar capital paulista dose vacinar o covid-19 recolhido e passar avaliação detectar dose armazenar ambulatório especialidade dr alexandre kalil yasbek bairro planalto paulista zonar sul paulo ficar luzir durante o temporal atingir o cidade madrugar dia recolhido dose coronavac e dose vacinar oxford astrazeneca haver alteração temperatura geladeira vacinar refrigerar existir o riscar o material descartar o secretariar municipal saudar insumo encaminhar dia o padi sudeste postar armazenamento e distribuição imunobiológicos ipiranga zonar sul dose mantido temperatura ° c o ° c acordar o secretariar municipal saudar o procedimento caso realizar o notificação alteração temperatura armazenamento imunobiológicos o o pmi programar municipal imunização encaminhar o notificação divisão imunização notificar o programar nacional imunização ministério saudar avaliar referir dose,saúde,30/01/2021 01h19 ,30/01/2021 01h19 ,https://noticias.uol.com.br/saude/ultimas-noticias/redacao/2021/01/30/sp-112-doses-de-vacina-serao-avaliadas-apos-falta-de-refrigeracao.htm,1
10292,México registra primeiro caso da variante indiana da Covid-19,Primeiro caso foi registrado no estado de San Luis Potosí. País já contabiliza mais de 217 mil mortes.,o méxico registrar o casar variante indiano coronavírus san luis potosí centro-norte país informar autoridade n domingo notificar isolamento identificar variante amostrar d importância e interessar e justamente o b.1.617 originalmente identificar índio coletiva imprensar miguel ángel lutzow secretário saudar identificar país e fato o identificar san luis potosí acrescentar durante coletiva imprensar o funcionário o variante identificar pessoa residente capital e o processar investigação,saúde, 02/05/2021 21h42 , Por France Presse ,https://g1.globo.com/mundo/noticia/2021/05/02/mexico-registra-primeiro-caso-da-variante-indiana-da-covid-19.ghtml,1
10293,"Depois de processar membro da Corte, Deltan vai ao STF para ser Catarina II  ",,"E Deltan Dallagnol, sempre ele!, que processou a União porque foi criticado por Gilmar Mendes, ministro do STF — venceu em primeira instância apenas; a coisa vai longe —, recorreu ao próprio Supremo para tentar se manter no cargo de coordenador da Lava Jato de Curitiba. Leiam o que informa o Estadão. Volto em seguida.*O procurador da República Deltan Dallagnol, líder da força-tarefa da Lava Jato em Curitiba, recorreu ao Supremo Tribunal Federal (STF) para travar dois processos do Conselho Nacional do Ministério Público que podem tirá-lo da operação. As ações estão previstas para serem julgadas na terça-feira, 18, e miram a conduta de Dallagnol em relação à publicação nas redes sociais e supostas atitudes de promoção pessoal. Os dois processos disciplinares foram apresentados pelos senadores Renan Calheiros (MDB-AL) e Katia Abreu (PP-TO). Enquanto Calheiros acusa Deltan de tentar influenciar as eleições para a presidência do Senado no ano passado ao publicar tuítes críticos ao emedebistas, Katia Abreu questionou o acordo firmado pela Lava Jato Paraná com a Petrobras para destinar R$ 2,5 bilhões recuperados pela operação e que seriam geridos por uma fundação dos procuradores. Ambos os casos foram pautados para a sessão de terça, 18. Ao recorrer ao Supremo, Deltan alega que não tem outra alternativa e pede que a Corte trave o julgamento dos casos e, 'no mérito, seja determinado o seu trancamento, diante dos diversos vícios que o contaminam'.",política,11/08/2020 08h30Atualizada em 11/08/2020 16h41 ,11/08/2020 08h30Atualizada em 11/08/2020 16h41 ,https://noticias.uol.com.br/colunas/reinaldo-azevedo/2020/08/11/depois-de-processar-membro-da-corte-deltan-vai-ao-stf-para-ser-catarina-ii.htm,1
10294,"Trump não falou que ""vacinas contra gripe são a maior fraude da medicina""  ",,o chegar invernar unir voltar o circular internet suposto falir presidente donald trump vacinar gripar seriar o fraudar história medicinar haver vídeo e artigo inglês português questionar o eficácia vacinar e disseminar o visão o indústria farmacêutico criar ganhar dinheiro pessoa vulnerável e deixá-las doente o publicação fonte entrevisto trump programar rádio apresentar gregg opiar hughes e jim norton o invernar o gravação voltar o circular e difamar vacinar gripar o trump realmente presidente unir foi(em tradução livrar tomar vacinar gripar e hoje gripar gostar idear injetar ruim corpo e basicamente o comedir converso vacinar efetiva amigo religiosamente tomar vacinar gripar e gripar pensar vestir relatório o vacinar praticamente totalmente ineficaz tomar significar pessoa dever tomar,saúde,08/01/2019 04h00Atualizada em 08/01/2019 10h47 ,Anita Grando Martins,https://noticias.uol.com.br/confere/ultimas-noticias/2019/01/08/trump-nao-falou-que-vacinas-contra-gripe-sao-a-maior-fraude-da-medicina.htm,0
10295,Apple anuncia computadores com processador próprio; veja preços no Brasil,"Empresa anunciou MacBook Air, MacBook Pro e Mac Mini com 'Apple Silicon', chip com arquitetura ARM, que irá substituir componente da Intel.","o apple anunciar n terça-feira macbook air macbook pro e mac mini computador contar processador fabricar empresar o d lançamento o companhia utilizar chip o arquitetura arm o processador iphones e ipads o companhia comprar o componente intel utilizar o arquitetura x86 abaixar computador anunciar possuir o chip m1 possuir núcleo o companhia o novidade trazer ganho significativo performance e otimização energia o processador intel nenhum computador o visual repaginar detalhe abaixar o computador o processador o macbook air tela retinir 13,3 polegada o visual o o apple afirmar rápido comparar o geração anterior",política, 10/11/2020 15h09 ," Por Alessandro Feitosa Jr, G1 ",https://g1.globo.com/economia/tecnologia/noticia/2020/11/10/apple-anuncia-computadores-com-processador-proprio.ghtml,1
10296,PGR apura se Damares tentou impedir aborto de menina de 10 anos do ES  ,,o pgr procuradoria-geral repúblico abrir apuração preliminar investigar suposto tentativo ministro mulher família e direito humano damares alves impedir o abortar legal menino ano estuprar espírito santo o abertura investigação autorizar procurador-geral repúblico augusto arar o o informar o procedimento o o stf supremo tribunal federal arar afirmar casar surgir indício robusto prático ilícito penar noticiar requerido o instauração inquérito cortar o investigação aberto queixar senador pt e pros acusar o ministro crime responsabilidade,política,10/11/2020 08h37Atualizada em 10/11/2020 09h30 ,10/11/2020 08h37Atualizada em 10/11/2020 09h30 ,https://noticias.uol.com.br/politica/ultimas-noticias/2020/11/10/pgr-damares-alves.htm,1
10297,Paraíso fora do alcance: Bali ficará fechada para turistas estrangeiros até 2021  ,,o governador balir confirmar o ilhar principal destinar turístico indonésio manter fronteiro fechar o medir necessário o indonésio o país afetado coronavírus sudeste asiático entanto o fechamento grave consequência econômicas o ilhar receber milhão turista estrangeiro o situação indonésio o suficiente permitir turista estrangeiro visitar o indonésio incluir balir o governador wayan koster documentar datar agostar o duro decisão tomar nenhum turista estrangeirar o balir n ano made merta guiar caminhar ilhar parar trabalhar começar aprender empregar conseguir graça o amigar trabalhador agrícola diário desenvolver habilidade trabalhar e sortir sustentar o mim e o filho explicar made merta o único reciclar buscar empregar balineses viver turismo e aguardar ansiosamente o retornar fonte render,saúde,28/08/2020 09h43 ,Gabrielle Maréchaux,https://www.uol.com.br/nossa/noticias/rfi/2020/08/28/paraiso-fora-do-alcance-bali-ficara-fechada-para-turistas-estrangeiros-ate-2021.htm,1
10298,"

AliExpress (AliHouse) é uma estratégia da China para acabar com empresas do Brasil #boato 
","Boato – Não compre nada na AliHouse da AliExpress. A empresa é a maior da China, não gera empregos no Brasil e é uma estratégia do país para acabar com comércio do Brasil.",avisar importante amigo noite vincular tv ’ s aberto principalmente globo record e band propaganda aliexpress comprar casar aplicativo site hipótese algum comprar produto d site o aliexpress o empresar chino gerar nenhum empregar brasil e estratégia chino acabar empresar brasileiro passar intervalo programar popular principalmente o comércio fechar comerciante respeitar empresar brasileiro repassar avisar amigo e colaborar empresar e trabalhador brasileiro produto colocar valorar abaixodo mercar justamente o missão destruir definitivamente o indústria o comércio brasil o nome ameaçar alihouse cair n armadilhar ficar atento o brasil certar e merecer ajudar,entretenimento,30/03/2021,"
Edgard Matsuki ",https://www.boatos.org/tecnologia/aliexpress-alihouse-estrategia-china-acabar-empresas-brasil.html,0
10299,"

Médicos de Israel dançam e comemoram por ter zerado a Covid-19 no país, mostra vídeo #boato 
",Boato – Vídeo mostra médicos de Israel dançando e comemorando por terem zerado os casos de coronavírus no país.,milagre acontecer israel comemorar … .nao infectar coronavirus ajudar o brasil israel cantar dançar e comemorar zerado o covid19 parabém e conseguir milagre israel comemorar zerado paciente vírus semear o vibração chegar rápido,mundo,01/06/2020,"
Edgard Matsuki ",https://www.boatos.org/mundo/medicos-israel-dancam-comemoram-zerado-covid-19-video.html,0
10300,Os chefes do Congresso anunciaram que comandarão a política do país  ,,história brasil presidente câmara e senado assumir posto assinar cartar compromisso prático anunciar o congresso comandar o político país o arthur lira pp-al e rodrigar pacheco dem-mg manhã d quarta-feira declaração guerra contrário anúncio vontade o judiciário e executivo recadar independência enviar o o presidente jair bolsonaro e o o ministrar economia paulo guedes comandar o político país o senador e o deputar assinar o documentar público pretender trabalhar junto e o combater pandemia o absoluto prioridade congresso pretender seguir o descasar bolsonaro demonstrar o o assunto,política,03/02/2021 10h10 ,03/02/2021 10h10 ,https://noticias.uol.com.br/colunas/tales-faria/2021/02/03/os-chefes-do-congresso-anunciaram-que-comandarao-a-politica-do-pais.htm,1
10301,Presidente do Insper vê governo preocupado em 'salvar acionistas' na crise  ,,marco lisboa criticar medir tomar governar jair bolsonaro gestão crise econômica provocar coronavírus e d enfático o ex-secretário político econômica governar lula e atual presidente insper instituto ensinar e pesquisar o socorrer s empresar priorizado acionistas achar n crise confusão salvar negócio e o configurar prático salvar acionistas afirmar hoje lisboa entrevisto globonews o economista diretor-executivo e vice-presidente banco itaú achar o intenção corretar ajudar pessoa político público auxiliar pessoa o focar empresar depender caso caso o dinheiro contribuinte sociedade salvar acionistas deixar o ônus contar país pobre explicar melhor o economista lisboa citar o modelar recuperação econômica unir seguir brasil n o governar federal prejuízo o o recuperar empresar tornar devedor dividir responsabilidade acionistas,saúde,19/05/2020 11h57 ,19/05/2020 11h57 ,https://economia.uol.com.br/noticias/redacao/2020/05/19/marcos-lisboa-critica-governo-salvar-acionistas.htm,1
10302,Estudo é insuficiente para comprovar eficácia da ivermectina contra covid  ,,enganoso publicação o rede social afirmar umar metanálise mostrar o ivermectina reduzir o morte covid-19 apesar estudar realmente parir existir diverso problema o pesquisar impedir o resultar considerar conclusivo o estudar umar metanálise n pesquisar estudo sobrar assunto agrupar e o resultar comparar,ciência,14/07/2021 16h21 ,14/07/2021 16h21 ,https://noticias.uol.com.br/comprova/ultimas-noticias/2021/07/14/estudo-e-insuficiente-para-comprovar-eficacia-da-ivermectina-contra-covid.htm,0
10303,"

Israel descobriu a cura (vacina) para o coronavírus, que estará disponível em maio #boato 
",Boato – Cientistas de Israel descobriram uma vacina (cura) para o novo coronavírus e produto chega ao mercado em 40 dias (maio de 2020). ,israel descobrir o vacinar o coronavírus e disponível d o dia aproximadamente israel forçar e honrar urgente israel descobrir o curar o coronavirus … vacina“cientistas israelenses afirmar vacinar o coronavírus disponível maio e o o chegar o o mercar pesquisador e doutorar participar projeto responsável o vacinar – oral – ficar pronto semana e chegar o o mercar dia o base estudar o vacinar o bronquite infeccioso causar outro coronavírus afeta ave país unir inglaterra e chino desenvolver vacinar o covid-19 ”,saúde,16/03/2020,"
Kyene Becker ",https://www.boatos.org/saude/israel-descobriu-cura-vacina-coronavirus-disponivel-maio.html,0
10304,Estudo não levou estados e municípios a deixarem de receitar cloroquina  ,,falso afirmação feito médico wagner malheiro vídeo postar facebook e republicar youtube atrelar estudar publicar revisto científico the lancet o morte covid-19 vídeo malheiro destacar o publicação maio dia removido defender o cloroquina tratamento covid-19 o médico argumentar governo deixar receitar o drogar causar d texto e causar morte haver comprovação governo estadual prefeitura brasil restringir o cloroquina durante período d existir comprovação científico o cloroquina eficácia o coronavírus vídeo malheiro citar estudar publicar início julho instituição norte-americana henry ford health system defender o cloroquina o pesquisar o mostrar insuficiente provar o eficácia drogar malheiro acusar o sociedade brasileiro infectologia o pt o afirmação verdadeiro verificar,saúde,18/08/2020 18h00 ,"Do UOL, em São Paulo*",https://noticias.uol.com.br/comprova/ultimas-noticias/2020/08/18/estudo-nao-levou-estados-e-municipios-a-deixarem-de-receitar-cloroquina.htm,1
10305,Bolsonaro afirma que pode ser vacinado contra a covid-19: “Depois que todo mundo tomar”  ,,o presidente jair bolsonaro confirmar tomar o vacinar covid-19 mundo imunizar brasil,política,05/03/2021 22h49 ,05/03/2021 22h49 ,https://noticias.uol.com.br/videos/2021/03/05/bolsonaro-afirma-que-pode-ser-vacinado-contra-a-covid-19-depois-que-todo-mundo-tomar.htm,1
10306,"Transparência Internacional, parceira de Dallagnol, tenta intimidar o STJ  ",,"o transparência internacional vir o público twitter socorrer lavar jato o comportar braço operação porta-voz entidade defender o transparência operação transparentar e bobagem entender o manifestação tentativo intimidar ministro superior tribunal justiçar escrever o transparência:""a abertura inquérito atar ofício presidente stj contribuir o franco deterioração instituição democrático brasileiro contrariar o constituição federal e tratar internacional o país signatário e acrescenta:""possíveis ilegalidade cometido lavar jato operação anticorrupção atar agente público privar investigar marco constitucional -- e jamais medir exceção agravar o quadrar autoritarismo crescente",política,22/02/2021 06h29 ,22/02/2021 06h29 ,https://noticias.uol.com.br/colunas/reinaldo-azevedo/2021/02/22/transparencia-internacional-parceira-de-dallagnol-tenta-intimidar-o-stj.htm,1
10307,Operação da PF apura desvios de mais de R$ 40 milhões no DNIT   ,,o pf polícia federal deflagrar hoje operação apurar suposto desvio r$ milhão dnit departamento nacional infraestrutura transporte contratação fraudulento empresar ramo tecnologia informação ação batizada circuitar fechar investigar contrato realizar o dnit período julho e outubro o o o pf cumprir mandar prisão temporário e mandar buscar e apreensão distrito federal goiá paulo e paraná o corporação o justiçar federal determinar o bloquear aproximar r$ milhão contar investigar sequestrar imóvel e veículo,política,03/09/2020 10h17 ,03/09/2020 10h17 ,https://noticias.uol.com.br/politica/ultimas-noticias/2020/09/03/pf-operacao-circuito-fechado-dnit.htm,1
10308,"
  Beber muita água e fazer gargarejo com água morna, vinagre, ou sal, não elimina o coronavírus","Publicações compartilhadas mais de 14 mil vezes nas redes sociais desde o último dia 15 de março afirmam que antes de atingir os pulmões, o novo coronavírus fica na garganta durante quatro dias e, por isso, fazer gargarejo com água morna, sal, ou vinagre, elimina o vírus. Essa indicação é, entretanto, falsa. A temperatura da água não tem nenhum efeito contra a COVID-19 e as recomendações de saúde de vários países não mencionam que os gargarejos sejam efetivos contra o vírus.Envie-nos por WhatsApp Email",“ o vírus corona atingir pulmão permanecer garganta dia e n o pessoa comedir o tossir e o dor garganta beber água e gargarejar água morno sal vinagrar eliminar o vírus divulgar informação salvar alguém informação sic ” publicação viralizadas rede compartilhamentos facebook acompanhar ilustração corpo humanar o vírus garganta o circular amplamente postagens facebook e escalar twitter compartilhar espanhol entanto falso e incidência comprovar eliminação coronavírus,saúde,17/03/2020 às 16:50,"Rafael Martí, AFP Espanha, AFP Brasil",https://checamos.afp.com//beber-muita-agua-e-fazer-gargarejo-com-agua-morna-vinagre-ou-sal-nao-elimina-o-coronavirus,0
10309,É enganosa postagem que afirma que Brasil vacinou 11% da população antes da Alemanha,,"página bolsonarista desinformar sobrar o ritmar campanha vacinação o país mostrar o brasil precisar dia o parir atingir percentual população o imunização completar d o país europeu 23,9 cobertura atualmente o dobrar índice brasileiro e aplicar dose dia o habitante",saúde,2021-06-10,Comprova,https://projetocomprova.com.br/publicações/e-enganosa-postagem-que-afirma-que-brasil-vacinou-11-da-populacao-antes-da-alemanha/,0
10310,Bolsonaro participa nesta quinta de cúpula do Mercosul; reunião será por vídeo pela primeira vez,"Cúpula marca passagem da presidência rotativa do bloco do Paraguai para o Uruguai. Em março, líderes discutiram ações de combate ao avanço do coronavírus.","O presidente Jair Bolsonaro participa nesta quinta-feira (2) da 56ª reunião de cúpula de chefes de Estado do Mercosul, bloco formado por Brasil, Argentina, Uruguai e Paraguai.  Em razão da pandemia do novo coronavírus, o encontro dos líderes do bloco será realizado por videoconferência, a primeira vez na história, segundo o Ministério das Relações Exteriores.  O Paraguai exerce a presidência do Mercosul atualmente. Nesta quinta, o presidente Mario Abdo Benítez passará o comando rotativo do bloco para o presidente do Uruguai, Luis Lacalle Pou.  A reunião de cúpula está marcada para as 10h (horário de Brasília). O último encontro foi em março, quando os presidentes discutiram, também por videoconferência, medidas para enfrentar a pandemia. A reunião, no entanto, não era o encontro de cúpula, como o desta quinta-feira.",política, 02/07/2020 05h01 ," Por Guilherme Mazui e Pedro Henrique Gomes, G1 — Brasília ",https://g1.globo.com/politica/noticia/2020/07/02/bolsonaro-participa-nesta-quinta-de-cupula-do-mercosul-reuniao-sera-por-video-pela-primeira-vez.ghtml,1
10311,Enquete em site não indica quem está na frente das pesquisas eleitorais  ,,vídeo compartilhar o tiktok divulgar site enquetes comer umar formar realmente o frente pesquisar eleitoral comer o participação enquetes espontâneo haver comer delimitar o público respondente d formar grupar específico representação o outro distorcer o realidade o enquete haver voto morador sudeste proporção outro região brasileiro pesquisar eleitoral método estatístico parir selecionar grupar pessoa proporcional população brasileiro formar o opinião diferente segmento sociedade representar o resultar,política,16/07/2021 18h51 ,16/07/2021 18h51 ,https://noticias.uol.com.br/comprova/ultimas-noticias/2021/07/16/enquete-em-site-nao-indica-quem-esta-na-frente-das-pesquisas-eleitorais.htm,0
10312,"
  Este vídeo panorâmico de Marte foi feito pelo rover Curiosity e sem som antes do Perseverance chegar","Um vídeo panorâmico da superfície de Marte foi visualizado mais de 12,4 mil vezes nas redes sociais em publicações que afirmam que as imagens foram registradas pelo veículo Perseverance pouco depois da sua chegada a este planeta, no último dia 18 de fevereiro. Na realidade, a gravação se trata de uma montagem feita pela Nasa com fotos tiradas no final de 2019 por outro rover seu, o Curiosity, que chegou ao planeta vermelho em 2012. Além disso, o som foi acrescentado às imagens. Perseverance foi a primeira sonda enviada a Marte a contar com microfones e seus registros sonoros vieram a público dias depois do vídeo viralizado começar a circular.Envie-nos por WhatsApp Email",“ vídeo perseverance marte filmar hoje o som marte fantástico ” e “ imagem e som direto marte rover perseverance ” indicar legendar publicação compartilhar dezena facebook o gravação circular fevereiro instagram twitter e youtube espanhol e francês o rover norte-americano perseverance chegar o marte quinta-feira fevereiro viagem espaçar dia o administração nacional aeronáutico e espaçar unir nasa publicar imagem registrar sondar viralizaram rede social fevereiro,ciência,26/02/2021 às 20:44,"Françoise Kadri, AFP França",https://checamos.afp.com//este-video-panoramico-de-marte-foi-feito-pelo-rover-curiosity-e-sem-som-antes-do-perseverance-chegar,0
10313,Islândia começa a emitir 'passaportes de vacinação' em meio a polêmica na UE  ,,o islândia emitir certificar vacinação destinar o facilitar viagem pessoa vacinar o covid-19 chamar passaporte vacinação informação autoridade n terça-feira tornar país o fazê-lo o polêmica e dividir abertamente estados-membros união europeu cercar 4.800 cidadão islandês receber dose vacinar o covid-19 atualmente elegível obter certificar digitar o lançamento quinta-feira serviço online dedicar o passaporte vacinação declarar o ministério saudar islândia o objetivo facilitar o circulação pessoa país indivíduo apresentar o certificar vacinação durante controlo alfandegário e ficar isento medir restrição fronteiriço acordar regrar país afirmar o ministério,saúde,26/01/2021 15h35 ,26/01/2021 15h35 ,https://noticias.uol.com.br/ultimas-noticias/rfi/2021/01/26/islandia-comeca-a-emitir-passaportes-de-vacinacao-em-meio-a-polemica-na-ue.htm,1
10314,"Carnaval: Por covid-19, capitais cancelam festas e pontos facultativos  ",,mear o vacinação distante e onda intenso pandemia coronavírus o brasil preparar o suspensão carnaval falou-se datar e adiamento jeito agravamento pandemia o carnaval suspenso o país e seguir datar previsto retornar capitar cancelar oficialmente festa dezembro e janeiro definir o situação feriar e facultativo semana o carnaval n ano dia e fevereiro,saúde,27/01/2021 04h00Atualizada em 01/02/2021 16h54 ,Guilherme Botacini,https://noticias.uol.com.br/cotidiano/ultimas-noticias/2021/01/27/carnaval-por-covid-19-capitais-cancelam-festas-e-pontos-facultativos.htm,1
10315,Média móvel de óbitos por Covid-19 bate recorde desde o início da pandemia,,"o brasil registrar sábado médio móvel 1.180 morte covid-19 o o início pandemia o boletim veículo imprensar bater o recordar quinta-feira 1.150 notificar útlimas horar 50.840 caso e 1.275 morte covid-19 o levantamento o país contar 10.508.634 infecção e 254.263 óbito provocar pandemia boletim consórcio imprensar iniciativo formar o globo extra g1 folhar s.paulo uol e o s. paulo veículo reunir informação secretariar estadual saudar divulgar diariamente 20h o governar roraima divulgar o médio móvel caso observar boletim 52.910 índice superior o o vestir dia o médio móvel óbito atingir o registrar período o médio móvel dia médio o dia e anterior comparar médio semana indicar haver tendência alto estabilidade quedo caso morte o cálculo recurso estatístico conseguir enxergar o tendência abafar o ruir causar finar semana o notificação morte reduzir escassez funcionário plantão quinta-feira o país registrar 1.582 óbito covid-19 o o início pandemia o médio móvel bater o recordar atingir 1.150 atualizaram vacinação o covid-19 n segunda-feira o país 6.535.363 pessoa receber o dosar imunizante o equivalente o 3,09 população brasileiro o dosar vacinar aplicar 1.918.062 pessoa 0,91 população nacional o o brasileiro taxar internação covid-19 acima utis redar público levantamento realizar globo n sexta-feira o informação secretariar estadual saudar o presidente câmara deputar arthur lira pp-al anunciar n sábado twitter convocar reunião governador ouvir sugestão medir enfrentamento pandemia e o formulação orçamentar publicação rede social o parlamentar o idear sugestão medir emergenciais tramitar câmara urgência lira destacar dever respeitar o teto gasto n inúmero governador tomar o difícil decisão lockdown horar contribuir buscar alternativo e via legar junto mitigar crise ” escrever lira redar social sexta-feira o presidente jair bolsonaro governador fechar comércio bancar o auxílio emergencial o vigilância sanitário paulo inspecionou estabelecimento comerciar e autuar capital paulista madrugar sábado noite vigência chamar tocar restrição impedir o funcionamento atividades essencial 23h s 5h",saúde, Publicado em  27/02/21 20:07 ,Extra,https://extra.globo.com/noticias/coronavirus/media-movel-de-obitos-por-covid-19-bate-recorde-desde-inicio-da-pandemia-24903140.html,1
10316,Presidente do PSDB afirma nas redes sociais que está com covid-19  ,,brunir araújo o presidente nacional psdb afirmar hoje rede social covid-19 advogar formação deputar federal pernambuco natal e atuou ministrar cidade governar temer araújo tucano prefeito manaus e paulo arthur virgílio neto e brunir cova respectivamente e governador paulo joão doria e rir sul eduardo leite contrair o doença dia testar positivar o covid-19 cuidem-se,saúde,25/08/2020 10h26 ,25/08/2020 10h26 ,https://noticias.uol.com.br/politica/ultimas-noticias/2020/08/25/presidente-do-psdb-afirma-nas-redes-sociais-que-esta-com-covid-19.htm,1
10317,"
  O vídeo de comboio com contêineres não mostra o primeiro trem no trajeto de Mato Grosso a Santos","O vídeo de um comboio transportando contêineres sobrepostos foi compartilhado mais de 178 mil vezes nas redes sociais desde o último dia 2 de fevereiro com a afirmação de que se trata do “primeiro trem” saindo do estado do Mato Grosso para Santos, em São Paulo. Mas isso é enganoso: o trem que aparece nas imagens não é o primeiro a trafegar pela ferrovia, já que seu primeiro trecho foi inaugurado em 1999. A operação dos vagões que transportam dois contêineres empilhados começou em junho de 2019. A sequência viralizada é de novembro de 2020.Envie-nos por WhatsApp Email",“ trem sair matar grosso santo viralizar o imprensar lixar divulgar ” afirmar o legendar publicação conter o vídeo facebook o sequência visualizar milhão o início fevereiro mostrar comboiar operador rumar logístico contêineres subsidiário bradar sair alto taquari matar grosso supostamente rumar o o portar santo paulo o gravação circular instagram e twitter chegar o compartilhar o afirmação ex-ministro cidadania e deputar federal osmar terra o buscar reverso capturar tela trecho vídeo o ferramenta invid-weverify encontrar publicação janeiro contar oficial ministrar infraestrutura tarcísio freitas facebook o legendar enganoso “ vagão double stack bradar rumar passar alto taquari mt trecho ferronorte ligar o matar grosso o o portar santo ”,brasil,18/02/2021 às 20:58,AFP Brasil,https://checamos.afp.com//o-video-de-comboio-com-conteineres-nao-mostra-o-primeiro-trem-no-trajeto-de-mato-grosso-santos,0
10318,Profissional da saúde tem reação alérgica grave à vacina da Pfizer nos EUA  ,,"Uma profissional da saúde que tomou a vacina da Pfizer/BioNTech contra a covid-19 nos Estados Unidos teve uma reação alérgica grave e precisou ser hospitalizada. O caso é o primeiro do tipo com pessoas que não possuem histórico de alergia. Na semana passada, duas pessoas que receberam o imunizante no Reino Unido tiveram reações alérgicas fortes, mas elas já tinham um histórico alérgico conhecido. O caso aconteceu com uma mulher de meia idade, segundo relato do jornal The New York Times que está sendo repercutido pela mídia americana. A profissional da saúde foi vacinada ontem na cidade de Juneau, capital do Alasca, no segundo dia da campanha de vacinação contra a covid-19 iniciada nos Estados Unidos. Apenas dez minutos após receber o imunizante, ela teve uma reação anafilática. A reação se demonstrou com o rubor da pele e falta de ar. Foi preciso um tratamento com epinefrina, medicamento comumente utilizado em casos de reações alérgicas graves. A mulher foi internada para ficar sob observação e se mantinha estável hoje até o último boletim das autoridades de saúde americanas.",saúde,16/12/2020 19h01 ,16/12/2020 19h01 ,https://noticias.uol.com.br/internacional/ultimas-noticias/2020/12/16/profissional-de-saude-tem-reacao-alergica-a-vacina-da-pfizer-nos-eua.htm,1
10319,"

Casal de caçadores é atacado por leão após posar para foto com animal morto #boato 
","Boato – Após matarem animal e posarem para foto, dupla de caçadores é surpreendida por leão, que os ataca e mata. Vídeo mostra tudo.",encontrar camionete abandonar corpo humano leão morto e filmadora cair olhar o vídeo encontrar,mundo,,"
Kyene Becker ",https://www.boatos.org/mundo/casal-cacadores-atacado-leao.html,0
10320,"

Luciano Hang cria evento de compartilhamento de prêmios no Facebook com data de aniversário #boato 
","Boato – Luciano Hang, dono das lojas Havan, está dando diversos prêmios no Facebook. Para ganhar no evento de compartilhamento de prêmios, só é preciso falar a data de aniversário em comentário e compartilhar postagem.","escolher datar aniversário presente1 13,14 compartilhar publicação compartilhar oportunidade ganhar dinheiro enviar minuto enviar mensagem ignorar chance comedir sortir e deus abençoar",entretenimento,15/10/2019,"
Edgard Matsuki ",https://www.boatos.org/tecnologia/luciano-hang-evento-compartilhamento-premios-facebook.html,0
10321,"Alinhado a Bolsonaro, Augusto Aras mantém Rodrigo Maia nervoso há um ano | Thaís Oyama  ",,o procurador-geral repúblico augusto arar completar n sábado ano frente pgr procuradoria-geral repúblico gestão marcar alinhamento o o governar presidente jair bolsonaro o colunista uol thaís oyama analisar o posturar procurador,política,28/09/2020 12h57 ,28/09/2020 12h57 ,https://noticias.uol.com.br/videos/2020/09/28/alinhado-a-bolsonaro-augusto-aras-mantem-rodrigo-maia-nervoso-ha-um-ano--thais-oyama.htm,1
10322,CBF terá que homologar CTs como do Grêmio para uso do VAR no Brasileirão  ,,recorrente campeonato brasileiro comedir semana o agendamento locar incomum e estruturar inferior o estádio centro treinamento e levar o problema o utilização var o árbitro vídeo grêmio x fluminense dia agostar o o cbf tirar o confrontar arena grêmio haver garantir jogo liberar portar alegrar causar pandemia coronavírus — n sexta-feira o prefeitura portar alegrar liberar capital e o cbf devolver o confrontar casar original modo o ct hélio dourar base gremista receber o cidade eldorado sul vizinho capital gaúcho o var centrar treinamento precisar o homologar o cbf avaliar problema o árbitro vídeo requerer protocolo precisar seguir e regulamentar jogo precisar o var o riscar prejuízo clube haver o necessidade mínimo câmeras o var permitir emissora deter direito transmissão preveem o mínimo d câmeras operador empresar contratar cbf comandar equipamento vor o sala var — grêmio x fluminense prever transmitir sportv e premiere pay-per-view — torcido presentar,saúde,02/08/2020 04h00 ,02/08/2020 04h00 ,https://www.uol.com.br/esporte/futebol/colunas/marcel-rizzo/2020/08/02/cbf-tera-que-homologar-cts-como-do-gremio-para-uso-do-var-no-brasileirao.htm,1
10323,É falso que jogador dinamarquês tenha se vacinado antes de mal súbito  ,,o jogador dinamarquês christian eriksen súbito o jogar o finlândia o sábado vacinar o covid-19 alegação feito pelar blogueiro allan santo o twitter haver nado confirmar afirmar o questionamento o mal-estar seriar efeito adversar imunizante allan o médico-chefe e cardiologista equipar italiano confirmar rádio italiano eriksen haver receber o vacinar pfizer maio apesar d o rádio citar negar veicular entrevisto equipar responsável pelar jogador,mundo,15/06/2021 19h41 ,15/06/2021 19h41 ,https://noticias.uol.com.br/comprova/ultimas-noticias/2021/06/15/e-falso-que-jogador-dinamarques-tenha-se-vacinado-antes-de-mal-subito.htm,0
10324,"Arrecadação federal cai 32,92% em maio, a R$77,415 bi, pior dado para o mês desde 2005  ",,"o arrecadação governar federal quedo real 32,92 maio igual ano passar o 77,415 bilião real divulgar o receitar federal hoje o desempenhar o período o série histórico divulgar receitar início entanto o resultar vir acima expectativa arrecadação 69,9 bilião real pesquisar reuters analista janeiro o maio o arrecadação acumular recuar 11,93 o período ano passar termo real o 579,708 bilião real relatório o receitar o desempenhar afetado principalmente diverso diferimento concedido pandemia coronavírus",saúde,23/06/2020 14h40 ,De Gabriel Ponte,https://economia.uol.com.br/noticias/reuters/2020/06/23/arrecadacao-federal-cai-3292-em-maio-a-r77415-bi.htm,1
10325,É falso que enfermeira que recebeu a primeira dose da CoronaVac  já estivesse imunizada,,mônica calazans participar voluntário estudo clínico feito brasil vacinar coronavac receber placebo substância efeito e dose imunizante,saúde,2021/01/19,Comprova,https://projetocomprova.com.br/publicações/e-falso-que-enfermeira-que-recebeu-a-primeira-dose-da-coronavac-ja-estivesse-imunizada/,0
10326,STF não teve despesas no valor de R$ 555 bilhões em 2016  ,,"o stf supremo tribunal federal o principal alvo publicação circular haver cercar rede social e conter errar o custar anual cortar o país o imagem compartilhar principalmente instagram comparar o gasto manutenção museu nacional rir destruir incêndio ano passar o publicação custar manutenção museu nacional ano r$ milhão e o repassar integralmente custar anual supremo tribunal federal r$ bilião custar r$ bilião o cofre público indicar o publicação o stf despesa r$ 554,75 milhão n ano o constar tabelar enviar o o uol secretariar administração e finanças stf o órgão o despesa incluir benefício assistencial custear investimento gastar pessoal e previdência",brasil,20/06/2019 12h53 ,Vitor Pamplona,https://noticias.uol.com.br/confere/ultimas-noticias/2019/06/20/stf-nao-teve-despesas-no-valor-de-r-555-bilhoes-em-2016.htm,0
10327,Reino Unido: venda de contraceptivos cai na pandemia; gravidez pode crescer  ,,o vender contraceptivo emergência o pílula dia seguinte cair durante isolamento social provocar pandemia coronavírus reinar unir o estudar firmar iri repercutir the independent prever aumentar gravidez indesejado país março 38.533 unidade pílula dia seguinte vendido reinar unir o levantamento abril cair 18.500 maio haver aumentar 23.918 unidade o taxar diminuição verificar prescrição pílula contraceptivo nhs serviço nacional saudar sigla inglês o público saudar reinar unir constatar considerar preocupante ginecologista e obstetra reinar unir campanha facilitar o acesso o contraceptivo — o princípio dispensar o consulto presencial hoje necessário caso comprar pílula dia seguinte país,saúde,24/06/2020 08h44Atualizada em 24/06/2020 10h38 ,24/06/2020 08h44Atualizada em 24/06/2020 10h38 ,https://www.uol.com.br/universa/noticias/redacao/2020/06/24/venda-de-contraceptivos-cai-na-pandemia-gravidez-indesejada-pode-aumentar.htm,1
10328,Viaduto na BR-277 em Foz do Iguaçu não tem relação com o governo Bolsonaro  ,,falso afirmação feito vídeo circular facebook e atribuir o o governar jair bolsonaro o construção viaduto o br-277 e o avenida costa e silvar município foz iguaçu pr vídeo homem destacar o rapidez o obrar concluir insinuar marcar atual governar e afirmar realização o operação lavar jato realidade o obrar feito governar paraná integralmente recurso e o governar federal confirmar o o o governar paranaense e o ministério infraestrutura identificar o viaduto e o operação lavar jato o citar vídeo acordo leniência fechar força-tarefa lavar jato paraná fato resultar valorar destinar o obrar viário o casar viaduto o força-tarefa o governar estadual o responsável destinar recurso acordo leniência o o o governar paraná o o lavar jato e viaduto aplicar,política,28/08/2020 16h26 ,Covid-19: Estudo italiano não propõe uso da cloroquina como tratamento  ,https://noticias.uol.com.br/comprova/ultimas-noticias/2020/08/28/viaduto-na-br-277-em-foz-do-iguacu-nao-tem-relacao-com-o-governo-bolsonaro.htm,0
10329,"Chile suspende demissões, mas permite corte de salários por coronavírus  ",,"chile o congresso aprovar projeto lei garantir o proteção emprego durar o calamidade público causar coronavírus o medir entanto permitir o redução o suspensão temporário salário casar suspensão contratar trabalhar o seguro-desemprego cobrir salário trabalhador seguinte o cobertura cair e o chile entrar exceção constitucional dia dia março contar covid-19 o país registrar morte e 2,7 infectar pandemia chileno enfrentar crise social arrastar o ano passar o emergência sanitário forçar o adiamento plebiscitar início o constituição d o covid-19 pôr s manifestação acontecer cidade quase diariamente",saúde,01/04/2020 10h39 ,01/04/2020 10h39 ,https://noticias.uol.com.br/internacional/ultimas-noticias/2020/04/01/chile-suspende-demissoes-mas-permite-corte-de-salarios-por-coronavirus.htm,1
10330,Qual o melhor ajuste de segurança para o Wi-Fi e por que a segurança WPA2 pode ser 'fraca'?,Tira-dúvidas explica opções para proteger o seu Wi-Fi e por que até uma opção segura pode gerar alertas.,algum dúvida segurança informação antivírus invasão cibercrime roubar etc enviar e-mail g1seguranca o coluna responder perguntar deixar leitor s terço e quintas-feiras leitor blog enviar o foto acima mostrar avisar o segurança wi-fi e o seguinte perguntar o dever resolver problema segurança foto roteador – alvaro passo específico realizar o mudança ajustar segurança wi-fi variar depender marcar e o modelar roteador procurar guiar web consultar o suportar técnico fabricante equipamento melhor,política, 21/01/2021 07h00 , ,https://g1.globo.com/economia/tecnologia/blog/altieres-rohr/post/2021/01/21/qual-o-melhor-ajuste-de-seguranca-para-o-wi-fi-e-por-que-a-seguranca-wpa2-pode-ser-fraca.ghtml,1
10331,"

Ford desiste de fechar fábricas e não vai mais sair do Brasil #boato 
","Boato – O senador Jaques Wagner anunciou após, uma reunião entre a Ford e Paulo Guedes, que a montadora desistiu de fechar fábricas no Brasil e não vai mais sair do país.",noite exclusivo feliz notícia acabar acontecer reunião o ministrar economia paulo guedes falar o ford bahia o ford anunciar iriar sair país deixar vago empregar o equipar econômica brasil conseguir reverter o situação permanecer incentivo e trazer proposto o ford permanecer brasil conformar compromisso salvar enganir parabém o o ministrar paulo guedes.parabéns equipar econômica o brasil oferecer melhorar condição obviamente condição justo o mercar receber indústria o mundo parabém o o paulo guedes parabém equipar econômica parabém empregar fábrica continuar emprego notícia forte abraçar o todos.urgente o ford sair brasil super ministrar resolver o problema – obrigar o o petista jacques wagner o o notícia compartilhar galera o esquerdo maldizer tava culpar presidente dor … .certa o dedo joinha espalhar pro mundo presidente compromisso o brasil o notícia baiano notícia governador ruir acabar sair reunião o ministrar paulo guedes senador vice-governador e garantir haver ameaçar o incentivo comprometido o ford 2025evidentemente solução o paulo o bahia entrar n contar repetir o ford manter o compromisso governar brasileiro e governar bahia incentivo fiscal notícia ruir notícia trabalhador ford notícia bahia abraçar sair quente notícia,brasil,13/01/2021,"
Edgard Matsuki ",https://www.boatos.org/brasil/ford-desiste-fechar-fabricas-nao-vai-mais-sair-brasil.html,0
10332,NOTA À IMPRENSA,,o ministério saudar e o sociedade brasileiro cardiologia sbc longo tradição parceria prol saudar cardiovascular população brasileiro âmbito enfrentamento pandemia coronavírus oferecer segurança o paciente diagnosticar o covid-19 o obtenção livrar consentimento informar eventualmente cloroquina hidroxicloroquina o sociedade brasileiro cardiologia colaborar o ministério saudar ampliar político público existente âmbito programar telesaúde o objetivo aumentar o acesso brasileiro o o eletrocardiograma tele-ecg ampliar o segurança paciente o ministério saudar e o sociedade brasileiro cardiologia reafirmar o parceria garantir o cuidar adequar oportuno e segurar população brasileiro,saúde,22/05/2020 22h13,Ministério da SaúdeSociedade Brasileira de Cardiologia,https://www.gov.br/saude/pt-br/assuntos/noticias/nota-a-imprensa-2,1
10333,"

Vídeo mostra adega do ex-presidente Lula em Curitiba (Atibaia) #boato 
",Boato – Filmagem mostra a adega de vinhos caros do ex-presidente Lula. Vídeo foi feito em Curitiba (ou no sítio de Atibaia).,o adegar presidiário lula incrível parecer gente corrupto ’ lula livrar ’ mim banhar sol deixar acordar inocentar bomba adegar vinho fdp lula vinho chegar o real curitiba direito hotel pf tá presar kkkkkkkkkk piadarevelada o adegar lula sítio atibaia o garrafa barato real garrafa custar e real totalizar milhão duzentos e e real garrafa adegar ultrapassar o bilião real apreender polícia federal e leiloar recuperar o dinheiro público roubar,política,23/03/2019,"
Edgard Matsuki ",https://www.boatos.org/politica/video-adega-ex-presidente-lula.html,0
10334,"'Não compete ao governo causar pânico', diz Mourão sobre atuação federal na pandemia","Para vice, compete ao governo adotar medidas para preservar a saúde e a geração de renda das pessoas. Brasil registrou 2,3 mil mortes na quarta-feira (10). ",o vice-presidente hamilton mourão afirmar n quinta-feira o governar “ discursar pânico ” o o agravamento pandemia precisar condição preservar o saudar população e o capacidade gerar render mourão conceder entrevisto o o chegar o o palácio planalto quarta-feira consórcio imprensar o brasil país registrar 2.349 morte covid-19 horar o o comedir pandemia e totalizar 270.917 óbito o médio móvel morte brasil dia chegar o 1.645 comparação médio dia o variação indicar tendência alto óbito doença mourão perguntar o mudança tom governar o o impactar pandemia país,saúde, 11/03/2021 10h09 ," Por Guilherme Mazui, G1 — Brasília ",https://g1.globo.com/politica/noticia/2021/03/11/nao-compete-ao-governo-causar-panico-diz-mourao-sobre-atuacao-federal-na-pandemia.ghtml,1
10335,UOL transmite debate entre candidatos a prefeito de Mauá (SP)  ,,o uol transmitir parceria o tvt e o rádio brasil atual debater candidato prefeitura mauá sp n terça-feira o evento comedir s 20h40 e contar o participação atila jacomussi psb zé lourencini psdb e vanessa mdb convidar o debater optar participar,política,03/11/2020 04h00 ,03/11/2020 04h00 ,https://noticias.uol.com.br/eleicoes/2020/11/03/uol-transmite-debate-entre-candidatos-a-prefeito-de-maua-sp.htm,1
10336,"As notícias falsas em torno do incêndio da catedral de Notre-Dame, em Paris  ",,"e acontecer novamente juntar evento provocar comoção notícia falso o fogo consumir o telhar e ruir catedral notre-dame parir d segunda-feira rodear informação equivocar frente desinformação o o longo horar checadores profissional sobretudo europa trabalhar conjuntar e publicar plataforma factcheckeu série verificação o casar o seguir d traduzir agência lupa o incêndio notre dame intencional atacar terrorista""frase extrair tuíte colunista revisto time e postagem infowars falsar o informação verificar espanhol maldizer bulir conclusão publicar manhã hoje afirmar o causar incêndio notre-dame haver determinar o coletiva imprensar concedido hoje o ministério público francês anunciar o abertura investigação apurar o destruição involuntário catedral incêndio e descartar o casar atar voluntário criminoso",mundo,16/04/2019 12h41 ,"Por Agência Lupa, com FactcheckEU Initiative",https://noticias.uol.com.br/confere/ultimas-noticias/2019/04/16/as-noticias-falsas-em-torno-do-incendio-da-catedral-de-notre-dame-em-paris.htm,0
10337,Biden deve receber vacina contra coronavírus na próxima semana  ,,washington reuters o presidente eleito unir joe biden provavelmente receber dosar vacinar o coronavírus semana autoridade equipar transição n quarta-feira biden receber o injeção ambientar público inspirar confiança segurança imunizante biden ano riscar coronavírus causar idade,saúde,16/12/2020 20h54 ,16/12/2020 20h54 ,https://noticias.uol.com.br/ultimas-noticias/reuters/2020/12/16/biden-provavelmente-recebera-vacina-contra-coronavirus-na-proxima-semana.htm,1
10338,"

Portuguesa declara falência e encerra atividades no futebol #boato 
","Boato – A Associação Portuguesa de Desportos, equipe de futebol, acabou de declarar falência. É o fim das atividades da Lusa no futebol.","o associação portuguesar desporto declarar falência oficialmente o clube tradição e revelar craque o futebol brasileiro hoje o futebol brasileiro perder sumir importância pra qualidade futebol peno sentir saudade eternalusaportuguesa declarar falência associação portuguesar desporto tornear rio-são paulo 1952-1955 campeonato paulista 1935,1936,1973 campeonato brasileiro série b fundação:(14 agostar falência e clube:(1 outubro",entretenimento,03/10/2019,"
Edgard Matsuki ",https://www.boatos.org/esporte/portuguesa-declara-falencia-encerra-atividades.html,0
10339,"

Brasileiro Jonatan Diniz está preso na Venezuela desde o final do ano passado #boato 
",Boato – Jonatan Diniz é brasileiro e foi preso no dia 27 de dezembro por doar alimentos a crianças famintas na Venezuela. Ele está preso em 2020 no país. ,“ deus clamar jonatan diniz ” “ jonatan diniz presar venezuela dia dezembro doar alimento criança faminto comer lixar acusar conspirar o ditadura socialista nicolás madurar e o família notícia paradeiro levantar voz brasileiro liberdadeparajonatan ”,mundo,,"
Kyene Becker ",https://www.boatos.org/mundo/brasileiro-jonatan-diniz-preso-venezuela-ano-passado.html,0
10340,"

Chineses estão cuspindo em elevadores e locais públicos para espalhar coronavírus #boato 
","Boato – Série de vídeos mostra que governo da China está mandando chineses cuspirem e espirrarem em supermercados, elevadores e locais públicos para disseminar a Covid-19 (coronavírus) em países como Itália, Canadá e Austrália.",observar o chinês contaminar o covid19 itália e austrália deus imagem mentir crer chinês e o pres.tetrus oms realmente arquitetaram … receber whatsapp custar o crer nome “ ” alguem planejado vídeo relatar o corona vírus letal e nocivo o dengue realmente nocivo o população ano comorbidades assistir … chocar … denúncia – o ° guerra mundial acontecer guerra biológico suspeita-se o comunista chinês pagar mulher chinês coronavírus p/ viajar e espalhar o vírus pra o mundo observar o velocidade contaminação iorque vídeo falir e provar homens-bomba e homens-espirro assistir vídeo chinês infecto frutar propositadamente austrália infiltrar chinês infectar propositadamente país espalhar vírus posteriormente classificar “ pandemia ” .. vídeo seguir o chino atacar o mundo inteirar macomunada o pres.tetrus oms comunista olhar chinês cuspir caixas-eletrônicos itália e espalhar água contaminar provar pandemia e o virus espalhar propositalmente chinês contratar isso.pessoal denúncia achar brincadeira tá guerra mundial dúvida d guerra biológico e o chino atacar o planeta inteirar juntar o organização mundial saudar presidente petros chinês tá preso infectar propositalmente o coronavírus e infectar cuspir so olho cegar austrália e itália tá cuspir caixa eletrônicos emquanto tá acontecer algum banco e espalhar o água contaminar multiplicar milhão chinês planeta inteirar o vírus propagar normalmente o chinês espalhar vírus o planeta gente compartilhar o mundo inteirar tá guerra mundial ok o senhor tá pagar o gente contratar faxinar jogar água contaminar o acontecer verdade o vírus atacar pessoa idoso elevador continuar levar o dor impressionante o negócio gente o vírus elsse vírus inofensivo abaixar ano e saudar o problema problema economia o chino construir o vírus espalhar tá juntar o petros orgenização mundial saudar mundo ficar casar presar país produzir acabar dinheiro acabar miar e mundo o chino e o chino comprar o band virar tirar ar o datena tava falar o curar o curar governar conseguir achar puro e vídeo o planeta compartilhar,mundo,28/03/2020,"
Edgard Matsuki ",https://www.boatos.org/mundo/chineses-cuspindo-elevadores-locais-publicos-espalhar-coronavirus.html,0
10341,Covid-19: Brasil mantém mais de 32 mil novos casos pelo 2º dia consecutivo  ,,dia consecutivo o ministério saudar registrar alto superior o 32.000 caso coronavírus brasil e 1.200 morte semelhante o observar boletim diário governar o o 772.416 pessoa diagnosticar covid-19 país horar confirmar 32.913 caso o registrar período o início pandemia o taxar seguir o dia maio anunciar 33.274 infecção coronavírus o morte registrar e hoje 1.274 elevar o total 39.680 trata-se índice obter o início pandemia o alto atingir dia 1.473 óbito paciente recuperar chegar o caso acompanhamento 407.341,saúde,10/06/2020 19h01Atualizada em 10/06/2020 22h23 ,10/06/2020 19h01Atualizada em 10/06/2020 22h23 ,https://noticias.uol.com.br/saude/ultimas-noticias/redacao/2020/06/10/coronavirus-ministerio-da-saude-covid19-brasil-casos-mortes-10-junho.htm,1
10342,"

Nuvem em formato de cruz aparece e brilha em Feira das Almas (Bahia) #boato 
","Boato – Vídeo mostra nuvem em formato de cruz que brilha, em Feira das Almas, na Bahia, e prova a existência de Deus. ",deus louvar imagem impressionar o bahia n quarta-feira céu pequeno cidade feirar mata-ba diviso o minar gerar nuvem formar o imagem cruz símbolo cristianismo resplandecer flash luzir provável o brasil comentar semana noticiário mundo inteirar razão d belo provar existência deus,entretenimento,,"
Kyene Becker ",https://www.boatos.org/religiao/nuvem-formato-cruz-feira-das-almas-bahia.html,0
10343,"De tanto fazer política, Supremo ganha uma aparência de Congresso Nacional  ",,s véspera julgamento o supremo autorizar o prisão lula abril gilmar mendes praticamente antecipar o votar o trancar ex-presidente repúblico asset ativo o lula condenar negativar o brasil chegar o afirmar o sentença lavar jato lula manchar o imagem brasil n terça-feira o o votar suspeição morar julgamento o casar tríplex guarujá gilmar tranquilo diferentemente ministro chegar o o supremo mão trabalhador sentir o necessidade proclamar insuspeito n matéria parceiro gilmar cruzar o lavar jato ricardo lewandowski posicionou-se o suspeição morar pintar corar forte violação acusar o lavar jato cometer citar o condução coercitivo lula prestar depoimento comparar o o transportar animar o abatedouro,política,10/03/2021 05h23 ,10/03/2021 05h23 ,https://noticias.uol.com.br/colunas/josias-de-souza/2021/03/10/de-tanto-fazer-politica-stf-ganha-cara-aparencia-de-congresso-nacional.htm,1
10344,É falso que o TSE atualizou apuração da votação baseado em site de notícias  ,,falso afirmação vídeo publicar facebook alegar o tribunal superior eleitoral tse atualizou eleição municipal conformar antecipar portal notícia g1 dia votação o g1 divulgar o apuração o informar tribunal superior eleitoral.segundo o tse empresar jornalístico conseguir exibir apuração antecipadamente acordar o tribunal arquivo divulgação resultar disponibilizar empresar jornalístico acessível cidadão liberar medir o tse conseguir somá-los o justiçar eleitoral acesso o resultar tse boletim urna impresso sessão o votação encerrar,política,24/11/2020 20h38 ,"Do UOL, em São Paulo*",https://noticias.uol.com.br/comprova/ultimas-noticias/2020/11/24/e-falso-que-o-tse-atualizou-apuracao-da-votacao-baseado-em-site-de-noticias.htm,0
10345,É verdadeiro que Bolsonaro tenha liberado auxílio de R$160 milhões a asilos  ,,verdadeiro o presidente jair bolsonaro liberar fundir r$ milhão asilo durante o pandemia covid-19 conformar divulgar site pleno news junho o conteúdo verificação sugerir leitor e amplo visualização rede social bolsonaro sancionar lei ajudar instituição longo permanência idoso ilpis combater doença.a lei assinar presidente junho o único informação constar texto elaborar e aprovar congresso nacional apresentar deputar federal leandre pv-pr seguir o sanção presidencial,política,06/07/2020 18h01 ,"Do UOL, em São Paulo",https://noticias.uol.com.br/comprova/ultimas-noticias/2020/07/06/e-verdadeiro-que-bolsonaro-tenha-liberado-auxilio-de-r160-milhoes-a-asilos.htm,0
10346,"

Rei do Bahrein chega a Dubai com robô guarda-costas incrível, mostra vídeo #boato 
","Boato – Rei do Bahrein compra robô que fala seis idiomas e possui três submetralhadoras, por US$ 7,4 milhões, para ser seu guarda-costas. Vídeo mostra chegada impactante do robô. ","“ rei baharein chegar dubai robot guardar costa o robot falir linguas bater e perseguir melhor armar teaser eletrico filmadoras longo alcançar visão infravermelho e submetralhadora ” “ o rei bahrein chegar o dubai guarda-costas robô gigante falir idioma resgatá-lo literalmente carregá-lo lutar fisicamente perseguir atirar armar teaser elétrico câmera grau divulgar secundário o conjuntar câmeras infravermelho metralhadora oculto munição suficiente lutar 1.050 homem e metralhador atirador guiar o laser carregar medicamento e água o robô guardar custar cercar us 7,4 milhão ” “ senhor o rei barhein vir o dubai guardar costa robô falir idioma lutar atacante salvo o rei pistola taser câmera grau infra vermelhar e carregar aguar medicamento milhão e quatrocentos dólar ”",entretenimento,28/08/2020,"
Kyene Becker ",https://www.boatos.org/tecnologia/rei-bahrein-dubai-robo-guarda-costas-video.html,0
10347,"
  A segunda onda da gripe espanhola foi a mais mortal, mas não porque as pessoas relaxaram","Publicações que asseguram que a segunda segunda onda de infecções durante a epidemia da chamada gripe espanhola foi a mais letal porque a população abandonou as medidas de precaução foram compartilhadas milhares de vezes nas últimas semanas. Em meio à segunda onda da covid-19, os textos pediam que as pessoas continuassem tomando cuidado e respeitando o distanciamento. Embora seja verdade que a segunda onda da gripe de 1918 foi a mais mortal, a causa não foi a falta de preocupação das pessoas. As postagens também são acompanhadas por uma fotografia anterior à gripe de 1918.Envie-nos por WhatsApp Email",“ o pandemia gravar história o gripar espanholar durar ano onda contaminação milhão pessoa infectar e totalizar milhão morte ” comedir o texto voltar o repercutir facebook novembro e início dezembro compartilhar julho e continuar “ o morte ocorrer durante o onda contaminação o população tolerar medir quarentenar e distanciamento social ocorrer o sair público liberar o população começar o alegrar ruir abandonar medir precaução aprendido semana seguinte o onda contaminação chegar milhão morte empolgar liberação manter calmo continuar tomar cuidar e respeitar o distanciamento ” mensagem circular instagram e twitter,saúde,18/12/2020 às 18:06,"Sonia González, AFP Espanha, AFP Brasil",https://checamos.afp.com//segunda-onda-da-gripe-espanhola-foi-mais-mortal-mas-nao-porque-pessoas-relaxaram,0
10348,SP suspende envio de 50 mil doses de vacinas ao AM: 'falta de planejamento'  ,,o governar paulo suspender o enviar imediato o o amazona dose extra coronavac o gestão joão doria psdb atribuir o decisão planejamento e controlo imunização região norte o governar paulista ocorrer o justiçar federal amazona questionar despachar o governador doria dose previsto dia janeiro doria declarar enviar dose imunização profissional saudar dever o o caos amazona — ocasião afirmar o entregar diretamente o amazonense confiar ministério saudar o vacinação suspenso janeiro recomendação órgão controlo denúncia favorecimento — médico filho empresário ramo educação nomear trabalhar setor administrativo ubs unidade básico saudar manaus e acabar imunizar configurar casar fura-fila o vacinação retomar dia janeiro e o 172.716 pessoa imunizar amazona oficiar,saúde,10/02/2021 20h43Atualizada em 10/02/2021 23h17 ,Douglas Porto e Carlos Padeiro,https://noticias.uol.com.br/saude/ultimas-noticias/redacao/2021/02/10/vacinas-am-suspensao-sp.htm,1
10349,umar empresar holandês lançar app carona o corrido pago sexo,,o novidade surgir o redar social e diverso site e blogs agostar ganhar forçar compartilhamentos o quinzena outubro ano acordar o texto umar empresar holandês tecnologia irar testar app caronas o brasil o diferencial d aplicativo segundar o o notícia o usuário pagar o correr sexo,entretenimento,25/10/2019,gilmar lopes,https://www.e-farsas.com/uma-empresa-holandesa-lancou-um-app-de-carona-onde-as-corridas-poderao-ser-pagas-com-sexo.html,0
10350,"

Fazenda Nossa Senhora Aparecida em Barrolândia (TO) é do ex-presidente Lula #boato 
","Boato – Vídeo mostra placa na fazenda Nossa Senhora Aparecida, em Barrolândia (TO), que prova que o ex-presidente Lula e a família são donos da fazenda.",pessoal tocantim margem br-153 fazenda bonito imenso fazenda invernar extenso br-153 balir acostamento maravilhoso olhar acostamento asfaltar o acostamento cascalhar balir bonito fazenda realmente chamar o atenção certar terra cultura o ok maravilhar pura.nós parir almoço ficar mundo pelejar pra vidar e dinheiro pra comer restaurante o gente carregar panela embaixo chuvinhar e cozinhar arroz puro batata gente jogar estômago outro olhar prestar atenção gostar fazenda olhar pastar formar invernar extenso fazenda realmente chamar o atenção.do outro ó ler placar deixar outro erguer o celular pra manter gado bonito gostar prestar atenção n placar olhar ler direito ficar indignar tratador elefante larápio,política,22/12/2018,"
Edgard Matsuki ",https://www.boatos.org/politica/fazenda-barrolandia-to-lula.html,0
10351,"

Gargarejo de limão, bicarbonato de sódio e água morna mata o coronavírus na garganta #boato 
","Boato – Receita de Israel, que não tem mortes por Covid-19, de limão, bicarbonato de sódio e água morna mata o coronavírus porque o vírus fica quatro dias na garganta.",irmão morar unir haver quase ano e o judeu mandar receitar mandar hoje ensinar o tá ingrediente fácil tá olhar ó o limão e copar água morno e o bicarbonato tá ok o o gente o gente ó mostrar colher e colher chá tá bicarbonato pôr copar água olhar ó copar água colocar e mexer tá água morno tá esquentar e bandar limão tá bandar limão e ó e olhar o acontecer o limão bicarbonato ó ó e o o acontecer o reação o bicarbonato limão o o vinagrar maçã tá ó olhar ó o bicarbonato o limão gargarejar beber votar israel israel o único país o índice coronavírus tá fake news fakes cor o bicarbonato anti-séptico natural tá clarear dente montar garganta ocoronavírus ficar dia alojar garganta e judeu mandar receitar cidadão israel e o coronavírus reagir o mídia o israel o começar o epidemiar e propagar bicarbonato bandar limão copar água morno gargarejar dormir dia e o coronavírus o coronavírus demorar diasalojado garganta tá e noite dedormir ó o gargarejar,saúde,10/05/2020,"
Edgard Matsuki ",https://www.boatos.org/saude/gargarejo-limao-bicarbonato-de-sodio-agua-morna-mata-coronavirus-garganta.html,0
10352,Venezuela se diz pronta para se defender em caso de agressão dos EUA  ,,autoridade venezuela afirmar pronto defender casar haver algum atacar unir o comandar presidente donald trump acordar o agência prensa latino o ministrar exterior jorge arreaza prometer defender o soberania e o integridade territorial venezuelano nicolas madurar acusar narcoterrorismo eua o esquentar o clima nação declaração o o pesquisar e análise mission truth revisar site ministério exterior arreaza o forçar armar nacional bolivariana observar movimento naval norte-americanos região seriar frutar operação o narcotráfico documentar relatório coordenar o navio função desempenhar capacidade o fanb monitorou etapa e pronto defender o venezuela cenário o ministrar nicolás madurar mensagem o norte-americanos citar o suposto manobrar o venezuela cortinar fumaça distrair eua pandemia coronavírus e o tática continuação guerra psicológico o país sul-americano,saúde,06/04/2020 12h57 ,06/04/2020 12h57 ,https://noticias.uol.com.br/internacional/ultimas-noticias/2020/04/06/venezuela-se-diz-pronta-a-se-defender-em-caso-de-agressao-dos-eua.htm,1
10353,"

Lula está com depressão e tem crises de choro na prisão, revela PF #boato 
",Boato – Agentes da Polícia Federal revelaram que o ex-presidente Luiz Inácio Lula da Silva está com depressão e tem passado por crises de choro na prisão.,lula depressão e crise chorar o informação agente polícia federal acompanhar o rotina lula prisão relatar o ex-presidente tomar antidepressivo e crise chorar,política,,"
Edgard Matsuki ",https://www.boatos.org/politica/lula-esta-com-depressao-crises-choro-prisao.html,0
10354,É #FAKE que PF apreendeu baús de medicamentos da Cruz Vermelha com bilhões de dólares dentro,PF diz que não houve nenhuma ocorrência do gênero. Comitê Internacional da Cruz Vermelha diz que vídeo circula há pelo menos dois anos e que símbolo usado é falso. Vídeo circula em outros países e relaciona dinheiro apreendido a grupos islâmicos.,circular rede social mensagem o informação polícia federal apreender baú medicamento cheio bilião dólar o texto dinheiro médico cubar voltar financiar guerrilhar armar pt e petistas preso flagrante o mensagem acompanhar vídeo e foto baú emblemar cruz vermelho mensagem conteúdo duvidoso imagem recorrente o comitê internacional cruz vermelho cicv informar desconhecer o origem vídeo e lembrar veicular internet o o longo ano o comitê internacional cruz vermelho caixa dinheiro identificar cópia grosseiro emblemar entidade,política, 03/12/2018," Por Roney Domingos, G1 ",https://g1.globo.com/fato-ou-fake/noticia/2018/12/03/e-fake-que-pf-apreendeu-baus-de-medicamentos-da-cruz-vermelha-com-bilhoes-de-dolares.ghtml,0
10355,Itália muda critério para contar casos de coronavírus  ,,"o discussão o estratégia adotada itália examinar pessoa saudável buscar coronavírus sars-cov-2 autoridade país decidir contabilizar caso graves.a medir objetivo concentrar o atenção realmente preciso tratamento causar impacto balançar epidemiar itália o semana passar autoridade sanitário examinar pessoa o d assintomático o explodir o casos.segundo o balançar divulgar noite quinta-feira defeso civil indivíduo testar positivar o sars-cov-2 e morrer o coronavírus o sofrer problema saúde.depois d etapa autoridade decidir examinar apresentar sintoma contato pessoa infectar passar riscar o vantagem pragmático evitar lotar estruturar pronto-socorro e hospital o virologista francesco broccolo universidade bicocca milão.por o instituto superior saudar iss órgão subordinar o o governar nacional o caso certificar anunciar proteção civil.alessandro vespignani físico especializar complexo e diretor instituto rede ciência universidade nordeste boston eua opinião semelhante critério notificação o caso vir crescer dia ficar identificar o vírus e sintoma explicou.a organização mundial saudar oms recomendar exame pessoa sintomático contato indivíduo riscar entanto vespignani precisar lidar o fato perder o tamanho epidemia"".enquanto o itália seguir caçar paciente coronavírus país o suspeito o epidemiar foco província lodi lombardia e outro pádua vêneto excluir interligar o presença foco indicar o epidemiar começar diferente e difícil controlar e isolar explicar o físico outro motivar discordância o procedimento confirmar casar coronavírus itália o iss roma o contágio certificar o análise amostrar paciente laboratório o exigir dias.até entanto governo regional informar proteção civil resultar positivo contraprovar instituto superior saudar o sanitário italiano descentralizar região seguir diretrizes explicar o diferençar o proteção civil e o iss o caso verdadeiro confirmar iss walter ricciardi membro italiano comitê-executivo oms e conselheiro ministrar saudar roberto speranza",saúde,28/02/2020 09h02 ,28/02/2020 09h02 ,https://noticias.uol.com.br/ultimas-noticias/ansa/2020/02/28/italia-muda-criterio-para-contar-casos-de-coronavirus.htm,1
10356,Anúncio de reabertura de orla foi feito um dia após homem implorar em praia  ,,postagem afirmar homem liberdade individuar sufocar o o impedir guardar municipal entrar praia portar barrir salvador omitir o fato praia cidade fechar março contar pandemia coronavírus processar reabertura gravação vídeo.no dia anterior gravação imagem o prefeitura haver anunciar quase praia salvador liberar banhista o sexta-feira o liberação o interdição entanto incluir praia portar barrir paciência e buracão bairro rir vermelhar faixar arear pequeno o autorização suspenso novamente dia setembro o decretar desrespeitar e pessoa frequentar praia semana,entretenimento,30/09/2020 19h52 ,Eleições 2020: Urna eletrônica pode ser hackeada?  ,https://noticias.uol.com.br/comprova/ultimas-noticias/2020/09/30/anuncio-de-reabertura-de-orla-foi-feita-um-dia-apos-homem-implorar-em-praia.htm,0
10357,“ vídeo secreto pentágono ” divulgar o deep web mostrar policial “ teleportando ”,,o dia janeiro o site tabloide britânico “ daily mail ” divulgar vídeo suar publicar o canal “ ufo today ” o youtube o vídeo o policial sair carro e aproximar veículo parar o estrar surgir umar luzir brilhante “ emergir céu ” e o policial desaparecer seguir o carro abordar,entretenimento,17/01/2019,marco faustino,https://www.e-farsas.com/um-video-secreto-do-pentagono-divulgado-na-deep-web-mostra-um-policial-se-teleportando.html,0
10358,Fátima brinca que quarentena a aproximou dos filhos: 'Estou adorando'  ,,"Mãe dos trigêmeos Beatriz, Laura e Vinícius, Fátima Bernardes disse estar ""gostando"" da quarentena causada pela pandemia do novo coronavírus por conseguir ficar ainda mais tempo com os filhos. Em conversa com a atriz Juliana Paes e o cantor Tiago Iorc no programa ""Encontro"" de hoje, a apresentadora brincou: ""Eu estou adorando essa quarentena, ninguém pode sair de casa, parece que eu estou com filho pequeno de novo. Fim de semana é com a mamãe!"". Beatriz, Laura e Vinícius, filhos de Fátima Bernardes e William Bonner, têm 22 anos. Nas redes sociais, a apresentadora tem compartilhado diversos momentos ao lado dos três durante a quarentena. O último clique com os filhos foi publicado no Dia das Mães.",saúde,04/06/2020 11h38 ,04/06/2020 11h38 ,https://tvefamosos.uol.com.br/noticias/redacao/2020/06/04/fatima-brinca-que-quarentena-a-aproximou-dos-filhos-estou-adorando.htm,1
10359,"

Promotor manda prender lutadora de MMA que bateu em bandido no Rio #boato 
","Boato – O promotor Jean Carlos Rosário decretou a prisão de Polyana Viana, lutadora de MMA que reagiu a assalto e espancou um criminoso no Rio de Janeiro.",promotor mandar prender lutador ufc reagir o assaltar e espancar criminoso rir janeiro o promotor justiçar jean carlos rosário decretar n feirar o prisão lutador mma polyanna viana crime lesão corporal gravar e excesso legítimo defeso o reagir o tentativo assaltar e espancar brutalmente o jovem roubar pertencer o promotor o lutador habilidade lutar espancar o jovem chance defeso o lutar … polyanna indiciar crime lesão corporal gravar e excesso legítimo defeso o ano prisão o assaltante max gadelha lopes ouvir polícia hospital e liberar seguir internar,brasil,08/01/2019,"
Edgard Matsuki ",https://www.boatos.org/brasil/promotor-manda-prender-lutadora.html,0
10360,Moro manda fechar fronteiras com países que fecharam fronteira com Brasil  ,,o ministrar justiçar sergio morar assinar hoje portar fechar fronteiro país haver fechar fronteiro o brasil estrangeiro país viajar país fronteiro fechar sequer passar território brasileiro o decretar tratar cidadão país fronteiro fechar o medir valer ponte aéreo empresar aéreo autorizar o impedir o embarcar pessoa encontrar n situação,saúde,27/03/2020 13h52 ,27/03/2020 13h52 ,https://noticias.uol.com.br/politica/ultimas-noticias/2020/03/27/moro-manda-fechar-fronteiras-com-paises-que-fecharam-fronteira-com-brasil.htm,1
10361,"Tocilizumabe é eficaz na redução de mortes entre internados com Covid grave, aponta estudo de Oxford","Resultado faz parte dos ensaios 'Recovery', que envolvem milhares de pacientes no Reino Unido. Medicamento NÃO deve ser usado em casos leves da doença.",o medicamentar anti-inflamatório tocilizumabe tratar artrite reumatoide eficaz reduzir morte paciente internar quadro grave covid-19 resultar preliminar divulgar n quinta-feira universidade oxford cientista descobrir o medicamentar conseguir diminuir o internação paciente e reduzir o necessidade ventilação mecânico intubação o estudar ensaio recovery envolver milhar paciente reinar unir e testar drogar existir descobrir eficácia o covid o pesquisar fase revisão cientista e publicar revisto científico ano passar o recovery constatar o hidroxicloroquina eficaz o covid e agravar caso doença o ensaiar benefício dexametasona corticoide paciente grave o coronavírus,ciência, 11/02/2021 14h09 , Por G1 ,https://g1.globo.com/bemestar/coronavirus/noticia/2021/02/11/tocilizumabe-e-eficaz-na-reducao-de-mortes-entre-pacientes-internados-com-covid-grave-aponta-estudo-preliminar-de-oxford.ghtml,1
10362,É preciso falar também do ato destrambelhado de Fux; não é rei absolutista  ,,claro o decisão marcar aurélio soltar traficante perigoso — tê-lo manter prisão preventivo — criar chocar sociedade e delírio punitivistas tonar tornar realidade bandido grosso calibrar continuar o multiplicar pobres-coitados seriar o quebrar o caro acontecer sociedade submetido o processo fascistização vertente fascitoides brasil contemporâneo influente o lavar jato porta-vozes transformar decisão desastrado marcar aurélio evidência o constituição fraudar o aplicação peno trânsito julgar mentir criminoso andré rap ficar solto post anterior evidenciar mentir o operação igualmente voltar o o prisão preventivo valer prisão perpétuo preciso transformar investigar refém ano lutar liberticida o político,política,14/10/2020 07h58 ,14/10/2020 07h58 ,https://noticias.uol.com.br/colunas/reinaldo-azevedo/2020/10/14/e-preciso-falar-tambem-do-ato-destrambelhando-de-fux-nao-e-rei-absolutista.htm,1
10363,"Compras online crescem 18,5%; produtos de Páscoa têm alta de 322%  ",,"vender online crescer 18,5 semana março o abril comparação o semana anterior o impulsionar o alto produto eletrodomésticos e eletrônicos entanto vender páscoa chamar o atenção pedir datar comemorativo aumentar dia março o abril o o período o abril vender ovo páscoa internet alto o ano passar chocolate apresentar crescimento o tíquete médio ovo n ano",saúde,14/04/2020 14h45 ,Talita Nascimento,https://economia.uol.com.br/noticias/estadao-conteudo/2020/04/14/compras-online-crescem-185-produtos-de-pascoa-tem-alta-de-322.htm,1
10364,É falso que urnas eletrônicas não podem ser auditadas  ,,buscar desacreditar o processar eleitoral brasileiro popular questionar resultar divulgar tse tribunal superior eleitoral urna eletrônicas seriar supostamente inauditáveis.segundo circular rede social ninguém o tse conseguir demonstrar urna pleno funcionamento e voto registrar corretar,política,10/10/2020 04h00 ,"Do UOL, em São Paulo",https://noticias.uol.com.br/confere/ultimas-noticias/2020/10/10/e-falso-que-urnas-eletronicas-nao-podem-ser-auditadas.htm,0
10365,Segurança é acusado de assassinato por atirar em homem sem máscara nos EUA  ,,segurança mercar sul califórnio acusar assassinato brigar cliente máscara proteção individual umeir corniche hawkins atirar jerry lewis julho informar o promotoria condado o angeles promotor afirmar homem começar o discutir lewis entrar mercar máscara o homem sair retornar voltar o brigar durante o discussão o esposo hawkins sabrina carter armar e lewis e cliente encerrar o brigar lewis hawkins puxar armar e atirar n o polícia ordem estadual emitir governador califórnio exigir pessoa máscara facial o o entrar ambientar fechar impedir o propagação coronavírus,saúde,09/07/2020 12h03 ,09/07/2020 12h03 ,https://noticias.uol.com.br/internacional/ultimas-noticias/2020/07/09/seguranca-e-acusado-de-assassinato-por-atirar-em-homem-sem-mascara-nos-eua.htm,1
10366,"

Havan está sorteando TV de 50 polegadas para quem acertar número premiado #boato 
","Boato – A Havan está sorteando uma TV de 50 polegadas para quem acertar o número premiado. Para ganhar, só preciso comentar em um post no Facebook.",o havan sortear tv 50″ prêmios acertar o numerar premiar abrir o foto comentar numerar o .. mudar cor chamar chat ganhar horar perder abrir o foto e comentar resultar sortear,entretenimento,,"
Edgard Matsuki ",https://www.boatos.org/tecnologia/havan-sorteando-tv-de-50-polegadas.html,0
10367,Laudo não afirmou que bala que matou Ághata saiu de fuzil de traficante  ,,mensagem divulgar rede social traficante responsável morte menino ághata felix setembro complexo alemão rir janeiro o informação laudo apresentar polícia o laudo balístico casar ágatha sic complexo alemão sair hoje né o perícia concluir o projétil corpo inocentar ágatha sic condizer o projétil pm rir janeiro desenhar pra entender o balir menino fuzil pms outro armar comum favela carioca afirmar o perguntar manifestação indignação amanhã pessoa pedir justiçar o globo falar casar programar jornalístico comentar o casar e pedir punir traficante pensar triste o morte criança querer atacar o governar falar pm contar sentir fato o perda criança o família d e instituição pmerj e pcerj botar o caro o tapar e investigar e apurar fato fato justiçar criança inocentar,entretenimento,24/10/2019 04h01 ,Lucas Borges Teixeira,https://noticias.uol.com.br/confere/ultimas-noticias/2019/10/24/laudo-nao-afirmou-que-bala-que-matou-agatha-saiu-de-fuzil-de-traficante.htm,0
10368,Vacinas para covid-19 não são capazes de provocar danos genéticos  ,,vacinar desenvolvimento o covid-19 utilizar tecnologia vetor viral adenovírus vacinar dna e vacinar rna mensageiro provocar alteração genético câncer enganoso o alegação vacinar seguro testar durante ano afirmação feito médico alessandro loiola durante entrevisto publicar vídeo e compartilhar semana dezembro deputar federal rir janeiro daniel silveiro psl perfil facebook.ao contrário defender o médico entrevisto haver provar haver mínimo vacinar desenvolvido considerar seguro modo existir estudo científico catalogar futurar vacinar o coronavírus causar câncer alteração genético imunizar válido reforçar imunizante desenvolvimento o covid-19 testar conjuntar laboratório e instituição pesquisar mundo o aval órgão regulatórios diferente país,saúde,20/12/2020 04h00 ,"Do UOL, em São Paulo*",https://noticias.uol.com.br/comprova/ultimas-noticias/2020/12/20/vacinas-para-covid-19-nao-sao-capazes-de-provocar-danos-geneticos.htm,0
10369,"

Telefone 08002800102 é gratuito e de auxílio à lista #boato 
",Boato – Quatro informações úteis não divulgadas: telefone 08002800102 é auxílio à lista gratuito e substitui o número 102. Repassem a todos!,"informação uteis divulgar .. auxiliar o lista telefonar avisar realmente importante consulto o o pagar r$ 1,20 serviço o telefônica avisar existir serviço verdadeiramente gratuito divulgar gente ficar .. divulgar o pessoa acabar o “ indústria multar ” e abuso gostar guardar o informação si repassar",brasil,11/12/2018,"
Carol Lira ",https://www.boatos.org/brasil/telefone-gratuito-auxilio-lista.html,0
10370,Mais de 60% dos países violaram direitos humanos na pandemia  ,,"Seis em cada dez países do mundo adotaram medidas problemáticas em termos de direitos humanos, ou de normas democráticas para enfrentar a pandemia de coronavírus - afirma um relatório publicado nesta quarta-feira (9) pela ONG International IDEA. O estudo, que envolve quase todos os países do mundo, conclui que 61% das nações adotaram medidas consideradas ""ilegais, desproporcionais, sem limite de tempo, ou desnecessárias"", em ao menos uma esfera relativa às liberdades democráticas. Embora 90% dos regimes autoritários tenham violado direitos fundamentais, a ONG, com sede em Estocolmo, especializada no estado da democracia no mundo, aponta que 43% dos países considerados democráticos também cometeram abusos.",saúde,09/12/2020 12h47 ,09/12/2020 12h47 ,https://noticias.uol.com.br/ultimas-noticias/afp/2020/12/09/mais-de-60-dos-paises-violaram-direitos-humanos-na-pandemia.htm,1
10371,o presidente jair bolsonaro “ homenagear ” papel higiênico o alemanha,"no dia 29 de julho de 2019, o site “diário do centro do mundo” (dcm) divulgou uma inusitada informação envolvendo o presidente jair bolsonaro. de acordo com a publicação, onde havia uma única foto e nenhum texto, o presidente brasileiro teria sido homenageado na estampa de um papel higiênico, na alemanha (arquivo).",curiosamente minuto “ usuário ” chamar “ dcm ” publicar informação site chamar “ notícia ” arquivar,política,30/07/2019,marco faustino,https://www.e-farsas.com/o-presidente-jair-bolsonaro-foi-homenageado-em-papel-higienico-na-alemanha.html,0
10372,Gastos do governo federal com alimentação e leite condensado caíram em 2020  ,,"painel comprar ferramenta transparência união mostrar o montante pagamento item alimentação sofrer redução expressivo comparação considerar principal produto comprar governar federal ano gestão gasto r$ 3,7 bilião r$ 2,8 bilião cortar cercar incluir o comprar leite condensar",política,28/01/2021 10h40 ,Demétrio Vecchioli,https://noticias.uol.com.br/politica/ultimas-noticias/2021/01/28/gastos-com-alimentacao-do-governo-federal-caem-25-em-relacao-a-2019.htm,1
10373,"

Cadastro para o Renda Brasil, Auxílio Gás, Mesa Brasil e Conta Pra Mim é aberto pelo governo no WhatsApp #boato 
","Boato – O governo abriu o cadastro para o Renda Brasil, Mesa Brasil (que dá cestas básicas), Auxílio Gás, Auxílio Cesta Básica e Conta Pra Mim (do MEC, de livros grátis) em um site que pede compartilhamento no WhatsApp.","atualização e cadastramento o programar auxílio gás e auxílio cesta básico cadastrar auxílio gás r$ 85,00 site cadastrar auxílio cesta básico r$ 225,00 site cadastrar auxílio gás e cesta básico r$ 310,00 site benefício aprovação imediato beneficiarios bolsar família e auxílio emergencial.olha o mesa brasil doação cesta básico item alimento incluir frutar legume verdura e produto higiene solicitar cesta família acesse o site e descobrir posto entregar site]comunicado urgente o setembro o programar bolsar família e o auxílio emergencial substituir programar render brasil oferecer abrangência e pagamento r$ família cadastrar perder direito o o benefício atualize cadastrar site site repassar o informaçãoo mec ministério educação distribuir gratuitamente brasil o coleção livro projeto contar pra mim incentivar o leitura casar ganhar basto o cadastrar site projeto site",entretenimento,27/08/2020,"
Edgard Matsuki ",https://www.boatos.org/tecnologia/cadastro-renda-brasil-auxilio-gas-mesa-brasil-conta-pra-mim-governo-whatsapp.html,0
10374,"

CEO do Euro Exim Bank disse ciclistas são um desastre para a economia #boato 
","Boato – Para CEO do Banco Euro Exim Ltda, ciclistas são um desastre para a economia e não adicionam nada ao PIB do país.",“ o ceo euro exim bank ltd economista pensar “ ciclista desastre o economia país comprar carro e tomar empréstimo comprar segurar carro comprar combustível enviar carro serviço e reparo – estacionamento pagar causar acidente grave exigir rodovia faixar – tornar obeso – … e drogar pessoa saudável ​​não necessário o economia comprar remédio o hospital e médico adicionar o o pib país outro loja mcdonald ’ s criar emprego cardiologista dentista especialista perda pesar pessoa trabalhar mcdonald ’ s escolher sabiamente ciclista mcdonald valer o peno pensar ” ps caminhar comprar bicicleta ”,mundo,30/06/2020,"
Kyene Becker ",https://www.boatos.org/mundo/ceo-euro-exim-bank-ciclistas-desastre-economia.html,0
10375,É #FAKE que diretor do HC mandou mensagem com dicas para evitar gripe e que Tamiflu é feito de erva-doce,Mensagem que circula no WhatsApp e no Facebook é falsa. Diretor do HC não mandou texto ou áudio e Tamiflu não é feito de erva-doce.,mensagem voltar o circular facebook e whatsapp sugerir diretor hospital clínico paulo preocupar o gripar matar gente série recomendação o texto o chá erva-doce matar o vírus influenza e d o tamiflu fake o mensagem falso circular internet haver e checar g1 maio o assessoria hospital clínico o diretor hc recomendação o assunto o hcfmusp esclarecer o áudio e o texto circular rede social supostamente o diretoria clínico hc alertar o gripar h3n2 feito hospital o noto,política, 24/04/2019," Por Roney Domingos, G1 ",https://g1.globo.com/fato-ou-fake/noticia/2019/04/24/e-fake-que-diretor-do-hc-mandou-mensagem-com-dicas-para-evitar-gripe-e-que-tamiflu-e-feito-de-erva-doce.ghtml,0
10376,Coronavírus: Avião russo com ajuda humanitária chega aos EUA  ,,avião enviar rússia carregar ajudar humanitário chegar o o aeroporto internacional john f. kennedy york hoje o informação missão russo onu o pandemia coronavírus deixar 4.500 morto unir imagem transmitir o o viver contar missão twitter mostrar o retirar caixa avião carga antonov-124 forçar aéreo russo o ministério defeso russo haver indicar o carregamento consistir máscara médico e equipamento médico acordar o porta-voz kremlin dmitri peskov presidente rússia vladimir putin e unir donald trump falar ajudar durante converso telefonar segunda-feira,saúde,01/04/2020 18h56 ,01/04/2020 18h56 ,https://noticias.uol.com.br/ultimas-noticias/afp/2020/04/01/aviao-russo-com-ajuda-humanitaria-chega-aos-eua.htm,1
10377,Brasil não terá uma nova moeda lastreada em nióbio chamada 'DIM'  ,,produzir base postagem feito facebook vídeo publicar julho canal cristina daflon chicletinho youtube afirmar o brasil substituir o real dim o moeda lastreada nióbio entrar vigor novembro atar interventorial constituinte assinar chefe celio evangelista ferreiro nascimento o conteúdo falso.constitucionalmente o banco central bc o responsável exclusivo emissão moeda brasileiro o órgão negar taxativo o possibilidade mudança financeiro nacional,entretenimento,24/07/2020 17h11 ,"Do UOL, em São Paulo*",https://noticias.uol.com.br/comprova/ultimas-noticias/2020/07/24/brasil-nao-tera-uma-nova-moeda-lastreada-em-niobio-chamada-dim.htm,0
10378,Juízes atribuem a Bolsonaro crimes contra a saúde e 'menosprezo' à pandemia no AM  ,,o associação juiz o democracia ajd encaminhar n terço procuradoria-geral repúblico representação o presidente jair bolsonaro razão menosprezar consistente indício agravamento pandemia amazona culminar desabastecimento oxigênio o entidade magistrado indício crime o saudar público o incolumidade público e periclitação vidar e saudar documentar encaminhar o arar o ajd citar delito cometido bolsonaro perigar o vidar saudar outrem prever artigo código penal peno detenção o ano subtração ocultação inutilização material salvamento prever artigo cp peno o ano reclusão e infração medir sanitário preventivo prever artigo peno o ano detenção o representação ajd lista inicialmente diferente ações e omissão bolsonaro frente pandemia chamar o covid-19 gripezinha durante o ano jair bolsonaro exonerar causar o demissão ministro saudar crítico promover aglomeração ignorar o máscara difundir informação falso vacinar estimular o consumir medicamento ineficaz prejudicial população suposto medir prevenção o covid-19 e e portou-se maneiro o comprometer diplomático país fornecedor insumo fundamentar imunização população brasileiro chino e índio,saúde,26/01/2021 14h51 ,Pepita Ortega e Fausto Macedo,https://noticias.uol.com.br/ultimas-noticias/agencia-estado/2021/01/26/juizes-atribuem-a-bolsonaro-crimes-contra-a-saude-e-menosprezo-a-pandemia-no-am.htm,1
10379,"Não haverá indicação política do PT no meu governo, diz João Campos  ",,prefeito eleito cidade recife joão campo psb declarar hoje haver indicação político membro pt o ocupação cargo governar campo derrotar primo marília arraes pt disputar prefeitura o o longo campanha candidato trocar diverso acusação envolver farpar — aliar âmbito estadual posicionar o o longo campanha firmar compromisso pessoa recife governar durante ano haver indicação político pt ocupação espaço afirmar campo declaração o o jornalista carlos madeirar durante o uol entrevisto,política,30/11/2020 15h11 ,30/11/2020 15h11 ,https://noticias.uol.com.br/eleicoes/2020/11/30/nao-havera-indicacao-politica-do-pt-no-meu-governo-diz-joao-campos.htm,1
10380,"

Doria pagou outdoor em Campo Grande (MS) com dinheiro público #boato 
","Boato – O governador de São Paulo, João Doria, usou dinheiro público do estado para pagar por um outdoor com a imagem dele na cidade de Campo Grande (MS).",o governador paulo joão doria uso aumentar verba publicidade promover governar outdoor propaganda o vacinação incluso avenida movimentar campar matar grosso sul o candidatar o presidência gastar o dinheiro contribuinte paulista propaganda antecipar paulo …,política,28/01/2021,"
Edgard Matsuki ",https://www.boatos.org/politica/doria-pagou-outdoor-campo-grande-ms-dinheiro-publico.html,0
10381,Moderna anuncia que vacina contra a Covid-19 é eficaz em crianças a partir de 12 anos,,o farmacêutico moderno anunciar n terça-feira o vacinar o covid-19 desenvolvido empresar eficaz criança o ano e jovem ano resultar coletados estudar 3.700 participante o empresar pretender enviar regulador unir o atualizar regrar emergencial vacinar início junho eua o food and drug administration fda aprovar início o vacinar pfizer faixar etário seguro o mrna-1273 altamente eficaz prevenção covid-19 adolescente particularmente emocionante o vacinar moderno prevenir o infecção sars-cov-2 continuar empenhar o ajudar o acabar o pandemia ” ressaltar o ceo moderno stéphane bancel comunicar o vacinar moderno disponível pessoa ano unir o imunizante johnson johnson o pfizer atualmente realizar teste clínico criança idade e informar provavelmente buscar setembro autorização emergencial criança o ano,saúde, Publicado em  25/05/21 10:40 ,Extra,https://extra.globo.com/noticias/coronavirus/moderna-anuncia-que-vacina-contra-covid-19-eficaz-em-criancas-partir-de-12-anos-25032949.html,1
10382,Prefeito espanhol renuncia após ser flagrado furando a quarentena bêbado  ,,álex pastor o prefeito cidade espanholar badalona província catalunha entregar hoje cartar renunciar o o cargo passar o noite cadeia pastor deter noite voltar bêbado barcelona flagrar embriagar e recusar o o testar bafômetro o ex-prefeito furar o quarentenar o cidade badalona governar aïda llauradó vice-prefeita o país quarentenar radical março cercar 21.717 pessoa morrer coronavírus espanha o oms,saúde,22/04/2020 10h37 ,22/04/2020 10h37 ,https://noticias.uol.com.br/internacional/ultimas-noticias/2020/04/22/prefeito-espanhol-renuncia-apos-ser-flagrado-furando-a-quarentena-bebado.htm,1
10383,"
  Xangai e Pequim confirmaram os primeiros casos do novo coronavírus em janeiro","Várias publicações compartilhadas no Facebook e no Twitter asseguram que o novo coronavírus, detectado pela primeira vez em Wuhan em dezembro de 2019, não chegou às “cidades importantes da China”, como Xangai e a capital Pequim. Essa afirmação, no entanto, é falsa: ambas as cidades, assim como Shenzhen, apresentaram os primeiros casos positivos antes que se completasse um mês da identificação do vírus.Envie-nos por WhatsApp Email",“ corona vírus atingir pessoa kms e atingir xangai e pequim kms e 1.052 kms capitar financeiro político e comerciar chino sic ” e “ o vírus corona viajar o mundo inteirar wuhan chegar o pequim e xangai ... alguém conseguir colocar luzir sic ” legendar acompanhar publicação compartilhar o dia março facebook o texto publicar usuário n redar social e twitter alteração conteúdo afirmação central o vírus haver chegar s cidade xangai e pequim manter publicação igualmente enviar o o whatsapp afp checar verificar espanhol o alegação replicar e compartilhar,saúde,6/04/2020 às 22:31,"AFP Uruguai, Bruno Scelza, AFP Brasil",https://checamos.afp.com//xangai-e-pequim-confirmaram-os-primeiros-casos-do-novo-coronavirus-em-janeiro,0
10384,"'Só o professor não quer trabalhar na pandemia', diz Ricardo Barros  ",,o deputar federal ricardo barro progressista líder governar câmara deputar criticar hoje o classe professorar o o afirmar docente trabalhar e explicar n haver votação congresso transformar o educação serviço essencial e reabrir escola o pandemia covid-19 absurdo o permitir professorar causar dano s criança continuidade formação o professor modernizar atualizar passar concurso esperar aposentar aprender barro entrevisto cnn brasil o parlamentar explicar reabrir escola público e particular e professorar voltar o s aula motivação docente voltar o ministrar disciplinar,política,20/04/2021 11h57Atualizada em 20/04/2021 12h05 ,20/04/2021 11h57Atualizada em 20/04/2021 12h05 ,https://educacao.uol.com.br/noticias/2021/04/20/ricardo-barros-governo-critica-professores.htm,1
10385,"Sem escola, criança desaprende a usar garfo e volta à fralda na Inglaterra  ",,o inglaterra anunciar resultar escola pós-lockdown e traçar quadrar desolador o educação distância o fechamento escola resultar negativar criança escola primário país o ofsted órgão fiscalizar e regulamentar instituição ensinar novecentos escola inspecionadas n bimestre o amostragem gênero o e o conclusão o afetado quarentenar o criança acordar o documentar criança desaprender o garfar e faca regredir s fraldar afetadas ausência convívio o situação agravar caso criança pai trabalhar maneiro inspetores observar haver diminuição vocabulário d criança e declínio fluência e desejar leitura,saúde,20/11/2020 04h04 ,Duda Lafetá,https://noticias.uol.com.br/saude/ultimas-noticias/redacao/2020/11/20/educacao-a-distancia-faz-criancas-regredirem-durante-a-pandemia.htm,1
10386,Bebê de dois meses morre de coronavírus na Bahia; família questiona diagnóstico  ,,beber morrer ipiaú sudoestar bahia vítima coronavírus o informação secretariar municipal saudar o morte acontecer manhã quinta-feira o resultar positivar o doença comunicar família parente negar o menino morrer covid-19 d testar positivar o doença o jornal o s. paulo acesso o o atestar óbito beber anemia gravar toxoplasmose congênita e chocar hemorrágico causar morte o secretariar saudar ipiaú informar noto o menino testar morte o explicar o demorar o resultar entrar cabeça o atestar óbito falir e governar falir completamente diferente o avô pedir identificar o família acesso contraprovar testar o beber morrer dia entrar hospital regional prado valadares jequié o pediatro recomendar analisar resultar ultrassons e raio-x durante exame rotina levar unidade gerir governar ficar o horar distância ipiaú histórico toxoplasmose congênita infecção transmitir mãe e associar o contato gatar e felino o ingestão água e alimento e anemia chegar o o hospital o beber precisar bolsar sangue problema o crânio d desenvolver dever ninguém falar coronavírus relatar o avô,saúde,06/05/2020 12h10 ,"Fernanda Santana, especial para a AE",https://noticias.uol.com.br/ultimas-noticias/agencia-estado/2020/05/06/bebe-de-dois-meses-morre-de-covid-19-na-bahia-familia-questiona-diagnostico.htm,1
10387,"

Joe Biden, candidato democrata à Presidência dos EUA, é pedófilo, prova vídeo #boato 
","Boato – Vídeos comprovam que o candidato democrata à Presidência dos EUA, Joe Biden, é um pedófilo. Imagens mostram ele assediando crianças.",o esquerdo “ progressista ” mundial querer colocar pedófilo presidência eeuu joe biden flagrar conseguir conter fdp canalha joe biden o candidatar esquerdo progressista americano democrata observar comportamento menino criança e adolescente,mundo,29/08/2020,"
Edgard Matsuki ",https://www.boatos.org/mundo/joe-biden-candidato-democrata-pedofilo.html,0
10388,Bélgica tem 1.011 mortes por coronavírus; casos passam de 15 mil   ,,"pessoa morrer consequência coronavírus bélgica balançar dobrar dia n reinar europeu 11,4 milhão habitante anunciar hoje autoridade saudar o bélgica registrar 1.011 óbito o início pandemia 15.348 caso contágio o aumentar segunda-feira provocar atrasar contagem morte casar repousar afirmar autoridade",saúde,02/04/2020 06h59 ,02/04/2020 06h59 ,https://noticias.uol.com.br/ultimas-noticias/afp/2020/04/02/belgica-tem-1011-mortes-por-coronavirus-casos-passam-de-15-mil.htm,1
10389,É errado comparar letalidade da covid-19 com reações à vacina  ,,"s tuítes comparar o taxar letalidade covid-19 o taxar reações adverso leve registrar teste vacinar coronavac desenvolvido farmacêutico chinês sinovac parceria o instituto butantan postagens comparar diferente o letalidade o pessoa morrer contrair o coronavírus acordar o oms organização mundial saudar abaixar reações adverso vacinar registrar chinês participar teste tratar quantidade pessoa apresentar sintoma dor muscular aplicação perda apetitar receber o imunizante.não haver registrar morte nenhum paciente participar teste coronavac brasil chino brasileiro testar principal sintoma dor aplicação dor cabeça e fadigar 0,1 febre o imunizante seguir fase teste comprovar eficácia combater o infecção",saúde,03/11/2020 16h43 ,"Do UOL, em São Paulo*",https://noticias.uol.com.br/comprova/ultimas-noticias/2020/11/03/e-errado-comparar-letalidade-da-covid-19-com-reacoes-a-vacina.htm,0
10390,"'À frente na tabela', Lula comemora Datafolha, mas rechaça 'salto alto'  ",,atos caráter eleitoral alagoa reinaugurar obrar haver inaugurar jair bolsonaro chamar o ex-presidente luiz inácio lula silvar ladrão dedo facilmente previsível ironizar pessoa o lula ouvir coluna n pesquisar datafolha o petista vencer bolsonaro turno eleição o turno o líder petista ficar frente o o resultar confirmar interlocutor o percepção ex-presidente levantamento realizar presencial pesquisar mostrar colocar disputar palácio planalto lula querer afastar o interlocutor o precipitação saltar alto o claro devidamente narrar metáfora futebolístico,política,13/05/2021 14h06 ,13/05/2021 14h06 ,https://noticias.uol.com.br/colunas/leonardo-sakamoto/2021/05/13/lula-esta-feliz-de-estar-a-frente-na-tabela-mas-rechaca-salto-alto.htm,1
10391,PF faz operação contra desvios na compra de máscaras no Tocantins  ,,"o polícia federal n quarta-feira operação apurar desvio comprar máscara proteção secretariar saudar tocantim pandemia covid-19 doença respiratório causar coronavírus informar o pf noto o polícia federal encontrar indício superfaturamento contrato firmar o secretariar estadual saudar e empresar visar aquisição máscara proteção facial adquirir unitário real totalizar afirmar o polícia federal investigação durante o pandemia existir processar licitatório vigente secretariar estadual saudar resultar contratação empresar o fornecimento máscara proteção facial idêntico valorar variar 1,93 real e 3,64 real investigar responder crime formação cartel e peculato crime o economia popular peno somar ultrapassar ano reclusão e multar o pf policiar federar cumprir mandar buscar e apreensão e mandar intimação expedir 4ª varar federal seção judiciário tocantim",saúde,03/06/2020 07h59Atualizada em 03/06/2020 10h30 ,Por Eduardo Simões,https://noticias.uol.com.br/ultimas-noticias/reuters/2020/06/03/pf-faz-operacao-contra-desvios-na-compra-de-mascaras-no-tocantins.htm,1
10392,Frase de Cármen Lúcia de 2018 é tirada de contexto para afirmar que Lula não poderá se candidatar em 2022,,montagem enganir o o trazer umar frase pelar ministro stf supremo tribunal federal cármen lúcia sobrar o lei fichar limpo e descontextualiza o o indicar o ex-presidente lula pt candidatar,política,2021-07-29,Comprova,https://projetocomprova.com.br/publicações/frase-de-carmen-lucia-de-2018-e-tirada-de-contexto-para-afirmar-que-lula-nao-podera-se-candidatar-em-2022/,0
10393,"

Neymar pode ser emprestado ao Flamengo até o fim do ano pelo PSG #boato 
",Boato – O jogador Neymar poderá jogar no Flamengo. Ele será emprestado até o fim do ano pelo PSG. O clube francês vai arcar com 50% do salário do atacante e os direitos de imagem.,o staff neymar querer empréstimo jogador o o flamengo o psg iriar arcar o salariar mensal o ano e propaganda o atleta n período flamengo direcionado o ficar o carga total e direito imagem pequeno detalhe desnortear acordocom o flamengo hoje o objetivo neymar jogar flamengo e fugir focar europa imagem visto jogar flamengo conseguir ficar o família e negócio voltar o feliz reunião acontecer d terço feirar europa o própio neymar staff convencer o sheik dono psg o libera-lo empréstimo o flamengo.notícia horar neymar dispor o abrir mão salário jogar flamengo o d ano.psg bancaria salário e flamengo direito imagem lucrar dividir o neymar produto flamengo o propaganda psg o flamengo o melhor vitrine vender janela n janela encerrar amanhã haver ofertar satisfatório o o psg neymar jogar psg e o flamengo flamengo anunciar o neymar júnior,entretenimento,,"
Raiane Gonoli ",https://www.boatos.org/esporte/neymar-emprestado-ao-flamengo-psg.html,0
10394,stj negar liberdade o umar mãe filho furtar leite pó,,conferir abaixar algum d recente viralização,política,25/05/2019,marco faustino,https://www.e-farsas.com/stj-negou-liberdade-a-uma-mae-de-4-filhos-que-furtou-leite-em-po.html,0
10395,Trump acusa FDA de reduzir velocidade dos testes de vacina para covid-19  ,,washington reuters o presidente unir donald trump acusar n sábado membro profundar órgão vigilância sanitário food and drug administration fda fornecer evidência trabalhar retardar o testar vacinar covid-19 eleição presidencial novembro postagem twitter trump o profundar fda tornar difícil empresar farmacêutico inscrever pessoa ensaio clínico testar vacinar e terapia o coronavírus o comentário vir o reuters publicar matéria exclusivo quinta-feira alto funcionário fda renunciar o administração trump aprovar vacinar mostrar seguro e eficaz obviamente esperar adiar o respostar novembro concentrar velocidade e salvar vidar escrever trump marcar o comissário fda stephen hahn tuíte,saúde,22/08/2020 14h28 ,22/08/2020 14h28 ,https://noticias.uol.com.br/ultimas-noticias/reuters/2020/08/22/trump-acusa-fda-de-reduzir-velocidade-dos-testes-de-vacina-para-covid-19.htm,1
10396,"

Papa Francisco disse que “família é lugar de perdão” e que não existe família perfeita #boato 
","Boato – Em texto, o papa Francisco disse que “família é lugar de perdão” e que não existe família perfeita. Ele teria dito que não existem casamentos, filhos ou famílias saudáveis sem o exercício do perdão, pois ele é vital para a saúde emocional e sobrevivência espiritual.",família perdão … existir família perfeito pai perfeito perfeito casar pessoa perfeito filho perfeito queixar decepcionar o haver casamentar saudável família saudável o exercício perdão o perdão vital saudar emocional e sobrevivência espiritual perdão o família tornar arena conflito e reduto mágoa perdão o família adoecer o perdão o assepsiar almo o faxinar mentir e o alforriar coração perdoar paz almo comunhão deus o mágoa veneno intoxicar e matar guardar mágoa coração gesto autodestrutivo autofagia perdoar adoecer físico emocional e espiritualmente o família preciso vidar e morte território curar e adoecimento palco perdão e culpar o perdão trazer alegria o mágoa produzir tristeza curar o mágoa causar doença otimo dia papar francisco,entretenimento,,"
Raiane Gonoli ",https://www.boatos.org/religiao/papa-francisco-familia-lugar-de-perdao-nao-existe-familia-perfeita.html,0
10397,"

Base americana intercepta mísseis do Irã com sistema de rastreamento, mostra vídeo #boato 
",Boato – Vídeo mostra momento em que sistema de rastreamento da base norte-americana no Iraque intercepta mísseis iranianos e os destrói.,base americano receber míssil iraniano metralhadora rastreamento automático impressionante base americano interceptar míssil iraniano metralhadora automático impressionante base americano interceptar míssil iraniano metralhadora segmentar automático impressionante vídeo base americano iraque exato instante o defeso anti aéreo inteligente detectar míssil iraniano inteligente funcionar o intervenção humano tecnologia!!vídeo base americano iraque exato instante o defeso anti aéreo inteligente detectar míssil iraniano inteligente funcionar o intervenção humano tecnologia chamar phalanx ciws defeso canhao m rotatorio disparar minutar atar km.sensacional pra entender o atacar irã base americano nenhum sucesso errar iraniano o defeso base americano pulverizar míssil e espatifar chão nenhum problema o vídeo vídeo base americano iraque exato instante o defeso anti- aéreo inteligente detectar míssil iraniano inteligente funcionar o intervenção humana.a mídia podre mostrar esquecer míssil atingir o solo abatido,mundo,,"
Edgard Matsuki ",https://www.boatos.org/mundo/base-americana-intercepta-misseis-ira-sistema-rastreamento-video.html,0
10398,"

Rodrigo Maia participa de festa de aniversário de Luiz Fernando Pezão durante pandemia da Covid-19 #boato 
","Boato – Rodrigo Maia participou da festa de aniversário de Luiz Fernando Pezão durante a pandemia de Covid-19. Uma foto mostra o presidente da Câmara sem máscara e em aglomeração na casa do ex-governador do RJ, que está em prisão domiciliar.",o esperar presidente câmara rodrigar maio festa aniversário ex-governador-rj pezão condenar justiçar prisão domiciliar responder pode-se esperar atrapalhar governar procurar agir corretamente.festinha d semana aniversário casar pezão prisão domiciliar convidar ilustre olhar o presidente emailprotected ai quadrilha unir,política,08/09/2020,"
Raiane Gonoli ",https://www.boatos.org/politica/rodrigo-maia-festa-aniversario-pezao-pandemia.html,0
10399,"

Empresa lança limão que já vem com cachaça dentro #boato 
","Boato – A empresa Magnífica de Faria lançou o Limão Alegria, um limão que já vem com cachaça dentro. É quase uma plantação de caipirinha.",exportar alegria especialidade família magnífico hoje superar lançar o limão alegria o vídeo e divirta-se conhecer o lançamento dia 1o abril limão alegria – o limão cachaça,ciência,08/04/2019,"
Edgard Matsuki ",https://www.boatos.org/ciencia/empresa-limao-cachaca-dentro.html,0
10400,Servidores da Abin falam em 'cortar na carne' caso haja desvio de função  ,,"Diante da notícia publicada na revista Época de que integrantes da Agência Brasileira de Inteligência teriam feito relatórios para orientar a defesa do senador Flávio Bolsonaro (Republicanos) na ação em que é acusado de praticar rachadinha, o presidente da associação de servidores, Carlos Estrela, defende a integridade dos colegas. Ele acredita que, caso seja provado algum desvio, a corregedoria interna vai agir com rigor. ""Nós seremos os primeiros a dizer que tem que pagar e cortar na própria carne"", afirma o presidente da Associação de Servidores da Agência Brasileira de Inteligência (Asbin). Estrela quer esclarecimentos dos diretores do órgão sobre o caso. ""Vamos entrar em contato com a direção da Abin para verificar se houve isso ou não houve"", diz ele, que tem preocupação com possíveis ingerências políticas no órgão.",política,11/12/2020 17h46 ,11/12/2020 17h46 ,https://noticias.uol.com.br/colunas/chico-alves/2020/12/11/servidores-da-abin-falam-em-cortar-na-carne-caso-haja-desvio-de-funcao.htm,1
10401,MPF pede que Ministério da Saúde envie maior número de vacinas a Rondônia  ,,"o mpf ministério público federal recomendar o ministério saudar aumentar o quantidade vacinar destinar o o rondônia o pedir coordenação-geral programar nacional imunização pastar o justificativo o médio morte 53,1 acima nacional amazona d o o receber vacinar proporcionalmente população situação rondônia pandemia covid-19 relatório elaborar técnico cgu controladoria-geral união e tce tribunal contar",saúde,25/05/2021 16h16Atualizada em 25/05/2021 16h17 ,25/05/2021 16h16Atualizada em 25/05/2021 16h17 ,https://noticias.uol.com.br/saude/ultimas-noticias/redacao/2021/05/25/mpf-pede-que-saude-aumente-quantidade-de-vacinas-para-rondonia.htm,1
10402,É falso que a covid-19 seja uma trombose causada por bactéria,,o o contrário afirmar publicação aplicativo mensagem e rede social o covid-19 doença respiratório causar vírus sars-cov-2 e curar encontrar,saúde,2020/06/25,Comprova,https://projetocomprova.com.br/publicações/e-falso-que-a-covid-19-seja-uma-trombose-causada-por-bacteria/,0
10403,Lava Jato descartou grampo sobre tríplex por receio de ajudar tese de Lula  ,,"A força-tarefa da Operação Lava Jato não incluiu em denúncia contra o ex-presidente Luiz Inácio Lula da Silva (PT) um diálogo captado em grampo telefônico que poderia dar voz à tese do político de que ele não tinha envolvimento com o apartamento tríplex em Guarujá (SP). Procuradores do MPF-PR (Ministério Público Federal do Paraná) conversaram, em 13 de setembro de 2016, sobre a inclusão de um trecho obtido por meio de uma interceptação telefônica de Mariuza Marques, funcionária da empreiteira OAS, encarregada da supervisão do edifício ""Pessoal, especialmente Deltan [Dallagnol, coordenador da Lava Jato], temos que pensar bem se vamos utilizar esse diálogo da MARIUZA, objeto da interceptação. O diálogo pode encaixar na tese do LULA de que não quis o apartamento. Pode ser ruim para nós"", escreveu o procurador Athayde Ribeiro Costa. (...) Leia íntegra no UOL.",política,01/03/2021 15h00 ,01/03/2021 15h00 ,https://noticias.uol.com.br/colunas/reinaldo-azevedo/2021/03/01/lava-jato-descartou-grampo-sobre-triplex-por-receio-de-ajudar-tese-de-lula.htm,1
10404,"

Pequim e Xangai não têm casos de coronavírus porque China criou uma arma biológica #boato 
",Boato – Acharam a prova de que o coronavírus é uma arma biológica criada pela China: as cidades de Pequim e Xangai ficam ao lado de Wuhan e não têm casos da Covid-19.,corona errar … wuhan xangai km wuhan pequim 1.052 km wuhan milão 8.700 km wuhan york 12.000 km wuhan etli 8.670 km wuhan londres 8.880 km wuhan parir 8.900 km wuhan espanha 9.830 km wuhan índio 3.575 km wuhan irã 6.560 km errar … o vírus corona originar cidade wuhan chino e chegar o canto mundo vírus atingir o capital chino pequim e o capital econômica xangai wuhan … pequim o cidade líder chino viver líder militar morar controlar o chino morar haver travamento pequim aberto corona efeito … xangai o cidade administrar o economia chino o capital econômica chino viver pessoa rico chino manter o indústria funcionar haver bloquear o coroar efeito … … o corona vírus pandêmico informar criar pânico o mundo pequim e xangai importante chino o perguntar país desenvolvido mundo parar o corona!corona criar terror cidade mundo conflito chegar o pequim … chegar o xangai … … pequim e xangai adjacente o wuhan o vírus wuhan chegar o canto mundo vírus chegar o pequim e xangai … … hoje índio trancar economia paralisar principal cidade chino aberto e o abril o chino abrir wuhan o mundo inteirar assolar terror caso chegar chino e o chino aberto … … outro o mercar ações o mundo cair quase nifty passar índio o participação chino – o mercar 2.700 haver efeito d vírus mercar chinês … … o coroar armar bioquímico chino o chino deixar destruição mundo matar pessoa o chino controlar vírus remédio compartilhar o mundo …,mundo,02/04/2020,"
Edgard Matsuki ",https://www.boatos.org/mundo/pequim-xangai-nao-tem-casos-coronavirus-china-criou-arma-biologica.html,0
10405,"Após polêmica, Bolsonaro faz recomendação sobre covid-19 nas redes sociais  ",,dia o ministério saudar apagar tuíte destacar o isolamento social prevenção o o coronavírus o presidente jair bolsonaro post facebook recomendação relacionar doença caixa alto bolsonaro destacar expressão procurar médico e tratamento precoce texto recomendar o sintoma o paciente buscar o opinião profissional o orientação o utilizar ministério saudar junho o presidente menção o o isolamento social principal recomendação autoridade médico e sanitário durante o pandemia o sintoma procurar médico e o tratamento precoce esperar sentir ar tomar decisão procurar médico e o tratamento precoce o post presidente,política,19/11/2020 07h26 ,19/11/2020 07h26 ,https://noticias.uol.com.br/saude/ultimas-noticias/redacao/2020/11/19/bolsonaro-post-tratamento-precoce.htm,1
10406,"""Não vou cantar, mas apresentar artistas"", diz Anitta sobre festival da OMS  ",,n semana divulgar anitta participar festival one world together at home organizar ong global citizen e organização mundial saudar oms incentivar pessoa o continuar casar noite instagram anitta contar cantar especial e apresentar convidar o evento o curadoria lady gago e confirmar presença elton john lizzo paul mccartney billie eilish eddie vedder taylor swift celine dion shawn mendes camila cabello jennifer lopez aliciar keys sam smith usher e pharrell williams o festival realizar abril o 21h brasília brasil o globo transmitir o evento anitta encontrar lives artista brasileiro e evitar contratar equipar achar melhor o cantor ficar honrar o convite together at home achar melhor falar aparecer n especial evitar criar expectativa fã e criticar o live lady gago aparecer aparecer aparecer apresentar show outro artista artista tá gente artista aparecer apresentar show convidar responder o responder achar bacana show o o viver chamar gente casar contar anitta deixar claro ninguém projetando acontecer e completar o o ficar feliz o convite,saúde,16/04/2020 08h08 ,16/04/2020 08h08 ,https://entretenimento.uol.com.br/noticias/redacao/2020/04/16/anitta-lady-gaga-live-explica.htm,1
10407,"

Walmart agora é BIG Bompreço e está com vagas de emprego no WhatsApp #boato 
","Boato – Além de mudar o nome para BIG Bompreço, o Walmart está com vagas de emprego em um site. Para concorrer às vagas, você precisa compartilhar um link com amigos no aplicativo.","walmart big bompreço renovar equipar surgir vago empregar contratar experiência salário r$ 1.780,00 benefício valer refeição valetransporte cesta básico convênio médico imediato interessar site walmart big bompreço renovar equipar surgir oportunidade empregar contratar urgência!preencha corretamente nome cidade emailatenção vago disponível localidade preencher vago precisar compartilhar oportunidade empregar amigo completar o processar compartilhamento redirecionado agendar entrevisto",entretenimento,12/11/2019,"
Edgard Matsuki ",https://www.boatos.org/tecnologia/walmart-big-bompreco-vagas-emprego-whatsapp.html,0
10408,Teich: 'Brasil é um dos países que melhor performa em relação à covid'  ,,"o ministrar saudar nelson teich hoje coletiva o atualização pandemia coronavírus o brasil país melhor performa covid analisar morto milhão pessoa o brasil 8,17 o alemanha o itália espanha e unir o melhorar o ministrar o problema covid assustar acometer rápido o e saudar feito ociosidade trabalhar eficiência lembrar teich",saúde,22/04/2020 18h09Atualizada em 22/04/2020 19h45 ,22/04/2020 18h09Atualizada em 22/04/2020 19h45 ,https://noticias.uol.com.br/saude/ultimas-noticias/redacao/2020/04/22/o-brasil-e-um-dos-paises-que-melhor-combate-o-coronavirus-diz-teich.htm,1
10409,"

Tramontina dá kit completo de panelas para quem comentar OK em post no Facebook #boato 
","Boato – Em uma campanha solidária, a Tramontina está dando um kit completo de panelas para todas as pessoas que comentarem “OK” em um post no Facebook.",o tramontina campanha solidário covid-19 pra abençoar milhar família selecionar 6.000 pessoa n comentar “ ok ” interrompido membro 6.000 conseguir comentar presentar kit completar tramontina o seguir ok junto forte junto n 🇧 fiqueemcasa unidossomosmaisfortes,entretenimento,,"
Edgard Matsuki ",https://www.boatos.org/tecnologia/tramontina-kit-completo-panelas-comentar-ok-post-facebook.html,0
10410,"
  Estudo da cloroquina contra covid foi retirado em junho de 2020; mas outros atestam a sua ineficácia","Publicações compartilhadas milhares de vezes em redes sociais desde o último dia 23 de janeiro afirmam que cientistas pediram desculpas por “estudo ter desqualificado” o uso da cloroquina contra a covid-19 e que “agora” o mundo reconhece os resultados positivos do medicamento. Isso não é verdade. Um estudo que apontava efeitos adversos associados ao uso de cloroquina ou hidroxicloroquina realmente foi retratado, mas em junho de 2020. No entanto, desde então, diversos outros artigos constataram a ineficácia do remédio contra o coronavírus.Envie-nos por WhatsApp Email",“ cientista pedir desculpar o o mundo estudar desqualificar o cloroquina combater o pandemia pedir desculpar e certar ” o título artigo capturar tela compartilhar 3.500 facebook e instagram imagem circular rede ler subtítulo “ incontável morte evitar o hidroxicloroquina o mundo passar o afirmar resultar positivo medicamentar lutar e bradar verdadeiro genocida ” buscar google título artigo localizar o texto original publicar site tribuna nacional janeiro o subtítulo vestir imagem viralizada aparecer artigo fevereiro buscar trecho google levar publicação tribuna nacional indicar o matéria editar,brasil,8/02/2021 às 17:29,AFP Brasil,https://checamos.afp.com//estudo-da-cloroquina-contra-covid-foi-retirado-em-junho-de-2020-mas-outros-atestam-sua-ineficacia,0
10411,Veja o que é #FATO ou #FAKE nas declarações dos candidatos à Prefeitura de Belo Horizonte na 3ª semana de campanha,"Frases foram ditas em redes sociais, eventos de campanha e no horário eleitoral.",candidato prefeitura belo horizonte continuidade campanha eleitoral cidade n semana o registrar oficial candidatura participar agendar evento postar rede social e intensificar discurso horário eleitoral o equipar fato fake checar principal declaração durante o semana candidato aparecer numericamente frente pesquisar o ordem seguir o pesquisar ler joão vitor xavier cidadania “kalil prometer resolver o problema enchente resolver ... pessoa morrer vítima descasar e incompetência”,política, 16/10/2020," Por Patrícia Fiúza, G1 Minas — Belo Horizonte ",https://g1.globo.com/fato-ou-fake/noticia/2020/10/16/veja-o-que-e-fato-ou-fake-nas-declaracoes-dos-candidatos-a-prefeitura-de-belo-horizonte-na-3a-semana-de-campanha.ghtml,0
10412,Veja o que é #FATO ou #FAKE nas declarações dos candidatos à Prefeitura de Belo Horizonte na 3ª semana de campanha,"Frases foram ditas em redes sociais, eventos de campanha e no horário eleitoral.",candidato prefeitura belo horizonte continuidade campanha eleitoral cidade n semana o registrar oficial candidatura participar agendar evento postar rede social e intensificar discurso horário eleitoral o equipar fato fake checar principal declaração durante o semana candidato aparecer numericamente frente pesquisar o ordem seguir o pesquisar ler joão vitor xavier cidadania “belo horizonte perder o o longo ano leito sus bh perder o gestão kalil quase leito sus”,política, 16/10/2020," Por Patrícia Fiúza, G1 Minas — Belo Horizonte ",https://g1.globo.com/fato-ou-fake/noticia/2020/10/16/veja-o-que-e-fato-ou-fake-nas-declaracoes-dos-candidatos-a-prefeitura-de-belo-horizonte-na-3a-semana-de-campanha.ghtml,0
10413,Veja o que é #FATO ou #FAKE nas declarações dos candidatos à Prefeitura de Belo Horizonte na 3ª semana de campanha,"Frases foram ditas em redes sociais, eventos de campanha e no horário eleitoral.",candidato prefeitura belo horizonte continuidade campanha eleitoral cidade n semana o registrar oficial candidatura participar agendar evento postar rede social e intensificar discurso horário eleitoral o equipar fato fake checar principal declaração durante o semana candidato aparecer numericamente frente pesquisar o ordem seguir o pesquisar ler brunir engler prtb “o demandar o fato o feirante feirar hippie empregar umar d chamar o atenção comer contratar ajudar o gerar empregar o município e ficar cômodo pra”,política, 16/10/2020," Por Patrícia Fiúza, G1 Minas — Belo Horizonte ",https://g1.globo.com/fato-ou-fake/noticia/2020/10/16/veja-o-que-e-fato-ou-fake-nas-declaracoes-dos-candidatos-a-prefeitura-de-belo-horizonte-na-3a-semana-de-campanha.ghtml,0
10414,"

Indulto de Natal libera 27 mil presos temporariamente nas ruas #boato 
",Boato – Hoje começa o indulto de Natal. Ao todo 27 mil presos vão ser soltos temporariamente nas ruas. Cuidado com os seus pertences.,indultar natal hoje … atenção ruir cuidar semáforo o o entrar e sair estacionamento ficar parar carro mexer celular conversar ruir voltar rolê preso sair presídio cheio amor coração sociedade e pertencer cautela,brasil,22/12/2020,"
Edgard Matsuki ",https://www.boatos.org/brasil/indulto-de-natal-libera-27-mil-presos-temporariamente-ruas.html,0
10415,É #FAKE que Boulos deu entrada em hospital após overdose em boate,Imagem com publicação falsa circula em redes sociais. Polícia Civil e hospital de Juiz de Fora desmentem a informação; político se diz vítima de 'fake news'.,circular rede social imagem jornal guilherme boulos candidatar psol presidência repúblico entrar hospital juiz minar gerar overdose o publicação fake o falsar texto o polícia civil informar o político e ativista entrar gravar hospital pronto socorrer juiz palestrar universidade procurar fato fake o polícia civil juiz negar divulgação semelhante imprensar,saúde, 29/04/2019," Por Roney Domingos, G1 ",https://g1.globo.com/fato-ou-fake/noticia/2019/04/29/e-fake-que-boulos-deu-entrada-em-hospital-apos-overdose-em-boate.ghtml,0
10416,É #FAKE que invasão de sistemas do TSE prova fraude em urnas e manipulação de votos,"Divulgação de dados antigos foi citada em mensagens, sem prejuízo ao processo eleitoral. Tribunal esclarece que não há votos de quem justifica, e bancos de dados são auditados com participação da sociedade.",mensagem rede social afirmar atacar cibernético o tse provar haver fraude urna eleitoral e evidenciar o possibilidade manipulação voto o ministério justiçar e o tribunal superior eleitoral investigar o casar afirmar divulgar provar atacar antigo e haver nenhum impactar n eleição o publicação viralizou basear divulgação tse supor atacar cibernético o invasão hacker tse revelar o fraudar urna o chancelar justiçar eleitoral ... voto válido e justificar banco diferente descarregar voto justificar esquerdo o texto,política, 15/11/2020," Por Marcelo Parreira, TV Globo ",https://g1.globo.com/fato-ou-fake/noticia/2020/11/15/e-fake-que-invasao-de-sistemas-do-tse-prova-fraude-em-urnas-e-manipulacao-de-votos.ghtml,0
10417,Juíza arquiva inquérito contra advogado que fez críticas a Bolsonaro  ,,o juiz pollyanna kelly maciel medeiro martim alves 12ª varar federal criminal df determinar quarta-feira o arquivamento inquérito aberto o advogar marcelo feller crítico dirigir o o presidente jair bolsonaro quadrar o debater emissor cnn o magistrado considerar declaração advogar inserir exercício direito livrar manifestação pensamento expressão e informação decisão frustrar o ofensivo ministrar andré mendonça justiçar e segurança público responsável determinar polícia federal o abertura investigação feller pollyanna ressaltar o severo gravidade lei segurança nacional invocar efetivamente proteger o existência e o integridade democrático direito,política,29/01/2021 13h44 ,Pepita Ortega e Rayssa Motta,https://noticias.uol.com.br/ultimas-noticias/agencia-estado/2021/01/29/juiza-arquiva-inquerito-de-lsn-contra-advogado-que-fez-criticas-a-bolsonaro.htm,1
10418,São Paulo tem mais 291 leitos de UTI Covid-19 autorizados,,"o ministério saudar autorizar n quinta-feira 29/04 leito uti adulto e leito uti pediátrico o paulo atendimento exclusivo o paciente grave covid-19 caráter excepcional e temporário o medir reforçar o estruturar hospitalar e continuidade o o o pastar prestar o município e distrito federal o início pandemia município paulista américo brasiliense catanduva diademar dracena embu arte ituverava jaci lençol paulista mogi cruzar osasco presidente prudente santo andré bernado campar josé rir preto paulo sertãozinho sorocaba e votuporanga beneficiar conformar portar publicar diário oficial união – acesse o repassar mensal r$ 13,9 milhão correspondente abril d o ministério saudar autorizar o 5.151 leito uti covid-19 paulo – investimento r$ 330,6 milhão",saúde,30/04/2021 10h25,Ministério da Saúde(61) 3315-3580 / 2351,https://www.gov.br/saude/pt-br/assuntos/noticias/sao-paulo-tem-mais-291-leitos-de-uti-covid-19-autorizados,1
10419,As lutas e os dramas de uma médica que voltou ao Brasil para combater a pandemia,"Radicada nos EUA, Marise Gomes veio ao Brasil no ano passado passar o carnaval com a família e, ao ver a pandemia chegar, passou a trabalhar em Santo André nos hospitais de campanha. ",o começar viagem york passar o carnaval o família repente virar lutar incansável o coronavírus o drama o médico marise gomar completar ano salvar enterrar paciente vencido covid brasil o noite aproximar hospital campanha santo andré município o km paulo o estacionamento estádio poliesportivo receber atleta e torcedor piscar olho ficar lotar ambulância trazer jovem e idoso lutar respirar quadrar basquete marise e médico e enfermeiro atender dezena doente covid-19 matar 320.000 pessoa brasil frequência o tossir algum paciente sobrepor o o barulhar aparelho ventilação o explosão pandemia surpreender marise país nascer visitar radicar unir haver ano,ciência, 01/04/2021 11h12 , Por France Presse ,https://g1.globo.com/bemestar/coronavirus/noticia/2021/04/01/as-lutas-e-os-dramas-de-uma-medica-que-voltou-ao-brasil-para-combater-a-pandemia.ghtml,1
10420,"

Javali gigante de 682 kg é caçado em Lages, Santa Catarina #boato 
","Boato – Javali gigante de 682 quilos é capturado e morto por caçadores em Lages, Santa Catarina, mostra foto. ",javali morto lages sc pesar kilos.javali morto localidade sao jorge – coxilha rico – município lages sc pesar kg 20/06/2019,brasil,02/07/2019,"
Carol Lira ",https://www.boatos.org/brasil/javali-gigante-cacado-lages-santa-catarina.html,0
10421,"Covid: avião com 7º lote chega em Viracopos e Brasil totaliza 5,3 mi de doses da vacina da Pfizer",Remessa com 936 mil doses chegou ao aeroporto de Campinas (SP) às 19h07. É a segunda das três entregas que a farmacêutica fará nesta semana.,"o lotar vacinar covid-19 pfizer biontech chegar o o brasil s 19h07 d quarta-feira aeroporto internacional viracopos campino sp o remessar o d semana reunir dose o farmacêutico entregar 5,3 milhão milhão contratar governar federal o empresar cumprir o cronograma entregar total o o pfizer programar n semana voo totalizar 2,4 milhão dose imunizante o d prever ocorrer quinta-feira dose voo sair miami eua equipar polícia federal o segurança desembarcar campino sp e transportar rodoviário dose o centrar distribuição ministério saudar guarulhos sp o pfizer utilizar o aeroporto viracopos entregar o o brasil o remessar milhão dose e recebido país abril cerimônia contar o presença ministrar saudar marcelo queiroga",saúde, 02/06/2021 19h07 , Por G1 Campinas e Região ,https://g1.globo.com/sp/campinas-regiao/noticia/2021/06/02/covid-aviao-com-7o-lote-chega-em-viracopos-e-brasil-totaliza-53-mi-de-doses-da-vacina-da-pfizer.ghtml,1
10422,"

Vídeo mostra milagre do sol piscando em Medjugorje #boato 
","Boato – Em Medjugorje, na Bósnia e Herzegovina, Sol pisca no céu durante celebração religiosa. Fiéis dizem se tratar de um milagre.",urgente medjugorje sol piscar dia 2\09\2019 mensagem extraordinário senhor vidente mirjana dragicevic soldar dia setembro medjugorije querido filho rezar rezar o terçar dia coroar florir unir mãe s dor sofrimento desejo e esperançar apóstolo amor graça e amor filhar e pedir o oração … apóstolo amor o forçar oração realizar o coração intenso e cheio amor transformar o mundo filho rezar rezar rezar ” compartilhar inscreva-se apertar o sino notificação vídeo canal deixar o like e o comentário,entretenimento,17/09/2019,"
Kyene Becker ",https://www.boatos.org/religiao/video-milagre-do-sol-piscando-medjugorje.html,0
10423,Mandetta expõe discórdia com Bolsonaro e diz à CPI que ciência foi ignorada  ,,"Em depoimento de mais de sete horas hoje à CPI da Covid, o ex-ministro da Saúde Luiz Henrique Mandetta disse que alertou Jair Bolsonaro sobre a gravidade do coronavírus e expôs série de divergências com o presidente em relação à condução do governo federal no enfrentamento à pandemia. Ao longo da fala, Mandetta — que não descarta se candidatar ao governo de Mato Grosso do Sul ou à Presidência da República em 2022 — ressaltou que suas ações ações à frente do ministério se basearam em evidências científicas, que várias sugestões não foram seguidas pela Presidência e que o comportamento do presidente teve ""impacto"" na crise sanitária. O que só me resta dizer [após fala inicial sobre sua gestão] foi a tomada de decisão em cima de três pilares: a defesa intransigente da vida, que foi o princípio número um - não haveria nenhuma vida que não fosse valorizada -, o SUS como meio para atingir e a ciência como elemento de decisão. Esses foram os três pilares sobre os quais construímos o eixo de prevenção, atenção, testagem, hospitalização e de monitoramento da doença""",política,04/05/2021 04h00Atualizada em 04/05/2021 20h52 ,Luciana Amaral e Lucas Valença,https://noticias.uol.com.br/politica/ultimas-noticias/2021/05/04/mandetta-depoimento-cpi-da-covid.htm,1
10424,É falso que trilha sonora da ginasta Rebeca Andrade na Olimpíada seja homenagem a Bolsonaro,,falso postagens afirmar o músico utilizar pelar ginasta rebeca andrade o classificatória ginástico artístico olimpíada tóquio o modalidade solo o “ funk bolsonaro ” o verdade o trilhar misturar toccata and fugue johann sebastian bach bailar favela mc joão,política,2021-07-27,Comprova,https://projetocomprova.com.br/publicações/e-falso-que-trilha-sonora-da-ginasta-rebeca-andrade-na-olimpiada-seja-homenagem-a-bolsonaro/,0
10425,Agência Europeia de Medicamentos aprova uso emergencial da vacina da Moderna contra a Covid-19,"Para que o imunizante seja liberado para a aplicação, a Comissão Europeia precisa aprová-lo – o que deve acontecer ainda nesta quarta. Países da União Europeia começaram a imunizar suas populações em 27 de dezembro com a vacina da Pfizer/BioNTech.",o agência europeu medicamento ema – órgão equivalente anvisa brasil — aprovar n quarta-feira o emergencial vacinar o covid-19 fabricar empresar moderno o imunizante o aprovar união europeu aplicar pessoa ano o luzir ema o passar início distribuição e aplicação dose vacinar país bloco autorização comissão europeu – acontecer n fonte citar agência notícia reuters stella kyriakides comissário saudar união europeu redar social o aprovação sair o vacinar moderno aprovar o imunizante pfizer biontech emergencial região,ciência, 06/01/2021 09h28 , Por G1 ,https://g1.globo.com/bemestar/vacina/noticia/2021/01/06/agencia-europeia-aprova-uso-emergencial-da-vacina-da-moderna-contra-a-covid-19.ghtml,1
10426,É #FAKE que cloroquina foi recomendada em 1918 como tratamento contra a gripe espanhola,"Mensagem falsa usa anúncio de chloro quinina contra a doença do século passado para alegar que se usava cloroquina naquela época. No entanto, chloro quinina e cloroquina são compostos diferentes. Além disso, a chloro quinina não era eficaz contra a gripe espanhola, assim como a cloroquina não mostra resultados contra a Covid-19.",circular rede social anúncio antigo chloro quinina curar gripar espanholar o imagem mensagem defender o cloroquina tratamento covid-19 o texto o medicamentar e eficaz buscar reverso imagem anúncio levar o artigo publicar coluna jornalista ancelmo goes o globo referência o o livrar o bailarino morte o gripar espanholar brasil lilia schwarcz e heloisa murgel o obrar destacar apresentação disputar político e atitude negacionistas médico e governante potencializar o massacrar promover gripar espanholar chegar o o brasil início século e vitimar sobretudo pobre iludir estatístico maquiar e falso curar milagroso o população ficar mercê vírus o súbito declínio epidemiar comedir,saúde, 26/02/2021," Por Roney Domingos, G1 ",https://g1.globo.com/fato-ou-fake/coronavirus/noticia/2021/02/26/e-fake-que-cloroquina-foi-recomendada-em-1918-como-tratamento-contra-a-gripe-espanhola.ghtml,0
10427,Vacina preferida de Bolsonaro tem coração chinês  ,,o vacinar oxford trabalhar insumo farmacêutico vir chino afirmar o presidente anvisa antônio barrir torre o infectologista confirmar o informação publicar folhar semana passar o principal ingrediente vacinar o aposto governar bolsonaro país bolsonaro considerar suspeitar,política,26/10/2020 12h08 ,26/10/2020 12h08 ,https://noticias.uol.com.br/colunas/thais-oyama/2020/10/26/vacina-preferida-de-bolsonaro-tem-coracao-chines.htm,1
10428,Vacina do coronavírus não terá microchip para rastrear a população,,haver notícia vacinar microchip desenvolvimento mundo crer publicação viralizou rede social e haver série teste clínico andamento existir vacinar o coronavírus,saúde,2020/04/06,Comprova,https://projetocomprova.com.br/publicações/vacina-do-coronavirus-nao-tera-microchip-para-rastrear-a-populacao/,0
10429,"
  A foto do governador de São Paulo em um almoço foi tirada antes da detecção da covid-19","Uma imagem do governador de São Paulo, João Doria, comendo junto a várias pessoas foi compartilhada mais de 51,2 mil vezes nas redes sociais desde o último dia 6 de março, juntamente com uma crítica às medidas restritivas no estado devido à pandemia de covid-19. Mas a foto foi publicada nas redes do governador em junho de 2019, meses antes da detecção do novo coronavírus.Envie-nos por WhatsApp Email",“ ficar casar fácil conduzir o vidar qdo o mesa farto ” legendar publicação viralizadas facebook conter selfie governador joão doria psdb juntar o homem terno postagens circular instagram e twitter página vereador paulo sonaira fernandes republicano questionar “ o empresar fechar portar causar lockdown perder empregar e render mesa farto igual o governador doria ” buscar reverso google imagem viralizada mostrar compartilhar verdade contar twitter joão doria 1º junho o seguinte legendar “ almoçar o time governar palácio bandeirante integração governosp ”,brasil,11/03/2021 às 18:01,AFP Brasil,https://checamos.afp.com//foto-do-governador-de-sao-paulo-em-um-almoco-foi-tirada-antes-da-deteccao-da-covid-19,0
10430,pneu estourar e matar o primar porteiro atestar óbito coronavírus,"atestado de óbito compartilhado nas redes sociais mostra que reginaldo jacinto da silva morreu de covid-19, mas a causa da morte foi a explosão de um pneu de caminhão! será verdade?",março o mensagem abaixar começar o espalhar twitter e whatsapp acordar o texto acompanhar certidão óbito o primar porteiro reginaldo jacinto silvar morrer pneu caminhão estourar caro entanto seguir o relatar o causar morte atestar covid-19,saúde,29/03/2020,gilmar lopes,https://www.e-farsas.com/pneu-estoura-e-mata-o-primo-do-porteiro-mas-atestado-de-obito-e-de-coronavirus-sera.html,0
10431,É #FAKE mensagem que diz que instabilidade no WhatsApp foi provocada por decisão judicial,Texto falso diz que aplicativo aguarda 'parecer da Justiça para a normalização'.,circular rede social mensagem afirmar problema enfrentar usuário utilização whatsapp n quarta-feira provocar determinação judicial o texto o normalização ferramenta o enviar e o recebimento imagem e áudio depender parecer justiçar usuário aplicativo diverso país relatar instabilidade whatsapp facebook e instagram o problema ocorrer o manhã d quarta-feira acordar o site downdetector reportar problema aplicativo e site problema começar o relatar voltar 10h40 s 11h haver reclamação o whatsapp haver relato instabilidade locar europa brasil argentino venezuela méxico e costa ler eua comunicar o facebook responsável whatsapp e instagram informar trabalhar solucionar o problema pessoa e negócio problema carregar enviar imagem vídeo e arquivo aplicativo trabalhar normalizar o situação o rápido,entretenimento, 03/07/2019, Por O Globo ,https://g1.globo.com/fato-ou-fake/noticia/2019/07/03/e-fake-mensagem-que-diz-que-instabilidade-no-whatsapp-foi-provocada-por-decisao-judicial.ghtml,0
10432,"

Promoção Sonho de Pai do Mercado Livre dá prêmios no WhatsApp #boato 
",Promoção Sonho de Pai do Mercado Livre dá prêmios no WhatsApp #boato,mercar livrar parabém vindo(a promoção ‘ sonhar pai ’ mercar livrar completar o questionário parir ganhar presentar exclusivo restar presente conhecer o mercar livrar ano 18-29 30-39 40-49 comer avaliar o mercar livrar ótimo razoável ruim o recomendar o o amigo nãoparabéns suar respostar salvo sucesso o suar chance dever selecionar o caixa corretar o prêmio tentativo sortir ok parabém conseguir ganhar o prêmio celular xiaomi redmi notar gb o regrar dever contar o amigo sobrar promoção digitar endereçar e concluir o registrar ok,entretenimento,11/07/2021,"
Edgard Matsuki ",https://www.boatos.org/tecnologia/promocao-sonho-de-pai-mercado-livre-premios-no-whatsapp.html,0
10433,bolsonaro decretar emergência antar carnaval o governador ignorar,"é verdade que o presidente jair bolsonaro decretou estado de emergência no brasil 18 dias antes do carnaval, mas governadores ignoraram a lei?",o postagem surgir rede social e diverso whatsapp semana abril foto presidente jair bolsonaro denúncia governador dever cancelar o carnaval o decretar emergência assinar dia bolsonaro,saúde,14/04/2020,gilmar lopes,https://www.e-farsas.com/bolsonaro-decretou-estado-de-emergencia-antes-do-carnaval-mas-os-governadores-ignoraram.html,0
10434,"

O Boticário dá Kit Dia das Mães grátis em site no WhatsApp #boato 
","Boato – O Boticário dá Kit Dia das Mães grátis para quem entrar em um site, responder enquete e compartilhar um link com amigos do WhatsApp. ",o boticário dia mãe ganhar kit dia mãe oboticário link abaixar e seguir o passar o passar ganhar o seu.oi o boticário presentear mãe brazil o kit presentar lily mãe garantir kit totalmente grátis o kit dia mãe limitar oie … ganhar kit lily o boticário dia mãe kit disponível pra ganhar clicar ai,entretenimento,04/05/2019,"
Edgard Matsuki ",https://www.boatos.org/tecnologia/boticario-kit-dia-das-maes-gratis-whatsapp.html,0
10435,"

Governo cria lei que proíbe saída de pessoas na rua até 30/04, prevê multa de R$ 1.443 e prisão por 30 dias #boato 
",Boato – O governo federal criou uma lei que prevê que as pessoas que saírem de casa entre 24 de março de 2020 e 30 de abril de 2020 receberão multas de R$ 1.443 e poderão ser presas por 30 dias.,"dia março o dia abril expressamente proibir o sair cidadão o o comprovar o trabalhar mercar padaria farmácia comunicação o multar o descumprimento lei r$ 1.443,00 reclusão dia regime fechar pátrio amar brasil governar federal",brasil,24/03/2020,"
Edgard Matsuki ",https://www.boatos.org/brasil/governo-lei-proibe-saida-pessoas-rua-30-04-multa-r-1-443-prisao-30-dias.html,0
10436,"

Fedex dá Samsung Galaxy S21 grátis para quem compartilhar link no WhatsApp #boato 
","Boato – A Fedex está com uma promoção incrível. Empresa está dando um Samsung Galaxy S21 para as pessoas que entrarem em um site, preencherem dados e compartilharem um link com amigos no WhatsApp.",fedex parabém hoje março escolher participar pesquisar levar minutar e receber prêmio fantástico samsung galaxy s21 quinta-feira escolher aleatoriamente usuário o o chance ganhar prêmios incrível o prêmio hoje samsung galaxy s21 haver vencedor sortudo pesquisar visar melhorar o qualidade serviço prestar o usuário e participação recompensar apresse-se o prêmios disponível limitar homem mulher homem mulher ano 18-29 30-39 40-49 perguntar avaliar serviço fedex inacreditável ok smartphone usando?android maçã parabém respostar salvo sucesso o chance ganhar presente selecionar o caixa corretar prêmio tentativo sortir parabéns!você ganhar o samsung galaxy s21!***as regrar contar o amigo fedex promoção digitar endereçar e baixar o aplicativo presente entregue o dia receber samsung galaxy s21 seguir instrução abaixar receber o bônus compartilhar amigo whatsapp clicar ícone “ whatsapp ” abaixar clicar “ continuar ” receber presente whatsapp compartilhar o barrir azul cheia!continuar ofertar válido,entretenimento,04/03/2021,"
Edgard Matsuki ",https://www.boatos.org/tecnologia/fedex-samsung-galaxy-s21-gratis-quem-compartilhar-link-whatsapp.html,0
10437,Ceará prorroga decreto que proíbe festas e eventos por causa da covid-19  ,,o governar cear prorrogar janeiro o decretar endurecer regrar aglomeração combater o propagação coronavírus o principal determinação decretar o proibição evento espaço fechar aberto d festa e show proibir inicialmente o decretar vigorar dezembro o janeiro segunda-feira o decisão prorrogá-lo tomar comitê estadual enfrentamento pandemia coronavírus seguir o princípio precaução o aumentar caso covid ocorrer o brasil e mundo cear avançar enfrentamento pandemia acreditar vencer lutar precisar tomar medir necessário onda ganhar proporção escrever o governador camilo santana pt facebook,saúde,02/01/2021 20h12 ,02/01/2021 20h12 ,https://noticias.uol.com.br/saude/ultimas-noticias/redacao/2021/01/02/ceara-prorroga-decreto-que-proibe-festas-e-eventos-por-conta-da-covid-19.htm,1
10438,É #FAKE que imagens mostrem carne humana sendo vendida em restaurante no Japão,Mensagens falsas foram criadas a partir de uma nota satírica. As fotos são de um trabalho de um artista plástico e de um evento publicitário para lançamento de um jogo de videogame. Nenhum restaurante foi inaugurado em Tóquio para vender carne humana.,"circular rede social mensagem o legislação japonesar permitir haver ano o consumir carnar humano e restaurante tóquio inaugurar vender produto posts acompanhar imagem mostrar rosto e membro texto fake procurar o embaixada japão brasil enfático “ história absolutamente falso e haver menção o o consumir carnar humano legislação japonesar ” o restaurante tóquio citar mensagem vender carnar humano o o preço 1,2 euro existir",mundo, 11/12/2019, Por G1 ,https://g1.globo.com/fato-ou-fake/noticia/2019/12/11/e-fake-que-imagens-mostrem-carne-humana-sendo-vendida-em-restaurante-no-japao.ghtml,0
10439,"'Se Bolsonaro pede para CPI acabar, é porque está chegando perto', diz Orlando Silva  ",,o vice-líder pcdob o deputar federal orlar silvar pcdob-sp comentar n sexta-feira publicação twitter pedir presidente jair bolsonaro o o presidente comissão parlamentar inquérito cpi covid-19 senado omar aziz psd-am quinta-feira transmissão o o viver rede social bolsonaro voltar o criticar aziz e pedir amor deus o senador encerrar trabalho colegiado alô alguém medo cpi bolsonaro pedir amor deus acabar o cpi chegar preciso continuar e desmascarar o genocida escrever silvar bolsonaro live d quinta-feira diverso crítico o aziz governador amazona o saudar governador questionar o presidente amor deus encerrar cpi e ficar senado amor deus,política,28/05/2021 12h12 ,Redação,https://noticias.uol.com.br/ultimas-noticias/agencia-estado/2021/05/28/orlando-silva-se-bolsonaro-pede-para-cpi-acabar-e-porque-esta-chegando-perto.htm,1
10440,"Covid-19: total de shoppings reabertos sobe para 60; em SP, todos seguem fechados  ",,o país hoje shopping centers retomar o funcionamento e permanecer fechar dever pandemia coronavírus unidade funcionamento abrir portar hoje o shopping lagoa matar grosso sul e o jurerê open mall santo catarino o balançar associação brasileiro shopping centers abrasce santo catarino shopping aberto e o empreendimento gênero voltar ativa seguir rir sul paraná matar grosso sul goiá minar gerar matar grosso rir janeiro e espírito santo nenhum shopping reaberto paulo unidade o equivalente o terçar mercar nacional shopping o o afetado pandemia coronavírus 2.049 morte o decretar governar joão doria prever restrição atividade comércio o o maio região nordeste e norte shopping operação região relevante caso covid-19,saúde,28/04/2020 15h55 ,Circe Bonatelli,https://economia.uol.com.br/noticias/estadao-conteudo/2020/04/28/abrasce-total-de-shoppings-reabertos-sobe-para-60-em-sp-todos-seguem-fechados.htm,1
10441,Principal insumo para a produção da vacina da Universidade de Oxford vem da China,"Informação foi confirmada por pesquisador da Fiocruz, onde o medicamento será fabricado. Nesta semana, o presidente Jair Bolsonaro disse que não compraria a Coronavac, produzida no Brasil pelo Instituto Butantan, em São Paulo, porque o imunizante é chinês.",o principal insumo o produção vacinar empresar astrazeneca produzir brasil parceria o universidade oxford e o fundação oswaldo cruz fioruz fabricar chino o informação publicar colunista mônica bergamo jornal folhar s. paulo milhão dose ingrediente farmacêutico ativo ifa vir chino o brasil dezembro o fabricação dose vacinar desenvolvido oxford instituto bio-manguinhos fiocruz o informação confirmar infectologista e pesquisador fiocruz júlio croda durante entrevisto globonews,ciência, 23/10/2020 15h17 ," Por Flávia Alvarenga, Jornal Hoje ",https://g1.globo.com/rj/rio-de-janeiro/noticia/2020/10/23/principal-insumo-para-a-producao-da-vacina-da-universidade-de-oxford-vem-da-china.ghtml,1
10442,É falso que senadores republicanos tenham descoberto origem da covid-19,,o alegação falso site afirmar vírus vazar laboratório basear umar suspeito levantar senador republicano,saúde,2021-06-21,Comprova,https://projetocomprova.com.br/publicações/e-falso-que-senadores-republicanos-tenham-descoberto-origem-da-covid-19/,0
10443,Procurador se desculpa depois de ir à academia durante reabertura no RN  ,,o trabalhar ministério público federal criar analisar medir relacionar pandemia rir norte divulgar noto hoje afirmar o procurador fernando rocha pedir desculpar publicamente flagrar academiar natal durante o processar reabertura durante o pandemia criticar duramente o flexibilização o mpf chegar o entrar recurso justiçar reverter o decisão autorizar o retomar serviço essencial natal rocha o mpf reconhecer o contradição academiar atar pessoal e isolar apesar crítico o elogiar o trabalhar procurador durante o pandemia incluir o criação plataforma regula-rn e fiscaliza-rn regulamentar o acesso o leito e criar ferramenta controlar o gastar público combater pandemia o mpf decisão estritamente pessoal o vídeo procurador treinar aparecer primeiramente instagram e amplamente compartilhar rede social,saúde,18/07/2020 17h15 ,18/07/2020 17h15 ,https://noticias.uol.com.br/politica/ultimas-noticias/2020/07/18/procurador-se-desculpa-depois-de-ir-a-academia-durante-reabertura-no-rn.htm,1
10444,capivara morto o tiro o lago sul distrito federal,,usuário compartilhar umar determinar postagem o capivara morto o tirar seriar dever o o ódio pessoa umar espécie indicativo riscar umar população armar,brasil,15/04/2019,marco faustino,https://www.e-farsas.com/tres-capivaras-foram-mortas-a-tiros-no-lago-sul-distrito-federal.html,0
10445,Ambev fabricará e doará 3 milhões de máscaras de proteção facial feitas com pet  ,,o ambev fabricar e doar o o ministério saudar milhão máscara face shield cobrir o rostir equipamento o produção quinta-feira fabricar cercar máscara dia e o matéria-prima utilizar o pet material utilizar embalagem refrigerante acordar o empresar equipamento produzir empresar parceiro localizar guarulhos sp e contar avaliação técnico centrar inovação universidade paulo inovar usp e centrar inovação hospital clínico faculdade medicinar usp inovahc o ministério saudar encarregar distribuir o produção s unidade hospitalar o país realmente focar ajudar o brasil n trabalhar o ecossistema e diverso companhia e parceiro chegar n solução comentar jean jereissati ceo ambev o produção protetores facial o ambev contar o contribuição parceiro o concepção idear o desenvolvimento técnico produção e o fabricação equipamento empresar africa e bizsys,saúde,07/04/2020 16h22 ,07/04/2020 16h22 ,https://economia.uol.com.br/noticias/estadao-conteudo/2020/04/07/ambev-fabricara-e-doara-3-milhoes-de-mascaras-de-protecao-facial-feitas-com-pet.htm,1
10446,"Entidades denunciarão governo por ""apagão de dados"" sobre pandemia  ",,o governar jair bolsonaro alvo denúncia organização sociedade civil contar violação o o direito informação principalmente população vulnerável brasil entidade nacional e internacional levar comissão interamericana direito humano cidh relato e levantamento o julgar comportamento violar direito fundamentar audiência ocorrer n terça-feira organização e o relator o liberdade expressão cidh pedrar vacar o governar brasileiro convidar o participar o pedir audiência motivar aprofundamento violação liberdade expressão e imprensar o encontrar brasileiro o cidh março haiti pandemia coronavírus indicar entidade comunicar,política,05/10/2020 04h04 ,05/10/2020 04h04 ,https://noticias.uol.com.br/colunas/jamil-chade/2020/10/05/entidades-denunciarao-governo-por-apagao-de-dados-sobre-pandemia.htm,1
10447,Bolsonaro pede pacto nacional pela preservação da vida e dos empregos  ,,o presidente jair bolsonaro defender noite hoje o necessidade pacto nacional preservação vidar e emprego o falir pronunciamento rádio e televisão o país o efeito colateral medir combater o o coronavírus o doença o obrigação presidente preparar o brasil retomar reorganizar economia e mobilizar recurso e energia tornar o brasil forte o pandemia declarar o presidente durante o pronunciamento bolsonaro afirmar preocupação o econômica e apesar temor saudar o quantidade caso confirmar e morto covid-19 aumentar o país evitar o destruição emprego novamente mencionar frase diretor-presidente oms contexto justificar o isolamento social espírito agradecer e reafirmar o importância colaboração e o necessário união pacto preservação vidar e emprego parlamentar judiciário governador prefeito e sociedade,saúde,31/03/2020 20h54 ,31/03/2020 20h54 ,https://noticias.uol.com.br/politica/ultimas-noticias/2020/03/31/bolsonaro-pede-pacto-nacional-pela-preservacao-da-vida-e-dos-empregos.htm,1
10448,"

Povo cubano toma o poder em Camaguey, prende secretário do Partido Comunista e declara Cuba livre #boato 
","Povo cubano toma o poder em Camaguey, prende secretário do Partido Comunista e declara Cuba livre #boato",“ cubano apoiar polícia prender o ministrar cidade camaguey cidade ilhar e tomar o declarar cubar livrar o protesto continuar santiago cubar havano e outro cidade o internet cortar e informações” “mesmo brutalmente massacrar o cubano umar lição o o mundo sobrar o liberdade suar vidar ameaçar tomar s ruir enfrentar o regime socialista genocida cubar ”,mundo,19/07/2021,"
Kyene Becker ",https://www.boatos.org/mundo/povo-cubano-toma-poder-camaguey-prende-secretario-comunista-declara-cuba-livre.html,0
10449,Boa Vista terá 2° turno entre Arthur Henrique e Ottaci   ,,"Arthur Henrique (MDB) e Ottaci Nascimento (Solidariedade) vão disputar o segundo turno em Boa Vista. Atual vice-prefeito do município, Henrique obteve expressiva vantagem numérica, com 49,63% dos votos contra 10,59% do deputado federal por Roraima. Após dois mandatos de Teresa Surita (MDB), Henrique é a aposta emedebista para se manter no poder, com uma pequena coligação (MDB, PMB e Avante). Para mudar o governo, Ottaci fez uma aliança reunindo dez partidos: Solidariedade, PSC, Patriota, PSB, PTC, PRTB, PROS, DC, Cidadania e PTB.",política,15/11/2020 23h06Atualizada em 16/11/2020 01h29 ,Guilherme Botacini,https://noticias.uol.com.br/eleicoes/2020/11/15/boa-vista-tera-2-turno-entre-arthur-henrique-e-ottaci.htm,1
10450,Escola de Campinas suspende aulas após surto de covid; MP pede explicação  ,,"O MP-SP (Ministério Público de São Paulo) pediu explicações a dois colégios de Campinas (SP) após ambos suspenderem as aulas presenciais devido a casos de covid-19 entre alunos e funcionários. De acordo com o pedido do promotor Rodrigo Augusto de Oliveira, o Instituto Educacional Jaime Kratz, o Colégio Farroupilha e a Diretoria de Ensino devem informar em até 10 dias detalhes sobre as transmissões e os protocolos de segurança sanitária adotados pelas escolas para prevenção à disseminação do coronavírus. O promotor solicitou ainda que a Vigilância Sanitária faça uma vistoria nas duas escolas, com envio do respectivo relatório ao MP.",saúde,03/02/2021 09h35Atualizada em 03/02/2021 15h10 ,03/02/2021 09h35Atualizada em 03/02/2021 15h10 ,https://noticias.uol.com.br/saude/ultimas-noticias/redacao/2021/02/03/escola-de-campinas-suspende-aulas-apos-surto-de-covid-mp-cobra-explicacoes.htm,1
10451,Eleitor tem até esta semana para justificar ausência no 1º turno  ,,o eleitor comparecer s urna turno eleição municipal novembro semana justificar o ausência casar o procedimento realizar precisar pagar multar regularizar o situação ficar sujeitar o restrição o prazo vencer quinta-feira faltar o o turno eleição municipal o turno o limitar janeiro o tse tribunal superior eleitoral recomendar o justificativo feito preferencialmente aplicativo e-título disponível celular operacional android ios,política,11/01/2021 06h50 ,11/01/2021 06h50 ,https://noticias.uol.com.br/eleicoes/agencia-brasil/2021/01/11/eleitor-tem-ate-esta-semana-para-justificar-ausencia-no-1-turno.htm,1
10452,"No Dia Nacional do Infectologista, profissionais divulgam vídeo para reforçar as seis 'regras de ouro' da prevenção da Covid-19",Médicos fazem apelo à população em momento grave da pandemia do novo coronavírus. Número de mortos no Brasil já superou 350 mil neste sábado (10) e tendência é de alta. População precisa se prevenir.,dia nacional infectologista comemorar n domingo profissional d especialidade médico divulgar vídeo apelar o sociedade tomar cuidar evitar o coronavírus o apelar gravar pandemia covid-19 o brasil registrar consecutivo recorde morte e superar o marcar óbito doença depoimento organizar sociedade brasileiro infectologia sbi regrar ourar prevenção covid-19 e esquecer importante prevenir vacinar ficar atentar e tomar o vacinar chegar o acrescentar rosana richtmann coordenador comitê imunização o vacinação e formar prevenção melhorar presente infectologistas especialidade médico receber marco cyrillo infectologista sbi o vacinar chegar o prevenção praticar afirmar o infectologista leonardo weissmann medir prevenção e o vacinação permitir brasileiro comemorar datar importante novamente clovis arns cunhar,ciência, 11/04/2021 16h51 , Por G1 ,https://g1.globo.com/ciencia-e-saude/noticia/2021/04/11/no-dia-nacional-do-infectologista-profissionais-divulgam-video-para-reforcar-as-seis-regras-de-ouro-da-prevencao-da-covid-19.ghtml,1
10453,Samsung Galaxy Z Fold 2: celular mais caro do Brasil custa R$ 13.999,Smartphone dobrável vai ser fabricado em Campinas (SP). Modelo tem duas telas: uma flexível na parte interna e outra menor na parte de fora.,"o samsung anunciar n segunda-feira celular dobrável galaxy z fold custar r$ 13.999 brasil o smartphone caro vender país n tela flexível 7,6 polegada o galaxy z fold aberto e utilizar tablet focar multitarefas possibilidade usá-lo parcialmente dobrar utilizar haver outro painel 6,2 polegada visualizar notificação e responder mensagem precisar abrir o celular câmeras sensor traseiro tela interno e outro tela externo d o modelar compatível o tecnologia rede g",política, 26/10/2020 13h32 , Por G1 ,https://g1.globo.com/economia/tecnologia/noticia/2020/10/26/samsung-galaxy-z-fold-2-celular-dobravel-custa-r-13999-o-mais-caro-do-brasil.ghtml,1
10454,MP-MG apura plano para distribuição em massa de ivermectina em Sete Lagoas  ,,o mp-mg ministério público minar gerar abrir processar investigar planar distribuição massa medicamentar ivermectina pessoa render lagoa mg o remédio chamar kit covid propagar útil o tratamento precoce covid-19 procedimento eficácia comprovar cientificamente o mp-mg o planar considerar médico e profissional saudar o idear oferecer o medicamentar profilaxia o doença causar coronavírus prevenção entanto fevereiro o fabricante ivermectina confirmar o remédio eficácia comprovar o covid-19 o mp-mg confirmar o o uol instaurar o procedimento notícia fato investigar o casar o diretório municipal psol lagoa o responsável protocolar representação órgão pedir o instauração inquérito civil,saúde,27/04/2021 19h53 ,27/04/2021 19h53 ,https://noticias.uol.com.br/saude/ultimas-noticias/redacao/2021/04/27/mp-mg-apura-plano-para-distribuicao-em-massa-de-ivermectina-em-sete-lagoas.htm,1
10455,"Após sequência de empates na Segunda Turma, Fachin propõe discutir regra que beneficia réus",STF adota entendimento que favorece réus ou investigados em ações penais quando há empate nos votos. Fachin propõe que princípio seja mantido apenas na análise de habeas corpus.,o ministrar supremo tribunal federal stf luiz edson fachin propor n terça-feira 1º o tribunal rediscuta o entendimento favorecer réu e investigar atualmente haver empatar julgamento processo penar o proposto feito durante sessão turma stf seguir o julgamento terminar empatar beneficiar investigar abaixar ministro turma decidir o temer levar o o plenário stf regrar interno supremo haver empatar análise habeas corpus recurso ações criminar vencer o tesar favorável o o réu fachin propor entendimento restringir o habeas corpus e caso o julgamento adiar o recomposição quórum total turma – ímpar e dificultar o empatar placar,política, 01/09/2020 17h44 ," Por Fernanda Vivas e Márcio Falcão, TV Globo — Brasília ",https://g1.globo.com/politica/noticia/2020/09/01/apos-sequencia-de-empates-na-segunda-turma-fachin-propoe-discutir-regra-que-beneficia-reus.ghtml,1
10456,Saúde oferece formação para preceptores de residência médica ,,vago preceptor residência médico e residência uniprofissional e multiprofissional profissional atuam preceptor residência médico aprimorar prático curso capacitação preceptoria oferecido ministério saudar parceria o programar o o desenvolvimento institucional único saudar proadi-sus aberto curso edital seleção preceptor programar residência médico e outro preceptor programar residência uniprofissional e multiprofissional saudar vago profissional programar residência preceptor profissional formar saudar mínimo especialidade atrelar o o serviço saudar o presença preceptor obrigatório e fundamental o existência programar residência o preceptor participar integralmente formação médico residente qualificação desenvolvimento competência didático-pedagógicas relacionar preceptoria aprimorar o processar formação residente e consequentemente o qualidade assistência população,saúde,21/02/2020 18h05,Por NUCOM/ SGTESAtendimento à imprensa:(61) 3315-3580,https://www.gov.br/saude/pt-br/assuntos/noticias/saude-abre-processo-seletivo-para-preceptores-de-residencia-medica,1
10457,Vinte corpos de migrantes são recuperados na costa da Tunísia  ,,corpo migrante áfrico subsaariana recuperar n quinta-feira costa sfax centrar tunísia informar mohamed zekri porta-voz ministério defeso migrante o bordar embarcação socorrido o e o guardar costeiro prosseguir tarefar buscar afirmar zekri o porta-voz ministério interior khaled hayouni citar cadáver recuperar e afirmar o embarcação seguir clandestinamente o costa itália,saúde,24/12/2020 09h16 ,24/12/2020 09h16 ,https://noticias.uol.com.br/ultimas-noticias/afp/2020/12/24/vinte-corpos-de-migrantes-recuperados-na-costa-da-tunisia.htm,1
10458,Deputado Daniel Silveira cometeu um burricídio  ,,"Preso na noite de terça-feira (16), Daniel Silveira foi abordado por um repórter ao chegar no Instituto Médico Legal, para o exame de corpo de delito. Ouviu a seguinte pergunta: ""Como o senhor espera que a Câmara avalie isso?"" Respondeu de bate-pronto: ""Vai revogar a prisão, vai revogar. O poder é independente."" Desde então, tudo ganhou uma aparência de epílogo na rotina do deputado. Quem olha para Daniel Silveira logo percebe que lhe sobram músculos. Quem ouve o personagem não demora a notar a falta que lhe fazem os miolos. Natural que a ficha do deputado demore a cair. Mas até ele, com todo o seu excesso e a sua escassez, já deve estar próximo de se dar conta de que inventou uma nova modalidade de autoeliminação: o burricídio.  O tronco hipertrofiado levou o deputado a fazer do seu mandato um ato físico. Em menos de 48 horas, Daniel Silveira descobriu que não possui costas tão largas. Às voltas com seus próprios calos no Supremo Tribunal Federal, o suposto amigo Jair Bolsonaro achou melhor não se meter em novos apertos. Fingindo-se de morto, o presidente como que liberou o funeral do aliado.",política,18/02/2021 19h22 ,18/02/2021 19h22 ,https://noticias.uol.com.br/colunas/josias-de-souza/2021/02/18/deputado-daniel-silveira-cometeu-um-burricidio.htm,1
10459,"

Bolsonaro foi envenenado com chumbo, mostram exames de sangue #boato 
","Bolsonaro foi envenenado com chumbo, mostram exames de sangue #boato",comer deus cuidar levar bolsonaro parir o hospital e mostrar parir atraves simples exame sangue chumbar sangue e envenena-lo o inimigo nao entender comer vencer bolsonaro e estao o matar cachorro ” brasil acima deus acima todos”exames sangue o presidente bolsonaro encontrar quantidade chumbar contaminação chumbar proveniente alimentação e contato o o metal realmente acontecer gravar sangue bolsonaro contaminar chumbar gravar parir saudar d,política,16/07/2021,"
Edgard Matsuki ",https://www.boatos.org/politica/bolsonaro-foi-envenenado-chumbo-mostram-exames-sangue.html,0
10460,É #FAKE que governo da Alemanha recomendou substituir tapete por pano com água sanitária para evitar a Covid-19,Governo alemão diz que nunca fez tal recomendação. Moradores da Alemanha afirmam que continuam vendo os tapetes nas portas. Médicos afirmam que não há evidência de que o tapete possa transmitir o novo coronavírus.,circular rede social mensagem afirmar alemão passar o substituir o tapetar portar chamar capacho panar úmido água sanitário evitar o disseminação coronavírus e o recomendação governar país procurar g1 o governar alemanha recomendação o embaixada alemanha brasil reforçar o governar alemão recomendação pegado dia mentir 1º abril d o equipar fato fake conversar pessoa morar alemanha contar ler ouvir o retirar tapete continuar portar e vizinho pandemia alemão o hábito tirar o sapato entrar casar,mundo, 06/04/2020," Por Gabriela Caesar e Roberta Pennafort, G1 e CBN ",https://g1.globo.com/fato-ou-fake/noticia/2020/04/06/e-fake-que-governo-da-alemanha-recomendou-substituir-tapete-por-pano-com-agua-sanitaria-para-evitar-a-covid-19.ghtml,0
10461,"

Xuxa embolsou R$ 8,9 milhões da Lei Rouanet em 2017 #boato 
","Boato – Xuxa Meneghel está protestando contra o presidente Jair Bolsonaro porque, em 2017, ganhou R$ 8,9 milhões da Lei Rouanet e agora “acabou a mamata”. ","xuxa ganhar r$ 8.9 milhão hoje o mamata acabar tá explicar o ódio bolsonaro o xuxa errar pedir o impeachment bolsonaro d o o contar hj ganhar 8,9 milhão lei rouanet q ganhar",entretenimento,26/05/2021,"
Edgard Matsuki ",https://www.boatos.org/entretenimento/xuxa-ganhou-r-89-milhoes-da-lei-rouanet-em-2017.html,0
10462,"Casos de coronavírus fora da China ""podem ser fagulha"" para incêndio maior, diz OMS  ",,o organização mundial saudar oms afirmar hoje o propagação caso coronavírus pessoa chino o fagulhar tornar incêndio e o raça humano deixar o epidemiar sair controlo o província chinês hubei epicentro surtir coronavírus registrar 2.097 caso e morte fevereiro informar o autoridade saudar n terça-feira horário d voltar 2h horário brasília hoje 40.235 caso haver confirmar chino e morte caso país incluir morte o diretor-geral oms tedros adhanom ghebreyesus o morto epidemiar aumentar domingo registrar único dia o vírus detectar cidade chinês wuhan dezembro,saúde,10/02/2020 20h29 ,Shivani Singh e Stephanie Nebehay,https://noticias.uol.com.br/saude/ultimas-noticias/reuters/2020/02/10/casos-de-coronavirus-fora-da-china-podem-ser-fagulha-para-incendio-maior-diz-oms.htm,1
10463,o filmar aladdin mostrar o manopla infinito marvel,,o imagem espalhar redar social o quinzena março e mostrar o personagem abu animação aladdin segurar o parecer o manopla infinito – artefato poderoso ficar famoso o cimenas – o estrear filmar guerra infinito,entretenimento,26/03/2019,gilmar lopes,https://www.e-farsas.com/o-filme-aladdin-mostrou-a-manopla-do-infinito-da-marvel-em-1992.html,0
10464,"É #FAKE que Chile previu calor de 55ºC no Brasil, mas é #FATO que médico compilou dicas contra o calor intenso",Post com informação parcialmente duvidosa parcialmente verdadeira circula na internet. ,circular rede social mensagem haver previsão onda calor atingir sensação térmico 55ºc brasil semana informar serviço meteorologia chile trecho mensagem fake o serviço meteorológico chile previsão o brasil o dirección meteorológico chile dmc realizar previsão meteorológico país jurisdição e território nacional impossível serviço realizar o prognóstico mencionar afirmar mensagem o médico oncologista luiz alberto silveiro ano profissão dica proteger calor intenso mensagem fato,mundo, 22/01/2019, Por G1 ,https://g1.globo.com/fato-ou-fake/noticia/2019/01/22/e-fake-que-chile-previu-calor-de-55o-c-no-brasil-e-fato-que-medico-compilou-dicas-contra-o-calor-intenso.ghtml,0
10465,"

Homem é enterrado vivo para aumentar número de mortes por Covid-19 #boato 
",Boato – Um homem foi enterrado vivo para inflar as estatísticas de mortes por Covid-19. A sorte do rapaz é que o coveiro o encontrou e o retirou do túmulo com vida.,enterrar viver – covid ze maria covid o pressa aumentar numeros n ze maria errar médico enterrar o rapaz vidar sortir o coveiro outro dia escutar gemer e voz clamar socorrer sobreviver o o colocar túmulo deixar o caixão presilha e haver pequeno buracar lateral loucura!!!a pressa aumentar estatístico covid-19 e sepultar n errar médico enterrar o rapaz vidar sortir coveiro outro dia escutar gemer e voz clamar socorrer sobreviver o colocar túmulo deixar o caixão presilha e tb haver pequeno buracar lateral sepultura,saúde,09/05/2020,"
Edgard Matsuki ",https://www.boatos.org/saude/homem-enterrado-vivo-aumentar-numero-mortes-covid-19.html,0
10466,Fazenda de São Paulo já fechou mais de 1.500 empresas por fraudes na pandemia  ,,empresar impedir funcionar paulo suspeito fraude e irregularidade enfrentamento pandemia covid-19 o sonegar imposto comercializar autorização produto tornar essencial prevenir o contaminação coronavírus respirador teste álcool gel e máscara proteção facial acordar o fisco paulista d empresar aberto o início epidemiar doença país d aberto o intenção fraudar o fisco aberto comercializar mercadoria existir acobertar mercadoria roubar empresar acabar emitir noto fiscal diverso explicar o chefe assistência fiscal monitoramento e inteligência secretariar fazenda paulo márcio rodrigar costa araújo n caso empresar o inscrição estadual suspenso ficar impedir temporariamente operar prestação contar dirigente e análise casar fiscal o proibição levantar mantido indefinidamente haver caso companhia setores o saudar hospitalar e farmacêutico passar o anunciar o fabricação insumo corrido item combater e minimizar o disseminação covid-19 empresar anunciar o vender álcool gel comprar insumo produzir o álcool gel ficar sentir empresar produzir o comprar explicar araújo,saúde,09/06/2020 18h22 ,Rayssa Motta,https://economia.uol.com.br/noticias/estadao-conteudo/2020/06/09/fazenda-de-sao-paulo-ja-fechou-mais-de-1500-empresas-por-fraudes-na-pandemia.htm,1
10467,É #FAKE imagem que mostra Doria usando máscara com bandeira da China,"Circula nas redes sociais uma montagem que mostra o governador de São Paulo, João Doria, usando uma máscara estampada com a bandeira chinesa. Na verdade, a máscara que ele usava era preta.",circular rede social foto governador paulo joão doria psdb votar eleição municipal d domingo máscara estampar o bandeiro chino o imagem fake rede social o governador publicar vídeo o foto tirar durante caminhar o prefeito e candidatar o reeleição paulo brunir cova psdb e o mulher bia doria publicação o máscara político tucano preto bia doria postar rede social foto o o colégio eleitoral o maridar e o máscara doria preto,mundo, 15/11/2020," Por Laís Modelli, G1 ",https://g1.globo.com/fato-ou-fake/noticia/2020/11/15/e-fake-imagem-que-mostra-doria-usando-mascara-com-bandeira-da-china.ghtml,0
10468,"

Dra. Stella Emanuel fala a verdade ao dizer que hidroxicloroquina é a cura da Covid-19 e que máscaras fazem mal #boato 
","Boato – Médica do Texas, doutora Stella Emanuel, defende o uso da hidroxicloroquina que é a cura e também prevenção da Covid-19.",“ o o médico stella emanuel n vídeo convencido haver algum precisar conter o pânico e entender haver interesse trás d pandemia interesse avassalador o país continuar enxergar o frente óbvio entender o seriedade vírus precisar parar colocar o mão consciência e ouvir o o presidente o início trabalhar e cuidar acreditar o hidroxicloroquina salvo vidar ” “ mulher altamente defensor famoso fármaco odiar covid-19 o nigeriano stella emanuel médico clínico houston texas eua orgulha-se curar doente covid-19 hidroxicloroquina zincar enazitromicina paciente “ condenar morte ” diabético asmático hipertenso quase idoso perder nenhum o covid-19 ficar curar médico claro exercício campanha desaconselhar o máscara e defender o reabertura escola ” “ o doutorar stella immanuel médico clínico houston texas verdade faculdade medicinar nigéria áfrico cuidar pessoa malária e tratar hidroxicloroquina e verdade acostumar medicação pessoalmente tratar paciente covid paciente diabete paciente pressão alto pessoa asma pessoa idoso achar paciente idoso ano outro e o resultar o colocar hidroxicloroquina zincar azitromicina e tratar paciente e perder nenhum diabético alguém pressão alto pessoa asma pessoa perder nenhum paciente.além d colocar o mim equipar e médico conhecer hidroxicloroquina prevenção mecanismo ação funcionar e profilaxia atender o paciente covid dia o tratamento respiratório e máscara cirúrgico nenhum ficar doente hidroxicloroquina funcionar vir washington o américa ninguém preciso morrer chatear e o razão pessoa conseguir respirar pai e diabético sentar consultório sentença morte e conseguir respirar e abraçar e ficar e tratar e nenhum morreu.então algum falsar cientista vir alguém patrocinar falso farmacêutico vir e “ ah estudo e descobrir funcionar ” categoricamente “ ciência falso ” patrocinar estudar trás d haver tratar paciente e contar e ninguém morrer e melhorar e testar e funcionar vírus curar e chamar hidroxicloroquina zincar e o azitromicina falar máscara alô preciso máscara existir curar abrir escola preciso colocar pessoa lockdown existir prevenção e existir curar ”,saúde,28/07/2020,"
Kyene Becker ",https://www.boatos.org/saude/stella-emanuel-verdade-hidroxicloroquina-cura-covid-mascaras-fazem-mal.html,0
10469,"Da desistência de Freixo ao voto útil, esquerda fica fora do 2º turno no RJ  ",,proposto frente amplo o o redor nome deputar federal marcelo freixo psol-rj fragmentação candidatura o esquerdo repetir erro eleição e terminar turno disputar prefeitura rir apesar o campar somar voto o prefeito marcelo crivella republicano colocar disputar o esperar votar útil candidatar chance favorecer o freixo o o 2º turno ocorrer n pleito durante o semestre liderança partidário negociar aliançar freixo chegar o reunir o ex-presidente luiz inácio lula silvar pt e avançar converso o deputar federal benedita silvar viçar o idear montar frente amplo esquerdo contar psb pcdob e redar sustentabilidade pdt entanto haver acordar o ex-governador leonel brizola insistir o deputar estadual delegar martha rocha cabeça chapar,política,16/11/2020 04h00 ,Igor Mello,https://noticias.uol.com.br/eleicoes/2020/11/16/desistencia-de-freixo-a-briga-do-voto-util-esquerda-fora-do-2-turno-no-rj.htm,1
10470,"É #FAKE que vídeo mostre vítima de tubarão em Mongaguá, SP",Mensagem falsa é outra versão de boato que atribui imagens a ataque de tubarão no Maranhão. As duas versões usam fotos de episódio ocorrido em 2010 em outro país.,circular rede social vídeo mostrar o salva-vidas resgatar mar rapaz grave ferimento perna o legendar acompanhar o vídeo imagem referir capturar tubarão branco litoral paulo e animal encontrar resto mortal adolescente o o vídeo circular imagem tubarão e corpo devorar o mensagem fake o vídeo mostrar o rapaz ferir resgatar gravar verdade pernambuco o g1 o notícia época foto circular o o vídeo antigo publicar internet e relacionar episódio ocorrer bahamas o mensagem falir o tubarão litoral paulista reciclagem versão anterior viralizou haver semana versão antigo o texto haver o capturar tubarão branco maranhão e animal haver resto humano jovem o autor mensagem falso trocar o localidade fato,entretenimento, 24/01/2020, Por G1 ,https://g1.globo.com/fato-ou-fake/noticia/2020/01/24/e-fake-que-video-mostre-vitima-de-tubarao-em-mongagua-sp.ghtml,0
10471,Argentinos protestam contra quarentena mais longa da América Latina  ,,o intolerância social ruir o quarentenar argentino o longo e rígido américa latino único estratégia adotada governar conter o epidemiar coronavírus país o multiplicação caso comedir o sair controlo ameaçar saturar o saudar e afetando o imagem presidente alberto fernández argentino aproveitar o dia libertador país o general san martín gritar simbolicamente liberdade o quarentenar completar dia o prorrogar américa latino o impor alto custar econômico social e psicológico o país o protestar hoje pretender defender instituição republicano reformar judiciário opinião manifestante feito medir livrar o vice-presidente cristina kirchner processo corrupção o país prioridade o deterioração social elevar o violência país metropolitano buenos aires registrar roubar o minuto,saúde,17/08/2020 10h27 ,17/08/2020 10h27 ,https://noticias.uol.com.br/ultimas-noticias/rfi/2020/08/17/150-dias-argentinos-protestam-contra-quarentena-mais-longa-da-america-latina.htm,1
10472,"

Alerta máximo de frio extremo com temperaturas mais baixas dos últimos 50 anos #boato 
",Alerta máximo de frio extremo com temperaturas mais baixas dos últimos 50 anos #boato,alertar frio extremar atenção o dia e principalmente o 07/07 umar potente massa ar polar avançar pelar sul brasil comer o ano o simulação computadorizadas indicar temperatura extremo o gaúcho abaixar grau o frio intenso comer haver ano temperatura negativo generalizar e gear forte intensidade o região santo maria cruz alto ijuí santo ângelo registrar entrar -7 e -12 ° c o serrar paranaense o frio vir intensidade e o região palmar pinhão e guarapuava o temperatura chegar proximas o – ° c negativo região guarapuava chácara sol nascente o guairaca o previsão temperatura chegar o -15 ° c lagoa seco pinhero e arraiá mandioca – 12⁰c defeso civil municipal altamente recomendável o inicialização planar parir moderador ruir e render e ajudar humanitário vir o frio extremar sair suar casar noite e vedar o janela o serrar gaúcho e catarinense descartar temperatura -19 ° c grau negativo atualizações o dia pedir ajudar o o população alertar caos dever s negativo e o super frente frio comer o cinquenta ano riscar nevar ❄ o sul,brasil,28/06/2021,"
Edgard Matsuki ",https://www.boatos.org/brasil/alerta-maximo-frio-extremo-temperaturas-mais-baixas-ultimos-50-anos.html,0
10473,"É #FAKE que vídeo que mostra cobras, ratos e cães prontos para consumo humano foi gravado na China","O vídeo mostra, na verdade, o mercado de Langowan, na Indonésia, e está publicado no Youtube pelo menos desde 19 de julho de 2019.",circular rede social vídeo mostrar mercar o céu aberto ocorrer o vender consumir humanar diverso animar rato cachorro e cobrar legendar olhar o coronavirus chinês comer porcaria cachorro ratar morcegar cobrar insetos 👆 🏼 👆 🏼 👆 🏼 engraçar o restar mundo comover maldade ... matar cachorro gato etc ... absurdo o vídeo mostrar verdade o mercar langowan indonésio e publicar youtube julho trecho vídeo mostrar placar o expressão kantor pasar langowan significar escritório mercar langowan o o digitar pasar langowan google maps descobrir o localização feirar indonésio o ficar o km distância wuhan chino cidade início o doença,entretenimento, 03/04/2020, Por G1 ,https://g1.globo.com/fato-ou-fake/noticia/2020/04/03/e-fake-que-video-que-mostra-cobras-ratos-e-caes-prontos-para-consumo-humano-foi-gravado-na-china.ghtml,0
10474,"

Vídeo mostra abertura do vertedouro da barragem de Três Marias, em Minas Gerais #boato 
","Boato – Imagem impressionante mostra momento da abertura do vertedouro da barragem de Três Marias, em Minas Gerais. Ribeirinhos que moram às margens do Rio São Francisco terão que deixar as casas.",barragem maria minar gerar abrir o vertedouro hoje ano intenso chuva minar gerar dia o direção barragem maria abrir o vertedouro hoje caráter urgência e segurança abertura vertedouro e previsão chuva minar gerar dia emitir alertar o ribeiro e familias retirar residência defeso civil polícia militar e marinho deixar avisar o exército casar necessário voltar o esperançar barragem o o longo rir francisco o paulo afonso sobrandinho e xingar voltar passar trazer voltar o mar água doce município nordeste brasileiro emitir alertar horar o região central minar principalmente o capital mineiro e cidade norte minar monte claro o governar minar determinar família residir margem rir francisco principalmente ilhar deixar imediatamente residência abertura vertedouro barragem maria o rir francisco superar cheio ano e,brasil,07/03/2020,"
Edgard Matsuki ",https://www.boatos.org/brasil/video-mostra-abertura-vertedouro-barragem-tres-marias-minas-gerais.html,0
10475,o oms orientar o evitar sexo animar comer prevenção o o coronavírus,"de vez em quando é realmente bem difícil acreditar em algumas recomendações de segurança, principalmente quando se trata da saúde humana. nesse sentido, está circulando nas redes sociais uma imagem atribuída a organização mundial da saúde (oms), onde eles teriam recomendado que as pessoas evitassem fazer sexo desprotegido com animais, de fazenda ou selvagens, como medida para evitar o novo coronavírus (2019-ncov).",conferir abaixar,saúde,31/01/2020,marco faustino,https://www.e-farsas.com/a-oms-orientou-a-evitar-sexo-com-animais-como-prevencao-ao-coronavirus.html,0
10476,Veja o que é #FATO ou #FAKE nas declarações dos candidatos à Prefeitura de SP na 4ª semana de campanha,"Frases foram ditas em redes sociais, no horário eleitoral e nas agendas diárias.",candidato prefeitura paulo continuidade campanha eleitoral cidade n semana o registrar oficial candidatura postar rede social falar horário eleitoral tv e rádio e participar entrevisto e evento o equipar fato fake checar principal declaração durante o semana candidato aparecer numericamente frente pesquisar o ordem seguir o pesquisar ler brunir cova psdb “unidade habitacional viabilizar gestão recordar o história cidade paulo”,política, 24/10/2020," Por G1, O Globo, Extra, TV Globo, CBN, Valor e GloboNews ",https://g1.globo.com/fato-ou-fake/noticia/2020/10/24/veja-o-que-e-fato-ou-fake-nas-declaracoes-dos-candidatos-a-prefeitura-de-sp-na-4a-semana-de-campanha.ghtml,0
10477,Veja o que é #FATO ou #FAKE nas declarações dos candidatos à Prefeitura de SP na 4ª semana de campanha,"Frases foram ditas em redes sociais, no horário eleitoral e nas agendas diárias.",candidato prefeitura paulo continuidade campanha eleitoral cidade n semana o registrar oficial candidatura postar rede social falar horário eleitoral tv e rádio e participar entrevisto e evento o equipar fato fake checar principal declaração durante o semana candidato aparecer numericamente frente pesquisar o ordem seguir o pesquisar ler brunir cova psdb “o ciclovias ... nó qualificar km”,política, 24/10/2020," Por G1, O Globo, Extra, TV Globo, CBN, Valor e GloboNews ",https://g1.globo.com/fato-ou-fake/noticia/2020/10/24/veja-o-que-e-fato-ou-fake-nas-declaracoes-dos-candidatos-a-prefeitura-de-sp-na-4a-semana-de-campanha.ghtml,0
10478,Veja o que é #FATO ou #FAKE nas declarações dos candidatos à Prefeitura de SP na 4ª semana de campanha,"Frases foram ditas em redes sociais, no horário eleitoral e nas agendas diárias.",candidato prefeitura paulo continuidade campanha eleitoral cidade n semana o registrar oficial candidatura postar rede social falar horário eleitoral tv e rádio e participar entrevisto e evento o equipar fato fake checar principal declaração durante o semana candidato aparecer numericamente frente pesquisar o ordem seguir o pesquisar ler celso russomanno republicano “o país o cidade paulo e o paulo quebrar o contar ordem e quebrar”,política, 24/10/2020," Por G1, O Globo, Extra, TV Globo, CBN, Valor e GloboNews ",https://g1.globo.com/fato-ou-fake/noticia/2020/10/24/veja-o-que-e-fato-ou-fake-nas-declaracoes-dos-candidatos-a-prefeitura-de-sp-na-4a-semana-de-campanha.ghtml,0
10479,Veja o que é #FATO ou #FAKE nas declarações dos candidatos à Prefeitura de SP na 4ª semana de campanha,"Frases foram ditas em redes sociais, no horário eleitoral e nas agendas diárias.",candidato prefeitura paulo continuidade campanha eleitoral cidade n semana o registrar oficial candidatura postar rede social falar horário eleitoral tv e rádio e participar entrevisto e evento o equipar fato fake checar principal declaração durante o semana candidato aparecer numericamente frente pesquisar o ordem seguir o pesquisar ler celso russomanno republicano “o dívida município paulo o união hoje r$ bilião tornar r$ bilião renegociar”,política, 24/10/2020," Por G1, O Globo, Extra, TV Globo, CBN, Valor e GloboNews ",https://g1.globo.com/fato-ou-fake/noticia/2020/10/24/veja-o-que-e-fato-ou-fake-nas-declaracoes-dos-candidatos-a-prefeitura-de-sp-na-4a-semana-de-campanha.ghtml,0
10480,Veja o que é #FATO ou #FAKE nas declarações dos candidatos à Prefeitura de SP na 4ª semana de campanha,"Frases foram ditas em redes sociais, no horário eleitoral e nas agendas diárias.",candidato prefeitura paulo continuidade campanha eleitoral cidade n semana o registrar oficial candidatura postar rede social falar horário eleitoral tv e rádio e participar entrevisto e evento o equipar fato fake checar principal declaração durante o semana candidato aparecer numericamente frente pesquisar o ordem seguir o pesquisar ler celso russomanno republicano “cohab construir nenhum casar o o longo d ano”,política, 24/10/2020," Por G1, O Globo, Extra, TV Globo, CBN, Valor e GloboNews ",https://g1.globo.com/fato-ou-fake/noticia/2020/10/24/veja-o-que-e-fato-ou-fake-nas-declaracoes-dos-candidatos-a-prefeitura-de-sp-na-4a-semana-de-campanha.ghtml,0
10481,Veja o que é #FATO ou #FAKE nas declarações dos candidatos à Prefeitura de SP na 4ª semana de campanha,"Frases foram ditas em redes sociais, no horário eleitoral e nas agendas diárias.",candidato prefeitura paulo continuidade campanha eleitoral cidade n semana o registrar oficial candidatura postar rede social falar horário eleitoral tv e rádio e participar entrevisto e evento o equipar fato fake checar principal declaração durante o semana candidato aparecer numericamente frente pesquisar o ordem seguir o pesquisar ler guilherme boulos psol “processar casar triplex guarujá fraudulento levar o lula parir o prisão”,política, 24/10/2020," Por G1, O Globo, Extra, TV Globo, CBN, Valor e GloboNews ",https://g1.globo.com/fato-ou-fake/noticia/2020/10/24/veja-o-que-e-fato-ou-fake-nas-declaracoes-dos-candidatos-a-prefeitura-de-sp-na-4a-semana-de-campanha.ghtml,0
10482,Veja o que é #FATO ou #FAKE nas declarações dos candidatos à Prefeitura de SP na 4ª semana de campanha,"Frases foram ditas em redes sociais, no horário eleitoral e nas agendas diárias.",candidato prefeitura paulo continuidade campanha eleitoral cidade n semana o registrar oficial candidatura postar rede social falar horário eleitoral tv e rádio e participar entrevisto e evento o equipar fato fake checar principal declaração durante o semana candidato aparecer numericamente frente pesquisar o ordem seguir o pesquisar ler guilherme boulos psol “investir pelar prefeitura r$ bilião ano”,política, 24/10/2020," Por G1, O Globo, Extra, TV Globo, CBN, Valor e GloboNews ",https://g1.globo.com/fato-ou-fake/noticia/2020/10/24/veja-o-que-e-fato-ou-fake-nas-declaracoes-dos-candidatos-a-prefeitura-de-sp-na-4a-semana-de-campanha.ghtml,0
10483,Veja o que é #FATO ou #FAKE nas declarações dos candidatos à Prefeitura de SP na 4ª semana de campanha,"Frases foram ditas em redes sociais, no horário eleitoral e nas agendas diárias.",candidato prefeitura paulo continuidade campanha eleitoral cidade n semana o registrar oficial candidatura postar rede social falar horário eleitoral tv e rádio e participar entrevisto e evento o equipar fato fake checar principal declaração durante o semana candidato aparecer numericamente frente pesquisar o ordem seguir o pesquisar ler márcio frança psb “o deputar estadual paulista acabar mudar o constituição estadual parir privatizar o sabesp”,política, 24/10/2020," Por G1, O Globo, Extra, TV Globo, CBN, Valor e GloboNews ",https://g1.globo.com/fato-ou-fake/noticia/2020/10/24/veja-o-que-e-fato-ou-fake-nas-declaracoes-dos-candidatos-a-prefeitura-de-sp-na-4a-semana-de-campanha.ghtml,0
10484,Veja o que é #FATO ou #FAKE nas declarações dos candidatos à Prefeitura de SP na 4ª semana de campanha,"Frases foram ditas em redes sociais, no horário eleitoral e nas agendas diárias.",candidato prefeitura paulo continuidade campanha eleitoral cidade n semana o registrar oficial candidatura postar rede social falar horário eleitoral tv e rádio e participar entrevisto e evento o equipar fato fake checar principal declaração durante o semana candidato aparecer numericamente frente pesquisar o ordem seguir o pesquisar ler márcio frança psb “o boulos voto o pt voto o junto boulos e pt voto nó o capital”,política, 24/10/2020," Por G1, O Globo, Extra, TV Globo, CBN, Valor e GloboNews ",https://g1.globo.com/fato-ou-fake/noticia/2020/10/24/veja-o-que-e-fato-ou-fake-nas-declaracoes-dos-candidatos-a-prefeitura-de-sp-na-4a-semana-de-campanha.ghtml,0
10485,Lava Jato: PGR prorroga força-tarefa de Curitiba até janeiro de 2021  ,,"A PGR (Procuradoria-Geral da República) prorrogou até 31 de janeiro de 2021 a designação de todos os 14 membros do MPF (Ministério Público Federal) para atuação na força-tarefa da Operação Lava Jato no Paraná. A decisão administrativa será publicada amanhã (10). O documento indica que o CSMPF (Conselho Superior do Ministério Público Federal) adote soluções para ampliar e institucionalizar a atuação conjunta no combate à corrupção. Ao todo, são 11 procuradores da República e dois procuradores regionais que auxiliarão Alessandro Oliveira, novo titular do 15º Ofício, que concentra as investigações sobre desvios na Petrobras. A decisão da PGR também assegura, como solicitado, que 11 dos 14 integrantes tenham dedicação exclusiva à força-tarefa de Curitiba. De acordo com o MPF, a providência visa permitir que Oliveira tenha ""protagonismo na atual decisão quanto aos quadros e ao tempo da atuação conjunta"" e se familiarize com os membros que o auxiliam. As designações dos dois procuradores regionais precisam ser avalizadas pelo CSMPF. Já a decisão sobre procuradores da República, que atuam em primeira instância, cabe ao procurador-geral da República.",política,09/09/2020 18h29 ,"Do UOL, em São Paulo",https://noticias.uol.com.br/politica/ultimas-noticias/2020/09/09/lava-jato-pgr-prorroga-forca-tarefa-de-curitiba-ate-janeiro-de-2021.htm,1
10486,"
  A imagem de aglomeração na praia de Ipanema foi registrada no último domingo, 30 de agosto","Várias publicações compartilhadas centenas de vezes nas redes sociais replicando um tuíte do jornalista Guilherme Fiuza afirmam que uma fotografia da praia de Ipanema lotada não teria sido registrada em meio à pandemia de covid-19, mas que ela seria antiga. Essa afirmação, entretanto, é falsa: a imagem foi feita, de fato, em 30 de agosto, quando o Rio de Janeiro registrava mais de 223 mil casos e 16 mil mortes pelo novo coronavírus.Envie-nos por WhatsApp Email",“ o brasil imprensar atuam organização criminoso lutar devolver o executivo o bandido ” indicar o legendar postagens circular o dia agostar e compartilhar facebook o publicação circular instagram e registrar curtir o capturar tela tuíte jornalista guilherme fiuza “ o s. paulo publicar foto antigo praia ipanema lotar carioca praia o jornal buscar arquivar aglomeração mar barraca grudar existir p ilustrar fake news viral ” o vereador carlos bolsonaro republicano rj filhar presidente jair bolsonaro chegar o comentar o postagem fiuza,brasil,2/09/2020 às 22:10,AFP Brasil,https://checamos.afp.com//imagem-de-aglomeracao-na-praia-de-ipanema-foi-registrada-no-ultimo-domingo-30-de-agosto,0
10487,Voto feminino parece decidido a impedir reeleição de Trump  ,,taxar mortalidade covid-19 crescer americano o democrata joe biden liderar pesquisar nacional e médio decisivo formar colégio eleitoral n julho problema o campanha reeleição presidente donald trump assumir tom realistar semana passar pandemia o obstáculo reeleição republicano o rejeição eleitorado feminino realizar e julho o pesquisar universidade quinnipiac mostrar biden trump entanto o democrata alcançar preferência feminino o republicano homem biden e trump empatar o cruzar trump reabertura escola outonar tirar pé o levantamento universidade quinnipiac mulher desaprovar o trump lido o apoiar o pressão presidente o voltar s aula eleitorado masculino o conduta republicano n assunto desaprovar e aprovar,saúde,27/07/2020 10h30 ,27/07/2020 10h30 ,https://noticias.uol.com.br/colunas/kennedy-alencar/2020/07/27/rejeicao-do-eleitorado-feminino-e-o-maior-obstaculo-a-reeleicao-de-trump.htm,1
10488,É #FAKE que voluntária que tomou CoronaVac tenha sido entubada em Barretos após choque anafilático,"Estudos clínicos não detectaram qualquer reação adversa grave até o momento, segundo Instituto Butantan, que coordena testagem do imunizante contra a Covid-19.","circular rede social profissional saudar receber o coronavac vacinar fabricação chinês testar instituto butantan hospitalizar e entubar contar reação gravar o o imunizante o mensagem acontecer barretos sp procurar cbn o instituto butantan negar o informação “ inverídico o informação voluntário estudo clínico vacinar coronavac realizar hospital amor barretos sofrer chocar anafilático e passar entubação receber dosar imunizante voluntário reação moderar associar o histórico saudar e vacinar prontamente atendido liberar e seguir monitorada ” o butantan esclarecer haver relato grave nenhum voluntário “ teste realizar o coronavac mostrar o vacinar possuir excelente perfil segurança constatação reações adverso significativo o voluntário vacinar chino 94,7 reação adverso 5,36 sentir efeito adverso grau frequente dor levar aplicação 3,08 voluntário fadigar 1,53 e febril moderar 0,21 pessoa 0,54 apresentar perda apetitar dor cabeça fadigar e febre ”",saúde, 19/10/2020," Por Roberta Pennafort, CBN ",https://g1.globo.com/fato-ou-fake/coronavirus/noticia/2020/10/19/e-fake-que-voluntaria-que-tomou-coronavac-tenha-sido-entubada-em-barretos-apos-choque-anafilatico.ghtml,0
10489,"

Bolsonaro edita decreto que proíbe uso de drogas em universidades #boato 
",Boato – Presidente Jair Bolsonaro assinou decreto que proíbe o consumo de drogas em universidades e a entrada de alunos sem roupas em instituições de ensino.,“ — bolsonaro assinar decretar proibir o consumir drogar universidade e choco aluno publicar otarionista ㅤㅤem maio 08:55h – decretar assinar n sexta-feira presidente jair bolsonaro proibir o consumir drogar interior universidade país o texto decretar prever o proibição aluno vestimenta interno instituição acordar o governar o medir visar “ manter o ordem e o aluno principalmente d consumir tabelar ficar efeito entorpecente alheio ” o unir união nacional estudante repudiar o decisão e convocar megaprotesto o dia maio ”,política,10/06/2019,"
Kyene Becker ",https://www.boatos.org/politica/bolsonaro-decreto-proibe-drogas-universidades.html,0
10490,CNJ diz que recebeu 99 sugestões para implementação do juiz de garantias,Propostas serão encaminhadas ao grupo de trabalho que estuda o tema; conheça algumas. Juiz de garantias foi incluído no projeto anticrime aprovado pelo Congresso.,o nacional justiçar cnj informar n segunda-feira receber sugestão o implementação juiz garantir proposto apresentar consulto público internet aberto dia dezembro e encerrar sexta-feira o balançar contabilizar contribuição período balançar parcial o cnj haver informar receber sugestão proposto encaminhar o o trabalhar discutir o temer ouvir o ordem advogar brasil oab e o procuradoria repúblico pgr – ler detalhe abaixar o trabalhar coordenar corregedor nacional justiçar humberto martim e funcionar o quarta-feira,política, 13/01/2020 22h17 ," Por Fernanda Vivas, TV Globo — Brasília ",https://g1.globo.com/politica/noticia/2020/01/13/cnj-diz-que-recebeu-99-sugestoes-para-implementacao-do-juiz-de-garantias.ghtml,1
10491,Jovens desafiam covid-19 na periferia de São Paulo com rolê e beijo na boca  ,,periferia paulo o reunião amigo portar casar manobrar skate o passear bicicleta e o futebol acontecer normalmente o coronavírus circular o exposição jovem o o riscar covid-19 frequentar horar dia o perigo adolescente escolher desafiar o pandemia o reportagem uol zonar sul e ler capital paulista entender o juventude n região ignorar o coronavírus o quebrar isolamento o medo abordagem pm polícia militar e o saudar comentar amigo levar consideração o máscara obrigatório unanimidade horar sair e encontrar amigo praticar esportes paquerar aglomeração ocorrer festa,saúde,14/05/2020 04h03 ,Cleber Souza e Luís Adorno,https://noticias.uol.com.br/cotidiano/ultimas-noticias/2020/05/14/jovens-ignoram-coronavirus-em-bairros-da-periferia-de-sao-paulo.htm,1
10492,"Mãe, filha e neta são vacinadas contra covid no mesmo dia no interior de SP  ",,mãe filho e neto receber o dosar vacinar o covid-19 dia francisco candida paula amélia candida silvar e francisco pinheiro imunizar fernandópolis sp o km capital cuidador idoso o neto família explicar o vacinação ocorrer casar morar receber o dosar coronavac vacinar desenvolvido laboratório sinovac parceria o instituto butantan ansioso e alegria confiante dia chegar e chegar aliviar,saúde,10/02/2021 16h28 ,Simone Machado,https://noticias.uol.com.br/cotidiano/ultimas-noticias/2021/02/10/mae-filha-neta-vacina-mesmo-dia-fernandopolis.htm,1
10493,Pazuello investe em prisão pela CPI e crise militar? Punição e reserva já!  ,,eduardo pazuello diferençar supor boi piranha jair bolsonaro tampouco o militar exemplar disciplinar aceito o guilhotinar proteger o chefe companhia presidente criar crise militar mandar o guilhotinar e aloprado o bobalhão turma pertencer bandar truculento o circo fogo insanidade criar crise militar precisamente o buscar o presidente e o general o pazuello o atar o golpista e eleitoreiro promover presidente — contar o desrespeitar o morto — constituir agressão evidente cpi indicar o ex-ministro saudar convocar acinte e provocação d domingo dispor o criar circunstância receber voz prisão e n casar o aposto crise militar o despropósito conduzir o país e instituição líder aloprado incapaz governar regrar jogar democrático o subordinar o anteceder ditadura constatar o degradação moral conduzir forçar armar — o exército particular — virar quadro comandar o pastar o omissão e ações desastrado assistir o o morticínio massa brasileiro,política,24/05/2021 08h02 ,24/05/2021 08h02 ,https://noticias.uol.com.br/colunas/reinaldo-azevedo/2021/05/24/pazuello-investe-em-prisao-pela-cpi-e-crise-militar-punicao-e-reserva-ja.htm,1
10494,Tempo de Sergio Camargo à frente da Fundação Palmares precisa acabar  ,,o sergio camargo frente fundação palmar preciso acabar graça o o stj superior tribunal justiçar continuar frente fundação cultural palmar destruir década história relevância e contribuição o defeso manutenção frente instituição tornar racista o defender o retirar nome personalidade negro lista homenagear instituição chegar o o importante superfície profundar sério e aviltante o governar transformar instituição caro população negro o instrumentar ideológico país o população negro e memória e instituição manter mão indivíduo abertamente racista nomear novembro sergio camargo imediatamente rechaçar movimentar negro intelectual ativistas organização lidar o pautar racial e o defeso produção cultura negro país o mobilização contrário indicação acabar resultar ação civil acolhido justiçar dezembro e suspender nomeação decisão entanto derrubar fevereiro presidente stj joão otávio noronha,política,05/12/2020 04h02 ,05/12/2020 04h02 ,https://noticias.uol.com.br/colunas/ronilso-pacheco/2020/12/05/o-racismo-de-sergio-camargo-o-aval-do-stj-e-a-permanencia-de-uma-agressao.htm,1
10495,"Preterida pelo MDB, Simone será candidata independente em disputa no Senado  ",,o senador simone tebet mdb-ms decidir candidato independente presidência senado o decisão simone respostar o o apoiá-la formalmente o eleição interno casar marcar o segunda-feira 1º o mdb anunciar analisar acordar o presidente senado davi alcolumbre dem-ap importante espaço o o casar o vitória principal rival candidato sigla o senador rodrigar pacheco dem-mg prático o decisão selar abandonar mdb candidatura simone o candidato estimar conseguir cercar voto senador bancada,política,28/01/2021 13h02Atualizada em 28/01/2021 14h33 ,Luciana Amaral e Natália Lázaro,https://noticias.uol.com.br/politica/ultimas-noticias/2021/01/28/preterida-pelo-mdb-simone-sera-candidata-independente-em-disputa-no-senado.htm,1
10496,É verdade que boicote dos brasileiros fez as compras da China caírem 78%?,,o publicação voltar o compartilhar whatsapp semana julho e afirmar levantamento incint constatar comprar feito chino cair,entretenimento,6/07/2021,Gilmar Lopes,https://www.e-farsas.com/e-verdade-que-boicote-dos-brasileiros-fez-as-compras-da-china-cairem-78.html,0
10497,Pagamento instantâneo: serviço de transferência bancária por QR Code será destaque em 2020, 01/01/2020 05h01 ,o expansão brasil redar g aposto tecnologia infelizmente esperar o internet alto velocidade tornar realidade entanto confirmar tendência aposto blog o prático blockchain o bitcoin viabilizar revolução operação financeiro e o pagamento instantâneo o aposto ano transferência valorar contar bancário o maneiro prático o repassar valorar existir limitação n serviço o transferência eletrônica disponível ted possuir limitar horário concluir finar semana o operação compensar dia útil instituição o processar compensação horário diário limitar o transação ocorrer restrição o pagamento instantâneo haver limitação o serviço compensação funcionar durante horar dia e dia semana transferência ocorrer diretamente contar usuário pagador o contar usuário recebedor o necessidade intermediário o propiciar custo transação o benefício proporcionar tecnologia consistir reduzir o custar operação acelerar atividades financeiro e melhorar o experiência cliente pessoa realizar transferência o telefonar celular aplicativo leitura qr code significar máquina cartão crédito e caixa eletrônicos tornar equipamento obsoleto,política, 01/01/2020 05h01 , ,https://g1.globo.com/economia/tecnologia/blog/ronaldo-prass/post/2020/01/01/pagamento-instantaneo-servico-de-transferencia-bancaria-por-qr-code-sera-destaque-em-2020.ghtml,1
