,Titulo,Subtitulo,Noticia,Categoria,Data,Autor,URL,Classe
7964,"

Ser infectado com Covid-19 protege 7 vezes mais do que tomar qualquer vacina #boato 
",Boato – Israel e Chile provam que número de infecções entre vacinados é 7 vezes maior do aqueles que já se infectaram com a Covid-19. Ou seja: ser infectado com a “vacinação raiz” protege sete vezes mais. ,“ o informação infectar covid vezar eficaz o melhor o vacinar umar notícia parir país comer o brasil diverso razão umar população índice infectar o chamar vacinação raiz traduzir o virar página sanitário história ”,saúde,22/07/2021,"
Kyene Becker ",https://www.boatos.org/saude/ser-infectado-covid-19-protege-7-vezes-mais-que-tomar-qualquer-vacina.html,0
7965,gatar aparecer foto esconder dobermans verdade,,o imagem virar e mexer voltar o aparecer o redar social n gatar branco mostrar espertar o cão o suar procurar esconder murar e espremer portão,entretenimento,24/03/2019,gilmar lopes,https://www.e-farsas.com/gato-aparece-em-foto-se-escondendo-de-dobermans-sera-verdade.html,0
7966,conhecer o verdade sobrar o manifestante o cartaz “ o energia negativo o ‘ mito ’ errar ”,"durante as manifestações de 30 de junho de 2019, a foto de um manifestante e seu cartaz viralizaram nas redes sociais. esse indivíduo, trajando uma camisa verde e amarela, segurava um cartaz que dizia: “a energia de vocês está fazendo o ‘mito’ errar”. também era possível notar que essa pessoa tinha ido a manifestação que estava sendo realizada na avenida paulista, na cidade de são paulo.",foto amplamente compartilhar e d citar o página “ bolsar regrets ” facebook e o perfil oficial jornalista guga noblat twitter o manifestante acabar “ escolher ” espécie representante ruir domingo símbolo genérico conotação depreciativo o manifestante dever o mensagem carregar cartaz,política,2/07/20192,marco faustino,https://www.e-farsas.com/conheca-a-verdade-sobre-o-manifestante-com-o-cartaz-a-energia-negativa-de-voces-esta-fazendo-o-mito-errar.html,0
7967,É falso que o Hospital das Clínicas de São Paulo não tenha pacientes com covid-19,,vídeo circular rede social mostrar imagem outro hospital ficar ribeirão preto interior paulo paciente internar o covid-19,saúde,2020/04/09,Comprova,https://projetocomprova.com.br/publicações/e-falso-que-o-hospital-das-clinicas-de-sao-paulo-nao-tenha-pacientes-com-covid-19/,0
7968,Troca na presidência do Inmetro atende a pedido antigo da ala militar do governo, 19/02/2020 12h21 ,"A troca da presidência do Instituto Nacional de Metrologia, Qualidade e Tecnologia (Inmetro), confirmada nesta terça-feira (18), é resultado de um pedido antigo da ala militar do governo, segundo informaram ao blog integrantes da autarquia federal.  Nesta terça, o “Diário Oficial da União” publicou a nomeação do coronel do Exército Marcos Heleno Guerson de Oliveira Júnior para a presidência do Instituto, que é vinculado ao Ministério da Economia.  A nomeação reforça a avaliação de que os militares têm ganhado cada vez mais poder nos primeiro e segundo escalão do governo.  Também nesta terça, o presidente Jair Bolsonaro deu posse ao general do Exército Walter Souza Braga Netto como novo ministro da Casa Civil, no lugar de Onix Lorenzoni.",política, 19/02/2020 12h21 , ,https://g1.globo.com/politica/blog/matheus-leitao/post/2020/02/19/troca-na-presidencia-do-inmetro-atende-pedido-antigo-da-ala-militar-do-governo-cada-vez-mais-prestigiada.ghtml,1
7969,Deputados discutem limitar atuação de juízes de 1ª instância em casos de investigados com foro privilegiado,"Juízes não poderiam aplicar medidas cautelares, como buscas e apreensões e quebras de sigilos. Regra seria incluída por meio de emenda na PEC que restringe o foro privilegiado. ",deputar costurar câmara acordar aprovar texto limitar o ação juiz instância investigação político e autoridade hoje foro privilegiar juiz e procurador o dispositivo incluir emendar proposto emendar constituição pec restringir o foro privilegiar o informação publicar jornal o globo n segunda-feira o pec aprovar senado e parar câmara haver ano prever reduzir o foro privilegiar prerrogativa investigar tribunal superior caso crime comum autoridade presidente e vice-presidente repúblico presidente câmara presidente senado e presidente supremo tribunal federal stf deputar e senador responder crime comum instância inferior manter o foro caso crime cometido período mandatar e relacionar atividade parlamentar emendar deputar negociar maneiro facilitar o aprovação pec juiz instância decretar autoridade hoje foro medir cautelar prisão quebrar sigilar bancário e telefônico e ordem buscar e apreensão acordar o emendar medir decidir tribunal superior,política, 13/01/2020 14h26 , Por Jornal Hoje — Brasília ,https://g1.globo.com/politica/noticia/2020/01/13/deputados-discutem-limitar-atuacao-de-juizes-de-1a-instancia-em-casos-de-investigados-com-foro-privilegiado.ghtml,1
7970,"Cerca de 4 mil variantes do coronavírus circulam no mundo, afirma ministro britânico",,"milhar variante documentar medir o vírus sofrer mutação ficararam popularmente britânico sul-africana e brasileiro linhagem atrair o preocupação mundial estudo preliminar indicar mutação tornar infeccioso cepa sars-cov-2 entrevisto tv britânico sky news zahawi improvável variante impactar vacinar adotadas o covid-19 — improvável o vacinar atual eficiente variante especialmente tratar evitar doença grave e hospitalização — afirmar o ministrar britânico — fabricante pfizer biontech moderno oxford astrazeneca e estudar melhorar vacinar pronto mutação haver cercar variante covid o mundo milhar variante surgir medir o vírus mudo o o replicar provável minoria pequeno relevante e mudar o vírus maneiro perceptível acordar artigo publicação british medical journal o chamar variante britânico vui-202012/01 b.1.1.7 mutação incluir mudança proteína s spike vírus ligar o o receptor ace2 célula humano infectá-las – o indicar potencialmente comportamento contagioso — o setor sequenciamento genoma cercar setor mundial e montar biblioteca variante pronto reagir outonar primaverar hemisfério sul o desafiar o vírus apresentar e produzir o vacinar — zahawi o coronavírus sars-cov-2 matar 2,268 milhão pessoa o planeta surgir chino acordar o universidade medicinar johns hopkins n quinta-feira o reinar unir testar verificar reações imunológico gerar dose vacinar pfizer e astrazeneca combinar cronograma vacinar",saúde, Publicado em  04/02/21 09:49 ,Reuters,https://extra.globo.com/noticias/coronavirus/cerca-de-4-mil-variantes-do-coronavirus-circulam-no-mundo-afirma-ministro-britanico-24868795.html,1
7971,"

Filha da Maria do Rosário faz convite para Maconhaço pela Democracia Petista #boato 
","Boato – Fernanda Minazzi, filha da deputada federal Maria do Rosário (PT-RS), gravou um vídeo convidando a população para um evento chamado “Maconhaço pela Democracia Petista”.",filho maria rosario convocar população o manifestação maconhaço dia fdp filho maria rosário chegar o alienação entender o pq o verme mr defender bandido filho deputar maria rosário eis q vc achar o maria rosário ridículo o filho d e superar kkkkkkkkk,política,25/05/2019,"
Edgard Matsuki ",https://www.boatos.org/politica/filha-maria-do-rosario-convite-maconhaco.html,0
7972,Crivella classifica como 'lamentáveis' denúncias por difamação e propaganda falsa  ,,o procuradoria regional eleitoral pre rir janeiro denunciar o prefeito e candidatar reeleição marcelo crivella e candidato o vice-prefeita andréa firmar difamação eleitoral e propaganda falso campanha o campanha candidatar notificar mpe denúncia tratam-se lamentável empreitar visar cercear o liberdade expressão e mascarar o verdade o pedir enviar o o tribunal regional eleitoral abordar declaração público e material campanha procedência confirmar crivella e andréa atribuir o o adversário chapar turno eduardo paes dem fato ofensivo reputação difamação eleitoral e fato inverídico influenciar o eleitorado propaganda falso,política,27/11/2020 14h52 ,"Pepita Ortega, Rayssa Motta e Fausto Macedo",https://noticias.uol.com.br/ultimas-noticias/agencia-estado/2020/11/27/crivella-classifica-como-lamentaveis-denuncias-por-difamacao-e-propaganda-falsa.htm,1
7973,Assessor de Bolsonaro utiliza informação desatualizada para insinuar fraude no registro de óbitos causados pela covid-19,,publicação twitter assessor presidente jair bolsonaro feito dia o registrar óbito alterar,saúde,2020/08/20,Comprova,https://projetocomprova.com.br/publicações/assessor-de-bolsonaro-utiliza-informacao-desatualizada-para-insinuar-fraude-no-registro-de-obitos-causados-pela-covid-19/,0
7974,Biden reverte ato de Trump e volta a impor restrições de viagens do Brasil  ,,"O presidente Joe Biden decidiu restabelecer as restrições de viagem a passageiros não americanos que chegam aos EUA vindos do Brasil e da Europa. Em entrevista coletiva nesta segunda-feira (25), a porta-voz da Casa Branca, Jen Psaki, confirmou que o democrata vai reimpor a medida que havia sido derrubada por Donald Trump na semana passada, e adicionou a África do Sul à lista de limitações. Biden assinou a ordem executiva nesta segunda para que as novas restrições passem a valer já a partir desta terça-feira (26). Em sua proclamação, o presidente dos EUA cita a variante do coronavírus que foi identificada no Brasil e que, segundo o texto do democrata, pode ""impactar o potencial de reinfecção.""(...) Leia íntegra na Folha.",saúde,25/01/2021 18h48 ,25/01/2021 18h48 ,https://noticias.uol.com.br/colunas/reinaldo-azevedo/2021/01/25/biden-reverte-ato-de-trump-e-volta-a-impor-restricoes-de-viagens-do-brasil.htm,1
7975,"

Inca precisa de doação de toucas de tricô para crianças internadas #boato 
",Inca precisa de doação de toucas de tricô para crianças internadas #boato,morar o rj ajudar pelar er compartilhar o inca hospital cáncer – rir janeiro precisar toucar tricô e croché parir o criança internar parir doar unidade importar dirigir portar hospital hospital câncer unidade hospitalar inca praça cruz vermelho ° andar – centrar – rir janeiro compartilhar,saúde,18/06/2021,"
Edgard Matsuki ",https://www.boatos.org/saude/inca-precisa-doacao-toucas-trico-para-criancas.html,0
7976,Ministério da Saúde divulga edital para processo seletivo simplificado para unidades hospitalares do Rio de Janeiro,,inscrição o processar seletivo simplificar comedir hoje e o dia setembro oferecido 4.117 vago temporário intermediário e superior o ministério saudar publicar n segunda-feira diário oficial união o edital processar seletivo simplificar contratação prazo profissional diverso atuarem hospital e instituto rir janeiro rj clicar acessar o edital,saúde,31/08/2020 11h00,*Horário oficial de Brasília/DF,https://www.gov.br/saude/pt-br/assuntos/noticias/ministerio-da-saude-divulga-edital-para-processo-seletivo-simplificado-para-unidades-hospitalares-do-rio-de-janeiro,1
7977,fake nóis o principal fake news envolver o ataque setembro,,o dia setembro o atacar terrorista solo norte-americano deixar 3.000 morto e gerar inúmero lenda teoria conspiratório e fake news o respeitar atentar,entretenimento,11/09/2019,gilmar lopes,https://www.e-farsas.com/fake-em-nois-as-principais-fake-news-envolvendo-os-ataques-de-11-de-setembro.html,0
7978,Inadimplência e mais dados; veja os benefícios das operadoras na pandemia  ,,o isolamento social dever o o coronavírus pessoa depender internet e telefonar conseguir comunicar amigo e familiar d principal operador telefonia país divulgar série pacote beneficiar cliente durante o pandemia viver tim oi e claro divulgar pacote ajudar o pequeno empreendedor precisar serviço voz e parcelamento inadimplência juro manter serviço funcionar o oi anunciar cliente o planar oi celular o limitar pacote aumentar gb custar adicional o dia julho o consumir pacote ficar isentar cliente empresarial o plataforma microsoft teams videoconferência d cliente empresarial goiá paraná santo catarino rir sul e distrito federal receber gratuito o serviço siga-me pequeno empreendedor redirecionar chamar negócio telefonar fixar móvel atender chamar casar o serviço expandir o país abril,saúde,08/04/2020 11h28 ,Felipe Oliveira,https://www.uol.com.br/tilt/noticias/redacao/2020/04/08/inadimplencia-e-mais-dados-veja-os-beneficios-das-operadoras-na-pandemia.htm,1
7979,chinês abrir fábrica clandestino heineken paulo,vídeo mostra o que parece ser uma fábrica clandestina da cerveja heineken e texto afirma que o flagrante seria de chineses atuando em são paulo! será verdade?,o vídeo duração e espalhar rede social semana outubro n pessoa trabalhar galpão embalar e encaixotar garrafa cervejar marcar heineken e acordar o texto acompanhar imagem flagrante falsificação massa feito chinês paulo,saúde,13/10/2020,gilmar lopes,https://www.e-farsas.com/chineses-abriram-fabrica-clandestina-da-heineken-em-sao-paulo.html,0
7980,Hospital de campanha em Manaus recebe primeiros pacientes com coronavírus  ,,o hospital campanha gilberto novaes zonar norte manaus amazona receber paciente o coronavírus madrugar hoje pessoa o atendido homem e outro ano e mulher inaugurar domingo o hospital ocupar o estruturar cime centrar integrar municipal educação lago azul e contar o o uti leito o expectativa o uti leito passar o operar quinta-feira receber paciente recordar montar uti unidade tratamento intensivo o qualidade atendimento dia arthur virgílio neto psdb prefeito capital amazonense comunicar o hospital funcionar pronto-socorro atender paciente encaminhar unidade espera-se pleno funcionamento o cercar leito disponível,saúde,14/04/2020 11h45 ,14/04/2020 11h45 ,https://noticias.uol.com.br/cotidiano/ultimas-noticias/2020/04/14/hospital-de-campanha-manaus-primeiros-pacientes.htm,1
7981,Diretora da OMS acredita que coronavírus terá uma ou duas vacinas eficazes  ,,diretora-assistente oms organização mundial saudar mariangela batista galvão simão hoje acreditar o pandemia coronavírus vacinar seguro e eficaz disposição o população entanto acreditar demorar imunizar o população e defender o proposto oms país começar o distribuir o vacinar prioritário profissional saudar pessoa trabalhar serviço essencial e idoso o expectativa vacinar disponível seguro e eficaz ano produto o produção vacinar o mundo demorar cnn o proposto oms o vacinar disponível utilizar população profissional saudar serviço essencial e pessoa riscar adoecer,saúde,10/09/2020 14h43 ,10/09/2020 14h43 ,https://noticias.uol.com.br/saude/ultimas-noticias/redacao/2020/09/10/diretora-da-oms-acredita-que-coronavirus-tera-uma-ou-duas-vacinas-eficazes.htm,1
7982,"Vídeo compara, erroneamente, pesquisadores que estudam covid-19",,autor vídeo índice equivocar citar positivamente pesquisador criticar estudar polêmico distorcer comentário outro e errar o o pesquisador organização mundial saudar oms citação acadêmicas,saúde,2020/07/10,Comprova,https://projetocomprova.com.br/publicações/video-compara-erroneamente-pesquisadores-que-estudam-covid-19/,0
7983,É #FAKE que foto mostre PM reprimindo ambulante por descumprimento de restrições contra a Covid-19,"Mensagem falsa usa imagem antiga para fazer propaganda contra restrições recomendadas por autoridades de saúde para afastar o risco de colapso nos hospitais. Foto, na verdade, é de 2016.",circular rede social imagem mostrar o polícia militar reprimir vendedor ambulante paulo legendar criticar medir adotadas prefeito e governador combater covid-19 afirmar o foto atual o mensagem falso referência decisão prefeito e governador impor medir restritivo e exigir distanciamento social conter o coronavírus o saudar beirar colapso repensar medir governador e prefeito tomar haver brasil afirmar o texto o foto entretanto recente tirar decisão o imagem antigo e publicar internet o polícia militar reprimir ambulante durante atar o presidente repúblico michel temer,entretenimento, 12/03/2021," Por Roney Domingos, G1 ",https://g1.globo.com/fato-ou-fake/coronavirus/noticia/2021/03/12/e-fake-que-foto-mostre-pm-reprimindo-ambulante-por-descumprimento-de-restricoes-contra-a-covid-19.ghtml,0
7984,"

Homem nunca pisou na lua porque tem tecnologia avançada e nunca voltou lá #boato 
","Boato – Ida do homem à lua é uma farsa, porque hoje a tecnologia é muito mais avançada e ele ainda não voltou ao satélite. ",“ o ano atro o homem pisar lua pq hj dia o tecnologia “ avançar ” nao acreditar n ” “ o homem pisar lua d época adiantar tecnologia ano seguinte … acordar ” “ chamar ignorante história o homem lua mim passar farsa o homem lua haver cinquenta ano o trás tecnologia pífio dia atuais prá passear pra lua semana chance chamar ignorante história o homem lua mim passar farsa o homem lua haver cinquenta ano o trás tecnologia pífio dia atuais prá passear pra lua semana chance ”,entretenimento,14/07/2019,"
Kyene Becker ",https://www.boatos.org/tecnologia/homem-nunca-pisou-lua-tecnologia-avancada.html,0
7985,"

Vírus Gambarelli e WhatsApp Gold são as mais novas ameaças a telefones #boato 
",Boato – A Globo alertou hoje que as novas ameaças à sociedade são o WhatsApp Gold e o vírus Gambarelli. Eles bloqueiam o telefone e zeram a sua conta bancária.,hoje o goblo falar o whatsapp gold e verdade existir vídeo lançar amanhã whatsapp e chamar gambarelli abrir o virus o telefonar contar bancaria zerada e telefonar bloquear avisar contatos amigo e colega receber mensagem atualizar o whatsapp gold abrir acabar anunciar o vírus sério enviar,entretenimento,14/09/2019,"
Edgard Matsuki ",https://www.boatos.org/tecnologia/virus-gambarelli-whatsapp-gold-ameacas-telefones.html,0
7986,vídeo mostrar divergência entrar boletim urna impresso e o site tse,"circula nas redes sociais, principalmente no facebook e no twitter , um vídeo mostrando supostas divergências entre o boletim impresso de uma urna eletrônica de rio branco, no estado do acre, com as informações apresentadas no site do tse!",o vídeo ganhar forçar publicar ex-candidato o vereador rir janeiro alan lopes twitter o vídeo posteriormente deletado alan concorrer recentemente o o cargo vereador o ° candidatar votar e eleito enfim fato usuário copiar vídeo e o disseminar plataforma,política,20/11/2020,marco faustino,https://www.e-farsas.com/video-mostra-divergencias-entre-um-boletim-de-urna-impresso-e-o-site-do-tse.html,0
7987,"Após aglomeração, prefeito de BH quer restringir acesso à Lagoa da Pampulha  ",,o prefeito belo horizonte alexandre kalil psd declarar hoje restringir o acesso orlar lagoa pampulha indeterminar o circulação pessoa ficar restrito praça assembleia medir anunciar evitar aglomeração durante o pandemia coronavírus diverso pessoa sair s ruir apesar orientação o isolamento social cumprir o região entornar lagoa cheio família passear e pessoa exercitar máscara e respeitar distância mínimo metro e medir restrição o prefeito durar o secretariar municipal saudar manter o quarentenar colocar o planar prazo indeterminar ficar n bobagem decretar decretar saudar comandar decretar o pandemia declarar,saúde,06/04/2020 16h03 ,06/04/2020 16h03 ,https://noticias.uol.com.br/cotidiano/ultimas-noticias/2020/04/06/apos-aglomeracao-prefeito-de-bh-quer-restringir-acesso-a-lagoa-da-pampulha.htm,1
7988,Nicotina poderia ser arma contra Covid-19  ,,o nicotino efeito protetor o coronavírus pesquisador francês preparar teste adesivo constatar o proporção fumante paciente covid-19 mundo,saúde,22/04/2020 22h14 ,22/04/2020 22h14 ,https://noticias.uol.com.br/videos/afp/2020/04/22/nicotina-poderia-ser-arma-contra-covid-19.htm,1
7989,"Sob Bolsonaro, tubaína pesa mais que currículo na escolha de titular do STF  ",,tomar tubaína comigo jair bolsonaro kassio marcar indicar o supremo tribunal federal currículo mesa excelente currículo conversar botar pessoa causar currículo respeitar o pessoa contato o comigo o fiel o titular supremo cortar o o currículo tubaína eis o perguntar o responder natural presidente repúblico selecione o supremo alguém sintonia o visão mundo país e sociedade o tornar o escolher kassio polêmica o sensação bolsonaro confundir afinidade compromisso pessoal partidário o situação marcar peculiaridade haver processo e inquérito roçar o presidente família e parlamentar aliar o nome kassio avalizar investigar flávio bolsonaro celebrar réu ciro nogueira e abençoar ministro anti-lava jato supremo gilmar mendes e dia toffoli o pessoa indicar o supremo expectativa fiel o o presidente e o interesse curtir prazo funcionar caber o o doutor kassio informar pretender aproveitar passagem supremo cortar lustrar o currículo consolidar bebedor tubaína,política,01/10/2020 22h53 ,01/10/2020 22h53 ,https://noticias.uol.com.br/colunas/josias-de-souza/2020/10/01/sob-bolsonaro-tubaina-pesa-mais-que-curriculo-na-escolha-de-titular-do-stf.htm,1
7990,"

Foto mostra Rodrigo Maia, Toffoli e Alcolumbre com Bill de Blasio, prefeito de Nova York #boato 
","Boato – Bill de Blasio, prefeito de Nova York, posa para foto com Rodrigo Maia, Dias Toffoli e Davi Alcolumbre e prova complô contra Bolsonaro.",“ prefeito york crítico total o o governar bolsonar olhar jantar .. difícil presidente honestar comandar país político medo investigar e torcer errar pra continuar o quebrar o país reformar passar “ negociar ” canalha .. intervenção militar urgente ”,política,23/05/2019,"
Kyene Becker ",https://www.boatos.org/politica/foto-maia-toffoli-alcolumbre-blasio.html,0
7991,Polícia faz operação em casa de parentes de Queiroz e procura a mulher de ex-assessor de Flávio Bolsonaro,Márcia Oliveira de Aguiar não foi achada em operação e segue foragida. Inquérito das rachadinhas apura suspeita de repasse de salários de funcionários da Alerj para o senador à época em que ele era deputado estadual.,o ministério público minar gerar mpmg e o batalhão chocar polícia militar pm deflagrar manhã d terça-feira belo horizonte operação casar padrinho fabrício queiroz ex-assessor flávio bolsonaro buscar mulher d márcio oliveira aguiar foragir o operação encerrar 10h30 márcio encontrar feito parceria o ministério público rir janeiro ocorrer bairro bernardo região norte belo horizonte haver buscar município joão meriti baixar fluminense queiroz presar comedir manhã quinta-feira atibaia interior paulo investigação ameaçar testemunhar e investigar e dificultar o apuração fato relacionar rachadinha alerj supor esquema operar ler o o reportagem,política, 23/06/2020 07h07 ," Por Lucas Ragazzi, Aluisio Marques e Fernando Zuba, TV Globo — Belo Horizonte ",https://g1.globo.com/mg/minas-gerais/noticia/2020/06/23/policia-faz-busca-na-casa-de-parente-de-queiroz-em-bh.ghtml,1
7992,É #FAKE que estudo da Universidade de Stanford indicou que máscaras são ineficazes contra Covid-19,Instituição afirma que único autor do estudo não é ligado à universidade desde 2016 quando terminou seu mandato de um ano como pesquisador visitante em assuntos não relacionados ao artigo.,circular rede social mensagem estudar universidade stanford revelar máscara ineficaz o covid-19 e causar deterioração saudar e morte prematuro o stanford medicinar afirmar o texto o eficácia máscara facial covid-19 publicar edição novembro revisto medical hypotheses estudar stanford o instituição o afiliação autor atribuir incorretamente o stanford o autor baruch vainshelboim afiliar o o va palo alto health system o stanford publicação afiliação terminar mandatar ano pesquisador visitante assunto relacionar o artigo,mundo, 27/04/2021," Por Roney Domingos, G1 ",https://g1.globo.com/fato-ou-fake/coronavirus/noticia/2021/04/27/e-fake-que-estudo-da-universidade-de-stanford-indicou-que-mascaras-sao-ineficazes-contra-covid-19.ghtml,0
7993,sérgio morar acabar eleito o 13º líder mundial pelar revisto fortune,,o notícia surgir diverso site e blogs comer n e o redar social e whatsapp o março acordar o texto o congresso nacional receber noite o confirmação premiação promover pelar revistar fortune,política,29/03/2019,gilmar lopes,https://www.e-farsas.com/sergio-moro-acabou-de-ser-eleito-o-13o-maior-lider-mundial-pela-revista-fortune.html,0
7994,"

Variante delta da Covid-19 não causa febre e tosse e não pode ser detectada em testes #boato 
",Boato – A variante delta (variante indiana) da Covid-19 não tem sintomas como febre e tosse e não pode ser detectada por meio dos testes PCR porque não ficam na região nasofaríngea.,"o vírus covid delta haver tossir febre dor o articulação dor cabeça dor o pescoço e o superior costa fraqueza perda apetitar e pneumonia covid delta e claro virulento e taxar mortalidade levar parir chegar o extremo s vezar sintoma cuidar cepa viver o região nasofaríngea afeta diretamente o pulmão o significar o ‘ janela ’ o período curto vestir vário paciente febre dor relatar pneumonia torácico levar suar radiografia o teste esfregaço nasal vezar negativo parir covid-19 e haver resultar falso negativo teste nasofaringe significar o vírus espalhar e espalhar diretamente parir o pulmão causar estresse respiratório agudo causar pelar pneumonia viral explicar tornar afiar virulento e mortal cuidadoso evitar locar lotar manter 1,5 m distância locar aberto máscara duplo máscara facial e lavar o mão frequência e tossir espirrar abraço e beijo perigoso o mundo assintomático",saúde,02/07/2021,"
Edgard Matsuki ",https://www.boatos.org/saude/variante-delta-covid-19-nao-causa-febre-tosse-nao-pode-ser-detectada-em-testes.html,0
7995,"Primeiro epicentro da pandemia, Wuhan comemora ano novo com aglomerações  ",,ano o casar reportar coronavírus wuhan chino cidadão comemorar o chegar aglomeração e máscara o província chinês o cidade o sofrer impacto covid-19 o rápido infecção síndrome respiratório agudo gravar cidadão passar longo período quarentenar milhar pessoa reunir centrar cidade celebrar o chegar presente máscara respeitar o distanciamento evitar o propagação coronavírus,saúde,31/12/2020 16h57 ,31/12/2020 16h57 ,https://noticias.uol.com.br/internacional/ultimas-noticias/2020/12/31/ano-novo-wuhan-china.htm,1
7996,"Com 3.368 mortes por Covid-19, Brasil registra novo recorde de média móvel de óbitos ",,"consórcio formar o globo extra g1 folhar s.paulo uol e o s. paulo e reunir informação secretariar estadual saudar divulgar diariamente 20h o iniciativo veículo mídia criar o inconsistência apresentar ministério saudar d sábado reflexo represamento causar mudança feito notificação óbito ministério saudar semana o pastar passar o pedir vítima cpf cartão sus nacionalidade e tomar vacinar o covid voltar o trás alteração constante causar instabilidade e lentidão plataforma 20h sexta-feira 81.909 caso notificar elevar 12.489.232 o total pessoa contaminar o coronavírus o médio móvel 77.128 diagnóstico positivos,16 o cálculo dia o recordar o médio móvel dia médio o dia e anterior comparar médio semana indicar haver tendência alto estabilidade quedo caso morte o cálculo recurso estatístico conseguir enxergar o tendência abafar o ruir causar finar semana o notificação morte reduzir escassez funcionário plantão e unidade federação atualizaram vacinação o covid-19 n sábado o país 15.248.847 pessoa receber o dosar imunizante o equivalente o 7,20 população brasileiro o dosar vacinar aplicar 4.678.451 pessoa 2,21 população nacional o ministrar ressaltar importante orientar o máscara e bloquear o circulação vírus chefe o presidente jair bolsonaro avesso utilização acessório e crítico público s máscara facial",saúde, Publicado em  27/03/21 20:06 ,Evelin Azevedo,https://extra.globo.com/noticias/coronavirus/com-3368-mortes-por-covid-19-brasil-registra-novo-recorde-de-media-movel-de-obitos-24944927.html,1
7997,Irã registra recorde de mortos por Covid-19 em 24h,"A pandemia está em ascensão desde o início de maio no país, tanto em termos de número de mortes quanto de novas infecções. ",autoridade irã anunciar n terça-feira morte relacionar o o coronavírus horar recordar o início pandemia mear fevereiro n país o afetado orientar médio perder compatriota o covid-19 horar o porta-voz ministério saudar sima sadat lari entrevisto coletiva diário elevar o balançar pandemia 14.634 óbito o recordar anterior morte diário vírus julho morte o pandemia ascensão o início maio país termo morte infecção,saúde, 21/07/2020 09h09 , Por France Presse ,https://g1.globo.com/bemestar/coronavirus/noticia/2020/07/21/ira-registra-recorde-de-mortos-por-covid-19-em-24h.ghtml,1
7998,"

Máscaras da China compradas por Mandetta estão contaminadas com coronavírus #boato 
",Boato – As milhões de máscaras compradas da China pela gestão de Luiz Henrique Mandetta no Ministério da Saúde estão contaminadas com o novo coronavírus. Trata-se de uma estratégia de contaminação em massa para prejudicar Bolsonaro.,aceitar máscara luva procedência chinês contaminar bolsonaro culpar pandemia espalhar mandetta sábio iriar mandar bora mandar chino vôos máscara luva remédio e equipamento ficar atento ficar preocupar receber áudio máscara chino contaminar máscara chino contaminar estratégia contaminação massa.atenção atenção hoje dia abril gravar áudio alertar vocêsa áudio chegar o milhão pessoa gente surgir o coronavirus chino chino infernar coronavirus comer morcegar comer porcaria e o estratégia arrumar esparramar o coronavirus mundo inteirar exportar milhão e milhão máscara e d máscara o vírus d avisar pessoa enviar áudio alertar o coronavirus surgir chino o coronavirus exportar mandar milhão e milhão máscara mundo e d máscara contaminar coronavirus esparramar epidemiar mundo tá o gente ficar casa.as pessoa casar receber o máscara e ficar contaminar coronavirus ok cantor e compositor e estudante medicinar rodrigar filhar alertar máscara chino e deixar o família d máscara contaminar coronavirus ok mandar áudio tá o recadar,saúde,17/04/2020,"
Edgard Matsuki ",https://www.boatos.org/saude/mascaras-china-compradas-mandetta-contaminadas-coronavirus.html,0
7999,"Doria planeja toque de recolher em todas as cidades de SP, entre 22h e 5h  ",,o governar planeja colocar cidade paulo lockdown horar e horar frear o avançar covid-19 o idear defendido n terça-feira reunião o centrar contigência covid-19 e forte governar apurar o estadão n semana o paulo atingir internação uti o início pandemia o decisão tomar n quarta-feira o governador joão doria psdb anunciar medir restrição haver detalhe o fiscalização o intenção haver orientação pessoa ficar casar n período falir atuação polícia impedir pessoa sairem s ruir bar restaurante e comércio fechar reunião manhã d quarta-feira definir detalhe ... ler íntegro estadão,saúde,23/02/2021 17h02 ,23/02/2021 17h02 ,https://noticias.uol.com.br/colunas/reinaldo-azevedo/2021/02/23/doria-planeja-toque-de-recolher-em-todas-as-cidades-de-sp-entre-22h-e-5h.htm,1
8000,"

Ana de 6 anos foi trazida pelo motorista da van e está procurando a família #boato 
","Boato – O motorista da van encontrou uma criança chamada Ana, de 6 anos. Ela está na Delegacia da Criança, chorando muito e procura pelos pais. Repassem a foto nos grupos. ",repassar criança encontrar procurar o família delegacia criança trazido motorista van tá chorar falir o nome ana e ano repassar pra achar pai telefonar encontrar falar geraldo,brasil,,"
Edgard Matsuki ",https://www.boatos.org/brasil/ana-6-anos-trazida-motorista-van-esta-procurando-familia.html,0
8001,"
  As máscaras cirúrgicas não fazem com que o usuário respire o próprio CO2, segundo especialistas","Uma imagem compartilhada mais de 2 mil vezes nas redes sociais desde meados de maio assegura que as máscaras cirúrgicas impedem a oxigenação pulmonar e levam o usuário a respirar os seus resíduos respiratórios, entre outros problemas. A maioria destas afirmações, contudo, é falsa, de acordo com os especialistas consultados.Envie-nos por WhatsApp Email",“ respirar co2 gás carbônico impedir o corretar respiração produzir sensação asfixiar provocar hiperventilação ” afirmação acompanhar o imagem máscara cirúrgico compartilhar o o o dia maio “ alertar o perigar mascarar sic ” “ ” e “ haver comprovação definitivo eficácia máscara largo escalar o coronavírus ... o medir mero experimentar controlo social ” escrever usuário compartilhar o publicação facebook twitter e instagram o imagem circular espanhol compartilhar facebook,saúde,27/05/2020 às 22:25,"Valentina De Marval, AFP Chile, AFP Brasil",https://checamos.afp.com//mascaras-cirurgicas-nao-fazem-com-que-o-usuario-respire-o-proprio-co2-segundo-especialistas,0
8002,Vídeo mostra lobisomem morto a tiros! Será verdade?,,o filminho duração e começar o compartilhar whatsapp semana junho n animal corpo parecer o humanar cair chão banhar sangue,entretenimento,9/06/2021,Gilmar Lopes,https://www.e-farsas.com/video-mostra-lobisomem-morto-a-tiros-sera-verdade.html,0
8003,'Wolverine' mostra garra e supera internação de 14 dias pela Covid-19 no Amapá ,Clewton da Silva chama atenção pela semelhança com o personagem dos quadrinhos e mostrou as virtudes de um herói para se curar da doença. ,wolverine causar semelhança o personagem quadro o macapaense clewton silvar superpoderes curar e capacidade físico mutante o garro e determinação vencer o covid-19 amapá o vigilante ficar dia sintoma coronavírus e passar d internar centrar covid-2 zonar norte macapá durante o período mostrar jus o o apelidar o forçar vontade e virtude herói casar clewton lembrar o motivação deixar o leito internação o ameaçar vilão quadro cinema o o missão cuidar família passar difícil o drama o wolverine começar pandemia naufrágio navio anna karoline fevereiro sul amapá o mãe tio sobrinho e o esposo primar vítima tragédia fluvial perder tio o covid-19,saúde, 15/07/2020 20h35 ," Por Karina Rodrigues, Rede Amazônica — Macapá ",https://g1.globo.com/ap/amapa/noticia/2020/07/15/wolverine-mostra-garra-e-supera-internacao-de-14-dias-pela-covid-19-no-amapa.ghtml,1
8004,"

Filho de Lula comprou 20% da Sinovac em pacto de Dória com o PT #boato 
","Boato – Para ganhar a eleição de 2022, João Doria fez um pacto com o PT. Tanto que o filho de Lula comprou 20% da Sinovac antes que de vacinas falsas serem criadas.","joão dório visar o eleição presidencial lançar planar enganar brasileiro pacto o esquerdo corrupto existir mundo vulgo pt.uma forçar tarefar polícia federal descobrir o empresar farmacêutico sinovac biotech ltd assinar acordar o governar sp e o instituto butantan ações comprar investidor brasil investidor o societário fábio luís lula silvar filhar ex presidente corrupto lula custar milhão real época comprar o mídia d vacinar eficácia dúvidosa milhão transformar 1,5 bilião real amigo encobrir esconder polícia federal polícia inteligente mundo acordar joão dório ganhar velar esquerdista eleição ganhar o eleição e o pt eleger ganhar político e vender ações o filhar lula comprar político safar e esquerdopatas aplicar vacinar eficácia algum ganhar deus conosco juntar o messias jair messias bolsonaro vir livrar d afundir o brasil deixar o dório ganhar o brasil afundir novamente pedir repassar informar pessoa o mídia esquerdista divulgar informação divulgar calar",política,19/01/2021,"
Edgard Matsuki ",https://www.boatos.org/politica/filho-lula-comprou-20-sinovac-pacto-doria-com-pt.html,0
8005,"

Em Feira de Santana, homem com parada cardíaca é enterrado vivo e médicos dizem que é coronavírus #boato 
",Boato – Vídeo mostra homem sendo retirado de túmulo em Feira de Santana (Bahia). Ele teve uma parada cardíaca e médicos falaram que era coronavírus.,feirar santana homem parar cardíaco enterrar viver médico corona vírus acordar começar o gritar e coveiro chamar o polícia quebrar o túmulo e tirar o pobre vergonha,saúde,,"
Edgard Matsuki ",https://www.boatos.org/saude/feira-de-santana-homem-parada-cardiaca-enterrado-vivo-medicos-coronavirus.html,0
8006,"
  A eficácia das máscaras depende de muitas variáveis e não pode ser determinada com exatidão","Diferentes versões de uma mesma imagem, que mostra a probabilidade exata de portadores do novo coronavírus transmitirem a doença dependendo do uso de máscaras de proteção, foram compartilhadas centenas de vezes em redes sociais desde o final de abril. Especialistas consultados pela AFP afirmaram que, embora as máscaras diminuam o risco de contágio por COVID-19, não há evidências científicas sobre a possibilidade específica de transmissão, ou sobre a porcentagem de contágio, e que a eficácia do método depende de diversos fatores.Envie-nos por WhatsApp Email","infográfico viralizados mostrar cenário diferente interação “ portador covid-19 ” e pessoa infectar possibilidade o infectar máscara o pessoa acordar imagem o riscar contágio n casar cenário o portador coronavírus máscara o pessoa gráfico o riscar hipótese o infectar o pessoa utilizar máscara n casar o riscar 1,5 imagem gráfico incluir mensagem “ máscara ” “ o importância máscara combater o covid-19 ”",ciência,8/05/2020 às 20:48,"Claire Savage, AFP Estados Unidos, AFP Colombia, AFP Brasil",https://checamos.afp.com//eficacia-das-mascaras-depende-de-muitas-variaveis-e-nao-pode-ser-determinada-com-exatidao,0
8007,Fala de Bolsonaro sobre Lava Jato faz parte de operação para 'apagar' Moro para 2022,Presidente afirmou ontem que 'acabou' com a operação Lava Jato porque 'não tem mais corrupção no governo'.,parlamentar diferente ouvir blog enxergar o falir presidente jair bolsonaro o lavar jato operação objetivos “ apagar ” o imagem ex-ministro sergio morar o eleição durante pronunciamento palácio planalto n quarta-feira o presidente afirmar acabar o lavar jato governar atual haver corrupção o investigar morar governar virar alvo presidente e filho o família bolsonaro acreditar o ex-ministro justiçar olhar eleição presidencial começar processar fritura ministrar — repetir pretensão eleitoral cargo morar convencer o governar sucessão presidencial o ex-juiz e legar continuar mirar planalto senador e deputar ouvir blog acreditar estratégia governar “ minar ” o lavar jato panar fundir operação esvaziar o candidatura morar palavra cacicar congresso o imaginário popular o respeitar ex-juiz o “ forçar caneta ” lavar jato “ bolsonaro bater tecla acabar o operação apagar o símbolo trabalhar reforçar cabeça população ”,política, 08/10/2020 11h44 , ,https://g1.globo.com/politica/blog/andreia-sadi/post/2020/10/08/fala-de-bolsonaro-sobre-lava-jato-faz-parte-de-operacao-para-apagar-moro-para-2022.ghtml,1
8008,"

501 pessoas morreram após tomar vacina contra Covid-19 no Brasil #boato 
","Boato – Depois de 45 dias, chegou o resultado da vacina no Brasil. 501 pessoas morreram e 11 mil sofreram algum tipo de efeito colateral.",resultar vacinar brasil – pessoa morrer – algum reação dentre o período dia efeito colateral – permanente – aborto – acimentrias facial – oferecer riscar morte motivo o tratamento precoce e preventivo pessoa morrer tomar o vacinar covid,saúde,02/03/2021,"
Edgard Matsuki ",https://www.boatos.org/saude/501-pessoas-morreram-apos-tomar-vacina-contra-covid-19-brasil.html,0
8009,Bolsonaro considera criar 3 ministérios se tiver aliados nos comandos da Câmara e do Senado  ,,o presidente jair bolsonaro afirmar n sexta-feira casar conseguir eleger aliar o presidência câmara e senado clima eventualmente criar ministério candidato alinhar o palácio planalto reclamar interferência executivo disputar admitir bolsonaro n semana câmara e senado reúnem-se segunda-feira eleger presidente querer hoje eleito presidente o secretário ... potencial conhecimento profundidade importância seriar ministério o presidente evento fechar imprensar transmitir rede social,política,29/01/2021 15h22 ,29/01/2021 15h22 ,https://noticias.uol.com.br/ultimas-noticias/reuters/2021/01/29/bolsonaro-considera-criar-3-ministerios-se-tiver-aliados-nos-comandos-da-camara-e-do-senado.htm,1
8010,"

Marcelo Freixo lamenta a morte de Elias Maluco em publicação no Twitter #boato 
","Boato – Após o anúncio da morte do traficante Elias Maluco, o deputado federal Marcelo Freixo lamentou a morte dele em publicação no Twitter. Ele disse que cobrará investigação, que o PSOL fará um funeral digno e tentou levantar a hashtag #SomosTodosEliasMaluco.",marcelo freixo receber tristeza o notícia morder amigar ídolo o traficante elias malucar irar cobrar rigoroso investigação o fato lavar morte cela presídio federal chão o psol providenciar funeral dignar familiar e amigo prestar e merecido homenagem o líder tráfico e comunidade complexo alemão somostodoseliasmaluco,política,23/09/2020,"
Edgard Matsuki ",https://www.boatos.org/politica/marcelo-freixo-lamenta-morte-elias-maluco-twitter.html,0
8011,Três laboratórios anunciam que não devem vender vacinas a preço de custo  ,,executivo gigante farmacêutico pesquisar vacinar o coronavírus expressar confiança teste audiência realizar congresso norte-americano entanto laboratório pfizer msd merck sharp dohme e moderno afirmar casar sucesso produção o vender o preço custar astrazeneca e johnson johnson concordar inicialmente vender potenciar vacinar lucrar entender empresar receber subsídio centena milhão dólar governo americano e país acordo limitar o preço dose vacinar o moderno desenvolver vacinar experimentar avançar teste fase início semana voluntário o companhia biotecnologia receber us$ milhão governar unir o financiamento pesquisar e desenvolvimento o presidente stephen hoge haver contratar fornecimento o país,saúde,22/07/2020 08h53Atualizada em 22/07/2020 18h03 ,22/07/2020 08h53Atualizada em 22/07/2020 18h03 ,https://www.uol.com.br/vivabem/noticias/redacao/2020/07/22/tres-laboratorios-anunciam-que-nao-vao-vender-vacinas-a-preco-de-custo.htm,1
8012,Juiz diz que hacker da Lava Jato voltará à prisão se conceder entrevistas  ,,o juiz federal ricardo leite 10ª varar justiçar brasília decidir o hacker walter delgatti neto acusar invadir o telegram autoridade e e copiar diálogo procurador operação lavar jato proibir conceder entrevisto o veículo imprensar peno presar preventivamente delgatti neto réu operação spoofing polícia federal investigar o compartilhamento pessoal autoridade ilegal o decisão juiz audiência realizar videoconferência brasília ater o pedir ministério público federal solicitar o retornar hacker prisão — prisão domiciliar outubro ano passar tornozeleira eletrônica casar araraquara sp,política,26/02/2021 15h11Atualizada em 26/02/2021 15h14 ,Natália Lázaro,https://noticias.uol.com.br/politica/ultimas-noticias/2021/02/26/juiz-diz-que-hacker-da-lava-jato-voltara-a-prisao-se-conceder-entrevistas.htm,1
8013,"

Vestibular da Faetec está com baixa adesão e cursos podem ser fechados #boato 
","Boato – Fundação de Apoio à Escola Técnica (Faetec) vai fechar as portas na metade do ano se procura por vestibular, que está com inscrições abertas, não aumentar.","“ divulgar o pedir “ pessoal precisar ajudar o divulgar o vestibular faetec rj ano o adesão e mínimo 1,5 aluno vago algum cursar fechar ensinar gratuito qualidade garantir rede computador manhã – vago análise e desenvolvimento noite – vago comércio exterior noite – vago gestão serviço manhã – vago gestão empresarial – vago noite – vago logístico aeroportuário manhã – vago ” dentre ”",brasil,27/05/2019,"
Kyene Becker ",https://www.boatos.org/brasil/vestibular-faetec-baixa-adesao.html,0
8014,Secretários de Fazenda voltam a pedir dinheiro para enfrentar coronavírus  ,,secretário fazenda brasil reiterar n sábado cartar pedir r$ bilião o o governar federal socorrer perda arrecadação crise covid-19 r$ bilião durante ações emergenciais saudar enfrentamento pandemia mundial coronavírus o pedir haver quarta-feira secretário fazenda afirmar início cartar precisar medir imediato lutar o covid-19 o evolução fato transcorrer semana ficar patente o modicidade avaliação ambientar econômico crise início semana reunir comitê nacional secretário fazenda comsefaz afirmar mundo haver tenacidade iniciativo semelhante s pedir o o governar federal o união europeu inédito acionou cláusula pânico liberar gasto público o reinar unir segregar bilião librar esterlino pib medir incluir o pagamento salário empregar iniciativo privar posto quarentenar prazo retornar,saúde,21/03/2020 17h29 ,Eduardo Militão,https://economia.uol.com.br/noticias/redacao/2020/03/21/secretarios-fazenda-comsefaz-dinheiro-sus-coronavirus-utis-carta.htm,1
8015,"

Alexandre Garcia diz que torcer contra Bolsonaro é como torcer para o avião cair #boato 
",Boato – O jornalista Alexandre Garcia escreveu um artigo falando que torcer contra Bolsonaro é uma insensatez igual a de um passageiro que torce para o avião cair porque não gosta do piloto.,melhor descrever marchar insensatez o alexandre garcia comentar “ passageiro voar torcer o avião cair ” o sentido.frase “ o brasil avião passageiro torcer pro avião cair ” alexandre garcia,política,15/08/2019,"
Edgard Matsuki ",https://www.boatos.org/politica/alexandre-garcia-torcer-contra-bolsonaro-aviao-cair.html,0
8016,"Candidata a vacina da AstraZeneca é a mais avançada contra Covid-19, diz OMS  ",,stephanie nebehay genebra reuters o candidato o vacinar o covid-19 astrazeneca provavelmente o adiantar mundo e o avançar termo desenvolvimento o principal cientista organização mundial saudar oms soumya swaminathan n sexta-feira o biofarmacêutia britânico teste largo escalar humano vacinar desenvolvido parceria o universidade oxford o potencial imunização testar voluntário brasileiro estudar liderar universidade federal paulo unifesp entrevisto reuters quarta-feira o reitor unifesp soraya smaili ensaio clínico o vacinar oxford e astrazeneca durar ano,saúde,26/06/2020 11h21 ,"De Stephanie Nebehay, Kate Kelland e Eduardo Simões",https://noticias.uol.com.br/ultimas-noticias/reuters/2020/06/26/candidata-a-vacina-da-astrazeneca-e-a-mais-avancada-contra-covid-19-diz-oms.htm,1
8017,UE discute reação a novas variantes da covid-19 e restrições fronteiriças  ,,bruxelas fev afp líder união europeu n quinta-feira reunião virtual dia forte pressão resolver problema distribuição vacinar o covid-19 o desafiar cepa coronavírus e polêmicos fechamento fronteiro oficialmente o agendar d reunião concentrar assunto relacionar defeso e segurança o urgência definir frente comum interminável pandemia tornar dominante cúpula videoconferência ocorrer aproximadamente ano o início crise global provocar pandemia coronavírus e o continente europeu afetado duro onda contágio,saúde,25/02/2021 14h35 ,25/02/2021 14h35 ,https://noticias.uol.com.br/ultimas-noticias/afp/2021/02/25/ue-discute-reacao-a-novas-variantes-do-coronavirus-e-restricoes-fronteiricas.htm,1
8018,"Ao mencionar 'pixulé', Pazuello diz que se referia a restos de recursos não aplicados em programas","Em discurso de despedida do Ministério da Saúde, afirmou que no final do ano 'todos queriam o pixulé'. Declaração foi dada durante em depoimento à CPI da Covid, no Senado.",o ex-ministro saudar eduardo pazuello n quarta-feira depoimento cpi covid falar pixulé discursar despedir pastar referir o recurso aplicar programar governar o morar rir janeiro o pixuleco ganhar repercussão nacional o investigação operação lavar jato acordar o polícia federal o palavra ex-tesoureiro pt joão vaccari neto falar propinar o 18ª fase operação agostar batizada pixuleco o pixuleco pazuello falir pixulé o o deixar o ministério saudar março pazuello gravar vídeo começar o crise o liderança político hoje … chegar ano carreata gente pedir dinheiro politicamente porrada querer o pixulé n cpi afirmar ano normal recurso aplicar projetos programar saldar aplicar,saúde, 19/05/2021 13h46 ," Por Marcela Mattos, Beatriz Borges e Sara Resende, G1 e TV Globo — Brasília ",https://g1.globo.com/politica/noticia/2021/05/19/pazuello-diz-que-quando-se-referiu-a-pixule-falava-de-restos-de-recursos-nao-aplicados-em-programas.ghtml,1
8019,Bolsonaro critica foco em vacinas e diz que pandemia é usada politicamente  ,,brasília reuters o presidente jair bolsonaro afirmar n quarta-feira o pandemia politicamente derrubar o presidente derrotar o vírus e criticar o focar buscar vacinar passar pandemia politicamente derrotar o vírus derrubar o presidente bolsonaro durante o posse diretor-geral itaipu binacional general joão francisco ferreiro bolsonaro reclamar criticar defender médico prescrever medicamento eficiência comprovar o covid-19 e criticar o ênfase indústria farmacêutico buscar vacinar,política,07/04/2021 16h33 ,Lisandra Paraguassu,https://noticias.uol.com.br/ultimas-noticias/reuters/2021/04/07/bolsonaro-critica-foco-em-vacinas-e-diz-que-pandemia-e-usada-politicamente.htm,1
8020,Frio impõe maiores cuidados com vírus de doenças respiratórias  ,,"A chegada de uma forte massa de ar frio polar nesta semana, em meio à pandemia do novo coronavírus, intensificou a preocupação com as doenças respiratórias e a circulação de vírus e bactérias típicas dessa estação, para além do Sars-CoV-2. Gripes, resfriados, rinites, asma, bronquite e outras infecções encontram condições propícias nas baixas temperaturas. Outros problemas comuns são os dermatológicos - pele ressecada já é característica do tempo frio e pode piorar com o uso do álcool gel. As doenças respiratórias tendem a se concentrar no período do inverno por dois motivos: com a temperatura mais baixa, diminui a circulação sanguínea em áreas que recebem o ar frio, como os pulmões, por exemplo. Isso permite uma infecção mais ágil e aguda por parte dos vírus transmitidos pela via respiratória. É o que explica Flávio Guimarães, virologista do Centro de Tecnologia de Vacinas da UFMG e vice-presidente da Sociedade Brasileira de Virologia. Mas há também, diz ele, ""uma razão social, que é a tendência de aglomeração das pessoas em locais fechados"". ""Isso contribui para alastramento de doenças respiratórias no inverno.""",saúde,22/08/2020 07h32 ,Marina Aragão,https://noticias.uol.com.br/saude/ultimas-noticias/estado/2020/08/22/frio-impoe-maiores-cuidados-com-virus-de-doencas-respiratorias.htm,1
8021,Câmara aprova MP que reduz contribuição de empresas ao Sistema S,"Texto prevê redução de 50% por dois meses, um a menos que o proposto pelo governo. Relator diz que MP assegura mais recursos para empresas durante crise na economia.",o câmara deputar aprovar n terça-feira o medir provisório mp reduzir contribuição obrigatório empresar financiamento serviço social autônomos o s. sessão deputar aprovar o texto-base passar o votar chamar destaque proposto visar modificar o redação o conclusão votação o texto seguir o senado tratar medir provisório o texto forçar lei publicar diário oficial união março tornar lei definitivo preciso aprovar congresso o governar propor redução abril o junho o relator deputar hugo leal psd-rj modificar o texto prever o redução,política, 16/06/2020 16h44 ," Por Elisa Clavery, Luiz Felipe Barbieri e Fernanda Calgaro, TV Globo e G1 — Brasília ",https://g1.globo.com/politica/noticia/2020/06/16/camara-aprova-texto-base-de-mp-que-reduz-contribuicao-de-empresas-ao-sistema-s.ghtml,1
8022,"SP lança campanha pró-quarentena, e Doria diz: 'Não sigam o presidente'  ",,o governador paulo joão doria psdb pedir hoje o população seguir orientação presidente jair bolsonaro o combater o o coronavírus o declaração feito durante entrevisto coletiva concedido palácio bandeirante d o governar paulista lançar campanha pedir pessoa ficar casar durante o pandemia covid-19 questionar o aumentar pessoa ruir semana e efeito declaração recente presidente repúblico defender o isolamento vertical velho doria pedir o população atender s recomendação médico e bolsonaro atender s recomendação médico sanitaristas profissional especializar medicinar infectologia conhecer temer disparar e informação colocar rede social lamentar e gostar voltar o temer n casar seguir orientação presidente repúblico brasil orientar corretamente o população e lamentavelmente liderar o brasil combater o o coronavírus e preservação vidar o governar paulo lançar hoje campanha oficial pedir o população ficar casar durante o pandemia coronavírus o pedir divulgar rede televisão rádio e rede social o dia abril pedir pessoa seguir orientação especialista saudar e governante país d o texto narrar off afirmar o economia recuperar o vidar,saúde,30/03/2020 13h52 ,"Do UOL, em São Paulo ",https://noticias.uol.com.br/politica/ultimas-noticias/2020/03/30/sp-lanca-campanha-pro-quarentena-e-doria-diz-nao-sigam-o-presidente.htm,1
8023,Dimas diz que 50 milhões de brasileiros já poderiam ter tomado duas doses  ,,o diretor instituto butantan dimas cova o ministério saudar firmar o contratar outubro ano passar receber milhão dose coronavac oferecido instituto milhão brasileiro tomar dose vacinar dimas confirmar o vacinar apresentar senador randolfe rodrigar redar vice-presidente cpi basear dose ofertar milhão o diretor butantan proposto feito ofício o o ministério o ofertar milhão o enviar o o governar federal instituto butantan julho o entidade haver colocar disposição produzir milhão dose previsão entregar trimestre ano passar,política,27/05/2021 13h06Atualizada em 27/05/2021 14h58 ,Andréia Martins e Hanrrikson de Andrade*,https://noticias.uol.com.br/politica/ultimas-noticias/2021/05/27/dimas-diz-que-50-milhoes-de-brasileiros-ja-poderiam-ter-tomado-as-2-doses.htm,1
8024,"

Vereador foi jogado no esgoto pela população em Salvador #boato 
",Boato – Vídeo mostra vereador que prometeu e não cumpriu sendo jogado no esgoto pela população em Salvador durante campanha eleitoral.,bairro salvador vereador prometer e compriu ano o comunidade acordar eleição vereador … comunidade salvador acordar .. suburbano cajazeira e cidade vir 2020.vereador voltar ano eleição pra prometer novamente iriar eleito novamente …,política,,"
Edgard Matsuki ",https://www.boatos.org/politica/vereador-jogado-esgoto-populacao-salvador.html,0
8025,"

Daniel Alves critica Tite, apoia Bolsonaro e defende Copa América no Brasil em post de 2021 #boato 
","Daniel Alves critica Tite, apoia Bolsonaro e defende Copa América no Brasil em post de 2021 #boato",versão o sr afirmar o técnico tite dever opinar sobrar o realização copar américa o brasil contrariar o presidente repúblico eleito milhão voto versão “ daniel alves o o tite merecer ouvir ” versão daniel alves solto o verbo parir tite o brasil brasileiro o seleção,entretenimento,06/06/2021,"
Edgard Matsuki ",https://www.boatos.org/esporte/daniel-alves-critica-tite-apoia-bolsonaro-defende-copa-america-no-brasil-2021.html,0
8026,Inglaterra suspende quarentena para viajantes de 50 países  ,,viajante chegar inglaterra procedente cercar país incluir o espanha isento quarentenar dia imposto governar britânico informar londres n sexta-feira publicar o lista completar o julho entrar território inglês locar taxar infecção covid-19 obrigar o isolar o casar junho britânico e estrangeiro o governar premiê bori johnson antecipar espanha frança itália e alemanha país isenção aplicar s pessoa chegar o o reinar unir escócio país galar irlanda norte região autônomas decidir medir o pandemia coronavírus n caso infração continuar punir multar,saúde,03/07/2020 09h50 ,03/07/2020 09h50 ,https://noticias.uol.com.br/ultimas-noticias/afp/2020/07/03/inglaterra-suspende-quarentena-para-viajantes-de-50-paises.htm,1
8027,"

Foto mostra fundadores da Lupa, que é uma agência criada para censurar a direita no Facebook #boato 
",Boato – Casal de fundadores da Lupa aparece em uma imagem. Agência foi criada para censurar conservadores de direita no Facebook. ,“ conhecer o agência lupa bloquear posts facebook foto … gilberto scofield e maridar rodrigar mello militante esquerdo ativistas lgbt e anti bolsonaristas fundador agência checagem lupa ultimamente censurar o conteúdo postar conservador afirmar falso o recente e medíocre censurar lupa ” falso o afirmação o tf tirar direito bolsonaro o condução e município n pandemia ” … pra entender preciso desenhar página henrique aquino mattos valle ”,brasil,20/08/2020,"
Kyene Becker ",https://www.boatos.org/brasil/fundadores-lupa-agencia-censurar-direita-facebook.html,0
8028,É #FAKE que fotos no Instagram provam que mexicana eleita Miss Universo é casada e deve ser desclassificada,Imagens são de uma sessão de fotos para estimular viagens de casamento no estado em que a mexicana é embaixadora do turismo. O matrimônio é proibido pelo concurso.,circular rede social mensagem o miss universo o mexicano andrea meza casar e o provar d foto e o modelar jorge saenz publicar perfil instagram procurar g1 o assessoria miss universo taxativo sessão foto casar saenz publicar perfil instagram declaração afirmar foto casamentar passar sessão feito o perfil estimular o turismo chihuahua e andrea embaixador turístico,mundo, 17/05/2021," Por Roney Domingos, G1 ",https://g1.globo.com/fato-ou-fake/noticia/2021/05/17/e-fake-que-fotos-no-instagram-provam-que-mexicana-eleita-miss-universo-e-casada-e-deve-ser-desclassificada.ghtml,0
8029,"
  Estas imagens não provam que as vacinas contra a covid-19 alteram as células sanguíneas","Quatro imagens que supostamente mostram, através da lente de um microscópio, a transformação de células sanguíneas após a aplicação de uma vacina contra a covid-19, foram visualizadas milhares de vezes em redes sociais ao menos desde o último dia 8 de junho. No entanto, especialistas consultados pela AFP explicaram que as fotos de hemácias não têm relação com os imunizantes contra o coronavírus e que as publicações, que não compartilham a metodologia da análise, não apresentam “nenhuma informação científica”.Envie-nos por WhatsApp Email",“ análise sangue umar pessoa vacinar ” comedir umar publicação compartilhar o facebook e twitter o texto visualizar vezar o telegram continuar “ umar amigo microscopista nutrição umar especialista campar e ajudar imensamente cliente tomar o chamar vacinar e pedir umar análise sangue gratuito parir horror absoluto o ” o mensagem explicar seguir o imagem visto o superior publicação “ célula sanguíneo completamente saudável ​​antes injeção ” mudar “ drasticamente ” o dia seguinte “ o imagem centrar inferior mostrar inúmero nanopartículas estranho manchar branco aparecer o sangue o injeção ” afirmar,ciência,30/06/2021 às 21:45,"Juliette MANSOUR, AFP França",https://checamos.afp.com//estas-imagens-nao-provam-que-vacinas-contra-covid-19-alteram-celulas-sanguineas,0
8030,"
  Pesquisa na Cidade do México não prova redução nas internações por covid pelo uso de ivermectina","Um estudo que mostraria que a ivermectina reduziu em até 76% o número de hospitalizações entre casos de covid-19 na Cidade do México foi compartilhado mais de 52 mil vezes nas redes sociais desde meados de maio. A pesquisa foi divulgada pelo governo da capital mexicana em 15 de maio, mas não comprova a segurança e a eficácia do uso do vermífugo contra o novo coronavírus. Os dados são preliminares e não foram revisados e validados por outros cientistas. Além disso, o estudo não é um ensaio clínico, mas foi feito por meio de consulta a bancos de dados, buscando medir os resultados da entrega de um kit composto por três medicamentos, e não somente da ivermectina.Envie-nos por WhatsApp Email",“ crime negar tratamento precoce ” publicação compartilhar facebook instagram e twitter maio o governar cidade méxico convocar coletiva imprensar apresentar resultar pesquisar o ivermectina o covid-19 informação divulgar dia seguinte site oficial governar texto intitular “ ivermectina e o probabilidade hospitalização covid-19 ” acordar o documentar pesquisador ligar o o governar identificar “ redução significativo ” chance hospitalização paciente receber kit médico basear ivermectina efeito variar e depender modelar análise o texto — defender o continuidade distribuição drogar saudar o covid-19 eficácia e segurança comprovar cientificamente,saúde,24/05/2021 às 17:23,AFP Brasil,https://checamos.afp.com//pesquisa-na-cidade-do-mexico-nao-prova-reducao-nas-internacoes-por-covid-pelo-uso-de-ivermectina,0
8031,Doses altas de ivermectina podem provocar até convulsão  ,,o conteúdo postagens feito perfil médico o twitter e o instagram afirmar o ivermectina remédio enviar deus baratar segurar alto dose metabolizado o fígado e filtrar o rim e suar ação antiviral comprovar estudo o medicamentar fato baratar segurar alto dose eficácia antiviral comprovar e dever utilizar comer antiparasitário comer indicar o bulir dose recomendar provocar intoxicação e reações urticária convulsão d segundar especialista ouvir pelar comprovar o teor metabolização medicamentar o fígado filtragem rim si indicativo segurar e tomar alto dose medicamentar toxicidade querer o ivermectina interações medicamentoso e recomendar dosar único e diário semanalmente comer vir prescrito defensor kit covid e tratamento precoce,ciência,17/06/2021 16h10 ,17/06/2021 16h10 ,https://noticias.uol.com.br/comprova/ultimas-noticias/2021/06/17/doses-altas-de-ivermectina-podem-provocar-ate-convulsao.htm,0
8032,STF: manifestações em locais públicos dispensam comunicação prévia a autoridades  ,,julgamento apertar encerrar o placar voto o o supremo tribunal federal stf decidir reunião manifestação locar público dispensar autorização prévio autoridade o atar votação feito plenário virtual dezembro recesso judiciário publicar sexta-feira o discussão levantar recurso extraordinário o repercussão reconhecido o entendimento fixar ministro julgamento valer jurisprudência caso origem o processar discutir marchar o transposição rir francisco organizar sindicato br-101 altura município propriá abril o casar judicializado o união entrar pedir liminar impedir o ocupação rodovia e atendido tribunal regional federal 5ª região trf-5 sediar recife pe o cortar determinar o pagamento multar s entidade o despeitar decisão realizar o atar,política,14/01/2021 17h04 ,Rayssa Motta,https://noticias.uol.com.br/ultimas-noticias/agencia-estado/2021/01/14/stf-manifestacoes-em-locais-publicos-dispensam-comunicacao-previa-a-autoridades.htm,1
8033,Dalai Lama cancela compromissos públicos por conta do coronavírus  ,,o dalai lama informar hoje compromisso público cancelar ordem dever deterioração surtir coronavírus o informação cnn santidade nenhum compromisso público avisar dever o o coronavírus cnn o assessor dalai lama tenzing taklha dalai lama o principal líder espiritual budismo e tibet iriar participar cerimônia ordenação monge adiar recomendação médico conferir o declaração completar assessoria dalai lama,saúde,12/02/2020 15h52 ,12/02/2020 15h52 ,https://noticias.uol.com.br/saude/ultimas-noticias/redacao/2020/02/12/dalai-lama-cancela-compromissos-publicos-por-conta-do-coronavirus.htm,1
8034,"Sistema de voto eletrônico pode ser auditado, ao contrário do que afirma post",,haver diverso mecanismo auditoria e verificação resultar efetuados d ministério público e polícia federal o prerrogativa investigar o processar eleitoral brasileiro e realizar auditoria independente ano nenhum casar fraudar identificar e comprovar,política,2020/11/13,Comprova,https://projetocomprova.com.br/publicações/sistema-de-voto-eletronico-pode-ser-auditado-ao-contrario-do-que-afirma-post/,0
8035,Mortes naturais sobem 3 vezes mais entre negros do que brancos na pandemia  ,,"o chegar coronavírus o o brasil o país registrar aumentar morte causar natural o portal transparência arpen brasil associação nacional registrador pessoa natural reunir registro óbito feito cartório brasileiro o alto mortalidade atingir raça maneiro diferente crescimento 3,4 preto e pardo branco o mortalidade causar natural excluir causar atos violência e acidente portal o morte pandemia brasil março junho haver aumentar 9,3 mortalidade branco comparação o o ano passar preto alto 31,1 e pardo 31,4 o população indígena morte crescer 13,2 óbito amarelo pular 15,3 o ibge instituto brasileiro geografia e estatístico população negro corresponder somar preto e pardo o instituto o população brasileiro formar 46,8 pardo 42,7 branco 9,4 preto e 1,1 amarelo e indígena negro absoluto morte registrar causar natural atingir branco o o período 390.078 óbito registrar cartório 181.591 pessoa declarar branco 121.768 pardo e 25.782 preto o o morte indígena e 3.948 amarelo importante ressaltar haver 56.288 óbito o campar raça cor informar médico assinar o documentar",saúde,15/07/2020 04h04Atualizada em 20/07/2020 17h18 ,Carlos Madeiro,https://noticias.uol.com.br/saude/ultimas-noticias/redacao/2020/07/15/mortes-naturais-sobem-3-vezes-mais-entre-negros-do-que-brancos-na-pandemia.htm,1
8036,"

Bolsonaro vai a orfanato e pergunta como foi o Dia dos Pais #boato 
",Boato – Presidente Jair Bolsonaro visita crianças em orfanato e pergunta a elas como teria sido o Dia dos Pais.,“ série votar o bonoro pra bolsonaro visitar orfanato e perguntar parir o criança comer o dia pais?” “em visitar o orfanato jair bolsonaro perguntar parir o criança comer o dia pai e choco jornalista assinar e ler ”,política,10/08/2021,"
Kyene Becker ",https://www.boatos.org/politica/bolsonaro-vai-orfanato-pergunta-como-foi-dia-dos-pais.html,0
8037,matemático enem vazar o rede social,,enfim umar verdadeiro “ matemático e suar tecnologia ” futurar enem vazar o redar social descobrir o e-farsas,entretenimento,1/04/20191,marco faustino,https://www.e-farsas.com/questao-de-matematica-do-enem-2019-vazou-nas-redes-sociais.html,0
8038,Senado aprova auxílio de até R$ 10 mil mensais a escolas particulares e suspensão de impostos,Proposta fala em R$ 3 bilhões para essa ajuda e inclui colégios na lei que autoriza redução proporcional de jornada e trabalho de funcionários. Texto ainda será votado na Câmara.,"o senado aprovar n quarta-feira o criação programar auxílio financeiro s escola particular perda arrecadação durante o pandemia o texto seguir análise câmara deputar o proposto voltar s instituição privar educação básico pré-escola o o ensinar médio aderir o benefício escola afetadas medir isolamento social e render bruto anual igual r$ 4,8 milhão o projeto prever auxílio mensal r$ s instituição n ano e o opção suspender o pagamento imposto federar inserir simples nacional o texto alterar o lei programar permitir o redução jornada e salário trabalhador suspensão contrato temporário o projeto esclarecer escola privar aderir s regrar somar ano passar receitar bruto igual r$ 4,8 milhão",política, 09/09/2020 20h33 ," Por Sara Resende e Gustavo Garcia, TV Globo e G1 — Brasília ",https://g1.globo.com/politica/noticia/2020/09/09/senado-aprova-auxilio-de-ate-r-10-mil-mensais-a-escolas-particulares-e-suspensao-de-impostos.ghtml,1
8039,"É impossível que vacina cause alterações genéticas, dizem especialistas  ",,haver comprovação vacinar o covid-19 modificar o composição genético pessoa vídeo publicar instagram e youtube afirmar vacinar derivar célula fetal e o dna feto entrar corpo receptor causar alteração genético alegação completamente rechaçar especialista ouvir diferente ocasião e evidência científico disponível o momento.dois imunizante o coronavírus — produzir pfizer biontech e moderno — utilizar técnico chamar mrna informação genético vírus ensinar corpo o produzir proteína específico e criar anticorpo vacinar conter dna feto,ciência,16/12/2020 11h04 ,"Do UOL, em São Paulo*",https://noticias.uol.com.br/comprova/ultimas-noticias/2020/12/16/e-impossivel-que-vacina-cause-alteracoes-geneticas-dizem-especialistas.htm,0
8040,"Rombo das contas públicas em 2020 deve ser superior a R$ 350 bi, diz Mansueto  ",,o secretário tesourar nacional mansueto almeida afirmar hoje o enfrentamento pandemia coronavírus o ano atípico o gestão fiscal governar citar o estimativo governar déficit primário superior o r$ bilião n ano repetir forte aumentar déficit primário estimar déficit primário acima r$ bilião e revisar semana mansueto haver pressão forte receitar e despesa abril o junho o impactar programar governar combater pandemia e efeito o atividade econômica o déficit primário aumentar despesa governar superar receitar imposto e contribuição o resultar deficitário acontecer o contrário haver superávit o conceito primário englobar gasto juro dívida público,saúde,30/03/2020 12h36 ,"Eduardo Rodrigues e Lorenna Rodrigues,",https://economia.uol.com.br/noticias/estadao-conteudo/2020/03/30/rombo-das-contas-publicas-em-2020-deve-ser-superior-a-r-350-bi-diz-mansueto.htm,1
8041,Ministério confunde ao dizer que coronavírus não é transmitido pelo ar  ,,o ministério saudar confundir cidadão o o garantir o coronavírus transmitir ar doença recente o desenvolvimento estudo especialista e órgão internacional continuar analisar o vírus e o covid-19 e consolidar vírus transmissão aéreo e o ar descartado.em lista perguntar e respostar o órgão responder o vírus transmitir ar o transmissão acontecer pessoa doente contato explicar o ministério,saúde,06/01/2021 04h00 ,"Do UOL, em São Paulo",https://noticias.uol.com.br/confere/ultimas-noticias/2021/01/06/ministerio-saude-coronavirus-trnasmissao-pelo-ar.htm,0
8042,UOL Confere: manifestação de 2016 na Câmara é usada em mensagem falsa,,uol notícia 14/11/2019 16h31 notícia falso manifestação câmara deputar divulgar invasão existir,política,14/11/2019 16h31 ,UOL Notícias,http://noticias.uol.com.br/videos/?id=uol-confere-manifestacao-de-2016-na-camara-e-usada-em-mensagem-falsa-0402CC9C3966C8B96326,0
8043,"Com Bolsonaro, área ambiental do governo já perdeu 10% dos servidores  ",,"jair bolsonaro assumir o presidência repúblico janeiro o ambiental governar perder quase servidor o redução acontecer ministério ambientar mma principal órgão fiscalização o instituto brasileiro ambientar e recurso natural renovável ibama e o instituto chico mendes conservação biodiversidade icmbio 1º janeiro órgão o o 5.794 servidor ativos hoje 5.216 — redução 9,97 servidor o",política,05/02/2021 19h08 ,André Shalders ,https://noticias.uol.com.br/meio-ambiente/ultimas-noticias/bbc/2021/02/05/com-bolsonaro-area-ambiental-do-governo-perdeu-10-dos-servidores.htm,1
8044,"Durante reunião, ministra italiana descobre que contraiu covid-19  ",,o ministro interior itália luciana lamorgese descobrir testar positivar covid-19 participar reunião ministro suspenso informar fonte oficiar n segunda-feira o diagnóstico ministro exame pcr n manhã procedimento o o submetido o dia informar o imprensar italiano lamorgese o testar durante manhã comparecer o o palazzo chigi governar italiano participar reunião ministro,saúde,08/12/2020 03h33 ,08/12/2020 03h33 ,https://noticias.uol.com.br/ultimas-noticias/efe/2020/12/08/durante-reuniao-ministra-italiana-descobre-que-contraiu-covid-19.htm,1
8045,Cidade onde Bolsonaro se criou tem quilombola do PT enfrentando centrão  ,,eleição municipal pequeno eldorado cidade habitante valer ribeira região pobre paulo o candidato o presidente jair bolsonaro e o população quilombola o o o município o bolsonaro chamar terra natal e o o referir antigo nome xiririca — nascer glicério sp criar eldorado o cidade abrigar quilombo cercar família total conclusão errar estratégico falar outro o problema quilombolas eldorado furioso o filhar ilustrar cidade durante o pré-campanha eleitoral o deputar federal jair bolsonaro discursar rir resultar denúncia racismo o falir revoltar quilombolas valer ribeira quilombo eldorado olhar o afrodescendente levar pesar arrobar,política,17/10/2020 04h00 ,Marcelo Oliveira e Thiago Varella,https://noticias.uol.com.br/eleicoes/2020/10/17/cidade-onde-bolsonaro-se-criou-tem-quilombola-do-pt-enfrentando-centrao.htm,1
8046,Russomanno culpa falta de verba e reafirma fidelidade a Bolsonaro  ,,turno campanha prefeito paulo o deputar celso russomanno republicano reafirmar pronunciamento fidelidade o o presidente jair bolsonaro o eximir culpar defender o adoção votar impresso brasil e atribuir derrotar verba campanha o campanha tostão o milhão afirmar o candidatar derrotar o gente recurso impulsionamento rede social claro o impulsionamento efeito questionar razão o investimento campanha o republicano dividir o verba candidato brasil,política,15/11/2020 23h51 ,Wanderley Preite Sobrinho,https://noticias.uol.com.br/eleicoes/2020/11/15/russomanno-culpa-falta-de-verba-e-reafirma-fidelidade-a-bolsonaro.htm,1
8047,"Brasil registra 2.517 mortes por Covid-19 em 24 horas, aponta consórcio de imprensa",,"o brasil registrar n terça-feira 2.517 morte covid-19 elevar o total vidar perdido 439.379 o médio móvel 1.953 óbito o cálculo semana n segunda-feira o país completar semana tendência quedo médio móvel morte variação -15 o morte impulsionar revisão piauí óbito março e abril 24h o afirmar registrar morte consórcio formar extra o globo g1 folhar s.paulo uol e o s. paulo e reunir informação secretariar estadual saudar divulgar diariamente 20h 24h confirmar 74.379 caso covid totalizar 15.735.485 infectar sars-cov-2 o médio móvel 64.348 diagnóstico positivo o o cálculo dia o médio móvel dia médio o dia e anterior comparar médio semana indicar haver tendência alto estabilidade quedo caso morte o cálculo recurso estatístico conseguir enxergar o tendência abafar o ruir causar finar semana o notificação morte reduzir escassez funcionário plantão e unidade federativo brasil atualizaram vacinação o covid-19 n terça-feira o país 39.897.840 pessoa receber o dosar imunizante o equivalente o 18,84 população brasileiro o dosar vacinar aplicar 19.711.628 pessoa 9,31 população nacional o taxar transmissão atual significar pessoa contaminar transmitir o doença margem errar calcular universidade britânico o rt brasileiro variar 0,88 o 1,04 trazer esperançar combater pandemia projeções feito cientista eua e brasil entanto acender o alertar especialista o possibilidade onda país alto óbito — evitá-la depender vacinação mostrar efetiva redução morte e internação vacinar 1,5 milhão pessoa o o dia idealmente milhão e cautela flexibilização medir isolamento — explicar ethel maciel professorar ufes e doutorar univesidade johns hopkins unir o avançar vacinação o instituto métrico saudar e avaliação universidade washington eua destacar projeções certeiro o início pandemia indicar o país chegar trágico marcar morte covid-19 agostar e cenário incluir o máscara população país",saúde, Publicado em  18/05/21 20:11 ,Extra,https://extra.globo.com/noticias/coronavirus/brasil-registra-2517-mortes-por-covid-19-em-24-horas-aponta-consorcio-de-imprensa-25023850.html,1
8048,"Haddad deixou um pouco a desejar na periferia quando prefeito, diz Boulos  ",,pré-candidato prefeitura paulo o professor e líder sem-teto guilherme boulos psol entrevisto publicar revisto sp fernando haddad pt deixar o desejar político público periferia prefeito capital paulista e boulous entanto ressaltar qualidade gestão haddad o pt definir o candidatar eleição municipal d ano teoria disputar perfil eleitorado haddad deixar o desejar político público periferia o investimento saudar o cargo organização social o gestão direta fatores o outro político moradia popular depender casar vidar outro haver avanço importante o abertura avenida paulista e ciclovias objetivos eleição listou descrito derrotar o bolsonarismo e o hegemonia tucano,política,01/08/2020 12h07 ,01/08/2020 12h07 ,https://noticias.uol.com.br/eleicoes/2020/08/01/haddad-deixou-um-pouco-a-desejar-na-periferia-quando-prefeito-diz-boulos.htm,1
8049,"Por unanimidade, STF determina mais mudanças na política de segurança pública do Rio","Ministros julgaram pedido de restrição do uso de helicópteros em ações nas comunidades. Alterações deverão ser permanentes, valendo mesmo após a pandemia da Covid-19.",unanimidade ministro supremo tribunal federal stf decidir impor mudança político segurança público rir janeiro comedir o cortar estabelecer limite s operação policiar realizar comunidade durante o pandemia covid-19 o julgamento terminar noite d segunda-feira e realizar chamar plenário virtual medir impactar especialmente o atuação forçar segurança ministro seguir restrição estabelecido relator ação edson fachin ministro determinar o o governar seguinte ações,política, 18/08/2020 10h29 ," Por Fernanda Vivas e Márcio Falcão, TV Globo ",https://g1.globo.com/politica/noticia/2020/08/18/por-unanimidade-stf-determina-mais-mudancas-politica-de-seguranca-publica-do-rio.ghtml,1
8050,"Vacinação em SP pressionará 'todo mundo', diz senador da comissão da Covid  ",,"O presidente da comissão mista criada pelo Congresso Nacional para acompanhar as medidas de enfrentamento à pandemia do novo coronavírus, o senador Confúcio Moura (MDB-RO), disse que o avanço do plano de vacinação contra a Covid-19 no Estado de São Paulo ""vai pressionar todo mundo"", em referência ao governo federal, a fim de colocar em prática o plano nacional de vacinação. ""A vacinação [em São Paulo] é uma questão política muito forte. Vai chamar a atenção. Vai pressionar todo mundo. Vai ter a pressão popular, dos grupos de risco, dos governadores que estão ansiosos, dos prefeitos das maiores cidades, da confederação nacional dos municípios. Mediante pressão, tudo acontece. Ninguém gosta de pressão, de bombardeio da crítica, mas logicamente, assim como o o presidente [Jair Bolsonaro] foi atendendo todas as demandas econômicas, os auxílios emergenciais, no fundo a coisa aconteceu. Então acredito que esse movimento vai ser muito promissor"", disse o senador. Moura disse que a vacinação ""é o grande pleito nacional"". ""Logicamente, ele [governador de SP João Doria] iniciando em São Paulo há uma pressão de outros governadores e consequentemente para o uso de outras vacinas, como a de Oxford. Está na hora de começar"", diz o parlamentar.",saúde,08/01/2021 04h01Atualizada em 08/01/2021 10h12 ,08/01/2021 04h01Atualizada em 08/01/2021 10h12 ,https://noticias.uol.com.br/colunas/rubens-valente/2021/01/08/covid-comissao-senado-governo-bolsonaro.htm,1
8051,"

Argentina anuncia confisco de carros de cidadãos do país e povo protesta #boato 
","Boato – Presidente da Argentina, Alberto Fernández, confisca carros de cidadãos argentinos, gerando protestos no país.",“ o pau tá quebrar argentino votar errar pagar o preço o governar socialista começar o confiscar carro casar terreno e empresar ” “ o presidente argentino alberto fernández tomar medir proteger o país o coronavírus o portal panar post publicar medir o circulação automóvel o chefe executivo implementar país durante debater canal tv fernandez único pessoa autorizar o automóvel trabalhador saudar alimentação e segurança ”,mundo,23/06/2020,"
Kyene Becker ",https://www.boatos.org/mundo/argentina-confisco-carros-pais-povo-protesta.html,0
8052,SP: Empresário usa 'meme do caixão' em outdoor para pedir isolamento social  ,,o empresário ricardo frança paz sorocaba interior paulo inovar e apostar meme alertar morador cidade risco coronavírus e o importância isolamento social dono empresar outdoors espalhar anúncio cidade o imagem meme caixão acompanhar frase ficar casar vir dançar o gente o propaganda referência o vídeo montagem internet mostrar pessoa situação riscar e cortar imagem entrar carregador caixão dançar durante funeral áfrico o entender o pessoa vídeo morrer edição circular rede social ficar famoso o músico eletrônica astronomia tony igy o o fundir pessoa acabar prestar atenção n imagem divertir d passar o mensagem conscientização o importância ficar casar e sair ruir necessário contar o empresário anúncio o mensagem instalar terça-feira avenida movimentar cidade pedir metro comprimento metro altura o idear inicial anúncio ficar instalar semana dever repercussão estender o pandemia,saúde,16/04/2020 16h58 ,Simone Machado,https://noticias.uol.com.br/cotidiano/ultimas-noticias/2020/04/16/sp-empresario-usa-meme-do-caixao-em-outdoor-para-pedir-isolamento-social.htm,1
8053,É #FAKE que vacina contra a Covid-19 provoca câncer de mama,"Publicações antivacina sugerem alegação falsa baseada em orientações de médicos para que não se faça exame após a vacinação para, na verdade, evitar falso positivo. Oncologista explica que a vacina não causa câncer e que reações que podem dar impressão de falso positivo são previsíveis.",circular rede social mensagem vacinar o covid-19 provocar câncer mamar vacinar o covid-19 provocar câncer mamar vacinar provocar câncer e facilitar o descobrir ligação o oncologista fernando maluf fake news complementar o vacinar o covid causar absolutamente nenhum câncer o chance o vacinar o covid causar câncer o oncologista rafael kaliks diretor científico instituto oncoguia o teoria falso ganhar impulso inglês site antivacina e acabar traduzir o português disseminar rede social,ciência, 13/05/2021," Por Roney Domingos, G1 ",https://g1.globo.com/fato-ou-fake/coronavirus/noticia/2021/05/13/e-fake-que-vacina-contra-a-covid-19-provoca-cancer-de-mama.ghtml,0
8054,"Mortes por covid no RJ superam 1,7 mil, alta de 68% em 1 semana  ",,o governar rir janeiro informar hoje o registrar 17.062 caso confirmar covid-19 d total 1.714 pessoa morrer decorrência contaminação coronavírus morte investigação o morte doença o registrar haver semana dia o governar informar o morte 1.019 pessoa covid-19 datar 11.139 pessoa haver contaminar coronavírus território fluminense — o indicar aumentar caso confirmar o levantamento hoje entanto o aumentar percentual expressivo associar o o fato morte e caso confirmar doença referir s horar morte dia confirmar hoje acumular n divulgação,saúde,10/05/2020 18h03 ,Gabriel Sabóia,https://noticias.uol.com.br/saude/ultimas-noticias/redacao/2020/05/10/mortes-por-covid-no-rj-superam-17-mil-alta-de-68-em-1-semana.htm,1
8055,"Covid-19 reativa vírus ancestral e leva ao agravamento da doença, diz estudo  ",,o sars-cov-2 capaz reativar vírus ancestral presentar haver milhão ano linhagem evolutivo humano adormecer o revelar estudar fiocruz divulgar sexta-feira o multiplicação herv-k retrovírus primitivar associar o caso grave covid-19 mortalidade precoce doença o trabalhar o descobrir abrir tratamento doente atingir gravemente infecção coronavírus,saúde,25/05/2021 10h21Atualizada em 25/05/2021 11h19 ,Roberta Jansen,https://noticias.uol.com.br/saude/ultimas-noticias/estado/2021/05/25/covid-19-virus-ancentral-herv-k.htm,1
8056,É enganoso que imunogenicidade da CoronaVac ofereça risco; Anvisa pediu dados complementares e não questionou segurança,,dirigente anvisa fato imunogenicidade o capacidade vacinar induzir o imunológico o produzir anticorpo coronavac inadequado o anvisa explicar entanto haver questionamento segurança vacinar,saúde,2021/01/22,Comprova,https://projetocomprova.com.br/publicações/e-enganoso-que-imunogenicidade-da-coronavac-ofereca-risco-anvisa-pediu-dados-complementares-e-nao-questionou-seguranca/,0
8057,Aras apura se Pazuello cometeu falsidade ideológica por uso de documento com nomes de cientistas que negaram autoria ,,"None None Ao responder a um pedido de apuração feito pela deputada Natália Bonavides (PT-RN) sobre o fato, Aras informou que já tramita na PGR uma investigação preliminar do relatado pela parlamentar. ""Nesta Procuradoria-Geral da República já tramita Notícia de Fato destinada à averiguação preliminar do acontecimento ora relatado pela Deputada Federal noticiante (...) Eventual surgimento de indícios razoáveis de prática criminosa pela autoridade noticiada ensejará, pois, a adoção das providências necessárias à persecução penal"", afirmou Aras, ao arquivar o pedido da deputada. Em dezembro, 31 elaboradores do Plano Nacional de Vacinação divulgaram uma nota pública protestando por sua falta de acesso à versão final do documento, que havia sido entregue horas antes pelo governo federal ao STF. None Os pesquisadores, que representam diversas instituições da área de saúde, integram o eixo ""Epidemiológico"" do plano, que estuda a situação da pandemia e define os grupos que devem ter prioridade na vacinação contra a Covid-19. ""Nos causou surpresa e estranheza que o documento no qual constam os nomes dos pesquisadores deste grupo técnico não nos foi apresentado anteriormente e não obteve nossa anuência"", ressaltaram os cientistas, em nota. Pazuello é alvo de um inquérito aberto a pedido da PGR sobre sua atuação em relação à crise sanitária no Amazonas, que ficou sem oxigênio nos hospitais, onde doentes da Covid-19 morreram asfixiados.",saúde, Publicado em  04/03/21 22:16 ,Renata Mariz e Aguirre Talento,https://extra.globo.com/noticias/coronavirus/aras-apura-se-pazuello-cometeu-falsidade-ideologica-por-uso-de-documento-com-nomes-de-cientistas-que-negaram-autoria-24910719.html,1
8058,Posts de opositores e governistas desinformam sobre atos contra Bolsonaro  ,,político opositor e governista publicar o rede social imagem corresponder movimentação protesto sábado o presidente jair bolsonaro adversário presidente postar umar foto umar manifestação umar ruir cheio seriar atar belo horizonte aliar bolsonaro suar compartilhar vídeo enganoso parir o impressão o manifestação o rir janeiro ficar vazio o foto manifestação belo horizonte publicar pelar site jornalismo independente mídia ninja suar página o facebook setembro o imagem mostrar protestar o presidente michel temer mdb o sábado o imagem compartilhar o twitter pelar vereador paulistano erika hilton psol juntar o frase belo horizonte minar gerar gigante o post 2.500 interações retweets e curtir o comedir noite hoje,política,21/06/2021 20h23 ,Beatriz Montesanti,https://noticias.uol.com.br/confere/ultimas-noticias/2021/06/21/posts-de-opositores-e-governistas-desinformam-sobre-atos-contra-bolsonaro.htm,0
8059,É falso que urna eletrônica possa ser infectada com vírus que altera dados  ,,eletrônicos e redar passível invasão e adulteração o roubar e modificar o urna votação utilizar eleição brasileiro eletrônico e causar o temor eleitor infectar software maliciosos.postagens rede social despertar suspeito o segurança urna publicar uol conferir hackear o urna durante o eleição infectar o software malicioso votação começar,saúde,08/10/2020 04h00 ,"Do UOL, em São Paulo",https://noticias.uol.com.br/confere/ultimas-noticias/2020/10/08/virus-urna-eletronica-dados.htm,0
8060,"

Julgamento no STF sobre segunda instância é ilegal por causa da mudança de jurisprudência #boato 
",Boato – O julgamento do Supremo Tribunal Federal (STF) sobre a prisão é ilegal. Motivo é a mudança de jurisprudência sobre o assunto em pouco tempo. ,julgamento stf ilegal o ministrar luiz fux afirmar votar o stf legitimar o rediscutir prisão instância o código processar civil determinar artigo tribunal uniformizar jurisprudência e mantê-la estável íntegro e coerente o prisão instância definir e ocorrer justificar mudança o o contrário fundamental o corrupção.o stf tribunal o cumprir o código processar sociedade repúblico e forçar armar assistir o o anunciar retornar farra impunidade mediante julgamento legal precisar urgentemente divulgar o gravar alertar ministrar fux representante congresso nacional precisar pressionar futurar jogar o dólar aumentar e o bolsar despencar pensar n,política,19/11/2019,"
Kyene Becker ",https://www.boatos.org/politica/julgamento-stf-segunda-instancia-ilegal-mudanca-jurisprudencia.html,0
8061,Mensagem compara de forma errada gastos de Bolsonaro e Dilma com viagens  ,,cuidar o o repassar informação cifrar governo brasil quantiar diferente criar comparação enganoso o governar dilma rousseff pt e o jair bolsonaro e indicar economia milionário atual gestão o o analisar o resultar diferente.uma montagem circular rede social mostrar manchete governar gastar r$ milhão viagem e bolsonaro gastar r$ milhão viagem,política,02/02/2020 04h04 ,"Colaboração para o UOL, em São Paulo",https://noticias.uol.com.br/confere/ultimas-noticias/2020/02/02/economia-brasil-bolsonaro-dilma-confere.htm,0
8062,comercial mostrar o jovem rodrigar farar estudante nazista,,"conferir abaixar algum publicação 1,2,3",mundo,4/11/20204,marco faustino,https://www.e-farsas.com/comercial-mostra-o-jovem-rodrigo-faro-dizendo-ser-um-estudante-nazista.html,0
8063,Estudo associa casos de câncer nos EUA a teste nuclear em 1945,Efeitos das cinzas radioativas gerou danos à saúde de moradores do Novo México. Deputados pedem compensação ao governo.,pesquisador unir afirmar n terça-feira 1º determinar pessoa câncer causar cinzar radioativas testar bomba atômica país méxico série estudo instituto nacional câncer revelar documento confidenciar projeto manhattan pesquisar o bomba atômica detonação hiroshima e nagasaki n explosão levar rendição japão guerra mundial e consequentemente o o conflito global autor estudo admitir faltar preciso o caso câncer década testar entanto concluir aumentar n incidência limitar quele vivo época testar méxico e exposto s cinzar radioativas o detonação nuclear expor morador méxico o variável radiação o cinzar radioativas depender viver passar estruturar protetoras imediatamente testar e quantum radiação entrar corpo água comido contaminar resumir pesquisar,ciência, 01/09/2020 22h43 , Por G1 ,https://g1.globo.com/mundo/noticia/2020/09/01/pessoas-expostas-a-teste-nuclear-nos-eua-em-1945-estao-mais-sujeitas-a-cancer-diz-estudo.ghtml,1
8064,Merck vai ajudar a produzir vacina contra Covid da Johnson & Johnson,"Imunizante de dose única obteve no sábado autorização para uso emergencial nos EUA. Johnson & Johnson enfrentou problemas de produção e conseguiu fazer apenas 3,9 milhões de doses.",o farmacêutico merck co ajudar o produzir o vacinar o coronavírus concorrente johnson johnson aplicar dosar único o agência notícia associated press o informação publicar inicialmente jornal the washington post n terça-feira e confirmar ap funcionário governar biden buscar acelerar o produção vacinar o presidente unir joe biden anunciar oficialmente o acordar discursar hoje dia o governar americano autorizar o emergencial imunizante o vacinar johnson eficácia caso moderar e grave considerar grave o proteção estudo clínico,saúde, 02/03/2021 13h49 , Por Associated Press ,https://g1.globo.com/bemestar/vacina/noticia/2021/03/02/farmaceutica-merck-vai-ajudar-a-produzir-vacina-contra-covid-da-rival-johnson-and-johnson.ghtml,1
8065,É #FAKE que enchente em Cubatão foi provocada por abertura de barragem,Post no Facebook tem sido bastante compartilhado. Mensagem é falsa.,circular rede social texto o enchente cubatão paulo provocar abertura comportar barragem rir pedrar o texto utilizar imagem verídico bairro atingir cheio o rir pilão realmente transbordar cubatão e sirene soer o rir encher tocar avisar morador precisar sair casar o prefeitura cubatão esclarecer entanto existir previsão abertura comportar barragem rir pedrar,entretenimento, 06/02/2019," Por Roney Domingos, G1 ",https://g1.globo.com/fato-ou-fake/noticia/2019/02/06/e-fake-que-enchente-em-cubatao-foi-provocada-por-abertura-de-barragem.ghtml,0
8066,Vídeo tira de contexto frase de Ana Arraes sobre 'agressão' de João Campos  ,,vídeo sugerir o deputar federal joão campo psb candidatar prefeitura recife agredir fisicamente o avô o ministro tribunal contar união tcu ana arraes o vídeo reproduzir entrevisto minuto ana arraes queixar brigar público joão e o tio o advogar antônio campo presidente fundação joaquim nabuco fundaj órgão o o ministério educação.na época joão afirmar o tio sujeitar o ministrar educação abraham weintraub participar audiência público câmara federal manifestar episódio dezembro e janeiro ana arraes defender o filhar e sentir agredir falir neto,política,27/11/2020 13h32Atualizada em 27/11/2020 17h52 ,"Do UOL, em São Paulo*",https://noticias.uol.com.br/comprova/ultimas-noticias/2020/11/27/video-tira-de-contexto-frase-de-ana-arraes-sobre-agressao-joao-campos.htm,0
8067,"

Ex-presidente José Sarney morreu aos 88 anos #boato 
","Boato – José Sarney, ex-presidente da República, morreu aos 88 anos. Notícia foi dada pelo G1, o portal de notícias da Globo.",fv evitar falar q sarney pq morrer corrupto nepotista infiel e incapaz pular quega pular cama morrer sarney paz sarney corrupto raíz … morrer e pro infernar coronel o tá feio morrer ex presidente josé sarney gente morrer hoje sarney parar loucura,política,12/02/2019,"
Edgard Matsuki ",https://www.boatos.org/politica/ex-presidente-jose-sarney-morreu.html,0
8068,Lira apoia projeto que prevê abater imposto a empresas que comprarem vacina  ,,"A iniciativa do presidente da Câmara dos Deputados, Arthur Lira, de acelerar a votação de projeto que permite a compra de vacinas pela iniciativa privada sem que doem doses ao SUS deixou parlamentares perplexos e deve sofrer resistência. Uma das surpresas polêmicas do projeto, apresentado pelo deputado Hildo Rocha (MDB-MA), é a que prevê que as empresas poderão abater o valor gasto do imposto de renda. Ou seja, o recurso que elas vão desembolsar para ""furar a fila"" será pago por toda a sociedade —incluindo os mais pobres. (...) Leia íntegra na Folha.",política,31/03/2021 20h12 ,31/03/2021 20h12 ,https://noticias.uol.com.br/colunas/reinaldo-azevedo/2021/03/31/lira-apoia-projeto-que-preve-abater-imposto-a-empresas-que-comprarem-vacina.htm,1
8069,homem vacinar vezar o covid-19 o argentino,fotos mostram que um homem teria sido vacinado duas vezes no mesmo dia em campanha de imunização contra o novo coronavírus na argentina! será verdade?,imagem circular rede social o dezembro e semana janeiro amplamente compartilhar whatsapp provar campanha vacinação o coronavírus enganação mundo,saúde,14/01/2021,gilmar lopes,https://www.e-farsas.com/um-homem-foi-vacinado-duas-vezes-contra-a-covid-19-na-argentina.html,0
8070,"FATO ou FAKE: em um ano, quase 400 boatos checados e mais de 750 declarações verificadas","Equipe fez a checagem de 764 frases ditas por políticos e 391 mensagens disseminadas na web desde o início do projeto. São, ao todo, 1.155 verificações feitas em um ano.",ano 1.155 checagens o equipar fato fake verificar período frase político e boato disseminar internet e celular o início projeto o fato fake lançar julho o objetivo alertar brasileiro e esclarecer o notícia fato e o falsar fake participar apuração equipar g1 o globo extra época cbn globonews e tv globo jornalista monitoramento diário identificar mensagem suspeito compartilhar rede social e aplicativo o whatsapp,entretenimento, 30/07/2019, Por G1 e O Globo ,https://g1.globo.com/fato-ou-fake/noticia/2019/07/30/fato-ou-fake-em-um-ano-quase-400-boatos-checados-e-mais-de-750-declaracoes-verificadas.ghtml,0
8071,Morre bebê infectada pelo coronavírus em UTI de maternidade de Salvador  ,,o beber infectar coronavírus durante internação uti unidade terapia intensivo neonatal maternidade hospital português salvador morrer manhã o menino nascer problema congênitos e sair hospital necessitar ventilação mecânico profissional atuam uti neonatal covid-19 e afastar o brasil registrar 7.025 pessoa morto covid-19 doença provocar coronavírus e 101.147 infectar ministério saudar bahia ocorrer óbito causar doença e 3.315 pessoa infectar coronavírus o morte beber boletim epidemiológico governar bahia salvador ocorrer óbito e haver 1.857 pessoa infectar o sesab secretariar saudar bahia,saúde,04/05/2020 04h03Atualizada em 04/05/2020 07h37 ,Aliny Gama,https://noticias.uol.com.br/cotidiano/ultimas-noticias/2020/05/04/morre-bebe-infectada-em-uti-pelo-coronavirus-em-maternidade-de-salvador.htm,1
8072,Venezuela recebe 73 toneladas de ajuda europeia contra covid-19  ,,caracas ago afp o venezuela receber n sábado tonelada ajudar humanitário doar espanha e portugal frente pandemia covid-19 informar representante governar socialista organização nação unir onu e união europeu ue o carregamento contribuição o união europeu governo espanha e portugal combater o pandemia covid-19 falar tonelada suprimento médico yván gil vice-reitor venezuela o europa declaração veicular televisão governamental o ajudar incluir vacinar patologia equipamento proteção equipamento saneamento água e diverso medicamento explicar gil durante o recepção avião aeroporto maiquetía localizar o cercar minuto terra caracas o ajudar humanitário implementar graça generosidade comunidade internacional e o o voar doar afirmar o gabinete coordenação assunto humanitário onu ocha twitter,saúde,22/08/2020 16h11 ,22/08/2020 16h11 ,https://noticias.uol.com.br/ultimas-noticias/afp/2020/08/22/venezuela-recebe-73-toneladas-de-ajuda-europeia-contra-covid-19.htm,1
8073,Eduardo Pazuello tornou-se um ministro sitiado  ,,o general eduardo pazuello enfrentar parecer cercar desafiar coronavírus investigar supremo tribunal federal e questionar tribunal contar união o ministrar saudar passar o conviver o riscar arrastar comissão parlamentar inquérito o pedir cpi apurar ações e omissão governar pandemia protocolado senado esperava-se o exposição pazuello plenário casar esvaziar o requerimento deu-se o contrário cpi aberto necessário o senador passagem pazuello senado quinta-feira haver assinatura requerimento o pedir cpi contar o adesão senador articulação subterrâneo o planalto retirar rubricar documentar convencer signatário rezar ocorrer adesão cpi eleito presidente senado o jair bolsonaro e voto legendar oposição rodrigar pacheco espremer bloco retardar o leitura pedir cpi plenário cordo s articulação governar cobrar oposicionista o tomar decisão o quinta-feira contrário partidário cpi recorrer o o supremo,política,13/02/2021 03h58 ,13/02/2021 03h58 ,https://noticias.uol.com.br/colunas/josias-de-souza/2021/02/13/eduardo-pazuello-tornou-se-um-ministro-sitiado.htm,1
8074,"

Laboratórios que produzem a vacina contra Covid-19 terão isenção de responsabilidade civil #boato 
","Boato – Todos os laboratórios que estão produzindo as vacinas contra a Covid-19 terão isenção de responsabilidade civil. Ou seja: se a vacina causar um efeito grave ou morte, não será possível processar as empresas.",restaurante e certar dia comido causar intoxicação cliente levar morte responsabilizar legalmente e indenizá-los laboratório produzir vacinar o coronga isenção responsabilidade civil casar vacinar causar algum problema o morte reiterar nenhum laboratório produzir o vacinar interpelar judicialmente efeito colateral danoso o morte pessoa tomar o vacinar sombra dúvida motivar suficiente tomar vacinar posicionamento ressalte-se defender médico e profissional saudar,saúde,02/10/2020,"
Edgard Matsuki ",https://www.boatos.org/saude/laboratorios-vacinas-contra-covid-19-isencao-responsabilidade-civil.html,0
8075,"Pandemia ainda é grave no Brasil, apesar de sinais de estabilização, alerta OMS",Diretor de emergências alertou que casos podem ressurgir.,"A Organização Mundial de Saúde (OMS) alertou, nesta quarta-feira (17), que a situação da pandemia de Covid-19 no Brasil ainda é grave, apesar de haver sinais de estabilização.  ""A epidemia ainda é bastante grave no Brasil. Os profissionais de saúde, como dissemos antes, estão trabalhando extremamente e sob pressão para lidar com o número de casos que assistem diariamente"", disse Michael Ryan, diretor de emergências da OMS.  O Brasil tem o segundo maior número de mortes por Covid-19 no mundo: eram mais de 45,5 mil às 13h desta quarta-feira, conforme levantamento feito pelo consórcio de veículos de imprensa do qual o G1 faz parte.  O número de vitimas fica atrás apenas das registradas nos Estados Unidos, que têm mais de 117 mil mortes, conforme monitoramento feito pela universidade americana Johns Hopkins.",ciência, 17/06/2020 12h56 ," Por Lara Pinheiro, G1 ",https://g1.globo.com/bemestar/coronavirus/noticia/2020/06/17/pandemia-ainda-e-grave-no-brasil-apesar-de-sinais-de-estabilizacao-alerta-oms.ghtml,1
8076,Julgamento de arquivamento de inquérito contra Carlos Moisés é suspenso pelo CNMP  ,,o conselheiro fernanda marinela sousa santo nacional ministério público cnmp determinar d o suspensão julgamento o arquivamento inquérito civil o governador santo catarino carlos moisés psl casar comprar abril ventilador pulmonar r$ milhão tratar paciente covid-19 o julgamento o investigação início terça-feira turma revisor superior ministério público santo catarino ocasião o procurador justiçar lenir roslindo piffer votar o arquivamento o o cnmp advogar moisés alegar inviabilizar o pleno direito defeso e o garantir prerrogativa inerente o o exercício advocacia o defeso argumentar acesso o auto procedimento administrativo,política,07/05/2021 11h38 ,Pepita Ortega e Fausto Macedo,https://noticias.uol.com.br/ultimas-noticias/agencia-estado/2021/05/07/julgamento-de-arquivamento-de-inquerito-contra-carlos-moises-e-suspenso-pelo-cnmp.htm,1
8077," ""De médico audiovisual esse plenário está cansado"", diz senador na CPI  ",,o senador otto alencar psd-ba confrontar o médico nise yamaguchi durante o depoimento d cpi covid dia hoje alencar médico ortopedista pedir o nise responder inicialmente o diferençar protozoário e vírus o respostar vir errar alencar série perguntar envolver o origem coronavírus e especificidade covid-19 o médico responder o questionamento médico audiovisual plenário cansar afirmar nise jeito nenhum debater assunto domínio o médico peça-chave formação gabinete paralelo estruturar ministério saudar aconselhar o presidente jair bolsonaro assunto ligar pandemia coronavírus,política,01/06/2021 15h32 ,01/06/2021 15h32 ,https://noticias.uol.com.br/videos/2021/06/01/de-medico-audiovisual-esse-plenario-esta-cansado-diz-senador-na-cpi.htm,1
8078,"

Bolsonaro concorre para personalidade do ano em enquete da revista Time #boato 
",Boato – O presidente Jair Bolsonaro está concorrendo à personalidade do ano da Time. Para que ele vença você precisa votar “yes” em enquete antes que a petralhada vote “no”.,pessoal o revisto americano time incluir jair messias bolsonaro concorrer personalidade ano infelizmente o petralhada descobrir e “ yes ” e “ ” virar jogar simples clicar … – aparecer o imagem candidatar passar apertar o seta o aparecer o imagem bolsonaro – pronto clicar yes e vc votar presidente ai repassar post whatsapp facebook e twitter o virar acontecer brasil acima deus acima,política,31/01/2019,"
Edgard Matsuki ",https://www.boatos.org/politica/bolsonaro-concorre-personalidade-ano.html,0
8079,Veja o que é #FATO ou #FAKE no discurso de Bolsonaro sobre a vacina chinesa,Presidente deu declarações no interior de SP após cancelar protocolo de intenção de compra do imunizante da farmacêutica Sinovac.,o presidente jair bolsonaro afirmar n quarta-feira mandar cancelar o protocolo intenção comprar milhão dose vacinar coronavac desenvolvido farmacêutico chinês sinovac o equipar fato fake checar declaração ler “o o pandemia”,política, 21/10/2020," Por G1, CBN e GloboNews ",https://g1.globo.com/fato-ou-fake/coronavirus/noticia/2020/10/21/veja-o-que-e-fato-ou-fake-no-discurso-de-bolsonaro-sobre-a-vacina-chinesa.ghtml,0
8080,Veja o que é #FATO ou #FAKE no discurso de Bolsonaro sobre a vacina chinesa,Presidente deu declarações no interior de SP após cancelar protocolo de intenção de compra do imunizante da farmacêutica Sinovac.,o presidente jair bolsonaro afirmar n quarta-feira mandar cancelar o protocolo intenção comprar milhão dose vacinar coronavac desenvolvido farmacêutico chinês sinovac o equipar fato fake checar declaração ler “comprar umar vacinar ninguém interessar”,política, 21/10/2020," Por G1, CBN e GloboNews ",https://g1.globo.com/fato-ou-fake/coronavirus/noticia/2020/10/21/veja-o-que-e-fato-ou-fake-no-discurso-de-bolsonaro-sobre-a-vacina-chinesa.ghtml,0
8081,"

Carrefour dá iPhone 12 Pro para quem responder pesquisa e compartilhar link #boato 
","Boato – O Carrefour Brasil está dando um iPhone 12 para as pessoas que entrarem em um site, responderem a uma pesquisa e compartilharem o link com amigos no WhatsApp.",programar lealdade fevereiro parabém hoje fevereiro escolher participar pesquisar levar minutar e receber prêmio fantástico iphone pro!cada segunda-feira escolher aleatoriamente usuário o o chance ganhar prêmios incrível o prêmio hoje iphone pro haver vencedor sortudo pesquisar visar melhorar o qualidade atendimento o usuário e participação recompensar minuto e responder o pesquisar apresse-se o prêmios disponível limitado!questão homem mulher masculino macho ano 18-29 30-39 40-49 avaliar serviço carrefour inacreditável smartphone android maçãparabéns respostar salvo sucesso o chance ganhar iphone pro selecionar o caixa corretar prêmio tentativo sortir opar … desculpar o caixa selecionou vazio chance sortir parabém ganhar o iphone pro!***as regrar contar o amigo promoção carrefour digitar endereçar e baixar o aplicativo o iphone pro entregar o diasparabéns ganhar o iphone 12por seguir instrução abaixar reivindicar o prêmio compartilhar amigo whatsapp clicar ícone “ whatsapp ” abaixar clicar “ continuar ” receber o iphone 12pro whatsapp compartilhar o barrir azul cheio,entretenimento,15/02/2021,"
Edgard Matsuki ",https://www.boatos.org/tecnologia/carrefour-iphone-12-pro-responder-pesquisa-compartilhar-link.html,0
8082,CE anuncia colapso de UTIs e estado tem fila de espera para casos graves  ,,o cear anunciar oficialmente filar esperar paciente quadro grave covid-19 leito uti unidade terapia intensivo o hoje pessoa aguardar vago internação utis upar unidade pronto atendimento o anúncio secretário saudar cear carlos roberto martim rodrigar sobrinho terça-feira haver falar reunião empresário setor construção civil projeções estimar morte dia início maio fortalezar sobrinho haver anunciar o preparar comprar túmulo enterrar morto covid-19 medir o saudar ampliar receber paciente o gente hoje paciente upar precisar uti e crescer conformar aumentar o contato contaminação afirmar,saúde,17/04/2020 18h13 ,Carlos Madeiro,https://noticias.uol.com.br/saude/ultimas-noticias/redacao/2020/04/17/ce-anuncia-colapso-de-utis-e-pais-tem-fila-de-espera-para-casos-graves.htm,1
8083,"Kassio Marques admite que não fez pós na Espanha e culpa tradução, diz Randolfe  ",,o desembargador kassio marcar admitir o o senador randolfe rodrigar rede-ap cursar pós-graduação universidad o coruña espanha o estadão revelar o universidade afirmar oferecer o cursar informar magistrado e destacar alunar cursar duração dia o desembargador atribuir o informação o errar problema tradução o cursar rápido ano marcar postgrado o especialização paralelo o pós-graduação molde brasileiro entender d compreensão corretar pós-graduação o e realmente currículo d postgrado espanhol cursar pós-graduação argumentação d randolfe líder oposição senado o encontrar o desembargador o fato postgrado pós-graduação molde definir entendimento brasil exterior mostrar o dicionário cambridge o o esclarecer tratar grau mestre formação universitário o dicionário explicar tratar cursar acadêmico estudante levar ano concluir o graduação,política,07/10/2020 09h36 ,Vinicius Valfré,https://noticias.uol.com.br/ultimas-noticias/agencia-estado/2020/10/07/kassio-marques-admite-que-nao-fez-pos-na-espanha-e-culpa-traducao-diz-randolfe.htm,1
8084,É #FAKE que jejum prolongado e banho frio previnam a Covid-19,"Mensagem falsa diz ainda que álcool em gel deixa pele 'permeável' ao coronavírus. Informações não procedem, segundo médicos consultados pela CBN.",circular rede social texto jejum dia e tomar banhar frio hábito fortalecer o imunológico prevenir o covid-19 o mensagem falso longo e indagar “ explicar o jejum fortalecer o imunitário dia falar benefício chuveiro frio dia aumentar o certo linfócito t ” o texto “ géis dia seguir base etanol eliminar o barreirar imune natural corpo bactéria e filmar lipídio pelar barreirar vírus ... géis base álcool permeável e sensível epiderme vírus,saúde, 01/09/2020," Por Roberta Pennafort, CBN ",https://g1.globo.com/fato-ou-fake/coronavirus/noticia/2020/09/01/e-fake-que-jejum-prolongado-e-banho-frio-previnam-a-covid-19.ghtml,0
8085,"
  É falsa a mensagem sobre uma suposta produção de vacina pela Fiocruz com Israel","Uma mensagem que afirma que a Fiocruz estaria produzindo, em sigilo, o ingrediente farmacêutico ativo (IFA) e uma vacina, que já seria 100% nacional, e contaria com a supervisão de cientistas de Israel, foi compartilhada mais de 4,5 mil vezes nas redes sociais desde o último dia 19 de março. Além disso, o texto indica que só poderiam entrar na fábrica pessoas autorizadas pelo vice-presidente, o general Hamilton Mourão. À AFP, a Fiocruz e a assessoria do vice-presidente desmentiram essas alegações.Envie-nos por WhatsApp Email",postagens comedir indicar pronunciamento ministrar saudar eduardo pazuello “ revelar ” “ assinar e injetado bilião fundação fiocruz o produção vacinar brasileiro ” o texto circular facebook instagram e twitter seguir o “ brasil vacinar revelar fiocruz ... milhão semana maquinario e cientista vir israel estagiário ficar dia israel e funcionário recrutar universidade ” o mensagem “ manter sigilar o fiocruz produzir o ifa e o vacinar ” o “ golpe mestre ” e finalizar assinalar “ parque industrial américa latino fábrica vacinar diferente entrar autorizar general hamilton mourão ... pivfi-parque industrial vacinar supervisão cientista israel ”,brasil,1/04/2021 às 19:46,AFP Brasil,https://checamos.afp.com//e-falsa-mensagem-sobre-uma-suposta-producao-de-vacina-pela-fiocruz-com-israel,0
8086,"Santos Cruz alerta: ""Violência nos EUA é resultado de sociedade dividida""  ",,o general reservar carlos alberto santo cruz observador atentar segurança o o redor mundo cumprir missão importante congo e haiti estudar army war college unir n condição o ex-ministro secretariar governar jair bolsonaro falar coluna o invasão capitólio apoiadores donald trump santo cruz o episódio esperar divisão sociedade americano o misturar extremismo irresponsabilidade autoridade e radicalismo levar o acreditar o general evitar fato semelhante ocorrer brasil sugerir providência impedir o manipulação população,política,07/01/2021 04h00 ,07/01/2021 04h00 ,https://noticias.uol.com.br/colunas/chico-alves/2021/01/07/santos-cruz-alerta-violencia-nos-eua-e-resultado-de-sociedade-dividida.htm,1
8087,o homem o papel diabo vencer jesus desfilar morrer carbonizar,,o notícia surgir o comedir março repercussão causar pelar desfilar escola sambar gavião fiel o sambódromo paulo acordar o notícia o homem o papel diabo vencer jesus morrer carbonizar acidentar automobilístico veículo chocar o traseiro caminhão e explodir,entretenimento,5/03/20195,gilmar lopes,https://www.e-farsas.com/o-homem-que-fez-o-papel-do-diabo-vencendo-jesus-em-desfile-morreu-carbonizado.html,0
8088,"Na UTI do Hospital Universitário Pedro Ernesto, Covid-19 deixa as marcas de uma doença silenciosa",,leito rapaz pelar bronzear sol — tomar haver dia — manter o consciência e comunicar contar o monitor o o indicar o corpo beirar colapso forçar falar sentir cansar o asfixiar silencioso o corpo enviar receber sinal cérebro o oxigênio dever o o atacar covid-19 o pulmão marcar pernicioso coronavírus o rapaz intubado preocupação o coordenador uti marco miranda anestesista e professor medicinar intensivo uerj ano literalmente morar hospital o paciente ano haver o mito doença idoso o covid afeta e jovem miranda paciente d uti extremamente complexo haver padrão único comum compartilhar o medo voltar respirador — horar comedir o intubação paciente perguntar “ salvar ” “ sobreviver ” o responder dia o intubação ouvir o gente acostumar — o médico residente terapia intensivo camila motta ano ler o matéria completar,ciência, Publicado em  26/04/20 04:30 ,Ana Lucia Azevedo e Alexandre Cassiano (fotos),https://extra.globo.com/noticias/saude-e-ciencia/na-uti-do-hospital-universitario-pedro-ernesto-covid-19-deixa-as-marcas-de-uma-doenca-silenciosa-24393329.html,1
8089,Estudo sugere que vacina de Oxford contra coronavírus é segura e eficaz  ,,o vacinar desenvolvido universidade oxford reinar unir parceria o farmacêutico astrazeneca seguro e capaz desenvolver anticorpo o coronavírus o mostrar resultar ensaiar envolver cercar 1.077 pessoa divulgar hoje renomada revisto the lancet acordar pessoa receber o imunização — abril e maio reinar unir — produzir anticorpo e glóbulo branco combater o vírus o vacinar apresentar nenhum efeito colateral gravar e provocar respostar imune anticorpo e célula t. o vacinar promissor combater o coronavírus e e fase estudo clínico avaliar eficácia imunizar humano etapa acontecer simultaneamente reinar unir brasil e áfrico sul — o vacinar testar pessoa incluir 5.000 brasileiro paulo bahia e rir janeiro resultar pesquisar divulgar lancet referir e fase estudo clínico analisar respectivamente o segurança vacinar — efeito colateral — e o capacidade produzir reação imunológico,saúde,20/07/2020 10h58Atualizada em 20/07/2020 15h35 ,20/07/2020 10h58Atualizada em 20/07/2020 15h35 ,https://www.uol.com.br/vivabem/noticias/redacao/2020/07/20/vacina-de-oxford-contra-covid-19-parece-ser-segura-diz-estudo.htm,1
8090,Bolsonaro conseguiu: saúde entra em colapso e o país mergulha no caos   ,,"deixar bolsonaro conseguir o querer ação omissão o necropolítica genocida gestão pandemia mergulhar o país caos recorde diário morto e doente covid casar registrar o e o desempregar vitimar 13,4 milhão brasileiro índice o tempestade perfeito o pandemia completamente controlo outro o pandemônio tomar contar governar e instituição quinta-feira o brasil registrar 1.582 morto o equivalente o tragédia brumadinho o quedo boeings live semanal o presidente voltar o campanha o máscara proteção o único eficaz combater o disseminação vírus",saúde,26/02/2021 15h14 ,26/02/2021 15h14 ,https://noticias.uol.com.br/colunas/balaio-do-kotscho/2021/02/26/bolsonaro-conseguiu-saude-entra-em-colapso-e-o-pais-mergulha-no-caos.htm,1
8091,desmentir foto assustador deep web –,,o série analisar foto circular o internet comer sair deep web apresentar o verdade sobrar cincar d n episódio revelar o haver trás,entretenimento,17/08/2020,gilmar lopes,https://www.e-farsas.com/desmentindo-5-fotos-assustadoras-da-deep-web-parte-4.html,0
8092,É #FAKE que foto mostre escada rolante abandonada do Carrefour Usina,Imagem foi publicada por usuário do Instagram no Japão e retrata parque de diversões abandonado. Imóvel no Rio está fechado.,circular rede social mensagem mostrar foto escada rolante abandonar cobrir plantar e legendar foto filmar ficção científico ... o carrefour usina rir janeiro rj fechar haver ano o foto escada rolante carrefour usina rir janeiro buscar reverso mostrar o imagem feito abandonar parque japão o imagem alvo checagem afp desmentir o escada parque temático kuala lumpur malásio,entretenimento, 22/09/2020," Por Roney Domingos, G1 ",https://g1.globo.com/fato-ou-fake/noticia/2020/09/22/e-fake-que-foto-mostre-escada-rolante-abandonada-do-carrefour-usina.ghtml,0
8093,Cantor Luan Santana não chorou com suposto fim da Lei Rouanet  ,,mensagem circular internet mostrar o cantor sertanejo luan santana chorar causar supor lei rouanet lei incentivar cultura renúncia fiscal luan santana chorar e parar cantar lei rouanet acabar o mensagem falso o cantor sertanejo chorar causar lei incentivar cultura motivar relacionar o luan declarar publicamente benefício,entretenimento,15/01/2019 04h01 ,Lucas Borges Teixeira,https://noticias.uol.com.br/confere/ultimas-noticias/2019/01/15/luan-santana-nao-chorou-lei-rouanet.htm,0
8094,"
  Os três filhos dos bilionários filantropos Bill e Melinda Gates foram vacinados","Publicações que afirmam que o filantropo Bill Gates se recusou a vacinar seus filhos, embora seja um dos grandes impulsionadores da imunização, foram compartilhadas mais de 600 vezes nas redes sociais desde março de 2019. Mas isso é falso. A sua então esposa Melinda Gates já havia confirmado anteriormente que seus três filhos foram todos vacinados. A fundação Gates ratificou essa informação à equipe de checagem da AFP.Envie-nos por WhatsApp Email",“ bill gatar recusar o vacinar filho ” comedir texto compartilhar centena facebook e voltar o circular início ilustrar o foto família gatar postagens continuar “ ‘ vacinar adulto recusar terminantemente o vaciná-los criança ’ o médico … acrescentar ‘ criança lindo inteligente e vivaz e ficar precisar injeção ’ ” o desinformação encontrar vídeo facebook instagram telegram e site idioma o inglês mostrar manchete portal notícia,saúde,8/02/2021 às 20:26,"Mayowa Tijani, AFP Nigeria",https://checamos.afp.com//os-tres-filhos-dos-bilionarios-filantropos-bill-e-melinda-gates-foram-vacinados,0
8095,É #FAKE que vídeo mostre corpos de vítimas da Covid-19 em praias do Peru e do Equador,"Legendas dizem que cadáveres são de corpos lançados ao mar nos dois países sulamericanos. Imagens, na verdade, são de vítimas de naufrágio na Líbia em 2014.",circular rede social vídeo mostrar cadáver o o longo praia o legendar acompanhar o vídeo afirmar comprar pescar morto coronavírus lançar o o mar equador e peru o vídeo antigo e mostrar corpo vítima naufrágio barco transportar imigrante ilegal africano líbio vídeo canal televisão euronews afirmar corpo migrante levar o praia líbio e recuperar autoridade país semana naufrágio mar,mundo, 16/04/2020," Por Roney Domingos, G1 ",https://g1.globo.com/fato-ou-fake/coronavirus/noticia/2020/04/16/e-fake-que-video-mostre-corpos-de-vitimas-da-covid-19-em-praias-do-peru-e-do-equador.ghtml,0
8096,Como verificamos: Suposto médico expõe dados falsos sobre fim da quarentena  ,,o áudio circular rede social e aplicativo mensagem mensagem supor médico hospital bairro acari zonar norte rir janeiro recomendar o interrupção medir isolamento social e o voltar população o o trabalhar dever o o caso covid-19 registrar capital fluminense apresentar falsos.o homem apresentar chefe rotina hospital municipal ronaldo gazolla nome o secretariar municipal saudar rir janeiro existir função hospital acari,saúde,03/04/2020 11h35 ,"Do UOL, em São Paulo",https://noticias.uol.com.br/comprova/ultimas-noticias/2020/04/03/como-verificamos-suposto-medico-expoe-dados-falsos-sobre-fim-da-quarentena.htm,0
8097,"

Descoberto esquema de propina da Globo para ministros do STF, STJ, TST e TJ #boato 
","Boato – Acabaram de revelar um esquema de propina da Globo para ministros do STF, STJ, TST e TJ, auditores da Receita Federal e muito mais. Dinheiro veio dos bilhões transferidos do governo para o Grupo Globo entre 2014 e 2018.",dia toffoli – atual presidente stf supremo tribunal federal receber globo – milhão arquivar superfaturamentos concessão empreiteiro e contrato caixa cbf estádio reformar copar época clube solicitar o globo repasse recurso ilícito o reformar estádio valorar ilusório o estádio maracanã o obrar ficar contar empreiteiro odebrecht sair milhão superfaturado milhão desviar recurso político e empreiteiro toffoli ministrar relator época arquivar o processar incriminar organização globo gilmar mendes ministrar stf supremo tribunal federal receber globo – milhão abrir contar nome laranjo movimentar o dinheiro lavar n contar o globo arquivar inquérito trâmite organização globo sonegação e improbidade fiscal gilmar abrir contar brasil nome laranjo o banco jp morgan o principal facilitador contrato e transações questionável globo.ricardo lewandowski ministrar stf supremo tribunal federal).recebeu globo – milhão favorecer empresar terceirizadas globo isenção imposto e onerar publicidade e encargo emissor domínio mercar região brasil isentar organização globo pagar royalties o união governar e liberar o favorecimento empresar telecomunicação o prestação serviço fiscal o chamar acórdão isenção fiscal receitar federal.marco aurélio melar ministrar stf supremo tribunal federal receber globo – milhão o relator fusão globo o net e o claro época marcar aurélio o transição conglomerar e superfaturou contrato empresar provocar o leniência o devolver o união vender empresar particular concessão governamental ficar organização globo isento pagar estadia territorial o época milhão o devolvido o caixa tesourar nacional.luiz fux ex-presidente tse receber globo – milhão o intermediário negociação banco movimentação bilionário lavar dinheiro o clube empreiteiro e político e arquivar processo queixar crime organização globo falsidade ideológico e improbidade fiscal atuou laranjo depósito cartel olimpíada concessão o globo obter praticar superfaturamentos redar cobertura ilegalmente.joão otávio noronha presidente stj supremo tribunal justiçar receber globo – milhão retirar pautar plenário processo organização globo fechar filiar cumprimentar norma abert agência brasileiro emissora rádio e televisão favorecer o globo contrato ilícito o comprar concessão superfaturadas cobertura copar o orçar milhão dólar superfaturado milhão dólares.joão batista britar pereira presidente tst tribunal superior trabalhar receber globo – milhão e responsável arquivar processo o globo ações trabalhista e envolver arquivamento auditoria fiscal o corpo união haver pedir o receitar federal redar globo o processar engavetar joão batista o o carel banco e intermediário laranjo emissor globo repasse propinar operador financeiro organização globo.manoel queiroz pereira desembargador e presidente tribunal justiçar paulo principal operador financeiro organização globo agir doleiro pgar e receber propinar e manter o cartel emissor funcionar principal articulador concessão globo ilícito e 2017.jorge antônio deher rachid presidente receitar federal auditor receitar federal brasil – receber globo – milhão arquivar processo e recurso solicitação fiscal organização globo crime sonegação fiscal isenção imposto e favorecimento contrato concessão emissora terceirizadas jorge antonio impedir auditorial fiscal balançar fluxo entrar e sair verba globo época o o gobo sonegar o receitar federal cercar bilião real manter homem forte proteger ações organização.paulo marinhar chefe administrativo globo o principal articulador negociação e propinar globo participar ativamente concessão bilionário superfaturadas construção centrar estúdio projac envolvimento o tráfico influente armar vender domínio país orientar médio e diverso acordo e aliançar o millenium e open socyety george soro,política,14/04/2019,"
Edgard Matsuki ",https://www.boatos.org/politica/esquema-propina-globo-ministros-stf-stj-tst-tj.html,0
8098,É #FAKE que filme de 2013 chamado 'Coronavírus' previu a pandemia atual,"Cartaz adulterado de filme lançado na Coreia do Sul tem circulado pelas redes sociais. Nome da produção na verdade é 'Flu' (ou 'A gripe') e trata de uma grave crise de saúde pública, provocada por uma mutação do vírus da gripe aviária. Apesar disso, quadro traçado pelo filme não se assemelha ao atual.",o cartaz filmar chamar “ coronavírus ” compartilhar rede social o legendar o produção lançar prever o pandemia atual chino trata-se montagem o filmar original chamar “ o gripar ” original “ gamgi ” “ flu ” inglês e chegar o cinema coreia sul agostar capar mosaico personagem o título centrar o título original produção entanto alterar capar falso o nome “ coronavírus ” o entender haver premonição “ flu ” filme-catástrofe dirigir sung-su kim e passar cidade o seul dramático história o surgimento e o rápido propagação mutação vírus h5n1 causar o chamar gripar aviário e ficção evoluir quadrar incurável gerar caos social precedente o gripar devastador matar o pessoa infectar horar,saúde, 24/03/2020," Por Roberta Pennafort, CBN ",https://g1.globo.com/fato-ou-fake/noticia/2020/03/24/e-fake-que-filme-de-2013-chamado-coronavirus-previu-a-pandemia-atual.ghtml,0
8099,"

Padre Marcelo Rossi grava áudio sobre situação do Brasil, Bolsonaro e comunismo #boato 
","Boato – Em áudio divulgado no WhatsApp, o padre Marcelo Rossi falou sobre a situação do Brasil e disse que só Bolsonaro pode salvar o país do comunismo. ",ouvir o padrar marcelo rossi falar o atual situação país e bolsonaro deixar repassar contatos falir compartilhar compartilhar o país mão …,entretenimento,28/07/2020,"
Edgard Matsuki ",https://www.boatos.org/religiao/padre-marcelo-rossi-grava-audio-brasil-bolsonaro-comunismo.html,0
8100,"'Armar a população é desqualificar o papel das Forças Armadas', diz Jungmann  ",,"Ministro da Segurança Pública em 2016, quando o governo federal elaborou a última PND (Política Nacional de Defesa), Raul Jungmann diz que o presidente Jair Bolsonaro (sem partido) promove um contrassenso com sua política armamentista: ""Propor o armamento da população é desqualificar o papel das Forças Armadas."" Ao avaliar a PND que o governo deve entregar hoje ao Congresso, Jungmann diz que o poder político tem se esquivado desse debate e lembra que o texto elaborado durante o governo Michel Temer nunca foi sancionado. Qual a importância da Política Nacional de Defesa e a Estratégia Nacional de Defesa? Dentre as decisões mais cruciais e de mais alto nível que cabem ao poder político de uma nação está definir a sua estratégia de defesa e o papel das Forças Armadas nessa política, que está sendo enviada agora. O grande problema é que o Congresso se aliena dessa responsabilidade, porque não tem dado a atenção, não tem debatido, não tem dialogado com os militares e trazido a sociedade para essa discussão que é vital para a soberania e para a sobrevivência de uma nação e do próprio Brasil.",política,22/07/2020 07h05 ,Ricardo Brandt,https://noticias.uol.com.br/ultimas-noticias/agencia-estado/2020/07/22/armar-a-populacao-e-desqualificar-o-papel-das-forcas-armadas.htm,1
8101,Veja o que é #FATO ou #FAKE nas declarações dos candidatos à Prefeitura do Rio na 5ª semana de campanha,"Frases foram ditas em redes sociais, no horário eleitoral e nas agendas.",candidato prefeitura rir janeiro continuidade campanha eleitoral cidade n semana o registrar oficial candidatura postar rede social falar horário eleitoral tv e rádio e participar entrevisto e evento o equipar fato fake checar principal declaração durante o semana candidato aparecer numericamente frente pesquisar o ordem seguir o pesquisar ler eduardo paes dem “parir consulto oftalmológico pessoa aguardar o filar sisreg”,política, 30/10/2020," Por G1, O Globo, Extra, TV Globo, CBN, Valor e GloboNews ",https://g1.globo.com/fato-ou-fake/noticia/2020/10/30/veja-o-que-e-fato-ou-fake-nas-declaracoes-dos-candidatos-a-prefeitura-do-rio-na-5a-semana-de-campanha.ghtml,0
8102,Veja o que é #FATO ou #FAKE nas declarações dos candidatos à Prefeitura do Rio na 5ª semana de campanha,"Frases foram ditas em redes sociais, no horário eleitoral e nas agendas.",candidato prefeitura rir janeiro continuidade campanha eleitoral cidade n semana o registrar oficial candidatura postar rede social falar horário eleitoral tv e rádio e participar entrevisto e evento o equipar fato fake checar principal declaração durante o semana candidato aparecer numericamente frente pesquisar o ordem seguir o pesquisar ler marta rocha pdt “o apreensão armar fogo feito pelar polícia civil o ano passar feito aeroporto internacional galeão único tirar e causar nenhum efeito colateral”,política, 30/10/2020," Por G1, O Globo, Extra, TV Globo, CBN, Valor e GloboNews ",https://g1.globo.com/fato-ou-fake/noticia/2020/10/30/veja-o-que-e-fato-ou-fake-nas-declaracoes-dos-candidatos-a-prefeitura-do-rio-na-5a-semana-de-campanha.ghtml,0
8103,Veja o que é #FATO ou #FAKE nas declarações dos candidatos à Prefeitura do Rio na 5ª semana de campanha,"Frases foram ditas em redes sociais, no horário eleitoral e nas agendas.",candidato prefeitura rir janeiro continuidade campanha eleitoral cidade n semana o registrar oficial candidatura postar rede social falar horário eleitoral tv e rádio e participar entrevisto e evento o equipar fato fake checar principal declaração durante o semana candidato aparecer numericamente frente pesquisar o ordem seguir o pesquisar ler marcelo crivella republicano “o governar n envolver umar série corrupção conseguir sequer hospital campanha”,política, 30/10/2020," Por G1, O Globo, Extra, TV Globo, CBN, Valor e GloboNews ",https://g1.globo.com/fato-ou-fake/noticia/2020/10/30/veja-o-que-e-fato-ou-fake-nas-declaracoes-dos-candidatos-a-prefeitura-do-rio-na-5a-semana-de-campanha.ghtml,0
8104,Veja o que é #FATO ou #FAKE nas declarações dos candidatos à Prefeitura do Rio na 5ª semana de campanha,"Frases foram ditas em redes sociais, no horário eleitoral e nas agendas.",candidato prefeitura rir janeiro continuidade campanha eleitoral cidade n semana o registrar oficial candidatura postar rede social falar horário eleitoral tv e rádio e participar entrevisto e evento o equipar fato fake checar principal declaração durante o semana candidato aparecer numericamente frente pesquisar o ordem seguir o pesquisar ler benedita silvar pt “nó umar político e nó conseguir diminuir o assassinato ... assassinar pessoa n época governador”,política, 30/10/2020," Por G1, O Globo, Extra, TV Globo, CBN, Valor e GloboNews ",https://g1.globo.com/fato-ou-fake/noticia/2020/10/30/veja-o-que-e-fato-ou-fake-nas-declaracoes-dos-candidatos-a-prefeitura-do-rio-na-5a-semana-de-campanha.ghtml,0
8105,Alemanha estuda medidas para diminuir quarentena em 19 de abril  ,,o alemanha planeja diminuir o rigidez quarentenar dia abril acontecer o governar estudar implementar série medir evitar onda contaminação coronavírus planar elaborar ministério interior alemão prever o máscara público limitar pessoa reunião e rastreamento cadeia infecção o idear manter o caso abaixar o retornar gradual s atividades considerar normal o governar prever o mecanismo permitir rastrear pessoa infectar contato horar seguinte o o diagnóstico infectar e pessoa contato colocar quarentenar casar hotel o alemanha quarentenar o dia março o paralisação custar o o país o recessão econômica ano,saúde,06/04/2020 09h40 ,06/04/2020 09h40 ,https://noticias.uol.com.br/ultimas-noticias/reuters/2020/04/06/alemanha-estuda-medidas-para-dimunir-quarentena-em-19-de-abril.htm,1
8106,Torcida do Zenit faz mosaico e 'transforma' coronavírus em bola de futebol  ,,o vitória zenit o krylya sovetov o ficar marcar imagem diferente arquibancada estádio petersburgo o bolar rolar o torcido preparar mosaico 3d o imagem pessoa máscara segurar o coronavírus substituir bolar futebol o mudança coronavírus bolar feito o ajudar efeito fumaça e o trocar bandeiro torcedor перформанс лучших в мире болельщиков зениткрылья pic.twitter.com/niocd6urn6 o campeonato russo retomar dia junho paralisação causar pandemia coronavírus torcedor ocupar capacidade total estádio,saúde,27/06/2020 11h39 ,27/06/2020 11h39 ,https://www.uol.com.br/esporte/futebol/ultimas-noticias/2020/06/27/torcida-do-zenit-faz-mosaico-e-transforma-coronavirus-em-bola-de-futebol.htm,1
8107,Gagliasso critica declaração de Bolsonaro após recorde de mortos por covid  ,,noite brunir gagliasso publicar vídeo mostrar o presidente jair bolsonaro comentar o morto coronavírus o ator criticar o posicionamento presidente imagem o o questionar o brasil ultrapassar o morto chino covid-19 pandemia coronavírus bolsonaro e d lamentar o messias milagre o o compartilhar brunir referir o o vídeo o inacreditável hoje o ator mostrar solidariedade pessoa coronavírus e perder ente querido e o profissional saudar solidariedade s pessoa doente o perder parente e amigo o profissional linha frente dever ficar casar empresário consciente criativo home office o,saúde,29/04/2020 08h28 ,29/04/2020 08h28 ,https://tvefamosos.uol.com.br/noticias/redacao/2020/04/29/bruno-gagliasso-critica-bolsonaro.htm,1
8108,Cometa que se aproxima da Terra é fotografado no céu do Líbano,"Descoberto no final de março, o cometa Neowise pode ser visto a olho nu durante o mês de julho, quando sua trajetória cruza com a Terra; registro foi escolhido como foto do dia pela Nasa.","O cometa Neowise está visível a olho nu e foi fotografado enquanto passava pelo céu do Líbano, no começo desta semana. Na terça-feira (7), a agência espacial norte-americana (Nasa) escolheu um clique que mostra o C/2020 F3 como a Foto Astronômica do Dia.  Descoberto no final de março, o cometa pode ser visto durante quase todos os dias de julho, isso porque sua trajetória o deixa mais perto da Terra. Mas ele já passou por outros lugares e, na semana passada, o Neowise esteve bem perto do Sol ao viajar pela órbita de Mercúrio.  O ""iceberg interplanetário"", como descreveu a Nasa, resistiu ao aquecimento solar e está passando pela Terra antes de iniciar sua jornada para fora do Sistema Solar. Infelizmente não será possível vê-lo em nenhuma parte do Brasil.  ""Como ele está muito ao norte, nós no hemisfério sul não conseguimos vê-lo"", explicou o astrofísico Cassio Barbosa. ""Claro que quanto mais ao norte, mais alto (em relação ao horizonte) ele fica.""",ciência, 07/07/2020 16h56 , Por G1 ,https://g1.globo.com/ciencia-e-saude/noticia/2020/07/07/cometa-que-se-aproxima-da-terra-e-fotografado-no-ceu-do-libano.ghtml,1
8109,Barcelona estuda se negar a jogar partidas do Campeonato Espanhol  ,,o barcelona estudar negar jogar restante campeonato espanhol casar pensar o retornar competição maneiro precipitar o sport gestor culés o saudar acima e arriscar nenhum jogador ficar doente jogar futebol entanto responsável clube enxergar olho o voltar controlar treino centrar treinamento blaugrana medir sanitário evitar o riscar contágio tomar haver garantir riscar profissional clube dever viagem avião carro vestiário banho e contato pessoa o tornear retomar d o fato clube recusar o realizar teste coronavírus jogador levar o possibilidade contágio campar decisão tomar preocupação encontrar o pensamento clube espanhol e europeu somar o iniciativo passar o o ligar o uefa semana o medir afetar o economia clube o campeonato voltar e suspenso novamente dever o o contágio algum pessoa necessário o realização,saúde,24/04/2020 18h27 ,24/04/2020 18h27 ,https://www.uol.com.br/esporte/futebol/ultimas-noticias/lancepress/2020/04/24/barcelona-estuda-se-negar-a-jogar-partidas-do-campeonato-espanhol.htm,1
8110,Lira e aliados participam de jantar com canto de Pastor Isidório para Jesus  ,,cantoria jesus n sábado deputar apoiadores campanha arthur lira pp-al o presidência câmara participar jantar brasília direito o cantar louvor deputar pastor isidório avante-ba carregar conseguir bíblia e soltar o voz corredor congresso e o o sessão legislativo vídeo parlamentar cantar verso músico milagre mim regis danese o famoso refrão entrar casar entrar vidar luiz miranda dem-df coronel chrisóstomos psl-ro fred costa patriotas-mg corar o pastor festa n pandemia precisar cantar jesus isidório o o broadcast político estadão o deputar flávia arruda pl-df aparecer vídeo lira prometer o o presidência comissão misto orçamentar cmo n ano o instalação colegiado competir o o presidente senado prioridade candidatar casar eleito,política,31/01/2021 19h12 ,Camila Turtelli,https://noticias.uol.com.br/ultimas-noticias/agencia-estado/2021/01/31/lira-e-aliados-participam-de-jantar-com-canto-de-pastor-isidorio-para-jesus.htm,1
8111,"Covas diz que SP está longe de 'lockdown', mas pede que pessoas fiquem em casa  ",,o prefeito paulo brunir cova psdb manhã hoje entrevisto rádio cbn o cidade decretar lockdown confinamento total população casar amparar decisão judicial proibir o circulação pessoa cidade paulo possibilidade o anunciar afirmar cova o prefeito voltar o pedir o população permanecer casar e acreditar discursar o pandemia coronavírus tratar gripezinha presidente repúblico jair bolsonaro contrário o o isolamento social o argumentação o desempregar matar discursar condizer o realidade esperar o presidente jair bolsonaro rever discursar brunir cova cova o situação saudar cidade paulo medir adotadas prefeitura e governar o dia o reflete situação hoje o prefeito afirmar sexta-feira 8) decidir conjuntar o governar o o dia vencer atual quarentenar,saúde,02/05/2020 12h47 ,Renata Pedini e Francisco Carlos de Assis,https://noticias.uol.com.br/ultimas-noticias/agencia-estado/2020/05/02/covas-diz-que-sp-esta-longe-de-lockdown-mas-pede-que-pessoas-fiquem-em-casa.htm,1
8112,"

Meteoro que caiu no Paraná fez cratera gigante em fazenda, mostra foto #boato 
",Boato – Imagens mostram um buraco gigantesco em uma fazenda causado pelo meteoro que caiu na região noroeste do Paraná.,olhar o o meteoro q cair região paranavaí … meteoro cair paraná deixar “ gigantesco cratera ” e assustar morador região vídeo realmente impactante e cair zonar habitável o estragar,ciência,17/09/2019,"
Edgard Matsuki ",https://www.boatos.org/ciencia/meteoro-caiu-parana-cratera-gigante.html,0
8113,Bolsonaro vai sancionar projeto que libera R$ 60 bi a estados e municípios  ,,o presidente jair bolsonaro afirmar hoje sancionar o projeto liberar socorrer financeiro r$ bilião o e município decorrência pandemia coronavírus o anúncio durante reunião bolsonaro e governador realizar videoconferência o encontrar clima amistoso e indicar inflexão sucessão atrito o mandatário e chefe executivo estadual,saúde,21/05/2020 12h27 ,21/05/2020 12h27 ,https://noticias.uol.com.br/videos/2020/05/21/bolsonaro-vai-sancionar-projeto-que-libera-r-60-bi-a-estados-e-municipios.htm,1
8114,É #FAKE que PF confiscou no Paraguai fazendas de liderança do MST,"Mensagem falsa que circula em redes sociais usa imagens de imóveis localizados no Brasil e que pertencem a outras empresas, além de propriedades tomadas de um traficante pelo governo paraguaio.","post página facebook viralizado o policiar federal e o forçar tarefar confiscar fazenda paraguai líder mst braço direito lula o mensagem o serviço nacional cadastrar e o forçar tarefar cooperação o polícia federal confiscar propriedade joão pedrar stedile afirmar avaliar aproximadamente us$ milhão cercar r$ 262,4 milhão o texto acompanhar imagem propriedade rural buscar reverso mostrar imagem fazenda pertencente massa falir reunir boi gordo localizar comodoro o km cuiabá imagem fazenda irmão garcia localizar campar parecis matar grosso",política, 12/08/2019, Por G1 ,https://g1.globo.com/fato-ou-fake/noticia/2019/08/12/e-fake-que-pf-confiscou-no-paraguai-fazendas-de-lideranca-do-mst.ghtml,0
8115,É #FAKE que Rodrigo Maia ocupa ilegalmente a presidência da Câmara,"Embora tenha nascido no Chile, deputado foi registrado no Consulado do Brasil e tem nacionalidade brasileira.",circular rede social cartaz rodrigar maio presidente câmara deputar nascer chile e brasileiro nato o o mensagem viraliza rede interlocutor planalto espalhar o informação falso razão possibilidade assumir interinamente o presidência o constituição afirmar artigo 12º dedicar nacionalidade brasileiro nato ocupar cargo presidente repúblico câmara e senado ministro supremo tribunal federal stf ministro defeso oficiar forçar armar e posto carreira diplomático,política, 21/03/2019," Por Marlen Couto, O Globo ",https://g1.globo.com/fato-ou-fake/noticia/2019/03/21/e-fake-que-rodrigo-maia-ocupa-ilegalmente-a-presidencia-da-camara.ghtml,0
8116,"Coronavírus na Espanha: após pico de mortes, 4 passos ao ""desconfinamento""  ",,dia quarentenar rígido sábado maio espanhol sair s ruir exercício passar direção o o desconfinamento acontecer semana repleto notícia o emergência decretar março o alto hospitalar superar o contágio dia seguir horar 2.570 curar e 1.147 positivo coronavírus símbolo guerra o doença o hospital campanha montar pavilhão evento ifema madri desativado curar 3.750 paciente covid-19 o morto diário abaixar casar país o necrotério improvisar pistar patinação gelar capital deixar necessário condição normal único pessoa ano costumar circular ruir barcelona viver haver década horar manhã quase voltar algum festa hoje entanto n sábado ensolarado escrever texto despertador ecoar o raio sol horário permitir ano exercício o o ar livrar s horar e s contar turno especial e horar e s família criança dono ruir e horar,saúde,03/05/2020 04h00 ,Adriana Setti,https://www.uol.com.br/nossa/noticias/redacao/2020/05/03/coronavirus-na-espanha-apos-pico-de-mortes-4-passos-a-nova-normalidade.htm,1
8117,"

“México fez” é um vírus em uma imagem que mostra Covid-19 curada no país #boato 
",Boato – Cuidado com uma imagem chamada “México fez” que fala sobre a cura da Covid-19 no México. É um vírus que entra no telefone em 5 segundos e foi avisado na CNN e BBC.,publicar imagem mostrar covid curar méxico e chamar “ méxico ” abrir entrar telefonar e interromper algum vírus passar adiantar família e amigo cnn e bbc,entretenimento,17/04/2021,"
Edgard Matsuki ",https://www.boatos.org/tecnologia/mexico-fez-virus-imagem-mostra-covid-19-curada.html,0
8118,"Texto engana ao dizer que cloroquina cura 98,7% dos pacientes com covid-19",,o estudar citar texto circular rede social conclusivo e metodologia contestar,saúde,2020/07/17,Comprova,https://projetocomprova.com.br/publicações/texto-engana-ao-dizer-que-cloroquina-cura-987-dos-pacientes-com-covid-19/,0
8119,Confederação Israelita repudia comparação com nazismo feita por Mario Frias  ,,o confederação israelita brasil conib repudiar comparação completamente indevido atual trágico episódio nazismo culminar extermínio milhão judeu durante o holocausto o declaração o o broadcast político notícia real n sexta-feira respostar postagem secretário especial cultura governar federal mario frio o o comentar medir restritivo conter o disseminação covid-19 país compartilhar quinta-feira trecho filmar o lista schindler o obrar direção steven spielberg contar o história basear fato real empresário alemão oskar schindler durante o ascensão nazifascismo alemão engendrar estratégia salvar judeu extermínio,política,12/03/2021 15h30 ,Pedro Caramuru,https://noticias.uol.com.br/ultimas-noticias/agencia-estado/2021/03/12/confederacao-israelita-repudia-comparacao-com-nazismo-feita-por-mario-frias.htm,1
8120,Médico chefe da Rio-2016 supera Covid e deixa UTI após um mês  ,,o ortopedista joão grangeiro ex-atleta olímpico deixar hoje o unidade terapia intensivo hospital samaritano rir janeiro cercar internar covid-19 testar negativar o coronavírus receber autorização transferir unidade acompanhamento intenso receber o visitar família o informação confirmar o o olhar olímpico ex-jogador vôlei bernard rajzman manter contato diário o médico maurício vaisman acompanhar grangeiro acordar vaisman o paciente e amigar sair unidade vigilância covid e unidade vigilância receber oxigênio fase agudo e preciso reabilitação físico finalmente casar grangeiro considerar principal médico joelhar país e atualmente diretor-geral instituto nacional traumatologia e ortopedia jogador vôlei defender o seleção brasileiro jogo olímpico moscar e vestir camisa botafogo e fluminense durante ano o médico chefe comitê olímpico brasil cob atuado chefe comitê olímpico internacional coi jogo olímpico rir e médico jogo pan-americanos rir janeiro recentemente trabalhar médico equipar futebol botafogo,saúde,18/05/2020 20h51 ,18/05/2020 20h51 ,https://www.uol.com.br/esporte/colunas/olhar-olimpico/2020/05/18/medico-chefe-da-rio-2016-supera-covid-e-deixa-uti-apos-um-mes.htm,1
8121,Deputado pede investigação sobre uso das Forças Armadas na pandemia  ,,o deputar federal elias vaz psb-go pedir o o supremo tribunal federal stf n quinta-feira autorizar o abertura investigação declaração março presidente jair bolsonaro defender o forçar armar o manutenção liberdade pandemia ocasião discursar o apoiadores palácio planalto bolsonaro afirmar tirano tolher o liberdade pessoa referência o governador e prefeito impor restrição circulação pessoa frear o avançar coronavírus tiranete tirano tolher o liberdade o exército o oliva e contar forçar armar democracia e liberdade esticar o cordo o constituição democracia e direito e prosseguir ... ler íntegro uol,política,20/05/2021 18h22 ,20/05/2021 18h22 ,https://noticias.uol.com.br/colunas/reinaldo-azevedo/2021/05/20/deputado-pede-investigacao-sobre-uso-das-fa-por-bolsonaro-na-pandemia.htm,1
8122,"'Ibiza dos Alpes', estação de esqui na Áustria espalhou coronavírus na Europa  ",,belo estação esqui áustria responsável espalhar o coronavírus europa situar fronteiro o suíço o cidade ischgl receber turista mundo país o noruega caso covid-19 confirmar registrar pessoa passar resort invernar austríaco foto cidade ischgl invernar cercar montanha e nevar pleno tirol austríaco o sonhar viagem inesquecível ano milhar turista visitar o ibiza alpes fevereiro inquieto e medo féria invernar tornar pesadelo incubador perfeito o coronavírus o antigo vilarejo agricultor ischgl valer paznaum 1.600 habitante durante alto temporada turístico receber pessoa o chegar o estação esqui alpes o silvretta arena o badalar início e temporada artista pop internacional apresentar concerto topar montanha ano o festa abertura o convidar o covid-19 balar centena turista alemanha noruega suécio dinamarca e islândia voltar casar infectar,saúde,19/03/2020 15h10 ,19/03/2020 15h10 ,https://noticias.uol.com.br/ultimas-noticias/rfi/2020/03/19/conhecida-como-ibiza-dos-alpes-estacao-de-esqui-na-austria-espalhou-coronavirus-na-europa.htm,1
8123,Conselho suspende vale de R$ 1 mil concedido a promotores pelo Ministério Público de MT,"Vale foi criado para promotores e procuradores cobrirem gastos de saúde na pandemia. Para CNMP, embora 'aparentemente' legal, vale deveria considerar cenários social e econômico.","o nacional ministério público cnmp suspender n sexta-feira 8) o valer r$ pagar ministério público matar grosso o promotor procurador e servidor mp-mt o valer criar procurador-geral justiçar josé antônio borges pereira ajudar promotor e procurador o cobrir gasto saudar durante o pandemia coronavírus o medir prever bônus r$ beneficiar 1,1 pessoa o o analisar o casar o conselheiro cnmp sebastião caixeta considerar o bônus desproporcional impactar coronavírus o economia o entender aparentemente legal o valer r$ dever levar contar cenário social e econômico país",política, 08/05/2020 16h44 ," Por Fernanda Vivas e Márcio Falcão, TV Globo — Brasília ",https://g1.globo.com/mt/mato-grosso/noticia/2020/05/08/conselho-suspende-vale-de-r-1-mil-concedido-a-promotores-pelo-ministerio-publico-de-mt.ghtml,1
8124,É #FAKE que mais de 500 mil votos em Trump tenham sido desviados para Biden na eleição dos EUA,"Publicações nas redes sociais inflamam suposta fraude nas eleições americanas, desmentida por autoridades e representantes dos partidos Republicano e Democrata.",circular rede social denúncia fraudar eleição unir o voto o candidatar republicano donald trump desviar o democrata joe biden o informação falso compartilhar deputar federal bia kicis psl twitter e milhar curtir entanto haver indício fraudar pleito d ano agência federar país e autoridade democrata e republicano responsável eleição o candidatar derrotar donald trump recusar o aceitar o derrotar e afirmar perder eleição fraudar chegar o milhão voto apagar desviar urna o twitter classificar publicação presidente falso,mundo, 13/11/2020," Por Isabela Aleixo, O Globo ",https://g1.globo.com/fato-ou-fake/noticia/2020/11/13/e-fake-que-mais-de-500-mil-votos-em-trump-tenham-sido-desviados-para-biden-na-eleicao-dos-eua.ghtml,0
8125,Itália aprova decreto de 25 bilhões de euros contra epidemia de coronavírus  ,,"o governar italiano aprovar n segunda-feira decretar combater o epidemiar coronavírus sars-cov-2 país o medir chamar curar itália e prever medir enfrentar efeito emergência economia inicialmente o planar decretar medir totalizar bilião euro o ministrar economia itália roberto gualtieri o governar decidir o endividamento extra aprovar parlamentar bilião euro manobrar econômica poderoso querer combater enchente trapo construir represo proteger família e trabalhador o premiê giuseppe contar coletiva imprensar roma gualtieri o decretar prever bilião euro garantir posto trabalhar e evitar pessoa demitir dever paralisia econômica gerar epidemiar bilião euro ajudar profissional autônomos e 3,5 bilião euro destinar o o sanitário nacional e defeso civil",saúde,16/03/2020 11h38 ,16/03/2020 11h38 ,https://noticias.uol.com.br/ultimas-noticias/ansa/2020/03/16/italia-aprova-decreto-de-25-bilhoes-de-euros-contra-epidemia.htm,1
8126,Lula diz que Bolsonaro deveria tomar uma sopa feita de cloroquina  ,,o ex-presidente luiz inácio lula silvar sugerir hoje twitter o presidente jair bolsonaro dever tomar sopa feito cloroquina remédio defender governar combater o o coronavírus comprovação científico eficácia tratamento covid-19 virar quantidade remédio o bolsonaro receber eua dever cloroquina comprar sopa e tomar remédio cientista dever impichado o quantidade sandice falir ... escrever lula menção o milhão dose hidroxicloroquina — derivar cloroquina — o brasil receber unir segunda-feira o ministério exterior demonstração solidariedade país lutar o pandemia,saúde,04/06/2020 12h40Atualizada em 06/06/2020 06h14 ,04/06/2020 12h40Atualizada em 06/06/2020 06h14 ,https://noticias.uol.com.br/politica/ultimas-noticias/2020/06/04/lula-diz-que-bolsonaro-deveria-tomar-uma-sopa-feita-de-cloroquina.htm,1
8127,É #FAKE que Ministério da Saúde orienta parentes a rejeitar atestados de óbito que apontem morte por coronavírus,"Ministério nega que tenha feito qualquer orientação nesse sentido e acrescenta que todas as recomedações sobre óbitos relacionados à Covid-19 estão na publicação 'Manejo de corpos no contexto da Covid-19', disponível no site da pasta.",mensagem o logotipo ministério saudar criar whatsapp e disseminar rede social afirmar o órgão orientar parente o aceitar atestar óbito o coronavírus causar morte paciente recomendação expresso mensagem constar o exigência resultar exame e o incentivar denúncia médico fornecer diagnóstico covid-19 o exame der negativar fake noto o ministério saudar o comunicar fake news e acrescentar emitir orientação parente rejeitar atestar registrar morte coronavírus o pastar afirmar orientação ministério óbito relacionar covid-19 publicação manejar corpo contexto covid-19 página e acordar o publicação o atestar óbito fornecer cartório o declaração fornecido médico assistir o paciente d o situação óbito casar suspeitar covid-19 realizar exame coleta post mortem serviço saudar e o resultar estabelecido o causar morte confirmar o diagnóstico covid-19 haver notificação compulsório o vigilância epidemiológico o ministério saudar reforçar caso grave síndrome respiratório suspeito covid-19 passar exame rt-pcr o confirmar descartar o infecção casar o paciente evoluir óbito o causar morte estabelecido notificar e atestar declaração óbito o texto,saúde, 02/04/2020, Por O Globo ,https://g1.globo.com/fato-ou-fake/noticia/2020/04/02/e-fake-que-ministerio-da-saude-orienta-parentes-a-rejeitar-atestados-de-obito-que-apontem-morte-por-coronavirus.ghtml,0
8128,"É falso que eficácia da CoronaVac seja apenas 0,38% superior ao placebo",,"diferentemente afirmar tuíte verificar o eficácia global alcançar teste fase coronavac significar 50,38 vacinar totalmente protegido covid-19 49,62 apesar contrair o doença desenvolver anticorpo o reduzir o incidência caso moderar e grave",saúde,2021/01/20,Comprova,https://projetocomprova.com.br/publicações/e-falso-que-eficacia-da-coronavac-seja-apenas-038-superior-ao-placebo/,0
8129,"

19 índios foram mortos no Brasil só na primeira semana do governo Bolsonaro #boato 
","Boato – Na primeira semana do governo de Jair Bolsonaro, 19 índios foram mortos no Brasil. Até um bebê foi morto e população está revoltada.",“ gente hj índio morto defender terra sangue mão eleitor d maldizer governar facista ganancioso ” “ bolsonaro ‘ governar índio centímetro terra ’ semana governar índio assassinar ” “ hoje vc matar índio votar criança tds inocente ruralista feliz e vc ” “ o ódio vencer índio assassinar semana defender terra votar refletir sangue derramar ” “ 6º dia índio assassinar defender terra beber morto tirar cabeça beber ”,política,12/01/2019,"
Kyene Becker ",https://www.boatos.org/politica/19-indios-mortos-2019.html,0
8130,"

Vídeo mostra golpe do cartão Itaú Personalité que passou no Fantástico #boato 
",Boato – Vídeo mostra o novo golpe do cartão do Itaú Personalité que chega pelo correio e é desbloqueado pelo App. O próprio Fantástico da Globo falou sobre o golpe.,oi gente acontecer ninguém acontecer comigo acabar receber correar e o papel excelente qualidade mostrar o cartão direito pera pera o envelope papel durar personnalité o cartar explicar e cartão d o cartão aproximação tá mandar desbloquear aplicativo e o o chip e senha aproximação o gente ligar e gerente ligar né gerente itaú perguntar cartão anuidade acreditar né excelente qualidade e fraudar acontecer paulo e começar rir fantástico o gente assistir fantástico impressionante impressionante o atenção hein gente ligar gerente receber algum,brasil,02/06/2021,"
Edgard Matsuki ",https://www.boatos.org/brasil/video-mostra-golpe-cartao-itau-personalite-passou-no-fantastico.html,0
8131,"

Vacinados não poderão viajar de avião #boato 
",Vacinados não poderão viajar de avião #boato,e o comedir problema vacinar proibir voar ditar o apressar comer cru cair aguardar o capítulo vacinar tomar o vacinar nã haver voo parir vacinação mau sortir parir o vacinar tomar o vacinar – voar o companhia aéreo vir trabalhar o governo e o equipar internacional coronadição parir promover o passar vacinação o slogan ‘ o jab o fly ’ e funcionar o ansioso crédulo e virtuoso cidadão rápido permitir ​​como cobaia “ parir voar o féria ” o o companhia aéreo alertar o o cliente vacinar sobrar o alto riscar coágulo sanguíneo mear mrna experimental haver ano o pessoa riscar aumentar coágulo sanguíneo voar supervisão estrito recomenda-se pessoa voar quantum umar situação riscar vidar o umar determinar altitude vôo haver riscar aumentar complicação derramar trombose atacar cardíaco sensível o informação confirmar pessoa receber o vacinar importar o marcar problema entupimento e sangramento comer umar principal reações vacinar reações semelhante s restrição existente n o companhia aéreo discutir suar responsabilidade e o o vacinar voar riscar parir o saudar discussão começar parecer o vacinar voar o vacinar outro embarcar paz o companhia aéreo sentem-se incomodar condição mercar voo negócio e lazer encolher consideravelmente perda o desastre bloquear causar causar outro pessoa pessoa responsável pelar violação direito humano o violação código nuremberg e o destruição economia o companhia aéreo querer sobreviver devir processar o impor significar nomear indivíduo e organização e torná-los responsável ​​pelos enorme dano suar ações causar e causar,saúde,05/06/2021,"
Edgard Matsuki ",https://www.boatos.org/saude/vacinados-nao-poderao-viajar-aviao.html,0
8132,Governo não cumpre plano pelo 2º mês e entregará 73% das vacinas prometidas  ,,seguir o ministério saudar disponibilizar dose vacinar o coronavírus o inicialmente prever cronograma lentar o processar imunização ficar prejudicar errar planejamento exatamente pandemia brasil atingir recorde caso morte e ocupação leito uti unidade terapia intensivo causar covid-19 fevereiro o saudar governar jair bolsonaro prever cercar milhão dose março cronograma apresentar dia d o estimativo subir milhão,política,28/03/2021 04h00 ,Nathan Lopes,https://noticias.uol.com.br/saude/ultimas-noticias/redacao/2021/03/28/cronograma-doses-vacinas-marco.htm,1
8133,"

Senhor chegou em Pindamonhangaba (SP) e procura sua mãe Maria Aparecida das Neves #boato 
","Boato – Compartilhe foto de um senhor que chegou em Pindamonhangaba (SP) e está procurando a sua mãe, que se chama Maria Aparecida Machado Das Neves.",senhor chegar pindamonhangaba procurar mãe maria aparecido machadar neve o notícia mãe ano e ficar mãe morar pindamonhangaba compartilhar chegar mãe d,brasil,03/08/2020,"
Edgard Matsuki ",https://www.boatos.org/brasil/senhor-chegou-pindamonhangaba-sp-procura-sua-mae-maria-aparecida-das-neves.html,0
8134,"Sobe para 4 número de mortos por coronavírus, diz governo de SP  ",,o secretariar saudar paulo confirmar hoje o morte coronavírus morte contabilizar hoje e informar manhã homem comorbidades ocorrência doença relacionar paciente e o o e idade e ano atendido hospital privar capital paulista o paciente ano morador município jundiaí e paulo o secretariar noto paciente internar hospital sancta maggiore redar prevent senior o secretariar informar infectar hospital o hospital sancta maggiore confirmar o morte coronavírus país homem ano o jornal folhar s.paulo o prefeitura paulistano investigar o prevent senior informar o vítima covid-19 o doença,saúde,18/03/2020 19h10 ,Carolina Marins*,https://noticias.uol.com.br/saude/ultimas-noticias/redacao/2020/03/18/sobre-mortos-coronavirus-sp.htm,1
8135,o brasil ignorar o 1ª ofertar vacinar pfizer prol umar ofertar melhor,publicações afirmam que o governo federal teria recusado a primeira oferta de 70 milhões de vacinas da pfizer para aceitar uma de 100 milhões no futuro! será verdade?,semana maio diverso publicação feito rede social afirmar o governar federal recusar o ofertar milhão vacinar laboratório pfizer propositalmente visto contratar posterior negociar quantidade prazo entregar,saúde,15/05/2021,gilmar lopes,https://www.e-farsas.com/o-brasil-ignorou-a-1a-oferta-de-vacinas-da-pfizer-em-prol-de-uma-oferta-melhor-em-2021.html,0
8136,"Convidado à final da Libertadores, Bolsonaro precisa testar para covid-19  ",,o conmebol convidar o presidente jair bolsonaro maracanã janeiro acompanhar o libertador palmeiro e santo o governar federal informar o o blog bolsonaro decidir haver detalhar pessoa convidar o trabalhar o o maracanã precisar apresentar teste negativo covid-19 feito horar confrontar marcar 17h bolsonaro contaminar covid-19 outubro apresentar o testar detectar anticorpo doença bolsonaro covid-19 julho internamente o conmebol avaliar o presidente causar necessidade testar obrigatoriedade máscara bolsonaro o proteção,política,23/01/2021 04h00 ,23/01/2021 04h00 ,https://www.uol.com.br/esporte/futebol/colunas/marcel-rizzo/2021/01/23/conmebol-convida-bolsonaro-a-final-da-libertadores-e-exige-teste-de-covid.htm,1
8137,"

Bloco de carnaval no Bradesco de Bangu é filmado em 2021 #boato 
","Boato – Vídeo mostra que, em meio à pandemia e proibição de festas de carnaval, bloco se aglomerou na agência do Bradesco de Bangu, no Rio de Janeiro.",carnaval ruir proibir banco bradesco liberar arnaldo bangu carnaval ruir bradesco tá carnaval carmaval2021 carnavaldapandemia ruir proibir gritar pra agência bancário ar gelado fato ocorrer agência bradesco bangu rj conferir o vídeo o rir janeiro amador pular carnaval ruir bradesco bangu,brasil,14/02/2021,"
Edgard Matsuki ",https://www.boatos.org/brasil/bloco-de-carnaval-bradesco-bangu-2021.html,0
8138,Sterling revela ter perdido familiares por coronavírus e se diz preocupado  ,,o atacante sterling manchester city e seleção inglesar revelar membro família morto contar coronavírus canal youtube o jovem ano confirmar o preocupação o pandemia e citar pessoa o óbito covid-19 o jogador entanto revelar nenhum nome o folgar sério amigo avô falecer e membro família morrer sábio e cuidar si e d o o redor falar o pontar pedir cautela voltar o treino times inglesar citar jogador correr o riscar contaminação,saúde,12/05/2020 10h26 ,12/05/2020 10h26 ,https://www.uol.com.br/esporte/futebol/ultimas-noticias/2020/05/12/sterling-revela-ter-perdido-familiares-por-coronavirus-e-se-diz-preocupado.htm,1
8139,É #FAKE que fotos mostram água fluorescente no mar de Santos (SP),"Mensagem circula com legenda que identifica fotos com praias do litoral paulista. Na verdade, imagens são de praias de outros lugares do mundo.",circular rede social imagem praia água azul fluorescente acompanhar legendar o fenômeno ocorrer santo litoral paulista imagem real legendar fake o fenômeno ocorrer brasil praia localizar mundo imagem publicar reportagem misterioso manchar fluorescente iluminar o mar hong kong agência notícia associated press ap e publicar janeiro apesar belo o imagem indicar poluição água o brilhar indicador proliferação organismo unicelular chamar noctiluca scintillans e o fenômeno apelidar mar brilhante o noctiluca scintillans alga assumir característico animal plantar,entretenimento, 05/07/2019," Por Roney Domingos, G1 ",https://g1.globo.com/fato-ou-fake/noticia/2019/07/05/e-fake-que-fotos-mostram-agua-fluorescente-no-mar-de-santos-sp.ghtml,0
8140,É #FAKE que STF autorizou abertura de 'campos de concentração' para pessoas que recusam vacinação contra Covid-19,"Mensagens falsas dizem que ação foi pedida pela PGR e direcionada ao governo do Paraná. Órgãos negam. Não há, nos registros do Supremo Tribunal Federal, ação com o número indicado nas mensagens. Trata-se de uma montagem.",circular rede social print decisão supremo tribunal federal autorizar o criação campo concentração pessoa recusar vacinar o covid-19 o imagem o ação requerido procuradoria-geral união e direcionada o o governar paraná e assembleia legislativo o print o processar ação direta constitucionalidade 3.979 categoria existir o existir ação declaratório constitucionalidade ação direta inconstitucionalidade o categoria registrar o constar mensagem o categoria registrar tratar processar origem minar gerar d o supremo tribunal federal desmentir página oficial o supremo informar o notícia montagem grotesco utilizar o padrão visual público acompanhamento processual o intuito disseminar informação falso,política, 13/04/2021," Por Thaís Matos, G1 ",https://g1.globo.com/fato-ou-fake/coronavirus/noticia/2021/04/13/e-fake-que-stf-autorizou-abertura-de-campos-de-concentracao-para-pessoas-que-recusam-vacinacao-contra-covid-19.ghtml,0
8141,Militares querem que Pazuello passe para a reserva do Exército quando deixar o cargo,,o sair general eduardo pazuello ministério saudar frente errático gestão pandemia covid-19 recebido alívio oficiar exército o futurar pazuello incerto o recear militar o voltar general forçar deixar o cargo político o exoneração ministrar publicar diário oficial união o palácio planalto encontrar cargo construir “ sair honroso ” pazuello ocorrer o general incorporar imediatamente o o exército oficiais-generais haver recear movimentar interpretar vínculo político instituição o evitar comandante exército edson leal pujol novembro ano passar aumentar crítico pujol “ militar político ” delimitar o exército instituição e governar conferir informação avaliação militar futurar pazuello,brasil, Publicado em  17/03/21 11:26 ,Jussara Soares,https://extra.globo.com/noticias/brasil/militares-querem-que-pazuello-passe-para-reserva-do-exercito-quando-deixar-cargo-24928698.html,1
8142,Bolsonaro veta liberação total de recursos de fundo para ciência e tecnologia  ,,o presidente repúblico jair bolsonaro vetar o liberação total recurso fundir nacional desenvolvimento científico e tecnológico fndct considerar setor e indústria o principal ferramenta financiamento ciência tecnologia e inovação brasil o projeto lei original aprovar amplo senado câmara objetivo principal proibir o contingenciamento recurso fundir e liberar recurso investimento n ano o vetar r$ bilião continuar retido cofre governar federal o decisão desagradar o comunidade pesquisador e parlamentar atacar frontal ciência e tecnologia justar o país preciso investir inovar e desenvolver criticar o deputar alessandro molon psb-rj articular derrubar vetar o parlamentar o o broadcast político notícia real,política,13/01/2021 13h39 ,Luci Ribeiro e Anne Warth,https://noticias.uol.com.br/ultimas-noticias/agencia-estado/2021/01/13/bolsonaro-veta-liberacao-total-de-recursos-de-fundo-para-ciencia-e-tecnologia.htm,1
8143,Alcance nas redes não mede popularidade de Bolsonaro ou qualquer presidente  ,,"falso o afirmação o presidente jair bolsonaro psl o governante popular mundo texto receber interações facebook quinta-feira o conteúdo seguidor rede social atestar o popularidade bolsonaro o metodologia questionar profissional marketing político e pesquisar opinião público ouvir especialista avaliar o popularidade bolsonaro seguidor brasileiro contar rede social acesso internet defender método instituto pesquisar buscar amostrar pessoa representativo população idade eleitoral ibge instituto brasileiro geografia e estatístico e tse tribunal superior eleitoral d levantamento quantidade seguidor bolsonaro chegar o resultar diferente mencionar texto viralizou diferençar seguidor sobretudo facebook encontrar 1,4 milhão o e quantidade seguidor angariar horar o discursar assembleia onu o",política,10/10/2019 21h00 ,10/10/2019 21h00 ,https://noticias.uol.com.br/comprova/ultimas-noticias/2019/10/10/alcance-nas-redes-nao-mede-popularidade-de-bolsonaro-ou-qualquer-presidente.htm,0
8144,"

Alexandre Campello, presidente do Vasco, faz dança do ventre em festa #boato 
","Boato – O vídeo mostra Alexandre Campello, presidente do Vasco da Gama, dançando música árabe durante uma festa. Ele fez a dança do ventre “que nem a Dalila”.",presidente vasco dançar o dalila supor presidente vasco gamo aparecer vídeo dançar dançar ventre alexandre campello presidente vasco o john travolta colina.presidente vasco alexandre campello o danca ventre issoaquiévasco o ratar,entretenimento,,"
Raiane Gonoli ",https://www.boatos.org/esporte/alexandre-campello-presidente-vasco-danca-ventre.html,0
8145,Anvisa autoriza testes do soro anti-Covid desenvolvido pelo Butantan,"Autorização foi divulgada pela Agência na manhã desta terça (25). Material, desenvolvido a partir do plasma de cavalos, aguardava liberação desde março. Instituto tem 3 mil frascos prontos para iniciar os testes, que devem começar em pacientes transplantados e com comorbidades. ","A Agência Nacional de Vigilância Sanitária (Anvisa) autorizou nesta terça-feira (25) o início dos testes em seres humanos do soro anti-Covid desenvolvido pelo Instituto Butantan.  O material, feito a partir do plasma de cavalos, aguardava liberação da Agência desde o final de março, quando o pedido foi submetido à Agência pelo Instituto.  Em nota, o Butantan disse que os testes devem ser iniciados na próxima semana.  O objetivo do soro é amenizar os sintomas nas pessoas já infectadas. Ele não é capaz de curar nem de prevenir a doença.",ciência, 25/05/2021 10h47 , Por G1 SP — São Paulo ,https://g1.globo.com/sp/sao-paulo/noticia/2021/05/25/anvisa-autoriza-testes-do-soro-anti-covid-desenvolvido-pelo-butantan.ghtml,1
8146,"

Venezuela é uma nova Cuba após divulgação de regras da nova Constituinte #boato 
","Boato – Governo da Venezuela anunciou que país é uma nova Cuba após nova Constituinte. Agora, bancos, imóveis, escolas, rádios e jornais são do estado e internet, missas, cartão de crédito e contas no exterior estão proibidas.",oficial o venezuela cubar ouvir o áudio brasileiro acesso declaração oficial governar o constituinte venezuela … aproveitar e ouvir atenção o ouvir falar venezuela banco particular funcionário o o proprietário banco bônus o o ano e o restar pagar ano criar o nacional bolivariano o salário mínimo funcionário revisar trabalhador técnico e profissional receber igualmente base saláriomínimo revisar incrementar o escalar bônus acordar experiência produtividade e mérito eliminar totalmente o cartão crédito ninguém cartão crédito trabalhador critério portar moeda estrangeiro venezuela presar proibir totalmente contar exterior o obrigação compartilhar o nacional bancário haver espécie ticket dividir pessoa abastecer combustível e lubrificante o nome dinheiro venezuelano sucre e sucres auditado e compartilhar o casar emergência catástrofe natural o hospedar necessitar compartilhar o casar eles!13 casar desocupar o perder imóvel propriedade autorizar o família casar ocupar casar apartamento casar campar casar praia ocupar terra propriedade exclusivo e o definir o “ ocupador ” d ninguém vender hipotecar terra fazenda e sítio e produção empresar decretar o educação privar e escola privar escola público e funcionário funcionário estado.18 decretar o educação gratuito escolar estudante o pré-escola o universidade dever utilizar uniformar flanela vermelho escrito repúblico bolivariana venezuelano educação escudar calçar azul marinhar e sapato preto matéria social geografia e história venezuela adaptar e atualizadas o programar estudar e curso relacionar o o socialismo século xxi técnico formar carpintaria e construção e diplomar passar o o serviço revolução e dever trabalhar o mandar nome colégio particular dever receber nome pessoa nome apelativo relacionar revolução.23 rádio desapropriar jornal e revisto nacional desapropriar e propriedade o internet eliminar s pessoa natural o internet permitir hotel e residência oficiar e turístico o telefonia celular exclusivo pessoa salvar permissão especial computador e material eletrônico eletrônico pessoal residência registrar e informar o o estado.36 o governar documento e passaporte o sujeitar o passar cursar reabilitação e ficar cursar satisfatório o movimentação eleitoral válido documentar nacional identidade profissional negar o servir o o proibir trabalhar e ninguém empregar pessoa ano considerar responsabilidade pai e responsabilidade criar o milícia popular e instalar o território venezuela 250.000 reservista forçar armar dever voltar o trabalhar o estado.41 incorporar o milícia atuando acordar o revolução … polícia estadual municipal e nacional dever reportar o comandar o serviço militar obrigatório menino e menino o ano proibir o consumir bebido alcoólico locar público restringir o importação artigo luxar bebido alcoólico eletrodomésticos carro luxar e incrementar o impor produto importados.46 totalmente responsabilizar registrar e comunicar luxar atividade esportivo profissional totalmente controlo estado.48 culto templo igreja proibir e o supervisionar atividades o nacional visto o padre e pastorar confiscar e convidar o retirar país.esta o constituição venezuela implementar madurar o ditador mundo e pra entender simples madurar destituir o parlamentar existente criar parlamentar e parlamentar comandar madurar criar lei noite o dia ” e lindo venezuela inculto – ahhh … acontecer brasil selembram o o venezuela o ano,mundo,22/04/2021,"
Edgard Matsuki ",https://www.boatos.org/mundo/venezuela-nova-cuba-divulgacao-de-regras-nova-constituinte.html,0
8147,Novas investigações sobre a foto da Menina Fantasma do Corredor!,,dia 1º abril estrear o site checagem fato brasil o e-farsas surgir época o “ fake news ” existir e principal pilar o idear mostrar relativamente simples pesquisar informação circular redar o internet ferramenta,entretenimento,14/08/2021,Gilmar Lopes,https://www.e-farsas.com/novas-investigacoes-sobre-a-foto-da-menina-fantasma-do-corredor.html,0
8148,Detran-RJ anuncia novas datas dos exames de habilitação,,conferir datar,ciência, Publicado em  17/03/20 12:32 ,Extra,https://extra.globo.com/noticias/saude-e-ciencia/detran-rj-anuncia-novas-datas-dos-exames-de-habilitacao-24310001.html,1
8149,Cronograma de vacinação contra covid em SP: Veja datas e escalas por faixa etária  ,,o governar paulo apresentar n 8) programar estadual vacinação o covid-19 início agendar janeiro o planar vacinar profissional saudar quilombolas e indígena semana fevereiro comedir idoso dividir faixar etário completar o prioritário vacinar,saúde,07/12/2020 14h59 ,07/12/2020 14h59 ,https://noticias.uol.com.br/videos/2020/12/07/cronograma-de-vacinacao-contra-covid-em-sp-veja-datas-e-escalas-por-faixa-etaria.htm,1
8150,"Toffoli passa bem, mas deve ficar afastado do STF por pelo menos 10 dias, diz boletim","Presidente do tribunal foi internado no dia 23 para retirar um abscesso, mas teve sintomas de pneumonia. Covid-19 foi descartada, e ministro deve receber alta nos próximos dias.",boletim médico divulgar n sexta-feira informar o presidente supremo tribunal federal stf ministrar dia toffoli passar e receber alto dia toffoli internar sábado procedimento cirúrgico drenagem abscesso durante o internação o ministrar quadrar pneumonia sintoma gerar suspeito infecção coronavírus exame resultar negativar o boletim “ haver melhorar clínico significativo medir terapêutico implementar 48h previsão alto dia ” ler íntegro abaixar “ o paciente permanecer o recomendação repousar domiciliar afastar atividades laborar dia reavaliar equipar médico ” o informar,política, 29/05/2020 15h41 ," Por Rosanne D'Agostino, Fernanda Vivas e Márcio Falcão, G1 e TV Globo — Brasília ",https://g1.globo.com/politica/noticia/2020/05/29/toffoli-passa-bem-mas-deve-ficar-afastado-do-stf-por-pelo-menos-10-dias-diz-boletim.ghtml,1
8151,"Não deixamos ninguém sem atendimento na pandemia, diz Covas sobre saúde  ",,o candidatar reeleição prefeitura paulo brunir cova psdb afirmar hoje debater promover uol parceria o folhar s.paulo durante o pandemia covid-19 o governar deixar ninguém atendimento questionar guilherme boulos psol aumentar filar exame médico o atual prefeito o médio realização exame cidade cair dia gestão pt dia o o gente saudar referência n pandemia deixar ninguém atendimento o população buscar atendimento cidade paulo tratar o gente o o gente mundo cidade rico paulo o médico escolher intubado intubado cova ampliar equipar saudar família o cidade upar inaugurar ficar pronto o ano e gestão acabar obrar assumir o gestão saudar upar esqueleto parar cidade paulo haver ilusão o vendido o o gente mostrar o realidade complementar,política,11/11/2020 10h46 ,11/11/2020 10h46 ,https://noticias.uol.com.br/eleicoes/2020/11/11/nao-deixamos-ninguem-sem-atendimento-na-pandemia-diz-covas-sobre-saude.htm,1
8152,Novo ministro do Turismo celebra aeroportos e hotéis 'lotados' no país  ,,o recém-nomeado ministrar turismo gilson machadar celebrar aeroporto e hotel país novamente lotar dever o supor reaquecimento viagem nacional participar hoje transmissão o o viver rede social presidente jair bolsonaro semana machadar presidente embratur apelar o possibilidade prefeito e governador decretar o fechamento total comércio e circulação pessoa o chamar lockdown o recrudescimento pandemia covid-19 brasil sustentar companhia aéreo relatar retomar ordem malhar interno voo,saúde,10/12/2020 21h49 ,"Nicholas Shores, Emilly Behnke e Daniel Galvão",https://noticias.uol.com.br/ultimas-noticias/agencia-estado/2020/12/10/novo-ministro-do-turismo-celebra-aeroportos-e-hoteis-lotados-no-pais.htm,1
8153,É #FAKE que Fernando Haddad fez festa de aniversário com vários convidados no meio da quarentena,"Ex-prefeito de São Paulo nasceu em janeiro. Além disso, foto é antiga; foi feita em 2018.",circular rede social foto ex-prefeito paulo e ex-candidato presidência repúblico fernando haddad celebrar aniversário mesa bolar pilho prato sugerir haver convidar legendar tirar durante o pandemia coronavírus o foto mostrar haddad bater palmar cantar “ parabém pra ” contar prato e talher servir o bolar velar aceso o legendar “ haddad isolamento covid-19 comemorar aniversário tralhar especialista mentir ” o mensagem o entender haddad divulgar celebrar aniversário contar necessidade isolamento social contradizer aparato servir o bolar verdade haddad nascer dia janeiro dia celebrar o aniversário cidade paulo aniversário ocorrer o coronavírus disseminar capital paulista morar e brasil medir distanciamento determinar março governador joão doria e prefeito brunir cova,política, 09/06/2020," Por Roberta Pennafort, CBN ",https://g1.globo.com/fato-ou-fake/coronavirus/noticia/2020/06/09/e-fake-que-fernando-haddad-fez-festa-de-aniversario-com-varios-convidados-no-meio-da-quarentena.ghtml,0
8154,É #FAKE que pesquisa recente indique a hidroxicloroquina como o tratamento mais eficaz contra o coronavírus,"Post que tem bombado nas redes e que foi republicado pela Secretaria Especial de Comunicação Social da Presidência da República no Twitter tem informações incorretas e desatualizadas. Enquete semanal sem rigor científico citada pelo órgão aponta medicamento como o 9º mais eficaz para pacientes fora do hospital e o 17º para internados nos hospitais, inclusive na UTI. Número de médicos consultados sobre cada tratamento também é muito menor que o propalado. Em nenhuma pesquisa desde abril, data citada como referência, o remédio aparece em primeiro.",mensagem circular rede social e compartilhar secretariar especial comunicação social presidência repúblico afirmar o hidroxicloroquina o tratamento eficaz atualmente disponível o coronavírus pesquisar médico país o postagem citar referência o abril o post citar fonte informação o site comunidade virtual reunir médico país o página semanalmente pesquisar integrante covid-19 e tratamento atualização feito período o maio o hidroxicloroquina aparecer 9ª tratamento eficaz médico consultar paciente covid-19 hospital e 17ª tratamento eficaz paciente covid-19 grau moderar hospital uti,saúde, 21/05/2020," Por Felipe Grandin, G1 ",https://g1.globo.com/fato-ou-fake/coronavirus/noticia/2020/05/21/e-fake-que-pesquisa-com-6-mil-medicos-indique-a-hidroxicloroquina-como-o-tratamento-mais-eficaz-contra-o-coronavirus.ghtml,0
8155,Post tira de contexto frase de Damares Alves sobre abuso infantil  ,,postagem feito facebook omitir o contexto falir damares alves ministro mulher família e direito humano o o afirmar abusar prazeroso o criança o ministro incentivar mulher vítima abusar sexual infância o acreditar discursar abusador culpar atos informação leitor acreditar damares haver justificar o abusar criança o abusar casar dor sangue violência abusar prazeroso o criança o pedófilo tocar tocar e s desperto prazer o corpo prazer encontrar adulto especialmente mulher sentir culpar sentir prazer sentir culpar criança e controlo corpo afirmar o ministro entrevisto o bbc brasil publicar dezembro,entretenimento,21/08/2020 17h54 ,Relação entre vibração alta e covid-19 não tem comprovação científica  ,https://noticias.uol.com.br/comprova/ultimas-noticias/2020/08/21/post-tira-de-contexto-frase-de-damares-alves-sobre-abuso-infantil.htm,0
8156,"

Bandidos com roupas de profissionais de saúde e van vermelha Fiat dos bombeiros estão realizando assaltos #boato 
",Boato – Assaltantes disfarçados de profissionais de saúde e com van vermelha dos bombeiros fingem atender doentes de coronavírus para roubar prédios. ,“ equipar roupar profissional saudar dirigir van vermelho fiat adesivo escrever resgatar chegar prédio cunhar anunciar transladar doente seriamente comprometer o corona … o porteiro acionou o sindicar q abrir o portão o guarita interfonou p morador e confirmar mandou-os … d o horar o prédio vizinhar anunciar arrastão prédio efetuado equipar … .eram ladrão disfarçar entrar prédio render o abrir apartamento … ”,brasil,03/04/2020,"
Kyene Becker ",https://www.boatos.org/brasil/bandidos-roupas-profissionais-saude-van-bombeiros-assaltos.html,0
8157,"Coronavírus: OMS afirma que pandemia é ""controlável"" e pede esforço mundial  ",,o pandemia coronavírus controlável afirmar hoje o diretor organização mundial saudar oms tedros adhanom ghebreyesus reunião país membro pandemia controlável descrever pandemia significar país dever desistir o idear país passar contenção o mitigação errar e perigoso precisar vigilância identificar isolar diagnosticar e tratar casar e romper o cadeia transmissão completar reconhecer preocupação país enfrentar o ameaçar o compromisso político necessário falar o diplomata genebra dia caracterizar o covid-19 doença causar coronavírus pandemia destacar país dever adotar enfoque global adaptar o situação o contenção pilar central ghebreyesus pedir o país encontrar equilíbrio justar o proteção saudar o prevenção perturbação econômicas e social e o respeitar direito humano,saúde,12/03/2020 10h03 ,12/03/2020 10h03 ,https://noticias.uol.com.br/saude/ultimas-noticias/redacao/2020/03/12/coronavirus-oms-afirma-que-pandemia-e-controlavel-e-pede-esforco-mundial.htm,1
8158,"Quem estimula uma candidatura de esquerda na Câmara é o governo, diz Maia  ",,o presidente câmara rodrigar maio dem-rj o governar estimular candidatura esquerdo horar o intuito enfraquecer frente amplo liderar derrotar o candidatar jair bolsonaro presidência câmara o deputar arthur lira pp-al achar converso forte acontecer o movimentar horar tentativo candidatar governar estimular o candidatura apoiar movimentar amplo independência casar maio café manhã jornalista hoje movimentar s o reação o o movimentar o contraponto movimentar esquerdo apoiar o candidatar governar o movimentar candidatar governar estimular candidatura esquerdo estimular hoje candidatura esquerdo o governar afirmar,política,16/12/2020 12h32 ,Camila Turtelli,https://noticias.uol.com.br/ultimas-noticias/agencia-estado/2020/12/16/para-maia-quem-estimula-hoje-uma-candidatura-de-esquerda-e-o-governo.htm,1
8159,Você poderia financiar mansão como a de Flávio Bolsonaro com juros baixos?  ,,"o senador flávio bolsonaro republicanos-rj filhar presidente jair bolsonaro conseguir comprar casar quase r$ milhão capital federal o financiamento realizar banco brasília brb o o governar distrito federal juro 3,71 o o ano conformar constar documentar registrar cartório o brb o taxar corrigir mensalmente inflação base o ipca o inflação o taxar ficar base 3,71 o inflação aumentar juro aumentar o taxar constar documentar pessoa comum conseguir juro levantamento uol mostrar o taxar 3,71 abaixar cobrar banco o exceção o caixa econômica federal linha crédito imobiliário juro brb",política,04/03/2021 04h00Atualizada em 04/03/2021 17h26 ,Giulia Fontes,https://economia.uol.com.br/noticias/redacao/2021/03/04/flavio-bolsonaro-mansao-brasilia-financiamento-juros.htm,1
8160,É #FAKE que a Covid é um plano internacional de controle e redução da população lançado em 2020,"Vídeo viral tem circulado com legendas em vários idiomas. Médico militante antivacina, afastado por causa de suas posições, diz que Covid-19 significa ""Certificado de Identificação de Vacinação com Inteligência Artificial"". Tudo não passa de um boato.",circular rede social vídeo o médico italiano roberto petrella militante antivacina afirmar o covid-19 planar internacional controlo e redução população desenvolver década e lançar covid significar certificar identificação vacinação inteligência artificial o médico sustentar o fortalecer o coronavírus o terreno imunológico encontrar enfraquecer vacinar anterior afirmação fake o vídeo circular tradução idioma e alvo checagens mundo aforar o médico ginecologista aposentar ano suspenso atividades o obrigatoriedade vacinar o papilomavírus professor titular faculdade medicinar universidade paulo e coordenador instituto investigação imunologia iii o médico jorge kalil refutar totalmente alegação contido vídeo,política, 01/09/2020," Por Roney Domingos, G1 ",https://g1.globo.com/fato-ou-fake/coronavirus/noticia/2020/09/01/e-fake-que-a-covid-e-um-plano-internacional-de-controle-e-reducao-da-populacao-lancado-em-2020.ghtml,0
8161,Manaus: ele viu morte da sogra dentro de hospital na madrugada sem oxigênio  ,,madrugar sexta-feira hospital manaus enfrentar quase o o o oxigênio tratar paciente covid-19 francisco elisabete rocha morrer n madrugar voltar 3h30 o suprimento cortar instante o drama d assistir genro d denis lopes santana contar o o uol o ocorrer hospital pronto-socorro raimundo n madrugar morte n dia contar n madrugar e manhã hospital manaus relatar oxigênio suprir paciente capital amazona haver oficiar pessoa morrer contar problema — o o — contornar o chegar estoque e sábado,saúde,17/01/2021 04h00 ,Carlos Madeiro,https://noticias.uol.com.br/cotidiano/ultimas-noticias/2021/01/17/manaus-ele-viu-morte-da-sogra-dentro-de-hospital-na-madrugada-sem-oxigenio.htm,1
8162,Site engana ao afirmar que há consenso médico para tratamento de covid-19,,haver consenso comunidade médico internacional estratégia tratamento resolutivo o covid-19 defendido site lançar brasil conversar autoridade médico citar site e d informar criar o página pagar publicar,saúde,2020/07/08,Comprova,https://projetocomprova.com.br/publicações/site-engana-ao-afirmar-que-ha-consenso-medico-para-tratamento-de-covid-19/,0
8163,"Idosa recebe alta e homenagem por cura da covid-19, mas morre dias depois  ",,rosar neve magalhães ano morrer diagnóstico covid-19 dia receber alto hospital evandro freire ilhar governador zonar norte rir rosar chegar o receber homenagem equipar médico o placa vencer o covid-19 curar doença causar coronavírus avaliação médico entrar unidade junho sintoma tossir e febre acordar o neto rosar gabriela telles o paciente receber alto ficar dia internar voltar o passar e precisar novamente ficar hospital familiar acreditar rosar contaminar hospital e receber alto curar internar tossir e febre o gente suspeitar pneumonia fraco deixar o hospital avô pai mãe e tio apresentar diagnóstico covid internação o gente acreditar contaminar hospital e liberar curar gabriela o o uol,saúde,24/07/2020 18h23Atualizada em 24/07/2020 20h03 ,Marcela Lemos,https://noticias.uol.com.br/saude/ultimas-noticias/redacao/2020/07/24/idosa-morre-apos-receber-alta-e-homenagem-devido-a-cura-de-covid-no-rj.htm,1
8164,"
  Foto de evacuação de hospital após incêndio em 2010 viraliza fora de contexto","Uma fotografia de pessoas deitadas em macas e aglomeradas no que parece ser um saguão de hospital voltou a viralizar nas redes sociais no início de 2021 com a afirmação de que se trata de um registro feito em 2013, “quando o Lula era presidente”. Mas isto é enganoso: a imagem foi feita em abril de 2010, após um princípio de incêndio e um apagão atingirem o Instituto Doutor José Frota, em Fortaleza, levando à evacuação do local.Envie-nos por WhatsApp Email","“ atendido chão calmo pessoal cena o lula presidente e haver corona vírus ” o texto acompanhar o imagem espaçar lotar paciente e acompanhante profissional saudar compartilhar 3,2 facebook mear e voltar o circular janeiro publicação encontrar instagram usuário demonstrar indignação imagem viralizou igualmente rede o descrição cena registrar ironizar “ o saudar ‘ ’ e o imprensar noticiar o respeitar ”",brasil,4/01/2021 às 21:34,AFP Brasil,https://checamos.afp.com//foto-de-evacuacao-de-hospital-apos-incendio-em-2010-viraliza-fora-de-contexto,0
8165,"Governo federal pode ser responsabilizado por mortes da Covid-19, dizem médicos e cientistas",,"o histórico medir governar federal prejudicar ajudar o combater covid-19 brasil atingir limitar médico e pesquisador perder o esperançar possibilidade diálogo afirmar pesquisador consultar globo especialista cenário desacordar buscar ouvir político público respostar pandemia afirmar perspectivo melhorar combater covid n governar cartar publicar noite d sexta-feira revisto médico the lancet o epidemiologista pedrar hallal universidade federal pelota coordenar pesquisar nacional prevalência covid-19 o brasil desempenhar mediano combater o o vírus vidar salvo o população brasileiro representar 2,7 população mundial o brasil 2,7 morte global covid-19 56.311 pessoa morrer escrever o pesquisador janeiro 212.893 pessoa morrer covid-19 brasil palavra 156.582 vidar perdido país subdesempenho o epidemiologista o governar federal pesar culpar n avaliação — responsabilidade compartilhar governar federal e município responsabilidade concentrar governar federal o opinião debater o indiscutível — hallal o o globo o pesquisador verba federal projeto cortar agostar ano passar e nomeação reitor declinar bolsonaro afirmar sofrer perseguição cientista publicar crítico contumaz o o governar federal n semana o sanitarista deisy venturo usp liderar projeto mapear medir normativo governar atos propaganda e atos contestação o ente repúblico buscar combater o covid-19 resultar afastar o persistente interpretação haver incompetência e negligência governar federal gestão pandemia o o contrário o sistematização incompleto razão espaçar evento revelar o empenhar e o eficiência atuação união prol amplo disseminação vírus território nacional declaradamente o objetivo retomar o atividade econômica o rápido e o custar escrever venturo e coautora rossana rei o pesquisar revelar o existência estratégia institucional propagação vírus medir nocivo tomar governar federal pesquisador buscar dificultar o implementação distanciamento social apregoar o drogar comprovação científico e omissão coordenação nacional organizar o combater pandemia e prover recurso atos normativo contrário o recomendação ente técnico compilar pesquisador perder o esperançar melhorar condução crise covid-19 o sanitarista ligia bahia fiocruz buscar assessorar o ministério saudar início pandemia o pesquisador crime responsabilidade político presidente jair bolsonaro o covid-19 — o idear ruptura país sofrer o causar sofrimento — o pesquisador o o globo — n o gente alternativo o o ruptura institucional profissional saudar batalhar impeachment opinião membro sociedade brasileiro infectologia sbi entidade excluir formulação político público o covid-19 eduardo pazuello assumir o cargo ministrar saudar o esperançar espaçar diálogo esgotar o sbi o início combater o receitar medicamento ineficaz o covid-19 o cloroquina e o ivermectina — história o ministério orientação terapêutico medicamento nenhum sustentação científico e escrito elaborar revisar comitê técnico assessor — afirmar o infectologista josé david urbaez declarar resignar esperançar diálogo o ministério — haver nenhum sinal estruturar existir algum pensamento racional ético e promover o ciência subterfúgio o o bolsonaro recorrer eximir responsabilidade o decisão supremo tribunal federal stf autorizar e município o legislar medir distanciamento social combater o pandemia o d o presidente passar o imputar o governador o responsabilidade agravamento pandemia sanitaristas rejeitar o argumentar — o stf proibir o governar federal político testagem país político rastreamento contatos o stf proibir o brasil diretrizes gerar adequar tratamento covid-19 e — hallal o globo entrar contato o ministério saudar n sexta-feira questionar o pastar omissão e medir normativo nocivo pesquisador combater pandemia covid-19 obter respostar o conclusão d reportagem",saúde, Publicado em  23/01/21 12:51 ,Rafael Garcia,https://extra.globo.com/noticias/coronavirus/governo-federal-pode-ser-responsabilizado-por-mortes-da-covid-19-dizem-medicos-cientistas-24852256.html,1
8166,Redução da multa do FGTS só valerá para jovens e deverá estar em contrato  ,,publicação compartilhar facebook misturar prints notícia o medir provisório 905/2019 assinar presidente jair bolsonaro e criar o programar empregar amarelar e afirmação enganoso mudança multar rescisório fundir garantir serviço fgts verificar posts página o aposentadoria sugerir enganosamente o multar — direito trabalhador casar demissão justo causar — reduzir trabalhador contar programar publicação o trabalhador dispensar o multar e … ajudar empresário o página prints título matéria correar e metrópole reportagem entanto deixar claro o regrar valer contratação,brasil,14/11/2019 20h28 ,14/11/2019 20h28 ,https://noticias.uol.com.br/comprova/ultimas-noticias/2019/11/14/reducao-da-multa-do-fgts-so-valera-para-jovens-e-devera-estar-em-contrato.htm,0
8167,"Coronavírus: EUA passam de 128 mil mortes; casos se aproximam de 2,7 milhões  ",,"o morte decorrência coronavírus unir subir 128.024 acordar o atualização hoje cdc centrar o controlo e prevenção doença americano o caso confirmar atingir 2.679.230 o morte causar covid-19 país crescimento 0,5 o ritmar o registrar dia anterior anteontem o aumentar 0,4 126.739 127.299 morto o ritmar caso confirmar subir o o dia anterior aumentar cercar 2.624.873 2.679.230 anteontem o crescimento 1,6 2.581.229 2.624.873 o york o registrar o caso oficiar covid-19 unir total 395.982 seguir califórnio 232.657 caso e jersey 171.928 caso",saúde,02/07/2020 15h18 ,02/07/2020 15h18 ,https://noticias.uol.com.br/ultimas-noticias/2020/07/02/coronavirus-eua-registram-128024-mortes-e-2679230-casos-confirmados.htm,1
8168,Bolsonaro não deu passaporte diplomático de Flordelis. E relações perigosas  ,,vídeo trazer montagem flagrante trajetória político deputar flordelis psd-rj autoria pedrar andreta e daniel fiori voltar seguir flordelis passar condição réu — o justiçar aceitar o denúncia o acusar mandante morte maridar o pastor anderson carmo — entregar passaporte e diplomático o nenhum prestar o família bolsonaro amigo o vídeo acima eloquente o passaporte diplomático tem?todos parlamentar o privilégio passaporte diplomático o regulamentar decretar 5.978 dezembro baixar presidente lula o texto abrir o possibilidade critério acertar parceria o ministério exterior estender o benefício o familiar deputar e senador semestre concedido passaporte diplomático o cônjuge e filho parlamentar,política,26/08/2020 17h12 ,26/08/2020 17h12 ,https://noticias.uol.com.br/colunas/reinaldo-azevedo/2020/08/26/bolsonaro-nao-deu-passaporte-diplomatico-de-flordelis-e-relacoes-perigosas.htm,1
8169,"

Marcos Valério grava áudio falando de casos Celso Daniel, Eduardo Campos, Teori e do PT #boato 
","Boato – Em áudio, Marcos Valério afirma que Lula mandou matar Celso Daniel e PT encomendou a morte de Eduardo Campos e Teori Zavascki. ",mundo o mandante revelar depoimento marco valério ninguém ouvir … ouvir marco valério jogar o me#da ventilador e falir pt,política,25/09/2019,"
Kyene Becker ",https://www.boatos.org/politica/marcos-valerio-audio-celso-daniel-eduardo-campos-teori-pt.html,0
8170,"

Globo está contratando pessoas para aparecer como entrevistados na TV #boato 
",Boato – A Globo está tão desesperada que começou a contratar pessoas para darem entrevistas. Uma das pessoas que estão sendo pagas para aparecer como entrevistados na TV é o Henrique. O salário é de R$ 2.500.,o redar globo contratar pessoa aparecer reportagem entrevistar o henrique conseguir vago e entrevistar dia salário r$ 2.500 ticket refeição valer transportar interessar comparecer central globo jornalismo jardim botânico rj.a redar globo vergonha apelar inventar o figurar “ entrevistar aleatório oficial contratar ” olhar o henrique aparecer tomar vergonha caro o brasileiro trouxa escancarem.a redar globo contratar pessoa aparecer reportagem entrevistar o “ henrique ” conseguir vago e entrevistar dia pasmar,entretenimento,29/12/2019,"
Edgard Matsuki ",https://www.boatos.org/entretenimento/globo-contratando-pessoas-aparecer-entrevistados-tv.html,0
8171,o verdade sobrar registro criatura flagrar o web,,gilmar lopes revelar o vídeo abaixar o origem e o verdade trás vídeo e foto estranhar criatura humanoides aparecer o redar social o vídeo d semana descobrir,entretenimento,27/09/2020,gilmar lopes,https://www.e-farsas.com/a-verdade-sobre-registros-de-criaturas-flagradas-na-web.html,0
8172,UOL Confere: vídeo de tiroteio foi tirado de série sobre o jogador Tevez,,uol notícia 22/01/2019 13h37 o cena trocar tiro durante velório compartilhar verdadeiro e flagrar fortalezar postagens comum comentário lamentar o onda violência atingir o cear e questionamento o veracidade gravação o vídeo viralizou argentino divulgar gravar durante tirotear real fuerte apache nome popular bairro ejército o andar buenos aires,entretenimento,22/01/2019 13h37 ,UOL Notícias,http://noticias.uol.com.br/videos/?id=uol-confere-video-de-tiroteio-foi-tirado-de-serie-sobre-o-jogador-tevez-04020D993660C0B16326,0
8173,"

Democratas fizeram cédulas falsas na China para fraudar eleições nos EUA #boato 
","Boato – Está descoberta a fraude nas eleições nos EUA. Na realidade, o Partido Democrata produziu e trouxe cédulas falsas da China.",democrata esquerdo eua cedulas falso chino nome biden ñ q trump mandar cédula verdade marcar d’água ferrar recontagem pirataria chinês cédula impresso democrata impresso e o marcar d’água eua.trump ganhar gente entender contestar eleição fraudar o constituição federal americano permitir contagem voto noite permitir cédula falso o cédula democrata vir chino e marcar d’água colocar justamente falso,mundo,06/11/2020,"
Edgard Matsuki ",https://www.boatos.org/mundo/democratas-fizeram-cedulas-falsas-china-fraudar-eleicoes.html,0
8174,Médica é espancada por frequentadores de balada clandestina no Rio  ,,médico linha frente combater o o coronavírus brutalmente espancar sábado o o frequentador balar clandestino grajaú zonar norte rir quebrar o retrovisor veículo estacionar irregularmente integrante festa mão pisoteado joelho fraturados e enforcar perder o consciência o médico o perfil facebook denunciar o casar e festa corona ocorrer casar o o corpo bombeiro o texto compartilhamentos pisotearam garganta calar voz o vítima relatar durante agressão pedir socorrer o bombeiro e pedestre e ninguém ajudar o dono carro o vítima identificar policial e exigir pagar r$ 6.800 dano o médico balar clandestino aglomeração pessoa e som alto madrugar ocorrer dia seguir semana passar causar transtornar o morador,saúde,01/06/2020 14h01 ,Herculano Barreto Filho,https://noticias.uol.com.br/cotidiano/ultimas-noticias/2020/06/01/medica-e-espancada-por-frequentadores-de-balada-clandestina-no-rio.htm,1
8175,Empréstimo para microempresa: Quais as taxas e prazos? Veja o que se sabe  ,,maio o presidente jair bolsonaro sancionar lei aprovar congresso nacional criar o pronampe programar nacional s microempresa e empresar pequeno portar programar ofertar empréstimo empresar empresar direito o empréstimo empréstimo feito taxar juro e prazo pagamento o o pronampe criar lei federal nº 13.999 maio desenvolver e fortalecer pequeno negócio ofertar empréstimo o pronampe destinar o,saúde,01/06/2020 04h00 ,Antonio Temóteo,https://economia.uol.com.br/noticias/redacao/2020/06/01/pronampe-o-que-se-sabe-emprestimo-micro-pequena-mei.htm,1
8176,"Coronavírus: pela 1ª vez, Brasil tem mais de 200 mortes confirmadas em 24 h  ",,o ministério saudar anunciar hoje subir 1.532 o morte coronavírus brasil — óbito confirmar horar 1.328 morte total o morte confirmar ministério saudar período horar o recordar anterior brasil morte divulgar dia abril oms organização mundial saudar o brasil o país ranking confirmar óbito e hoje,saúde,14/04/2020 16h54Atualizada em 14/04/2020 20h43 ,14/04/2020 16h54Atualizada em 14/04/2020 20h43 ,https://noticias.uol.com.br/saude/ultimas-noticias/redacao/2020/04/14/coronavirus-brasil-mortes-casos-confirmados-14-abril.htm,1
8177,"
  Esta foto não foi tirada em Nova York, mas após um tumulto na peregrinação à Meca em 2015","Uma fotografia mostrando vários corpos com vestimentas brancas empilhados em uma rua foi compartilhada mais de 17 mil vezes desde meados de abril afirmando se tratar de vítimas da COVID-19 sendo enterradas em valas comuns em Nova York, nos Estados Unidos. A imagem, contudo, corresponde a um tumulto ocorrido em 2015 na Arábia Saudita durante a peregrinação anual à Meca.Envie-nos por WhatsApp Email",“ ler agradacer o deus vidar e país triste o noticiar midia espalhar mundo inteirar nova_yorque abrir valar comun deitar pessoa morto coronavirus lamentar situação cristão sic ” indicar o legendar publicação facebook compartilhar o dia abril d haver postagens circular n redar social espanhol associar o o coronavírus o indicação tratar pessoa respeitar o quarentenar equador buscar reverso foto motor google e yandex mostrar registro comunicação indicar o imagem corresponder o tumulto ocorrer setembro arábio saúde durante peregrinação meco o fotografia aparecer crédito blog africanar registrar o incidente,saúde,14/05/2020 às 20:36,"AFP Colombia, AFP Brasil",https://checamos.afp.com//esta-foto-nao-foi-tirada-em-nova-york-mas-apos-um-tumulto-na-peregrinacao-meca-em-2015,0
8178,"

Brasil tem o menor salário mínimo da América do Sul e Argentina tem o maior #boato 
",Boato – Lista que mostra o salário mínimo dos países da América do Sul aponta que Argentina e Venezuela têm os maiores salários e o Brasil tem o menor.,salário mínimo oficiar américa sul argentino – 2.826 real venezuela – 2.593 real equador – 2.497 real uruguai – 2.050 real colômbio – 1.977 real bolívia – 1.905 real paraguai – 1.880 real peru – 1.877 real chile – 1.733 real suriname 1.682 real bolívia – 1.465 real guiana – 1.171 real brasil – 1.045 real fonte banco mundial outubro,brasil,18/10/2020,"
Edgard Matsuki ",https://www.boatos.org/brasil/brasil-tem-menor-salario-minimo-america-do-sul-argentina-tem-maior.html,0
8179,"Bolsonaro considera ""bons tempos"" quando menores podiam trabalhar  ",,durante o ° congresso nacional abrasel o presidente jair bolsonaro declarar considerar trabalhar e hoje trabalhar cheirar paralelepípedo crack,política,26/08/2020 11h44 ,26/08/2020 11h44 ,https://noticias.uol.com.br/videos/2020/08/26/bolsonaro-considera-bons-tempos-quando-menores-podiam-trabalhar.htm,1
8180,o simpsons prever o meme dançar caixão,,o imagem mostrar umar cena série animar o simpsons começar o circular o semana abril e mostrar famoso carregador caixão ganir o o redor personagem hans moleman deitar caixão,entretenimento,21/04/2020,gilmar lopes,https://www.e-farsas.com/os-simpsons-previram-o-meme-da-danca-do-caixao.html,0
8181,É #FAKE print que mostra Telegram admitindo alteração de textos de mensagens por hackers ,"Imagem circula em redes sociais. Comunicado atribuído ao aplicativo é falso. O Telegram, aliás, nega que tenha havido qualquer invasão de seu sistema. 'É mais provável que tenha sido malware ou alguém que não estivesse usando uma senha de verificação em duas etapas', diz. ",circular rede social print post twitter atribuir o o telegram o aplicativo comunicar admitir texto converso autoridade alterar hackers o imagem o falsar comunicar apresentar série erro d o contar telegram aparecer print publicar posts inglês outro detalhar denotar o falsidade o mensagem fake caractere e o twitter aceito questionar twitter atacar hacker o telegram haver evidência invasão provável malware alguém senha verificação etapa,entretenimento, 13/06/2019, Por G1 ,https://g1.globo.com/fato-ou-fake/noticia/2019/06/13/e-fake-print-que-mostra-telegram-admitindo-alteracao-de-textos-de-mensagens-por-hackers.ghtml,0
8182,Mudanças no Código de Trânsito não estão em vigor; projeto espera aprovação  ,,falso afirmação o validade carteiro nacional habilitação cnh passar ano o pontuação limitar suspensão documentar dobrar e exame necessário emissão feito médico medir listado publicação amplamente compartilhar rede social realmente projeto lei pl propor executivo vigor dia junho o presidente jair bolsonaro entregar o o presidente câmara rodrigar maio dem-rj o pl propor diverso alteração código trânsito brasileiro entanto entrar vigor o projeto preciso passar análise comissão especial câmara e senado federal o fechamento d matéria o comissão totalmente formar o implementação imediato medir mencionar postagem inviável,entretenimento,09/08/2019 00h00 ,09/08/2019 00h00 ,https://noticias.uol.com.br/comprova/ultimas-noticias/2019/08/09/mudancas-no-codigo-de-transito-nao-estao-em-vigor-projeto-espera-aprovacao.htm,0
8183,"Infecção por variação rara de vírus da gripe é identificada no norte do Paraná, diz OMS","De acordo com o órgão, o vírus Influenza A H1N2, que tem potencial pandêmico, foi detectado em abril, em Ibiporã. Mulher foi curada e nenhuma outra infecção foi identificada na região.",mulher ano infectar variação raro vírus gripar ibiporã norte paraná o organização mundial saudar oms o casar variante influenza o h1n2 acontecer abril e o mulher curar o oms informar quinta-feira caso d gripar detectar infecção notificar o o órgão causar potencial pandêmico o vírus transmitir porco humano e o monitoramento potencial pandêmico identificar o vírus passar algum mutação permitir o transmissão pessoa o haver indício acontecer o oms,saúde, 11/07/2020 14h31 , Por G1 PR ,https://g1.globo.com/pr/norte-noroeste/noticia/2020/07/11/infeccao-por-variacao-rara-do-virus-da-gripe-e-identificado-no-norte-do-parana-diz-oms.ghtml,1
8184,Bolsonaro chamou de idiotas: Isolados resistem e veem ato como 'político'  ,,converso apoiadores o presidente jair bolsonaro chamar idiota pessoa hoje casar desprezar o isolamento social o principal prevenção o covid-19 o uol conversar brasileiro isolamento haver o início pandemia março renato bock morador brasília brincar d idiota ficar casar hoje atar político desobediência civil afirmar dia março renato levar o filho ano o o médico tirar talar pé haver quebrar frente o o consultório ortopedista hospital regional asar norte acabar confirmar o casar covid-19 capital federal,política,18/05/2021 04h00 ,Anahi Martinho,https://noticias.uol.com.br/saude/ultimas-noticias/redacao/2021/05/18/os-brasileiros-que-seguem-isolados-ha-14-meses.htm,1
8185,"

Bandidos estão distribuindo máscaras com produtos químicos de casa em casa para assaltar #boato 
",Bandidos estão distribuindo máscaras com produtos químicos de casa em casa para assaltar #boato,“ boletim polícia avisar pessoa identificar portar portar distribuir máscara umar iniciativo governar pedir colocar parir caber encharcar produto químico o deixar inconsciente e umar desmaiar o roubar aceitar máscara estranho lembre-se viver crítico e o pessoa desesperar parir tirar proveito o objetivo ganhar dinheiro o taxar crime disparar cauteloso e jogar pelar segurar enviar o o amigo colega e ente querido parir o ajudar o ficar vigilante n situação adverso lembre-se compartilhar cuidar ”,brasil,07/07/2021,"
Kyene Becker ",https://www.boatos.org/brasil/bandidos-distribuindo-mascaras-com-produtos-quimicos-casa-para-assaltar.html,0
8186,Coronavírus: Ações da Latam despencam; governo diz que é ‘movimento planejado’  ,,solicitação recuperação judicial unir ações latir despencar roberto alvo diretor empresar comunicar medir difícil tomar necessário garantir o sustentabilidade o longo prazo n extraordinário,saúde,27/05/2020 10h41 ,27/05/2020 10h41 ,https://noticias.uol.com.br/videos/afp/2020/05/27/coronavirus-acoes-da-latam-despencam-governo-diz-que-e-movimento-planejado.htm,1
8187,"Com Lula, Bolsonaro e Ciro, Fortaleza vira microcosmo da eleição em 2022  ",,debater proposto o cidade o campanha prefeitura fortalezar repetir o disputar nacional liderança político nacional o presidente jair bolsonaro o ex-deputado federal ciro gomar pdt e o ex-presidente luiz inácio lula silvar pt apoiar nome competitivo eleição e ensaiar forçar repetir o levantamento datafolha divulgar dia o candidatar bolsonaro — o capitão wagner pros — liderar o corrido intenção votar seguir luizianne lins pt e sarto pdt padrinho nacional pesquisar ibope mostrar lula o influente entrevistar afirmar o ex-presidente aumentar chance votar candidatar o prefeito bolsonaro e ciro o respostar positivo entrevistar,política,27/10/2020 04h00 ,Carlos Madeiro,https://noticias.uol.com.br/eleicoes/2020/10/27/fortaleza-ensaio-2022-lula-ciro-bolsonaro.htm,1
8188,"

Nasa vai medir temperatura de população mundial hoje para mapear a Covid-19 #boato 
",Nasa vai medir temperatura de população mundial hoje para mapear a Covid-19 #boato,atenção noite entrar 23:00h e 03:30h satélite nasa infravermelho medir o temperatura população mundial parir mapear o covid-19 importante nú o o suar casar suar carteiro vacinar o mão colaborar,entretenimento,30/06/2021,"
Edgard Matsuki ",https://www.boatos.org/tecnologia/nasa-vai-medir-temperatura-populacao-mundial-hoje-mapear-covid-19.html,0
8189,"'Lula nunca foi e não será opção no PSDB', diz Aécio Neves  ",,o encontrar ex-presidentes fernando henrique cardoso psdb e luiz inácio lula silvar pt receber tucano o psdb divulgar noto crítico o o sinal trocar fhc cacique tucano avaliar o associação antigo adversário político enfraquecer o tentativo lançar candidatura centrar o psdb continuar o buscar candidatura o o centrar e haver sinal claro nome colocar o senador tasso jereissati comedir o considerar realmente candidatura lula e acreditar opção o psdb afirmar o o estadão aécio neve deputar e ex-presidente ... ler íntegro estadão,política,21/05/2021 15h22 ,21/05/2021 15h22 ,https://noticias.uol.com.br/colunas/reinaldo-azevedo/2021/05/21/lula-nunca-foi-e-nao-sera-opcao-no-psdb-diz-aecio-neves.htm,1
8190,Filha de Queiroz interrompeu repasses ao pai ao saber de investigação  ,,o personal trainer nathália queiroz interromper repasse mensal o o pai o policial militar aposentar fabrício queiroz o supor vazamento informação o o senador flávio bolsonaro republicanos-rj investigação envolver gabinete assembleia legislativo rir época supor vazamento polícia federal queiroz atuava espécie chefe gabinete flávio assembleia nathália receber salário deputar federal jair bolsonaro câmara deputar ... ler íntegro folhar,política,13/08/2020 15h18 ,13/08/2020 15h18 ,https://noticias.uol.com.br/colunas/reinaldo-azevedo/2020/08/13/filha-de-queiroz-interrompeu-repasses-ao-pai-ao-saber-de-investigacao.htm,1
8191," PF não declarou que Lula é ""ex-presidente mais rico da história do Brasil""  ",,mensagem circular internet o pf polícia federal descobrir recente o ex-presidente lula milionário pf revelar lula milionário o ex-presidente rico história brasil o link o suposto declaração polícia federal d publicação compartilhar 3.000 facebook o reportagem encontrar semelhante diferente postagens divulgar facebook,política,13/06/2019 04h00 ,Lucas Borges Teixeira,https://noticias.uol.com.br/confere/ultimas-noticias/2019/06/13/pf-nao-declarou-que-lula-e-ex-presidente-mais-rico-da-historia-do-brasil.htm,0
8192,Coronavírus deixa 73 países em risco de escassez de remédios para HIV  ,,"Setenta e três países alertaram que estão em risco de ficar sem medicamentos antirretrovirais (ARV) em razão da pandemia de covid-19, de acordo com pesquisa da OMS (Organização Mundial da Saúde) realizada antes da conferência bianual da Sociedade Internacional de Aids. Vinte e quatro países relataram que estão com baixo estoque de ARVs ou sofrem com interrupções no fornecimento desses medicamentos que salvam vidas. A pesquisa se deu após uma previsão, em maio, de que uma interrupção de seis meses no acesso a esses medicamentos poderia levar ao dobro nas mortes por aids na África Subsaariana — apenas em 2020. Em 2019, aproximadamente 8,3 milhões de pessoas foram beneficiadas pelos antirretrovirais nos 24 países que estão enfrentando a escassez no fornecimento. O número representa cerca de um terço de todas as pessoas no mundo que estão em tratamento contra o HIV. Apesar de não haver cura, os antirretrovirais podem controlar o vírus.",saúde,06/07/2020 12h51 ,06/07/2020 12h51 ,https://noticias.uol.com.br/saude/ultimas-noticias/estado/2020/07/06/coronavirus-deixa-73-paises-em-risco-de-escassez-de-remedios-para-hiv.htm,1
8193,"

Cadastro para auxílio emergencial de R$ 600 é liberado pelo governo em site no WhatsApp #boato 
","Boato – O governo acabou de liberar o cadastro para o auxílio emergencial de R$ 600 a R$ 1.200 em um site no WhatsApp. Para acessar, você precisa compartilhar um link com amigos no aplicativo.","governar acabar liberar o cadastramento auxílio emergencial r$ 600,00 r$ 1.200,00 o agendamento dever app oficial o agendamento site dia 28/03/2020",entretenimento,27/03/2020,"
Edgard Matsuki ",https://www.boatos.org/tecnologia/cadastro-auxilio-emergencial-r-600-liberado-governo-site-whatsapp.html,0
8194,"Auxílio de R$ 600 e postura mais suave turbinam aprovação de Bolsonaro, mostra Datafolha", 14/08/2020 07h41 ,o pagamento auxílio emergencial r$ e o posturar presidente jair bolsonaro beligerante vir o início mandatar contribuir substancialmente o melhorar aprovação presidente noite d quinta-feira o site jornal folhar s. paulo publicar pesquisar instituto datafolha o o aprovação bolsonaro subir avaliar regular ruim mau e responder bolsonaro comedir o conquistar eleitorado considerar cativar pt o resultar pesquisar aumentar o pressão o ministrar economia paulo guedes frente,política, 14/08/2020 07h41 , ,https://g1.globo.com/politica/blog/cristiana-lobo/post/2020/08/14/auxilio-de-r-600-e-postura-mais-suave-turbinam-aprovacao-de-bolsonaro-mostra-datafolha.ghtml,1
8195,É #FAKE que padre Fábio de Melo fez texto defendendo quem quer seguir trabalhando em tempo de isolamento social,"Texto atribuído ao religioso diz que 'cada um sabe de sua vida', e pede fim de julgamentos alheios. Ele não é o autor da mensagem.",texto o pandemia coronavírus e o isolamento social viralizou internet pedir pessoa ficar casar durante o quarentenar e seguir trabalhar julgar o assinatura padrar fábio melar o mensagem vidar e situação julgar ... irritar frase barco ... tá crise paz ... descansar féria torturar pagar contar ... julgar ” o talento produção representar o padrar fábio melar o texto escrever e negar compartilhar o mensagem,entretenimento, 09/04/2020," Por Roberta Pennafort, CBN ",https://g1.globo.com/fato-ou-fake/coronavirus/noticia/2020/04/09/e-fake-que-padre-fabio-de-melo-fez-texto-defendendo-quem-quer-seguir-trabalhando-em-tempo-de-isolamento-social.ghtml,0
8196,Câncer é descoberto pela 1ª vez com análise em fóssil de dinossauro,Estabelecimento de vínculos com doenças do passado pode ajudar os cientistas a entenderem melhor a evolução e a genética de várias enfermidades. ,osteossarcoma câncer ósseo agressivo diagnosticar dinossauro o descobrir realizar colaboração liderar museu real ontário rom e universidade mcmaster e publicar artigo revisto the lancet oncology n segunda-feira nenhum câncer tumor espalhar corpo e complicação grave haver documentar dinossauro anteriormente o estabelecimento vínculo doença humano e doença passar ajudar cientista o entender melhor o evolução e o genético enfermidade o câncer descobrir fíbula osso perna centrosaurus apertus dinossauro chifre viver o milhão ano o fóssil haver descobrir alberta canadá época pesquisador acreditar má-formação frutar recuperação fratura cientista museu real ontario e universidade mcmaster perrcebeu propriedade incomum durante visitar o o museu real tyrrell e decidir investigar o casar utilizar técnico moderno,ciência, 03/08/2020 19h30 , Por G1 ,https://g1.globo.com/ciencia-e-saude/noticia/2020/08/03/cancer-maligno-e-descoberto-em-um-dinossauro-pela-primeira-vez.ghtml,1
8197,"Coronavírus: Justiça destina R$ 2,5 bilhões da corrupção para a Saúde  ",,"o justiçar e o ministério público direcionando recurso recuperar operação o corrupção o combater o o coronavírus semana o o decisão judiciar reverter o saudar cercar r$ 2,5 bilião dinheiro haver devolver o cofre público acordo judiciar empresar e delator verba empregar comprar respirador pulmonar paraíba luva e máscara profissional saudar matar grosso e teste sorológicos rir janeiro.a verba destinar justiçar lidar o pandemia aumentar dia o supremo tribunal federal stf julgar o aplicação r$ milhão combater o o coronavírus o dinheiro encontrar malo bunker ex-ministro geddel vieira limar mdb julho bahia.além d o procurador-geral repúblico augusto arar solicitar haver dia o o presidente stf ministrar dia toffoli levantamento valorar existente contar judiciar brasil informação repassar o promotor e procurador solicitar recurso o saudar arar recomendar o promotor e procurador reverter recurso acordo civil e penar político combater doença.a sentença prever o redirecionamento dinheiro corrupção combater o covid-19 ministrar stf alexandre moraes março determinar realocado r$ 1,6 bilião recuperar operação lavar jato prever multar o pago petrobras o autoridade unir acordar o dinheiro aplicar inicialmente educação e ambientar o pedir pgr e endossar presidente câmara e senado advocacia união agu).a ordem stf seguir série medir judiciar canalizar valorar corrupção combater o o covid-19 o justiçar paraíba mandar r$ 3,8 milhão recuperar operação calvário investigar desvio saudar e educação o comprar respirador pulmonar equipamento entregue hospital público paraibanos início semana passada.no matar grosso o justiçar federal determinar r$ recuperar operação ararath alvo o ex-ministro blairo maggi destinar o o hospital universitário júlio muller e o justiçar brasília determinar r$ 26,7 milhão acordar leniência j&f o fundação oswaldo cruz rio.em paulo o ministério público estadual reverter dinheiro recuperar o combater covid-19 o órgão disponibilizar internet monitor o público acompanhar cidade receber multar delação e acordo criminal e cível.com o objetivo auxiliar monitoramento e combater o o coronavírus o ministério público rir colocar disposição governar estruturar tecnológico análise diagnóstico e geoprocessamento",saúde,08/04/2020 15h17 ,08/04/2020 15h17 ,https://noticias.uol.com.br/ultimas-noticias/agencia-estado/2020/04/08/justica-destina-r-25-bilhoes-da-corrupcao-para-a-saude.htm,1
8198,vídeo mostrar eclipsar lua gigante o ártico entrar rússia e canadá verdade,,o vídeo surgir diverso whatsapp e publicação o redar social o maio e deixar gente curioso n o parecer o satélite natural tamanho imenso nascer e passar o frente sol,mundo,27/05/2021,gilmar lopes,https://www.e-farsas.com/video-mostra-eclipse-com-lua-gigante-no-artico-entre-russia-e-canada-sera-verdade.html,0
8199,Macron quer indenizar artistas até meados de 2021: a cultura pós-covid na França  ,,o presidente francês emmanuel macron anunciar n quarta-feira planar recuperação o setor cultural frança gravemente afetado pandemia e quarentenar vigor março país principal diretrizes o cultura frança macron anunciar manter o remuneração artista produtor e técnico arte agostar e o criação fundir indenização profissional audiovisual francês produção cancelar dever crise coronavírus.<!--break&mdash artista e técnico arte finalmente respirar aliviar n quarta-feira o anúncio presidente francês medir destinar recuperação setor cultural frança pós-pandemia o país comedir o sair quarentenar segunda-feira maio o processar longo e realizar etapa o setor cultural criticar e pressionar nome setor artístico francês recentemente manifestar publicamente o esquecimento cultura frança macron realizar anúncio videoconferência o o dúzia artista o cantor catherine ringer diretores cinema eric tolédano e olivier nakache o diretor teatro stanislas nordey o escritor aurélien bellanger o rapper escritor e diretor cinema abd al malik o atriz sandrine kiberlain macron defender direito indenização salarial governar francês chamar intermitente espetáculo artista produtor e técnico arte frança prolongar ano período atividade impossível degradar agostar trabalhar comprometer artista e técnico intermitente direito estendido o agostar,saúde,06/05/2020 14h27 ,06/05/2020 14h27 ,https://entretenimento.uol.com.br/noticias/rfi/2020/05/06/macron-quer-indenizar-artistas-ate-meados-de-2021-a-cultura-pos-covid-na-franca.htm,1
8200,umar ong flagrar roubar diamante tonelada e,,o vídeo duração e espalhar o youtube twitter e redar social o semana setembro n grupar pessoa colocar umar enorme pedrar brilhante umar caminhonete e acordar o texto acompanhar o imagem seriar flagrante roubar umar ong roraima,entretenimento,9/09/20191,gilmar lopes,https://www.e-farsas.com/uma-ong-foi-flagrada-roubando-um-diamante-de-2-toneladas-e-meia.html,0
8201,"Pesquisa Ibope em João Pessoa: Cícero, 18%; Nilvan, 15%; Ricardo, 12%; Wallber, 10%","Ruy Carneiro tem 7%; Edilma Freire, 5%; Raoni, 2%; Anísio Maia e João Almeida têm 1% cada. Levantamento foi feito entre 3 e 4 de outubro.",pesquisar ibope divulgar tv cabo branco n segunda-feira seguinte percentual intenção votar o prefeitura joão pessoa eleição camilo duarte pco carlos monteiro redar pablo honorato nascimento psol e rafael freire up rama dantas pstu citar o pesquisar perguntar eleitor votar jeito nenhum percentual seguinte entrevistar respostar o somar fatores,política, 05/10/2020 19h29 , Por G1 PB ,https://g1.globo.com/pb/paraiba/eleicoes/2020/noticia/2020/10/05/pesquisa-ibope-em-joao-pessoa-cicero-18percent-nilvan-15percent-ricardo-12percent-wallber-10percent.ghtml,1
8202,"São Paulo, Rio, Belo Horizonte, Distrito Federal e Recife registram panelaço contra Bolsonaro","Pessoas gritaram 'Fora, Bolsonaro' e bateram panelas na noite desta terça-feira (17).","São Paulo, Rio de Janeiro, Belo Horizonte, Recife e Distrito Federal registraram panelaços na noite desta terça (17) contra o presidente Jair Bolsonaro. Além de bater panelas, as pessoas gritavam ""fora, Bolsonaro"".  Os protestos ocorreram depois de Bolsonaro falar, mais de uma vez, em ""histeria"" em relação ao novo coronavírus e dizer que ações de governadores sobre isolamento prejudicam a economia. À noite, o governo anunciou que pedirá ao Congresso para reconhecer estado de calamidade pública em razão da pandemia.  No domingo (15), o presidente descumpriu monitoramento por coronavírus, participou de um ato a favor do governo e cumprimentou apoiadores no Distrito Federal. Nesta terça, Bolsonaro disse que o segundo teste para o coronavírus deu negativo.  Segundo o último balanço do Ministério da Saúde, há 291 casos confirmados de coronavírus, mais de 8 mil suspeitos e uma morte.",política, 17/03/2020 22h10 , Por G1 — São Paulo ,https://g1.globo.com/politica/noticia/2020/03/17/sao-paulo-e-rio-registram-panelaco-contra-bolsonaro.ghtml,1
8203,"
  Foto de funcionários do FBI levando caixas é de 2019 e não tem a ver com as eleições dos EUA","Uma fotografia de homens com o casaco do FBI transportando caixas foi compartilhada mais de 4 mil vezes nas redes sociais em apenas um dia, afirmando que se trata de uma ação realizada no estado de Michigan após encontrarem votos que seriam jogados em um lixão, ou queimados, em meio à apuração das presidenciais norte-americanas. Mas a foto viralizada é de junho de 2019 e não tem qualquer relação com a eleição dos Estados Unidos, realizada em 3 de novembro de 2020.Envie-nos por WhatsApp Email",“ cédula voto o trump queimar democrata michigan fbi acionado impedir e prender pessoa ” e “ michigan//eua encontrar fbi centena caixa cédula lixão ” legendar acompanhar postagens facebook compartilhar milhar o dia novembro afirmação circular twitter e instagram aguardar o apuração eleição candidato republicano donald trump e democrata joe biden buscar reverso google imagem viralizada mostrar publicar jornal times union junho artigo intitular tradução livrar “ fbi batido empresar ligar o o maridar socialite saratoga springs ”,política,6/11/2020 às 19:24,AFP Brasil,https://checamos.afp.com//foto-de-funcionarios-do-fbi-levando-caixas-e-de-2019-e-nao-tem-ver-com-eleicoes-dos-eua,0
8204,Bolsonaro nega ter comemorado morte de voluntário e diz que comprará qualquer vacina certificada  ,,live semanal o presidente jair bolsonaro negar comemorar morte voluntário e voltar o comprar vacinar certificar,política,12/11/2020 21h06 ,12/11/2020 21h06 ,https://noticias.uol.com.br/videos/2020/11/12/bolsonaro-nega-ter-comemorado-morte-de-voluntario-e-diz-que-comprara-qualquer-vacina-certificada.htm,1
8205,É #FAKE que Argentina é o segundo país com maior número de mortos por 100 mil pela Covid-19,País aparece em 22º em lista da universidade Johns Hopkins. Especialistas alertam que comparar países por essa taxa no meio da pandemia não é o ideal.,"circular rede social mensagem o argentino o país mundo morte covid-19 proporcionalmente população o argentino verdade aparecer 22ª colocação lista reunir país mundo oficiar coletados universidade johns hopkins o brasil aparecer atualmente 7ª o mensagem falso equivocar 32,3 morte o razão doença país vizinhar brasil 65,9 – o dobrar",mundo, 24/09/2020, Por G1 ,https://g1.globo.com/fato-ou-fake/coronavirus/noticia/2020/09/24/e-fake-que-argentina-e-o-segundo-pais-com-maior-numero-de-mortos-por-100-mil-pela-covid-19.ghtml,0
8206,"

Doria vai decretar lockdown total após o Dia das Mães em São Paulo #boato 
","Boato – O governador de São Paulo, João Doria, planeja fazer um lockdown total em todo o estado após o Dia das Mães. Ele só não fechou o estado para ajudar Tasso Jereissati e ganhar com shoppings.",doria planeja fechar sp novamente o dia mãe o calçar atolar aliviar o situação trazer o tasso jereissati agradá-lo q tasso dono shopping e preciso faturar o dia măes saudar vidar,política,29/04/2021,"
Edgard Matsuki ",https://www.boatos.org/politica/doria-vai-fazer-lockdown-total-apos-dia-das-maes-sao-paulo.html,0
8207,Facebook faz anúncios em grandes jornais dos EUA para criticar políticas de privacidade da Apple,"Rede social diz que restrições sobre informações coletadas em iPhones prejudica pequenos negócios, pois recurso limita alcance de publicidade segmentada.",o facebook criticar o apple anúncio publicar jornal unir alegar político privacidade fabricante iphone prejudicar pequeno negócio o o limitar o capacidade segmentação publicidade exibir redar social o propaganda página inteiro aparecer new york times washington post e wall street journal n quarta-feira pedir publicitário o facebook enfrentar o apple pequeno negócio o crítico relacionar o atualização ios exigir aplicativo iphone e ipad pedir claro s pessoa permissão o coleta e o rastrear cruzar serviço e site,política, 16/12/2020 11h38 , Por G1 ,https://g1.globo.com/economia/tecnologia/noticia/2020/12/16/facebook-faz-anuncios-em-grandes-jornais-dos-eua-para-criticar-politicas-de-privacidade-da-apple.ghtml,1
8208,"Anvisa toma lugar de Deus, distorce lei e escancara politização. CPI já!  ",,"o agência nacional vigilância sanitário resolver emitir noto 11.393 toque — dever 11.394 o agência errar o nome brasil o palavra aparecer texto — esforçar soer deliberar falar explicar e causar confusão o capacidade comunicar o distinto público mostrar o forte ah reinaldo falir ciência e o público leigar errar o problema justamente o glorioso agência nacional vigilância sanitário resolver enveredar terreno especulação político oferecer interpretação texto legar e competência coincidir fato haver novidade fala-se prazo afirmar valente bastir dia conceder o selar agência o emergencial vacinar saborear texto o anvisa trazer caroço mordido cuspir o trololó comedir assim:""diante medir regulatórias adotadas agência e cenário emergencial vacinar o covid-19 o anvisa comunicar ... e sequência 11.248 toque dever 11.249 ...",saúde,15/12/2020 06h55 ,15/12/2020 06h55 ,https://noticias.uol.com.br/colunas/reinaldo-azevedo/2020/12/15/anvisa-toma-lugar-de-deus-distorce-lei-e-escancara-politizacao-cpi-ja.htm,1
8209,"

Diretor-presidente da Anvisa diz que população corre risco grave ao tomar vacinas #boato 
","Boato – Em entrevista à CNN, o diretor-presidente da Anvisa, Antonio Barra Torres, alertou que a população corre risco grave ao tomar vacinas e diz que “é um tiro no escuro”.",urgente diretor presidente anvisa admitir população correr riscar gravar o o tomar o vacinar declarar entrevisto tirar o direito anvisa analisar necessário o liberação vacinar ninguém o tomar e benefício risco correr o vacinar tirar escuro e pagar pra,saúde,15/02/2021,"
Edgard Matsuki ",https://www.boatos.org/saude/diretor-presidente-anvisa-diz-populacao-corre-risco-grave-ao-tomar-vacinas.html,0
8210,"Sputnik: Veto da Anvisa foi político, diz chefe de comitê científico do NE  ",,o coordenador comitê científico consórcio nordeste o ex-ministro ciência e tecnologia sergio machadar rezende afirmar o o uol dúvida o decisão anvisa agência nacional vigilância sanitário vetar o importação vacinar russo sputnik político e argumento surpreendente absurdo absolutamente convencido o motivação político e razão d rússia e o presidente achar país comunista e o outro o iniciativo comprar vacinar governador nordeste e o comedir existir problema o presidente e o nordeste votação região sergio machadar rezende coordenador comitê científico consórcio nordeste rezende o anvisa aprovar vacinar adenovírus composição o oxford e o johnson johnson o argumentar levantar surpreso,saúde,28/04/2021 04h00 ,Carlos Madeiro,https://noticias.uol.com.br/saude/ultimas-noticias/redacao/2021/04/28/sputnik-veto-da-anvisa-foi-politico-diz-chefe-de-comite-cientifico-do-ne.htm,1
8211,"Em 3º no Ibope, Boulos diz que só ele impede um 2º turno ""Bolsodoria"" em SP  ",,guilherme boulos psol aparecer pesquisar ibope divulgar n domingo jornal o s.paulo intenção votar o prefeitura paulo deputar federal celso russomanno republicano e prefeito brunir cova psdb o margem errar russomanno e cova empatar limitar margem errar o coordenador mtst movimentar trabalhador teto apesar aparecer numericamente frente tecnicamente empatar o ex-governador márcio frança psb ostentar acordar o margem errar boulos o e frança o o margem colocar tecnicamente empatar arthur val patriota e joice hasselman psl intenção votar tesar atingir limitar margem indicar candidatura o único impedir turno bolsodoria impedir candidatar apoiar joão doria e outro jair bolsonaro disputar turno afirmar boulos coluna melhor posicionar esquerdo o pesquisar ibope jilmar tatto pt marino helou redar orlar silvar pc b e vero lúcia pstu aparecer antonio carlos silvar pco,política,20/09/2020 10h35Atualizada em 20/09/2020 16h19 ,20/09/2020 10h35Atualizada em 20/09/2020 16h19 ,https://noticias.uol.com.br/colunas/leonardo-sakamoto/2020/09/20/em-3-no-ibope-boulos-diz-que-so-ele-impede-um-2-turno-bolsodoria-em-sp.htm,1
8212,"Flamengo está liderando um movimento que não faz sentido, diz Flávio Gomes  ",,flávio gomar o flamengo irresponsável o o defender o retornar futebol debater durante o dia fox hoje o declaração médico márcio tannure o comentarista questionar o posturar atual campeão brasileiro e libertador responsável protocolo saudar utilizar rubro-negro retomar treinamento tannure acreditar o população acabar contaminar coronavírus o flamengo gastar o presidente rodolfo landim dinheiro monitoramento jogador e e mandar gente dinheiro demitir funcionário cuidar vidar d precisar achar açodamento flamengo acelerar voltar pensar futebol n aberração o brasil o país óbito mundo dia e o flamengo liderar movimentar o sentir gomar protocolo segurança obviamente cumprir clube simplesmente haver condição financeiro bomba-relógio mim o o flamengo irresponsabilidade completar ... lamentar médico liderar processar o país sofrer maneiro dramático trágico e o flamengo mau mundo completar o comentarista,saúde,28/05/2020 12h43 ,28/05/2020 12h43 ,https://www.uol.com.br/esporte/futebol/ultimas-noticias/2020/05/28/flamengo-volta-treinos-coronavirus.htm,1
8213," Bolsonaro não pretende extinguir o IPVA, imposto sobre automóveis  ",,mensagem circular rede social afirmar o presidente jair bolsonaro pretender o o impor propriedade veículo automotor ipva hoje cobrar anualmente o brasil o intenção adotar o modelar americano envolver único taxação atar comprar veículo postagens o informação compartilhar acompanhar elogio proposto imposto progresso e justo decisão frase o bolsonaro presidente e orgulhar comentário vê-se comemoração alertar o notícia falso o presidente jair bolsonaro afirmar publicamente pretender acabar o ipva e possuir projeto algum n sentir informar o assessoria comunicação presidência repúblico notícia falso persistir e modificar acrescentar representante planalto,brasil,15/07/2019 04h00 ,Anita Grando Martins,https://noticias.uol.com.br/confere/ultimas-noticias/2019/07/15/bolsonaro-nao-pretende-extinguir-o-ipva.htm,0
8214,Entidades científicas se mobilizam para incentivar vacinação contra Covid-19,"Objetivo é esclarecer as dúvidas sobre as vacinas, combater a disseminação de notícias falsas e mostrar que a vacinação não deve ser tratada como uma decisão individual.",semana o agência nacional vigilância sanitário anvisa aprovar o emergencial coronavac e vacinar oxford cientista e entidade criar o campanha “ vacinar ” o objetivo esclarecer dúvida vacinar combater o disseminação notícia falso e mostrar o vacinação tratar decisão individual “ o vacinar tratar pacto o sociedade o vírus parir circular vacinar proteger voltar tomar o vacinar ” flávia ferrari observatório covid-19 br o portal vacinar trazer informação o vacinação formato – texto áudio imagem e vídeo – compartilhar rede social,ciência, 21/01/2021 12h56 , Por G1 ,https://g1.globo.com/bemestar/vacina/noticia/2021/01/21/entidades-cientificas-se-mobilizam-para-incentivar-vacinacao-contra-covid-19.ghtml,1
8215,Veja o que é #FATO ou #FAKE no discurso de Bolsonaro na ONU,"Em vídeo gravado, em razão da pandemia, presidente diz que Brasil é vítima de uma campanha brutal de desinformação sobre a Amazônia e o Pantanal.",o presidente jair bolsonaro discursar n terça-feira 75ª assembleia nação unir onu o falir apresentar vídeo gravar causar pandemia covid-19 o reunião onu n ano basear entidade york virtual o equipar fato fake checar principal declaração bolsonaro ler “florestar úmida e permitir o propagação fogo interior o incêndio acontecer praticamente o o entornar ler florestar o caboclo e o índio queimar roçar buscar suar sobrevivência desmatadas”,política, 22/09/2020," Por Clara Velasco, Laís Modelli, Roney Domingos, Alexandro Martello, Hellen Guimarães e Roberta Pennafort, G1, O Globo e CBN ",https://g1.globo.com/fato-ou-fake/noticia/2020/09/22/veja-o-que-e-fato-ou-fake-no-discurso-de-bolsonaro-na-onu.ghtml,0
8216,Veja o que é #FATO ou #FAKE no discurso de Bolsonaro na ONU,"Em vídeo gravado, em razão da pandemia, presidente diz que Brasil é vítima de uma campanha brutal de desinformação sobre a Amazônia e o Pantanal.",o presidente jair bolsonaro discursar n terça-feira 75ª assembleia nação unir onu o falir apresentar vídeo gravar causar pandemia covid-19 o reunião onu n ano basear entidade york virtual o equipar fato fake checar principal declaração bolsonaro ler “o queimar o pantanal consequência inevitável alto temperatura somar o o acúmulo massa orgânico decomposição”,política, 22/09/2020," Por Clara Velasco, Laís Modelli, Roney Domingos, Alexandro Martello, Hellen Guimarães e Roberta Pennafort, G1, O Globo e CBN ",https://g1.globo.com/fato-ou-fake/noticia/2020/09/22/veja-o-que-e-fato-ou-fake-no-discurso-de-bolsonaro-na-onu.ghtml,0
8217,Veja o que é #FATO ou #FAKE no discurso de Bolsonaro na ONU,"Em vídeo gravado, em razão da pandemia, presidente diz que Brasil é vítima de uma campanha brutal de desinformação sobre a Amazônia e o Pantanal.",o presidente jair bolsonaro discursar n terça-feira 75ª assembleia nação unir onu o falir apresentar vídeo gravar causar pandemia covid-19 o reunião onu n ano basear entidade york virtual o equipar fato fake checar principal declaração bolsonaro ler “o semestre apesar pandemia verificar aumentar ingressar investimento comparação o período ano passar comprovar o confiança mundo governar”,política, 22/09/2020," Por Clara Velasco, Laís Modelli, Roney Domingos, Alexandro Martello, Hellen Guimarães e Roberta Pennafort, G1, O Globo e CBN ",https://g1.globo.com/fato-ou-fake/noticia/2020/09/22/veja-o-que-e-fato-ou-fake-no-discurso-de-bolsonaro-na-onu.ghtml,0
8218,"

Filha de presidente da OAB recebeu R$ 790 mil da Lei Rouanet para atuar em peça de teatro #boato 
","Boato – Aos 13 anos, Duda Santa Cruz, filha do presidente da OAB (Felipe Santa Cruz), protagoniza peça de teatro e ganha mais de R$ 790 mil da Lei Rouanet para isso.","“ filho presidente oab ano idade receber real lei rouanet pra pedir teatro ” “ filho presidente oab beneficiar 790.000,00 lei rouane pra brincar atriz o ano o pagamento imposto defender o lula e o pt bandido e protótipo bandidinha … filha-de-presidente-da-oab … .. comunista caviar caro pau coragem o dignidade bancar o brincadeira teatro filho brasileiro pagar apesar contrato milionário fraudulento licitação o petrobras … promoção pedir infantil filho presidente oab criança seriar salvo pobreza e miséria n país quantiar criminoso ”",política,06/08/2019,"
Kyene Becker ",https://www.boatos.org/politica/filha-presidente-oab-santa-cruz-lei-rouanet.html,0
8219,Polícia argentina detém 200 pessoas que violaram ordem de isolamento  ,,o polícia argentino prender hoje pessoa violar o ordem isolamento preventivo e obrigatório evitar o propagação coronavírus província buenos aires haver denúncia pessoa fugir quarentenar d o o pessoa detido resistir s autoridade,saúde,20/03/2020 20h15 ,20/03/2020 20h15 ,https://noticias.uol.com.br/internacional/ultimas-noticias/2020/03/20/policia-argentina-detem-200-pessoas-que-violaram-ordem-de-isolamento.htm,1
8220,"

Papa diz que estamos no fim dos tempos e pede preparação para o apocalipse #boato 
",Boato – ,o papar francisco ficar claro o apocalipse iminente ataque terrorista parir homem afirmar agir islâmico enviar onda chocar o mundo denunciar ataque e afirmar o valorar islâmico justificar abater sentir equivalente o blasfêmia atar brutal reflexo advertência jesus condição levar o mundo escriturar bíblico referente o dia referência guerra fome e catástrofe cósmico evidente ano dia “ o sol escurecer e o lua o luzir estrelo cair céu e céu abalar ”,entretenimento,,"
Raiane Gonoli ",https://www.boatos.org/religiao/papa-fim-dos-tempos-apocalipse.html,0
8221,China reporta mais 109 casos de Covid-19 e teme risco do Ano Novo Lunar  ,,"O temor de uma nova onda de casos de coronavírus cresceu na China continental antes do Ano Novo Lunar no próximo mês, após autoridades relatarem neste domingo 109 novos casos de Covid-19, a maioria na província de Hebei, perto de Pequim. Embora a contagem de novos casos em 16 de janeiro tenha sido menor do que 130 no dia anterior, a China viu na semana passada o número de casos diários saltar para o máximo em 10 meses. A tendência inquietante surgiu enquanto uma equipe de investigadores liderada pela Organização Mundial da Saúde (OMS) segue em quarentena na cidade de Wuhan, onde a doença foi detectada pela primeira vez no final de 2019. A equipe vai investigar as origens da pandemia que já matou mais de 2 milhões de pessoas em todo o mundo.",saúde,17/01/2021 12h16 ,17/01/2021 12h16 ,https://noticias.uol.com.br/ultimas-noticias/reuters/2021/01/17/china-reporta-mais-109-casos-de-covid-19-e-receio-aumenta-antes-de-ano-novo-lunar.htm,1
8222,Covid-19: professora morre após paramédico dizer que era ataque de pânico  ,,o professorar rana zoar mungin ano morrer unir sofrer complicação decorrente covid-19 doença causar coronavírus febre dificuldade respirar e comorbidades paramédico achar atacar pânico asma e hipertenso — condição o colocar riscar — rana dispensar pronto-socorro saudar piorar irmão o enfermeiro miar brigar o melhor atendimento o paramédico insinuar atacar pânico ficar conseguir respirar o irmão o o site notícia pix11 york tentativo médico testar covid-19 haver teste suficiente março dia procurar ajudar o covid-19 rana zoar finalmente aceito hospital brookdale n condição respiratório e precisar intubação e ventilador,saúde,28/04/2020 18h03 ,28/04/2020 18h03 ,https://noticias.uol.com.br/internacional/ultimas-noticias/2020/04/28/professora-morre-de-covid-19-apos-medico-dizer-que-era-so-ataque-de-panico.htm,1
8223,"

Manifestação pró-Bolsonaro de 1º de maio de 2021 é a maior da história, admite Globo #boato 
",Boato – A Globo admitiu que a manifestação pró-Bolsonaro que ocorreu no dia 1º de maio de 2021 é a maior da história e que teve mais volume do que a favor do impeachment de Dilma.,pandemia manifestação pró-governo dia ° maio manifestação o impeachment ex-presidente dilma o policiar militar cercar milhão pessoa ruir n sábado dia trabalhador prol manifestação bolsonaro acontagem feito cidade brasileiro capitar importante paulo e rir janeiro hu-mi-lhan-te globo admitir manifestação pró bolsonaro n maio o história – o vídeo globo admitir manifestação pró bolsonaro o história,política,02/05/2021,"
Edgard Matsuki ",https://www.boatos.org/politica/manifestacao-pro-bolsonaro-1o-de-maio-2021-maior-da-historia-admite-globo.html,0
8224,"May, Macron, Trudeau: chefes de Estado desejam melhoras a Boris Johnson  ",,político e chefe mundo rede social desejar melhorar o o ministrar reinar unir bori johnson levar uti unidade terapia intensivo apresentar piorar quadrar infecção coronavírus theresa may antecessor johnson o manifestar pensamento e oração bori johnson e família tratar hospital vírus horrível discriminar pegá-lo espalhá-lo ficar casar e salvar vidar escrever twitter my thoughts and prayers arar with and his family he continuar to receive treatment in hospital.this horrific virus doar not discriminate anyone can get it anyone can spread it please stayhomesavelives,saúde,06/04/2020 18h32Atualizada em 06/04/2020 21h09 ,06/04/2020 18h32Atualizada em 06/04/2020 21h09 ,https://noticias.uol.com.br/internacional/ultimas-noticias/2020/04/06/may-macron-trudeau-chefes-de-estado-desejam-melhoras-a-boris-johnson.htm,1
8225,"Após três meses, Espanha vive último dia do estado de alerta por causa do coronavírus ","Uso de máscaras segue obrigatório quando não se puder respeitar a distância de 1,5 metro sob pena de multa. 'Continuamos vulneráveis', diz premiê. ","o espanha viver n sábado o dia alertar causar coronavírus haver o país europeu atingir pandemia covid-19 viver restrição tentativo combater o doença primeiro-ministro espanhol pedrar sánchez afirmar o país seguir vulnerável e pedir colaboração população o alertar encerrar restrição mobilidade significar o medir distanciamento social e reforçar higiene o máscara obrigatório respeitar o distância 1,5 metro peno multar euro r$ o ambientar trabalhar adotar medir segurança adoção turno evitar aglomeração controlo sanitário aeroporto permanecer vigor fronteiro vizinho europeu reaberto exceção portugal permissão circular país o 1º julho o o espanha reabrir fronteiro país união europeu",saúde, 20/06/2020 12h30 , Por G1 ,https://g1.globo.com/mundo/noticia/2020/06/20/apos-tres-meses-espanha-vive-ultimo-dia-do-estado-de-alerta-por-causa-do-coronavirus.ghtml,1
8226,"
  Angélica não disse que sua família com Luciano Huck não tomará a vacina contra a covid-19","Publicações compartilhadas milhares de vezes em redes sociais desde meados de janeiro asseguram que a apresentadora da rede Globo Angélica disse, à rádio Jovem Pan, que nem ela, nem sua família tomarão a vacina contra a covid-19. Isso é falso. A esposa de Luciano Huck, também apresentador da emissora e possível candidato à Presidência em 2022, não deu nenhuma entrevista a este veículo desde o início da pandemia. Em sua conta no Instagram, Angélica disse que todos em sua família irão se vacinar.Envie-nos por WhatsApp Email",“ angélico esposo luciano huck entrevistar jovem pan o brasileiro tomar vacinar chino o repórter perguntar coragem tomar o vacinar e o família d preciso tomar vacinar o imunidade alto ” o texto compartilhar 3.500 facebook o dia janeiro o alegação replicar twitter e instagram começar o circular dia lançamento campanha oficial vacinação o coronavírus brasil dia o governador paulo joão doria haver aplicar o vacinar o doença país imediatamente o agência vigilância sanitário anvisa aprovar o imunizante desenvolver farmacêutico chinês sinovac biotech parceria o instituto butantan,brasil,21/01/2021 às 21:55,AFP Brasil,https://checamos.afp.com//angelica-nao-disse-que-sua-familia-com-luciano-huck-nao-tomara-vacina-contra-covid-19,0
8227,"

Médico da Bélgica está certo ao falar que vacinas não têm comprovação, mudam DNA e controlam pessoas pelo 5G #boato 
","Boato – Dr. Johan Denis, da Bélgica, afirma que vacinas não são seguras, alteram o DNA e controlam pessoas pelo 5G.",“ nome dr johan denis bélgica o vacinar corona comprovadamente seguro eficaz haver emergência médico pandemia falso o coronavírus termo nocividade mortalidade e transmissibilidade comparável o temporada gripar e rejeitar o extremar medir desproporcionar tomar governar haver emergência o situação orquestrar ficar medo o suficiente tomar o vacinar vacinar provar segurar desenvolvido rápido idear efeito o longo prazo necessita-se investigação pressa emergência mudar o dna irreversível e irreparável futuro geração experimentar humanidade mim paciente ente querido cobaia haver nanotecnologia presentar n vacinar nanobots hidrogel desenvolvido militar haver forte indício virar fantochar controlável smartphone conectar o redar g e inteligência artificial d perder humanar informe-se decidir informação útil encontrar site robert kennedy abençoar ”,saúde,17/12/2020,"
Kyene Becker ",https://www.boatos.org/saude/medico-belgica-vacinas-nao-tem-comprovacao-mudam-dna-controlam-pessoas-5g.html,0
8228,"

Se eu precisar de apoio, peço a um desses b… para pegar uma bandeira, diz Bolsonaro #boato 
",Boato – Trecho de gravação da reunião ministerial mostra o presidente Jair Bolsonaro proferindo a seguinte frase: “Se eu precisar de apoio eu peço a um desses b… aí para pegar uma bandeira e balançar aqui na frente do Palácio”.,repetir palavra líder messias salvador brasil “ precisar pedir pra bostar bandeiro e balançar frente palácio ” amanhã bostar frente palácio bostar bostar precisar pedir o d bostar bandeiro e balançar frente palácio ” mito deixar gargalhar precisar pedir o merda pra balançar o porra bandeiro .olha gente e fanático merda defender cego,política,23/05/2020,"
Edgard Matsuki ",https://www.boatos.org/politica/se-eu-precisar-apoio-peco-um-b-pegar-bandeira-diz-bolsonaro.html,0
8229,É falso que China tenha doado helicópteros após visita de Bolsonaro ao país  ,,falso o informação circular rede social o governar chino doar helicóptero militar o o brasil noto enviar o o projeto o ministério defeso informar o pastar forçar armar possuir negociação recebimento helicóptero país asiático publicação o boatar circular rede social o outubro período coincidir viagem feito jair bolsonaro chino — e outubro noto oficial publicar ministério exterior tampouco citar ganhar militar decorrência reunião o presidente brasileiro e o líder chinês,mundo,06/11/2019 17h56 ,06/11/2019 17h56 ,https://noticias.uol.com.br/comprova/ultimas-noticias/2019/11/06/e-falso-que-china-tenha-doado-60-helicopteros-apos-viagem-de-bolsonaro.htm,0
8230,É #FAKE que vídeo mostre Mandetta ao lado de Gilmar Mendes em Lisboa ,"Alegação falsa acompanha vídeo que mostra ataque contra ministro do STF no ano passado, mas agenda oficial do ex-ministro aponta que sua presença no local não era possível.",circular rede social vídeo mostrar homem passar ruir gritar palavra o ministrar gilmar mendes supremo tribunal federal stf e filmar outro homem calçar o cena ocorrer ruir lisboa portugal o legendar acompanhar o vídeo mandetta e gilmar mendes bairro chiar lisboa tomar chopinho o vídeo coincidir registro internet gilmar mendes alvo hostilidade lisboa abril fato portugal participar 7º fórum jurídico lisboa ocorrer dia e abril universidade lisboa o ministrar gilmar mendes acompanhar ex-ministro mandetta íntegro noto enviar assessoria supremo tribunal federal stf henrique mandetta ministrar saudar série encontro e evento brasil n dia mostrar agendar oficial dia domingo decolando campar cuiabá dia participar lançamento campanha vacinação o influenza cuiabá e seguir brasília,política, 10/07/2020," Por Roney Domingos, G1 ",https://g1.globo.com/fato-ou-fake/noticia/2020/07/10/e-fake-que-video-mostre-mandetta-ao-lado-de-gilmar-mendes-em-lisboa.ghtml,0
8231,"Ciclone deve atingir Índia e Bangladesh, que ainda lutam contra a covid-19  ",,ciclone poderoso formar golfar bengala movimentar direção fronteiro índio e bangladesh país asiático lutar vencer o pandemia coronavírus amphan nomear forçar equivalente furacão categoria comum atlântico e supertufão pacífico meteorologista cnn mover o quilômetros horar enfraquecer entrar continente delta rir ganges quarta-feira fraco amphan causar estrago o ciclone atingir pobre povoar e infraestrutura precário depender região ganges aterrissar causar ressacar onda metro,saúde,18/05/2020 15h06Atualizada em 18/05/2020 15h10 ,18/05/2020 15h06Atualizada em 18/05/2020 15h10 ,https://noticias.uol.com.br/internacional/ultimas-noticias/2020/05/18/ciclone-deve-atingir-india-e-bangladesh-que-ainda-lutam-contra-a-covid-19.htm,1
8232,Reportagem da Globo que indica não usar máscaras é de março de 2020; recomendação mudou,,post enganir o o divulgar atual reportagem levar o o ar início pandemia covid-19 recomendação oms diferente,saúde,2021/01/11,Comprova,https://projetocomprova.com.br/publicações/reportagem-da-globo-que-indica-nao-usar-mascaras-e-de-marco-de-2020-recomendacao-mudou/,0
8233,Formato de CPI da Pandemia divide senadores e deve ser foco de discussão,,trabalhar semi-presencial comparecer comparecer o cpi prazo duração mudar começar e mudar virar totalmente presencial algum o parlamentar o o extra dia admitir o trabalhar remoto parcialmente remoto limitar o atuação cpí acreditar o único possibilidade manter atividades e o o cumprir regrar sanitário distanciamento social claro limitar o atuação hoje limitar o ideal cpi totalmente presencial o senador lasier martim defender rede social o abertura imediato cpi o abertura imediato cpis investigar omissão e crime cometido durante o pandemia covid-19 investigar o presidente governador prefeito preciso investigar respeitar o o dinheiro público e vidar população escrever martim defender aglomeração defender investigação justificar renan aliar presidente jair bolsonaro o senador ciro nogueira pp-pi defender o cpi funcionar formato presencial funcionar remoto o atuação colegiado prejudicar o decisão barroso o senador luiz carmo mdb-go alar governista o stf definitivamente ultrapassar o limitar intervenção e demonstrar incoerência o o proibir missar e culto e impor cpi presencial gerar aglomeração duvidar instalação cpi o supremo incoerente proibir missar e culto e cpi presencial presencial declarar plínio valério vídeo aliar presidente senado rodrigar pacheco dem-mg afirmar manter o entendimento o cpi funcionar formato presencial especialmente o colegiado demandar depoimento e diligência atualmente o casar remoto e previsão retomar atividades normalmente entrevisto o o econômico pacheco reforçar o cpi exigir o funcionamento presencial órgão natureza investigativa interrogatório inquirição testemunhar deve-se garantir o incomunicabilidade exame provar pericial sigilar documento guardar ambientar cpi natural feito o cpi presencial caber o o presidente o eleito membro cpi haver algum atar específico virtual critério cpi o caber o instalação afirmar,brasil, Publicado em  13/04/21 12:40 ,Julia Lindner,https://extra.globo.com/noticias/brasil/formato-de-cpi-da-pandemia-divide-senadores-deve-ser-foco-de-discussao-rv1-1-24968627.html,1
8234,Ministro das Comunicações anuncia negociações para compra de mais 100 milhões de doses da vacina da Pfizer,,"rir o ministrar comunicação fábio anunciar twitter n terça-feira o ministério saudar negociar o comprar milhão dose vacinar pfizer o negociação começar haver cercar dia e o pastar buscar celeridade o o processar o publicação repostar ministrar saudar marcelo queiroga fonte ministério saudar o negociação aquisição milhão dose extra vacinar pfizer cursar e o previsão inicial recebimento ano o cronograma entanto definir o ministério saudar contratar firmar aquisição milhão dose pfizer o entregar semestre d ano semana passar queiroga anunciar o antecipação milhão dose pfizer o semestre o previsão milhão dose chegar abril informar assessoria e o o longo maio e junho o negociação garantir lotar extra milhão cronograma divulgar março pastar prever o entregar 13,5 milhão dose maio seriar o lotar total entregar semestre o antecipação milhão unidade o brasil totalizar 15,5 milhão dose imunizante pfizer junho notícia justamente o antecipação dose vacinar pfizer frutar ação direta presidente repúblico jair bolsonaro o executivo principal pfizer resultar 15,5 milhão dose pfizer abril maio e junho — anunciar o ministrar saudar marcelo queiroga pronunciamento palácio planalto ministrar participar pronunciamento o presidente senado rodrigar pacheco dem-mg o deputar federal luizinho pp-rj representar o presidente câmara arthur lira dever morte deputar federal schiavinato pp-pr e o coordenador programar nacional imunização francieli fontano chefiar o secretariar extraordinário enfrentamento covid-19 véspera anunciar o ministrar participar entrevisto coletiva o o falir entanto permitir perguntar jornalista o pronunciamento ocorrer o reunião comitê criar organizar o combater pandemia brasil o reunião contar o presença presidente jair bolsonaro o comitê criar passar formar bolsonaro lira e pacheco representante nacional justiçar cnj queiroga atua secretário-executivo",saúde, Publicado em  20/04/21 19:45 ,Bruno Alfano,https://extra.globo.com/noticias/coronavirus/ministro-das-comunicacoes-anuncia-negociacoes-para-compra-de-mais-100-milhoes-de-doses-da-vacina-da-pfizer-24980344.html,1
8235,É #FAKE vídeo que mostra aeronave passando entre torres do Congresso,FAB afirma que vídeo é uma montagem e que não realizou esse tipo de voo. Autor conta que usou modelagem 3D para criar os vídeos.,circular rede social vídeo mostrar jato passar torre congresso brasília o vídeo circular publicação acompanhar legendar tenente recadar o congresso hoje ... exército fab e jeep consultar g1 o fab informar obviamente o vídeo tratar montagem aeronave fab realizar voar assessoria câmara e senado argumento técnico mostrar o episódio ocorrer,política, 19/01/2021," Por Roney Domingos, G1 ",https://g1.globo.com/fato-ou-fake/noticia/2021/01/19/e-fake-video-que-mostra-aeronave-passando-entre-torres-do-congresso.ghtml,0
8236,"Janeiro ultrapassa dezembro em número de mortes por Covid-19, indicam secretarias de Saúde","Mês é o segundo consecutivo, desde julho, em que as mortes de um mês superam as do mês anterior.",morte covid-19 brasil janeiro ultrapassar domingo registrar o dezembro mostrar apurar consórcio veículo imprensar juntar s secretariar saudar país o o consecutivo julho morte superar anterior dezembro 21.811 vidar perdido o doença dia 1º janeiro 20h domingo 22.105 morte covid registrar o o novembro e outubro e ficar vestir setembro gráfico médio móvel diário calcular consórcio imprensar haver tendência nacional aumentar óbito dia consecutivo janeiro – dia o o dia o parcial referente o janeiro calcular subtraindo-se morte total dezembro 194.976 total morte 20h domingo 217.081 anterior determinar o metodologia considerar o dia o o reportagem,ciência, 25/01/2021 09h48 ," Por Lara Pinheiro, G1 ",https://g1.globo.com/bemestar/coronavirus/noticia/2021/01/25/janeiro-ultrapassa-dezembro-em-numero-de-mortes-por-covid-19-indicam-secretarias-de-saude.ghtml,1
8237,"Após tentar fugir de isolamento, homem é condenado à prisão na China  ",,homem ano condenar o prisão fugir auto isolamento determinar chino contar coronavírus o departamento justiçar hong kong falsificar o nome e endereçar burlar medir restritivo o rapaz chegar hong kong noite março acordar informação cnn o regrar vigente viajante chegar dever isolar específico e dever informar o órgão fiscalização n o jovem informação falso o endereçar ficar durante o quarentenar o condenação acontecer semana o ocorrer e o governar hong kong anunciar intensificar punição violar ordem restritivo,saúde,30/03/2020 07h58 ,30/03/2020 07h58 ,https://noticias.uol.com.br/internacional/ultimas-noticias/2020/03/30/apos-tentar-fugir-de-isolamento-homem-e-condenado-a-prisao-na-china.htm,1
8238,"

Coca-Cola está dando frigobar para quem entrar em site e compartilhar link no WhatsApp #boato 
",Boato – Coca-Cola está dando um frigobar grátis para as pessoas que entrarem em um site e compartilharem um link com amigos no WhatsApp.,conquistar frigobar coca-cola clicar “ ” e seguir instrução restar frigobaresenviar responder o perguntar – coca-cola preferir normal light responder o perguntar – colocar frigobar cozinhar responder o perguntar – criar o bebido coca-cola farmácia oficinaseu frigobar exclusivo coca-cola ja pronto enviar seguir indicação compartilhar ofertar con contatos e whatsapp completar o barrir inferior compartilhar enviar frigobar coca-cola dia 0%100,entretenimento,02/07/2020,"
Edgard Matsuki ",https://www.boatos.org/tecnologia/coca-cola-dando-frigobar-entrar-site-compartilhar-link-whatsapp.html,0
8239,homem aparecer vídeo dono pousar brumadinho e morrer o rompimento barragem,,o vídeo umar bonito mensagem homem cabelar grisalhar espalhar redar social o janeiro e deixar gente emocionar o vídeo – compartilhar o facebook o dia 1º fevereiro – homem umar voz serenar e marcante narrar texto falar “ o gente ” umar mensagem bonito sobrar o o apegar s material,entretenimento,1/02/20191,gilmar lopes,https://www.e-farsas.com/homem-que-aparece-em-video-dizendo-que-vai-embora-era-dono-de-pousada-em-brumadinho-e-morreu-no-rompimento-da-barragem.html,0
8240,É #FAKE que uso de máscara de proteção faça mal à saúde tornando o sangue mais ácido,Vídeo com fala de médico do Rio de Janeiro tem viralizado. Ele é contestado pelo Ministério da Saúde e por especialistas da área.,"vídeo médico rir janeiro o máscara proteção prejudicar trocar gasoso e tornar o sangue ácido o facilitar o coronavírus proliferar organismo viralizado rede social o mensagem fake vídeo o médico joão vaz “ o máscara servir falar alguém 1,5 metro distância serventia pro vírus propagar graça o d o máscara o gás carbônico sair facilidade e mandar o ar pros pulmão levar partícula gás carbônico novamente pulmão partícula voltar o sangue trocar gasoso e gás carbônico misturar o água o acidar carbônico acidificar o sangue e acidificar propício ideal pro vírus preciso ácido ” cbn o ministério saudar rebater enfaticamente o conteúdo esclarecer “ haver embasamento técnico-científico afirmação circular rede social ‘ o o máscara o pessoa respirar gás carbônico e acabar acidificar o sangue corpo ideal o vírus ’ máscara apresentar poro permitir o realização trocar gasoso ” o órgão",saúde, 24/06/2020," Por Roberta Pennnafort, CBN ",https://g1.globo.com/fato-ou-fake/coronavirus/noticia/2020/06/24/e-fake-que-uso-de-mascara-de-protecao-faca-mal-a-saude-tornando-o-sangue-mais-acido.ghtml,0
8241,Notificações de casos serão feitas automaticamente pelos estados,,o permitir poupar realização ações vigilância transparência informação o d terça-feira notificação caso suspeito o ministério saudar feito automaticamente notificação d caso passar análise prévio pastar enquadrar critério clínico estabelecido organização mundial saudar oms o notificação poupar realizar ações vigilância transparência informação “ tratar caso individualmente eficácia comedir semana haver transmissão comunitário o notificação caso ficar alto e casar o casar o critério automático casar suspeitar e o testagem o confirmação descartar ” explicar o ministrar saudar luiz henrique mandetta,saúde,18/03/2020 00h46,"Por Silvia Pacheco, da Agência Saúde Atendimento à imprensa (61) 3315-3580 / 2351 / 3713",https://www.gov.br/saude/pt-br/assuntos/noticias/notificacoes-de-casos-serao-feitas-automaticamente-pelos-estados,1
8242,"

Banco Mundial escolhe Brasil como melhor país no combate ao coronavírus #boato 
","Boato – O Banco Mundial escolheu o Brasil como o melhor país no combate ao coronavírus. Em nota, a instituição destacou as medidas adotadas como o melhor exemplo a ser seguido para minimizar o impacto da doença na economia. ",banco mundial classificar o brasil melhor país combater o o coronavírus medir adotadas bolsonaro reconhecido banco mundial combater o o coronavírus o esquerdo odiar notícia essabanco mundial classificar o brasil melhor país combater o o coronavírus o banco mundial emitir noto orientação gerenciamento riscar e facilitação comércio durante o pandemia coronavírus e classificar o brasil melhor o seguir lidar o comércio internacional visar minimizar o impactar doença economia,saúde,11/04/2020,"
Raiane Gonoli ",https://www.boatos.org/saude/banco-mundial-brasil-melhor-pais-combate-coronavirus.html,0
8243,STF mantém o Rio no Regime de Recuperação Fiscal  ,,"o presidente stf supremo tribunal federal ministrar luiz fux decidir manter o rir janeiro rrf regime recuperação fiscal o relator acórdão o ministrar dia toffoli durante o recesso ano decidir fux terça-feira o governar rir formalizar o pedir prorrogação rrf e citar casar negativo o enfrentar colapso contar o medir ficar suspenso o cobrança débito r$ 2,9 bilião cobrar tesourar nacional",política,24/12/2020 15h14 ,Gabriel Sabóia,https://noticias.uol.com.br/politica/ultimas-noticias/2020/12/24/stf-mantem-o-rio-no-regime-de-recuperacao-fiscal.htm,1
8244,"

Kobe Bryant era maçom e membro de loja maçônica de Indiana (EUA) #boato 
",Boato – Kobe Bryant era maçom e membro de uma loja maçônica do estado de Indiana (EUA). O ex-jogador aparece na lista da Winchester F&A. Pessoas ligadas à maçonaria lamentaram a sua morte.,o excepcional jogador basquete kobe bryant o orientar eternar hoje acordar lista loja maçônica winchester f&a maçom companheiro shaquille o’neal referiu-se irmão e o filho gianna bryant sobrinho shaquille maçom pesquisar e descobrir kobe o gadu receber o e o sobrinho gianna paz e harmonia orientar eternar,entretenimento,,"
Raiane Gonoli ",https://www.boatos.org/esporte/kobe-bryant-macom-e-membro-de-loja-maconica.html,0
8245,"

Sr. Sakamoto está perdido na rodovia Raposo Tavares em Cotia (SP) #boato 
","Boato – Homem foi encontrado na rodovia Raposo Tavares, em Cotia (SP). Ele está perdido e disse que se chama Sakamoto.",“ senhor noite sr localizar pm andar rodovia raposar tavares – cotio conduzir o dp cotio pesquisar êxito falir nome sakamoto o levar o o upar atalaia – cotio gentileza divulgar achar o família d sr tks ”,brasil,21/02/2020,"
Kyene Becker ",https://www.boatos.org/brasil/sakamoto-perdido-rodovia-raposo-tavares-cotia.html,0
8246,Proteja-se do coronavírus: saiba como lavar as mãos corretamente  ,,principal maneiro prevenir o coronavírus lavar mão corretamente acima o vídeo o ação reconhecido oms organização mundial saudar principal instrumento epidemiar mostrar o hábito reduzir o contaminação vírus e bactéria causar doença gripe resfriar conjuntivite e virose higienizar o ideal água e sabão o água n casar o suficiente eliminar vírus e bactéria o recomendação lavar mão e o preparar alimento comer e tratar machucar principalmente criança e entrar contato pessoa doente o banheiro,saúde,02/03/2020 18h13 ,02/03/2020 18h13 ,https://noticias.uol.com.br/saude/ultimas-noticias/redacao/2020/03/02/proteja-se-do-coronavirus-saiba-como-lavar-as-maos-corretamente.htm,1
8247,É #FAKE mensagem atribuída a Robert F. Kennedy Jr. sobre efeitos irreversíveis causados por vacinas contra Covid-19,"Ele nega ter escrito tal texto. Além disso, especialistas refutam totalmente a teoria disseminada. Várias informações falsas já checadas têm sido espalhadas junto com o boato.",circular rede social cartar atribuir o robert f. kennedy jr o afirmação vacinar o coronavírus gerar geneticamente modificar e causar efeito irreversível o cartar mensagem robert f. kennedy jr paciente gostar chamar atenção urgência importante relacionar vacinação covid-19 história vacinação chamar vacinar mrna geração intervir diretamente material genético paciente e alterar o material genético individual o mensagem falir paciente citar autor o advogar e ambientalista robert f. kennedy jr o assessoria children s health defensar instituição dirigir negar escrever o texto o senhor kennedy médico terapeuta definitivamente d o texto entrar contato conosco,saúde, 09/09/2020," Por Roney Domingos, G1 ",https://g1.globo.com/fato-ou-fake/coronavirus/noticia/2020/09/09/e-fake-mensagem-atribuida-a-robert-f-kennedy-jr-sobre-efeitos-irreversiveis-causados-por-vacinas-contra-covid-19.ghtml,0
8248,Toffoli defende isolamento para evitar avanço do coronavírus  ,,o presidente stf supremo tribunal federal dia toffoli defender hoje pessoalmente o isolamento pessoa evitar forte aumentar caso coronavírus país converso rede social o presidente oab ordem advogar brasil felipe santo cruz o ocorrer mundo levar o crer o necessidade isolamento realmente puxar o diminuição curvo e atendimento saudar população solidariedade tomar decisão achar pensar querer senão o realidade voltar acrescentar o ministrar conformar declaração publicar site oab converso o site santo cruz apelar o toffoli priorizar mandar pagamento garantir o subsistência mínimo família visão o liberar saque depósito recursais precatório o represar o mundo abraçar o idear liquidez,saúde,30/03/2020 16h28 ,Ricardo Brito,https://noticias.uol.com.br/ultimas-noticias/reuters/2020/03/30/toffoli-defende-isolamento-para-evitar-avanco-do-coronavirus.htm,1
8249,"
  Artigo sancionado por Bolsonaro é de lei contra ‘stalking’, não contra a ação de governadores ","“Prender trabalhador agora é crime. Bolsonaro sanciona lei que permite processar criminalmente governadores e prefeitos tiranos”, garantem publicações amplamente compartilhadas em redes sociais desde o início de abril. As postagens se baseiam em um artigo que realmente foi sancionado, mas em uma lei contra a prática de ‘stalking’ - contatos forçados entre um agressor e a vítima - e não sobre a ação de autoridades para garantir o cumprimento das medidas de combate à covid-19.Envie-nos por WhatsApp Email",compartilhar 1.500 facebook e twitter o o o dia abril publicação citar evidência o seguinte artigo lei 14.132/2021 “ constituir crime ‘ perseguir alguém reiteradamente e ameaçando-lhe o integridade físico psicológico restringindo-lhe o capacidade locomoção invadir perturbar esfera liberdade privacidade ’ ” o conteúdo ganhar forçar governo locar endurecer medir restrição reduzir o propagação covid-19 proibir o funcionamento comércio considerar essencial caso trabalhador desrespeitar decreto detido policiar,brasil,13/04/2021 às 21:44,AFP Brasil,https://checamos.afp.com//artigo-sancionado-por-bolsonaro-e-de-lei-contra-stalking-nao-contra-acao-de-governadores,0
8250,podcast o vidar caverna o homeopatia realmente funcionar,"nesse episódio do podcast a vida fora da caverna, daniel prado nos traz explicações embasadas sobre a pergunta: a homeopatia funciona?",bem-vindos parceria o e-farsas e o mágico ilusionista daniel prado o podcast o vidar caverna,saúde,5/04/20201,gilmar lopes,https://www.e-farsas.com/podcast-a-vida-fora-da-caverna-a-homeopatia-realmente-funciona.html,0
8251,"

Senado da Itália aprova tratamento precoce (hidroxicloroquina e ivermectina) contra Covid-19 #boato 
","Boato – Por 212 votos 2, o Senado da Itália aprovou o uso do tratamento precoce contra a Covid-19. Senadores liberaram o uso de remédios como hidroxicloroquina e ivermectina.",senado itália aprovar o tratamento precoce covid-19 itália negacionista culpar bolsonaro voto o senador entender o tratamento domiciliar salvar vidar o agendar assinar parlamentar o governar tomar medir o estabelecimento protocolo nacional único domiciliar tratamento precoce o hidroxicloroquina,mundo,16/04/2021,"
Edgard Matsuki ",https://www.boatos.org/mundo/senado-italia-aprova-tratamento-precoce-hidroxicloroquina-ivermectina-contra-covid-19.html,0
8252,"

Eficácia da Coronavac é de 3% a 50% em idosos e será questionada na Justiça #boato 
","Boato – A eficácia da Coronavac ficou entre 3% e 50% em idosos com 70 e 80 anos. Por isso, ela será questionada na Justiça.",eficácia coronavac questionar justiçar e médico sugerir imunização vacinar o recente resultar eficácia vacinar coronavac instituto butantan sinovac divulgar paulo causar enxurrar processo judiciar o o fato eficiência imunizante importar chino variar e pessoa o ano pessoa tomar dose coronavac requerer imunização dose laboratório,saúde,29/05/2021,"
Edgard Matsuki ",https://www.boatos.org/saude/eficacia-coronavac-de-3-a-50-idosos-sera-questionada-justica.html,0
8253,"

Lula planeja golpe de estado para se livrar de acusação de tráfico de drogas #boato 
",Boato – Site espanhol denunciou que Lula está planejando um golpe de estado no Brasil com o intuito de se livrar de uma acusação por tráfico de drogas nos Estados Unidos.,o portal espanhol publicar artigo o tentativo golpe o presidente jair bolsonaro andamento brasil o estratégia o divulgação notícia falso veículo comunicação d abertamente alinhar opositor presidente associar sensação histeria e medo provocar imprensar função pandemia coronavírus lula objetivos criar crise regional servir impedir o quedo iminente madurar e encobrir o envolvimento foro paulo e o tráfico internacional drogar madurar acusar narcoterrorismo e conspiração exportar cocaína o o país norte-americano e recompensar capturar,política,08/04/2020,"
Edgard Matsuki ",https://www.boatos.org/politica/lula-planeja-golpe-de-estado-livrar-acusacao-trafico-drogas.html,0
8254,"

Caio Coppolla é demitido da CNN e escreve texto sobre “momento que vivemos” #boato 
","Boato – Depois de ser demitido da CNN, o comentarista Caio Coppolla escreveu um texto em que condena políticos do PT, PSDB, MDB, membros do Judiciário e de partidos de direita que romperam com Bolsonaro.",repassar … longo o texto perfazer valer o peno ler e refletir cair copolla demitir cnn comentário c o ditatorial e anti democrático stf postagem o viver conseguir curtir palavra vc desejar brasil melhor crer valer ler o final.sabemos país dominar elite político trocar cadeira trocar o corrupção roubar portugal e hoje elite maquiavélico distribuir água interior nordestino oferecer educação inventar gasto e necessidade q único focar manter o “ presar ” e devedor ganhar voto enfrentar estudar e inteligente e mentir moço e bandido psdb e pt aliar e pmdb aliar d novidade pra ninguém!muito ano graça o lavar jato encabeçar morar descobrir o enganar nascer anistiados e hoje entender o pq fugir safar metido sujeira aparecer bolsonaro prometer tirar brasileiro julgar d elite corrupto e acreditar n haver outro derrubar o pt ganhar eleição incrível parecer cumprir o prometer limpar ministério universidade estatal renovar o político n país acabar o corrupção enfim o q querer … palavra establishment status quo pq texto compartilhar pessoa infelizmente conhecer significar explicar simples o viver o o querer d país melhor bolsonaro tampar vazamento máquina brasil perder dinheiro o buracar tampar equipar consertar ficar boca esclarecer n analogia equipar empregar o melhor solução consertar o brasil e formar ludibriar consertar continuar mamar vazamentos.a buracar tampar equipar perder boca o horar reunir e falar “ gente acabar caro ficar mordomia tirar descobrir vazamento criar e preso ” gente mecanismo o vapor globo folhar uol leitão blogueiros vira-casacas cacique empresário desonesto oposição salvar buraco … continuar preferir caro verdadeiro falar o ladrao campeão oratória.como vc ajudar bolsonaro e o vc corja simples começar o postar q o bolsar parir compartilhar globo folhar uol o matéria cão adotados vídeo d corja deslike e principalmente deixar segui-los rede social perfil aberto querer buscar lupa e ler forçar o pq absolutamente continuar mamar teta brasil e comentar abaixar concordar casar concordar amigo tomar conhecimento d tramar voltar o o e criar ps sentir bostar deixar votar fhc joyce dório e sentir enganar e merda entender vc perfeitamente ”,política,11/05/2020,"
Edgard Matsuki ",https://www.boatos.org/politica/caio-coppolla-e-demitido-cnn-escreve-texto-momento-vivemos.html,0
8255,"Fontes russas disparam enxurrada de desinformação sobre coronavírus, diz Comissão Europeia","Vladimir Putin, presidente da Rússia, por outro lado, tem acusado inimigos externos de distribuírem informações falsas no país para causar alarde sobre pandemia.",o união europeu receber enxurrar desinformação o epidemiar coronavírus espalhar fonte rússia semana afirmar porta-voz comissão europeu agência reuters n terça-feira o unidade político externo comissão europeu intensificar o monitoramento e identificar e expor atividades desinformação desempenhar fonte russo afirmar o porta-voz o presidente russo vladimir putin acusar inimigo externo atacar o país notícia falso disseminação pânico o pandemia coronavírus o cortar constitucional rússia decidir n válido e acordar o lei proposto mudança constituição permitir o o presidente vladimir putin permanecer,política, 17/03/2020 17h59 , Por G1 ,https://g1.globo.com/economia/tecnologia/noticia/2020/03/17/fontes-russas-disparam-enxurrada-de-desinformacao-sobre-coronavirus-diz-comissao-europeia.ghtml,1
8256,"SP recebeu R$ 5,7 bi da União para combater pandemia, e não R$ 135 bi  ",,enganoso o informação contido post o facebook pelar deputar estadual valéria bolsonaro o o parlamentar afirmar o governar federal enviar r$ bilião o o governar paulo e o governador joão doria psdb deixar morrer gente falto leito uti o o o parlamentar o entender o r$ bilião destinar o o governar paulista parir o combater pandemia o verdade r$ bilião constar umar publicação dia fevereiro governar federal o afirmar feito repasse r$ bilião o o e município o o longo verificar pelar comprovar,brasil,06/07/2021 12h19 ,06/07/2021 12h19 ,https://noticias.uol.com.br/comprova/ultimas-noticias/2021/07/06/sp-recebeu-r-57-bi-da-uniao-para-combater-pandemia-e-nao-r-135-bi.htm,0
8257,"

Magazine Luiza sorteia TV de 50 polegadas em site no WhatsApp e no Facebook #boato 
","Boato – O Magazine Luiza está sorteando 100 smart TVs de 50 polegadas. Para ganhar, é só “adivinhar número no Facebook” e compartilhar link de site no WhatsApp com amigos.",o magazine luiza sortear tv 50″ prêmios acertar o numerar premiar abrir o foto comentar numerar o mudar cor chamar chat ganhar horar perder abrir o foto e comentar promoção magazineluiza concorrer o smart tv polegada smart tv ’ s esperar acesse site promoção e participar .. site versão vir o novidadesnet.space,entretenimento,14/10/2019,"
Edgard Matsuki ",https://www.boatos.org/tecnologia/magazine-luiza-sorteia-tv-50-polegadas-whatsapp-facebook.html,0
8258,Afastado por 180 dias: STJ analisa semana que vem se Witzel retoma cargo  ,,o cortar especial superior tribunal justiçar stj analisar o afastamento wilson witzel psc governar rir janeiro semana o órgão formar ministro antigo stj reúne-se quarta-feira hoje o ministrar benedito gonçalves decisão monocrática afastar witzel cargo dia mandar prender investigar e autorizar ações buscar e apreensão o cortar especial reverter manter o decisão gonçalves ministrar contar o o uol o análise afastamento órgão stj depender pedir defeso lei resumir outro colega discordar avaliar necessário pedir o prudência recomendar marcar o sessão logo.a decisão gonçalves o referendar explicar outro ministrar manter witzel afastar fazê-lo retomar cargo o cortar especial julgar caso relacionar o governador o sessão marcar 14h setembro e transmitir o o viver rede social stj,política,28/08/2020 13h41Atualizada em 28/08/2020 14h11 ,Eduardo Militão,https://noticias.uol.com.br/politica/ultimas-noticias/2020/08/28/corte-especial-stj-avalia-afastamento-wilson-witzel-semana-que-vem.htm,1
8259,"'Nem atenderia telefone', diz Nicolelis, se fosse convidado a ser ministro  ",,o crise saudar brasileiro afeta algum contribuir solucionar o drama viver atualmente causar condução governar jair bolsonaro pandemia covid-19 especialista negar o vincular o nome o o acontecer país questionar apresentador clero carla bigatto aceitar assumir o ministério saudar o médico e neurocientista miguel nicolelis claro durante o episódio podcast político uol governar atender o telefonar responder o 48:50 vídeo acima criança cientista profissional ano carreira e servir comissão internacional atender o telefonar verdade e jogar reputação lixar acrescentar,política,20/03/2021 15h00 ,20/03/2021 15h00 ,https://noticias.uol.com.br/saude/ultimas-noticias/redacao/2021/03/20/nem-atendia-o-telefone-diz-nicolelis-se-fosse-convidado-a-ser-ministro.htm,1
8260,"

Detran divulga novas multas valendo a partir de hoje e regra que exige renovação da CNH em 30 dias #boato 
",Boato – O Detran divulgou uma lista de novas multas valendo a partir de hoje e cria uma regra que exige renovação da CNH em 30 dias para que ela não seja cancelada.,"multar valer o hoje proibir o película escuro multar r$ 970.70 o retirar farol lanterna queimar multar r$ 910.15 lâmpada pneu ruim multar r$ 960.65 pneu ruim limpador vidro multar r$ 1.202.12 carro ruim multar r$ 1.340,89 apreensão veicular fumar guiar multar r$ 993.70 parar pedestre andar faixar multar r$ 1.358.98 insulto motorista flagrar agente trânsito multar r$ 907.23 som alto importar o horário multar r$ 469.73 rodar arar o fabricante veículo multar r$ 1.278.66*as blitzs o festa gente resolução contran n ° ficar o dica lembrar o – o hoje valer o brasil valorar reajustar multar trânsito flagrar falar o o celular r$ 1.574,00 furar sinal vermelhar 825,00 r$ 1.780,00 ultrapassar faixar continuar proibir 3.915,00 acabar o farra multinhas r$ 68,00 – r$ 485,00 – r$ 925,00 avisar o desavisadosnovas regrar detran o carteiro nacional habilitação cnh renovar durante o prazo dia o vencimento prazo o cnh cancelar automaticamente e o condutor o prestar exame novamente psicotécnico legislação e o exame ruir igual o pessoa tirar cnh falar multar tirar novamente o cnh ficar voltar r$ 3.200,00 e levar maisj o repassar ninguém desprevenir",brasil,29/09/2020,"
Edgard Matsuki ",https://www.boatos.org/brasil/detran-divulga-novas-multas-valendo-hoje-regra-renovacao-cnh-30-dias.html,0
8261,‘Motociata’ promovida por Bolsonaro em São Paulo não gerou renda de R$ 40 milhões,,atar motoqueiro promover pelar presidente jair bolsonaro paulo gerar r$ milhão empregar e render o cidade comer afirmar texto publicar site e compartilhar o rede social o estimativo feito pelar site publicar o informação basear participante o real,política,2021-06-18,Comprova,https://projetocomprova.com.br/publicações/motociata-promovida-por-bolsonaro-em-sao-paulo-nao-gerou-renda-de-r-40-milhoes/,0
8262,"Prometer vacinação para dezembro ou janeiro 'não é realista', diz brasileira que integra comitê da OMS contra covid-19  ",,horar prestar vestibular cristiana toscano o medicinar o melhor escolher carreira pensar psicologia fonoaudiologia terapia ocupacional e musicoterapia começar o despontar pai habilmente sugerir seguir o médico visão d permitir seguir d opção lembrar durante ano cursar universidade paulo incerteza aparecer e jogar dúvida escolher,saúde,26/10/2020 15h40 ,André Biernath ,https://noticias.uol.com.br/saude/ultimas-noticias/bbc/2020/10/26/prometer-vacinacao-para-dezembro-ou-janeiro-nao-e-realista-diz-brasileira-que-integra-comite-oms-contra-covid-19.htm,1
8263,Ministro dá 30 dias para Anvisa decidir sobre importação da Sputnik pelo MA  ,,o ministrar ricardo lewandowski stf supremo tribunal federal conceder hoje liminar anvisa agência nacional vigilância sanitário dia manifestar o pedir autorização protocolado governar maranhão importação vacinar sputnik v desenvolvido instituto gamaleya rússia o prazo comedir o contar março datar o enviar anvisa o pedir autorização importar o imunizante casar o agência pronunciar abril o governar maranhão automaticamente autorizar o comprar e distribuir o sputnik v o população exclusivo responsabilidade e observar cautela e recomendação fabricante e autoridade médico determinar lewandowski ... contar especialmente o preocupante quadrar sanitário nacional entender o importação vacinar maranhão representar importante reforçar s ações desenvolvido auspício planar nacional imunização notoriamente insuficiente surpreendente dinâmico propagação vírus causador pandemia ricardo lewandowski ministrar stf,saúde,13/04/2021 15h02Atualizada em 13/04/2021 15h52 ,13/04/2021 15h02Atualizada em 13/04/2021 15h52 ,https://noticias.uol.com.br/saude/ultimas-noticias/redacao/2021/04/13/ministro-da-30-dias-para-anvisa-decidir-sobre-importacao-da-sputnik-pelo-ma.htm,1
8264,EUA: Cerca de 60% com mais de 65 anos receberam ao menos uma dose da vacina  ,,cercar pessoa ano receber o o dosar vacinar covid-19 unir análise cdcs centro controlo e prevenção doença e censo país feito emissor norte-americana cnn acordar o levantamento cercar residente país ano totalmente vacinar o significar receber dose vacinar desenvolvido farmacêutico pfizer biontech moderno injeção vacinar johnson johnson dosar único imunizante aprovar autoridade regulador país o vacinação idoso importante riscar o covid-19 cdc pessoa o ano probabilidade hospitalizar e 1.100 chance morrer decorrência covid-19 comparação alguém o ano,saúde,09/03/2021 14h24 ,09/03/2021 14h24 ,https://noticias.uol.com.br/internacional/ultimas-noticias/2021/03/09/eua-cerca-de-60-com-mais-de-65-anos-receberam-ao-menos-uma-dose-da-vacina.htm,1
8265,o filmar malucar o pedaço estrear,,o vídeo minutar duração e vestir milhão vezar umar publicação o respeitar o facebook surgir o semana março o trailer seriar anúncio umar e esperar estrear umar adaptação parir o cinema série humorístico malucar o pedaço série estrear o brasil o ano,entretenimento,12/03/2019,gilmar lopes,https://www.e-farsas.com/o-filme-um-maluco-no-pedaco-vai-estrear-em-2019.html,0
8266,"No Amazonas, pacientes pedem na Justiça transferência para outros Estados  ",,sentença seguir juiz itacoatiara cidade vizinho o manaus determinar o bloquear r$ cofre o motivar o descumprimento decisão transferir imediatamente paciente covid-19 o capital o magistrado pessoa n município correr o riscar morrer transferir semana o amazona viver o colapso saudar leito e insuficiência oxigênio hospitalar o alternativo família buscar tribunal vago o justiçar resolver o problema d pessoa hospitalizar precisar leito uti conformar sister precisar transferência urgente precisar uti haver leito itacoatiara o amazona devidamente intimar cumprimentar decisão e o manifestar e cumprir o determinar trecho decisão juiz saulo goes pintar 1ª varar comarcar itacoatiara durante o semana e o decisão anterior paciente morrer esperar transferência,saúde,06/02/2021 14h33 ,"Liege Albuquerque, especial para AE",https://noticias.uol.com.br/saude/ultimas-noticias/estado/2021/02/06/no-amazonas-pacientes-pedem-na-justica-transferencia-para-outros-estados.htm,1
8267,Vídeo deturpa dados sobre a atuação do governo na preservação da Amazônia  ,,"vídeo viralizou rede social trazer informação deturpar o atuação atual governar combater s chamar e preservação amazônia brasileiro o produção audiovisual preservar o amazônia afirmar jair bolsonaro criar atuar proteção florestar e o história governar mobilizar forçar combater verdade ilícito ambientar verdade bolsonaro reformular o nacional amazônia legal órgão regulamentar itamar franco.ao afirmar o gestão atual prestar assistência saudar o indígena ano o gravação desconsiderar recurso voltar o população o site seguir brasil informação orçamentar público federal o verba destinar assistência o indígena o r$ 1,4 bilião",brasil,28/09/2020 18h28 ,Demarcação de terra indígena em RR não tem relação com arroz mais caro  ,https://noticias.uol.com.br/comprova/ultimas-noticias/2020/09/28/video-deturpa-dados-sobre-a-atuacao-do-governo-na-preservacao-da-amazonia.htm,0
8268,"
  A comparação do Brasil aos países europeus na vacinação não considera o tamanho da população","Publicações que posicionam o Brasil à frente em um ranking de vacinação contra a covid-19 formado por França, Itália, Espanha, Portugal e Suíça foram compartilhadas mais de 23 mil vezes nas redes sociais pelo menos desde o último 22 de maio. No entanto, embora em números absolutos de vacinados o Brasil realmente esteja à frente desses países europeus, isso não acontece quando a comparação é feita por doses administradas por cada 100 habitantes, quando o país cai para a última posição da lista viralizada. Envie-nos por WhatsApp Email","“ brasil aplicar milhão vacinar frança aplicar milhão itália aplicar milhão espanha aplicar milhão portugal aplicar milhão suíço aplicar milhão parir o brasileiro ler nado o brasil caos ” o trecho texto o imagem compartilhar publicação o facebook e o instagram    segundar o projeto our world in datar universidade oxford e basear fonte oficiar o brasil chegar o milhão dose vacinar administrar o covid-19 o dia maio d ano absoluto o país realmente aparecer frente frança 28,55 milhão dose itália 26,60 milhão espanha 21,68 milhão dia anterior portugal 4,36 milhão e suíço 3,64 milhão comer indicar o publicação e comer verificar o gráfico afp abaixar maio d ano o brasil aparecer entrar o país concentrar dose inocular o mundo chino unir índio e reinar unir",mundo,27/05/2021 às 16:01,AFP Brasil,https://checamos.afp.com//comparacao-do-brasil-aos-paises-europeus-na-vacinacao-nao-considera-o-tamanho-da-populacao,0
8269,É #FAKE que Gleisi Hoffmann disse que seca no Nordeste é 'quase um patrimônio' do país e 'não deve ser destruída' ,"Frase atribuída à deputada foi publicada por uma conta fake que se passava pela jornalista Mônica Bergamo em 2018. Hoffmann, Bergamo e o PT já desmentiram a mensagem, e conta foi suspensa do Twitter no ano seguinte.",circular rede social publicação atribuir deputar federal gleisi hoffmann pt-pr o afirmação o seco nordeste cultural quase patrimônio e destruir mensagem conteúdo começar o compartilhar e comedir e voltar o circular abril d ano chegar o simular o print postagem jornalista mônica bergamo folhar s.paulo twitter o imagem o deputar entrar liminar o projeto dessalinização água abastecer o região nordeste propor presidente jair bolsonaro época o mensagem falso começar o circular o presidente haver anunciar o intenção parceria o governar israel importação tecnologia dessalinização país,política, 12/04/2021," Por Thaís Matos, G1 ",https://g1.globo.com/fato-ou-fake/noticia/2021/04/12/e-fake-que-gleisi-hoffmann-disse-que-seca-no-nordeste-e-quase-um-patrimonio-do-pais-e-nao-deve-ser-destruida.ghtml,0
8270,Enquete em site não indica quem está na frente das pesquisas eleitorais,,enquetes controlo sobrar o amostrar população o responder e capaz indicar umar estimativo intenção votar sociedade d o site realizar o enquete estimular o internautas o compartilhar o link o rede e ajudar o candidatar preferir o voto o ferramenta,política,2021-07-16,Comprova,https://projetocomprova.com.br/publicações/enquete-em-site-nao-indica-quem-esta-na-frente-das-pesquisas-eleitorais/,0
8271,Lira comemora decisão do STF favorável ao voto presencial na eleição da Câmara  ,,o candidatar presidência câmara deputar arthur lira progressistas-al classificar riscar o possibilidade votação virtual o cargo e elogiar o decisão ministro supremo tribunal federal stf rosar weber negar n sexta-feira liminar pedir o escolher feito remotamente decisão ministro o votação acontecer plenário casar lira o possibilidade influência governador o principal problema votação virtual olhar riscar imaginar chegar e centralizar o bancada o governador boto deputar sala abrir o telefonar votar pressão instigação quebrar votar quebrar sigilar o ministro rosar weber entender atender o liminar o votar presencial o pedir liminar votação virtual mandar segurança pdt pedir híbrido permitir o deputar querer câmara escolher candidatar remotamente o argumentação o pandemia coronavírus,política,22/01/2021 13h43 ,"Leonardo Augusto, especial para o Estadão",https://noticias.uol.com.br/ultimas-noticias/agencia-estado/2021/01/22/lira-comemora-decisao-do-stf-favoravel-ao-voto-presencial-na-eleicao-da-camara.htm,1
8272,Amiens vai à Justiça contra rebaixamento após término do Campeonato Francês  ,,"O Amiens, equipe que ocupava a penúltima colocação do Campeonato Francês antes da paralisação por coronavírus, está contestando na Justiça seu rebaixamento. A diretoria do clube entrou com um processo contra a decisão da Liga de manter o descenso dos dois piores colocados após encerrar o campeonato na 28ª rodada - cada time jogaria mais 10 vezes. Em entrevista coletiva realizada hoje, o presidente do clube, Bernard Joannin, explicou os motivos pelos quais o Amiens foi à Justiça. ""A decisão do conselho de administração da Liga é injusta, inconsistente e infundada. Como podemos rebaixar duas equipes na 28ª rodada, quando falta um quarto do campeonato? Não é uma questão de dinheiro. Não estamos pedindo compensação financeira. Estamos lutando pela justiça esportiva e contra essa decisão"", disse ele.",saúde,12/05/2020 08h42 ,12/05/2020 08h42 ,https://www.uol.com.br/esporte/futebol/ultimas-noticias/2020/05/12/amiens-vai-a-justica-contra-rebaixamento-apos-termino-do-campeonato-frances.htm,1
8273,"
  O humorista Rey Biannchi foi alvo de um mandado de busca e apreensão, não de prisão, no inquérito das fake news","Uma mensagem compartilhada milhares de vezes em redes sociais, inclusive pelo deputado federal e filho do presidente Jair Bolsonaro, Eduardo Bolsonaro, afirma que o humorista Rey Biannchi foi preso na última quarta-feira, 27 de maio, à pedido do ministro do Supremo Tribunal Federal (STF) Alexandre de Moraes. A alegação é enganosa. Biannchi realmente foi alvo de um mandado assinado por Moraes, mas para busca e apreensão de evidências no âmbito do inquérito das fake news, não de prisão.Envie-nos por WhatsApp Email","“ prender humorista o ministrar stf alexandre moraes mandar prender o humorista rey biannchi inacreditável ” publicação compartilhar 7.200 facebook o dia maio postagens acompanhar vídeo biannchi criticar instituição e o movimentar político esquerdo seguro documentar e mostrar o presença agente polícia federal casar afirmar o supremo tribunal federal mandar “ investigar ” o vidar o alegação publicar deputar federal e filhar presidente jair bolsonaro eduardo bolsonaro twitter e facebook somar compartilhamentos e 1,5 milhão visualização",brasil,28/05/2020 às 21:37,AFP Brasil,https://checamos.afp.com//o-humorista-rey-biannchi-foi-alvo-de-um-mandado-de-busca-e-apreensao-nao-de-prisao-no-inquerito-das,0
8274,"
  Não existe nenhum processo contra a OMS por pulverizar um químico que causa pneumonia","Publicações compartilhadas milhares de vezes nas redes sociais desde dezembro do ano passado afirmam que a agência Reuters informou que três países europeus processaram a Organização Mundial da Saúde (OMS) por “infectar” o continente após pulverizar um químico “que causa pneumonia”. Mas essa história, relacionada à teoria da conspiração dos “chemtrails”, é falsa. A Reuters nunca publicou essa notícia e autoridades da Polônia, Suécia e Noruega negaram a suposta ação.Envie-nos por WhatsApp Email","o suposto notícia processar compartilhar 1,1 facebook o o dezembro e twitter “ extraordinário polônia suécio e noruega entrar processar o oms infectar o europa o reuters trair piloto detido admitir pulverizar produto químico causar pneumite químico ” lê-se publicação versão semelhante circular inglês sérvio espanhol e francês",ciência,22/01/2021 às 21:08,"Marion Dautry, AFP Belgrado",https://checamos.afp.com//nao-existe-nenhum-processo-contra-oms-por-pulverizar-um-quimico-que-causa-pneumonia,0
8275,Governadores questionam CPI após consultoria do Senado  ,,o fórum nacional governador encaminhar ofício cpi covid questionar item requerimento informação enviar senador atendido documentar assinar governador anexar parecer colégio nacional procuradorias-gerais e distrito federal defender obrigar o responder requerimento escopo cpi ... ler íntegro folhar,política,17/05/2021 20h16 ,17/05/2021 20h16 ,https://noticias.uol.com.br/colunas/reinaldo-azevedo/2021/05/17/governadores-questionam-cpi-apos-consultoria-do-senado.htm,1
8276,"'São Paulo dá um bom exemplo neste momento', diz vice-presidente da FPF  ",,reunião virtual realizar representante clube série a1 e federação paulista futebol fpf o vice-presidente mauro silvar exaltar o união clube pandemia coronavírus convidar dono bolar d quinta-feira o cartola afirmar clube defender o conclusão campeonato paulista e acreditar paulo covid-19 ficar feliz nenhum presidente posicionar o acabar o campeonato orgulhar futebol paulo gente realmente alinhar unidade vir clube voltar mundo juntar silvar completar achar paulo n posicionar ideal dificuldade extremo mundo sacrifício união ajudar o gente o sair d crise tranquilo clube mão,saúde,16/04/2020 14h35 ,16/04/2020 14h35 ,https://www.uol.com.br/esporte/futebol/ultimas-noticias/2020/04/16/sao-paulo-exemplo-fpf-mauro-silva.htm,1
8277, É mentira que Sergio Moro tenha pedido o fim do IPVA  ,,mensagemm circular rede social trazer mensagem atribuir o o ministrar sergio morar pedir o ipva impor o propriedade veículo automotor veículo considerar consumir e o ipva dever cobrar e ano o governar privatizar rodovia e pagar pedágio o ipva tornou-se bitributação e ilegal o extinção ipva compartilhar viralizar e acabar o ipva o mensagem viralizar ótima notícia ipva parabém sergio morar publicar internauta circular o mensagem o falso mensagem atribuir o o ministrar morar pedir o ipva proposição atribuição,brasil,20/04/2019 04h00 ,Lucas Borges Teixeira,https://noticias.uol.com.br/confere/ultimas-noticias/2019/04/20/e-mentira-que-sergio-moro-tenha-pedido-o-fim-do-ipva.htm,0
8278,Meio Ambiente: Bolsonaro diz que Brasil 'tem orgulho' de preservar Amazônia  ,,pressionar avançar desmatamento amazônia o presidente jair bolsonaro afirmar durante participação evento empresarial russo o brasil orgulhar preservar o amazônia o mandatário citar preservação principal flanco desgastar governar arena internacional ... ler íntegro folhar,política,04/06/2021 12h49 ,04/06/2021 12h49 ,https://noticias.uol.com.br/colunas/reinaldo-azevedo/2021/06/04/meio-ambiente-bolsonaro-diz-que-brasil-tem-orgulho-de-preservar-amazonia.htm,1
8279,EUA devem liderar retração do PIB global em 2020  ,,"país poupar consequência econômicas devastador surtir coronavírus economia impactar crescimento global unir o país caso confirmar covid-19 responder retração d ano pib global cálculo bloomberg fundir monetário internacional o o dobrar participação país produção global o fmi prever o economia global encolher n ano o quedo quase século e expandir quase essencial conter o vírus confinamento e restrição mobilidade causar impactar considerável atividade econômica efeito adverso confiança provavelmente pesar perspectivo econômicas o fmi relatório world economic outlook divulgar n semana o alemanha e o japão responder e proporção quedo américa latino brasil e méxico pesar 4,5 e 4,3 retração global respectivamente",saúde,17/04/2020 10h41 ,Alexandre Tanzi e Wei Lu,https://economia.uol.com.br/noticias/bloomberg/2020/04/17/eua-devem-liderar-retracao-do-pib-global-em-2020.htm,1
8280,Brasileiros descobrem como vírus da zika age dentro do cérebro de bebês com microcefalia,"Pesquisa ajuda a explicar por que algumas mães infectadas pelo vírus geraram bebês com a doença, e outras não. Estudo abre caminho para medicamentos contra a doença.",pesquisador brasileiro publicar estudar inédito mundo causar microcefalia bebês mãe exposto o o vírus zika publicar revisto science n terço o pesquisar indicar alteração dna proteína e neurotransmissor explicação mãe infectar deem luzir bebês microcefalia e tecnologia nacional cientista analisar dezena milhar gene proteína e rnas entender diferençar cérebro bebês morrer complicação microcefalia e o bebês morrer causar mudança gene colágeno reduzir e glutamato excesso explicação o passar falar o mundo inteirar d molécula afetadas doença explicar helder nakaya principal autor estudar e professor faculdade ciência farmacêutico usp fcf-usp o motivar mãe infectar filho o doença intrigar o gente motivo explicar o vírus atua cérebro beber afirmar o cientista dificuldade conseguir amostrar cérebro bebês infectar difícil abordar mãe acabar perder beber contar,ciência, 09/06/2020 15h00 ," Por Amanda Lüder, GloboNews ",https://g1.globo.com/ciencia-e-saude/noticia/2020/06/09/brasileiros-descobrem-como-virus-da-zika-age-dentro-do-cerebro-de-bebes-com-microcefalia.ghtml,1
8281,Notícia de 2011 é manipulada para colocar Brasil como 6ª economia do mundo  ,,excelente notícia o economia brasileiro fake news o pib produto internar bruto brasil ultrapassar o reinar unir história e tornar o mundo pib brasil ultrapassar o reinar unir e país tornar 6ª economia mundo o brasil conquistar o postar economia mundo ultrapassar o reinar unir acordar pesquisar publicar principal jornal britânico informar o mensagem distribuir whatsapp e facebook,brasil,04/12/2019 04h01 ,"Colaboração para o UOL, em São Paulo",https://noticias.uol.com.br/confere/ultimas-noticias/2019/12/04/brasil-sexta-economia-do-mundo-uol-confere.htm,0
8282,Ministério da Defesa pede que PGR avalie fala de Gilmar sobre Exército  ,,o ministrar defeso general fernando azevedo silvar e comandante exército aeronáutico e marinho informar noto encaminhar representação o o procurador-geral repúblico pgr augusto arar pedir adoção medir cabíveis o falir ministrar stf gilmar mendes o ministério defeso e comandante marinho exército e aeronáutico repudiar veementemente o acusação apresentar senhor gilmar mendes o exército brasileiro durante evento realizar dia julho afirmar precisar maneiro claro o exército associar o genocídio razoável o texto comentário d natureza completamente afastar fato causar indignação trata-se acusação gravar infundado irresponsável e sobretudo leviano destacar militar o reação ministrar defeso e comandante forçar haver falar extremo indignação anteriormente discutir internamente durante o semana haver o recear reacender o crise o executivo e judiciário,política,13/07/2020 13h17Atualizada em 13/07/2020 14h37 ,13/07/2020 13h17Atualizada em 13/07/2020 14h37 ,https://economia.uol.com.br/colunas/carla-araujo/2020/07/13/ministerio-da-defesa-pede-que-pgr-avalie-fala-de-gilmar-sobre-exercito.htm,1
8283,"
  A foto de Ivete Sangalo e marido rodeados de pessoas é anterior à pandemia","Uma foto da cantora Ivete Sangalo sentada em uma mesa repleta de pessoas foi compartilhada mais de 15 mil vezes em redes sociais desde o início de abril, após o marido da artista dizer que sua família só havia contraído covid-19 por ter tido contato com uma cozinheira. “Os convidados das farras são totalmente inocentes?”, questionou um usuário. A foto da cantora cercada de pessoas foi feita, contudo, em 25 dezembro de 2019, antes da Organização Mundial da Saúde (OMS) ser formalmente notificada sobre a existência do novo coronavírus.Envie-nos por WhatsApp Email",“ o maridar ivete sangalo entrevisto regina casé o empregar passar o vírus família hipócrita ” o legendar publicação compartilhar facebook twitter e instagram o dia abril postagens acompanhar imagem cantor sentar mesa pessoa máscara mulher uniformar visto pé o o fundir seta vermelhar identificar ironicamente d mulher “ o culpar ” converso o atriz regina casé transmissão o o viver instagram dia abril o nutricionista daniel cady maridar ivete sangalo afirmar família haver covid-19 e o doença chegar casar “ funcionário ” voltar folgar o falir desencadear onda crítico rede e cady voltar o família contrair o doença,brasil,12/04/2021 às 19:38,AFP Brasil,https://checamos.afp.com//foto-de-ivete-sangalo-e-marido-rodeados-de-pessoas-e-anterior-pandemia,0
8284,Ambev faz parceria com Biscoito Globo; lucro da venda irá para ambulantes  ,,"o antarctica marcar ambev anunciar hoje parceria ajudar vender biscoitar globo tradicional produto vender praia rir janeiro praia cidade interditar dever pandemia covid-19 o fábrica biscoitar produção reduzir ajudar o marcar o cervejar anunciar comprar lote produto e vendê-los plataforma entregar o zé delivery o lucrar reverter ambulante o amanhã pacote biscoitar vendido individual e kit promocional o biscoitar vender unitário r$ consumidor comprar o kit pacote biscoitar e lato cervejar ml r$ 23,34 ícone carioca biscoitar globo preciso valorizar idear incentivar pessoa continuar consumir o tradicional biscoitar casar família esperar contribuir complementar render ambulante perder sustentar afirmar pedrar araújo gerente marketing ambev rj",saúde,25/05/2020 15h20 ,25/05/2020 15h20 ,https://economia.uol.com.br/noticias/redacao/2020/05/25/ambev-faz-parceria-com-biscoito-globo-lucro-da-venda-ira-para-ambulantes.htm,1
8285,Defesa de Weintraub quer que STF discuta em plenário se ministros podem agendar depoimento,Advogados questionam entendimento de Celso de Mello de que só autoridades vítimas ou testemunhas podem marcar data e hora para falar. Weintraub entregou posição por escrito em inquérito sobre racismo.,o defeso ministrar educação abraham weintraub apresentar recurso n quinta-feira pedir o supremo tribunal federal stf decidir plenário ministro governar direito agendar depoimento inquérito weintraub chamar o depor inquérito polícia federal apurar supor crime racismo cometer redar social o ministrar recorrer o o stf o direito escolher datar horar e falar pf o relator casar ministrar celso mello rejeitar o pedir o depoimento manter 15h d weintraub comparecer pf brasília entregar posicionamento escrever e deixar o prédio horar o pedir advogar enviar o o stf minuto comparecimento ministrar educação o enviar temer o o plenário analisar celso mello relator inquérito stf,política, 04/06/2020 16h15 ," Por Márcio Falcão e Fernanda Vivas, TV Globo — Brasília ",https://g1.globo.com/politica/noticia/2020/06/04/defesa-de-weintraub-quer-que-stf-discuta-em-plenario-se-ministros-podem-agendar-depoimento.ghtml,1
8286,Secretário diz que teste não é 'requisito' para tratar Covid e que letalidade caiu após gestão Pazuello,"Para representantes do Ministério da Saúde, Brasil não vive 2ª onda da pandemia e não há necessidade de retomar medidas amplas de isolamento. Cientistas refutam a afirmação de que a letalidade caiu e condenam 'tratamento precoce'.",o secretário-executivo ministério saudar elcio franco n sexta-feira o realização teste requisitar paciente o covid-19 receber tratamento franco afirmar d o letalidade doença causar coronavírus cair brasil o chegar eduardo pazuello o o comandar ministério o afirmação ocorrer o ministério saudar criticar especialista gestão pandemia levar o durante entrevisto coletiva elcio franco tratar importância realização teste molecular diagnóstico covid o rastreamento contatos e isolar caso confirmar especialista alertar exame essencial rastrear e frear avançar pandemia,ciência, 27/11/2020 20h44 , Por G1 ,https://g1.globo.com/bemestar/coronavirus/noticia/2020/11/27/secretario-diz-que-teste-nao-e-requisito-para-tratar-covid-e-que-letalidade-caiu-apos-gestao-pazuello.ghtml,1
8287,"
  A frase sobre “o pior da peste” não faz parte da obra de Albert Camus, nem foi escrita por ele","Em um momento em que a população mundial está confinada e enfrentando a pandemia do novo coronavírus, começou a circular nas redes sociais uma imagem com uma frase atribuída a Albert Camus: “O pior da peste não é que mata os corpos, mas que desnuda as almas, e esse espetáculo costuma ser horroroso”. Essas palavras, contudo, não estão no livro “A peste”, do escritor francês, e especialistas consultados pela AFP asseguram que o autor não escreveu este trecho.Envie-nos por WhatsApp Email","facebook e twitter publicação assinalar o frase fragmentar livrar “ o peste ” circular postagens o frase facebook twitter compartilhar 4,6 o início abril d ano mencionar diretamente obrar específico atribuem-na o camus espanhol o frase viralizou albert camus e retirar obrar “ o peste ” o romance “ o peste ” publicar ambientar mear século x e protagonista viver cidade sofrer surtir peste bubônica entretanto o buscar trecho viralizado livrar camus disponível site armazenamento arquivo internet archive.org n casar espanhol fornecer nenhum resultar tampouco aparecer versão digitalizar obrar português",saúde,7/05/2020 às 20:50,"AFP Argentina, Nadia Nasanovsky, AFP Brasil",https://checamos.afp.com//frase-sobre-o-pior-da-peste-nao-faz-parte-da-obra-de-albert-camus-nem-foi-escrita-por-ele,0
8288,'Eu era um menino que começou a menstruar': intersexuais contam como foi descobrir e aceitar condição,"Lia, Iryna Kuzemko e Olga Opinko têm características sexuais femininas e masculinas (cromossomos, órgãos genitais, testículos / ovários ou hormônios sexuais) misturadas de maneiras diferentes. Eles contam suas histórias de luta, descoberta e aceitação.",o ano aprender intersexual dia vidar feliz o ucraniano iryna kuzemko pessoa o o redor mundo gênero redesignado cirurgia polêmica criança oms recomendar minuto atividade físico semanal relembrar benefício exercício intersexo genérico abranger variação característico sexo feminino e masculino variação hormonal físico — pessoa reprodutivo sexo e o genitália externo outro,ciência, 26/11/2020 14h56 , Por BBC ,https://g1.globo.com/bemestar/viva-voce/noticia/2020/11/26/eu-era-um-menino-que-comecou-a-menstruar-intersexuais-contam-como-foi-descobrir-e-aceitar-condicao.ghtml,1
8289,Covas: Não há nada que desabone meu vice  ,,"Bruno Covas (PSDB), prefeito de São Paulo e candidato à reeleição, afirmou que não há nada que desabone seu candidato a vice, o vereador Ricardo Nunes (MDB). Covas declarou ainda que, caso seja o vencedor destas eleições, não irá renunciar e cumprirá o mandato pelos próximos quatro anos. As declarações foram dadas em sabatina UOL/Folha. Nunes virou tema da campanha eleitoral após a revelação de haver uma denúncia de violência doméstica que foi feita contra Nunes por sua própria esposa em 2011 (hoje ela nega agressões) e as relações controversas que o candidato tem com empresas que administram creches terceirizadas da prefeitura. Covas defendeu o candidato a vice e afirmou que põe a mão no fogo por ele. O atual prefeito declarou que não há nenhuma denúncia ou ação no Judiciário contra Nunes.",política,26/11/2020 10h57 ,26/11/2020 10h57 ,https://noticias.uol.com.br/eleicoes/videos/2020/11/26/covas-nao-ha-nada-que-desabone-meu-vice.htm,1
8290,Onyx critica lockdown e diz: 'pulga e formiga podem transportar o vírus'  ,,o ministrar secretaria-geral presidência repúblico onyx lorenzoni criticar o isolamento social e o lockdown funcionar entrevisto rádio jovem pan onyx argumentar animar e insetos continuar circular durante medir restritivo deixar claro relacionar o afirmação transmissão doença insistir ferramenta chamar lockdown provar experiência mundo ineficiente alguém conseguir impedir urbano o pássaro o cão ruir o gatar o ratar o pulgo o formigo o inseto locomover alguém conseguir o lockdown insetos claro e transportar o vírus contaminar transportar o vírus possibilidade entanto valer ressaltar o existir indicação transmissão coronavírus animar humano apesar o vírus encontrar diverso espécie d importante o lockdown funcionar redução caso e morte,política,25/03/2021 11h21Atualizada em 26/03/2021 07h12 ,25/03/2021 11h21Atualizada em 26/03/2021 07h12 ,https://noticias.uol.com.br/saude/ultimas-noticias/redacao/2021/03/25/onyx-governadores-prefeitos-lockdown-tolos-despotas.htm,1
8291,"

Garrafa de álcool em gel causa incêndio em carro por causa do calor #boato 
","Boato – Em relato na internet, homem afirma que álcool em gel causou incêndio em carro após o veículo ficar exposto no sol por 30 minutos. ",“ avisar importante … deixar o álcool gel carro sol … carro acabar fogo voltar mercar e estacionar ruir 30mim … e o carro fogo sortir o vizinhar e conseguir apagar o mangueira … graça o deus ninguém machucar acionei o segurar avisar o … cuidar o álcool gel compartilhar ”,brasil,23/04/2020,"
Kyene Becker ",https://www.boatos.org/brasil/alcool-gel-causa-incendio-carro-calor.html,0
8292,"

Globo usou imagens da tragédia de Lampedusa em 2013 como se fossem de Bergamo em 2020 #boato 
",Boato – A Globo usou imagens de caixões da tragédia de Lampedusa em 2013 para ilustrar mortes causadas pela Covid-19 em Bergamo (Itália) em 2020.,responder o globo tragédia lampedusa naufrágio deixar morto e o globo mostrar o imagem morte covid-19 alguém dúvida jogar político,brasil,12/05/2020,"
Edgard Matsuki ",https://www.boatos.org/brasil/globo-imagens-tragedia-lampedusa-2013-bergamo-2020.html,0
8293,"Gatos infectados pelo coronavírus ficam imunes e podem servir de modelo para pesquisa da vacina, diz estudo",Pesquisadores também observaram que nem cachorros e nem gatos desenvolvem a doença quando infectados pelo vírus.,estudar publicar n terça-feira revisto científico pnas proceedings of the national academy of sciences observar gato infectar coronavírus desenvolver respostar imune o o vírus servir modelar animal pesquisar vacinar o covid-19 gato desenvolver anticorpo neutralizante significativo e resistente reinfecção o duração imunidade n atualmente modelar útil teste vacinar subsequente vacinar candidato humano animar informar o conclusão pesquisar o estudar desenvolver cientista escola medicinar veterinário universidade estadual colorar unir lembrar apesar implicação coronavírus animar amplamente desconhecido haver evidência o gato cão transmitir o sars-cov-2 humano cientista observar gato transmitir o vírus gato cercar dia contato direto oral e nasal,ciência, 30/09/2020 05h01 , Por G1 ,https://g1.globo.com/bemestar/coronavirus/noticia/2020/09/30/gatos-infectados-pelo-coronavirus-ficam-imunes-e-podem-servir-de-modelo-para-pesquisa-da-vacina-diz-estudo.ghtml,1
8294,MPF deve denunciar PMs amotinados no Ceará com base na Lei de Segurança Nacional, 28/02/2020 16h26 ,o ministério público federal cear apresentar denúncia policiar militar amotinar base lei segurança nacional procedimento investigatórios criminar aberto n sentir e tramitar simultaneamente fortalezar e sobral o apurar fato ligar o disparo feito pms o senador licenciar cid gomar pdt-ce semana passar procedimento fase inicial instrução o expectativa mpf-ce transformar denúncia o mp avaliar consonância o ocorrer conduta enquadrar lei segurança nacional entendimento mero ilegalidade greve proibir constituição,política, 28/02/2020 16h26 , ,https://g1.globo.com/politica/blog/gerson-camarotti/post/2020/02/28/mpf-deve-denunciar-pms-amotinados-no-ceara-com-base-na-lei-de-seguranca-nacional.ghtml,1
8295,"
  Oxford não confirmou a eficácia da ivermectina contra a covid-19, apenas começou um estudo","Publicações compartilhadas mais de 4,4 mil vezes nas redes sociais desde o último dia 23 de junho afirmam que um estudo feito pela Universidade de Oxford, no Reino Unido, já mostra que o uso antecipado da ivermectina pode diminuir a carga viral do novo coronavírus. As postagens, no entanto, desconsideram o fato de que o estudo ainda está na fase inicial e que não há resultados definitivos sobre o medicamento e a covid-19.Envie-nos por WhatsApp Email",“ negacionismo ivermectina promover pelar esquerdo matar milhar brasileiro ” e “ ivermectina reduzir replicação vírus covid afirmar universidade oxford ” algum legendar acompanhar o publicação viralizadas o facebook o instagram e site o twitter algum usuário mostrar enfático “ o universidade oxford obrigar hoje o assumir o sucesso o teste ivermectina imaginar político e juiz umar oposição cego o o presidente impedir usa-la … vidar salvar ” alegação semelhante circular espanhol,saúde,24/06/2021 às 21:37,AFP Brasil,https://checamos.afp.com//oxford-nao-confirmou-eficacia-da-ivermectina-contra-covid-19-apenas-comecou-um-estudo,0
8296,"

Sr. Mário Luís perdeu carteira de identidade e R$ 1.200 do auxílio emergencial #boato 
",Boato – O Sr. Mário Luís perdeu a carteira de identidade e R$ 1.200 do auxílio emergencial. O dinheiro e o documento foram encontrados em frente à Caixa Econômica Federal e precisamos encontrar o homem para devolvê-los.,"noite amigo acabar achar r$ 1,200,00 juntamente identidade quase frente o caixa econômica ficar casar e vídeo jacarepaguá taquara e juntar o identidade d senhor levar o crer sacar o auxílio o governar necessitar e perder alguém conhecer senhor passar o zap e o dinheiro d ta guardadinho comigo detalhar entregar maos sr mario luis zap 98992-9793 agradecer o",brasil,12/05/2020,"
Raiane Gonoli ",https://www.boatos.org/brasil/sr-mario-luis-perdeu-identidade-e-auxilio-emergencial.html,0
8297,TJ-SP confirma extinção de ação contra Alckmin e Goldman por obra do Rodoanel  ,,"A 4ª Câmara de Direito Público, do Tribunal de Justiça de São Paulo, confirmou nesta segunda (8) a sentença proferida pela primeira instância que extingue a ação do Ministério Público de São Paulo contra Geraldo Alckmin e Alberto Goldman, ex-governadores de São Paulo, sobre improbidade administrativa nas obras do Rodoanel. O MP solicitava o ressarcimento em valor superior a R$ 5,4 bilhões. A decisão foi unânime entre os desembargadores. A ação tinha como objeto o contrato celebrado em 2011 pela Agência de Transporte do Estado de São Paulo (Artesp) para concessão do trecho Sul do Rodoanel e para a construção do trecho Leste da via. O edital estabelecia que as obras deveriam ser entregues em até três anos após a assinatura do contrato. Em abril do ano passado, a juíza Gilsa Elena Rios, da 15ª Vara da Fazenda Pública, entendeu que o Ministério Público não demonstrou a 'inexequibilidade do contrato'. Na sessão desta tarde, o colegiado reiterou a interpretação da magistrada por considerar que havia ausência de comprovação das acusações apresentadas pelo MP.",política,08/02/2021 22h00 ,"Redação, O Estado de S.Paulo",https://noticias.uol.com.br/ultimas-noticias/agencia-estado/2021/02/08/tj-sp-confirma-extincao-de-acao-contra-alckmin-e-goldman-por-obra-do-rodoanel.htm,1
8298,"

Léo Magalhães comprou direitos autorais da música Caneta Azul por R$ 700 mil #boato 
",Boato – O cantor Léo Magalhães ficou mesmo encantado com a música Caneta Azul. A prova disso está na compra dos direitos autorais da canção de Manuel Gomes por R$ 700 mil.,léo magalhães comprar direito autoral músico ‘ caneta azul ’ r$ manoel gomar informação extra-oficiais o cantor léo magalhães comprar direito autoral músico “ caneta azul ” manoel gomar o negócio fechar r$ real o cantor reproduzir o músico show e eventos.na semana passar informação contar o empresário léo magalhães balsas-ma negociar o comprar direito autoral manoel gomar postar haver cercar semana youtube o vídeo original canção “ caneta azul ” ultrapassar milhão visualização,entretenimento,30/10/2019,"
Edgard Matsuki ",https://www.boatos.org/entretenimento/leo-magalhaes-comprou-direitos-autorais-musica-caneta-azul.html,0
8299,Brasil registra queda em mortes e casos de Covid-19; média móvel de óbitos fica abaixo de 500,"País tem 151.063 óbitos registrados e 5.114.823 diagnósticos de Covid-19, segundo levantamento do consórcio de veículos de imprensa. Baixos registros em semana de feriado podem criar sensação enganosa.",o consórcio veículo imprensar divulgar levantamento situação pandemia coronavírus brasil o secretariar estadual saudar consolidar s 20h d terça-feira o país registrar morte covid-19 horar chegar o o total 151.063 óbito o comedir pandemia o médio móvel morte brasil dia variação -28 o registrar dia o médio registrar o dia maio o dia seguir o curvo morte quedo dia estabilidade caso confirmar o comedir pandemia 5.114.823 brasileiro o coronavírus 12.220 d confirmar dia o médio móvel caso 20.553 dia variação -23 o caso registrar dia encontra-se faixar quedo o país apresentar tendência quedo morte covid e registrar infectar simultaneamente o dia setembro,ciência, 13/10/2020 08h01 , Por G1 ,https://g1.globo.com/bemestar/coronavirus/noticia/2020/10/13/casos-e-mortes-por-coronavirus-no-brasil-em-13-de-outubro-segundo-consorcio-de-veiculos-de-imprensa.ghtml,1
8300,Bolsonaro não se beneficiou de fraude eleitoral em 1994,,notícia compartilhar rede social verdadeiro indicar evidência bolsonaro participar fraudar eleição d ano o candidatar votar rir janeiro,política,2020/11/27,Comprova,https://projetocomprova.com.br/publicações/bolsonaro-nao-se-beneficiou-de-fraude-eleitoral-em-1994/,0
8301,"MP Eleitoral quer que Pros devolva R$ 11,2 milhões aos cofres públicos  ",,"o ministério público eleitoral pedir o o tse tribunal superior eleitoral o pros republicano ordem social condenar o ressarcir r$ 11,2 milhão o cofre público gasto irregular o vice-procurador-geral eleitoral renato brill góes pedir o pros contar rejeitar tse alegar o sigla recurso fundir partidário comprar imóvel aeronave e contratação empresar e funcionário terceirizados haver plêiade irregularidade grave aplicação recurso fundir partidário o país tolerar caracterizar desvirtuamento dinheiro público atender interesse pessoal diretores político afirmar góes durante o julgamento casar n terça-feira",política,05/05/2021 16h43 ,Colaboração para o UOL,https://noticias.uol.com.br/politica/ultimas-noticias/2021/05/05/mp-eleitoral-pros-gastos-irregulares.htm,1
8302,É falso que votos recebidos por candidata a vereadora no Tocantins tenham reduzido ao longo da apuração,,imagem circular publicação e vídeo rede social manipular digitalmente representar votação o candidato o vereador palmar tocantim realidade obter,política,2020/11/18,Comprova,https://projetocomprova.com.br/publicações/e-falso-que-votos-recebidos-por-candidata-a-vereadora-no-tocantins-tenham-reduzido-ao-longo-da-apuracao/,0
8303,"Distrito Federal recebe mais 85,2 mil doses de vacinas Covid-19",,"o distrito federal receber n semana 85.290 dose vacinar covid-19 o ministério saudar enviar o capital federal 77,1 dose astrazeneca oxford produzir fiocruz e 8.190 dose pfizer biontech o início campanha vacinação o df receber 1,1 milhão dose imunizante – aplicar total distribuir o brasil 6,4 milhão dose orientação vacinação e prioritário atendido 18º informar técnico secretariar vigilância saudar svs o estratégia distribuição vacinar covid-19 revisar semanalmente reunião tripartites governo federal estadual e municipal observar confirmação cronograma entregar laboratório o objetivo garantir o cobertura esquema vacinal recomendar imunizante semana o vacinar butantan e semana o fiocruz e pfizer",saúde,21/05/2021 16h34, ,https://www.gov.br/saude/pt-br/assuntos/noticias/distrito-federal-recebe-mais-85-2-mil-doses-de-vacinas-covid-19,1
8304,Mandetta: “Bolsonaro é extremamente humanista”  ,,luiz henrique mandetta demitir ministério saudar n quinta-feira o converso bolsonaro amistoso e agradável e o presidente extremamente humanista mandetta sair rixar público bolsonaro combater o pandemia coronavírus principalmente o isolamento social,saúde,16/04/2020 18h16 ,16/04/2020 18h16 ,https://noticias.uol.com.br/videos/2020/04/16/mandetta-bolsonaro-e-extremamente-humanista.htm,1
8305,"Brasil pode descartar mais de 12,7 bilhões de máscaras de tecido  ",,"O item que se tornou essencial na vida de todos para diminuir o contágio pelo novo coronavírus também pode prejudicar o meio ambiente, caso seja descartado de forma incorreta. Após quase um ano de pandemia, estima-se que o Brasil possa descartar mais de 12,7 bilhões de máscaras de tecido, levando em conta que cada uma delas pode ser lavada até 30 vezes e que um brasileiro possui, em média, cinco delas. Segundo o Instituto Akatu, o peso total de 12,7 bilhões de máscaras equivale a 4,7 mil elefantes africanos (o maior animal terrestre do planeta) ou a 7,9 mil ônibus urbanos. Em volume, essa quantidade de resíduos seria suficiente para preencher mais de 9 mil apartamentos de 50m² ou para encher 457 piscinas olímpicas. ""Máscaras de pano, cirúrgicas ou descartáveis podem estar contaminadas e, mesmo após a higienização, recomenda-se o descarte no lixo comum. Este cuidado é muito importante: o ideal é descartar todo tipo de máscara no lixo comum, não no lixo a ser reciclado, para evitarmos uma possível contaminação dos lixeiros e trabalhadores em cooperativas de reciclagem"", destaca a coordenadora de conteúdos do Instituto Akatu, Larissa Kuroki.",saúde,09/02/2021 15h59 ,09/02/2021 15h59 ,https://noticias.uol.com.br/ultimas-noticias/agencia-brasil/2021/02/09/brasil-pode-descartar-mais-de-127-bilhoes-de-mascaras-de-tecido.htm,1
8306,15 dos 98 dos infectados por coronavírus no Brasil estão no grupo de risco  ,,o balançar ministério saudar caso coronavírus confirmar país pessoa ano e chamar riscar integrar desenvolver o gravar doença o ministério 1.485 caso suspeito o país paciente apresentar febre e sintoma respiratório tossir dificuldade respirar voltar viagem o o exterior recentemente contato algum casar confirmar doença n caso precisar aguardar o resultar exame detecção vírus o suspeito confirmar descartar 1.344 caso o suspeito descartar o total caso o oficial compilar ministério horar atrasar haver caso país notificar hospital albert einstein paulo confirmar paciente o vírus noite secretariar estadual divulgar atualizados quase horar o ministério saudar publicar o balançar o amazona caso confirmar e computar governar federal,saúde,13/03/2020 19h58 ,Alex Tajra,https://noticias.uol.com.br/saude/ultimas-noticias/redacao/2020/03/13/15-dos-infectados-por-coronavirus-no-brasil-estao-no-grupo-de-risco.htm,1
8307,"
  Especialistas desaconselham o uso de respiradores caseiros para pacientes com covid-19","Vídeos que mostram dispositivos artesanais que supostamente melhoram a oxigenação de pacientes com covid-19 foram visualizados mais de 353,9 mil vezes nas redes sociais desde o último dia 15 de janeiro, quando o Brasil enfrentava uma piora na crise de saúde com a falta de oxigênio no Amazonas. Mas especialistas e autoridades advertem contra o uso desses artefatos por sua ineficácia e potencial risco.Envie-nos por WhatsApp Email",gravação circular formato tutorial “ respirador caseiro ” d compartilhar facebook e youtube o homem contar dever gravar onda pandemia vivido amazona “ cilindrar oxigênio caseiro ” e “ inalador casar fácil ” outro vídeo viralizado facebook twitter e youtube indivíduo indicar o fornecedor gás white martim avisar faltar oxigênio precisar inventar solução “ consistir respirador caseiro inalador borracho inalador boto direto água pego borracho deixar tampar pro nariz borracho jogar água subir subir oxigênio puro oxigênio limpar auxiliar pessoa problema respiratório o solução pro balão oxigênio ‘ quebra-galho ’ ” assinalar versão similar d dispositivo encontrar sequência publicar instagram e diverso postagens espanhol viralizadas principalmente méxico capital registrar ocupação hospital superior o dever pandemia,brasil,3/02/2021 às 20:49,"AFP México, AFP Brasil",https://checamos.afp.com//especialistas-desaconselham-o-uso-de-respiradores-caseiros-para-pacientes-com-covid-19,0
8308,"

Jean Wyllys mandou matar Bolsonaro, tem ligação com Adélio e é investigado pela PF #boato 
",Boato – O real motivo de Jean Wyllys renunciar ao cargo de deputado foi descoberto. Ele mandou Adélio Bispo matar Jair Bolsonaro e está sendo investigado pela Polícia Federal.,jean wyllys fugir brasil o polícia federal descobrir dia setembro adélio bispar diniz – o bandido esfaquear jair bolsonaro – registrar presença gabinete deputar psol brasília encontrar jean wyllys suspeito o mandante tentativo assassinato o o presidente inventar o estória ameaçar morte e preciso escapar brasil dia janeiro expirar o imunidade parlamentar frança e indicar pedir asilar politicar envolvimento direto o bandido adélio investigador polícia federal informação dia jean wyllys parar algum o objetivo “ cortinar fumaça ” pra pf*.bomba bomba jean willys querer fugir país simplesmente pq o pf e o inteligência exército descobrir o deputar o mandante tentativo homicídio bolsonaro dia e horário o adélio brasília gabinete jean willys o álibi perfazer investigação chegar o congruência o bichar o sair e solicitação asilar o despedir o lula dia 16/01 etc comunista achar iriar perder mandatar deputar federal graça?bomba jornalista descobrir o real motivar renúncia jean wyllys o o mandato.urgente jean wyllys o principal mandante tentativo assassinato jair bolsonaro jornalista jean wyllys suspeitar mandante atentar o o bolsonaro e asilar brasil o cercar fechar jean wyllys ligação forte deputar adélio bispar jornalista apresentar provar jean wyllys o mandante facada jair bolsonaro jean wyllys o mandante adélio bispar matar bolsonaro dia setembro o atender o vidar bolsonaro registrar o presença adélio gabinete jean wyllys dia adélio frequentar o gabinete e gabinete maria rosário manuela d’ávila gleisi hoffmann.jean wyllys o dia janeiro o foro privilegiar o dia fevereiro deputar direito o o foro privilegiar fugir o converso ameaçar mentir virar foragir político e pedir refúgio país comunista pretender fugir cubar passar e seguir o méxico o objetivo d manter foragir país o o governar comunista dia 16/01/19 jean wyllys despedir presidiário lula levar cartar lula facilitar fuga país comunista,política,26/01/2019,"
Edgard Matsuki ",https://www.boatos.org/politica/jean-wyllys-mandou-matar-bolsonaro.html,0
8309,"Bolsonaro vê ""perfeita harmonia"" entre poderes: ""Quem poderia esperar?""  ",,o presidente jair bolsonaro falar orgulhar acreditar governar executivo e legislativo bolsonaro administração viver hoje perfeito harmonia o congresso nacional rodrigar maio dem-rj presidência câmara deputar e davi alcolumbre dem-ap frente senado,política,08/12/2020 19h27 ,08/12/2020 19h27 ,https://noticias.uol.com.br/videos/2020/12/08/bolsonaro-ve-perfeita-harmonia-entre-poderes-quem-poderia-esperar.htm,1
8310,Riva diz que Maggi pagou R$ 2 mi a juiz em troca de decisão judicial no MS  ,,anexar delação premiar o ex-presidente assembleia legislativo matar grosso josé geraldo riva réu ações criminar e improbidade afirmar o juiz roberto teixeira seror 5ª varar especializar fazenda público cuiabá vender decisão judicial o o ex-governador blairo maggi pp/ 2003-2010 relatar riva afirmar procurar magistrado interceder juntar o o chefe executivo matogrossense pagamento propinar referente o despachar autorizar o transferência cercar r$ milhão o cofre estadual valorar bloquear contar companhia telefônica o juiz e o governador negociar comissão aproximadamente r$ milhão trocar decisão o intermediário contato riva e seror ex-servidor gabinete deputar o delação sequência reunião presencial marcar casar juiz ocasião o magistrado expor o dificuldade receber o totalidade propinar combinar acordar riva seror contar haver embolsar r$ milhão e precisar ajudar convencer blairo maggi o liberar parcelar r$ milhão completar o total pactuar,política,05/11/2020 15h21 ,"Rayssa Motta, Pepita Ortega e Fausto Macedo",https://noticias.uol.com.br/ultimas-noticias/agencia-estado/2020/11/05/riva-diz-que-maggi-pagou-propina-de-r-2-mi-a-juiz-em-troca-de-decisao-judicial.htm,1
8311,"É #FAKE que chá com mistura de jambu, limão, alho e paracetamol cura a Covid-19","Mensagem circula principalmente em Manaus, onde o número de casos e de mortes desafia a capacidade de atendimento do sistema público. Especialistas dizem que bebida pode aliviar sintomas em pessoas com quadro leve da doença, mas não curá-la. Governo do AM diz que informação de que pacientes têm sido tratados com o chá é falsa.",circular rede social vídeo mulher chá limão alho folhar jambu e paracetamol curar o covid-19 publicação apresentar o receitar o remédio tratar paciente o coronavírus amazona o infectologista antônio magela fundação medicinar tropical doutor heitor vieira dourar manaus o afirmação o bebido curar o covid-19 totalmente falso explicar geralmente época epidemiar surgir história chamar medicinar popular haver palavra indígena definir puçanga medicamento pessoa pessoa melhorar o doença gravar manifestar n maneiro gravar melhorar o sintomatologia série nutriente n substância condimento antioxidante o capacidade remover toxina organismo conter o chamar estresse oxidativo ajudar o melhorar o sintomatologia o dipirona paracetamol analgésico e antitérmico substância utilizar dia o dia culinário d afirmar curar considerar o o gente afirmar causar melhorar sintoma e pessoa ficar confortável,ciência, 24/04/2020," Por Roney Domingos, G1 ",https://g1.globo.com/fato-ou-fake/coronavirus/noticia/2020/04/24/e-fake-que-cha-com-mistura-de-jambu-limao-alho-e-paracetamol-cura-a-covid-19.ghtml,0
8312,"

Tecnologia 5G causou morte de centenas de pássaros por causa da radiação #boato 
","Boato – Na Holanda, centenas de pássaros morreram após a realização de testes com antenas para tecnologia 5G.",“ trump o tecnologia g huawei proteger causar câncer e matar pássaro pesquisar ” “ situação controverso triste holanda morrer pássaro sera o g veneno ar governo e empresar esconder e controlo s escondido e o o … veneno dia pago reagir e exigir o verdade avançar o custar pra avançar retornar o barbarie o barbarie tecnológico ” “ radiotividade sinal g matar pássaro e danificar o cérebro humanar o celular o cigarrar século ” “ urgente pássaro morrer holanda g ”,entretenimento,29/06/2019,"
Kyene Becker ",https://www.boatos.org/tecnologia/tecnologia-5g-morte-passaros-radiacao.html,0
8313,É #FAKE que vídeo mostre traficante sendo 'abatido ao vivo' em favela do Rio de Janeiro,"Imagens correspondem a gravação da série 'Arcanjo renegado', do Globoplay em parceria com o Multishow, prevista para estrear em 2020. As cenas foram filmadas em junho.",circular rede social vídeo homem armar aparecer confrontar policiar o legendar descrever imagem mostrar traficante abater o o viver rir janeiro o mensagem fake o vídeo realidade mostrar o gravação série policial previsto estrear arcanjo renegar parceria globoplay o canal multishow o seriar protagonizar policial e panar fundir o violência capital fluminense cena viralizaram gravar junho complexo maré zonar norte rir versão diferente história compartilhar d whatsapp usuário chegar o afirmar o vídeo mostrar o morte traficante policiar batalhão operação especial bope vila aliançar bangu zonar norte duque caxias baixar fluminense citar o supor assassinato,entretenimento, 05/12/2019, Por O Globo ,https://g1.globo.com/fato-ou-fake/noticia/2019/12/05/e-fake-que-video-mostre-traficante-sendo-abatido-ao-vivo-em-favela-do-rio-de-janeiro.ghtml,0
8314,"Brasil tem relação com governo Trump, não com os EUA, dizem especialistas  ",,o futurar brasil unir depender resultar eleição presidencial norte-americana decidiá dia o republicano donald trump reeleito o democrata joe biden assumir casar branco especialista internacional participação uol debater o governar jair bolsonaro aliançar trump e o governar americano o conturbar bilateral casar vitória democrata encontrar comandar colunista uol kennedy alencar especialista comentar o votação correio o riscar institucional provocar ameaçar trump recorrer justiçar o influência pandemia votação e o polêmica eleição indireta unir,política,04/11/2020 10h46 ,Wanderley Preite Sobrinho,https://noticias.uol.com.br/internacional/ultimas-noticias/2020/11/04/trump-biden-eleicoes-americanas-brasil-meio-ambiente.htm,1
8315,Auxiliares de Bolsonaro defendem que governo não se envolva em caso de deputado preso,,o notícia prisão deputar chegar o presidente jair bolsonaro haver recolher dormir forte marechal luzir francisco sul santo catarino passar o feriar carnaval minuto o prisão integrante governar o o globo caráter reservar surpreendido prisão e relatar temor crise comentar o episódio o reação chefe executivo auxiliar defender o planalto interferir e evitar tensionamento o cortar trânsito governar o parlamentar criticar vídeo opinião pessoa o bolsonaro silveiro ataque gratuito e generalizar e extrapolar o direito manifestar o o desafiar xingar e desqualificar ministro supremo tribunal federal integrante governar apesar divergência o cortar haver o governar apoiar silveiro,brasil, Publicado em  17/02/21 09:51 ,Jussara Soares,https://extra.globo.com/noticias/brasil/auxiliares-de-bolsonaro-defendem-que-governo-nao-se-envolva-em-caso-de-deputado-preso-24886159.html,1
8316,Cientistas descobrem nova variante do coronavírus com 18 mutações em BH,,e potencialmente perigoso variante coronavírus detectar cientista belo horizonte o cepa combinação mutação anteriormente descrito sars-cov-2 mutação compartilhar variante brasileiro p1 originar manaus e p2 rir janeiro o sul-africana b.1.1.351 e o britânico b.1.1.7 — associar o transmissão o riscar agravamento covid-19 investigar sigla complicar variante sars-cov-2 preocupar dentre motivo replicar depressa vírus causar o onda pandemia variante p1 p2 e b.1.1.7 mutação e484k e n501y facilitar o contágio ajudar o coronavírus o escapar imunológico indicar o revelar minar gerar o capacidade dispor arsenal genético cientista haver alertar transmissão controlo o brasil provável emergir variante vírus forçar pandemia ciclo vicioso variante o riscar transmissão e o vírus conseguir escapar vacinar o variante o chamar p4 o origem o p1 e o p2 afirmar o coordenador estudar renato santana universidade federal minar gerar ufmg o p3 emergir filipino o cepa descobrir pesquisador laboratório biologia integrativa instituto ciência biológico ufmg e setor pesquisar e desenvolvimento pardini colaboração o laboratório virologia molecular universidade federal rir janeiro e o prefeitura belo horizonte chamar atenção comum mutação p1 oficialmente “ variante preocupação organização mundial saudar divergir d explicar santana mutação região proteína s alvo anticorpo e vacinar o covid-19 trocar diferente aminoácido significar espécie evolução p1 multiplicar pessoa infectar e chance mudar caro — p1 acréscimo estudar — destacar santana o cientista observar existir estudo conclusivo mostrar o p1 provocar caso grave covid-19 disseminação belo horizonte coincidir o aumentar caso grave o p1 o variante mineiro apresentar mutação e484 e n501 proteína s. mutação n501 presente variante britânico aumentar o riscar mortalidade estudar publicar recentemente revisto “ nature ” — início achar haver indicar aumentar severidade infecção variante ciência aprender e aumentar gravidade caso covid-19 belo horizonte acompanhar o elevação frequência p1 — argumentar o cientista quase inexistente início ano o p1 quase dominante belo horizonte preocupante p2 o variante identificar série genoma vírus extrair pessoa região metropolitano belo horizonte analisar período outubro o março amostrar variante coletadas dia e fevereiro frequência pesquisador estimar começar o propagar e recém-emergiu considerar provável circulação cidade minar gerar capital registrar explosão caso grave semana santana destacar o descobrir variante reforçar o importância intensificar o chamar vigilância genômica n quarta-feira minar gerar registrar morte covid-19 24h o recordar o início pandemia o elevar notificar abril contabilizar óbito o minar totalizar 26.303 vidar perdido o coronavírus e 1.182.847 infectar sars-cov-2 o mineiro o o alcançar o marcar morte covid-19 dia paulo dia morte o início pandemia e rir sul registrar morte março acordar consórcio veículo imprensar,saúde, Publicado em  07/04/21 15:24 ,Ana Lucia Azevedo,https://extra.globo.com/noticias/coronavirus/cientistas-descobrem-nova-variante-do-coronavirus-com-18-mutacoes-em-bh-24959746.html,1
8317,Rússia certifica remédio ainda em testes contra a Covid-19; veja o que se sabe sobre o antiviral,"Medicamento Avifavir, versão modificada de um antiviral experimental, deve chegar a hospitais russos na semana que vem. Substância original, que pode causar má formação em embriões, foi testada na China ainda está sendo testada no Japão, e não é comercializada para nenhuma outra doença.",o rússia anunciar quarta-feira certificar o antiviral avifavir o tratamento covid-19 o medicamentar fase teste e versão modificar antiviral experimental favipiravir origem japonesar o fundir russo investimento direto rdif sigla inglês anunciar o certificação avifavir noto imprensar o remédio mostrar alto eficácia ensaio clínico feito paciente centro médico teste começar maio e andamento o empresar divulgar nenhum artigo científico resultar pesquisar detalhar modificação feito medicamentar japonês o o g1 o fundir informar submetido o publicação científico e divulgar remessar avifavir chegar o hospital russo o dia o o longo receber dose acordar o rdif,ciência, 06/06/2020 05h00 ," Por Lara Pinheiro, G1 ",https://g1.globo.com/bemestar/coronavirus/noticia/2020/06/06/russia-certifica-remedio-ainda-em-testes-contra-a-covid-19-veja-o-que-se-sabe-sobre-o-antiviral.ghtml,1
8318,"

Governo da Irlanda coloca aviso contra vacina e máscaras em pedágios #boato 
",Boato – Governo da Irlanda alerta população sobre supostos riscos da vacina  e do uso de máscara em placas de pedágio no país. ,“ irlanda o governar colocar aviso eletrônicos pedágios avisar o população – vacinar causar paralisia – tirar máscara mascarar acumular germs – teste covid fraudulento teste covid falsar positivar – vacinar seguro – o hse cuidar saudar – o covid operação psicológico quebrar o economia mundial – quebrar código genetico – rte virus – rte shield criminoso abusador criança cientista recusar o vacinar criança dever divulgar brasil ” “ o irlanda o governar aviso pedágios tá aparecer verdade aleluia ”,mundo,27/01/2021,"
Kyene Becker ",https://www.boatos.org/mundo/governo-irlanda-coloca-aviso-contra-vacina-mascara-pedagios.html,0
8319,"

Marinella Della Negro, infectologista, faz áudio sobre o perigo da cebola #boato 
","Boato – A médica infectologista Marinella Della Negro, do hospital Emílio Ribas, gravou um áudio falando sobre o perigo da cebola.",cuidar cebola o gripar matar milhão pessoa médico visitar agricultor o atacar ajudá-los o combater o gripar agricultor e família haver contrair o gripar morrer entanto o médico conhecer fazendeiro família saudável e ninguém casar o gripar o médico perguntar o o agricultor o diferente o esposo fazendeiro responder cortar cebola cascar prato e colocar cômodos casa.o médico pensar o curar pedir d cebola o colocar o microscópio encontrar n o vírus gripar cebola obviamente absorver bactéria e manter o família saudável enviar história amigar oregon regularmente material saudar responder interessante experiência cebola lembrete conhecer o história agricultor pneumonia e ficar doente conhecimento anterior cebola cortar pontar cebola o colocar jarro vaziar e o colocar o o durante o noite manhã começar o sentir melhor o cebola ficar preto problema estômago o culpar cebola comer culpar,saúde,05/12/2018,"
Edgard Matsuki ",https://www.boatos.org/saude/marinella-della-negro-cebolas.html,0
8320,É #FAKE que vídeo mostre brigadistas do ICMBio provocando queimada criminosa em reserva no Pantanal,"Imagens mostram, na verdade, realização de uma manobra de combate indireto aos incêndios, realizada com sucesso. Área continua protegida.",circular rede social vídeo mostrar homem uniformar icmbio colocar fogo matar pessoa vídeo olhar o brigadista apagar fogo tacar fogo brincadeira tacar o fogo pantanal brigadista o herói fogo legendar afirmar homem responsável queimar criminoso bioma o vídeo mostrar brigadista icmbio colocar fogo matar criminoso verdade realizar manobrar combater indireto o incêndio florestar “ queimar expansão ” acordar o assessoria instituto chico mendes conservação biodiversidade o ação feito estação ecológico taiamã dia e setembro o estação ecológico taiamã continuar protegido incêndio interior entanto o setembro vídeo circular internet gerar diverso mal-entendidos ações icmbio o noto,brasil, 16/09/2020," Por Roney Domingos, G1 ",https://g1.globo.com/fato-ou-fake/noticia/2020/09/16/e-fake-que-video-mostre-brigadistas-do-icmbio-provocando-queimada-criminosa-em-reserva-no-pantanal.ghtml,0
8321,STF aguarda parecer da PGR para decidir foro de Flávio Bolsonaro no caso das rachadinhas,Fontes dizem que Supremo deve mandar caso de volta à primeira instância. ,o procuradoria-geral repúblico enviar n semana o manifestação o o supremo tribunal federal ação o ministério público rir janeiro contestar o foro privilegiar senador flávio bolsonaro republicanos-rj casar “ rachadinhas ” o informação confirmar o o blog assessoria pgr procurar reportagem informar processar o vice-pgr humberto jacques o responsável função constitucional ações originário penar stf o relator casar rachadinhas stf o ministrar gilmar mendes o enviar parecer pgr mendes submeter o casar turma stf o expectativa fonte stf ouvir blog o casar devolver instância o stf definir o foro privilegiar o politicos aplicar o crime cometido exercício cargo e razão função o relacionar decidir mendes pedir informação junho o o tribunal justiçar rir janeiro e pgr,política, 24/08/2020 08h53 , ,https://g1.globo.com/politica/blog/andreia-sadi/post/2020/08/24/stf-aguarda-parecer-da-pgr-para-decidir-foro-de-flavio-no-caso-das-rachadinhas.ghtml,1
8322,"Paraíba recebe mais 76,9 mil doses de vacinas covid-19",,"o paraíba receber 76,9 dose vacinar covid-19 o décimo pautar distribuição ministério saudar incluir o remessar dose consórcio covax facility astrazeneca oxford produzir coreia sul e dose coronavac produzir brasil instituto butantan o previsão entregar ocorrer o d 25/03 e estender o sábado 27/03 proporcional e igualitário o e distrito federal acordar o informar técnico secretariar vigilância saudar svs o remessar vacinar permitir o ampliação vacinação prioritário o idoso e ano d atender o restante trabalhador saudar idoso e ano e comunidade quilombolas",saúde,25/03/2021 21h37, ,https://www.gov.br/saude/pt-br/assuntos/noticias/paraiba-recebe-mais-76-9-mil-doses-de-vacinas-covid-19,1
8323,Governo do Brasil entrega mais 20 ventiladores pulmonares para o Piauí,,o contar equipamento comprar e enviar ministério saudar reforçar o assistência hospitalar enfrentamento pandemia o redar público saudar piauí ganhar o reforçar ventilador pulmonar o equipamento indicar suportar ventilatório paciente grave infectar covid-19 apresentar dificuldade respiratório equipamento desembarcar dia e junho capital teresina e distribuir secretariar estadual saudar responsável definir unidade saudar e município receber ventilador pulmonar conformar planejamento o entregar ventilador pulmonar o piauí contar equipamento auxiliar o assistência hospitalar o paciente grave infectar covid-19 apresentar dificuldade respiratório o comprar e distribuição ventilador estratégico governar brasil atendimento o e município o enfrentamento pandemia entregar levar contar o capacidade instalar redar assistência saudar público principalmente locar o transmissão velocidade o ministério saudar entregar 4.435 ventilador pulmonar e o distrito federal,saúde,20/06/2020 14h02,(61) 3315-2745/2351,https://www.gov.br/saude/pt-br/assuntos/noticias/governo-do-brasil-entrega-mais-20-ventiladores-pulmonares-para-o-piaui,1
8324,"

WhatsApp mudou a configuração do grupo para “incluir todos” #boato 
","Boato – O WhatsApp, furtivamente, mudou a configuração dos grupos para adicionar todos. Por isso, você deve modificar as opções no seu celular.",o whatsapp furtivamente mudar o configuração incluir “ ” pessoa conhecer adicioná-lo o incluir chats aposto duvidoso agiotar fraudar financeiro alterar configuração o whatsapp configuração o contar privacidade mudar contatos pressionar （ concluir verificar o e definir alertar amigo,entretenimento,19/05/2021,"
Edgard Matsuki ",https://www.boatos.org/tecnologia/whatsapp-mudou-configuracao-grupo-para-incluir-todos.html,0
8325,É #FAKE que sargento da FAB detido com 39 kg de cocaína é filiado a algum partido político,Militares da ativa são proibidos por lei de se filiarem a partidos políticos. Nome de Manoel Silva Rodrigues não aparece em relações de legendas mencionadas,vir o público o notícia sargento forçar aéreo brasileiro fab presar serviço espanha quilo cocaína atuava transportar comitiva presidencial boato o militar proliferar rede publicação compartilhamentos facebook alegar manoel silvar rodrigar ano filiar o o pt o sargento verdade integrante psl sugerir membro psol alegação fake militar ativa o casar sargento proibir lei filiar o político impedimento expressar incisar v parágrafo 3º artigo constituição federal acordar o repositório brasil.io organizar diverso instituição público incluir o tribunal superior eleitoral tse haver nenhum manoel silvar rodrigar filiar o político brasil o portal atualizado agostar,brasil, 27/06/2019," Por Hellen Guimarães, O Globo ",https://g1.globo.com/fato-ou-fake/noticia/2019/06/27/e-fake-que-sargento-da-fab-detido-com-39-kg-de-cocaina-e-filiado-a-algum-partido-politico.ghtml,0
