,Titulo,Subtitulo,Noticia,Categoria,Data,Autor,URL,Classe
8326,"

Papa Francisco disse que Jesus pecou e que Deus é um bárbaro #boato 
","Boato – O Papa Francisco disse que Jesus pecou e que Deus é um bárbaro. Segundo ele, ao se perder do Maria e José no templo, Jesus pecou e teve que pedir perdão aos seus pais por sua desobediência. E que, se na doença, o fiel duvidar do amor de Deus (bárbaro), pode orar à Maria.",papar o falar o palavra jesus odiar o verdadeiro jesus o destruir o gloriar “ lembrar jesus pedir perdão maria ‘ maria e josé capaz encontrar jesus pequeno escapadela jesus provavelmente suplicar o perdão pai ’ cristo pedir perdão maria o significar cristo pecar o papar falar ‘ o evangelho acreditar presumi-lo ’ ” … “ chamar o papar organização cristão o sugerir deus bárbaro pessoa ‘ duvidar misericórdia deus orar maria ’ amigo maria morto e morto e maria túmulo sepulcro esperar jesus ”,entretenimento,,"
Raiane Gonoli ",https://www.boatos.org/religiao/papa-francisco-jesus-pecou-deus-barbaro.html,0
8327,É #FAKE que Comissão de Direitos Humanos pediu prisão de homem que reagiu e agrediu assaltante,Afirmação é baseada em vídeo sobre tentativa de roubo que viralizou. Não houve pedido de prisão da vítima.,circular rede social mensagem o comissão direito humano mandar prender o jovem agredir assaltante minar gerar e presar o pedir ministério público o afirmação fake o ministério público minar gerar atuado casar estudante e afirmar o informação prisão estudante o pedir promotoria falso o polícia civil minar gerar reafirmar o jovem vítima tentativo roubar presar o prisão pedir,entretenimento, 29/11/2018," Por Roney Domingos, G1 ",https://g1.globo.com/fato-ou-fake/noticia/2018/11/29/e-fake-que-comissao-de-direitos-humanos-pediu-prisao-de-homem-que-reagiu-e-agrediu-assaltante.ghtml,0
8328,Itália tem maior número de novos casos de covid em quase 4 meses  ,,"o itália registrar hoje 1.462 caso coronavírus sars-cov-2 maio haver contabilizar 1.900 contágioso boletim ministério saudar totalizar 265.409 diagnóstico positivo e confirmar o tendência alto curvo epidemiológico país o itália dia seguir contágio acontecer o quinzena maio o crescimento semana diário voltar o o patamar anterior o o relaxamento quarentenar maio o reabertura restaurante salão beleza loja e igreja e o obrigação ficar casa.outro indicador evidenciar o tendência alto curvo epidemiológico o médio móvel caso dia o índice chegar o 1.193 n sexta-feira maio 1.193.além d o país contabilizar 7.281 diagnóstico positivo domingo e 54,7 o semana passar inteiro 4.707 o semana seguir crescimento caso itália.mortes o entanto o alto contágio impactar morte o país registrar óbito n o quinta-feira totalizar 35.472 vítimas.a itália médio móvel inferior o morte dia julho explicar redução idade médio contaminar pessoa ano o vetor pandemia e melhoria tratamento e condição sanitário.o país somar 206.902 paciente curar e 23.035 caso ativos junho 23.101",saúde,28/08/2020 12h25 ,28/08/2020 12h25 ,https://noticias.uol.com.br/ultimas-noticias/ansa/2020/08/28/italia-tem-maior-numero-de-novos-casos-de-covid-em-quase-4-meses.htm,1
8329,É #FAKE que TRE-RJ suspendeu resultado da eleição em Queimados,Boato em rede social afirma erroneamente que investigações em curso podem mudar o resultado do pleito.,publicação redar social afirmar o tribunal regional eleitoral rir janeiro tre-rj suspender o resultar eleição queimar região metropolitano o boatar afirmar o tre suspender o resultar eleição site e aplicativo queimar e existir diverso investigação cursar mudar o resultar eleição acordar o tre-rj o motivar o resultar eleição aparecer aplicativo e site mudança julgamento candidato prefeitura queimar,política, 29/11/2020," Por Isabela Aleixo, O Globo ",https://g1.globo.com/fato-ou-fake/noticia/2020/11/29/e-fake-que-tre-rj-suspendeu-resultado-da-eleicao-em-queimados.ghtml,0
8330,"EUA podem não precisar de vacina contra Covid da AstraZeneca, diz Fauci","Principal assessor médico da Casa Branca e maior especialista em doenças infecciosas dos EUA, Anthony Fauci afirmou que o país têm contratos suficientes com outros fabricantes de vacinas para imunizar toda a sua população e, possivelmente, o suficiente para reforçar a vacinação futuramente.",unir precisar vacinar o covid-19 astrazeneca obter aprovação regulatória país o principal assessor médico casar branco e especialista doença infeccioso eua anthony fauci n quinta-feira 1º o vacinar aclamar marcar lutar o pandemia alvo questionamento o ano passar autorizar dezena país incluir o brasil fauci diretor instituto nacional alergia e doença infeccioso eua afirmar unir contrato suficiente fabricante vacinar imunizar o população e o suficiente reforçar o vacinação futuramente questionar eua dose vacinar astrazeneca ar sensação contratual empresar vacinar suficiente cumprir necessidade invocar o astrazeneca,saúde, 01/04/2021 22h53 , Por Reuters ,https://g1.globo.com/bemestar/vacina/noticia/2021/04/01/eua-podem-nao-precisar-de-vacina-contra-covid-da-astrazeneca-diz-fauci.ghtml,1
8331,"

Motociata de Bolsonaro arrecadou 700 toneladas de alimentos em doações #boato 
",Motociata de Bolsonaro arrecadou 700 toneladas de alimentos em doações #boato,"versão falar arrecadar 700.000 kg alimento perecível o motociata hoje paulo pesquisar exato eis canhoto parir morrer invejar tonelada necessário carretar parir transportar versão 1.324.523 motociclista tonelada alimento arrecadar o motociata sábado paulo alimento doar parir família carente golaço direito brasileiro parabém o o organizadores.versão 1.324.523 motocicleta – 700.000 quilo tonelada alimento arrecadar participante evento – moto abastecer r$ 50,00 66.000,000,00 combustível icms r$ 16.500.000,00 imposto – aproximadamente 2.500.000 pessoa o evento gastar r$ 10,00 água refrigerante pipocar biscoito r$ 25.000.000,00 injetados o economia – ocupação hoteleiro parir o semana – absolutamente o locador alugar estocar moto lambreta scooter e veículo e rodar – bolsonaro injetou “ aproximadamente ” r$ 200.000.000,00 duzentos milhão o economia sp destruir pelar calça apertar",política,15/06/2021,"
Edgard Matsuki ",https://www.boatos.org/politica/motociata-bolsonaro-arrecadou-700-toneladas-alimentos-em-doacoes.html,0
8332,"Brasil chega a 16,9 milhões de vacinados contra covid, 8% da população  ",,"o brasil atingir o marcar 16,9 milhão vacinar o covid-19 n terça-feira total 16.937.084 pessoa receber o o dosar vacinar o correspondente o população nacional o levantamento consórcio veículo imprensar o uol base transmitir secretariar estadual saudar o dosar imunizante aplicar 678.341 pessoa hoje 127.255 receber o dosar horar o 4.946.579 brasileiro receber dose vacinar conformar o recomendar laboratório responsável produção coronavac e oxford astrazeneca o equivaler o 2,34 população país",política,30/03/2021 20h07Atualizada em 30/03/2021 20h53 ,30/03/2021 20h07Atualizada em 30/03/2021 20h53 ,https://noticias.uol.com.br/saude/ultimas-noticias/redacao/2021/03/30/vacinacao-covid-19-coronavirus-30-de-marco.htm,1
8333,"Coronavírus: Melbourne vira ""cidade fantasma"" e gera angústia de moradores  ",,katherine reed viver informar medir confinamento cidade melbourne seriar reforçar e prolongar semana conseguir conter lágrima o mulher ano trabalhar casar março junho o invernar início surtir epidemiar deprimir milhão pessoa viver isolar semana entender reforçar o confinamento considerar cruel e insensato regrar permitir receber o visitar cônjuge e o amigar o início pandemia coronavírus especialista alertar o lutar o covid-19 alto e avanço contratempo,saúde,04/08/2020 06h44 ,04/08/2020 06h44 ,https://noticias.uol.com.br/ultimas-noticias/afp/2020/08/04/lagrimas-e-angustia-em-melbourne-uma-cidade-fantasma-pelo-coronavirus.htm,1
8334,charge criticar o trans suzy oliveira feito pelar cartunista carlos latuff,,o imagem começar o espalhar redar social o semana março e mostrar umar mãe chorar filhar sangrar braço o o presar suzy oliveira chifrar abraçar o doutor drauzio varella o frente câmera tv globo,entretenimento,9/03/20209,gilmar lopes,https://www.e-farsas.com/charge-criticando-a-trans-suzy-de-oliveira-foi-feita-pelo-cartunista-carlos-latuff.html,0
8335,"'Não é hora de nenhum país atenuar as medidas contra o coronavírus', recomenda diretor-geral da OMS","Entidade alertou que medidas individuais e coletivas, como manter o distanciamento e isolamento devem ser mantidas mesmo com a vacinação.",o diretor-geral organização mundial saudar oms tedros adhanon alertar n sexta-feira o início vacinação o covid-19 e diminuição caso o global semana país relaxar medir adotadas frear o pandemia o dirigente informar caso global diminuir semana consecutivo o morte cair semana consecutivo e ganho resultar direto medir rigoroso o vírus declínio semana atribuir o país implementar medir saudar público rigoroso afirmar o cientista chefe oms soumya swaminathan alertar o vacinação justificativo pessoa deixar seguir medir individuar o covid-19 o vacinar contrair e transmitir o vírus,ciência, 12/02/2021 13h36 , Por G1 ,https://g1.globo.com/bemestar/coronavirus/noticia/2021/02/12/nao-e-hora-de-nenhum-pais-atenuar-as-medidas-contra-o-coronavirus-recomenda-diretor-geral-da-oms.ghtml,1
8336,"

Casas Bahia sorteia prêmios diários em site no WhatsApp por causa da Black Friday #boato 
","Boato – A Casas Bahia está sorteando 40 prêmios diários (como celulares, cartões vale-presente e outros) por causa da Black Friday. Para concorrer, só é preciso entrar em um site e compartilhar um link com amigos no WhatsApp.","convidar o promoção aniversário casar bahia promoção black friday premiar prêmios concorrer o prêmios diário cartão valer presente r$ 2.000,00 celular televisor e prêmios prosseguir responder o pesquisar abaixar o casar bahia e receber cartão o antes.você minuto responder perguntar conhecer o casar bahia comprar casar bahia opinião o melhor loja utilidade havan casar bahia magazine luiza atenção promoção verdadeiro pedir baixar aplicativo instalar arquivo maliciosos!parabéns prêmio aprovar sucesso acabar selecionado receber valer presentar r$ 2.000,00 o procedimento abaixar receber cartão presentar diretamente casar clicar botão compartilhar abaixar e selecione melhorar amigo e whatasapp e enviar promoção aniversário compartilhar basto preencher o formulário o endereçar entregar cartão compartilhar ta esperar o compartilhar amigo",entretenimento,08/11/2019,"
Edgard Matsuki ",https://www.boatos.org/tecnologia/casas-bahia-sorteia-premios-diarios-site-whatsapp-black-friday.html,0
8337,OMS se diz 'preocupada' com avanço do coronavírus em alguns países europeus  ,,o representação europeu oms organização mundial saudar afirmar hoje preocupar o ressurgimento covid-19 país europa e pedir suspender restrição cuidar restabelecer necessário questionar afp o situação continente o oms europa mencionar explicitamente país levantar preocupação referir tabelar vigilância online caso habitante o quirguistão população o país afetado vasto oms europa tendência fortemente crescente acordar o classificação caso dia país região o quirguistão ficar ásia divisão onu trabalho enquadrar divisão europeu o situação ocorrer israel outro citar relatório caso habitante d montenegro luxemburgo bósnio sérvio romênia e bulgária,saúde,24/07/2020 10h47 ,24/07/2020 10h47 ,https://noticias.uol.com.br/saude/ultimas-noticias/afp/2020/07/24/oms-se-diz-preocupada-com-avanco-do-coronavirus-em-alguns-paises-europeus.htm,1
8338,"

PT está em segundo lugar no ranking das maiores organizações criminosas da história #boato 
",Boato – Ranking das 10 maiores organizações criminosas da história coloca o Partido dos Trabalhadores (PT) em segundo lugar. Está atrás apenas da máfia russa.,mensagem parabém pt estrelar ranking organização criminoso história perder máfico russo rombo bilião o cofre púnblicos e gente bradar golpe restaum lulalatexto imagem largest criminal organizations in history solntsevskaya bratva russian mafia workers party pt brazilian left political organization yamaguchi gumi yakuza japanese mafia camorra italian mafia ndrangheta italian mafia sinaloa cartel mexican mafia o zeta mexican mafia medellin cartel colombian mafia thompson gang scottish mafia aryan brotherhood american gang source bci ranked by amount of money movement from criminal origintradução automático imagem organização criminar história solntsevskaya bratva russo máfia trabalhador pt brasiliano esquerdo organização político yamaguchi gumi yakuza japonesar maftelia camorra colônia mafia italiano ndrangheta máfia italiano sinaloa cartel máfia mexicano o zeta máfia mexicano medellin cartel máfia colombiano thompson gang scottish mafia aryan brotherhood american gang fonte ibc classificar quantiar movimentar dinheiro origem criminal,política,29/09/2020,"
Edgard Matsuki ",https://www.boatos.org/politica/pt-segundo-lugar-ranking-maiores-organizacoes-criminosas-da-historia.html,0
8339,Todos os estados brasileiros já receberam as doses da vacina de Oxford  ,,brasileiro receber lote vacinar oxford astrazeneca liberar fiocruz fundação oswaldo cruz o o milhão dose distribuir ministério saudar o etapa imunização o covid-19 paulo receber o imunizante dose chegar meio-dia hoje o o aeroporto internacional guarulhos encaminhar o o centrar distribuição secretariar estadual saudar bairro pinheiro ficar distribuir s cidade voo decolaram base aéreo galeão rir destinar o fortalezar ce e manaus am o ministrar saudar eduardo pazuello o amazona prioridade entregar dever crise saudar causar pandemia o justiçar determinar o governar liberar diariamente lista nome pessoa vacinar o denúncia desviar dose,saúde,24/01/2021 09h50Atualizada em 24/01/2021 18h33 ,Andréia Martins e Carolina Marins,https://noticias.uol.com.br/saude/ultimas-noticias/redacao/2021/01/24/estados-brasileiros-comecam-a-receber-doses-da-vacina-de-oxford.htm,1
8340,Deltan diz que ausência de sobrenomes em ação da Lava Jato é 'irrelevante' e que não analisou legalidade de doações a Alcolumbre e Maia,"Nomes de Rodrigo Maia e Davi Alcolumbre, sem os sobrenomes completos, aparecem em denúncia da Lava Jato do Paraná oferecida à Justiça em dezembro do ano passado.",o procurador deltan dallagnol coordenador força-tarefa operação lavar jato curitiba o ausência sobrenome presidente câmara e senado ação investigar doação ilegal campanha irrelevante nome sobrenome completo presidente câmara rodrigar maio e senado davi alcolumbre aparecer denúncia lavar jato paraná oferecido justiçar dezembro ano passar maio aparecer rodrigar felinto e alcolumbre david samuel ocasião ação maio e alcolumbre deputar federar e foro supremo tribunal federal investigar instância justiçar dallagnol destacar entrevisto rpc n quinta-feira o objetivo citação nome tabelar relacionar série doação eleitoral diverso candidato e político apontamento doação feito brasil petrópolis ordem odebrecht,política, 02/07/2020 17h13 ," Por Marcelo Rocha, G1 PR e RPC Curitiba ",https://g1.globo.com/pr/parana/noticia/2020/07/02/deltan-diz-que-ausencia-de-sobrenomes-em-acao-da-lava-jato-e-irrelevante-e-que-nao-analisou-legalidade-de-doacoes-a-alcolumbre-e-maia.ghtml,1
8341,Novo estudo comprova a 'boiada' de Salles na área ambiental,,paulo pesquisador compilar despacho federar regramento ambiental brasil encontrar durante o governar bolsonaro dispositivo legar encaixar categoria “ desregulação ” e “ flexibilização ” enfraquecer regrar preservação medir expedir o ministrar ricardo salles reunião pretender “ passar o boiar ” proposto executivo o setor o pandemia covid-19 concentrar o atenção mídia o pesquisar retratar quadrar degradação arcabouço proteção ambiental país liderar ecólogo mariano valer e rita portela ufrj cientista o estudar informação projeto transparência político inteirar ler o diário oficial união robô o concentrar chamar atos “ infralegais ” decisão executivo depender aval legistativo ministério impactar ambiental incluir estudar desmatamento e aplicação multar ambientar o resultar trabalhar descrever artigo periódico acadêmico conservation biology “ encontrar redução multar ambientar durante o pandemia apesar aumentar desmatamento amazônia durante o período ” escrever pesquisador “ concluir o atual administração aproveitar pandemia intensificar padrão enfraquecimento proteção ambiental brasil ” medir destacar pesquisador durante o período pandemia o liberar atividade mineração aguardar autorização publicar junho norma seguinte reclassificar diferente pesticida categoria danoso respaldar literatura científico setembro passar cientista destacar o medir facilitar autorização pescar industrial “ o autorização sair triagem avaliação pescador e prático ” afirmar cientista o estudar comparar o taxar relativo multar desmatamento amazônia e o comparar o ano anterior o florestar derrubar atingir quase km² agostar seguinte o quantidade multar crime região oscilar e auge onda covid-19 o desmatamento alto quase km² derrubar multar ficar abaixar o estudar analisar mudança pessoal instituto brasileiro ambientar e recurso natural renovável ibama e instituto chico mendes conservação biodiversidade icmbio — haver substituição staff técnico chefiar staff técnico marcar retirar servidor ano experiência autarquia ambientar substituir policiar militar carreira — afirmar erika berenguer ecólogo universidade oxford e coautora estudar o reportagem encaminhar o o ministério ambientar cópia estudar receber respostar o conclusão d edição,brasil, Publicado em  10/02/21 03:30 ,Rafael Garcia,https://extra.globo.com/noticias/brasil/novo-estudo-comprova-boiada-de-salles-na-area-ambiental-24876418.html,1
8342,"

Charlie Hebdo critica, em sua capa, decisão do STF que soltou Lula da prisão #boato 
","Boato – Em sua capa, o jornal francês Charlie Hebdo publicou uma charge criticando a decisão do STF sobre prisão em segunda instância. De acordo com a publicação, o STF estima que Lula é um santo.",o jornal francês charlie hebdo ironizar dó vergonhoso atuação stf patife-mor lula silvar o manchete ferino cortar supremo brasil estimar lula santo e sapecar fotomontagem o presidiário aparecer jesus santidade santo cear fé,política,16/11/2019,"
Edgard Matsuki ",https://www.boatos.org/politica/charlie-hebdo-critica-capa-decisao-stf-lula-prisao.html,0
8343,Coronavírus no Brasil: País tem 486 mortos e 11.130 casos oficiais  ,,"o ministério saudar anunciar hoje subir o morte coronavírus brasil — aumentar óbito confirmar horar morte total 11.130 caso oficiar país — aumentar caso hoje — o governar 10.278 caso confirmar o letalidade 4,4 pessoa contaminar morrer o brasil caso confirmar e morte comparação hoje n domingo óbito e caso horar óbito e 1.222 caso divulgar sábado o março o aumentar caso dia ficar abaixar casar 1.000 acordar o plataforma online acompanhamento epidemiar brasil",saúde,05/04/2020 17h29Atualizada em 05/04/2020 20h01 ,"Do UOL, em São Paulo",https://noticias.uol.com.br/saude/ultimas-noticias/redacao/2020/04/05/coronavirus-no-brasil-pais-tem-486-mortos-e-11130-casos-oficiais.htm,1
8344,"Brasil tem 125.521 mortes por coronavírus, diz Ministério da Saúde","Em 24 horas, foram incluídos 907 registros de mortes no balanço.",o ministério saudar divulgar n sexta-feira recente balançar morte e caso covid-19 principal d o ministério saudar 688.393 paciente acompanhamento e 3.278.918 recuperar,saúde, 04/09/2020 21h55 , Por G1 ,https://g1.globo.com/bemestar/coronavirus/noticia/2020/09/04/brasil-tem-125521-mortes-por-coronavirus-diz-ministerio-da-saude.ghtml,1
8345,Coronavírus: promessa do Chelsea quebra quarentena imposta pelo clube  ,,mason mount jovem promessa chelsea quebrar o quarentenar obrigatório imposto clube inglês o testar callum hudson-odoi resultar positivar o o coronavírus o jogador presentar jogar futsal amigo centrar londres declan riçar west ham presentar o site skysports mount advertir e lembrar responsabilidade chelsea o chelsea anunciar sexta-feira hudson-odoi infectar covid-19 o clube londrino obrigar jogador equipar técnico e funcionário o ficar quarentenar acordar indicação governar britânico o ligar inglesar suspenso o dia abril dever pandemia mikel arteta treinador arsenal outro infectar divisão inglaterra,saúde,16/03/2020 13h32 ,16/03/2020 13h32 ,https://www.uol.com.br/esporte/futebol/ultimas-noticias/lancepress/2020/03/16/jovem-do-chelsea-quebra-quarentena-obrigatoria-imposta-pelo-clube.htm,1
8346,Daniel Azulay morre aos 72 anos; artista tratava câncer e contraiu covid-19  ,,"Famoso principalmente nos anos 1980, o desenhista Daniel Azulay morreu hoje aos 72 anos. A informação foi confirmada ao UOL pela mulher dele, Beth Azulay. O educador e artista plástico lutava contra a leucemia e contraiu a covid-19, doença provocada pelo novo coronavírus. ""Com extremo pesar, comunicamos que nosso querido Daniel Azulay faleceu hoje a tarde no Rio de Janeiro. Ele estava tratando uma leucemia e contraiu coronavírus. Sua alegria continuará em todos nossos corações para sempre. Faremos rezas virtuais para ele nos próximos dias em virtude do isolamento. Daniel, Te amamos"", escreveu a sua página oficial no Facebook. Nascido no Rio de Janeiro, o desenhista criou a Turma do Lambe-Lambe e nas décadas de 1970 e 1980 apresentou, ao lado de seus personagens, um programa de TV que ensinava técnicas de ilustração e dava dicas de como construir brinquedos com lixo doméstico. Em 2009, ele ensinou desenho em vídeos na plataforma UOL Crianças, do portal UOL, fez especiais para o canal Futura e chegou a participar da TV Rá-Tim-Bum. A partir de 2013, Azulay ressurgiu dando aulas para crianças em um outro projeto idealizado por ele mesmo.",saúde,27/03/2020 21h06 ,Gilvan Marques,https://entretenimento.uol.com.br/noticias/redacao/2020/03/27/daniel-azulay-morre-aos-72-anos-artista-tratava-cancer-e-contraiu-covid-19.htm,1
8347,"
  A vacinação obrigatória contra a covid-19 no Brasil é prevista enquanto estiver vigente o estado de calamidade pública","Um meme compartilhado mais de 9,2 mil vezes nas redes sociais desde meados de outubro afirma que o governador de São Paulo, João Doria, proibiu a hidroxicloroquina pois os testes não eram conclusivos, mas quer obrigar a população a tomar uma vacina “experimental”. Essas afirmações, no entanto, são enganosas. Doria não fomentou o uso do remédio, enquanto órgãos como OMS, FDA e Anvisa não recomendam a utilização contra a covid-19. Já a possibilidade vacinação compulsória foi sancionada pelo presidente Bolsonaro no início do ano, enquanto permanecer o estado de calamidade pública.Envie-nos por WhatsApp Email",“ doria proibir o hidroxicloroquina remédio haver ano o desculpar teste o covid conclusivo obrigar o o tomar vacinar experimental ” indicar o texto acompanhar fotografia doria frente bandeiro chino postagens circular o dia outubro facebook publicação legendar “ ninguem obrigar lei constitucional foradoria dorianacadeia ” e “ ninguém obrigar o ” o vacinar o meme referir o “ coronavac ” desenvolvimento ocorrer parceria instituto butantan localizar paulo e vincular o o governar estadual o farmacêutico chinês sinovac biotech,brasil,22/10/2020 às 21:26,AFP Brasil,https://checamos.afp.com//vacinacao-obrigatoria-contra-covid-19-no-brasil-e-prevista-enquanto-estiver-vigente-o-estado-de,0
8348,Filas no INSS: governo decide convocar também peritos aposentados,"Decisão mira atendimento a doentes, deficientes e pedidos de aposentadoria por invalidez. Governo já havia anunciado a convocação de militares e aposentados civis de outros órgãos.",o governar decidir convocar categoria aposentar ajudar o diminuir filar inss militar reservar e aposentar civil perito aposentar inss incluir lista chamar fonte governar o perícia o melhor desempenhar ano hoje o médio esperar passar dia hoje dia haver esperar ultrapassar dia vilhena ro e cidade oeste santo catarino chapecó medir o governar mirar resolver o atendimento parcelar frágil beneficiário depender benefício prestação continuar bpc deficiente e aposentar invalidez perito vincular secretariar previdência ministério economia e incluir aposentar civil ligar o o inss o governar anunciar pretender convocar,política, 31/01/2020 11h03 ," Por Camila Bomfim, TV Globo — Brasília ",https://g1.globo.com/economia/noticia/2020/01/31/filas-no-inss-governo-decide-convocar-tambem-peritos-aposentados.ghtml,1
8349,"Tuíte diz que matemática não aceita fake news, mas erra ao comparar salários",,tuíte verificar valorar incorretos comparar o salário mínimo e e desconsiderar o contexto econômico período,política,2020/09/11,Comprova,https://projetocomprova.com.br/publicações/tuite-diz-que-matematica-nao-aceita-fake-news-mas-erra-ao-comparar-salarios/,0
8350,"

DrogaRaia está vendendo vacinas contra a Covid-19 #boato 
","Boato – Rede de farmácias DrogaRaia está vendendo vacinas contra a Covid-19. Agendamento de vacinação particular está disponível para imunizantes CoronaVac, da Pfizer e da Jensen.","drogaraia prezar cliente enorme satisfação anunciar o início agendamento vacinação particular o covid-19 vago dia agendar horário agilidade e comodidade 🇧 🇷 🇨 🇳 coronavac – r$ 225,00 🇺 🇸 🇩 🇪 pfizer – r$ 295,00 🇺 🇸 jensen dosar único – r$ 379,50 reservar e agendamento telefonar falar o senhor nome gerente setor vacinar drogaraia",saúde,01/04/2021,"
Edgard Matsuki ",https://www.boatos.org/saude/drogaraia-vendendo-vacinas-contra-covid-19.html,0
8351,"

Marinha faz apreensão de armas na Baía da Guanabara durante Carnaval #boato 
","Boato – Enquanto a imprensa fala apenas em coisas banais, esconde que a Marinha apreendeu armas durante o Carnaval na Baía da Guanabara (Rio de Janeiro).",o imprensar comunista nao mostrar né apreencao feito marinho baía guanabara rolo o carnaval o segurança melhorar e o extremo imprensar focar banir governar o imprensar publicar valorizar o governar carnaval rolar olhar o baía guanabara apreensão feito marinha!parabéns marinho brasil durante o carnaval efetuou o interceptação carregamento armar e munição entravar baía guanabara morte evitar operação,brasil,08/03/2019,"
Edgard Matsuki ",https://www.boatos.org/brasil/marinha-apreensao-armas-carnaval.html,0
8352,bolsonaro importar tecnologia israel parir tratamento câncer mamar,é verdade que o presidente jair bolsonaro autorizou a importação da tecnologia inédita no brasil para retirada de câncer de mama sem cirurgia?,o texto acompanhar vídeo espalhar rede social e whatsapp fevereiro e pra voltar o aparecer parabenizar o presidente jair bolsonaro trazer o brasil tecnologia revolucionário tratamento câncer mamar,saúde,5/04/20195,gilmar lopes,https://www.e-farsas.com/bolsonaro-vai-importar-tecnologia-de-israel-para-tratamento-de-cancer-de-mama.html,0
8353,"
  A máscara usada por João Doria nas municipais era preta, não com a bandeira chinesa","Uma foto compartilhada mais de 2,4 mil vezes nas redes sociais em apenas um dia mostra o governador de São Paulo, João Doria, caminhando ao lado de sua esposa, Bia Doria, diante do celular e usando uma máscara estampada com a bandeira chinesa. Mas a imagem viral é uma montagem: uma busca nas redes sociais de Doria leva a um vídeo publicado em seu Instagram no mesmo momento e é possível constatar que ele usava uma máscara preta.Envie-nos por WhatsApp Email",“ joão dório psdb votar máscara bandeiro chino alguém dúvida safar representar interesse chinês brasil ” “ dia ‘ proclamação repúblico ’ ditadoria sair votar máscara o bandeiro chino o merecer ” e “ o máscara dório o bandeiro chino ” legendar postagens facebook horar registrar milhar compartilhamentos o fotografia viralizou instagram e twitter dia brasileiro 5.568 município s urna escolher prefeito vice-prefeitos e vereador o fotografia circular rede social sofrer alteração digital sobrepor o bandeiro chino máscara preto joão doria,brasil,16/11/2020 às 20:23,AFP Brasil,https://checamos.afp.com//mascara-usada-por-joao-doria-nas-municipais-era-preta-nao-com-bandeira-chinesa,0
8354,"

“Argentina está fazendo isso” é um vídeo que desliga o telefone em 10 segundos, diz CNN #boato 
",Boato – Eles vão começar a circular um vídeo chamado “Argentina está fazendo isso”. Não abra o arquivo porque a CNN alertou que ele desliga o telefone em 10 segundos.,começar o circular vídeo whatsapp mostrar o curvo covid19 achatar argentino o arquivar chamar “ argentino ” o abrir desligar o telefonar e parar algum passar informação família e amigo cnn,entretenimento,19/07/2020,"
Edgard Matsuki ",https://www.boatos.org/tecnologia/argentina-esta-fazendo-isso-video-desliga-telefone-10-segundos-cnn.html,0
8355,ImunizaSUS: Curso de aperfeiçoamento de profissionais tem inscrições abertas até o dia 15,,"Profissionais de saúde das redes privada e pública com vínculo nas redes federal, estadual ou municipal têm até o dia 15 de março para se inscreverem gratuitamente no curso Fortalecimento das Ações de Imunização nos Territórios Nacionais, do Projeto ImunizaSUS.   A iniciativa, lançada em janeiro passado pelo ministro da Saúde, Eduardo Pazuello, pretende capacitar 94,5 mil trabalhadores da saúde que atuam diretamente nos serviços de vacinação. O programa é fruto de parceria com o Conselho Nacional de Secretarias Municipais de Saúde (Conasems) e conta com investimento federal de R$ 58 milhões. Para participar do curso, que será realizado totalmente online, é preciso atuar ou possuir experiência em ações de imunização em serviços de saúde, de forma direta ou indireta. As inscrições estão disponíveis em http://matriculas.conasems.org.br. Já o edital pode ser acessado em www.conasems.org.br",saúde,05/03/2021 16h27,Ministério da Saúde Com informações do Nucom da Secretaria de Vigilância em Saúde,https://www.gov.br/saude/pt-br/assuntos/noticias/imunizasus-curso-de-aperfeicoamento-de-profissionais-tem-inscricoes-abertas-ate-o-dia-15,1
8356,É #FAKE que desenho 'Os Simpsons' previu surto de coronavírus,"Mensagem diz que episódio de 1993 do desenho animado abordou surto atual. Um dos quadros da mensagem, porém, foi adulterado para incluir a expressão 'corona virus'.",circular rede social mensagem e vídeo episódio desenhar animar simpons prever o atual surtir coronavírus o mensagem falso composto quadrar imagem extrair episódio simpsons d real episódio osaka flu mostrar personagem lidar surtir gripar tomar contar springfield operário linha montagem japão e chino tossir caixa enviar cidade encomendar imagem painel mensagem falso o expressão corona virus imagem falso manipular digitalmente o cena original retirar história house cat flu e mencionar coronavírus apocalypse meow,entretenimento, 05/03/2020, Por G1 ,https://g1.globo.com/fato-ou-fake/noticia/2020/03/05/e-fake-que-desenho-os-simpsons-previu-surto-de-coronavirus.ghtml,0
8357,"

Termômetro digital na testa lança um raio destruidor da glândula pineal #boato 
","Boato – O termômetro digital na testa pode lançar um raio destruidor da glândula pineal e causar vários problemas de saúde. Por isso, o ideal é medir a temperatura no pulso.",“ raiar testo destruidor glândula pineal cuidar mandar colocar pulsar ” atenção cuide-se deixar colocar testo querer braço inofensivo protejam-se subliminar querer acostumar adestrar e sabotar vidar o famoso matrix o tradução mensagem importante enfermeiro australiano “ realmente preocupar começar o implementar protocolo vigor tarefar medir e registrar o temperatura pessoa o centrar testo o armar termômetro puxar o gatilho esperar bipe e registrar o temperatura pedir desculpar pessoa prosseguir dúzia repente percepção dessensibilizar o o direcionarmos cabeça e causar problema saudar potenciar o o raiar infravermelho o glândula pineal começar o medir o temperatura pulsar acabar preciso o testo frio o pulsar e resultar diferir grau caso o shopping center e pessoa filar medir o temperatura funcionário obviamente médico e devidamente instruir realizar procedimento corretamente ficar chocar chegar o e o armar testo e o redirecionei o punho falar firmeza e o o funcionário termômetro infravermelho o testo alguém especialmente bebês e criança pequeno d requerer conhecimento básico ler corretamente o temperatura alguém colocar termômetro punho cotovelar precisar e prejudicial perturbador mim observar o criança acostumar o objeto armar o testo e reação negativo adulto normal e aceitável profissional médico recuso-me o visar diretamente o glândula pineal localizar diretamente centrar testo raiar infravermelho entanto o pessoa concordar passar o o dia glândula pineal protegido crucial saudar e futurar …,saúde,18/08/2020,"
Raiane Gonoli ",https://www.boatos.org/saude/termometro-na-testa-raio-destruidor-da-glandula-pineal.html,0
8358,Rio Preto fecha supermercados no fim de semana para tentar conter covid-19  ,,o prefeitura josé rir preto sp determinar o fechamento supermercado e hipermercado durante semana tentativo controlar o disseminação coronavírus acordar o decretar publicar hoje estabelecimento d categoria cidade funcionar sábado e domingo delivery ficar proibir o modalidade drive-thru restrição vender bebido alcoólico ficar proibir estabelecimento comerciar s 20h e 6h o sexta-feira e durante horar o sábado e domingo medir tomar o objetivo desestimular aglomeração reduzir o taxar contaminação e evitar sobrecarga saudar cidade o secretário saudar municipal aldenis borim o situação hospital cidade preocupante,saúde,16/07/2020 09h12 ,16/07/2020 09h12 ,https://noticias.uol.com.br/saude/ultimas-noticias/redacao/2020/07/16/rio-preto-fecha-supermercados-no-fim-de-semana-para-tentar-conter-covid-19.htm,1
8359,É falso que vacinas em teste no Brasil não passaram por fase pré-clínica  ,,"falso o afirmação feito vídeo médico anthony wong o vacinar o coronavírus passar fase pré-clínica teste verdade composto teste brasil passar etapa o estágio pré-clínico o imunizante aplicar animar laboratório segurar testar humanos.como o covid-19 pandemia 40,9 milhão infectar e 1,1 milhão morte o mundo universidade johns hopkins o processar desenvolvimento vacinar acelerar informar o oms organização mundial saudar",saúde,22/10/2020 19h31 ,"Do UOL, em São Paulo*",https://noticias.uol.com.br/comprova/ultimas-noticias/2020/10/22/e-falso-que-vacinas-em-teste-no-brasil-nao-passaram-por-fase-pre-clinica.htm,0
8360,"

Teste de anticorpos feito por engenheiro após se vacinar prova que Coronavac não imuniza #boato 
",Boato – Teste sorológico de anticorpos feito por engenheiro comprova que a vacina Coronavac não gerou imunidade contra a Covid-19 após duas doses. ,“ pessoal senhor engenheiro e esposo tomar dose vacinar coronavac e dia exame laboratório fleury adquirir imunidade o vírus o o áudio falir o nome d e esposo ouvir atenção o mensagem … ”,saúde,17/05/2021,"
Kyene Becker ",https://www.boatos.org/saude/teste-feito-engenheiro-apos-vacinar-prova-coronavac-nao-imuniza.html,0
8361,"São Paulo tem ocupação de 56% em UTI e 60% em enfermarias, diz Bruno Covas  ",,"o prefeito cidade paulo brunir cova psdb hoje o taxar ocupação leito uti destacar o combater pandemia covid-19 cidade paulo o revelar durante entrevisto coletiva concedido hoje o o governador joão doria psdb cidade paulo leito uti acrescentar redar municipal entregar d leito ocupação o meter chegar o abril leito uti o leito enfermar hospital municipal hospital campanha 1,688 leito acrescido e ocupação afirmar o capital paulista pretender entregar início maio hospital campanha o complexo ibirapuera transformar e leito tratar pessoa infectar o investimento estimar r$ milhão brunir cova impossível prever haver saturação saudar público capital acordar o prefeito o único acompanhar diariamente o evolução covid-19",saúde,13/04/2020 13h53Atualizada em 13/04/2020 19h37 ,Felipe Pereira ,https://noticias.uol.com.br/saude/ultimas-noticias/redacao/2020/04/13/sao-paulo-tem-ocupacao-de-56-em-uti-e-60-em-enfermarias-diz-bruno-covas.htm,1
8362,"Por críticas a Bolsonaro, Ciro Gomes vira alvo da PF, diz jornal  ",,ciro gomar pdt ex-ministro e ex-governador cear virar alvo polícia federal criticar o presidente jair bolsonaro acordar reportagem jornal o s. paulo o pedir abertura inquérito assinar presidente repúblico subchefia assunto jurídico secretaria-geral presidência e conduzir ministrar justiçar andré mendonça o ciro gomar confirmar avisar abertura inquérito haver cercar dia ligar o o estadão o uol entrar contato o assessoria ciro gomar e aguardar retornar,política,19/03/2021 21h43 ,"Colaboração para UOL, em Belo Horizonte",https://noticias.uol.com.br/politica/ultimas-noticias/2021/03/19/por-criticas-a-bolsonaro-ciro-gomes-vira-alvo-da-policia-federal.htm,1
8363,umar águia congelar o morte derreter quebrar e sobrar o pato,,eis o descrição acompanhar o foto,entretenimento,22/06/2020,marco faustino,https://www.e-farsas.com/uma-aguia-congelou-ate-a-morte-derreteu-quebrou-e-sobraram-apenas-as-patas.html,0
8364,Nova Zelândia diz que eliminou contágio local e reduz casos de coronavírus  ,,o governar zelândia informar hoje conseguir zerar transmissão comunitário coronavírus e anunciar o relaxamento regrar distanciamento social nivel o ashley bloomfield diretor saudar zelândia entrevisto coletiva o país registrar casar suspeito e morte reduzir notificação dígito d afirmar caso positivo origem transmissão identificar e zerados objetivo o eliminação e novamente significar erradicação significar reduzir o pequeno caso eliminar caso e surto surgir completar bloomfield o primeira-ministra jacinda ardern o coronavírus atualmente eliminar o país preciso permanecer alertar e registrar caso,saúde,27/04/2020 08h15 ,27/04/2020 08h15 ,https://noticias.uol.com.br/internacional/ultimas-noticias/2020/04/27/nova-zelandia-diz-que-controlou-coronavirus-e-reduz-casos-a-um-digito.htm,1
8365,"

Atirador de Campinas, Euler Fernando Grandolpho, era filiado ao PT #boato 
","Boato – Euler Fernando Grandolpho, atirador que matou cinco pessoas na Catedral de Campinas, era filiado ao PT desde 1995.",“ armar série raspar filiar o o pt atirar indiscriminadamente religioso … combinação “ coincidência ” ” “ o atirador igreja filiar o o pt e dia o dizimar … .. coincidência ”,política,12/12/2018,"
Edgard Matsuki ",https://www.boatos.org/politica/atirador-campinas-euler-filiado-pt.html,0
8366,Lira escolhe relator que se mostrou favorável à prisão de Daniel Silveira  ,,o presidente câmara deputar arthur lira pp-al escolher o deputar federal carlos sampaio psdb-sp relator votação acontecer amanhã brasília e decidir o prisão deputar daniel silveiro psl-rj mantido vídeo publicar rede social sampaio mostrar favorável manutenção prisão silveiro o conduta parlamentar inadmissível e inaceitável conceber o pretextar o liberdade expressão injuriar e difamar concordar decisão ministrar supremo carlos sampaio vídeo publicar sampaio afirmar conceber o incitação movimento antidemocrático nome liberdade expressão,política,18/02/2021 20h39 ,18/02/2021 20h39 ,https://noticias.uol.com.br/politica/ultimas-noticias/2021/02/18/lira-escolhe-relator-que-se-mostrou-favoravel-a-prisao-de-daniel-silveira.htm,1
8367,Veja o que é #FATO ou #FAKE nas declarações dos candidatos à Prefeitura de SP na 5ª semana de campanha,"Frases foram ditas em redes sociais, no horário eleitoral e nas agendas.",candidato prefeitura paulo continuidade campanha eleitoral cidade n semana o registrar oficial candidatura postar rede social falar horário eleitoral tv e rádio e participar entrevisto e evento o equipar fato fake checar principal declaração durante o semana candidato aparecer numericamente frente pesquisar o ordem seguir o pesquisar ler brunir cova psdb “requalificar km corredor o cidade paulo”,política, 31/10/2020," Por G1, O Globo, Extra, TV Globo, CBN, Valor e GloboNews ",https://g1.globo.com/fato-ou-fake/noticia/2020/10/31/veja-o-que-e-fato-ou-fake-nas-declaracoes-dos-candidatos-a-prefeitura-de-sp-na-5a-semana-de-campanha.ghtml,0
8368,Veja o que é #FATO ou #FAKE nas declarações dos candidatos à Prefeitura de SP na 5ª semana de campanha,"Frases foram ditas em redes sociais, no horário eleitoral e nas agendas.","candidato prefeitura paulo continuidade campanha eleitoral cidade n semana o registrar oficial candidatura postar rede social falar horário eleitoral tv e rádio e participar entrevisto e evento o equipar fato fake checar principal declaração durante o semana candidato aparecer numericamente frente pesquisar o ordem seguir o pesquisar ler celso russomanno republicano “sem-teto o ruir e o índice óbito covid-19 pessoa óbito 0,01 o classe médio alto nó”",política, 31/10/2020," Por G1, O Globo, Extra, TV Globo, CBN, Valor e GloboNews ",https://g1.globo.com/fato-ou-fake/noticia/2020/10/31/veja-o-que-e-fato-ou-fake-nas-declaracoes-dos-candidatos-a-prefeitura-de-sp-na-5a-semana-de-campanha.ghtml,0
8369,Veja o que é #FATO ou #FAKE nas declarações dos candidatos à Prefeitura de SP na 5ª semana de campanha,"Frases foram ditas em redes sociais, no horário eleitoral e nas agendas.",candidato prefeitura paulo continuidade campanha eleitoral cidade n semana o registrar oficial candidatura postar rede social falar horário eleitoral tv e rádio e participar entrevisto e evento o equipar fato fake checar principal declaração durante o semana candidato aparecer numericamente frente pesquisar o ordem seguir o pesquisar ler celso russomanno republicano “o cohab nenhum casar popular o ano”,política, 31/10/2020," Por G1, O Globo, Extra, TV Globo, CBN, Valor e GloboNews ",https://g1.globo.com/fato-ou-fake/noticia/2020/10/31/veja-o-que-e-fato-ou-fake-nas-declaracoes-dos-candidatos-a-prefeitura-de-sp-na-5a-semana-de-campanha.ghtml,0
8370,Veja o que é #FATO ou #FAKE nas declarações dos candidatos à Prefeitura de SP na 5ª semana de campanha,"Frases foram ditas em redes sociais, no horário eleitoral e nas agendas.",candidato prefeitura paulo continuidade campanha eleitoral cidade n semana o registrar oficial candidatura postar rede social falar horário eleitoral tv e rádio e participar entrevisto e evento o equipar fato fake checar principal declaração durante o semana candidato aparecer numericamente frente pesquisar o ordem seguir o pesquisar ler celso russomanno republicano “hoje o vidar querer empreender complicar acabar demorar ano pra conseguir umar licença parir umar obrar”,política, 31/10/2020," Por G1, O Globo, Extra, TV Globo, CBN, Valor e GloboNews ",https://g1.globo.com/fato-ou-fake/noticia/2020/10/31/veja-o-que-e-fato-ou-fake-nas-declaracoes-dos-candidatos-a-prefeitura-de-sp-na-5a-semana-de-campanha.ghtml,0
8371,Veja o que é #FATO ou #FAKE nas declarações dos candidatos à Prefeitura de SP na 5ª semana de campanha,"Frases foram ditas em redes sociais, no horário eleitoral e nas agendas.",candidato prefeitura paulo continuidade campanha eleitoral cidade n semana o registrar oficial candidatura postar rede social falar horário eleitoral tv e rádio e participar entrevisto e evento o equipar fato fake checar principal declaração durante o semana candidato aparecer numericamente frente pesquisar o ordem seguir o pesquisar ler celso russomanno republicano “o verdade o pessoa viver o cidade enfrentar falto trabalhar dinheiro parir comer”,política, 31/10/2020," Por G1, O Globo, Extra, TV Globo, CBN, Valor e GloboNews ",https://g1.globo.com/fato-ou-fake/noticia/2020/10/31/veja-o-que-e-fato-ou-fake-nas-declaracoes-dos-candidatos-a-prefeitura-de-sp-na-5a-semana-de-campanha.ghtml,0
8372,Veja o que é #FATO ou #FAKE nas declarações dos candidatos à Prefeitura de SP na 5ª semana de campanha,"Frases foram ditas em redes sociais, no horário eleitoral e nas agendas.",candidato prefeitura paulo continuidade campanha eleitoral cidade n semana o registrar oficial candidatura postar rede social falar horário eleitoral tv e rádio e participar entrevisto e evento o equipar fato fake checar principal declaração durante o semana candidato aparecer numericamente frente pesquisar o ordem seguir o pesquisar ler guilherme boulos psol “davi golias adversário campanha máquina financiamento empresar”,política, 31/10/2020," Por G1, O Globo, Extra, TV Globo, CBN, Valor e GloboNews ",https://g1.globo.com/fato-ou-fake/noticia/2020/10/31/veja-o-que-e-fato-ou-fake-nas-declaracoes-dos-candidatos-a-prefeitura-de-sp-na-5a-semana-de-campanha.ghtml,0
8373,Veja o que é #FATO ou #FAKE nas declarações dos candidatos à Prefeitura de SP na 5ª semana de campanha,"Frases foram ditas em redes sociais, no horário eleitoral e nas agendas.",candidato prefeitura paulo continuidade campanha eleitoral cidade n semana o registrar oficial candidatura postar rede social falar horário eleitoral tv e rádio e participar entrevisto e evento o equipar fato fake checar principal declaração durante o semana candidato aparecer numericamente frente pesquisar o ordem seguir o pesquisar ler guilherme boulos psol “umar semana antar eleição parir o prefeitura sp massacrar ditadura voltar redondo umar greve csn companhia siderúrgico nacional”,política, 31/10/2020," Por G1, O Globo, Extra, TV Globo, CBN, Valor e GloboNews ",https://g1.globo.com/fato-ou-fake/noticia/2020/10/31/veja-o-que-e-fato-ou-fake-nas-declaracoes-dos-candidatos-a-prefeitura-de-sp-na-5a-semana-de-campanha.ghtml,0
8374,Veja o que é #FATO ou #FAKE nas declarações dos candidatos à Prefeitura de SP na 5ª semana de campanha,"Frases foram ditas em redes sociais, no horário eleitoral e nas agendas.",candidato prefeitura paulo continuidade campanha eleitoral cidade n semana o registrar oficial candidatura postar rede social falar horário eleitoral tv e rádio e participar entrevisto e evento o equipar fato fake checar principal declaração durante o semana candidato aparecer numericamente frente pesquisar o ordem seguir o pesquisar ler  márcio frança psb “existir o cidade paulo pessoa família esperar filar cdhu cohab esperar o suar”,política, 31/10/2020," Por G1, O Globo, Extra, TV Globo, CBN, Valor e GloboNews ",https://g1.globo.com/fato-ou-fake/noticia/2020/10/31/veja-o-que-e-fato-ou-fake-nas-declaracoes-dos-candidatos-a-prefeitura-de-sp-na-5a-semana-de-campanha.ghtml,0
8375,Veja o que é #FATO ou #FAKE nas declarações dos candidatos à Prefeitura de SP na 5ª semana de campanha,"Frases foram ditas em redes sociais, no horário eleitoral e nas agendas.",candidato prefeitura paulo continuidade campanha eleitoral cidade n semana o registrar oficial candidatura postar rede social falar horário eleitoral tv e rádio e participar entrevisto e evento o equipar fato fake checar principal declaração durante o semana candidato aparecer numericamente frente pesquisar o ordem seguir o pesquisar ler  márcio frança psb “n eleição o cidade o cidade vicente voto parir governador”,política, 31/10/2020," Por G1, O Globo, Extra, TV Globo, CBN, Valor e GloboNews ",https://g1.globo.com/fato-ou-fake/noticia/2020/10/31/veja-o-que-e-fato-ou-fake-nas-declaracoes-dos-candidatos-a-prefeitura-de-sp-na-5a-semana-de-campanha.ghtml,0
8376,"Com Covid-19, Coaracy Nunes está internado em estado grave  ",,ex-presidente confederação brasileiro desporto aquático cbda coaracy nunes completar ano n domingo gravar situação saudar internar covid-19 o dirigente haver cercar dia uti hospital rir janeiro comer induzir coaracy o saudar fragilizar haver ano presidente cbda e frequentar o olimpíada rir cadeira rodar o quadrar piorar presar provisoriamente e ficar dia deter o presídio benfica bangu sofrer alzheimer demência e diabete perder o consciência e o memória ano juntar família guardar recordação depender cuidador provável d profissional sintoma transmitir o covid-19 o ex-dirigente coaracy sedar comer induzir diverso complicação o morte entender ciclo vidar dolorido casar pai cheio conquistar e maravilhoso o difícil entender acontecer pessoa e amante esporte verdade conviver ameaçar julgamento injusto haver ano comentar luciana nunes filho ex-dirigente,saúde,26/04/2020 21h01 ,26/04/2020 21h01 ,https://www.uol.com.br/esporte/colunas/olhar-olimpico/2020/04/26/com-covid-19-coaracy-nunes-esta-internado-em-estado-grave.htm,1
8377,"

Vídeo mostra ataque de drone que matou general iraniano Qasem Soleimani #boato 
",Boato – Vídeo mostra o exato momento em que um drone norte-americano realiza o ataque que matou o general iraniano Qasem Soleimani no Iraque. Imagens são impressionantes.,drone atacar matar o general qasem soleimani comandante forçar quds islâmico irã vídeo atacar o o general iraniano drone atacar matar o general qasem soleimani comandante forçar quds unidade especial guardião revolução islâmico irã o imprensar americano o identificar o mq-9 reaper … vídeo mostrar exato drone americano lançar míssil o general iraniano qasem soleimani politicar guerra o atacar precisar drone americano o o general irã imagem atacar drone americano o qassem soleimani chefe guardar revolucionário irã.momento exato atacar drones eua iraque.05/01/20,mundo,06/01/2020,"
Edgard Matsuki ",https://www.boatos.org/mundo/video-mostra-ataque-drone-matou-general-iraniano-qasem-soleimani.html,0
8378,"Covas quis capturar ""espírito da quebrada"" para slogan de campanha  ",,simpatia rostir e o prefeito brunir cova psdb declarar propaganda político tv forçar focar e fé o frase regatar crossfiteiros e reunião endinheirado avenida brigadeiro limar periferia paulo e virar slogan campanha candidatar o reeleição o expressão escolhido remeter cultura popular cidade quebrar apurar o uol forçar focar e fé aparecer músico sambar rap e funks sintetizar espírito entregar carga o equipar cova querer levar o campanha pesar o frase prefeito,política,23/10/2020 04h00 ,Felipe Pereira,https://noticias.uol.com.br/eleicoes/2020/10/23/covas-quis-capturar-espirito-da-quebrada-para-slogan-de-campanha.htm,1
8379,adolescente morrer o o imitar o hulk,,o vídeo mostrar garotar camisa forçar o músculo e cair desacordar seguir começar o espalhar o redar social o maio juntar o vídeo alertar parir o pai o adolescente morrer o o participar demonstração forçar vídeo,entretenimento,4/06/20194,gilmar lopes,https://www.e-farsas.com/um-adolescente-morreu-ao-tentar-imitar-o-hulk.html,0
8380,É #FAKE que o termo 'Black Friday' surgiu em alusão a liquidação de escravos,"Primeiro uso do termo nos EUA foi registrado seis anos após a abolição no país, em colapso do mercado de ouro na Bolsa de Nova York.",o proximidade black friday boatar antigo voltar o ganhar forçar rede social o o tradição seguinte o o feriar ação graça criar referência o o dia senhor vender escravo liquidação o mensagem sugerir boicotar s promoção o história fake o registrar eua datar setembro ano abolição escravidão país haver evidência sustentar o idear o tradição derivar tráfico escravo n datar especulador jay gould e james fisk informação privilegiar tomar o mercar ourar bolsar york reverter o situação o governar aumentar o ofertar ourar mercar preço cair vertiginosamente investidor perder dinheiro e o dia colapso ficar black friday,entretenimento, 26/11/2019," Por Hellen Guimarães, O Globo ",https://g1.globo.com/fato-ou-fake/noticia/2019/11/26/e-fake-que-o-termo-black-friday-surgiu-em-alusao-a-liquidacao-de-escravos.ghtml,0
8381,Anitta brinca com presidência e ouve 'sim' de Pabllo Vittar para Ministério  ,,anitta estrear o programar anitta casa hoje multishow brincadeira concorrer presidência repúblico deixar claro pretender o pedir humorista maurício meirelles ligar pabllo vittar o o viver e perguntar o colega gostar assumir o ministério cultura o vídeo abaixar pabllo o o viver multishow perguntar ... verdade perguntar maurício e daniel aceitar ministro cultura n regina duarte secretário cultura governar bolsonaro presidente perguntar anitta o respostar pabllo afirmativo achar topar o o diferençar n país abrir político público artista independente aula arte cultura ... mudar país e jogar caro corrupção menino e anitta responder o drag queen o reconcialiação pop acabar acontecer o o viver canal né d o brasil precisar anittadentrodacasinha tá o o viver tv e multishow play não-assinantes pic.twitter.com/8je0ab2ujw,saúde,14/05/2020 23h34 ,14/05/2020 23h34 ,https://tvefamosos.uol.com.br/noticias/redacao/2020/05/14/anitta-brinca-com-presidencia-e-ouve-sim-de-pabllo-vittar-para-ministerio.htm,1
8382,jumento apreendido o brs e receber lacre luminoso parir evitar acidente,"no dia 19 de junho de 2019, uma página chamada “notícias no face“, no facebook, divulgou uma curiosa informação. segundo a página, jumentos apreendidos nas rodovias federais (brs) estariam recebendo “lacres de iluminação noturna” para evitar acidentes. essa informação viralizou e já foi compartilhada mais de 1,7 mil vezes!",aliás questionar facebook,política,24/06/2019,marco faustino,https://www.e-farsas.com/jumentos-estao-sendo-apreendidos-nas-brs-e-recebendo-lacres-luminosos-para-evitar-acidentes.html,0
8383,Hospital Federal Cardoso Fontes triplica atendimentos e reduz tempo de permanência de pacientes,,o unidade manter emergência vazio organizar e funcionar adequadamente o contribuir permanência hospital ano imaginar o situação hospital atender historicamente cercar paciente emergência lotar alto permanência paciente e esperar dia vago internação visualizar hospital realizar atendimento mensal emergência vazio otimizada organizar e funcionar adequadamente promover permanência paciente e esperar dia internação o realidade hospital federal cardoso fonte jacarepaguá rir janeiro principal unidade saudar público mudança positivo atendimento fluxo e organização o hospital acontecer implementação metodologia lean emergência projeto ministério saudar parceria o hospital sírio-libanês o unidade federal o gestão médico ana paula fernandes silvar carregar bagagem longo jornada conhecimento e prático ano experiência emergência e gestão hospitalar ano gestão ana paula aproveitar oportunidade e conseguir promover benefício sociedade e profissional saudar cardoso fonte o metodologia virar cultura rotina hábito e organização conduta corporativo profissional praticamente situação e especialidade emergência incluir o alar covid-19 procedimento eletivos e cirurgia o implementação aumentar e qualificar o atendimento ampliar o comunicação interno e promover assistência saudar integrar e adequar o paciente procurar serviço especializar urgência e emergência médio e alto complexidade região,saúde,02/03/2021 15h39,"Por Gustavo Frasão, do Nucom SAES",https://www.gov.br/saude/pt-br/assuntos/noticias/hospital-federal-cardoso-fontes-triplica-atendimentos-e-reduz-tempo-de-permanencia-de-pacientes,1
8384,STF: Ministério da Justiça deve explicar LSN contra críticos de Bolsonaro  ,,o ministrar supremo tribunal federal stf gilmar mendes determinar n segunda-feira o ministério justiçar esclarecer o lei segurança nacional crítico governar presidente jair bolsonaro o polícia civil rir e polícia militar distrito federal e minar gerar dever prestar esclarecimento o lei segurança nacional lsn definir crime o segurança nacional o ordem político e social crime previsto lsn caluniar difamar o presidente repúblico presidente senado câmara e stf imputando-lhes fato definir crime fato ofensivo reputação ... ler integrar g1,política,06/04/2021 13h12 ,06/04/2021 13h12 ,https://noticias.uol.com.br/colunas/reinaldo-azevedo/2021/04/06/stf-ministerio-da-justica-deve-explicar-lsn-contra-criticos-de-bolsonaro.htm,1
8385,"

Câmara acaba de aprovar legalização do aborto até 22 semanas durante pandemia #boato 
","Boato – Rodrigo Maia, presidente da Câmara, e outros deputados se aproveitam da pandemia para legalizar o aborto até 22 semanas de gestação. ",“ absurdo câmara aprovar legalização abortar pleno pandemia utilizar sofisticar técnico manipulação linguagem o câmara aprovar pls 1444/2020 e 1552/2020 legalizar o abortar semana brasil enganar o população o palavra abortar eliminar projeto e substituida “ atendimento integral mulher ” e “ atenção humanizar ” basto site nacional secretariar municipal saudar e descobrir o termo significar vejamos:“atenção humanizar significar incluir o mulher decisão corpo mulher direito o o planejamento familiar acesso o informação método e técnico prevenção gravidez ” haver outro documento oficiar governar tratar o temer “ saudar reprodutivo ênfase melhoria atenção obstétrico planejamento reprodutivo e atenção o o abortamento ” o votação simbólico haver consenso casar aprovar projetos pressionar senador pojeto malignar sequer pautar senado ”,política,11/07/2020,"
Kyene Becker ",https://www.boatos.org/politica/camara-aprovar-legalizacao-aborto-22-semanas-pandemia.html,0
8386,País tem 1.600 servidores suspeitos de se candidatar só para tirar licença  ,,servidor tirar licença remunerar cargo candidatar o vereador e obter votar sequer votar candidatura pleito municipal lei funcionário público precisar afastar serviço decidir disputar eleição e direito continuar receber salário campanha investigador público o fato servidor licenciar obter votar provavelmente candidato fictício candidatar verdade gozar descansar remunerar durante o período eleitoral apoiar candidatura aliar cidade,política,03/01/2021 04h04 ,Vinicius Konchinski,https://noticias.uol.com.br/eleicoes/2021/01/03/servidores-tiram-licenca-por-candidatura-e-sequer-votam-em-si-mesmos.htm,1
8387,Pasta da Saúde agora é comandada pelas cinzas  ,,o general eduardo pazuello transformar personagem único o história o ministério saudar comandar porção cinzar jair bolsonaro haver fritar henrique mandetta tostar nelson teich pazuello diferente o o humilhar pazuello público anular providência haver autorizar previamente bolsonaro calcinar carbonizar transformar o general cinzar — o presidente e o porção cinzar — decidir comportar acontecer o desavença terminar pizza verde-oliva exibir transmissão rede social véspera bolsonaro declarar militar o pazuello e chefe decidir o subordinar cumprir o general ecoar o capitão e elucidativo palavra simples mandar e outro obedecer o gente caro desenrolar confirma-se prático o o aparência haver deixar claro pazuello o ministério saudar virar trincheira militar e tornar irrelevante formulação político o administração crise sanitário história pazuello adquirir algum relevância equipar o ministério oferecer sociedade o quantidade vacinar bolsonaro levar auxiliar o o fornir retirar cesta ministério vacinar,política,22/10/2020 18h29 ,22/10/2020 18h29 ,https://noticias.uol.com.br/colunas/josias-de-souza/2020/10/22/pasta-da-saude-agora-e-comandada-pelas-cinzas.htm,1
8388,Hungria encerra polêmico estado de emergência pelo coronavírus  ,,o parlamentar húngaro aprovar hoje o polêmico emergência instaurar combater o epidemiar coronavírus e permitir o o primeiro-ministro viktor orban governar decretar o emergência votar unanimidade deputar presente assembleia dominar nacional conservador fidesz orban entrar vigor formalmente dia o legislação adotada março o o líder nacionalista quase pleno indeterminar medir considerar necessário combater o coronavírus o governar húngaro criticar oposição e país europeu acusar orban atentar o democracia n país união europeu,saúde,16/06/2020 11h28 ,16/06/2020 11h28 ,https://noticias.uol.com.br/ultimas-noticias/afp/2020/06/16/hungria-encerra-polemico-estado-de-emergencia-pelo-coronavirus.htm,1
8389,"

Médicos da UTI da Santa Casa e Hospital Militar escrevem mensagem sobre Covid-19 #boato 
",Boato – Os médicos da UTI da Santa Casa e do Hospital Militar escreveram uma mensagem fazendo um apelo para que as pessoas não ajam como se a pandemia da Covid-19 tivesse acabado.,mensagem médico uti santo casar querer apelar cordial o o senso comum pessoa aceitar o confinamento o pandemia terminar e voltar normalidade início d crise infectar-se o coronavírus resfriar comum existir febre alto dor garganta e apertar peitar o o vidar e o necessário ressuscitação fala-se ventilação máscara oxigênio colocar bocar e nariz divertir pensar vidar o ventilação invasivo o covid-19 o intubação feito anestesiar e consistir permanecer o semana mover geralmente bruços prono tubo bocar o traquéia o permitir respirar ritmar máquina conectar falar comer naturalmente o desconfortar e o dor sentir exigir o administração sedativo e analgésico garantir o tolerância o o tubo durante o o paciente precisar o máquina respirar comer induzir comer artificial dia tratamento paciente jovem perda massa muscular e o reeducação subsequente o associar o trauma gravar bocar cordo vocal motivar idoso pessoa frágil saudar perduram.se ler mensagem agradecer o compartilhar levar o sério seguir instrução e lembre-se preciso levar o sério pandemia terminar o vacinar encontrar espalhá-la médico intensivistas copiar e colar,saúde,21/09/2020,"
Edgard Matsuki ",https://www.boatos.org/saude/medicos-uti-santa-casa-hospital-militar-escrevem-mensagem-covid-19.html,0
8390,"'Auxílio é garantia de prato de comida na mesa do artista', diz Mário Frias",,splash paulo 22/09/2020 16h02 o ator mário frio o frente secretariar especial cultura reforçar o auxílio r$ estabelecer lei aldir blanc ajudar subsistência artista situação econômica vulnerável contar pandemia covid-19 auxílio r$ real n o garantir prato comido mesa artista brasileiro,política,22/09/2020 16h02 ,22/09/2020 16h02 ,https://www.uol.com.br/splash/noticias/2020/09/22/mario-frias-lei-aldir-blanc.htm,1
8391,o verdade sobrar notícia falso envolver o eleição,descubra no vídeo dessa semana a verdade por trás de 5 notícias falsas compartilhadas nas redes sociais sobre o primeiro turno das eleições municipais de 2020!,acontecer ano eleição notícia espalhar rede social e n zap família envolver suposto fraude votação diferente notícia falso compartilhar o gente ta olhar e desmentir pra,política,22/11/2020,gilmar lopes,https://www.e-farsas.com/a-verdade-sobre-5-noticias-falsas-envolvendo-as-eleicoes-de-2020.html,0
8392, Sargento preso com cocaína em avião oficial não é filiado a PT ou PSL  ,,diverso teoria criar manoel silvar rodrigar sargento fab forçar aéreo brasileiro presar espanha dia kg cocaína o missão oficial ligar o o presidente jair bolsonaro forte o circular rede social tratar filiação político rodrigar internautas o filiar o o psl presidente e voar avião presidencial facebook o vir acompanhar hashtag b171 rodrigar filiar o o pt opositor o bolsonaro haver voar avião oficiar o presidente atual assumir resolver o mistério publicar usuário o post viralizado twitter falso rodrigar filiar o nenhum e militar ativa,política,03/07/2019 04h01 ,Lucas Borges Teixeira,https://noticias.uol.com.br/confere/ultimas-noticias/2019/07/03/sargento-preso-com-cocaina-em-aviao-oficial-nao-e-filiado-a-pt-ou-psl.htm,0
8393,A vida na única província italiana sem coronavírus  ,,"Isernia é uma província de 84,3 mil habitantes situada em Molise, um pedaço do sul da Itália que, de tão desconhecido do restante do país, ganhou o apelido de ""região que não existe"". Mas o que não existe em Isernia, ao menos por enquanto, são casos de Covid-19, a doença provocada pelo temido novo coronavírus (Sars-CoV-2). A província é a menos populosa da Itália e, longe do epicentro da epidemia, tem conseguido se manter imune. Somadas, todas as províncias que fazem fronteira com Isernia, incluindo Campobasso, onde fica a capital de Molise, registram 115 contágios, 0,65% do total registrado no país. Apesar disso, ela também é alvo do semi-isolamento imposto pelo governo nacional no início da semana. ""Estamos com o pensamento positivo de que essas medidas vão ajudar a conter o avanço do vírus. Claro que existe, sim, uma preocupação, mas todos estão bem unidos no sentido de ajudar uns aos outros"", conta Pedro Guglielmi, que, com a companheira, Mariana López, vive na cidade de Isernia, capital da província, há cinco anos e mantém um canal de turismo no YouTube chamado ""Descubra Molise"".",saúde,13/03/2020 15h35 ,Lucas Rizzi,https://noticias.uol.com.br/ultimas-noticias/ansa/2020/03/13/especiala-vida-na-unica-provincia-italiana-sem-coronavirus.htm,1
8394,É falso que família de Ciro Gomes tenha 77 empresas de carros-pipa no Ceará e que esse tenha sido o motivo do atraso das obras da transposição,,haver indício o família gomar participar negócio setor transportar água pipeiros alegar impactar o inauguração obrar transposição rir francisco,política,2020/07/07,Comprova,https://projetocomprova.com.br/publicações/e-falso-que-familia-de-ciro-gomes-tenha-77-empresas-de-carros-pipa-no-ceara-e-que-esse-tenha-sido-o-motivo-do-atraso-das-obras-da-transposicao/,0
8395,MP denuncia Alckmin por suspeita de corrupção e lavagem de dinheiro  ,,o ministério público paulo mp-sp denunciar força-tarefa o ex-governador paulo geraldo alckmin justiçar eleitoral acordar informação confirmar uol o tucano denunciar suspeitar crime falsidade ideológico eleitoral corrupção passivo e lavagem dinheiro o defeso alckmin conclusão inquérito infundado o mp estadual alckmin receber r$ milhão espécie odebrecht campanha eleitoral e r$ milhão disputar o pleito o ex-governador indiciar semana passar polícia federal corrupção passivo lavagem dinheiro e caixa eleitoral afirmar ouvir durante o processar comprometer o prestar contar justiçar,política,23/07/2020 09h06Atualizada em 23/07/2020 15h27 ,Patrick Mesquita e Luís Adorno,https://noticias.uol.com.br/politica/ultimas-noticias/2020/07/23/mp-sp-denuncia-ex-governador-geraldo-alckmin.htm,1
8396,Mulheres são a maioria dos profissionais de saúde infectados na Espanha  ,,"levantamento instituto saudar carlos espanha mostrar mulher 75,6 profissional saudar contagiar coronavírus país o pesquisar analisar 30.660 caso comunicar o segunda-feira e descobrir d 23.178 mukheres e 7.482 homem informação jornal el país caso covid-19 trabalhador sanitário leve 10,9 contaminar precisar hospitalizar e 1,2 chegar o uti s outro gerar país mostrar cercar precisar atendimento hospitalar e 5,6 espanhol levar o uti",saúde,06/05/2020 09h59 ,06/05/2020 09h59 ,https://noticias.uol.com.br/internacional/ultimas-noticias/2020/05/06/mulheres-sao-a-maioria-dos-profissionais-de-saude-infectados-na-espanha.htm,1
8397,"Brasil aplicou ao menos uma dose de vacina em mais de 23 milhões, aponta consórcio de veículos de imprensa","Levantamento junto a secretarias de Saúde aponta que 23.077.025 pessoas tomaram a primeira dose e 6.978.834 a segunda, num total de mais de 30 milhões de doses aplicadas. G1, 'O Globo', 'Extra', 'Estadão', 'Folha' e UOL divulgam diariamente os dados de imunização no país.","balançar vacinação covid-19 d sábado 23.077.025 pessoa receber o dosar vacinar o covid-19 divulgar 20h o representar 10,90 população brasileiro o dosar aplicar 6.978.834 pessoa 3,30 população país e distrito federal total 30.055.859 dose aplicar o país o informação resultar parceria consórcio veículo imprensar formar g1 o globo extra o s.paulo folhar s.paulo e uol vacinação passar o acompanhar o janeiro",saúde, 10/04/2021 20h00 , Por G1 ,https://g1.globo.com/bemestar/vacina/noticia/2021/04/10/brasil-aplicou-ao-menos-uma-dose-de-vacina-em-mais-de-23-milhoes-aponta-consorcio-de-veiculos-de-imprensa.ghtml,1
8398,"
  Fotos de 2018 circulam como se fossem do dia em que apoiadores de Trump invadiram o Capitólio","No dia em que apoiadores do presidente dos Estados Unidos, Donald Trump, invadiram o Capitólio para interromper a sessão que confirmou a derrota do mandatário nas eleições presidenciais de 2020, usuários passaram a compartilhar imagens de multidões na capital norte-americana. “Só mostraram algumas pessoas entrando no Congresso! Mas a verdade foi essa!”, diz uma das postagens. No entanto, todas as imagens, compartilhadas milhares de vezes em menos de 24 horas, foram feitas em atos contra armas de fogo realizados em 2018.Envie-nos por WhatsApp Email",“ imprensar esquerdista esconder o mega manifestação fraude eleitoral unir hoje ” postagens compartilhar facebook e twitter o dia janeiro ilustrar foto multidão washington publicação começar o circular partidário donald trump invadir o prédio capitólio funcionar o congresso norte-americano parlamentar certificar o vitória democrata joe biden eleição presidencial o sessão interrompido horar senador validar o vitória biden madrugar janeiro,política,7/01/2021 às 20:20,AFP Brasil,https://checamos.afp.com//fotos-de-2018-circulam-como-se-fossem-do-dia-em-que-apoiadores-de-trump-invadiram-o-capitolio,0
8399,"Trevisan: Damares é ""Dama do ódio"" travestida de amor  ",,jornalista carla bigatto carolino trevisan e diogo schelp debater podcast clero o o governar federal lidar o recente casar menino ano estuprar engravidar e passar abortar recife trevisan ressaltar o governar escolher o sarar giromini vazar pessoal criança internet empregar funcionário ministério mulher família e direito humano damares parecer dama ódio travestir amor o gabinete ódio colocar realidade damares abrigar extremista capaz expor criança ano ouvir o minutar 14:00 schelp analisar o casar político o acontecer n episódio frente hospital político d crença religioso o o invés líder religioso palavra confortar o familiar e garoto líder religioso julgamento clero disponível spotify apple podcasts google podcasts castbox deezer e distribuidor ouvir o programar youtube podcasts uol disponível uol.com.br/podcasts,política,22/08/2020 04h00 ,22/08/2020 04h00 ,https://noticias.uol.com.br/politica/ultimas-noticias/2020/08/22/trevisan-damares-e-dama-do-odio-travestida-de-amor.htm,1
8400,É #FAKE que vídeo mostre mulher ainda viva e mexendo os braços sendo ensacada e considerada morta por Covid-19,"Paciente morreu em 9 de março vítima de Síndrome Respiratória Aguda Grave por Covid-19, segundo Secretaria da Saúde do Maranhão. Movimento registrado nas imagens é efeito da gravidade, avalia médico. ",vídeo compartilhar rede social mostrar paciente morrer covid-19 e ensacar hospital braço paciente acima cabeça cair o maca mensagem o imagem o provar hospital fraudar morte e enterrar pessoa vivo aumentar estatístico doença país o paciente aparecer vídeo internar unidade pronto atendimento upar cidade operário luís maranhão o secretariar estadual saudar falecer decorrência síndrome respiratório agudo gravar covid-19 março o órgão negar haver fraudar prontuário o ses informar o paciente chegar unidade pronto atendimento clínico gravar receber assistência imediato profissional saudar unidade lamentavelmente evoluir óbito o ses ressaltar o assistência prestar família paciente e repudiar o exposição imagem maranhense repercussão sensacionalista desumano e inverídico o secretariar,entretenimento, 31/03/2021," Por Thaís Matos, G1 ",https://g1.globo.com/fato-ou-fake/coronavirus/noticia/2021/03/31/e-fake-que-video-mostre-mulher-ainda-viva-e-mexendo-os-bracos-sendo-ensacada-e-considerada-morta-por-covid-19.ghtml,0
8401,"

Método mostra como usar WhatsApp sem precisar de internet #boato 
",Boato – Um método permite que você utilize o WhatsApp sem precisar gastar créditos do seu celular ou ter internet Wi-Fi.,metodo voce o whastapp precisar internet funcionar perfeitamente .. aproveitar site appsformobile.ml/whatsfree incrivel realmente funcionar ficar whatsapp … so baixar e,entretenimento,,"
Edgard Matsuki ",https://www.boatos.org/tecnologia/whatsapp-sem-precisar-de-internet.html,0
8402,o coca-cola vender garrafa ano,,"umar história disseminar inúmero página e perfil usuário brasileiro 1,2,3,4,5 o o longo comer o exterior voltar o ganhar forçar setembro o facebook",entretenimento,22/10/2020,marco faustino,https://www.e-farsas.com/a-coca-cola-vendeu-apenas-25-garrafas-em-seu-primeiro-ano.html,0
8403,É #FAKE que vacina chinesa em testes no Brasil use células de fetos abortados,"Parceria de empresa da China com o Instituto Butantan, imunizante citado em mensagem falsa tem por base coronavírus cultivado em células de macaco e inativado.",mensagem o vacinar chinês o coronavírus testar brasil utilizar célula bebês abortar viralizado internet fake o coronavac desenvolvido empresar chino sinovac e fase teste brasil voluntário parceria o instituto butantan célula espécie macaco infectar sars-cov-2 inativado e humano feto abortar existir imunização d material replicar laboratório – técnico existente haver ano e amplamente aceito mundo científico – o casar coronavac buscar atestar o respostar imune voluntário o aplicação dose,saúde, 28/07/2020," Por Roberta Pennafort e Roney Domingos, CBN e G1 ",https://g1.globo.com/fato-ou-fake/coronavirus/noticia/2020/07/28/e-fake-que-vacina-chinesa-em-testes-no-brasil-use-celulas-de-fetos-abortados.ghtml,0
8404,'Os pais correm risco de morrer pela atitude dela': médicos fazem alerta a quem participa de festas de ano novo,Epidemiologistas ouvidos pela BBC News Brasil dizem que os jovens que decidem participar de aglomerações devem ter consciência sobre o risco que impõem para familiares e colegas de trabalho.,s véspera comemoração ano e auge temporada turismo epidemiologista alertar risco pessoa participar aglomeração e aumentar o transmissão vírus o impactar explicar médico comedir festa e colocar riscar familiar colega trabalhar e pessoa convívio social necessariamente participar comemoração oportunidade aglomerar faltar paulo rir janeiro e destino turístico trancoso e caraíva bahia locar festa irregular aglomeração e máscara registrar s interrompido bombeiro polícia militar mundo o percepção o problema o transmissor o pai d passar doença o amigar passar o pai pessoa percepção d cadeia o epidemiologista márcio bittencourt pesquisador centrar pesquisar clínico e epidemiológico hospital universitário usp participar festa entender existir chance pequeno tornar complicação o pai algum d mãe algum d o avô,saúde, 30/12/2020 18h34 , Por BBC ,https://g1.globo.com/bemestar/coronavirus/noticia/2020/12/30/os-pais-correm-risco-de-morrer-pela-atitude-dela-medicos-fazem-alerta-a-quem-participa-de-festas-de-ano-novo.ghtml,1
8405,"

Detran vai multar e punir com pontos que estiver dirigindo sem máscaras #boato 
",Boato – O Detran e a Polícia Militar vão punir quem estiver dirigindo sem máscaras. A multa será de R$ 128 e a pessoa vai ser punida com três pontos na CNH.,detran e policiar militar orientar o multar aparti amanhã dirigir máscara e carro o multar real máscara carro multar dirigir item segurança .3 carteiro servir moto compartilhar ajudar,brasil,06/05/2020,"
Edgard Matsuki ",https://www.boatos.org/brasil/detran-vai-multar-punir-pontos-dirigindo-sem-mascaras.html,0
8406,"

Drone arranca pedaço de asa de avião durante decolagem #boato 
","Boato – No vídeo, um drone passou de surpresa e arrancou o pedaço da asa de um avião durante a decolagem. É surpreendente!",drone bater asar avião drone bater asar avião york e filmar passageiro.e drone bater asar avião?e drone bater asar avião o reação?veja o estragar o drone asar avião,mundo,,"
Raiane Gonoli ",https://www.boatos.org/mundo/drone-arranca-pedaco-asa-de-aviao-decolagem.html,0
8407,"Deputada cita médico japonês para defender ivermectina, que não tem eficácia comprovada contra covid",,haver o comprovação científico o ivermectina salvar vidar infectar pelar covid-19 comer afirmar postagem umar deputar o instagram compartilhar informação haruo ozaki presidente associação médico metropolitano tóquio defender o ivermectina o medicamentar recomendar parir finalidade o japão,saúde,2021-08-30,Comprova,https://projetocomprova.com.br/publicações/deputada-cita-medico-japones-para-defender-ivermectina-que-nao-tem-eficacia-comprovada-contra-covid/,0
8408,"

Filhos dos tenores Plácido Domingo, José Carreras e Luciano Pavarotti gravam vídeo #boato 
","Boato – Vídeo mostra apresentação dos filhos dos três tenores (Plácido Domingo, José Carreras e Luciano Pavarotti). Performance é incrível.",filho plácido domingo josé carreras e luciano pavarotti senssacional explêndido filho melhorar tenor plácido domingo josé carreras e luciano pavarotti,entretenimento,31/03/2021,"
Edgard Matsuki ",https://www.boatos.org/entretenimento/filhos-dos-tenores-placido-domingo-jose-carreras-e-luciano-pavarotti-gravam-video-boato.html,0
8409,Paciente de 100 anos com covid-19 recebe alta do Hospital de Campanha de São Caetano do Sul  ,,diagnosticar covid-19 harmindo francisco silvar receber alto hoje hospital campanha caetano sul abc paulista completar o 100º aniversário 1º julho sair aplaudir profissional saudar,saúde,01/08/2020 13h56 ,01/08/2020 13h56 ,https://noticias.uol.com.br/videos/2020/08/01/paciente-de-100-anos-com-covid-19-recebe-alta-do-hospital-de-campanha-de-sao-caetano-do-sul.htm,1
8410,É #FAKE que vídeo mostre fiscais do Ibama promovendo incêndio criminoso em área indígena,"Equipe mostrada no vídeo faz ação prevista em lei para prevenir queimadas e acertada previamente com órgãos. Legendas em tom de denúncia, porém, afirmam que atuação busca prejudicar o governo. Não é verdade.",circular rede social vídeo tom denúncia mostrar equipar ibama atear fogo o o matar margem rodovia o homem imagem derrubar o governar bolsonaro duvidar sacar tocar fogo o ibama o legendar afirmar tratar incêndio criminoso o ação mostrar vídeo executar ibama acordar prático previsto lei prevenir queimar o ação realizar vídeo queimar prescrito previsto código florestal art lei 12.651/12 e utilizar durante o período chuvoso e início período secar junho e julho locar riscar ignição fogo o assessoria ibama o o realizar queimar n época controlar reduzir o quantidade combustível seco diminuir drasticamente o riscar incêndio florestar complementar o ibama esclarecer incêndio florestar comedir beirar estrar o realização queimar n locar casar vídeo prioritário queimar filmar previamente informar o órgão competente e acompanhamento polícia militar maranhão garantir o segurança trânsito estrar o noto,brasil, 25/06/2020," Por Roney Domingos, G1 ",https://g1.globo.com/fato-ou-fake/noticia/2020/06/25/e-fake-que-video-mostre-fiscais-do-ibama-promovendo-incendio-criminoso-em-area-indigena.ghtml,0
8411,Como Damares Alves saiu de ministra 'periférica' a figura central do bolsonarismo  ,,"Ministra lidera discurso antipedofilia de bolsonaristas nas redes; na Esplanada, recebe elogios do presidente e ganha espaço em ações envolvendo outros ministérios. Na noite da última quinta-feira (27/08), o presidente Jair Bolsonaro (sem partido) iniciou mais uma de suas tradicionais ""lives"" nas redes sociais. Além do mandatário, estão no vídeo a intérprete de libras, Elizângela Castelo Branco, e a ministra da Mulher, Família e Direitos Humanos, Damares Alves. Bem no começo do vídeo, Bolsonaro comemora o fato de que direitos humanos, em seu governo, significam algo ""bem diferente"" do que costumavam ser em governos anteriores — ao que Damares concorda balançando a cabeça. O presidente deu quase uma hora para a ministra, que escolheu o combate à pedofilia como tema principal. De janeiro de 2019 até agora, Damares deixou a posição de figura menor dentro da Esplanada, comandando uma pasta quase sem dinheiro, para o palco principal.",política,03/09/2020 07h04 ,André Shalders - @andreshalders - Da BBC News Brasil em Brasília,https://noticias.uol.com.br/ultimas-noticias/bbc/2020/09/03/como-damares-alves-saiu-de-ministra-periferica-a-figura-de-proa-do-bolsonarismo.htm,1
8412,"

Alexandre Frota critica STF após decisão de Fachin sobre Lula #boato 
","Boato – Depois que o ministro Edson Fachin anulou as condenações do ex-presidente Lula na Operação Lava Jato, o deputado federal Alexandre Frota gravou um vídeo criticando o STF.",versão frota escomungou lula e stf pir soltura fachin redimir pesquisar feito brasília joyce major olimpio kim kataguiri benedita silvar andré sanches maria rosário e deputar seriar reeleito o pesquisar o pt e psol reeleger nenhum deputado.versão d tirar o chapéu pro frota falar o verdade ninguém aguentar ladrão impune e comparsa anular sentença impeachment membro stf acordar senador pacheco o golpe armado!só rumar venezuela versão o deputar federal alexandre frota presar haver atacar o o stf versão frota detonar stf soltar lula,política,11/03/2021,"
Edgard Matsuki ",https://www.boatos.org/politica/alexandre-frota-critica-stf-decisao-fachin-lula.html,0
8413,"

Bolsonaro tem conta de R$ 200 milhões na Suíça, diz Polícia Federal #boato 
",Boato – A Polícia Federal descobriu que o presidente Jair Bolsonaro tem uma conta de R$ 200 milhões na Suíça. É uma decepção para os eleitores de Bolsonaro.,"” mito”logia polícia federal descobrir bolsonaro r$ milhão contar suíço decepção eleitor bolsonaro o polícia federal descobrir contar secreto suíço presidente eleito jair bolsonaro ano bolsonaro receber us$ 200,7 milhão contrato ilegal empresar lavagem dinheiro e desviar repasse obrar g1 informação jornal nacional bolsonaro receber us$ 200,7 milhão o contar exterior o informação justiçar suíço bloquear o contar suspeitar dinheiro propinar o contar 321-1 banco credit lyonnais aberto bolsonaro e mulher d michelle bolsonaro março o contar receber us$ 200,7 milhão – o justiçar suíço investigar esquema pagamento propinar o funcionário público multinacional alstom trocar privilégio assinatura contrato",política,12/01/2019,"
Edgard Matsuki ",https://www.boatos.org/politica/bolsonaro-conta-200-milhoes-suica.html,0
8414,"Áudio de médico é verdadeiro, mas opinião sobre origem do coronavírus não tem respaldo científico",,o áudio realmente gravar roberto zeballos o o comentar tratamento o covid-19 o médico afirmar o outro profissional o coronavírus “ vir laboratório wuhan ” haver evidência d e estudar publicar nature medicinar descartar o hipótese,saúde,2020/05/05,Comprova,https://projetocomprova.com.br/publicações/audio-de-medico-e-verdadeiro-mas-opiniao-sobre-origem-do-coronavirus-nao-tem-respaldo-cientifico/,0
8415,Coronavírus: Últimas notícias e o que sabemos até esta sexta-feira (08)  ,,particularidade perigoso o brasil pandemia coronavírus o situação precário saneamento básico bairro e região pobre país e comedir o aparecer pistar encontrar contaminar estudar detectar o presença causador covid-19 bacia ribeirão arruda e ribeirão onça atravessar cidade belo horizonte e contagem o coronavírus presentar esgoto o o país e achar ajudar pesquisador o entender o tamanho pandemia oficiar subnotificados e o governar precisão o covid-19 presença o país registrar morte horar o registrar o ministério saudar anunciar o brasil chegar o 145.328 caso coronavírus e o 9.897 morte o atualização governar o país ultrapassar o dobrar morte chino 4.633 o governar o o 65.312 paciente acompanhamento e 51.370 recuperar estudo recente indicar o brasil subnotificação caso e óbito pesquisar brasileiro o caso o o reportar ministério,saúde,08/05/2020 13h09Atualizada em 08/05/2020 22h35 ,08/05/2020 13h09Atualizada em 08/05/2020 22h35 ,https://noticias.uol.com.br/saude/ultimas-noticias/redacao/2020/05/08/coronavirus-ultimas-noticias-e-o-que-sabemos-ate-esta-sexta-feira-08.htm,1
8416,China confirma que missão da OMS irá ao país investigar origem da Covid-19,Comissão Nacional de Saúde diz que os técnicos da organização chegam ao país na quinta-feira (14). Diretor-geral da OMS criticou supostos obstáculos impostos por Pequim.,o comissão nacional saudar chino confirmar n segunda-feira receber n semana o missão organização mundial saudar oms investigar o origem covid-19 comunicar publicar site o agência indicar técnico oms chegar chino quinta-feira e cooperar cientista locar n investigação o comissão especificar locar especialista viajar o oms criticar o chino semana passar demorar liberar o viagem,saúde, 11/01/2021 04h11 , Por G1 ,https://g1.globo.com/bemestar/coronavirus/noticia/2021/01/11/china-confirma-que-missao-da-oms-ira-ao-pais-investigar-origem-da-covid-19.ghtml,1
8417,Casos de coronavírus sobem em 37 Estados dos EUA; Flórida reporta 10 mil novos casos,"Na Califórnia, testes positivos subiram 37% e as hospitalizações 56% mas últimas duas semanas. País soma quase um quarto do total de mortes registradas no mundo, além de mais de 2,7 milhões de casos. ","quase quarentar unir registrar alto caso covid-19 análise reuters n quinta-feira o sinal o pandemia coronavírus parecer recrudescer o flórido atingir surtir junho reportar infecção n quinta-feira o picar o califórnio outro epicentro explosão caso teste positivo subir e hospitalização semana infecção subir dia comparar semana anterior junho acordar análise reuters eua reportar 2,7 milhão caso e morte relacionar o o coronavírus quase total registrar mundo",saúde, 02/07/2020 20h38 , Por Reuters ,https://g1.globo.com/mundo/noticia/2020/07/02/casos-de-coronavirus-sobem-em-37-estados-dos-eua-florida-reporta-10-mil-novos-casos.ghtml,1
8418,É #FAKE orientação para jogar água sanitária em rede de água de esgoto para evitar contaminação pelo coronavírus,"Mensagem falsa afirma que vírus presente nas fezes dos contaminados se multiplica nas águas residuais. Virologista diz que é improvável que o esgoto seja uma fonte capaz de infectar pessoas, como acontece com outras doenças.",circular rede social recomendação o população colocar água sanitário ralo pio e chuveiro matar o coronavírus o justificativo o vírus multiplicar esgoto o mensagem circular “ adicionar colher sopa água sanitário ralar privar lavatórios banheira chuveiro lava-louças ... autoridade holandês descobrir o vírus está crescer e multiplicar águas residual descobrir pessoa confinar casar o vírus e decidir testar o água águas residual encontrar o vírus covid-19 ativo esgoto ” especialista entrevistar cbn explicar o recomendação proceder o vírus prático capacidade infecção o o esgotar,ciência, 06/07/2020," Por Roberta Pennafort, CBN ",https://g1.globo.com/fato-ou-fake/noticia/2020/07/06/e-fake-orientacao-para-jogar-agua-sanitaria-em-rede-de-agua-de-esgoto-para-evitar-contaminacao-pelo-coronavirus.ghtml,0
8419,É falso que polícia tenha prendido enfermeiro impostor em hospital onde Bolsonaro foi internado,,inverídico o posts circular o facebook e o whatsapp afirmar falsar enfermeiro seriar filiar o o pcdob presar o hospital vila star paulo o presidente jair bolsonaro estevar internar o dia o imagem utilizar autor feito abril manaus e o prisão paulo desmentir pelar polícia civil,saúde,2021-07-19,Comprova,https://projetocomprova.com.br/publicações/e-falso-que-policia-tenha-prendido-enfermeiro-impostor-em-hospital-onde-bolsonaro-foi-internado/,0
8420,hackers clonar impressão digitar foto dedo vítima,,clonar o impressão digitar alguém foto acordar vídeo publicar o tik tok e whatsapp o abril haver perigar real tirar foto mostrar o pontar dedo hackers copiar o impressão digitar vítima e posse d invadir aparelhar celular contar bancário e,brasil,6/05/20216,gilmar lopes,https://www.e-farsas.com/hackers-podem-clonar-impressoes-digitais-apenas-por-fotos-dos-dedos-das-vitimas.html,0
8421,China sob pressão depois que OMS voltou a citar a tese de fuga da covid-19 de laboratório  ,,o chino pressão hoje o diretor oms organização mundial saudar voltar o citar o tesar fuga vírus covid-19 laboratório chinês entrevisto coletiva liang wannian coordenador cientista chinês colaborar relatório preparar especialista designar oms o origem coronavírus expressar incompreensão declaração tedros adhanom ghebreyesus entender o visão d afeta cientista,saúde,31/03/2021 07h05 ,31/03/2021 07h05 ,https://noticias.uol.com.br/ultimas-noticias/afp/2021/03/31/china-sob-pressao-depois-que-a-oms-voltou-a-citar-a-tese-de-fuga-da-covid-19-de-laboratorio.htm,1
8422,"

OMS aprova e dá certificado de excelência à vacina cubana Soberana (Sovereign) #boato 
",Boato – A Organização Mundial da Saúde (OMS) aprovou e deu certificado de excelência à vacina cubana Soberana 2 (Sovereign 2).,avisar importante o oms acabar atribuir categoria excelência vacinar cubano o coronavírus sovereign “ servir pediátrico vacinar atual conseguir “ o sovereign desenvolver cubar o vacinar latino-americana o coronavírus e teste fase iii pronto maio ” o cuban sovereign começar o correr continente.está seleta lista vacinar organização mundial saudar oms o elaborar américa latino passar fase ensaio clínico e vantagem distinto aplicar população pediátrico …,saúde,21/04/2021,"
Raiane Gonoli ",https://www.boatos.org/saude/oms-aprova-certificado-excelencia-vacina-soberana.html,0
8423,"Após ter coronavírus, dono leiloa Volvo em prol de hospital que o salvou  ",,homem ano leiloar volver preparar rali causar nobre março pandemia coronavírus inglaterra contrair o doença e lutar dramático vidar atender university college hospital londres chegar o ressuscitar tratamento entretanto recuperar rápido e semana alto casar o homem ficar grato o profissional o ajudar o sobreviver decidir retribuir tomar o decisão leiloar volver e doar o dinheiro arrecadar o hospital o atender o carro ótimas condição e receber preparação amazon cars oficina especializar modelo volver e trabalhar projeto o o restaurar evento o participar,saúde,10/06/2020 14h53 ,Do UOL,https://www.uol.com.br/carros/noticias/redacao/2020/06/10/apos-ter-coronavirus-dono-leiloa-volvo-em-prol-de-hospital-que-o-salvou.htm,1
8424,Casos de coronavírus no Brasil em 26 de março,Secretarias estaduais de Saúde contabilizam 2.988 infectados em todos os estados. Foram registradas as primeiras mortes em GO e em SC; são 77 mortos em todo Brasil.,secretariar estadual saudar divulgar 22h d quinta-feira 2.988 caso confirmar coronavírus sars-cov-2 brasil morto d paulo acordar o secretariar saudar o ministério saudar atualizou d quinta-feira informar o brasil registrar 2.915 caso confirmar coronavírus e registrar morte atualizados secretariar saudar estadual morte registrar pernambuco morte região centro-oeste goiá confirmar manhã hoje o cear registrar morte noite quarta-feira registrar o morte santo catarino o homem ano e morrer josé florianópolis informar governador carlos moisés psl redar social,ciência, 26/03/2020 06h23 , Por G1 ,https://g1.globo.com/bemestar/coronavirus/noticia/2020/03/26/casos-de-coronavirus-no-brasil-em-26-de-marco.ghtml,1
8425,Patricia Abravanel fala da quarentena: Ver meu pai de máscara foi esquisito  ,,"herdeiro principal comunicação brasil patricia abravanel resolver aventurar televisão o habitat natural n quinta-feira estrear oficialmente canal pessoal you tube empresar tecnologia certo concorrente sbt o atração canal entrevisto mãe íris abravanel patricia mistério o conteúdo o converso revelador e emocionante íris falir o sequestrar filho agostar profundar o apresentador entrevisto o o uol realizar telefonar sexta-feira patricia falar o esperar e canal you tube chegar horar render juntar televisão rede social internet"".além entrevisto o you tube informar o canal conteúdo inspirador vidar patricia dica treino mensagem fé e espiritualidade receitar saudáveis"".também conversar o atual país e enfrentar o isolamento social o apresentador falar o sbt e o concorrente record patricia contar passar dia pai tamboré sp voltar paulo evitar risco n período o família junto silvio santo e íris máscara proteção superesquisito principalmente criança sofrer idoso estranhar chamar pai idoso fato idoso",saúde,06/04/2020 05h01 ,06/04/2020 05h01 ,https://www.uol.com.br/splash/colunas/mauricio-stycer/2020/04/06/patricia-abravanel-fala-da-quarentena-ver-meu-pai-de-mascara-foi-esquisito.htm,1
8426,"

Sadio Mané diz que não quer Ferraris ou aviões e que doa 70 euros por mês a pessoas em Senegal #boato 
","Boato – Em entrevista, o atacante do Liverpool Sadio Mané diz que não quer 10 Ferraris, 20 relógios de diamantes ou 2 aviões e que dá 70 euros por mês a todas as pessoas de uma região muito pobre do Senegal.",sadio mané ferraris relógio diamante avião o mim e mundo sofrer fome trabalhar campar sobreviver s guerra jogar futebol descalçar educação e hoje o ganhar graça o o futebol ajudar o povo.eu construir escola estádio fornecer roupar sapato alimento pessoa extremo pobreza d euro o pessoa região pobre senegal contribuir o economia familiar precisar exibir carro luxar mansão luxuoso viagem e avião preferir receber o vidar ” humanar,entretenimento,08/10/2019,"
Edgard Matsuki ",https://www.boatos.org/esporte/sadio-mane-ferraris-avioes-70-euros-senegal.html,0
8427,TSE firma parceria com WhatsApp para identificar disparos em massa e robôs   ,,o tribunal superior eleitoral anunciar n quarta-feira parceria whatsapp facebook e instagram combater o disseminação fake news disparo massa e divulgar medir segurança o combater covid-19 durante eleição municipal novembro evento virtual contar o participação presidente tse ministrar luís roberto barroso e representante rede social comunicar o whatsapp disponibilizar canal comunicação denunciar contar suspeito realizar disparo massa o proibir ... ler íntegro o globo,política,30/09/2020 17h18 ,30/09/2020 17h18 ,https://noticias.uol.com.br/colunas/reinaldo-azevedo/2020/09/30/tse-firma-parceria-com-whatsapp-para-identificar-disparos-em-massa-e-robos.htm,1
8428,Soltura de presos na pandemia: podcast Baixo Clero analisa decisão polêmica   ,,o clero colunista uol discutir o decisão stj determinar o libertação acusar o liberdade provisório casar haver pagamento fiança clero o podcast político uol e o o ar s quintas-feiras n semana apresentar carla bigatto maria carolino trevisan e diogo schelp assistir o o episódio completar v ur58ssyaxt4&feature youtu.be clero disponível spotify apple podcasts google podcasts castbox deezer e distribuidor ouvir o programar youtube podcasts uol disponível uol.com.br/podcasts,política,15/10/2020 22h18 ,15/10/2020 22h18 ,https://noticias.uol.com.br/videos/2020/10/15/as-varias-faces-da-polemica-soltura-de-presos-na-pandemia.htm,1
8429,TSE retomará na próxima terça julgamento de ações que pedem cassação da chapa de Bolsonaro,"Julgamento começou em 2019, mas foi adiado e retomado no início deste mês, quando houve um novo pedido de vista. Ações apontam abuso eleitoral em ataque a site; defesa nega.",o tribunal superior eleitoral tse retomar terça-feira o julgamento ações pedir o cassação chapar formar presidente jair bolsonaro e viçar hamilton mourão o decisão tomar presidente tribunal luís roberto barroso o julgamento começar adiar e retomar início d o ministrar alexandre moraes pedir visto analisar o casar ações julgamento apresentar chapar disputar eleição ler detalhe abaixar coligação supor abusar eleitoral chapar bolsonaro atacar o site contrário o o defeso negar o acusação o o ações o chapar tramitar tribunal d ações arquivar terço caber recurso decisão,política, 26/06/2020 20h15 ," Por Fernanda Vivas e Márcio Falcão, TV Globo — Brasília ",https://g1.globo.com/politica/noticia/2020/06/26/tse-retomara-na-proxima-terca-julgamento-de-acoes-que-pedem-cassacao-da-chapa-de-bolsonaro.ghtml,1
8430,"Crivella deixa Cidade da Polícia para exames no IML, após ser preso  ",,presar início manhã hoje o prefeito rir janeiro marcelo crivella republicano afastar função deixar voltar 11h50 o cidade polícia rumar o o iml instituto médico legal passar exame corpo delito conformar mostrar imagem cnn e globonews crivella haver manifestar o prisão manhã pronunciar d o político chegar o o iml voltar 12h ficar prédio cercar minuto e retornar viatura o globonews o presídio benfica o prático comum presar e seguir audiência custódio tribunal justiçar s 15h centrar rir levar o o presídio,política,22/12/2020 11h52 ,22/12/2020 11h52 ,https://noticias.uol.com.br/politica/ultimas-noticias/2020/12/22/crivella-deixa-sede-da-policia-para-exames-no-iml-apos-ser-preso.htm,1
8431,Ministério da Saúde autoriza sete leitos de UTI Covid-19 em Alagoas,,"o ministério saudar apoiar irrestritamente e município durante o pandemia covid-19 atender ações serviço e fornecer infraestrutura o enfrentamento doença o autorização leito uti covid-19 ocorrer demandar autonomia disponibilizar e financiar leito necessário continuidade o o ministério saudar autorizar n sexta-feira 19/03 leito uti adulto e atendimento exclusivo o paciente grave covid-19,em caráter excepcional e temporário alagoa contemplar o município arapiraca conformeportaria nº 501/2021 o repassar mensal r$ retroativo competência março o medir fortalecer o único saudar sus e levar atendimento o população o país apesar e município autonomia criar e habilitar leito necessário o ministério saudar decorrência atual cenário emergência disponibilizar recurso financeiro e auxílio técnico o enfrentamento doença o objetivo cuidar saudar e salvar vidar",saúde,22/03/2021 22h36,Bruno CassianoMinistério da Saúde(61) 3315-3580 / 2351,https://www.gov.br/saude/pt-br/assuntos/noticias/ministerio-da-saude-autoriza-sete-leitos-de-uti-covid-19-em-alagoas,1
8432,Governo diz a empresários que comprar vacina para funcionários será proibido  ,,o governar federal o empresário reunião virtual realizar e promovido fiesp federação indústria paulo o aquisição vacinar empresar imunização funcionário proibir informação jornal o s. paulo,saúde,14/01/2021 10h48 ,14/01/2021 10h48 ,https://noticias.uol.com.br/videos/2021/01/14/governo-diz-a-empresarios-que-comprar-vacina-para-funcionarios-sera-proibido.htm,1
8433,"

Bandeira da China foi hasteada no lugar da brasileira entre Votuporanga e Sebastianópolis do Sul (São Paulo) #boato 
","Boato – Vídeo mostra que chineses já estão dominando o país. A prova é que a bandeira da China foi hasteada no lugar da brasileira em um ponto entre Sebastianópolis do Sul e Votuporanga, em São Paulo.",versão votuporanga paulo comunismo o vapor brasil – cidade interior sp votuporanga amanhecer o bandeiro chino mastro entrar cidade o o cenário atual brasil governador e prefeito ditar ordem comunista irar chegar governo brasileiro apologia governar genocida ceifar milhar vidar cristão vergonha nacionalversão o chino dominar o interior paulo cidade sebastianópolis sul o votuporanga sp versão bandeiro chino fincar território brasileiro paulo o chino pra o acontecer … dormir passar horar acordar versão “ submissão ” o palavra corretar chino existir o bandeiro brasil exposto algum mastro chinês acordar brasileiro chino existir o bandeiro brasil exposto algum mastro chinês acordar brasileiro,brasil,03/04/2021,"
Edgard Matsuki ",https://www.boatos.org/brasil/bandeira-china-hasteada-lugar-brasileira-votuporanga-sebastianopolis-do-sul-sao-paulo.html,0
8434,Vacina desenvolvida por BioNTech e Pfizer para Covid-19 mostra potencial em testes em humanos,"Testes de duas dosagens em 24 voluntários saudáveis ​​mostrou que, após 28 dias, grupo desenvolveu níveis mais altos de anticorpos contra o Sars CoV-2.","vacinar covid-19 desenvolvido empresar biotecnologia biontech e farmacêutico pfizer mostrar potencial e tolerar estágio inicial teste humano informar empresar n quarta-feira 1º o vacinar testar humano durante corrido global encontrar imunização o coronavírus infectar 10,5 milhão pessoa e matar milhão o vacinar o covid-19 estágio inicial resultar promissor teste humano juntamente projetos moderno cansino biologics e inovio pharmaceuticals haver o vacinar universidade oxford o farmacêutico astrazeneca chegar fase pesquisar e teste brasil ler abaixar o biontech afirmar teste dosagem vacinar bnt162b1 voluntário saudável ​​mostraram dia paciente desenvolver alto anticorpo covid-19 normalmente observar pessoa infectar",ciência, 01/07/2020 11h33 , Por G1 ,https://g1.globo.com/bemestar/vacina/noticia/2020/07/01/vacina-desenvolvida-por-biontech-e-pfizer-para-covid-19-mostra-potencial-em-testes-em-humanos.ghtml,1
8435,"Preocupados com ambiente político, empresários apressam Brasil e EUA a assinar acordo comercial  ",,entidade empresarial brasileiro e americano encaminhar haver semana cartar governo brasil e unir cobrar urgência conclusão o o acordar bilateral comércio país disposto o negociar liderar câmara americano comércio o brasil amcham brasil o confederação nacional indústria cni e o u.s chamber of commerce entidade defender representante nação assinar junho julho acordo comerciar envolver necessidade aprovação congresso país negociação conjuntar o mercosul o motivação cartar o percepção demonstrar vontade mútuo donald trump jair bolsonaro capaz gerar resultar concreto atual aproximação empresário quase intenso negociação mudança circunstância político país levar o perda quase total trabalhar cem converso bilateral mudo d papar perder curto janela acordar unir e brasil o levar ano abrir bbc news brasil steven bip vice-presidente advanced medical technology association associação americano produtor alto tecnologia médico signatário cartar,saúde,02/05/2020 16h58 ,Mariana Sanches,https://economia.uol.com.br/noticias/bbc/2020/05/02/preocupados-com-ambiente-politico-empresarios-apressam-brasil-eua-a-assinar-acordo-comercial.htm,1
8436,"Vídeo não é de fazenda de filho do Lula e mostra ovelhas, não bois  ",,vídeo postar o tiktok atribuir falsamente rebanhar boi supostamente mantido umar fazenda félix xingu o sul parar o filhar ex-presidente lula determinar d o conteúdo umar montagem vídeo distinto o localizar pelar comprovar compartilhar diverso contar rede social estrangeiro e sequer apresentar cabeça gado trata-se o verdade rebanhar ovelha pastorear cão o segundar apresentar umar filar caminhão identificar o vídeo gravar o youtube haver pelar ano,política,16/07/2021 18h21 ,16/07/2021 18h21 ,https://noticias.uol.com.br/comprova/ultimas-noticias/2021/07/16/video-nao-e-de-fazenda-de-filho-do-lula-e-mostra-ovelhas-nao-bois.htm,0
8437,França se aproxima de 20.000 mortes por coronavírus  ,,o frança registrar morte provocar coronavírus horar o elevar o balançar total o 19.718 óbito anunciar n domingo o diretor saudar jérôme salomon total 12.069 pessoa morrer hospital +227 e 7.648 +168 casar repousar idoso o hospitalizar consequência covid-19 voltar o registrar quedo informar salomon o paciente internar coronavírus alcançar n domingo 30.610 levar redução pessoa total 5.744 paciente uti o auxílio respirador artificiar o sexta-feira mostrar quedo lento epidemiar o pessoa hospitalizar continuar elevar destacar jérôme salomon,saúde,19/04/2020 14h42Atualizada em 19/04/2020 14h51 ,19/04/2020 14h42Atualizada em 19/04/2020 14h51 ,https://noticias.uol.com.br/ultimas-noticias/afp/2020/04/19/franca-se-aproxima-de-20000-mortes-por-coronavirus.htm,1
8438,Câmara pede explicações ao Executivo após OCDE tomar medida contra Brasil por sinais de recuo no combate à corrupção  ,,"A Câmara dos Deputados pediu formalmente explicações ao Ministro da Justiça e Segurança Pública, André Mendonça, ao Ministro das Relações Exteriores, Ernesto Araújo, e ao Banco Central sobre o que motivou a Organização para Cooperação e Desenvolvimento Econômico (OCDE) a determinar a criação de um grupo estrangeiro de monitoramento da atual situação do combate à corrupção no Brasil. A medida, revelada pela BBC News Brasil, jamais foi tomada pela entidade contra nenhum outro país e representa uma escalada nos posicionamentos da OCDE, que vinha alertando o Brasil desde 2019 sobre sinais de retrocessos na área de combate à corrupção, tanto por meio de notas públicas quanto pelo envio de uma missão de alto nível da entidade para conversar com autoridades brasileiras. ""A missão aconteceu em novembro de 2019 e saímos do país bastante satisfeitos, apenas para descobrir logo depois que os problemas - com raras exceções - ainda existiam e que novos problemas que ameaçavam a capacidade do Brasil de combater o suborno internacional continuam a surgir"", afirmou à BBC News Brasil Drago Kos, presidente do Grupo de Trabalho Antissuborno da OCDE e membro do Conselho Consultivo Internacional Anticorrupção.",política,17/03/2021 19h31 ,Mariana Sanches - @mariana_sanches - Da BBC News Brasil em Washington,https://noticias.uol.com.br/ultimas-noticias/bbc/2021/03/17/camara-pede-explicacoes-ao-executivo-apos-ocde-tomar-medida-contra-brasil-por-sinais-de-recuo-no-combate-a-corrupcao.htm,1
8439,"

Fernando Santa Cruz, pai do presidente da OAB, é flagrado com fuzil ao lado de José Dirceu #boato 
","Boato – Foto tirada na época da Ditadura mostra Fernando Santa Cruz, pai do presidente da OAB (Felipe Santa Cruz), ao lado de José Dirceu e portando um fuzil. Isso prova que ele é um terrorista.",versão o o josé dirceu fernando santo cruz pai atual presidente oab nacional versão alguém avisar o comunista presidente oab filhar terrorista morto organização x9 hoje existir internet desmascarar mentira esquerdopatas versão santo cruz pai presidente oab fuzil e josé dirceu o o … ações terrorista santo cruz apurar x9 jargão policial o caro entregar o mãe ficar o polícia companheiro d o matar o paulada … .. negar maldito|,política,31/07/2019,"
Edgard Matsuki ",https://www.boatos.org/politica/fernando-santa-cruz-fuzil-jose-dirceu-boato.html,0
8440,"

WhatsApp vai ser bloqueado por 48 horas a partir de hoje #boato 
",Boato – Uma decisão judicial garante que o WhatsApp seja bloqueado por 48 horas a partir da meia-noite de hoje. Passou no jornal.,passar jornal o 00:00 o whatsapp ficar bloquear horasa horar o whatsapp pedir autorização atualizerem atualizem o governar bloquear whatsapp compartilhemwhatsapp e messenger bloquear o 00:00 dia 13/03/2019 o dia 15/03/2019 compartilhar o pedir o colagem print posto ultilidade publicar o facebook bloquear o funcionamento página e político d bloquear usuário queixar conseguir compartilhar reagir comentar conteúdo o whatsapp seguir o bloquear enviar áudio foto chamar liberar o enviar texto e o instagram compartilhar o conhecimento,entretenimento,14/03/2019,"
Edgard Matsuki ",https://www.boatos.org/tecnologia/whatsapp-bloqueado-48-horas-hoje.html,0
8441,Fux acolhe pedido da CNBB e recomenda a juízes 'especial cautela' em desocupações  ,,o ministrar luiz fux presidente nacional justiçar cnj emitir recomendação dirigir o órgão judiciário haver especial cautela s concessão liminar o desocupação coletiva imóvel urbano e rural sobretudo caso envolver pessoa situação vulnerabilidade social e econômica o avaliação o referir o caput considerar dentre aspecto o grau acesso população afetada s vacinar o tratamento disponível o enfrentamento covid-19 escrever o ministrar o decisão acolher pedir apresentar conferência nacional bispo brasil cnbb integrar o observatório direito humano judiciário documentar fux reconhecer o validade solicitação e considerar mandar desocupação coletiva imóvel impactar indesejado o manutenção condição socioambientais e sanitário necessário contenção covid-19,política,26/02/2021 10h41 ,Samuel Costa,https://noticias.uol.com.br/ultimas-noticias/agencia-estado/2021/02/26/fux-acolhe-pedido-da-cnbb-e-recomenda-a-juizes-especial-cautela-em-desocupacoes.htm,1
8442,"

Prefeitura de Recife escondeu kit intubação que poderia ter salvo todo o Brasil #boato 
",Boato – A prefeitura de Recife escondeu remédios do chamado kit intubação que poderiam ter salvo todo o país. Estoque de medicamentos (que faltaram em outros estados) duraria 700 anos.,aterrorizante prefeitura recife kit intubação sobrar e salvar vidar o brasil esconder depósito “ superfaturados e abastecer recife ano ” vídeo detalhar,saúde,22/05/2021,"
Edgard Matsuki ",https://www.boatos.org/saude/prefeitura-de-recife-escondeu-kit-intubacao-poderia-ter-salvo-todo-brasil.html,0
8443,"

Fiocruz atrasou entrega de vacinas porque faz boicote a Bolsonaro #boato 
","Boato – Para atacar e boicotar governo Bolsonaro, Fiocruz atrasou e sabotou propositalmente a entrega de vacinas aos brasileiros.","“ boicotar o investimento governar brasileiro produção vacinar fiocruz mear decidiu-se produção milhão dose vacinar oxford milhão semestre setembro o governar liberar r$ bilião o fiocruz produzir o insumo ifa brasil precisar importá-lo chino o aumentar o produção o produção inicial o ifa adquirir chino e dever chegar o o brasil dezembro permitir dose vacinar oxford pronto fevereiro o insumo chegar e entregar chino março n período alertar fiocruz o mídia nacional informar atrasar chino e consequência atrasar início produção claro pressionar o ministério saudar interceder juntar o o governar chinês agilizar o entregar ifa o fiocruz preferir ataque e escalar o pesquisador margareth dalcomo o mídia atacar duramente o governar chegar o cena ridículo o o chorar público o vacinar vir o brasil dia seguinte o caro limpo voltar o holofote pedir desculpar cena histérico haver promover dia anterior e desmentir informação mentirosa.bem chegar o ifa março o fiocruz o produção vacinar definiu-se o datar entregar incial entregar haver atrasar dia e o fiocruz alegar problema equipamento envasamento frasco estranhar vir o promessa produzir milhão dose dia o ministério saudar acreditar e o programação contar produção significativo milhão dose março e milhão dose abril o fiocruz liberar o velho histérico margareth dalcomo voltar o holofote adorar ataque o o governar o fiocruz o o invés concentrar produção injustificadamente atrasar começar o soltar noto o mídia pedir lockdown cidade brasileiro história lockdown senha oposição violento o o governar n o chance desestabilizar o país tentativo derrubar bolsonaro termo resultar o fiocruz fracassar industrial dia ° abril entregar o ridículo quantidade 2,2 milhão dose o o invés milhão prometidas.alega defeito máquina recravadora ficar parar semana ficar ano preparar produzir vacinar covid e história máquina quebrar excelência industrial e científico injustificável boicotar defender tesar o ano passar e acreditar real o fiocruz quase petista o começar presidente gente o interessar favorecer o governar bolsonaro o governar federal colocar “ raposar tomar contar galinheiro ” atraso e justificativo fiocruz inaceitável corriola petista importar milhar vidar perder vacinar importante derrubar o governar o ministério saudar agir e mandar investigar o ocorrer fiocruz algum gravar andamento e jogar terra o excelente esquema vacinação programar atender o população brasileiro sério milhão dose vacinar o o promessa inicial fiocruz absurdo sabotagem ”",saúde,07/04/2021,"
Kyene Becker ",https://www.boatos.org/saude/fiocruz-atrasou-entrega-vacinas-porque-faz-boicote-bolsonaro.html,0
8444,"

Amazon dá vale-presente de Natal em site no WhatsApp #boato 
","Boato – A Amazon está dando um vale-presente de Natal para as pessoas que entrarem em um site, responderem perguntas, participarem de jogo e compartilharem link com amigos no WhatsApp.",preencher pesquisar e ganhar vale-presente amazon 3.060 pesquisar rápido e ganhar presentar favorito n natal comedir presente natal amazon unidade computador e equipamento móvel prêmios dinheiro o dólar americano o preciso abrir o caixa presentar corretar tentativo sorte!(1/3 esperar presentar natal 2/3 aplicativo social frequência whatsapp lenir 3/3 presentar natal consolar jogo celular relógio inteligente parabém abrir caixa presentar comedir participar promoção vezparabéns adivinhar prêmio dinheiro 3.060 seguir instrução página resgatar prêmio contar o amigo whatsapp lenir receber presente natal compartilhar amigo whatsapp lenir clicar ícone “ whatsapp lenir ” abaixar clicar “ continuar ” receber presentar natal compartilhar o barrir azul cheio continuar ofertar válido,entretenimento,21/12/2020,"
Edgard Matsuki ",https://www.boatos.org/tecnologia/amazon-vale-presente-natal-site-whatsapp.html,0
8445,É #FAKE que imagem aérea mostre Santiago em chamas durante protestos,"Foto circula na internet ao lado de textos que falam sobre as manifestações na capital chilena. Trata-se, no entanto, de imagem criada digitalmente. Autor diz que ela é antiga e foi feita para um blog que virou um livro.",circular rede social o imagem cidade chamar e mensagem tratar foto aéreo santiago chile durante protesto o governar o imagem real – e antigo feito artista digital carlos eulefi imagem real o pintar haver ano blog origem o o livrar chil3 o artista perfil instagram fato basto buscar reverso perceber o imagem publicar blog – ano,mundo, 25/10/2019, Por G1 ,https://g1.globo.com/fato-ou-fake/noticia/2019/10/25/e-fake-que-imagem-aerea-mostre-santiago-em-chamas-durante-protestos.ghtml,0
8446,É #FAKE que máscaras podem causar danos neurológicos irreversíveis,"Mensagem falsa diz que máscaras causam privação de oxigênio. Segundo especialistas, proteção não impede troca de gases e, por isso, não compromete a oxigenação do cérebro.",circular rede social mensagem o máscara levar privação oxigenação cérebro e consequentemente causar dano neurológico irreversível o mensagem atribuir o neurologista alemão o texto o respiração ar exalar dúvida criar deficiência oxigênio e inundação dióxido carbono e o cérebro humanar sensível privação oxigênio agência checagem o reuters e o afp desmentir o vídeo médico o infectologista e professorar universidade campino unicamp raquel stucchi afirmação falso o máscara impedir haver trocar gás o dióxido carbono conseguir liberar o oxigênio conseguir inspirar haver privação oxigenação o ar o gente expirar passar máscara o gente respirar sacar plástico máscara indicar conter o covid-19 possuir material respirável explicar,ciência, 15/03/2021," Por Thaís Matos, G1 ",https://g1.globo.com/fato-ou-fake/coronavirus/noticia/2021/03/15/e-fake-que-mascaras-podem-causar-danos-neurologicos-irreversiveis.ghtml,0
8447,"Um a cada quatro municípios de SP tem casos de coronavírus, diz secretaria  ",,"o município paulo caso coronavírus confirmar informar hoje o secretariar saudar o o o óbito e 8.755 caso confirmar semana o aumentar 63,6 cidade casar confirmar cidade casar o secretariar noto óbito atingir município vítima fatal homem e mulher óbito continuar concentrar paciente ano totalizar 73,4 morte o ministério saudar anunciar hoje subir 1.223 o morte registrar coronavírus brasil — óbito confirmar horar 1.124 morte",saúde,12/04/2020 18h04 ,12/04/2020 18h04 ,https://noticias.uol.com.br/saude/ultimas-noticias/redacao/2020/04/12/um-a-cada-quatro-municipios-de-sp-tem-casos-de-coronavirus-diz-secretaria.htm,1
8448,"Luciano Hang, dono da Havan, está internado com covid-19 em São Paulo  ",,"o empresário luciano hang dono loja havan e principal apoiadores presidente repúblico jair bolsonaro corporativo internar hospital sancta maggiore bairro morumbi paulo contrair covid-19 conformar informar fonte o o jornal o s. paulo hang o o empresário bolsonaristas promover tratamento comprovação científico prevenção covid-19 o hidroxicloroquina remédio utilizar tratamento malária e o ivermectina vermífugo o empresário 3,4 milhão seguidor instagram postagens crítico coronavac vacinar aprovar semana agência nacional vigilância sanitário anvisa",saúde,19/01/2021 16h32 ,Fabiana Cambricoli,https://noticias.uol.com.br/ultimas-noticias/agencia-estado/2021/01/19/luciano-hang-dono-da-havan-esta-internado-com-covid-19-em-sao-paulo.htm,1
8449,OMS diz que precisa de US$ 15 bilhões para colocar o Covax no ar  ,,o diretor-geral oms organização mundial saudar tedros adhanom afirmar hoje o organização preciso us$ bilião cercar r$ bilião imediatamente colocar o covax ar dia tedros explicar dinheiro investir act acelerador acesso s ferramenta parceria oms visar o divisão equitativo vacinar tratamento e diagnóstico covid-19 o iniciativo covax divisão equitativo vacinar país render incluso act o país alto render comprometer participar covax e país confirmar o presença dia,saúde,21/09/2020 12h52 ,21/09/2020 12h52 ,https://noticias.uol.com.br/saude/ultimas-noticias/redacao/2020/09/21/oms-diz-que-precisa-de-us-15-bilhoes-para-divisao-equitativa-da-vacina.htm,1
8450,"

Dragão Azul (Glacus Atlantucus) é um dos animais mais venenosos do oceano #boato 
",Boato – Vídeo mostra um Dragão Azul (Glacus Atlantucus) em Salvador (Bahia). É preciso ter cuidado porque ele é um dos animais mais venenosos que existem no mar.,glacus atlantucus dragão azul avisar o soteropolitano praia salvador repleto d animar venenoso costa oceánicas originário ásia e áfrico sul navio cargueiro bandar o preocupante predador natural acumular o veneno água vivo e caravela alimentar e ação venenoso dezena forte o causar caso grave chocar atlanticus,ciência,03/08/2020,"
Edgard Matsuki ",https://www.boatos.org/ciencia/dragao-azul-glacus-atlantucus-animais-mais-venenosos-oceano.html,0
8451,"

Rodrigo Constantino acabou de ser bloqueado por 7 dias no Facebook e publicou lista de comunistas #boato 
",Boato – O Facebook acabou de bloquear o economista Rodrigo Constantino por 7 dias depois de ele publicar uma lista de comunistas e petistas na rede social. Ele pede compartilhamento.,lista comunista o economista liberal rodrigar constantino acabar bloquear dia facebook publicar lista petistas apoiar o dedo e fomentar verdadeiro golpe comunista país falar dia seguir o lista.alcione andré singer barbar gancia beth carvalho camila pitanga carlinhos brown chico buarque chico césar chico pinheiro cristiana lôbo delfim netto dinho ourar preto emir sader fábio konder comparato felipe santo cruz fernanda torre fernando morar frei betto gilberto gil gregorio duvivier guilherme boulos jô soar josé abreu juca kfouri kennedy alencar laerte coutinho leandro karnal leonardo attuch leonardo boff leonardo sakamoto letícia sabatella luís carlos bresser-pereira luis fernando verissimo luis nassif luiz carlos barreto luiz gonzaga belluzzo luiza trajano magazine luiza marcelo adnet marcio frança maria rita kehl marieta severo marilena chaui mário sérgio cortella minar cartar miriam leitão osmar prado pablo villaça paulo betti paulo nogueira batista jr pedrar bial preto gil reinaldo azevedo renato janine ribeiro serginho groisman tico santo cruz tonico pereira viviane mosé vladimir safatle xico sá wagner moura.não comprar d assistir programar ler coluna comprar livro s pedir teatro comprar cds precisar impune atentar o democracia viver custar capitalismo e difundir comunismo socialismo mínimo carater esquecer compartilhar audiência o trair país,política,04/07/2020,"
Edgard Matsuki ",https://www.boatos.org/politica/rodrigo-constantino-acabou-ser-bloqueado-7-dias-facebook-publicou-lista-comunistas.html,0
8452,É #FAKE que livro de 1981 previu o novo coronavírus,"Edições recentes da obra mencionam a palavra Wuhan-400 como nome de uma arma biológica. É o mesmo nome da cidade da China que se tornou epicentro do novo coronavírus, mas as coincidências terminam aí. No livro original, aliás, o nome era outro: Gorki-400, em referência a uma cidade russa. Trecho de outra obra também circula junto nos prints, causando mais confusão.",circular rede social imagem capar livrar the eyes of darkness dean koontz e trecho atribuir obrar legendar o autor prever o ocorrência coronavírus wuhan chino o coleção mostrar página livrar descrito armar biológico perfeito chamar wuhan-400 desenvolvido laboratório localizar cidade chinês outro print o entender livrar dean koontz escrever voltar doença gravar pneumonia espalhar o mundo haver livrar fato escrever autor – edição recente disponível obrar o palavra wuhan aparecer coincidência d,entretenimento, 26/02/2020, Por G1 ,https://g1.globo.com/fato-ou-fake/noticia/2020/02/26/e-fake-que-livro-de-1981-previu-o-novo-coronavirus.ghtml,0
8453,"

TSE vendeu a eleição em São Paulo para Boulos e a esquerda #boato 
",Boato – O TSE vendeu a eleição municipal em São Paulo para o candidato Guilherme Boulos e a esquerda. Foi por isso que houve atraso nas urnas.,"apostar achar normal o atrasar resultar urna divulgar o escândalo mundo suspeitar explicar o razão candidatar russomano declarar o seguinte frase “ pessoa o acontecer eleição ficar enojadas”.todos brasileiro ficar chocar e triste eleito guilherme boulos sp eleição municipal dever o expor abaixar o notícia mão investigar rádio e jornal o brasil e estrangeiro especificamente wall street journal of americas e o gazzeta delo sport e sair mídia provar colhido e confirmar fatos.fato comprovar otsevendeu o eleição o esquerdo candidato paulistano avisar s 13:00 dia novembro dia 1º turno reunião envolver o sr luísrobertobarroso único o presidente tse comparecer o preleção candidato o governador joão dório o sr luís inácio lula silvar supervisor esquerdo e o sr ronald rhovald representante patrocinador diebold candidato reservar permanecer isolamento lobby hotel o princípio contrariar candidato recusar o trocar o prefeitura municipal governar estadual 2022.a aceitação vir pagamento total prêmios us$ 70.000,00 candidatar bônus us$ 400.000,00 candidato e integrante total us$ 23.000.000,00 e milhão dólar empresar diebold d candidato aceitar o contratar o empresar diebold ano base prêmios candidato elite esquerdo o lula pt ciro pdt marcelo freixo psol e haddad pt.mesmo russomano recusar o aceitar o obrigar o presidente tse barroso o escolher o candidatar brunir cova russomano cair pesquisar notícia divulgar s 13:30 centrar imprensar e s 14:15 alterar o prognóstico 2º turno o situação resolvido o representante diebold ameaçar retirar patrocínio vitalício o o candidatar avaliar us$ 90.000.000,00 noventa milhão dólar o o longo carreira.assim combinou-se o derrotar durante o ‘ 2º turno ’ prorrogação morte súbito o apatia abater candidato titular eleitor absolutamente participar d negociação marcar falho simples candidato paulista voto o sr barroso presidente tse aplaudir o colaboração candidato paulistano o eleição municipal trazer equilíbrio paulo alto taxar desempregar jamais registrar n cidade agravar recente introdução bolsonarismo.garantiu o o sr mamãe falar apoiador kim kataguiri o candidatar facilitar o prefeitura gentileza passar mensagem o pessoa conhecer o sujeira rondar o política!seria verdade duvidar esquerdo viva?stf o fechar mesa ladrão",política,17/11/2020,"
Edgard Matsuki ",https://www.boatos.org/politica/tse-vendeu-eleicao-sao-paulo-para-boulos-esquerda.html,0
8454,"

STF autoriza casamento de homem com jumenta no Ceará #boato 
",STF autoriza casamento de homem com jumenta no Ceará #boato,stf autorizar casamentar homem ano umar jumento o interior cear o stf encerrar umar polêmica n ultimar sexta-feira umar história amor nado habitual entrar homem e umar jumento deusimar santo oliveira ano morador itapipoca município o cear entrar o justiçar parir legalizar o casamentar umar jumento início o processar arquivar o homem recorrer o o supremo tribunal federal conceder o permissão parir união estável casamentar homem o jumento direito o união estável o homem transferir parir o jumento,brasil,07/08/2021,"
Edgard Matsuki ",https://www.boatos.org/brasil/stf-autoriza-casamento-homem-jumenta.html,0
8455,"
  Fotos de protestos antigos voltam a circular após atos pró-Bolsonaro de 14 de março","Imagens de multidões vestindo as cores verde e amarelo foram compartilhadas dezenas de milhares de vezes em redes sociais desde 14 de março, quando diversas cidades registraram manifestações a favor do presidente Jair Bolsonaro e contra as medidas de restrição adotadas por governadores devido à pandemia. “Alguém viu isso na TV?”, questionou um usuário. No entanto, ao menos quatro das fotos viralizadas são anteriores a estes protestos e foram feitas, inclusive, antes da detecção do novo coronavírus.Envie-nos por WhatsApp Email",paulo rir janeiro brasília e belo horizonte cidade registrar março manifestação contrário s medir restritivo retomar diverso semana respostar o agravamento pandemia covid-19 brasil imagem abaixar feito n contexto “ copacabana hoje ” escrever usuário o o publicar imagem aéreo manifestante ocupar praia zonar sul rir janeiro o imagem ilustrar diverso publicação facebook compartilhar março,brasil,16/03/2021 às 21:18,AFP Brasil,https://checamos.afp.com//fotos-de-protestos-antigos-voltam-circular-apos-atos-pro-bolsonaro-de-14-de-marco,0
8456, Corrente liga erroneamente derramamento de óleo a vídeo filmado na Europa  ,,vídeo circular rede social encontrar o responsável despejar petróleo praia nordeste semana passar imagem mostrar barco expelir material escuro mar criança veem o situação praia filmar o câmera escondido explicação manchar arear praia o legendar comentário usuário discutir filmar e o pertencer o embarcação.até o comedir d o vídeo publicar dia visualização e 3.100 compartilhamentos facebook indicação errar o época filmagem o ocorrer e o o navio,mundo,11/10/2019 10h07 ,Lucas Borges Teixeira,https://noticias.uol.com.br/confere/ultimas-noticias/2019/10/11/corrente-liga-erroneamente-derramamento-de-oleo-a-video-filmado-na-europa.htm,0
8457,"

Vídeo mostra cristãos enforcados pelo Talibã por ter uma Bíblia em casa #boato 
",Vídeo mostra cristãos enforcados pelo Talibã por ter uma Bíblia em casa #boato,“ cena forte o talibã invadir o casar e encontrar umar bíblia matar casar parir o esquerdo brasileiro e luladrão ok o imagem forte servir parir gente morrer negar o nome jesus o restar orar irmão afeganistão ” “ o talibã invadir o casar e encontrar umar bíblia matar casar parir apoiar o esquerdo o brasil comer líder o maldizer luladrão certar e pasmar bandido o caro lavar “ sentir pelar mulher violentador e morto apoiar o talibã ” candidato – dilma haddad e manuela d’villa e agregar comer gean wyllys e outro deixar claro intenção o igreja o brasil querer o criança o desgraçar declarar mostrar o o viver imaginar o pensar igreja pregar e concordar atos maculação infantil vídeo o imagem forte apoiar precisar o cúmplice família inteiro torturar e morto nenhum piedade negar o nome jesus cristo orar irmão o talibã e lutar parir o brasil o vítima d demônios capitanear pelar dedo ”,mundo,,"
Kyene Becker ",https://www.boatos.org/mundo/video-mostra-cristaos-enforcados-pelo-taliba-por-ter-biblia-casa.html,0
8458,Ministério amplia regra e inclui todos os adultos com HIV em grupo prioritário da vacinação contra Covid,"Grupo deve ser vacinado após o término da imunização de pessoas de 60 a 64 anos, segundo nota técnica divulgada na segunda-feira (29).",o ministério saudar incluir lista prioridade vacinação o covid-19 pessoa viver hiv faixar etário e ano o inclusão viver hiv listado prioritário o imunização o planar nacional imunização pni considerar pessoa hiv contagem linfócito t-cd4 célula o principal alvo vírus hiv e o linfócito diminuir o evolução doença o noto técnico o indicação vacinar pessoa hiv encerrar o imunização pessoa o ano perfil inserir comorbidades juntar doença hipertensão diabete e doença cardiovascular lista prioritário abaixar o noto informar pessoa entrar n o ministério o atualização buscar “ reduzir o impactar pandemia n especialmente o o riscar hospitalização e óbito ”,saúde, 30/03/2021 13h47 , Por G1 ,https://g1.globo.com/bemestar/coronavirus/noticia/2021/03/30/ministerio-da-saude-insere-pessoas-vivendo-com-hiv-em-grupo-prioritario-da-vacinacao-contra-covid-19.ghtml,1
8459,"
  Políticos de diversos países e diferentes níveis faleceram devido à COVID-19","Várias publicações compartilhadas dezenas de milhares de vezes em redes sociais durante a pandemia de COVID-19 sugerem que o novo coronavírus não causou a morte de nenhum político. No entanto, políticos em exercício e ex-funcionários de diferentes níveis de governo faleceram devido à enfermidade em todo o mundo.Envie-nos por WhatsApp Email",“ raro vírus mortal matar nenhum político … ‘ vírus ’ corrupto ” publicação compartilhar facebook o julho versão semelhante replicar facebook e twitter o março assegurar o coronavírus “ matar nenhum político e chino ” aparentar referência expressão significar acontecer nenhum mundo entanto o coronavírus detectar dezembro político diferente governar e diverso país incluir o brasil e o chino contaminar e falecer dever covid-19 o seguir o equipar checagem afp reunir,brasil,18/08/2020 às 23:03,"AFP Bélgica, AFP México",https://checamos.afp.com//politicos-de-diversos-paises-e-diferentes-niveis-faleceram-devido-covid-19,0
8460,França nega dobradinha com Russomanno e espera seu apoio no 2º turno  ,,candidatar o prefeito paulo márcio frança psb negar dobradinha celso russomanno republicano durante debater hoje promover uol e folhar s.paulo o o deixar o encontrar rejeitar russomanno turno dobradinha russomanno afirmar o o uol o o contrário perguntar iriar renunciar o o mandatar deputar eleito frança admitir entanto o candidatar republicano preferir polemizar guilherme boulos psol acusar manter contratar empresar fantasma durante o campanha,política,11/11/2020 12h19 ,Wanderley Preite Sobrinho,https://noticias.uol.com.br/eleicoes/2020/11/11/franca-nega-dobradinha-com-russomanno-e-espera-seu-apoio-no-2-turno.htm,1
8461,Policiais e guardas LGBTI+ lançam candidaturas em partidos de esquerda  ,,contramão onda bolsonarista impulsionar candidatura policiar profissional segurança público tirar o homofobia d corporação armário agente lgbti+ sigla lésbico gay bissexual transexual travestir intersexuais e identidade gênero buscar esquerdo disputar o eleição o propor político combater homofobia valorização direito humano e opor o o governar jair bolsonaro candidato integrar o renosp lgbti+ redar nacional operação segurança público lgbti+ criar unir policiar e guardar municipal lutar o homofobia corporação hoje o redar contar membro e candidatura o vereador o guardar municipal rodrigar figueiredo pdt e o sargento marinho michel uchiha psb eleger rir janeiro o policial rodoviário federal fabrício rosar psol disputar o pleito goiânia e o soldar polícia militar leandro prior pt frente candidatura coletiva paulo,política,18/10/2020 04h00 ,Igor Mello,https://noticias.uol.com.br/eleicoes/2020/10/18/policiais-e-guardas-lgbtqi-lancam-candidaturas-em-partidos-de-esquerda.htm,1
8462,"

Ibama tem vagas de emprego e contrata, sem experiência, em site no WhatsApp #boato 
","Boato – O Ibama está com vagas de trabalho. Para concorrer a elas, só é preciso entrar em um site no WhatsApp e compartilhar um link com amigos.","ibama abrir contratação cidade cargo agente fiscal monitor denunciar e incêndio vigilante digitador ocorrência e … necessário experiência e disponível sexo salário r$ 1422,15 r$ 3.712,72 informe-se inscrição site",entretenimento,,"
Edgard Matsuki ",https://www.boatos.org/tecnologia/ibama-vagas-de-emprego-contrata-whatsapp.html,0
8463,"

Menino diz para Lula “se não fosse Bolsonaro, país estaria quebrado” #boato 
","Menino diz para Lula “se não fosse Bolsonaro, país estaria quebrado” #boato",versão “ bolsonaro o lula país quebrar ” o né cupanhiero umar criança versão troféu pra menino troféu pra menino lula ouvir verdade umar criança o lato e petistas baixar o cabeça o o fundir impagável versão urgente menino jogar o real o caro lula reunião petista “ bolsonaro o lula o pai iriar quebrar ” deixar ler like suar risada e compartilhar,política,29/08/2021,"
Edgard Matsuki ",https://www.boatos.org/politica/menino-diz-para-lula-se-nao-fosse-bolsonaro-pais-estaria-quebrado.html,0
8464,"

Charlie Hebdo publica capa sobre censura do STF à revista Crusoé #boato 
","Boato – Depois de o Supremo Tribunal Federal (STF) determinar a retirada de uma matéria da revista Crusoé do ar, a revista francesa Charlie Hebdo destacou o caso em sua capa.",charlie hebdo mar corrupção adiantar processar ninguém o fuxicar espalhar mundo o o stf querer bloquear o mundo inteirar lami l’ami mon père o cour suprême du brésil crusoé censuré lami o corruption lami amigar pai o supremo cortar brasil crusoé censurar lami corrupção,política,19/04/2019,"
Edgard Matsuki ",https://www.boatos.org/politica/charlie-hebdo-capa-stf-crusoe.html,0
8465,"Ibope em Rio Branco: Minoru Kinpara tem 28%; Socorro, 23%; Bocalom , 21%  ",,candidato tecnicamente empatar colocação disputar prefeitura rir branco pesquisar ibope divulgar hoje minoru kinpara psdb numericamente frente intenção votar seguir atual prefeito socorrer neri psb e tião bocalom p o margem errar percentual seguir roberto duarte mdb e daniel zen pt e intenção votar respectivamente branco e nulo somar — responder,política,29/10/2020 22h23Atualizada em 29/10/2020 23h10 ,29/10/2020 22h23Atualizada em 29/10/2020 23h10 ,https://noticias.uol.com.br/eleicoes/2020/10/29/ibope-rio-branco-29-de-outubro.htm,1
8466,"Cobrada, Saúde diz que reforçará cargas para evitar falta de oxigênio em RO e AC  ",,"cobrar pgr procuradoria-geral repúblico o ministério saudar reforçar carregamento evitar oxigênio rondônia e acre tanque sair manaus dia o finar semana carregar total 5,4 metro cúbico e transportar ministério defeso aeronave kc-390 casar precisar aumentar o volumar enviar o ministério saudar planejou operação transportar adicional chegar o metro cúbico diário informar o pastar basear tanque permacyl modelar diferente tanque criogênico volumar adaptável o aeronave aeronave c-130 ministério defeso fábrica e aeroporto localizar diverso território nacional segurança obtenção produto o ofício encaminhar ministério saudar pgr",saúde,22/03/2021 13h25 ,Rayssa Motta e Pepita Ortega,https://noticias.uol.com.br/ultimas-noticias/agencia-estado/2021/03/22/cobrada-saude-diz-que-reforcara-cargas-para-evitar-falta-de-oxigenio-em-ro-e-ac.htm,1
8467,"Excesso de mortes nos EUA revela disparidade racial, mostram dados",Número de óbitos acima da média do usual nos EUA é pior nas populações de etnias minoritárias do país. Dados representam vítimas do novo coronavírus que não entraram nas estatísticas oficiais e mortes por outras causas indiretamente relacionadas com a pandemia.,unir registrar o o morte o o usual sugerir subnotificação vidar perdido o coronavírus e óbito indiretamente relacionar o pandemia d morte corresponder o negro hispânico indígena e americano origem asiático centro controlo e prevenção doença eua cdc sigla inglês destacar forte disparidade n crise morte atingir minoria racial branco unir estatístico agência associated press mostrar minoria racial formar população eua entanto pessoa responder excesso morte julho — total morte acima médio haver pandemia julho o oficial morto país covid-19 ficar tornar o saldar aumentar acima ler eua adiantar,saúde, 21/08/2020 16h18 , Por Associated Press ,https://g1.globo.com/bemestar/coronavirus/noticia/2020/08/21/excesso-de-mortes-nos-eua-revela-disparidade-racial-mostram-dados.ghtml,1
8468,"Bolsonaro diz que pandemia ""pode ser fabricada"" e desdenha de pedidos de impeachment  ",,o recrudescimento caso e morte covid-19 país vitimar pessoa o presidente jair bolsonaro afirmar n quarta-feira o pandemia coronavírus fabricar e desdenhar pedir abertura impeachment alvo câmara deputar querer o destinar pandemia fabricar atingir início ano passar trecho continuar n cadeira o d adiantar falar processo impeachment roberto jefferson presidente ptb presentar o o encontrar juntar absolutamente proposto esquerdo o pt pcdob e psol o oab levar o nenhum o causar transtornar e tentação sociedade complementar,política,27/01/2021 17h51 ,Ricardo Brito,https://economia.uol.com.br/noticias/reuters/2021/01/27/bolsonaro-diz-que-pandemia-pode-ser-fabricada-e-desdenha-de-pedidos-de-impeachment.htm,1
8469,É falso que cabos eleitorais de Sarto transportaram urna adulterada no CE  ,,vídeo viral facebook mostrar cabo eleitoral prefeito eleito fortalezar josé sarto pdt transportar urna eletrônica adulterar carro particular verdade o gravação mostrar equipamento trazer picape cedido justiçar eleitoral departamento nacional obrar seco dnocs o máquina urna contingência utilizar substituir equipamento apresentar defeito início votação.de acordar edna saboia coordenador eleição tribunal regional eleitoral cear tre-ce o procedimento substituição urna corretar legalidade e comum eleição o o urna substituir capital cearense,entretenimento,29/11/2020 21h45 ,"Do UOL, em São Paulo*",https://noticias.uol.com.br/comprova/ultimas-noticias/2020/11/29/e-falso-que-cabos-eleitorais-de-sarto-tenham-transportado-urna-adulterada.htm,0
8470,Delfim Netto: 'Bolsonaro teve a pior Casa Civil da história da República'  ,,o presidente jair bolsonaro mau conselheiro incluir o casar civil história repúblico avaliação economista e ex-ministro fazenda antônio delfim netto citar o nome ex-ocupante pastar — onyx lorenzoni deslocar o ministério cidadania — delfim afirmar o general braga netto o casar civil pacificar atrito o general braga cuidadoso e dispor o enfrentar complicação o casar civil diminuir atrito o bolsonaro o casar civil história repúblico declarar hoje converso o o uol entrevisto questionar colunista josias souza referir o onyx delfim personalizar o crítico,saúde,13/04/2020 11h55Atualizada em 13/04/2020 13h29 ,13/04/2020 11h55Atualizada em 13/04/2020 13h29 ,https://noticias.uol.com.br/politica/ultimas-noticias/2020/04/13/para-delfim-bolsonaro-tem-maus-conselheiros-e-ve-executivo-sem-forca.htm,1
8471,Rússia proíbe entrada de chineses em seu território por covid-19  ,,o rússia anunciar hoje proibir o entrar cidadão chinês território o quinta-feira medir drástico impedir o propagação epidemiar covid-19 o entrar cidadão chinês fronteiro rússia suspenso o fevereiro viagem negócio viagem privar estudo e turismo tatiana golikova vice-primeira-ministra responsável saudar citar agência russo o decisão tomar dever o o agravamento epidemiar chino e o o fato cidadão chinês continuar o chegar o o território russo golikova chefiar o trabalhar anti-coronavírus russo o presença chinês território russo numeroso turista estudante trabalhador aeroporto russo amplamente utilizar trânsito o chino e o europa,saúde,18/02/2020 15h08 ,18/02/2020 15h08 ,https://noticias.uol.com.br/ultimas-noticias/afp/2020/02/18/russia-proibe-entrada-de-chineses-em-seu-territorio-por-coronavirus.htm,1
8472,É #FAKE que Doria disse que não vai permitir que os que não tomarem a CoronaVac passem a doença para os que tomarem,Declaração não foi dada pelo governador de São Paulo. Mensagem falsa tem viralizado.,circular rede social o governador paulo joão doria psdb o seguinte frase “ permitir tomar o vacinar coronavac passar corona tomar ” o assessoria imprensar governar paulo negar o falir e buscar detalhar entrevisto doria o coronavac vacinar fabricação chinês testar brasil o coordenação instituto butantan mostrar o frase o governador afirmar paulo o vacinação obrigatório o o pessoa apresentar atestar médico contrário nenhum pessoa imunizar contrair o coronavírus pessoa vacinar,política, 20/10/2020," Por Roberta Pennafort, CBN ",https://g1.globo.com/fato-ou-fake/coronavirus/noticia/2020/10/20/e-fake-que-doria-disse-que-nao-vai-permitir-que-os-que-nao-tomarem-a-coronavac-passem-a-doenca-para-os-que-tomarem.ghtml,0
8473,Congresso entra em recesso sem solução para o caso de Chico Rodrigues  ,,o congresso nacional entrar recesso hoje solucionar o casar senador chico rodrigar dem-rr flagrar dia outubro dinheiro cueca o parlamentar acusar desviar recurso seriar destinar o combater covid-19 roraima página oficial senado internet constar o parlamentar exercício o encaminhamento casar chico rodrigar o direito reassumir o cargo fevereiro ano e pedir licença flagrar cédula durante operação polícia federal apurar o paradeiro r$ milhão o stf supremo tribunal federal determinar o afastamento senador outubro,saúde,22/12/2020 15h03Atualizada em 22/12/2020 15h39 ,22/12/2020 15h03Atualizada em 22/12/2020 15h39 ,https://noticias.uol.com.br/politica/ultimas-noticias/2020/12/22/congresso-entra-em-recesso-sem-solucao-para-o-caso-de-chico-rodrigues.htm,1
8474,"

Jean Wyllys vendeu mandato de deputado para David Miranda por US$ 700 mil #boato 
","Boato – Após denúncia, descobriu-se que o ex-deputado Jean Wyllys vendeu o mandato para David Miranda por US$ 700 mil mais uma mesada de US$ 10 mil.",deixar entender descobrir computador gleen greenwald – 700mil visto jean wyllys – e 10mil mensal o “ exilar ” viver europa gente vender o mandatar o polícia federal!pavão misterioso invadir o notebook gleen greenwald e descobrir o dinheiro descobrir gleen pagar dólar o jean wyllys vender o mandatar e mesada viver europa showdopavão jean wyllys vender o mandatar david miranda maridar glenn dólar crime,política,17/06/2019,"
Edgard Matsuki ",https://www.boatos.org/politica/jean-wyllys-vendeu-mandato-deputado-700-mil.html,0
8475,Banco Mundial confirma recebimento de indicação e diz que mandato de Weintraub termina em outubro,"Ao final do período, Weintraub pode ser novamente indicado. Nome precisa ser aprovado por grupo de países que o Brasil integra no Banco Mundial. ",o banco mundial informar noto receber governar brasileiro o indicação abraham weintraub ministrar demissionário educação ocupar cargo diretor instituição o banco o nome weintraub aprovar país e o mandatar terminar outubro indicação feito o sair ministrar governar anunciar n quinta-feira vídeo divulgar rede social participar weintraub e o presidente jair bolsonaro weintraub vir desgastar politicamente semana dirigir ofenso o ministro supremo tribunal federal stf acordar o banco mundial o vago o o governar decidir mandar weintraub diretores abrigar representante país o específico o brasil integrar reunir colômbio filipino equador repúblico dominicano haiti panamá suriname e trinidad e tobago nação aprovar o indicação weintraub o banco mundial receber comunicação oficial autoridade brasileiro indicar o sr abraham weintraub diretor executivo representar o brasil e país constituency diretores executivo banco mundial afirmar o banco noto,política, 19/06/2020 07h58 , Por G1 — Brasília ,https://g1.globo.com/politica/noticia/2020/06/19/banco-mundial-confirma-recebimento-de-indicacao-e-diz-que-weintraub-tera-que-ser-aprovado-por-grupo.ghtml,1
8476,"'Não há prejuízo para vacinas', diz Gabbardo sobre variante do coronavírus  ",,variante coronavírus causar prejuízo o o desenvolvimento vacinar afirmar o coordenador centrar contingência combater o o coronavírus paulo joão gabbardo rei o declaração hoje coletiva imprensar o eficácia coronavac o vacinar produzir instituto butantan parceria o laboratório chinês sinovac variante ocorrer ocorrer e continuar ocorrer conviver pequeno alteração vírus o variante suficiente trazer prejuízo respeitar o o desenvolvimento vacinar gabbardo teste feito brasil encontrar pessoa apresentar o doença formar variante chegar o o brasil nãojoão gabbardo coordenador centrar contingência,saúde,23/12/2020 16h54 ,"Felipe Oliveira, Thaís Augusto e Wanderley Preite Sobrinho",https://noticias.uol.com.br/saude/ultimas-noticias/redacao/2020/12/23/nao-ha-prejuizo-para-vacinas-diz-gabbardo-sobre-variante-do-coronavirus.htm,1
8477,"
  Álcool em gel é inflamável; especialistas recomendam usar água e sabão em casa","“É preciso ter precaução com o álcool em gel e o fogo”, adverte um dos vídeos que circulam nas redes sociais sobre este produto recomendado para prevenir o contágio da COVID-19. Na gravação, um homem realiza um experimento, queimando uma folha de papel com uma chama invisível a olho nu. Especialistas consultados pela equipe de checagem da AFP concordaram que se trata de um produto inflamável e que, por isso, é preciso tomar cuidado com seu uso e armazenamento, mantendo-o longe do fogo.Envie-nos por WhatsApp Email",mear março d ano pandemia coronavírus circular rede social diverso vídeo experimentar visualizar milhão gravação pode-se observar álcool gel colocar prato o acender chamar “ pessoa chegar o lavar enxugar mão álcool gel e tocar fogo e fogo ” tradução livrar espanhol o protagonista d sequência compartilhar facebook instagram e twitter “ precisar precaução o álcool gel e o fogo ” concluir o gravação circular amplamente postagens espanhol vídeo semelhante compartilhar rede realizar mulher identificar perito criminal polícia civil distrito federal “ álcool gel água e sabão disponível imaginar o cozinhar cozinhar algum e encher mão braço álcool gel e e acender chamar mão inflamar fogo ” gravação,saúde,3/04/2020 às 21:35,"Nadia Nasanovsky, AFP Argentina, AFP Brasil",https://checamos.afp.com//alcool-em-gel-e-inflamavel-especialistas-recomendam-usar-agua-e-sabao-em-casa,0
8478,Crianças sem sintomas podem carregar coronavírus por semanas,"Dois estudos americanos mostram que menores não apenas apresentam uma carga surpreendentemente alta do Sars-Cov-2, como podem transmitir a doença por semanas, mesmo sem sintomas.",medir escola mundo reabrir estudar americano o potencial transmissão coronavírus sars-cov-2 criança apresentar resultar preocupante capaz influenciar o debater o voltar s aula pesquisador hospital nacional infantil washington criança infectar transmitir o doença durante semana apresentar sintoma o resultar corroborar o haver estudar anterior pesquisador boston mostrar criança e jovem carga virar surpreendentemente alto o estudar publicar agostar site revisto médico jama pediatrics conduzir roberto l. debiasi e meghan delaney analisar criança hospital coreia sul,ciência, 31/08/2020 07h59 ," Por Alexander Freund, Deutsche Welle ",https://g1.globo.com/bemestar/coronavirus/noticia/2020/08/31/criancas-sem-sintomas-podem-carregar-coronavirus-por-semanas.ghtml,1
8479,É #FAKE que vídeos mostrem dono da Localiza criticando ações de combate ao coronavírus,"Vídeos que circulam em redes sociais mostram homens contrários ao isolamento social. Nenhum deles, porém, se parece com o empresário Salim Mattar, que fez um post para desmentir o boato. Ele está, inclusive, desligado da empresa por ocupar um cargo no governo federal. Dados referentes à Localiza na mensagem também estão errados.",circular rede social vídeo homem defender o isolamento social apregoar autoridade saudar conter o disseminação coronavírus legendar acompanhar vídeo identificar homem salim mattar o dono locador veículo localizar mensagem fake o empresário salim mattar deixar o localizar trabalhar secretário especial desestatização desinvestimento e mercar ministério economia publicar perfil verificar twitter vídeo circular rede atribuir o falso publicar conferir rede oficiar twitter instagram continuar prevenir junto irar superar desafiar causar pandemia coronavírus,entretenimento, 06/04/2020, Por G1 ,https://g1.globo.com/fato-ou-fake/coronavirus/noticia/2020/04/06/e-fake-que-videos-mostrem-dono-da-localiza-criticando-acoes-de-combate-ao-coronavirus.ghtml,0
8480,"

Criatura estranha comeu um homem em lavoura de soja no Paraguai #boato 
",Boato – Uma criatura estranha comeu um homem em lavoura de soja no Paraguai. Um vídeo mostra o animal sendo capturado por populares.,animal matar homem paraguai bichar comer homem lavourar soja e capturar paraguai bichar comer homem lavourar soja e capturar paraguai matilha o restar rir amambai … igual o,mundo,07/03/2021,"
Raiane Gonoli ",https://www.boatos.org/mundo/criatura-estranha-comeu-homem-paraguai.html,0
8481,"

Jovem leva choque em celular carregando e morre eletrocutada, mostra vídeo #boato 
",Boato – Vídeo mostra o perigo de se usar o telefone celular com fone de ouvido enquanto ele está carregando. Menina levou choque com celular e morreu eletrocutada.,jovem morrer eletrocutada o o utilizar telefonar celular conectar tomar “ pai deixar filho utilizar o celular conectar tomar fatal”antes morrer o jovem divertir ouvir músico e brincar o aparelhar telefonar celular .ainda apurar ocorrer o fato e informações.adolescente morrer eletrocutada durante celular carregar tomar garoto morrer eletrocutado causar celular carregador tomar urgente mulher morrer eletrocutada o o utizar o celular conectar tomar,brasil,16/05/2019,"
Edgard Matsuki ",https://www.boatos.org/brasil/jovem-choque-celular-carregando-video.html,0
8482,Desembargadores rejeitam ação contra secretário de Transportes de Doria  ,,o tribunal justiçar paulo rejeitar o ação civil improbidade administrativo apresentar ministério público paulista o secretário estadual transporte metropolitano alexandre baldy suposto irregularidade licitação envolver linha lilá e ourar metrô o decisão tomar desembargador antonio carlos villen torre carvalho e antonio celso aguilar cortez 10ª câmara direito público terça-feira e confirmar o entendimento fixar instância julgamento magistrado analisar recurso formalizar mp tentativo reverter o rejeição ação o promotoria argumentar o secretário notificar pendência impedir o concessionário viamobilidade manter contrato o público e inabilitar contrato rescindir,política,27/01/2021 17h58 ,Rayssa Motta,https://noticias.uol.com.br/ultimas-noticias/agencia-estado/2021/01/27/desembargadores-rejeitam-acao-contra-secretario-de-transportes-de-doria.htm,1
8483,É #FAKE que vacinas contenham ímãs e causem magnetismo,Fabricantes e especialistas em desenvolvimento de vacinas afirmam que imunizantes não têm ímãs e não promovem magnetismo após a aplicação. Vídeos com alegações falsas têm proliferado na web.,circular rede social vídeo alegar o presença magnetismo pessoa receber vacinar o covid-19 afirmação fake vacinar o covid produzir magnetismo conter ímãs acordar fabricante e especialista desenvolvimento vacinar doutor biotecnologia desenvolvimento vacinar lázaro moreira marcar neto afirmar vacinar atualmente nanopartículas metálico vacinar imã composição vacinar componente necessário gerar o respostar imune desejar componente estabilizar e manter o qualidade vacinar ímã objeto material capaz gerar campar magnético utilizar ímãs vacinar necessário nenhum objetivos gerar respostar imune estabilizar e manter o vacinar,saúde, 07/06/2021," Por Roney Domingos, G1 ",https://g1.globo.com/fato-ou-fake/coronavirus/noticia/2021/06/07/e-fake-que-vacinas-contenham-imas-e-causem-magnetismo.ghtml,0
8484,É #FAKE que vídeo mostre prefeito de BH sendo cobrado por isolamento em restaurante de Nova Lima em meio à pandemia,"Vídeo foi gravado em 2018, bem antes do novo coronavírus. Imagens têm sido difundidas com legenda falsa.",circular rede social vídeo o prefeito belo horizonte alexandre kalil abordar e discutir homem estabelecimento comercial o mensagem o prefeito fechar bar e restaurante bh e almoçar cidade vizinho limar e o cidadão lesar medir converso o vídeo gravar o início pandemia coronavírus março forçar o administração municipal belo horizonte o adotar medir restritivo dificultar o propagação vírus imagem mostrar verdade episódio ocorrer o candidatar e deputar estadual bernardo bartolomeu o bartô cobrar kalil gastar r$ viagem jatinho o brasília o discussão ocorrer belo horizonte e limar,política, 03/08/2020, Por Roney Domingos ,https://g1.globo.com/fato-ou-fake/coronavirus/noticia/2020/08/03/e-fake-que-video-mostre-prefeito-de-bh-sendo-cobrado-por-isolamento-em-restaurante-de-nova-lima-em-meio-a-pandemia.ghtml,0
8485,Crivella quer agora pesquisa popular para definir réveillon de Copacabana  ,,"Depois de afirmar que a festa de réveillon de Copacabana não poderia ser realizada sem uma vacina contra o novo coronavírus — e de recuar após receber pressão de representantes dos setores de bares e hotelaria —, o prefeito do Rio, Marcelo Crivella (Republicanos), agora pretende fazer uma pesquisa junto à população para definir o que será da mais famosa festa da virada do País. O modelo de consulta, porém, ainda parece ser incipiente. ""Vamos fazer pesquisa. Instituto de pesquisa, tipo o Ibope, Paraná Pesquisas, têm outras pesquisas que fazem com as pessoas, hoje fazem muito por telefone"", declarou Crivella. ""Fazemos uma amostra, consultamos a população, verificamos o que eles acham, o que eles não acham, e assim a gente vai tentando construir um consenso neste momento de crise"", disse. No fim de semana, a Riotur informou que vai apresentar ""um novo modelo para a festa, com possibilidades virtuais, devido à pandemia"", e destacou que ""fogos serão mantidos"", embora não tenha esclarecido o lugar de exibição nem se será permitida presença de público. Agora, o prefeito sinaliza que não pretende tomar uma decisão final sozinho. ""Priorizada a vida, priorizadas as medidas da vigilância sanitária, nós então vamos consultar a população. Não só a população, mas também as forças de segurança, conversar com a Polícia Militar, as forças da Polícia Rodoviária Federal, as forças da Polícia Rodoviária Estadual, e também o pessoal do transporte"", comentou.",saúde,28/07/2020 12h14 ,Marcio Dolzan,https://noticias.uol.com.br/ultimas-noticias/agencia-estado/2020/07/28/crivella-quer-agora-pesquisa-popular-para-definir-reveillon-de-copacabana.htm,1
8486,É #FAKE que foto com dezenas de tratores mostre ato em apoio a Bolsonaro,Imagem foi feita em 2019 e é de protesto na Holanda. Ela tem circulado no Brasil como se fosse parte dos atos em apoio ao presidente Jair Bolsonaro em maio de 2021.,circular rede social mensagem mostrar centena tratores rodovia o imagem acompanhar legendar sugerir tratar atar o o presidente jair bolsonaro brasil o mensagem falso ironizar robô tomar transformers o texto terminar emojis múltiplo bandeiro brasil ampliação imagem mostrar o placar tratores escrito português buscar avançar imagem plataforma yandex revelar reportagem publicar protestar massivo causar milha engarrafamento holanda o legendar foto tratores afirmar agricultor bloquear o rodovia a28 tratores hoogeveen e meppel,política, 18/05/2021," Por Roney Domingos, G1 ",https://g1.globo.com/fato-ou-fake/noticia/2021/05/18/e-fake-que-foto-com-dezenas-de-tratores-mostre-ato-em-apoio-a-bolsonaro.ghtml,0
8487,"Estamos vivendo a doença do desespero, diz autor que questionou isolamento  ",,thomas friedman causar polêmica haver semana publicar the new york times jornal editorialista texto questionar o isolamento social combater o o coronavírus e manifesto preocupação o impactar econômico crise hoje explicar visto deixar claro o ameaçar crescer unir e o mundo diferente o pandemia reiterar o covid-19 o doença desesperar o o afetar emprego e sonho o viver o testar estresse o banco testar o sociedade descobrir perder negócio trabalhar economia futurar falar doença desesperar morte desesperar morte coronavírus planar redução dano junto declaração feito participação exame talks revisto exame thomas comparar o pânico o coronavírus causar o o unir atentar setembro e o planeta marcar ac coronavírus e dc coronavírus alertar algum precisar colocar o sociedade voltar o o trabalhar o vírus circular vacinar curar o mundo conhecer dividir ac e dc coronavírus e coronavírus o mundo pós-coronavírus ... casar algum semana portar abrir e pessoa entender o vastar danar o emprego locar trabalhar empresar economia aposentadoria e sonho entender haver enorme tensão e estresse social avisar thomas,saúde,07/04/2020 20h47 ,07/04/2020 20h47 ,https://noticias.uol.com.br/internacional/ultimas-noticias/2020/04/07/estamos-vivendo-a-doenca-do-desespero-diz-autor-que-questionou-isolamento.htm,1
8488,"

Freixo diz que colocou advogados para defender Lázaro e condenar perseguição policial #boato 
",Freixo diz que colocou advogados para defender Lázaro e condenar perseguição policial #boato,“ freixo “ comitiva advogar convencer o cnj lázaro umar vítima perseguição policial o o negro merecer tratamento humanizar ” ”,política,29/06/2021,"
Edgard Matsuki ",https://www.boatos.org/politica/freixo-diz-que-colocou-advogados-para-defender-lazaro-e-condenar-perseguicao-policial-boato.html,0
8489,"

Bill Gates diz que vendedor de jornais de Nova York é o homem mais rico do mundo #boato 
","Boato – Bill Gates afirma que para uma pessoa ser rica de verdade ela deve ter um coração rico e não muito dinheiro. Por isso, ele disse que vendedor de jornais de Nova York é mais rico do que ele. ",alguém perguntar o o homem rico mundo bill gatar ” haver alguém rico mundo ” bill gatar responder “ haver pessoa rico ” contar história durante o rico famoso aeroporto york vir vendedor jornal querer comprar jornal e o o tê-lo mão descobrir moeda suficiente deixar o idear comprar e devolver o jornal o o vendedor disse-lhe o moeda o vendedor “ graça ” insistência levar o jornal casualmente o aterrizei aeroporto e novamente faltar moeda comprar jornal o vendedor ofereceu-me o jornal graça novamente recusar e disse-lhe aceitá-lo n ocasião nenhum tostão “ levá-lo compartilhar ganho perder ” o jornal ano tornar famoso e pessoa repente lembrei-me d vendedor começar o procurá-lo e aproximadamente e buscar encontrar perguntar o ” conhecer ” “ bill gatar ” perguntei-lhe ” lembra-te d o jornal grátis ” o vendedor “ lembro-me ” disse-lhe ” pagar o ajudar o querer vidar diga-me “ o vendedor ” senhor bill gatar acreditar o o igualar o ajudar ” perguntar ” ” ajudar pobre vendedor jornal e ajudar tornar o homem rico mundo ajudar igualar o ” n dia perceber o vendedor jornal rico esperar tornar rico ajudar alguém pessoa precisar entender verdadeiramente rico possuir coração rico dinheiro realmente importante coração rico ajudar fácil sobrar o difícil presentear generoso o esperar trocar,entretenimento,10/10/2019,"
Kyene Becker ",https://www.boatos.org/tecnologia/bill-gates-vendedor-jornais-homem-mais-rico-mundo.html,0
8490,"

Bolsonaro vai suspender a concessão da TV Globo em 21 de abril de 2020 #boato 
",Boato – Jair Bolsonaro vai suspender a concessão da TV Globo em 21 de abril de 2020. O motivo é que o presidente da República vê a emissora como um canal político e não de informação à população.,c o m p o r t l h e m o redar globo fechar abril assistir o vídeo.jair messias bolsonarodonald j. trump#clickanobo sustentar o fogo o vitória bolsonaro tirar o globo ar dia abril o família vencer e o infernar perder bolsonaro tirar o globo ar – abril bolsonaro globo canal político e informação,política,,"
Raiane Gonoli ",https://www.boatos.org/politica/bolsonaro-vai-suspender-concessao-da-tv-globo.html,0
8491,Relatora no STF vota para barrar produção de dossiês sobre 'antifascistas'  ,,julgamento hoje stf supremo tribunal federal o ministro cármen lúcia votar o produção ministério justiçar dossiê servidor identificar o movimentar antifascista o existência documentar revelar uol julho votar o ministro relator ação defender o suspensão atos governar ligar produção e compartilhamento informação atividades político cidadão e servidor público demonstrar legitimidade atuação órgão estatal investigar e compartilhar informação participante movimentar político chamar antifascista o pretextar cuidar atividade inteligência observar o dever processar legal afirmar o ministro competir o ninguém dossiês instalar procedimento cunhar inquisitorial cármen lúcia,política,19/08/2020 19h08Atualizada em 19/08/2020 22h46 ,Felipe Amorim e Marcelo Oliveira,https://noticias.uol.com.br/politica/ultimas-noticias/2020/08/19/stf-julga-dossie-do-ministerio-da-justica-contra-antifascistas.htm,1
8492,Coronavírus: MP-RJ prende novo suspeito de fraude na compra de respiradores  ,,acusar participar supor esquema fraudar comprar respirador presar rir manhã hoje dono empresar arc fontoura maurício fontoura alvo prisão preventivo e junto o preso semana passar investigador âmbito operação mercador caos fontoura haver alvo mandar buscar e apreensão fase operação o empresar d vender 1.000 respirador comprar governar estadual e o investigação superfaturados haver preso o sócio maurício cinthya silvar neumann o ex-subsecretário saudar rir gabriell neve o subsecretário gustavo borges e o empresário aurino filhar dono empresar informático a2a ganhar contratar fornecer equipamento durante o pandemia coronavírus entrevisto coletiva comentar suspeito irregularidade contrato o secretário estadual saudar edmar santo montar força-tarefa analisar documento e classificar equívoco o nomeação gabriell neve gestão,saúde,13/05/2020 18h39 ,Caio Sartori,https://noticias.uol.com.br/ultimas-noticias/agencia-estado/2020/05/13/mp-rj-prende-mais-um-suspeito-de-fraude-na-compra-de-respiradores.htm,1
8493,INSS: AGU recorre de decisão que suspendeu retorno de peritos ao trabalho presencial,"Governo determinou volta ao trabalho presencial, mas associação não quer retomar atividades e alega que agências não cumprem especificações de segurança na pandemia.",o advocacia união agu recorrer n quarta-feira decisão justiçar federal suspender o retornar médico perito inss o o trabalhar presencial e suspender o cortar retornar o decisão tomar juiz federal márcio frança moreira distrito federal analisar ação movido associação nacional médico perito previdência social anmp dia o governar determinar o voltar perito o o trabalhar presencial o anmp entanto retomar atividades o entidade argumentar agência inss reaberto fechamento razão pandemia coronavírus cumprir especificação segurança sanitário,política, 23/09/2020 19h55 ," Por Vladimir Netto e Filipe Matoso, TV Globo e G1 — Brasília ",https://g1.globo.com/economia/noticia/2020/09/23/agu-recorre-de-decisao-que-suspendeu-retorno-de-medicos-peritos-do-inss-ao-trabalho-presencial.ghtml,1
8494,"Filha de Pazuello é nomeada supervisora na RioSaúde, empresa da prefeitura  ",,o diário oficial rir janeiro trazer edição hoje o nomeação stephanie santo pazuello o cargo supervisor diretoria gestão pessoa empresar público saudar rir janeiro s.a o riosaúde stephanie filho general eduardo pazuello o ministrar interino saudar noto o riosaúde informar stephanie pazuello contratar parentesco o ministrar e experiência e formação administração o nomeação feito datar retroativa stephanie pazuello ocupar o cargo o dia julho o prefeito rir janeiro marcelo crivella republicano anunciar o intenção fechar hospital campanha montar ajudar combater covid-19,saúde,23/07/2020 10h38 ,Beatriz Sanz,https://noticias.uol.com.br/cotidiano/ultimas-noticias/2020/07/23/filha-de-pazuello-e-nomeada-supervisora-na-riosaude-empresa-da-prefeitura.htm,1
8495,"Me considero um garantista, diz Kassio Marques  ",,sabatino senado o desembargador federal kassio nunes marcar indicar o vago stf supremo tribunal federal presidente jair bolsonaro declarar considerar juiz garantista,política,21/10/2020 11h32 ,21/10/2020 11h32 ,https://noticias.uol.com.br/videos/2020/10/21/me-considero-um-garantista-diz-kassio-marques.htm,1
8496,"

Uso de máscaras não é mais obrigatório após aprovação da Lei 14.019 #boato 
","Boato – O uso de máscaras não é mais obrigatório após a aprovação da Lei 14.019. Além de não ser mais necessário usar o acessório em espaços públicos e privados, a lei também proíbe a cobrança de multas por qualquer obrigatoriedade.",lei o máscara obrigatório o brasil diário oficial união lei publicar o lei desobrigar o máscara circulação espaço público e privar acessível o o púplico via público estabelecimento comerciar e industriar loja farmácia supermercado shopping restaurante bar padaria praia cachoeirar etc templo instituição ensinar e o o ar livrar proibir o cobrança multar obrigatoriedade,saúde,20/10/2020,"
Raiane Gonoli ",https://www.boatos.org/saude/uso-de-mascaras-nao-e-mais-obrigatorio.html,0
8497,Antonio Banderas revela estar de quarentena com covid-19 ao fazer 60 anos  ,,antonio banderas celebridade o isolar contrair o covid-19 e passar o dia hoje aniversário ano contar coronavírus quiero contaros o siguiente ... pic.twitter.com/u579ibvlm0 revelar publicamente hoje agostar o celebrar ano seguir quarentenar o o positivar o covid-19 enfermidade causar coronavírus gostar adicionar relativamente cansar o habitual e confiar recuperar o seguir recomendação médico,saúde,10/08/2020 09h54 ,10/08/2020 09h54 ,https://entretenimento.uol.com.br/noticias/redacao/2020/08/10/antonio-banderas-revela-estar-de-quarentena-com-covid-19-ao-fazer-60-anos.htm,1
8498,o vacinar o coronavírus feito feto humano abortar,é verdade que uma nova vacina promissora contra o coronavírus possui células feitas com restos de fetos humanos abortados?,o notícia surgir site e blogs quinzena julho e compartilhar rede social acordar o texto empresar célula bebês abortar composição,saúde,21/07/2020,gilmar lopes,https://www.e-farsas.com/a-nova-vacina-contra-o-coronavirus-e-feita-com-fetos-humanos-abortados.html,0
8499,"

Vídeo mostra manifestação contra o comunismo na Argentina durante a quarentena #boato 
","Boato – Imagens mostram protestos contra o comunismo e contra o presidente Alberto Fernández, na Argentina","“ argentino mega manifestação político comunista presidente alberto fernández ” “ argentino manifestação gigante,.com arrepender votar novamente esquerdo argentino desapropriar ditadura vermelho bolivariana ” “ manifestação esquerdista fernandez e cristina kirchner argentino … e pensar dormir “ berço esplender ” ffaa … ”",mundo,12/06/2020,"
Kyene Becker ",https://www.boatos.org/mundo/video-manifestacao-contra-comunismo-argentina-quarentena.html,0
8500,"

Chico Buarque disse, em entrevista na CBN, que está investindo em bitcoins e lucrando muito #boato 
",Boato – Chico Buarque diz em entrevista que está investindo em bitcoins e que método pode fazer milionários em apenas 3 meses.,“ chico buarque bitcoin loophole opinião – burlar legítimo chico buarque aparecer investimento secreto deixar centena pessoa rico brasil o cantor e compositor brasileiro chico buarque ficar famoso rude e direto importar honestar o respeitar ganhar dinheiro semana passar aparecer cbn e anunciar “ brecha riqueza ” transformar milionário 3-4 buarque incentivo brasileiro entrar n incrível oportunidade banco acabar e minuto entrevisto o itaú pedir o entrevisto o buarque o o ar demais.isso o acontecer bianca santo apresentador cbn convidar o buarque o show compartilhar dica construir patrimônio e o empresário brasileiro soltar o bomba “ o trazer sucesso pular oportunidade rapidamente – hesitação e maneiro dinheiro programar negociar criptomoedas automaticamente chamar bitcoin loophole o melhor oportunidade vir vidar construir fortuna maneiro rápido esperar olhar banco terminar ” o apresentador cbn bianca santo ficar chocar buarque puxar telefonar e mostrar o telespectador dinheiro d programar gerador dinheiro brasil falar o segmentar ficar buarque elaborar conseguir entrevisto aprender oportunidade polêmica ”,entretenimento,,"
Kyene Becker ",https://www.boatos.org/entretenimento/chico-buarque-entrevista-cbn-bitcoins-lucrando-muito.html,0
8501,Whirlpool reduzirá jornada e salário de empregados em 25% em maio e junho  ,,o fabricante eletrodomésticos whirlpool informar n segunda-feira reduzir o jornada trabalhar e salário profissional vender industrial e empregar administrativo maio e junho n período contrato trabalhar promotor vender e profissional administrativo suspenso afirmar o empresar comunicar o o mercar n segunda-feira,saúde,27/04/2020 17h55 ,27/04/2020 17h55 ,https://economia.uol.com.br/noticias/reuters/2020/04/27/whirlpool-reduzira-jornada-e-salario-de-empregados-em-25-em-maio-e-junho.htm,1
8502,João Amoêdo aceita convite para ser o pré-candidato do Novo em 2022  ,,"joão amoêdo fundador aceitar convite pré-candidato presidência eleição gerar representar o legendar liberal pleito o nome amoêdo aprovar voto convenção nacional noto emitir noite o banqueiro candidatar o o postar presidente repúblico ficar 2,5 voto válido caminhar extremamente desafiador aceitar tarefar confiar trabalhar time resiliência alinhamento humildade e coerência princípio valorar e propósito justificar o fundação joão amoêdo fundador aceitar o convite",política,02/06/2021 14h38Atualizada em 02/06/2021 14h59 ,02/06/2021 14h38Atualizada em 02/06/2021 14h59 ,https://noticias.uol.com.br/politica/ultimas-noticias/2021/06/02/joao-amoedo-presidente-2022-novo.htm,1
8503,Mandetta e Gilmar não foram hostilizados em Portugal durante a pandemia  ,,adequar ministrar stf supremo tribunal federal e ex-ministro saudar visto passear europa o morte continuar o crescer brasil causar coronavírus circular internet o problema criticar autoridade vídeo antigo.a compartilhar especialmente twitter vídeo lisboa capital portuguesar acusar gilmar mendes stf e o ex-ministro saudar luiz henrique mandetta passear europa pleno pandemia imagem mostrar homem aparentemente brasileiro gritar português e inglês outro homem supostamente o ministrar stf sentar,mundo,20/07/2020 04h00 ,"Do UOL, em São Paulo",https://noticias.uol.com.br/confere/ultimas-noticias/2020/07/20/mandetta-e-gilmar-nao-foram-hostilizados-em-portugal-durante-a-pandemia.htm,0
8504,É #FAKE foto que mostra Cleo usando camiseta com inscrição crítica a Moro,"Imagem original da cantora, em que ela usa camiseta de festival de rock, foi manipulada digitalmente para incluir a expressão crítica ao ex-juiz e hoje ministro.",circular rede social imagem cantor cleo vestir camiseta o seguinte expressão juiz safar país morar o palavra morar destacar e entendido referência o o ex-juiz federal e atual ministrar justiçar sergio morar fake o imagem camiseta cleo manipular digitalmente mostrar o inscrição crítico o morar antigo ocasião abril cleo visitar o festival lollapalooza e vestir camiseta referência o marcar cervejar imagem d o vestimenta registrar época reportagem ego,entretenimento, 17/01/2020, Por G1 ,https://g1.globo.com/fato-ou-fake/noticia/2020/01/17/e-fake-foto-que-mostra-cleo-usando-camiseta-com-inscricao-critica-a-moro.ghtml,0
8505,o professorar salvar criança creche declarar herói nacional bolsonaro,,o notícia surgir diverso site e blogs o semana janeiro e afirmar o presidente jair bolsonaro encontrar ministrar e assinar umar declaração oficial condecorar o professorar heley morto comer herói nacional,entretenimento,13/01/2019,gilmar lopes,https://www.e-farsas.com/a-professora-que-salvou-criancas-em-creche-foi-declarada-heroina-nacional-por-bolsonaro.html,0
8506,Quatro fatos importantes ocorridos na política do Brasil enquanto mundo olhava eleição dos EUA  ,,o comedir noite d terça-feira brasileiro olho o eleição unir o assunto dominar manchete portar notícia e o lista assunto comentar twitter país o político e o justiçar parar brasil,política,05/11/2020 07h54 ,André Shalders,https://noticias.uol.com.br/ultimas-noticias/bbc/2020/11/05/fatos-importantes-ocorridos-na-politica-do-brasil-enquanto-mundo-olhava-eleicao-dos-eua.htm,1
8507,Eduardo Bolsonaro invoca Brizola ao pedir auditoria já existente em urnas  ,,o deputar federal eduardo bolsonaro psl-sp defender novamente o votar impresso o o urna eletrônicas precisar auditadas o e resultar passível conferência vídeo divulgar rede social terça-feira o parlamentar mencionar o político leonel brizola nome forte esquerdo e fundador pdt alegar o pautar suprapartidária o falir eduardo defeso série lives promovido deputar bia kicis psl-df argumento rebatido o segurança votação brasil o vídeo compartilhar irmão o senador flávio bolsonaro republicanos-rj,política,30/04/2021 13h22 ,Juliana Arreguy,https://noticias.uol.com.br/confere/ultimas-noticias/2021/04/30/eduardo-bolsonaro-urnas-eletronicas-auditaveis-eleicao-confere.htm,1
8508,"EUA 'triunfará' contra pandemia, diz Trump em evento pelo fim da Segunda Guerra Mundial  ",,o presidente unir donald trump lembrar n sexta-feira 8) o crise desencadear pandemia coronavírus depositar coroar florir memorial guerra mundial washington dia marcar o 75º aniversário vitória aliar europa trump o o monumento localizar casar branco companhia primeira-dama melania trump informar o assessoria imprensar presidente comunicar trump sinalizar celebrar forçar liberdade derrotar o tirania rememorar o lembrete sombrio preço liberdade palavra o aniversário celebração reduzir dever pandemia trump observar cercar milhão americano participar guerra e 186.000 morrer,saúde,08/05/2020 13h05 ,08/05/2020 13h05 ,https://noticias.uol.com.br/ultimas-noticias/afp/2020/05/08/eua-triunfara-contra-pandemia-diz-trump-em-evento-pelo-fim-da-segunda-guerra-mundial.htm,1
8509,Governo federal diz que pagar auxílio no Amazonas causaria 'grave lesão'  ,,petição o o trf tribunal regional federal 1ª região n sexta-feira o agu advocacia união pedir o suspensão ordem justiçar federal manaus am determinar o pagamento auxílio financeiro r$ parcelar o conter efeito social e econômicos pandemia coronavírus o agu argumentar o pagamento causar gravar lesão ordem jurídico e administrativo violação gravar separação e gravar lesão economia público o agu o país encontrar frágil realizar político social necessário e o tomar decisão medir impactar fiscal requerer o cautela ponderando-se reflexo o estabilidade econômica país n quarta-feira o juiz 3ª varar federal cível manaus am ricardo augusto sales acolher pedir dpu defensoria público união e ordenar o governar federal prorrogar o pagamento auxílio financeiro parcelar r$,saúde,05/02/2021 22h27 ,05/02/2021 22h27 ,https://noticias.uol.com.br/colunas/rubens-valente/2021/02/05/auxilio-emergencial-amazonas-governo-bolsonaro.htm,1
8510,É #FAKE que a empresa Smartmatic forneça urnas eletrônicas ou softwares para o Brasil,Publicações acusam a empresa de envolvimento em fraudes eleitorais. Boato já circulou em 2017.,circular rede social mensagem o empresar smartmatic fornecer urna eletrônicas software utilizar urna brasil acordar publicação o empresar americano fornecer urna eletrônicas eleição venezuela ano o envolvido fraude eleitoral e hackeável o smartmatic fato atuou processo eleitoral venezuelano durante período encerrar atuação o o alegar o resultar anunciar compatível o máquina registrar profundar pesar comunicar resultar eleição assembleia constituinte realizar domingo julho venezuela adulterar afirmar o empresar comunicar o economista rodrigar constantino circular o suspeito o smartmatic e urna eletrônicas brasileiro época o tse publicar noto esclarecer urna fornecido empresar e o atuação smartmatic elelções brasileiro recrutamento contratação e treinamento aproximadamente profissional trabalhar suportar técnico-operacional eleição nenhum o empresar smartmatic atuou programação urna eletrônicas inferir autor noto,entretenimento, 14/11/2020," Por Isabela Aleixo, O Globo ",https://g1.globo.com/fato-ou-fake/noticia/2020/11/14/e-fake-que-a-empresa-smartmatic-forneca-urnas-eletronicas-ou-softwares-para-o-brasil.ghtml,0
8511,"

TSE e TRE anulam eleições em diversas cidades devido a falha no sistema de apuração de votos #boato 
",Boato – O TSE e o TRE de diversos estados anularam as eleições devido a falha no sistema de apuração de votos. Portal G1 deu a notícia.,tre-pe anular o eleição santo filomena -pe dever o falho apuração voto designar datar o realização pleito eleitoral seguir o link clicar link e tre-go anular eleição água lindo goiá dever o falho apuração voto designar datar o realização pleito eleitoral tre-ba anular eleição jeremoabo bahia dever o falho apuração voto designar datar o realização pleito eleitoral click link abaixar e ler urgente tse anular eleição aparecido goiânia goiânia formoso anápolis rir trindade e catalão e campar limpar dever o falho apuração voto designar datar o realização pleito eleitoral,política,20/11/2020,"
Edgard Matsuki ",https://www.boatos.org/politica/tse-e-tre-anulam-eleicoes-em-diversas-cidades-por-falha-no-sistema-de-apuracao-de-votos.html,0
8512,Conheça o método de checagem e a política de correções do UOL Confere  ,,o uol conferir o divisão uol parir checagem e esclarecimento fato comer norte o princípio editorial presente o manual redação folhar e o código princípio ifcn international fact-checking network redar reunir veículo especializar checagem o o redor mundo o uol conferir respeitar suar checagens o seguinte parâmetro o seguir sobrar método checagem sugestão conteúdo parir checagem enviar parir o email uolconfere@uol.com.br,política,21/07/2021 11h00Atualizada em 21/07/2021 17h45 ,21/07/2021 11h00Atualizada em 21/07/2021 17h45 ,https://noticias.uol.com.br/ultimas-noticias/redacao/2021/07/21/conheca-o-metodo-de-checagem-e-a-politica-de-correcoes-do-uol-confere.htm,0
8513,Nomeação de militar para a Defesa por Temer abriu brecha para atual crise  ,,o reunião ex-presidente militar ernesto geisel demitir o ministrar exército sylvio frota durar minuto narrar o jornalista elio gaspari livrar o ditadura encurralar intrínseco ano o presidente jair bolsonaro precisar minuto relato exonerar o ministrar defeso general fernando azevedo e silvar segunda-feira e disparar crise inédito o executivo e militar dia seguinte comandante exército marinho e aeronáutico demitir ministrar general walter braga neto o história brasil o cúpula militar afastar,política,02/04/2021 04h00 ,Guilherme Castellar,https://noticias.uol.com.br/politica/ultimas-noticias/2021/04/02/uol-explica-como-chegamos-a-maior-crise-militar-desde-1977.htm,1
8514,Saúde amplia vacinação contra a covid-19 para pessoas com HIV/AIDS,,o ministério saudar atualizou recomendação vacinação o covid-19 e ampliar o imunização pessoa viver o vírus hiv aids idade e ano comorbidades anteriormente o planar nacional operacionalização vacinação o covid-19 contemplar ano e contagem linfócito t-cd4 pessoa conviver o hiv aids ano estãocontempladas priorização faixar etário anteceder o comorbidades o d iniciativo reduzir o impactar pandemia n especialmente o o riscar hospitalização e óbito e respeitar o conceito equidade único saudar sus o contraindicação vacinação seguir o critério população o vacinação recomendar indivíduo hipersensibilidade o o princípio ativo o excipiente vacinar pessoa apresentar reação anafilática confirmar o dosar anterior o vacinar covid-19,saúde,30/03/2021 14h22, ,https://www.gov.br/saude/pt-br/assuntos/noticias/saude-amplia-vacinacao-contra-a-covid-19-para-pessoas-com-hiv-aids,1
8515,"

Magazine Luiza faz doação de geladeiras em post com foto no Facebook #boato 
",Boato – O Magazine Luiza está fazendo uma doação de 700 (ou outra quantidade) geladeiras para as pessoas que comentarem em uma foto do Facebook de uma página em nome da empresa.,versão doação geladeira campanha solidário magazine luiza o família o brasil funcionar equipar entrar contato participante conseguir comentar “ mago ” interrompido participante participar basto comentar “ mago ” letra letra conseguir equipar enviar mensagem imediato enviar o premiação abrir o foto comentar comentário sera válido interromper comentário campanha mago campanha exclusivo magazine luiza inciativa solidário ajudar o país difícil ficar casar previna-se e cuidar saúdeversão doação geladeira campanha solidário magazine luiza o família o brasil acreditar o união trazer o forçar dever unir ajudar o o outro difícil iniciativo solidário liberar +10 geladeira doação o compartilhamentos n publicação efetuar o resgatar geladeira basto clicar link abaixar site,entretenimento,24/11/2020,"
Edgard Matsuki ",https://www.boatos.org/tecnologia/magazine-luiza-doacao-geladeiras-facebook.html,0
8516,É falso que a África tenha controlado pandemia com ivermectina,,o o contrário afirmar vídeo publicar rede social o pandemia covid-19 controlo continente africanar país região aplicar diverso medir segurar o contágio,saúde,2020/07/10,Comprova,https://projetocomprova.com.br/publicações/e-falso-que-a-africa-tenha-controlado-pandemia-com-ivermectina/,0
8517,"Em meio à pandemia, enfermeiros de Ibiúna (SP) estão há 3 meses sem salário  ",,trabalhar ubs unidade básico saudar ibiúna interior paulo o enfermeiro thábata cristina decidir desligar empregar o motivar o pagamento salário o prefeitura o responsabilidade empresar terceirizada contratar gerir serviço saudar relatar constante atraso repasse feito município o pandemia profissional saudar chegar o aplaudir trabalhar cidade o km capital paulista profissional enfermagem salário setembro outubro e novembro haver relato atraso vale-alimentação féria e 13º salário apurar o uol o problema piorar,saúde,11/12/2020 04h00 ,Carolina Marins,https://noticias.uol.com.br/saude/ultimas-noticias/redacao/2020/12/11/enfermeiros-sem-salario-ibiuna-interior-sao-paulo.htm,1
8518,Saraiva diz que Salles fez 'pseudoperícia' e legitimou ação de criminosos  ,,o delegar pf polícia federal e ex-superintendente corporação amazona alexandre saraivar o ministrar ambientar ricardo salles pseudoperícia madeirar apreendido operação pf o delegar ouvir hoje comissão legislação participativo ricardo salles o pseudoperícia torar olhar e conferir o princípio certo pessoa apresentar escriturar ... ler íntegro uol,política,26/04/2021 18h07 ,26/04/2021 18h07 ,https://noticias.uol.com.br/colunas/reinaldo-azevedo/2021/04/26/saraiva-diz-que-salles-fez-pseudopericia-e-legitimou-acao-de-criminosos.htm,1
8519,"

Amazônia é saqueada por Funai, índios, MST, Hydro e banda A-HA há 10 anos #boato 
","Boato – Carioca Norma Lucia Lippel relata que trabalhou na Amazônia por 10 anos e que Funai, Índios, MST e estrangeiros saqueiam a região. Ela conta ainda que banda A-HA é dona da mineradora Hydro.",norma lucia lippel menino por10 ano trabalhar amazônia época diferente ano e morar vir o o rir dia dia folgar campar conhecer e vir imaginar corrupção roubar extração ourar e minério terra indígena e proteção ambiental participação funai e caiaque vir e conviver mst comandar pt e pcc invadir terra união saquear e assassinar pessoa líder comunidade lutar juntar s comunidade quilombolas e ribeirinhas.morava cidade barcarena e percorrer território n cidade instalar o hydro haver ano poluir descaradamente rio e igarapés região e acobertar sema pa e ibama o empresar 1/3 governar noruega e 2/3 família vocalista bandar a-ha mudando(ainda pouco)para empresar estrangeiro adquirir terra rico minério e tratar o brasil idiota tupiniquins o amazônia invadir chinês norueguês canadense italiano pastoral terra podre vaticano canadense e … matar grosso tb dominar ms chinês medir forçar pequeno fazendeiro conhecer perder o serrar bodoquena terra rico minério virar pq morar e cia?(vamos compartilhar o o,política,22/08/2019,"
Edgard Matsuki ",https://www.boatos.org/politica/amazonia-saqueada-funai-indios-mst-hydro-a-ha.html,0
8520,"

Toyota processa vigilante que confundiu coronavírus com Corolla vírus #boato 
","Boato – A Toyota vai processar o vigilante que confundiu o coronavírus com o Corolla vírus em vídeo. Depois do vídeo, venda do modelo de carro diminuiu 65%.",toyota processar vigilante publicação d vídeo o vender corolla cair .. toyota processar vigilante publicação d vídeo o vender corolla cair ..,saúde,02/03/2020,"
Edgard Matsuki ",https://www.boatos.org/saude/toyota-processa-vigilante-confundiu-coronavirus-corolla-virus.html,0
8521,Congresso decide manter vetos de Bolsonaro a trechos da LDO sobre orçamento impositivo,"Presidente do Congresso, Davi Alcolumbre, havia anunciado acordo para manutenção dos vetos. Parlamentares analisam na próxima semana projetos sobre regras para pagamento de emendas.",o congresso nacional decidir n quarta-feira manter veto presidente jair bolsonaro o trecho lei diretrizes orçamentárias ldo tratar chamar orçamentar impositivo veto mantido dia o presidente congresso senador davi alcolumbre dem-ap anunciar acordar parlamentar e governar o temer o acordar incluir o enviar palácio planalto projetos regulamentar o assunto projetos alcolumbre analisar semana veto bolsonaro respeitar o r$ bilião seriar definir parlamentar responsável relatoria orçamentar o ministério economia o vetar e projetos haver redução cercar r$ bilião emendar relator orçamentar retornar o executivo abaixar,política, 04/03/2020 18h02 ," Por Elisa Clavery, Sara Resende e Yvna Sousa, TV Globo — Brasília ",https://g1.globo.com/politica/noticia/2020/03/04/congresso-decide-manter-vetos-de-bolsonaro-a-trechos-da-ldo-sobre-orcamento-impositivo.ghtml,1
8522,Covid-19: Enfermeiro distorce dados para dizer que ivermectina evita mortes  ,,falso afirmação enfermeiro vídeo facebook o ivermectina combater covid-19 o drogar salvo vidar haver estudo provar eficácia e o etiópia e o austrália caso coronavírus o profilático remédio.não haver pesquisar comprovar o sucesso ivermectina salvar vidar paciente covid-19 o estudar o enfermeiro citar vídeo chegar fase testar humano conformar o universidade monash responsável ensaiar informar o o tampouco etiópia e austrália distribuir ivermectina o população mencionar gravação governo país indicar o drogar combater doença e decretar diverso medir o vírus isolamento social e restrição viagem,saúde,19/08/2020 20h14 ,Covid: Arthur Weintraub insinua fraude sobre mortes com dado desatualizado  ,https://noticias.uol.com.br/comprova/ultimas-noticias/2020/08/19/covid-19-enfermeiro-distorce-dados-para-dizer-que-ivermectina-evita-mortes.htm,0
8523,agendar globalista editorial publicar pelar new york times apoiar o extinção raça humano,,o dia janeiro o site “ ovni hoje ” conhecer republicar texto cunhar ufológico e vezar conspiratório traduzindo-os parir o idioma publicar artigo intitular “ editorial new york times apoiar o extinção raça humanar “ o texto mencionar todd may supor professor químico universidade clemson “ argumentar o humanidade seriar ruim ” segundar o site “ o esquerdar o narrativo aquecimento global parir evocar o medo iminente extinção humanar haver ano declarar o humanidade seriar parir o planeta levar o agendar despovoamento global o totalmente ” segundar o site o jornal norte-americano new york times nyt o o publicar editorial praticamente endossar agendar,mundo,12/01/2019,marco faustino,https://www.e-farsas.com/agenda-globalista-um-editorial-publicado-pelo-new-york-times-apoiou-a-extincao-da-raca-humana.html,0
8524,"""É ruim andar pelo hospital e ver colegas chorando"", conta infectologista  ",,haver dia carolino mulher neurologista infantil santo casar vinícius spazzapan luzir o pequeno caetano filhar casal cecília ano e formar famema faculdade medicinar marília atua santo casar santo cecília região central capital paulista família mudar temporariamente chácara ficar casar o presença familiar linha frente combater covid-19 — doença causar coronavírus vinícius profissional saudar sofrer o distância família e amigo o neurologista tornar atormentador ficar e atua o crise o mulher grávido e o filho pequeno afastar início pandemia gripar conseguir o testar covid-19 ocasião redar particular o esposo vinícius levantar o isolamento rígido saudade d haver dia nenhum contato presencial basear fundir medo perder colega profissão causar covid-19 favorecer o ansiedade e aumentar o pressão comentar spazzapan,saúde,09/05/2020 04h03 ,Cleber Souza,https://noticias.uol.com.br/saude/ultimas-noticias/redacao/2020/05/09/longe-da-familia-e-pressao-a-rotina-de-medicos-de-sp-em-meio-a-covid-19.htm,1
8525,"Vacina de Oxford: Anvisa receberá documentos até 15 de janeiro, diz Fiocruz  ",,o presidente fiocruz fundação oswaldo cruz nísia trindade comemorar o aprovação reinar unir vacinar desenvolvido farmacêutico astrazeneca e universidade oxford dever o acordar transferência tecnologia o fiocruz produzir o imunizante brasil e prever concluir o enviar documento o vacinar o agência nacional vigilância sanitário anvisa janeiro o esperançar reanimar o notícia registrar vacinar astrazeneca brasil vacinar astrazeneca oxford fiocruz nísia trindade dia histórico elemento esperançar situação sofrimento esperançar ciência e visão saudar público vacinar eficaz alto qualidade vacinar adequar país população tamanho país diferençar regional e social vacinar adequar o único saudar o fiocruz prever produzir milhão dose vacinar o ingrediente farmacêutico ativo ifa importar semestre ano semestre milhão dose produzir inteiramente instituto tecnologia imunobiológicos bio-manguinhos vincular fundação,saúde,31/12/2020 11h00 ,Vinícius Lisboa,https://www.uol.com.br/vivabem/noticias/redacao/2020/12/31/vacina-de-oxford-anvisa-recebera-documentos-ate-15-de-janeiro-diz-fiocruz.htm,1
8526,Procuradores pedem suspensão de norma que ampliou uso da cloroquina  ,,procurador mpf ministério público federal oficiar recomendação o o ministério saudar pedir o pastar suspender dia o protocolo sugerir o cloroquina caso covid-19 maio o ministério passar o recomendar o aplicação cloroquina e hidroxicloroquina paciente sintoma leve o protocolo sugerir o combinação medicamento azitromicina orientação o redar público saudar assinar o recomendação procurador paulo sergipe rir janeiro e pernambuco o argumentar o protocolo ater critério mínimo segurança e eficácia o manifestação citar estudar publicar maio revisto científico lancet verificar o cloroquina aumentar o riscar morte arritimia paciente hospitalizar covid-19 mencionar o decisão oms organização mundial saudar suspender teste o medicamentar o coronavírus,saúde,30/05/2020 15h39 ,30/05/2020 15h39 ,https://noticias.uol.com.br/saude/ultimas-noticias/redacao/2020/05/30/procuradores-pedem-suspensao-de-norma-que-ampliou-uso-da-cloroquina.htm,1
8527,Paes: Não é admissível que áreas nobres continuem com irresponsabilidade  ,,"O prefeito do Rio, Eduardo Paes (DEM), criticou o comportamento de moradores de áreas nobres da cidade durante a pandemia do novo coronavírus. Boletim epidemiológico divulgado hoje mostrou que seis regiões administrativas do município (Copacabana, Lagoa, Tijuca, Vila Isabel, Barra da Tijuca e Rocinha) seguem na categoria de risco alto, enquanto as outras 27 passaram para o risco moderado. Apesar disso, toda a cidade foi mantida no nível de risco alto, por precaução, em razão das novas cepas do vírus. ""Repara que as áreas que estão com risco alto são as áreas mais ricas da cidade. Esse quadro é uma demonstração de que tem setores da nossa cidade ainda agindo com enorme irresponsabilidade (...) O sujeito que pega a porcaria do BRT lotado do jeito que está, que pega o trem (está) entrando em risco moderado"", disse. Não é admissível que nas áreas mais nobres da cidade, onde as pessoas têm mais condições, que a gente continue com essa irresponsabilidade Eduardo Paes, prefeito do Rio",saúde,19/02/2021 10h20 ,19/02/2021 10h20 ,https://noticias.uol.com.br/saude/ultimas-noticias/redacao/2021/02/19/paes-nao-e-admissivel-que-areas-nobres-continuem-com-irresponsabilidade.htm,1
8528,Eduardo Bolsonaro publica informação e foto erradas sobre Greta Thunberg  ,,o deputar federal eduardo bolsonaro psl-sp publicar informação deturpar o supor financiamento ativista climático sueco gretar thunberg responsável discurso contundente reunião clima onu organização nação unir n semana o postagem deputar twitter noite gretar financiar bilionário húngaro-americano george soro o foto postar o original trata-se montagem roubar infância ... o garoto financiar open society george soro pic.twitter.com/5czpdmd38o,entretenimento,26/09/2019 13h22Atualizada em 26/09/2019 16h24 ,Lucas Borges Teixeira,https://noticias.uol.com.br/confere/ultimas-noticias/2019/09/26/eduardo-bolsonaro-publica-informacao-e-foto-erradas-sobre-greta-thunberg.htm,0
8529,"Na Casa Civil, Braga Netto fortalece ala militar do governo e restringe ação de grupo ideológico", 13/02/2020 19h41 ,o confirmação general braga netto ocupar o cargo ministro-chefe casar civil fortalecer o alar militar governar restringir o ação chamar ideológico governar jair bolsonaro o percepção auxiliar presidente jair bolsonaro sinal claro rumar governar forte influência general e amigo o ministrar defeso fernando azevedo e silvar o ministrar secretariar governar luiz eduardo ramo e o futurar chefe casar civil braga netto movimentar bolsonaro sinal claro desejar blindar o palácio planalto influência político haver desconfortar o ministrar onyx lorenzoni deixar o casar civil e fortalecer cargo aproximar alar ideológico governar,política, 13/02/2020 19h41 , ,https://g1.globo.com/politica/blog/gerson-camarotti/post/2020/02/13/na-casa-civil-braga-netto-fortalece-ala-militar-do-governo-e-restrige-acao-de-grupo-ideologico.ghtml,1
8530,Brasileiro de 14 anos recebe R$ 130 mil como recompensa após ajudar Facebook a corrigir a falha no Instagram,"Problema teria permitido roubo de perfis por meio de links, mas descoberta trouxe solução sem deixar usuários em risco. ",o estudante mineiro andres alonso bie perez ano surpreender dia setembro o notícia receber prêmio us$ facebook recompensar descobrir falho segurança instagram e comunicar o problema equipar segurança empresar o facebook companhia possuir programar bug bounty premiar e recompensar informação vulnerabilidade serviço andres ficar oportunidade assistir o vídeo youtube esperar receber us$ encontrar e receber o notificação facebook e o esperar alto contar andres o o blog,política, 31/10/2020 07h00 , ,https://g1.globo.com/economia/tecnologia/blog/altieres-rohr/post/2020/10/31/brasileiro-de-14-anos-recebe-r-130-mil-como-recompensa-apos-ajudar-facebook-a-corrigir-a-falha-no-instagram.ghtml,1
8531,PF cumpre mandado de busca e apreensão na casa de blogueiro bolsonarista preso em inquérito sobre atos antidemocráticos,"Medida foi autorizada pelo ministro Alexandre de Moraes, do STF. Prisão temporária de Oswaldo Eustáquio vence no domingo (5).",o polícia federal cumprir n sexta-feira mandar buscar e apreensão casar blogueiro bolsonarista oswaldo eustáquio presar junho e investigar inquérito supremo tribunal federal stf apurar o organização e financiamento atos antidemocrático o medir autorizar ministrar relator inquérito supremo alexandre moraes o prisão eustáquio temporário e vencer domingo presar desdobramento investigação o pf riscar fuga o o prender o bolsonarista vídeo abaixar o procuradoria repúblico pgr eustáquio “ incluir núcleo produtor conteúdo relacionar operador pautar ofensivo o o democrático direito ”,política, 03/07/2020 13h35 ," Por Márcio Falcão e Fernanda Vivas, TV Globo — Brasília ",https://g1.globo.com/politica/noticia/2020/07/03/pf-cumpre-mandado-de-busca-e-apreensao-na-casa-de-blogueiro-bolsonarista-preso-em-inquerito-dos-atos-antidemocraticos.ghtml,1
8532,"

Coronel da Aeronáutica que não é bolsonarista grava áudio sobre o presidente #boato 
","Boato – Coronel da Aeronáutica Picollini, que não é bolsonarista, afirmou em áudio que Bolsonaro vai vencer as eleições de 2022.",“ ouvir o artista/ jornalistas/ imprensar comunista raivar bolsonaro secar o teta ouvir o análise coronel veterano aeronáutico picollini bolsonarista conhecedor estratégia guerra estudar o arte guerra sun tizu e imaginar o verdadeiro exército bolsonaro surpreender ouvir e o vídeo áudio parir ficar olhar o repórter raivar bolsonaro comedir o processar o jornalista agir comer o pj e cortar o verba imprensar e criar o motociatas e o povão comedir o gostar d jeito e estilar d o eleição esquerdo direito bolsonaro o medo esquerdo perder o eleição atrapalhar completamente o plano chino comunista stf pt pessoa andar lula ”,política,,"
Kyene Becker ",https://www.boatos.org/politica/coronel-aeronautica-que-nao-e-bolsonarista-grava-audio-sobre-presidente.html,0
8533,Aumento de casos de Covid-19 pode prolongar lockdown na França  ,,o imprensar francês destacar hoje o preocupação o prolongação lockdown colocar riscar festa ano frança pronunciamento oficial novembro o presidente francês emmanuel macron afirmar o isolamento acabar dezembro casar condição cumprir o paciente terapia intensivo abaixar 3.000 e caso contaminação diário ultrapassar 5.000,saúde,08/12/2020 10h36 ,08/12/2020 10h36 ,https://noticias.uol.com.br/ultimas-noticias/rfi/2020/12/08/aumento-de-casos-de-covid-19-pode-prolongar-lockdown-na-franca.htm,1
8534,É #FAKE que PT entrou com ação para derrubar 13º salário do Bolsa Família,"Mensagem falando sobre ação do PT que circula nas redes sociais é falsa. Nesta quinta (11), o governo Bolsonaro anunciou que o 13º será pago para beneficiários do programa a partir deste ano. ",circular rede social mensagem informar o pt entrar ação derrubar o pagamento 13º salário o beneficiário bolsar família anunciar governar federal n quinta-feira o mensagem fake o 13º fato anunciar n governar federal comprometer o pagar o benefício o d ano haver ação pt o medir noto publicar site oficial o pt afirmar mensagem circular mentiroso e desconectadas realidade,política, 12/04/2019, Por G1 ,https://g1.globo.com/fato-ou-fake/noticia/2019/04/12/e-fake-que-pt-entrou-com-acao-para-derrubar-13o-salario-do-bolsa-familia.ghtml,0
8535,Estado do Rio de Janeiro registra mais 129 mortes por covid-19  ,,o rir janeiro registrar morte covid-19 e 1.853 caso doença período horar boletim divulgar hoje secretariar estadual saudar 13.477 pessoa morrer função coronavírus rir somar 165.495 caso 1.014 morte investigar suspeito causar covid-19 e 141.413 paciente curar município concentrar morte covid-19 rir janeiro o capital 8.310 gonçalo duque caxias iguaçu joão meriti niterói campo goytacazes belford roxo itaboraí e magé município caso o rir janeiro 71.322 niterói 9.079 gonçalo 8.417 duque caxias 6.301 macaé 5.629 iguaçu 4.142 angra rei 3.817 voltar redondo 3.437 itaboraí 3.329 e campo goytacazes 3.020,saúde,31/07/2020 18h03 ,Fábio Grellet,https://noticias.uol.com.br/ultimas-noticias/agencia-estado/2020/07/31/estado-do-rio-de-janeiro-registra-mais-129-mortes-por-covid-19.htm,1
8536,"'Ainda bem' que o 'monstro' do coronavírus apareceu, diz Lula  ",,dia o brasil registrar morte coronavírus sars-cov-2 o ex-presidente luiz inácio lula silvar o monstro covid-19 aparecer o comentário lula acontecer durante entrevisto videoconferência o o jornalista minar cartar revisto cartar capital o ex-presidente celebrar o aparição coronavírus mostrar o necessidade presença pessoa achar bonito vender o público o público presto o natureza o vontade humanidade criar monstro chamar coronavírus monstro permitir cego começar o enxergar o capaz solução o determinar crise crise coronavírus o resolver lula.além polêmica declaração lula comentar o ex-presidente unir franklin roosevelt liderar o país e época acontecer o guerra mundial oportunidade lula questionar roosevelt preocupar o orçamentar união o déficit fiscal unir entrar conflito,saúde,20/05/2020 09h39 ,20/05/2020 09h39 ,https://noticias.uol.com.br/ultimas-noticias/ansa/2020/05/20/ainda-bem-que-o-monstro-do-coronavirus-apareceu-diz-lula.htm,1
8537,"Parece, mas não é: jovem que usa fuzil é sueca, porém não é Greta Thunberg  ",,o jovem ativista sueco gretar thunberg protagonizar evento envolver o brasil twitter n terça-feira verdadeiro e falso.o verdadeiro mudar o descrição contar pirralho o presidente jair bolsonaro referir publicamente o d maneiro,mundo,11/12/2019 04h02 ,"Colaboração para o UOL, em São Paulo",https://noticias.uol.com.br/confere/ultimas-noticias/2019/12/11/greta-thunberg-fuzil-armas-ativista-uol-confere.htm,0
8538,"Ajuda de setor privado na vacinação não seria imoral, diz Simon Schwartzman  ",,o sociólogo simon schwartzman especialista brasileiro político público educação ciência e tecnologia e autor diverso livro temer ciência universidade e ideologia e espaçar o ciência schwartzman presidente ibge instituto brasileiro geografia e estatístico e e membro academiar brasileiro ciência entrevisto o seguir analisar o aversão ciência governar jair bolsonaro impacto combater pandemia e defender o iniciativo privar contribuir o esforçar vacinação covid-19 país o senhor o empresar privar comprar vacinar e doar dose o o governar aplicar sus o população substituição papel,saúde,28/01/2021 04h02 ,28/01/2021 04h02 ,https://noticias.uol.com.br/colunas/diogo-schelp/2021/01/28/ajuda-de-setor-privado-na-vacinacao-nao-seria-imoral-diz-simon-schwartzman.htm,1
8539,Líder do governo no Senado defende reeleição para comando do Congresso  ,,o senador fernando bezerro coelho mdb-pe líder governar senado afirmar hoje favorável possibilidade reeleição presidência câmara e senado e elogiar o senador davi alcolumbre dem-ap eleger presidente articular e construir base câmara e senado e mandatar preciso enfrentar eleição mesa diretora achar sentir o gente reeleição indefinido reeleição presidente repúblico dever reeleição mesa diretoras congresso assembleia câmara municipal o senador entrevisto rádio bandeirante mostrar o estadão buscar tentativo reeleição o o comandar congresso alcolumbre intensificar aceno gestão jair bolsonaro absoluto controlo o pautar votação alcolumbre adir haver o análise veto polêmicos bolsonaro o evitar derrotar o o palácio planalto o governar retribuir aceno feito alcolumbre o líder bezerro pec o senador justificar o debater o reeleição preciso melhor esclarecer aplicar formar diferente âmbito federal estadual e municipal presidente assembleia mandato consecutivo e permitir legislatura reeleição questionar bezerro lembrar congresso o reeleição presidente autorizar legislatura diferente eleição,política,14/09/2020 10h23 ,Redação,https://noticias.uol.com.br/ultimas-noticias/agencia-estado/2020/09/14/lider-do-governo-no-senado-defende-reeleicao-para-comando-do-congresso.htm,1
8540,"Trump e Melania foram vacinados contra Covid-19 em janeiro, diz assessor","Eles receberam primeira dose quando ainda estavam na Casa Branca, mas não foi divulgado qual imunizante foi aplicado. Ex-presidente e ex-primeira dama tiveram a doença em outubro de 2020; Trump chegou a ser hospitalizado. ",o ex-presidente unir donald trump e mulher melania vacinar covid-19 janeiro assessor imprensar n segunda-feira 1º receber o dosar casar branco divulgar época informar o vacinar receber – laboratório pfizer moderno – o casal tomar o dosar trump melania covid-19 outubro o ex-presidente chegar o hospitalizar e o ex-primeira-dama sintoma leve e tratar casar o filhar casal baron o doença receber alto trump imune doença o corretar contaminar e covid-19,saúde, 01/03/2021 19h36 , Por G1 ,https://g1.globo.com/mundo/noticia/2021/03/01/trump-e-melania-foram-vacinados-contra-covid-19-em-janeiro-diz-assessor.ghtml,1
8541,F1 esvaziará grid pré-largada e pode ficar sem pódio por causa da covid-19  ,,o calendário o único mudança passar o fórmula pandemia coronavírus o categoria admitir mudar protocolo prêmio o grid largar o cerimônia pódio diretor esportivo f-1 ross brawn descrever hoje mudança o o site oficial categoria grids tradicionalmente repleto mecânico jornalista e convidar largar o idear esvaziar o tendência ficar piloto e reduzir profissional equipar dever implementação procedimento precisar seguro e protegido situação covid-19 argumentar brawn hábito passar simplesmente feito o grid abarrotar característico corrido fórmula simplesmente acontecer etapa cerimonial pré-corrida alterar o execução hino nacional etapa reunir piloto e presente e o tradicional desfilar competidor caminhão carro clássico descartar,saúde,12/06/2020 13h38Atualizada em 12/06/2020 16h26 ,12/06/2020 13h38Atualizada em 12/06/2020 16h26 ,https://www.uol.com.br/esporte/f1/ultimas-noticias/2020/06/12/do-grid-ao-podio-coronavirus-deve-causas-mudancas-em-gps-de-formula-1.htm,1
8542,"Com prejuízos por pandemia, PSG pode renovar com Thiago Silva  ",,o zagueiro thiago silvar contratar o parir saint-germain e definir futurar permanecer clube francês o jornal espanha parisiense estudar o renovação defensor temporada o clube reticente conseguir o contratação outro zagueiro janela transferência o disseminação coronavírus trazer prejuízo o times o mundo pensar n o diretor leonardo estender o vínculo brasileiro,saúde,19/04/2020 09h33 ,19/04/2020 09h33 ,https://www.uol.com.br/esporte/futebol/ultimas-noticias/lancepress/2020/04/19/thiago-silva-pode-renovar-contrato-com-o-paris-saint-germain.htm,1
8543,"'Ninguém está pensando em relaxar o isolamento', diz Nelson Teich  ",,o ministrar saudar nelson teich afirmar hoje entrevisto coletiva ações combater o o coronavírus falar relaxar medir isolamento social pregar cautela o o tratar assunto e afirmar o abordagem flexibilização superficial ninguém pensar relaxar o isolamento o gente criar diretriz declarar teich observar o diretriz equivalente o orientação recomendação e pesar população pessoa pensar variável e pensar algum político desenhar algum futurar e segurança necessário liberar diretriz d soar orientação recomendação ruim o o casar afirmar o ministrar,saúde,30/04/2020 18h39 ,30/04/2020 18h39 ,https://noticias.uol.com.br/saude/ultimas-noticias/redacao/2020/04/30/ninguem-esta-pensando-em-relaxar-o-isolamento-diz-ministro-da-saude.htm,1
8544,'10 vezes mais do que os EUA': por que Brasil tem tantas mortes de bebês por Covid-19,"Desde início da pandemia, 420 bebês morreram em decorrência da covid-19 no Brasil, contra 45 nos EUA; descontrole, falta de diagnóstico, comorbidades e pobreza explicam quadro trágico brasileiro","o início pandemia covid-19 bebês morrer decorrência coronavírus brasil aproximadamente o unir país o óbito doença acordar oficiar o cdc centro controlo e prevenção doença norte-americano bebês criança ano perder o vidar infecção vírus criança o ano o discrepância país ficar nítido morte covid-19 brasil unir o o atualmente eua o morto covid-19 — seguir brasil 270,6 e méxico 191,8 universidade johns hopkins o taxar mortalidade norte-americana vírus 161,28 habitante alto o brasileiro 128,12 habitante",saúde, 13/03/2021 08h12 ," Por Luis Barrucho, BBC ",https://g1.globo.com/bemestar/coronavirus/noticia/2021/03/13/10-vezes-mais-do-que-os-eua-por-que-brasil-tem-tantas-mortes-de-bebes-por-covid-19.ghtml,1
8545,"
  Suécia zerou mortes por covid-19, mas é incorreto atribuir o dado a um só fator, segundo especialistas","Publicações que afirmam que a Suécia teria zerado o número de mortes por covid-19, mesmo tendo sido “ridicularizada” pela estratégia de não aplicação de lockdowns, têm circulado nas redes sociais, ao menos, desde 24 de julho de 2021. As alegações, compartilhadas mais de 3.500 vezes, são, no entanto, enganosas e omitem o fato de que o país já tem uma parcela significativa da população vacinada. Especialistas destacaram à AFP a importância da imunização para a diminuição do número de óbitos e afirmaram que, até o momento, não é possível garantir quais estratégias foram responsáveis pela queda dessa taxa. De acordo com dados oficiais, mais de 50% da população da Suécia está imunizada.Envie-nos por WhatsApp Email",“ suécio o contraponto umar europa assustar e desinformar mostrar reduzir morte lockdown e o ‘ ficar casar ’ indiscriminado o provar concreto outro mundo ” indicar umar postagens o twitter “ vivo o suécia país sábio o o não seguir o lockdown malucar umar ‘ ciência ’ não comprovar isolamento critério o suécio adotou o distanciamento social comer alternativo abrir mão liberdade individuar e comerciar empresar escola e templo religioso ... ” afirmar usuário o facebook o início pandemia o estratégia controlo epidemiológico adotadas pelar suécio alvo discussão o país optar pelar implementação lockdowns adotando medir rígido o outro país europeu,mundo,3/08/2021 às 22:49,AFP Brasil,https://checamos.afp.com//http%253A%252F%252Fdoc.afp.com%252F9JR9LN-1,0
8546,"

Funcionário da Budweiser admite ter feito xixi na cerveja durante 12 anos #boato 
","Boato – Walter Powell, funcionário da cervejaria Budweiser, admitiu que, por 12 anos, fez xixi nos tanques de cerveja da fábrica.",o funcionário budweiser walter powell afirmar mijar tanque cervejar budweiser ano o ano walter querer esclarecer dúvida o sabor budweiser e afirmar haver década engarrafamento.walter explicar trabalhar budweiser brewery experience fort collins co o restante budweiser fabricar cidade livrar irritação “ roleta russo s amigo e pedir o budweiser e mim coitar ” entanto cervejar budweiser feito budweiser brewery experience modo beber o mijar walter …,mundo,07/07/2020,"
Edgard Matsuki ",https://www.boatos.org/mundo/funcionario-budweiser-admite-feito-xixi-cerveja-12-anos.html,0
8547,Itamaraty vira ‘bunker’ de olavistas no governo  ,,tonelada material combater o o coronavírus doar embaixador chinês yang wanming o o brasil quinta-feira o cerimônia online contar o presença parlamentar e assessorar governar o ausência chanceler ernesto araújo provocar incômodo especialmente tratar parceiro comercial importante o país posturar chanceler desagradar o político aliar e o integrante governar buscar convencer jair bolsonaro o desmontar bunker ideológico gestão sair melhorar o mau imagem o mundo hoje governar o presidente frente parlamentar brasil-china deputar fausto pinato pp-sp perdoar o araújo encontrar organizar haver o chanceler representar diretor agência brasileiro cooperação embaixador ruy pereira aparecer diplomata representar o itamaraty outro o ministério saudar e o vice-presidência o senhor ernesto araújo contar pinato participar videoconferência caro quebrar o país o europa e israel o criticar visto ambientar e ajudar buscar investimento botar embaixador trabalhar ficar presar ideológico março o chanceler haver envolver polêmica diplomático o wanming o o exigir retratação embaixador publicar texto rebater declaração deputar eduardo bolsonaro psl-sp o imbróglio ocorrer o filhar presidente acusar o chino omitir informação o covid-19 wanming reagir eduardo contrair vírus mental o o voltar miami unir o interlocução itamaraty o parceiro chinês ocorrer outro país asiático receber credencial presidente jair bolsonaro palácio planalto abril o embaixador irã brasil hossein gharibi videoconferência o ministro agricultura tereza cristina e o vice-presidente hamilton mourão pedir encontrar ernesto araújo dever sintonia chanceler o olavismo-trumpismo,política,05/07/2020 16h00 ,Felipe Frazão,https://noticias.uol.com.br/ultimas-noticias/agencia-estado/2020/07/05/itamaraty-vira-bunker-de-olavistas-no-governo.htm,1
8548,"
  Cédulas enterradas nos EUA não haviam sido preenchidas e foram devolvidas antes da votação","Publicações compartilhadas milhares de vezes em redes sociais em meio à apuração de votos da eleição presidencial norte-americana afirmam que cédulas preenchidas a favor do candidato à reeleição, o republicano Donald Trump, teriam sido encontradas enterradas no estado do Arizona. A foto que embasa a alegação mostra, contudo, cédulas para votação por correio que não haviam sido preenchidas e foram devolvidas aos respectivos eleitores antes do encerramento da votação.Envie-nos por WhatsApp Email",“ arizona-eua voto pró-trump achar enterrar ” publicação compartilhar facebook e twitter horar juntar o imagem envelope chão terra o conteúdo emespanhol e bósnio comedir o circular o apuração voto eleição presidencial novembro unir indicar vantagem candidatar democrata joe biden e donald trump denunciar suposto fraudar eleitoral processo buscar reverso google imagem viralizada mostrar o foto retratar voto o atual presidente norte-americano outro candidatar,política,5/11/2020 às 16:48,AFP Brasil,https://checamos.afp.com//cedulas-enterradas-nos-eua-nao-haviam-sido-preenchidas-e-foram-devolvidas-antes-da-votacao,0
8549,"Espanha anula proibição a voos da Itália, mas turismo ainda é inviável  ",,o espanha suspender n terça-feira proibição o voo e navio vir diretamente itália vigorar março deter o coronavírus restrição o o turismo e quarentenar dia viajante exterior continuar vigor taxar mortalidade reduzir covid-19 incentivar o espanha o começar o relaxar isolamento rígido europa o economia dependente turismo provavelmente esperar o junho voltar o receber turista o primeiro-ministro pedrar sánchez pedir o o parlamentar prorrogar datar o emergência ajudar o limitar infecção criar restrição inédito fronteiro e circulação provocar estrago econômicos o rádio cadena noticiar o gabinete aproveitar reunião d terça-feira debater prorrogação junho o porta-voz governar responder o pedir comentário,saúde,19/05/2020 12h18 ,19/05/2020 12h18 ,https://www.uol.com.br/nossa/noticias/reuters/2020/05/19/espanha-anula-proibicao-a-voos-da-italia-mas-turismo-ainda-e-inviavel.htm,1
8550,"

Marilena Chauí, do PT, é flagrada bêbada após causar acidente de trânsito, mostra vídeo #boato 
","Boato – Vídeo mostra petista “da classe alta” Marilena Chauí bêbada depois de bater em uma moto, tentar empurrar policiais e ser detida.",versão “ o marilena chauí classe alto o nato pt vídeo rodar o país inteirar repassar o pessoa ”,política,09/03/2020,"
Kyene Becker ",https://www.boatos.org/politica/marilena-chaui-pt-bebada-acidente-transito-video.html,0
8551,Câmara aprova texto base da PEC do Orçamento de Guerra em 1º turno  ,,o câmara deputar aprovar turno n segunda-feira o texto base pec proposto emendar constituição nº pec orçamentar guerra necessário o votação proposto mudança texto concluir o votação turno o aprovação proposto depender turno votação o proposto dividir o orçamentar união facilitar o gestão durante o crise coronavírus e misturar gasto direcionados o o enfrentamento pandemia despesa governar o criação orçamentar guerra o governar precisar cumprir o lei responsabilidade fiscal e o regrar ourar estabelecer limite recurso público e punição casar descumprimento,saúde,04/05/2020 18h28 ,Antonio Temóteo,https://economia.uol.com.br/noticias/redacao/2020/05/04/camara-aprova-texto-base-da-pec-do-orcamento-de-guerra-em-1-turno.htm,1
8552,Grupo pede a embaixador chinês informações sobre insumos para vacina  ,,o parlamentar brasil-china enviar ofício o o embaixador chino yang wanming apelar compreensão humanístico buscar informação o fluxo insumo o produção vacinar o covid-19 o brasil preciso d insumo produzir o vacinar o coronavírus domingo o agência vigilância sanitário anvisa autorizar o emergencial vacinar coronavac e oxford astrazeneca ofício o presidente parlamentar congresso senador roberto rocha psdb-ma admitir o relacionamento brasil e chino afetado impasse diplomático o governar brasileiro crítico o o país asiático ano passar avaliar desentendimento representar fecundo cooperação realizar diverso o restabelecimento diplomático nação,saúde,20/01/2021 11h05Atualizada em 20/01/2021 11h05 ,20/01/2021 11h05Atualizada em 20/01/2021 11h05 ,https://noticias.uol.com.br/saude/ultimas-noticias/redacao/2021/01/20/grupo-pede-a-embaixador-chines-informacoes-sobre-insumos-para-vacina.htm,1
8553,É #FAKE que vídeo de militares que termina em disparo foi gravado na Venezuela e mostra reação de soldado ao governo Maduro,Texto compartilhado junto com vídeo diz que a gravação foi feita na Venezuela. Não é verdade; vídeo é de uma campanha na Colômbia e tiro não é real.,circular rede social vídeo militar discutir e durante o brigar homem disparar o outro o mensagem compartilhar juntar o vídeo o registrar venezuela e militar recusar o maltratar o morto fome o tirar real e o mensagem fake o vídeo gravar fevereiro e campanha interno exército colômbio chamar yo tengo el control o controlo tradução o português haver o venezuela haver teor político gravação,mundo, 08/05/2019," Por Gabriela Caesar, G1 ",https://g1.globo.com/fato-ou-fake/noticia/2019/05/08/e-fake-que-video-de-militares-que-termina-em-disparo-foi-gravado-na-venezuela-e-mostra-reacao-de-soldado-ao-governo-maduro.ghtml,0
8554,o cidade lourenço zerou o internação covid graça o o tratamento precoce,será verdade que o prefeito da cidade mineira de são lourenço conseguiu acabar com os casos de internações em uti por covid graças ao tratamento precoce?,o publicação espalhar rede social e whatsapp quinzena março e rapidamente tornar assunto comentar twitter acordar o texto acompanhar vídeo o cidade lourenço sul minar gerar – zerado internação leito uti adotar tratamento precoce o coronavírus,saúde,16/03/2021,gilmar lopes,https://www.e-farsas.com/a-cidade-de-sao-lourenco-zerou-as-internacoes-por-covid-gracas-ao-tratamento-precoce.html,0
8555,Eleição desta terça dá maioria a 'independentes' e reduz espaço de Aras no Conselho Superior do MP,"Eleição foi interpretada como um recado sobre a insatisfação da categoria com o atual chefe do Ministério Público Federal, o procurador-geral da República, Augusto Aras.",o eleição n terça-feira integrante o superior ministério público federal resultar composição totalmente alinhar o o procurador-geral repúblico augusto arar temer o chefe mpf o acompanhar colegiado ficar minoria chamar independente considerar sensível o pleito base categoria o superior mpf integrante — o arar — e o órgão responsável decidir principal administrativo instituição n terço eleito o subprocurador-geral repúblico josé bonifácio andrada e reconduzir o subprocuradora-geral repúblico maria caetana cintra santo voto,política, 30/06/2020 20h36 ," Por Márcio Falcão e Fernanda Vivas, TV Globo — Brasília ",https://g1.globo.com/politica/noticia/2020/06/30/eleicao-desta-terca-da-maioria-a-independentes-e-reduz-espaco-de-aras-no-conselho-superior-do-mp.ghtml,1
8556,Maia: Impeachment não deve estar na pauta hoje nem na dos próximos anos  ,,o presidente câmara deputar rodrigar maio dem-rj afirmar o debater processar impeachment presidente jair bolsonaro pautar hoje ano deus querer achar assunto ordem dia hoje pautar hoje e deus querer pautar ano maio entrevisto globonews o brasil melhor o gente conseguir aproveitar o crise normalizar e construir ponte completar o o mencionar o árbitro processar maio discussão simples e precisar responsabilidade destacar difícil ficar colocar opinião o assunto,saúde,07/05/2020 22h18 ,07/05/2020 22h18 ,https://noticias.uol.com.br/ultimas-noticias/reuters/2020/05/07/maia-impeachment-nao-deve-estar-na-pauta-hoje-e-nem-na-dos-proximos-anos.htm,1
8557,Prefeitura do Rio vacina pessoas com 67 anos ou mais na próxima semana  ,,o cidade rir janeiro vacinar pessoa ano idade semana o informação divulgar perfil prefeito eduardo paes twitter hoje inicialmente o idear vacinar pessoa o ano idade o dia abril dose garantir decidir antecipar o calendário dia o calendário prever o vacinação seguinte datar dia ano dia ano dia ano 1º abril ano dia ano e dia repescagem ano,saúde,26/03/2021 17h43 ,26/03/2021 17h43 ,https://noticias.uol.com.br/ultimas-noticias/agencia-brasil/2021/03/26/prefeitura-do-rio-vacina-pessoas-com-67-anos-ou-mais-na-proxima-semana.htm,1
8558,"À véspera de reunião com Bolsonaro, Pacheco cita caminho de 'união ou caos'  ",,véspera reunião o presidente repúblico jair bolsonaro e representante o presidente senado rodrigar pacheco dem-mg afirmar haver tomar brasil pandemia coronavírus o união nacional o caos nacional e acrescentar optar união haver perseguir brasil n o união nacional o caos nacional caber o decidir e o decisão união nacional tornar enfrentamento pandemia declarar live promovido jornal correar braziliense o presidência repúblico confirmar hoje o reunião incentivar pacheco firmar espécie pacto nacional combater pandemia país ações e discurso coordenar o encontrar acontecer amanhã s 8h palácio alvorar brasília,política,23/03/2021 15h46Atualizada em 23/03/2021 19h42 ,Luciana Amaral,https://noticias.uol.com.br/politica/ultimas-noticias/2021/03/23/a-vespera-de-reuniao-com-bolsonaro-pacheco-cita-caminho-de-uniao-ou-caos.htm,1
8559,"
  A mulher fotografada enquanto se vacina contra a covid-19 não perdeu o bebê “dias depois”","Uma mulher vestida com um uniforme médico sorri para a câmera enquanto segura uma ultrassonografia na mão esquerda. No braço direito, recebe uma injeção. Essa imagem somou centenas de interações desde o início de fevereiro, em publicações que afirmam que, após ser vacinada, perdeu o seu bebê de 14 semanas. Mas, na verdade, a protagonista da cena não é a mesma identificada nas postagens e, além disso, ela confirmou em suas redes sociais que está saudável e que sua gestação evolui normalmente após ter sido vacinada contra a covid-19.Envie-nos por WhatsApp Email",o foto compartilhar facebook twitter instagram e site acompanhar diverso alegação tratar médico “ sarar beltrán ponce milwaukee eua grávido semana ” e “ dia o vacinação abortar perder eva futuro filho ” “ pesquisador norte-americana abortar espontâneo tomar o vacinar covid-19 ” e “ enfermeiro grávido ” postagens comum o atribuição o sarar beltrán ponce nome explicitamente mencionar capturar tela tuítes usuário nome acompanhar o imagem mulher vacinar publicação similar circular idioma espanhol inglês e francês,saúde,18/03/2021 às 21:13,"Nadia Nasanovsky, AFP Argentina",https://checamos.afp.com//mulher-fotografada-enquanto-se-vacina-contra-covid-19-nao-perdeu-o-bebe-dias-depois,0
8560,Delegado da PF citado em inquérito recebeu maior homenagem da Alerj a pedido de Flávio Bolsonaro,Medalha Tiradentes foi concedida a Márcio Derenne em 2008. Ligação entre delegado e Flávio foi citada nesta terça-feira (19) em depoimento de diretor-executivo da PF.,o delegar polícia federal márcio derenne receber o homenagem assembleia legislativo rir janeiro alerj o medalhar tiradendes o honrar concedido o pedir deputar estadual flávio bolsonaro o projeto lei conceder o medalhar assinar conjuntar o deputar josé nader o homenagem reforçar o ligação delegar derenne o família bolsonaro proximidade mencionar depoimento inquérito investigar suspeito tentativo interferência presidente jair bolsonaro pf derenne citar n terça-feira depoimento ex-superintendente pf rir e atual diretor executivo instituição carlos henrique oliveira,política, 20/05/2020 07h39 ," Por Camila Bomfim, TV Globo — Brasília ",https://g1.globo.com/politica/noticia/2020/05/20/delegado-da-pf-citado-em-inquerito-recebeu-medalha-tiradentes-a-pedido-de-flavio-bolsonaro.ghtml,1
8561,Auxílio: Bolsonaro diz que manter benefícios seria 'caminho para insucesso'  ,,citar nome o presidente jair bolsonaro hoje perpetuar o auxílio emergencial brasil socorrer financeiro criar governar apoiar o população afetada pandemia coronavírus trabalhador informar e família render afirmar e viver d o sucesso popularidade auxílio criar inicialmente o r$ e pagamento fatores ajudar o alavancar o campanha bolsonaro reeleição o presidente outro impossível prorrogar o mecanismo transferência render riscar dano irreversível economia nacional,política,01/12/2020 11h39Atualizada em 01/12/2020 13h49 ,Hanrrikson de Andrade,https://economia.uol.com.br/noticias/redacao/2020/12/01/bolsonaro-diz-que-alguns-querem-perpetuar-beneficio.htm,1
8562,haver fraudar ex-candidata apoiar bolsonaro curitiba pr,"por volta das 23h do dia 23 de novembro de 2020, o perfil do blogueiro oswaldo eustáquio, no twitter (arquivo), disseminou que havia sido comprovada uma fraude nas eleições municipais de 2020! inicialmente, segundo o perfil, uma candidata a vereadora de curitiba/pr teria obtido 978 votos, mas aparecia no site do tse com 1.956 votos.",o ex-candidata chama-se paula milani ativista e apoiadora presidente jair bolsonaro o indicação presidente jair bolsonaro lives eleitoral o opção capital paraná o ministério público apurar haver irregularidade lives presidente,política,25/11/2020,marco faustino,https://www.e-farsas.com/nao-houve-fraude-contra-ex-candidata-apoiada-por-bolsonaro-em-curitiba-pr.html,0
8563,"EUA: 3,8 milhões de pedidos de seguro-desemprego  ",,"unir registrar 3,8 milhão pedir seguro-desemprego semana terminar abril elevar o milhão mear março",saúde,30/04/2020 15h50 ,30/04/2020 15h50 ,https://noticias.uol.com.br/videos/afp/2020/04/30/eua-38-milhoes-de-pedidos-de-seguro-desemprego.htm,1
8564,"Covid-19: ar fresco, a subestimada - e poderosa - arma para reduzir o contágio pelo coronavírus  ",,manter ventilação reduzir o riscar infecção coronavírus pesquisar especialista defender destacar o mensagem médico o idear pessoa manter janela fechar o cabeça explodir raivar e engenheiro envergonhar o família restaurante o o aumentar o ventilação ar fresco,saúde,28/12/2020 16h41 ,David Shukman ,https://www.uol.com.br/vivabem/noticias/bbc/2020/12/28/covid-19-ar-fresco-a-subestimada---e-poderosa---arma-para-reduzir-o-contagio-pelo-coronavirus.htm,1
8565,verdade umar cobra-cega gigante encontrar o colômbio,,fornecer nenhum link alegar basear texto publicar o portal g1 site jornal folhar paulo e o site national geographic o página divulgar o supor imagem d “ cobrar cegar gigante ”,entretenimento,19/07/2020,marco faustino,https://www.e-farsas.com/sera-verdade-que-uma-cobra-cega-gigante-foi-encontrada-na-colombia.html,0
8566,"

Lula proibiu aplicação de vacina contra meningite no SUS em 2010 #boato 
","Boato – Em 2010, o ex-presidente Lula proibiu a aplicação da vacina contra meningite no Brasil. Anos depois, seu neto morreu por causa disso.",lula presidente vetar o projeto lei incluir vacinar calendário redar público saúde.(edição dia 10/12/2010 vacinar hepatite o meningocócica conjugar c pneumocócica conjugar valente varicela e pneumococo maldade proibir o distribuição vacinar o população infelizmente efeito bumerangue o sr.lula gilmar mendes pedir arrego o o lula enterrar neto acometer meningite vacinar o avô proibir ..,política,03/03/2019,"
Edgard Matsuki ",https://www.boatos.org/politica/lula-proibiu-aplicacao-vacina-meningite.html,0
8567,Partidos pedem no STF extinção de decreto que travou multas ambientais  ,,oposição o o governar jair bolsonaro congresso psb psol pt e redar ajuizar n quarta-feira adpf arguição descumprimento preceito fundamental stf supremo tribunal federal pedir o inconstitucionalidade decretar presidencial abril alterar o cobrança multar crime ambientar país emitir órgão fiscalização governar federal ibama e icmbio o decretar assinar bolsonaro criar o chamar conciliação ambiental inovação ministrar ambientar ricardo salles o multar direito o audiência conciliação servidor ibama e icmbio o multar oficializar recurso o adpf protocolada base estudo técnico realizar oc observatório clima coalizão formar organização governamental o oc o decretar bolsonaro prático parar o cobrança multar ibama e icmbio haver ano incentivar o crime,política,22/10/2020 11h04 ,22/10/2020 11h04 ,https://noticias.uol.com.br/colunas/rubens-valente/2020/10/22/partidos-governo-bolsonaro-meio-ambiente-ibama-multas.htm,1
8568,"

Bebê está morrendo de câncer e mãe pede que você compartilhe foto com cinco grupos no Facebook #boato 
","Boato – Mãe pede que você compartilhe a foto do “bebê que está morrendo de câncer” em cinco grupos no Facebook para termos mais orações. Se você não compartilhar, não tem coração.",beber morrer câncer pedir oração ajudar o compartilhar facebook obter oração coração ignorar compartilhar,entretenimento,08/09/2020,"
Edgard Matsuki ",https://www.boatos.org/tecnologia/bebe-morrendo-cancer-mae-pede-compartilhe-foto-cinco-grupos-facebook.html,0
8569,"Bolsonaro critica Facebook e diz que ""o certo"" é tirar jornais de circulação  ",,o presidente jair bolsonaro criticar n segunda-feira o facebook e defender o aumentar tributação rede social brasil reclamação político mídias social o disseminação notícia falso o mandatário o certar tirar circulação veículo folhar o globo o s. paulo e o site o antagonista,política,15/02/2021 21h14 ,15/02/2021 21h14 ,https://noticias.uol.com.br/videos/2021/02/15/bolsonaro-critica-facebook-e-diz-que-o-certo-e-tirar-jornais-de-circulacao.htm,1
8570,São Paulo deve adotar decisão unilateral para a redução de salários do time  ,,o paulo estudar maneiro minimizar efeito crise financeiro causar paralisação competição decorrência pandemia coronavírus pacote medir o clube apresentar planar redução salarial jogador teto r$ — receber cortar o ofertar recusar atleta o tricolor paulista apurar o uol esporte dispor o colocá-la prático dirigente discutir internamente o melhor seguir o linha defendido diretores o impor o desejar clube o atlético-mg casar o equipar belo horizonte diminuir rendimento atleta ouvir ajustar o situação situação tricolor jogador preferir entrar féria dia decidir seguir cenário definir competição retomar questionamento atleta o existência débito aberto o tricolor caso direito imagem o clube querer arcar dívida pagar dia direito,saúde,03/04/2020 11h41 ,José Eduardo Martins e Ricardo Perrone,https://www.uol.com.br/esporte/futebol/ultimas-noticias/2020/04/03/sao-paulo-nao-descarta-decisao-unilateral-para-reducao-de-salarios-do-time.htm,1
8571,"É #FAKE que isolamento social faça contaminados respirarem o próprio vírus, aumentando, assim, a carga viral","Mensagem falsa induz pessoas doentes a sair de casa, o que contraria o que é preconizado pelas autoridades de saúde.",circular rede social pessoa contaminar coronavírus isolar casar evitar o propagação vírus o carga viral aumentar “ autocontaminação ” o mensagem circular acompanhar reportagem o chamar imunidade rebanhar e induzir o pensar contaminar abandonar o distanciamento social – preconizar autoridade saudar conter o disseminação vírus o legendar “ óbvio o itália o provar pessoa trancar casar respirar o vírus aumentar o carga viral covid-19 gerar espécie superdosagem e tornar o gripar chinês levar gravar fatal ”,saúde, 16/07/2020," Por Roberta Pennafort, CBN ",https://g1.globo.com/fato-ou-fake/noticia/2020/07/16/e-fake-que-isolamento-social-faca-contaminados-respirarem-o-proprio-virus-e-assim-aumentam-carga-viral.ghtml,0
8572,14 x 1: STJ confirma afastamento de Witzel do governo do Rio  ,,o cortar especial stj superior tribunal justiçar manter o afastamento cargo governador rir wilson witzel psc dia sessão hoje ministro votar o decisão relator ministrar benedito gonçalves afastar witzel semana passar e ministrar contrário medir o votar relator processar referendar ministro — necessário mínimo voto cortar composto ministro apesar placar o decisão monocrática gonçalves afastar witzel sexta-feira alvo crítico o o sessão realizar videoconferência o ministrar sergio kukina defender o prisão preventivo witzel votar vencer 2.set.2020 sessão cortar especial stj analisar decisão afastar wilson witzel governar rir imagem gustavo limar stj benedito gonçalves votar afastamento witzel cargo ministro francisco falcão nancy andrighi laurita vaz maria thereza assis mouro og fernandes luís felipe salomão mauro campbell marcar raúl araújo isabel gallotti antonio carlos ferreiro marcar buzzi sergio kukina e o presidente stj humberto martim,política,02/09/2020 18h17Atualizada em 02/09/2020 21h15 ,Felipe Amorim e Igor Mello,https://noticias.uol.com.br/politica/ultimas-noticias/2020/09/02/stj-julgamento-wilson-witzel.htm,1
8573,Senado proíbe fechamento de hospitais de campanha  ,,o senado aprovar hoje projeto lei proibir o desativação hospital campanha haver localidade implantar amplo vacinação o coronavírus acordar o texto aprovar o amplo vacinação referir o população brasileiro o projeto seguir o câmara d hospital campanha desativados determinar município casar haver leito disponível redar saudar o relator projeto marcelo castrar mdb-pi acatar emendar estabelecer critério condicionante específico fechamento hospital campanha castrar valorizar o importância hospital campanha o atendimento população o instituição hospital campanha medir importância assegurar o manutenção assistência prestar frente o demandar decorrente surtir covid-19 brasil e prosseguir unidade saudar o o acolherar caso leve e moderar virose oferecer imprescindível suportar redar saudar convencional o demasiadamente sobrecarregar caso grave doença,saúde,10/02/2021 20h19 ,10/02/2021 20h19 ,https://noticias.uol.com.br/ultimas-noticias/agencia-brasil/2021/02/10/senado-proibe-fechamento-de-hospitais-de-campanha.htm,1
8574,"

Operação Storm é deflagrada no Brasil e 24 governadores e ministros do STF serão presos #boato 
","Boato – A Operação Storm acabou de ser deflagrada no Brasil. Ao todo, 24 governadores, ministros do STF, Rodrigo Maia e Davi Alcolumbre tiveram a prisão decretada.",ministro damares garantir governador e prefeito preso operação storm durante o chegar o o brasil responder o o tribunal internacional haia e onu organização mundial direito humano gravar violação direito civil prefeitura governador obs olhar o caro sérgio morar safar gigante noite expedir prisão governador ministro deputar maio alcolumbre operação storm glória o deus brigar yausha.protocolado pedir prisão stm superior tribunal militar pedir protocolado stm prisão governador senador prisão o presidente senado federal o senador davi alcolumbre o presidente câmara deputar rodrigar maio e prefeito cidade importante brasil chegar linha brasil mostrar o caro,política,24/05/2020,"
Edgard Matsuki ",https://www.boatos.org/politica/operacao-storm-deflagrada-brasil-24-governadores-ministros-stf-presos.html,0
8575,CGU investiga suspeitas de vacinação em nomes de pessoas mortas  ,,"o cgu controladoria-geral união investigar suspeito irregularidade âmbito programar nacional operacionalização vacinação o covid-19 o cruzamento identificar cercar inconsistência o representar 0,5 total milhão dose considerar universo análise haver caso vacinar aplicar pessoa constar falecido informação mortalidade ministério saudar datar emissão declaração óbito anterior o o início vacinação haver pessoa possuir registro vacinação vacinar utilizar o dever aplicar dose ... ler íntegro uol",política,26/03/2021 14h26 ,26/03/2021 14h26 ,https://noticias.uol.com.br/colunas/reinaldo-azevedo/2021/03/26/cgu-investiga-suspeitas-de-vacinacao-em-nomes-de-pessoas-mortas.htm,1
8576,Filas para comprar oxigênio crescem no Peru com segunda onda da pandemia  ,,o peru voltar o registrar longo filar pessoa comprar cilindrar oxigênio medicinal quinta-feira morte e caso confirmar covid-19 aumentar preocupante o chegar onda pandemia definitivamente o demandar disparar e o vender oxigênio aumentar o fábrica fechar haver o suficiente atender o público afp gabriel cárdeno coproprietário pgo empresar comercializar oxigênio limar dia o demandar quintuplicar piorar dia chegar contar onda prever cárdeno,saúde,21/01/2021 20h03 ,21/01/2021 20h03 ,https://noticias.uol.com.br/ultimas-noticias/afp/2021/01/21/filas-para-comprar-oxigenio-crescem-no-peru-com-segunda-onda-da-pandemia.htm,1
8577,"

PSOL pede no STF banheiros unissex nas escolas e obrigatoriedade da ideologia de gênero #boato 
",Boato – PSOL exige no STF a implementação de banheiros unissex e a obrigatoriedade da ideologia de gênero nas escolas. ,“ atenção senhor pai … o psol demônio entrar pedir stf voltar o ideologia gênero escola banheiro unissex e o voltar peladões criança arte e o stf julgar aberração dia 11/11/ permanecer atento ” “ pensar cair terra o ideologia gênero “ ” o psol continuar lutar destruir criança psol banheiro único escola menino e menino ” “ e vergonha o psol pressão tribunal supremo incluir lei diretrizes basica educação gênero e escola banheiro feminino e masculino .mas banheiro unissex ” “ stf votar obrigatoriedade ideologia gênero ação psol psol protocolou ação stf o obrigatoriedade ideologia gênero escola si desastroso o país comércio empresar e etc banheiro unissex gravidade d projeto ”,política,28/10/2020,"
Kyene Becker ",https://www.boatos.org/politica/psol-pede-stf-banheiros-unissex-escolas-obrigatoriedade-ideologia-genero.html,0
8578,"'Vitória do negacionismo', diz diretor do Butantan sobre covid-19 no Brasil  ",,dimas cova diretor instituto butantan o atual situação coronavírus brasil o o negacionismo entrevisto o o globo o hematologista afirmar o responsabilidade governar federal contribuir o crise e alarmante morte dia o brasil registrar 4.211 morte horar superar o patamar óbito consórcio imprensar o uol avaliação médico solução dever o cumprimentar isolamento social o acontecer adesão nacional e discursar único discurso contrário o discurso autoridade importante repúblico pessoa ficar casar pontuar entrevisto cova haver duplo comandar epidemiar brasil o ciência e o negacionismo,saúde,07/04/2021 08h26 ,07/04/2021 08h26 ,https://noticias.uol.com.br/saude/ultimas-noticias/redacao/2021/04/07/dimas-covas-butantan-covid-19-brasil.htm,1
8579,"

Repórter da GloboNews chama brasileiro de “pobre estúpido” após pesquisa sobre Bolsonaro #boato 
",Boato – O jornalista Octávio Guedes da GloboNews chamou o brasileiro de “pobre estúpido” após alta na aprovação do presidente Jair Bolsonaro em pesquisa Datafolha.,repórter globo news chamar brasileiro “ pobre estúpido ” melhorar popularidade bolsonaro pesquisar jornalista globo news chamar “ pobre estúpido ” aprovar governar bolsonaro olhar nordestino o o globo news falar pobre estupido,política,17/08/2020,"
Edgard Matsuki ",https://www.boatos.org/politica/reporter-globonews-brasileiro-pobre-estupido-pesquisa-bolsonaro.html,0
8580,"Lira diz que caso Daniel Silveira é ""absolutamente fora da curva""  ",,o presidente câmara deputar arthur lira pp-al considerar o episódio envolver o deputar federal daniel silveiro psl-rj absolutamente curvo o declaração noite hoje visitar feito o o presidente stf supremo tribunal federal luiz fux o o presidente senado rodrigar pacheco dem-mg silveiro presar flagrante delito noite terça-feira ameaçar o ministro stf e o o democrático direito o decisão ministrar cortar alexandre moraes lira evitar avaliar o decisão supremo manter unanimidade o prisão parlamentar e confirmar o câmara reunir amanhã s 17h decidir respaldar o prisão haver reprimenda o o acontecer e amanhã anunciar o horar pronunciar soberanamente plenário o respeitar casar absolutamente curvo definir,política,18/02/2021 20h07 ,18/02/2021 20h07 ,https://noticias.uol.com.br/politica/ultimas-noticias/2021/02/18/lira-diz-que-caso-de-daniel-silveira-e-absolutamente-fora-da-curva.htm,1
8581,Casais que enfrentam juntos doenças crônicas,Estudo mostra como marido e mulher lidam com o desafio de formas diferentes,“ riqueza e pobreza saudar e doença ” conhecer voto matrimoniar proferi-los auge juventude diferente enfrentar desafio enfermidade velhice o mostrar estudar realizar universidade michigan pesquisador mergulhar milhar norte-americanos acima ano regularmente entrevistar período compreender e linha investigação o considerar doença administração associar o controlo taxar e o reduzir o riscar cardiovascular diabete e hipertensão o abranger demandar tratamento específico artrite câncer membro casal algum problema necessitar cuidar distinto o cenário chamar “ condição discordante ” o lista incluir medicamento o dieta alimentar especial remédio e exercício o controlo dor n casar dificuldade diário lidar limitação saudar e cônjuge cobrar preço o o longo crescer sintoma depressão o pesquisar detectar marido sair sintoma depressivo grave esposo mulher e homem apresentar quadro grave o depressão agravar o passar ano o psiquiatro courtney polenick liderar o trabalhar precisar atentar intervir o “ o situação complexo o manejar doença diferir o outro janela evitar condição mental piorar ” sugestão o casal procurar atuar conjuntar time apoiar cuidador e familiar estimular mudança estilar vidar objetivo o médico idoso diabete cozinhar e o maridar tratamento câncer próstata restrição alimentar cardápio saudável unir tornar meter bem-estar mulher costumar assumir o liderança manter o saudar físico e mental par o situação complicar enfrentar enfermidade gravar fragilizar acabar o o marido – o levar o apresentar quadrar estresse “ lembrete enfatizar o importância o casal e redar suportar informar o parceiro parceiro e acompanhar atenção o pessoa sair dia o dia ” acrescentar o estudar publicar comedir dezembro “ journals of gerontology seriar b psychological sciences and social sciences ”,ciência, 04/02/2020 06h00 , Rio de Janeiro ,https://g1.globo.com/bemestar/blog/longevidade-modo-de-usar/post/2020/02/04/casais-que-enfrentam-juntos-doencas-cronicas.ghtml,1
8582,"

CDC lista locais em que há risco alto e baixo de infecção por coronavírus #boato 
","Boato – Em lista, CDC aponta locais onde há maior e menor risco de contaminação pelo coronavírus e ensina cálculo para avaliar os riscos.",o center disease control governar eua oficializar evidência científico emergente o transmissão coronavírus riscar transmissão o superfície riscar atividades o o ar livrar riscar alto reunião espaço fechar escritório locar culto religioso sala cinema teatros.outros interessante o carga viral necessário o doença partícula virar vp respiração vp minutar falir vp minutar tossir milhão vp o suficiente permanecer ar horar ambientar ventilar espirrar milhão vp alguém m distância riscar o limitar inferior o minuto conversar alguém frente o frente máscara riscar o limitar inferior o minuto alguém passar andar correr andar bicicleta riscar espaço ventilar distanciamento riscar comprar riscar médio reduzir limitar o e seguir o higiene espaço interno alto riscar banheiro público comum alto riscar fômites transferência superfície restaurante alto riscar reduzir o médio riscar sentando-se o o ar livrar distanciamento e percepção tocar superfície locar trabalhar escola distanciamento social riscar alto incluir alto riscar transferência fômites festa casamento riscar alto rede negócio /conferências riscar alto arena concerto cinema riscar altoos fatores principal calcular riscar interior vs exterior espaço estreito versus espaço amplo e ventilar alto densidade pessoa vs densidade exposição longo vs exposição,saúde,14/06/2020,"
Carol Lira ",https://www.boatos.org/saude/cdc-locais-risco-infeccao-coronavirus.html,0
8583,Estudo engana ao dizer que países pró-cloroquina tiveram 75% menos mortes  ,,estudar o hidroxicloroquina tratamento covid-19 e informação incorretas concluir país o drogar morte o hidroxicloroquina o cloroquina possuir eficácia comprovar o coronavírus compartilhar twitter arthur weintraub antigo assessor especial presidente jair bolsonaro partido).para atingir resultar responsável estudar excluir país adotaram medir recomendar organização mundial saudar oms distanciamento social e o máscara autor identificar manipular termo científico e editar o texto pesquisar sinalizar o leitor,ciência,01/10/2020 16h39 ,Debate Eleições 2020: Quem acertou e quem errou na disputa de SP  ,https://noticias.uol.com.br/comprova/ultimas-noticias/2020/10/01/estudo-engana-ao-dizer-que-paises-pro-cloroquina-tiveram-75-menos-mortes.htm,0
8584,"
  É enganoso o meme que relaciona preço do gás com salário mínimo nos governos Lula e Bolsonaro","Publicações que comparam o preço do botijão de gás nos governos de Lula e Bolsonaro e o valor do salário mínimo nesses períodos foram compartilhadas mais de 54,7 mil vezes nas redes sociais desde o último dia 15 de fevereiro. Mas alguns números utilizados estão defasados: por exemplo, quando o salário mínimo estava em torno de 250 reais, o botijão de gás não custava 35 reais, mas por volta de 30 reais.Envie-nos por WhatsApp Email","o meme compartilhar facebook mostrar o imagem botijões gás valorar diferente e o seguinte descrição “ relembrar o ‘ ladrão ’ r$ 35,00 o ‘ honestar ’ r$ 85,00 ” abaixar imagem botijões o comparação governar lula o gás custar real o salário mínimo real o equivaler o quantiar casar botijão o real durante o governar bolsonaro o meme indicar o salário mínimo o 1.100 real corresponder o consulto o o site governar ipeadata conferir o evolução salário mínimo âmbito federal mostrar durante o período luiz inácio lula silvar 1º janeiro o 1º janeiro o salário mínimo variar real mandatar chegar o real janeiro",brasil,25/02/2021 às 20:48,AFP Brasil,https://checamos.afp.com//e-enganoso-o-meme-que-relaciona-preco-do-gas-com-salario-minimo-nos-governos-lula-e-bolsonaro,0
8585,Bolsonaro defende uso de medicamentos sem necessidade de seguir a bula  ,,o presidente jair bolsonaro voltar o defender hoje o medicamento comprovação científico necessidade seguir orientação bulir tratamento doença o início pandemia bolsonaro propaganda cloroquina combater o coronavírus o presidente isolamento contrair o covid-19 erguer caixa fármaco apoiadores e saudar importante lembrar o off label bulir medicamento consagrar medicinar haver claro concordância paciente e o prático off label diverso doença tratamento escrever bolsonaro twitter hoje citar trecho publicação associação médico brasileiro amb o texto completar compartilhar presidente link texto publicar o amb tratar especificamente o hidroxicloroquina e reforçar existir estudo seguro robusto e definitivo o referência o o tratamento coronavírus o entidade criticar o político medicamentar visão amb deixar legar sombrio o medicinar brasileiro importante lembrar o off label bulir medicamento consagrar medicinar haver claro concordância paciente.- e o prático off label diverso doença tratamento,saúde,20/07/2020 12h37 ,Julia Lindner,https://noticias.uol.com.br/ultimas-noticias/agencia-estado/2020/07/20/bolsonaro-defende-uso-de-medicamentos-sem-necessidade-de-seguir-a-bula.htm,1
8586,"

Petição para o impeachment de Bolsonaro precisa de 20 milhões de assinaturas para abrir processo de cassação #boato 
",Boato – Para que um processo de impeachment do presidente Jair Bolsonaro seja aberto é preciso que uma petição pública que circula no WhatsApp tenha 20 milhões de assinaturas.,assinar petição cassação mandatar bolsonaro cometer crime responsabilidade suficiente abrir o processar impeachment pressionar assinar petição precisar colher 20.000.000 assinatura pressionar o abertura processar impeachment o presidente bolsonaro crime responsabilidade cometido punir o cassação mandatar assinar,política,03/08/2019,"
Edgard Matsuki ",https://www.boatos.org/politica/peticao-impeachment-bolsonaro-milhoes-assinaturas.html,0
8587,Constituição não permite a revogação de mandato político por assinaturas  ,,o brasil possuir mecanismo possibilitar o revogação mandato político mear coleta assinatura cidadão o o contrário afirmar posts publicar contar facebook sustentar o possibilidade mediante 1.713.566 assinatura atualmente haver proposto emendar constituição pecs o senado pedir o revogação mandato político incluir senador tramitação aprovar,política,14/07/2021 19h55 ,14/07/2021 19h55 ,https://noticias.uol.com.br/comprova/ultimas-noticias/2021/07/14/constituicao-nao-permite-a-revogacao-de-mandato-politico-por-assinaturas.htm,0
8588,Covid: Arthur Weintraub insinua fraude sobre mortes com dado desatualizado  ,,publicação feito twitter arthur weintraub assessor especial presidente jair bolsonaro e irmão ex-ministro educação abraham weintraub informação desatualizadas insinuar fraudar registrar óbito causar covid-19 contestar o fato morte acidentar trânsito paulistano piauí entrar painel epidemiológico morte causar coronavírus o postagem weintraub feito entanto dia o registrar óbito alterar o secretariar municipal saudar e ambientar paulistano o secretariar saudar piauí e o centrar informação estratégico vigilância saudar cievs concordar colocar o morte estatístico acidente trânsito o repercussão o noto rede social o atualização cidade paulistano painel epidemiológico piauí mostrar pessoa contaminar covid-19 morte entrar óbito covid retirar entendimento o cievs e o secretariar municipal saudar o causar mortis base traumatismo o covid agravante quadrar clínico explicar o assessoria secretariar estadual o protocolo ministério saudar editar governar federal determinar o covid-19 constar declaração óbito o doença o causar principal morte,saúde,20/08/2020 17h31 ,"Do UOL, em São Paulo*",https://noticias.uol.com.br/comprova/ultimas-noticias/2020/08/20/covid-arthur-weintraub-insinua-fraude-sobre-mortes-com-dado-desatualizado.htm,1
8589,Itália permitirá até mil espectadores em eventos esportivos ao ar livre,"Organizadores devem respeitar 'as regras estabelecidas para o espaço, as máscaras e a reserva de lugares'.",pessoa assistir o competição esportivo o o ar livrar o domingo — anunciar o ministrar italiano esportes n sexta-feira véspera início temporada futebol o começar semifinal e finar tornear tênis roma prever domingo e segunda-feira espectador assistir o competição desportivo realizar o o ar livrar e respeitar escrupulosamente regrar sanitário vincenzo spadafora comunicar o ministrar citar nenhum outro esporte tênis decisão permitir juventus o temporada série o noite domingo o sampdoria receber espectador organizador evento esportivo respeitar regrar estabelecido o espaçar máscara e o reservar o ministrar,saúde, 18/09/2020 08h31 , Por France Presse ,https://g1.globo.com/mundo/noticia/2020/09/18/italia-permitira-ate-mil-espectadores-em-eventos-esportivos-ao-ar-livre.ghtml,1
8590,É #FAKE que Manuela D'Ávila fez peça de campanha no Dia das Crianças com foto de foice e martelo de brinquedo,Imagem circula em redes sociais acompanhada de texto que relaciona símbolos à candidata a prefeita de Porto Alegre pelo PC do B.,circular rede social foto mostrar foiçar e martelar brinquedo legendar o acompanhar o comunista manuela d'ávila festejar o dia criança mostrar brinquedinho e atribuir o imagem campanha candidato prefeitura portar alegrar o montagem o logotipo campanha candidato pc b. perfil oficial facebook desmentir o mensagem falso pra acreditar candidato o vereador eleger mentir e compartilhar mentira encontrar publicação denunciar afirmar atribuir o compartilhamento o rival disputar cidade fernanda barth prtb chegar o publicar o boatar apagar,política, 13/10/2020," Por Roney Domingos, G1 ",https://g1.globo.com/fato-ou-fake/noticia/2020/10/13/e-fake-que-manuela-davila-fez-peca-de-campanha-no-dia-das-criancas-com-foto-de-foice-e-martelo-de-brinquedo.ghtml,0
8591,"Coronavírus ameaça abastecimento global de antibióticos, diz grupo empresarial europeu  ",,o mundo encarar escassez antibiótico casar problema abastecimento indústria farmacêutico imposto surtir coronavírus chino solucionar o alertar hoje presidente câmara comércio união europeu chino joerg wuttke durante mesa redondo pequim wuttke o sincronização suprimento chino dificultar surtir destacar problema indústria automobilístico estoque oscilar observar empresar ficar material embalagem e enfrentar desafio incerteza regulatórias,saúde,18/02/2020 10h22 ,Gabriel Crossley,https://noticias.uol.com.br/saude/ultimas-noticias/reuters/2020/02/18/coronavirus-ameaca-abastecimento-global-de-antibioticos-diz-grupo-empresarial-europeu.htm,1
8592,Obama diz que Trump ameaça democracia e suas falhas mataram 170 mil nos EUA  ,,barack obama michelle e bill clinton subir o tom inédito presidente o o discursar convenção nacional democrata tocar fundamental o presidente donald trump ameaçar democracia eua o colega jair bolsonaro brasil ex-presidentes americano costumar manter o tradição atacar sucessor imediato respeitar regrar escrito democracia trump desrespeitar o escrito e escrito restar o barack obama mandar o real democracia riscar e acrescentar falho trump o o responder pandemia responsável morte americano covid-19 e desempregar recordar país afirmar letra trump ameaçar o futurar democracia americano o ex-presidente o atual comandante-em-chefe crescer trabalhar presidente e sentir aprender o responsabilidade função capaz,saúde,20/08/2020 00h31 ,20/08/2020 00h31 ,https://noticias.uol.com.br/colunas/kennedy-alencar/2020/08/20/obama-diz-que-trump-ameaca-democracia-e-nao-aprendeu-no-poder-por-inaptidao.htm,1
8593,Ao vivo: Pfizer diz que governo brasileiro ignorou oferta de vacinas feita em agosto de 2020,,"o gerente-geral farmacêutico pfizer américa latino carlos murillo afirmar cpi covid senado n quinta-feira o governar brasileiro responder s proposto contratar comprar vacinar o d feito agostar o brasil negociar o pfizer o aquisição imunizante agostar o país receber 4,5 milhão dose o vacinar o covid-19 atar março d ano o melhor ofertar feito empresar época prever 1,5 milhão dose e milhão trimestre durante o depoimento o executivo confirmar reunião diretora jurídico empresar carlos bolsonaro e fábio wajngarten o ex-secretário comunicação social fábio wajngarten omitir o presença vereador rir encontrar o fato o governar bolsonaro menosprezar contatos pfizer o brasil aplicar trimestre d ano dosar d considerar melhorar vacinar o covid-19 assistir o o viver sessão cpi apresentação o executivo pfizer mostrar contrato fechar o governar federal 13,5 milhão dose vacinar trimestre 86,5 milhão e milhão lotar contratar fechar terça-feira o ministério saudar questionar relator renan calheiros mdb-al negociação governo o empresar acesso equitativo priorizar país o outro preço negociar variar acordar o render país o executivo explicar o brasil considerar país render médio negociação murillo confirmar o vereador rir janeiro carlos bolsonaro republicanos-rj filhar presidente jair bolsonaro participar rapidamente reunião palácio planalto o diretora jurídico pfizer shirley meschke dezembro murillo haver carlos participar reunião o pfizer pedir esclarecimento e ler documentar produzir meschke depoimento prestar cpi quarta-feira o ex-secretário comunicação fábio wajngarten listou carlos participante encontrar o pfizer o reunião inicialmente wajngarten cercar horar wajngarten receber telefonema e minuto chegar carlos bolsonaro e o assessor assunto internacional presidência repúblico felipe martim wajngarten explicar o o ocorrer carlos sair martim permanecer carlos murillo negociação paralelo wajngarten — o pfizer procurar diferente autoridade governamental processar d pessoa escrever o matriz entrar contato fábio wajngarten — afirmar o executivo wajngarten cpi encontro representante pfizer registrar agendar oficial o agendar wajngarten disponível site governar federal trazer nenhum registrar reunião citar cpi contradição wajngarten discutir preço seriar cobrar pfizer dose o fornecido o o brasil casar o acordar firmar entrevisto concedido revisto entanto wajngarten o entender claramente acesso o preço negociar farmacêutico o governar brasileiro determinar trecho o o elogiar o posturar empresar o ex-secretário negociação participar avançar e o empresar oferecer abaixar us$ dosar o inferior o us$ dólar pago ministério saudar contratar prever o entregar milhão dose o o governar brasileiro murillo negar o empresar algum acordar remunerar wajngarten participação negociação o empresar e o governar federal o aquisição vacinar o covid-19 o questionamento relator cpi covid senador renan calheiros mdb-al — haver tratativa estabelecer remuneração ex-secretário fabio wajngarten outro agente razão participação n negociação feito escritório empresar — indagar renan — absolutamente — afirmar murillo — senhorio fornecer relatório compliance pfizer — questionar renan — prazer e orgulhar pfizer orgulhar processo compliance seguramente problema considerar indevido — murillo bastidor exoneração wajngarten março haver rumor integrante pastar comandar eduardo pazuello levantar suspeito wajngarten beneficiar empresar participação negociação afirmar o pfizer pedir reunião representante governar federal — proativos procurar o governar brasil — o executivo o senador governista marco rogério dem-ro afirmar haver o tentativo construir narrativo mentiroso negociação pfizer época perguntar o murillo conseguir avançar tratativas o governar e o executivo responder ocorrer o aprovação projeto lei março segurança jurídico o oposição outro argumentar o governar editar medir provisório resolver problema o presidente cpi omar aziz psd-am rebater senador governista — o presidente querer editar medir provisório precisar vontade presidente senado e senador randolfe resolver jurídico d o o congresso o responsável atrasar negociação o pfizer o senador alessandro vieira cidadania-se lembrar o autorização anvisa necessário o aplicação vacinar comprar haver negociação aquisição imunizante autorização agência renan questionar o gerente-geral pfizer o suposto participação assessor presidência repúblico assunto internacional felipe martim e filho presidente jair bolsonaro o vereador carlos bolsonaro republicanos-rj reunião representante farmacêutico o secretário comunicação presidência fabio wajngarten dezembro o reunião o objetivo facilitar negociação o empresar e o governar brasileiro o fornecimento vacinar o covid-19 o relator chegar o ameaçar convocar representante pfizer obter o respostar calheiros indagar murillo conhecimento martim e carlos bolsonaro participar reunião realizar wajngarten palácio planalto o acordar murillo responder informação participante reunião realizar dia e dezembro gabinete wajngarten — pfizer o diretora jurídico shirley meschke e o pessoa assunto corporativo secom adição o fabio wajngarten pessoa participar — responder imprecisão respostar renan calheiros convocar diretoras pfizer depor o senador randolfe rodrigar rede-ap entanto pedir murillo obter o informação o o longo sessão e evitar convocar murillo iriar obter o depoimento aprovar o requerimento relator renan calheiros mdb-al convocar jurema werneck representante movimentar alertar falar morte durante o pandemia.também aprovar convite o médico nise yamaguchi defensor cloroquina prestar depoimento o presidente cpi senador omar aziz o yamaguchi o procurar falar comissão o cpi aprovar requerimento requisição informação d autoria senador tasso jereissati psdb-ce dirigir o o ministério exterior mre e agência brasileiro inteligência abin declaração presidente repúblico o possibilidade cursar guerra declarar promovido nação estrangeiro guerra químico bacteriológico e radiológico requerimento vice-presidente cpi randolfe rodrigar alvo o propagação fake news o pandemia youtube d o google fornecer informação registrar d vídeo o outro o secretariar comunicação social secom governar federal fornecer documento comunicação e informação canal you tube listado anexar durante o período o haver requerimento randolfe o mre fornecer informação telegrama e documento o obtenção cloroquina hidroxicloroquina o brasil durante o pandemia covid-19 aquisição governar empresar doação liberação remessar modalidade o senador solicitar o o mre comunicação telegrama e documento enviar recebido o obtenção vacinar o covid-19 o brasil"".ainda o mre o cpi aprovar requerimento rogério carvalho pt-se fornecido telegrama e comunicação formar s embaixada brasileiro exterior organismo internacional e empresar solicitar agilização intervenção processar aquisição importação fornecimento medicamento supostamente indicar o o tratamento infecção causar coronavírus e vacinar outro requerimento aprovar autoria randolfe dirigir fundação oswaldo cruz fornecer o contratar firmar o laboratório astrazeneca produzir o vacinar oxford empresar farmacêutico o ems fornecer informação o produção medicamento chamar kit covid originalmente destinar o doença utilizar eficácia comprovar tratamento covid-19 requerimento autoria omar aziz quarta-feira cpi ouvir o ex-secretário comunicação social presidência repúblico fabio wajngarten afirmar cartar pfizer enviar o o governar federal consultar o intenção comprar dose vacinar farmacêutico ficar respostar o documentar afirmar enviar tentativo contato ignorar cúpula governar bolsonaro o oitiva ater o o pedir presidente cpi senador omar aziz psd-am e abastecido informação exposto wajngarten o comprar imunizante pfizer ministério saudar feito março d ano entanto o farmacêutico comunicar proposto contratar enviar o o governar federal o d agostar o depoimento murillo senador votar requerimento informação e convocação depoimento comissão",brasil, Publicado em  13/05/21 11:07 ,André de Souza e Julia Lindner,https://extra.globo.com/noticias/brasil/ao-vivo-pfizer-diz-que-governo-brasileiro-ignorou-oferta-de-vacinas-feita-em-agosto-de-2020-25015539.html,1
8594,dia toffoli registrar whatsapp cartório presar fake news,é verdade que o ministro dias toffoli disse que quem não registrar grupos de whatsapp em cartório será condenado por fake news?,o informação surgir blogs e espalhar rapidamente whatsapp semana maio acordar o texto o ministrar e presidente supremo tribunal federal dia toffoli afirmar whatsapp registrar cartório considerar disseminador fake news o ministrar afirmar e dono registrar responsabilizar atentar o soberania nacional e o estabilidade democracia,política,11/05/2020,gilmar lopes,https://www.e-farsas.com/dias-toffoli-disse-que-quem-nao-registrar-grupos-de-whatsapp-em-cartorio-sera-preso-por-fake-news.html,0
8595,É falso que a escultura “Diva” foi feita com dinheiro público e patrocínio do Sebrae,,sebrae informar o o haver nenhum auxílio financeiro o realização obrar o serviço o usina arte entidade financiar o obrar informar existir parceria formação e o empreendedor comunidade vizinho,política,2021/01/05,Comprova,https://projetocomprova.com.br/publicações/e-falso-que-a-escultura-diva-foi-feita-com-dinheiro-publico-e-patrocinio-do-sebrae/,0
8596,É #FAKE que funcionários do Guanabara estejam com coronavírus e trabalhando normalmente,Rede diz que não teve ainda nenhum funcionário diagnosticado com Covid-19 e que trabalhadores com sintomas serão temporariamente afastados de suas funções.,circular rede social funcionário supermercado guanabara infectar o coronavírus continuar trabalhar normalmente o mensagem o o versão diferente funcionário unidade penha infectar e impedir luva máscara durante o expediente afirmar promotor barrir testar positivar e o especificar o bairro garantir caixa redar o doença fake noto o empresar informar o nenhum colaborador diagnosticar o covid-19 acrescentar o recomendação redar funcionário febre resfriar comunicar sintoma o o gestor temporariamente afastar função “ importante apurar fonte seguro evitar o disseminação fake news ” destacar o texto,saúde, 22/03/2020, Por O Globo ,https://g1.globo.com/fato-ou-fake/noticia/2020/03/22/e-fake-que-funcionarios-do-guanabara-estejam-com-coronavirus-e-trabalhando-normalmente.ghtml,0
8597,"

Gerson Camarotti pediu cassação do registro de médicos que receitam “antivirais” contra Covid-19 #boato 
","Boato – O jornalista Gerson Camarotti, da Globo News, pediu para que os conselhos de medicina cassem do registro de médicos que receitam “antivirais” contra a Covid-19.",safar pedir tirar crms médico salvar vidar fdp globo o gerson camarotti bocar maldita“preciso deixar registrar programar “ pautar ” d noite o jornalista gérson camarotti globo news exigir medicinar cassar registro médico tratar paciente covid drogar antiviral curar haver ano pediatro nitazoxanida vermífugo tratar diarréias rotavírus ação antiviral e êste ano trabalho provar inibir o entrar vírus covid célula humano antiviral hiv apesar curar o aids médico charlatães e jornalista globo news ordem federal medicinar médico continuar o tratar sintomaticamente virose reduzir o carga viral organismo drogar e atar político bolsonarista camarotti e atar médico!acredito charlatão cassar o registrar enquadrar jornalista pago franco atirador fake news e influenciar politicamente massa mídia s vacinar veicular barbaridade fakes o governar dirigir anvisa e laboratório o intenção globo o governar bode expiatório colocar o méxico acima brasil “ vacinar ” apesar fase voluntário e o brasil terminar o fase semana voluntário …,saúde,08/01/2021,"
Edgard Matsuki ",https://www.boatos.org/saude/gerson-camarotti-pediu-cassacao-registro-medicos-receitam-antivirais-contra-covid-19.html,0
8598,"Falta de vitamina D pode aumentar risco de Covid-19, sugere estudo","Pesquisa americana constata que, entre pessoas com falta de vitamina D, percentual de infectados foi maior do que entre aqueles sem a deficiência.",voltar abril o mundo perguntar máscara ajudar prevenção covid-19 criança transmitir o doença correr boato rede social anunciar respostar salvador o vitaminar d reforçar suplemento o exposição o o sol época sociedade científico e autoridade saudar alertar haver evidência científico sustentar o defeso reforçar vitaminar d medir proteção o doença n quinta-feira 3/9 pesquisador universidade chicago unir publicar o afirmar o estudar conseguir avaliar o vitaminar d e infecção covid-19 e o resultar — tomar cautela autor — pessoa deficiência vitaminar d o percentual infectar comparação o deficiência,saúde, 03/09/2020 12h31 , Por BBC ,https://g1.globo.com/bemestar/viva-voce/noticia/2020/09/03/falta-de-vitamina-d-pode-aumentar-risco-de-covid-19-sugere-estudo.ghtml,1
8599,É #FAKE que Pfizer tem desenvolvido medicamento oral contra Covid-19 à base de hidroxicloroquina,"Autoridades de saúde não recomendam uso de hidroxicloroquina porque não há comprovação científica de sua eficácia e ela oferece riscos colaterais. Mensagem falsa diz que substância voltará sob nova roupagem e patenteada, para dar lucro às grandes farmacêuticas. Pfizer afirma que não realiza nenhum estudo clínico de medicamento via oral à base de hidroxicloroquina.",circular rede social mensagem o pfizer produzir drogar preventivo e precoce o covid-19 funcionar exatamente o hidroxicloroquina o texto afirmar roupagem render bilião pfizer o hidroxicloroquina finalmente aceito o pfizer esclarecer realizar nenhum estudar clínico medicamentar oral base hidroxicloroquina importante destacar o hidroxicloroquina recomendar autoridade saudar tratar o covid-19 haver comprovação científico funcionar março o pfizer anunciar progredir estudar fase adulto saudável avaliar o segurança e o tolerabilidade terapêutico antiviral oral experimental sars-cov-2 o vírus causar o covid-19,saúde, 06/05/2021," Por Roney Domingos, G1 ",https://g1.globo.com/fato-ou-fake/coronavirus/noticia/2021/05/06/e-fake-que-pfizer-tem-desenvolvido-medicamento-oral-contra-covid-19-a-base-de-hidroxicloroquina.ghtml,0
8600,"

Sérgio Moro, ex-ministro da Justiça, é filiado ao PSDB há 21 anos (desde 1999) #boato 
",,o morar filiar o o psdb o ano coleguinha doria e fhc ptz tá explicar o palavra mulher o juiz morar ano filiar o o psdb filiar o o psdb o ano fhc o mulher respeitar o esperar infiltrar covarde e trair punhalada costa alexandre garcia morar filiar o o psdb haver ano fhc aécio neve e dório e o candidatar 2.022 viúvo o oportunidade resgatar figurar impoluto cenário politicar nacional e “ ” eleger morar aécio dório …,política,27/04/2020,"
Edgard Matsuki ",https://www.boatos.org/politica/sergio-moro-ex-ministro-justica-filiado-psdb-ha-21-anos-desde-1999.html,0
8601,Metade das acusações da Lava-Jato de Curitiba contra Lula pode prescrever até 2022,,rir o contagem prazo prescrição processo movido lava-jato o ex-presidente luiz inácio lula silvar pt mantido acordar jurista o anulação condenação decidir ministrar edson fachin supremo tribunal federal stf segunda-feira delito atribuir o lula denúncia ministério público federal mpf e sentença proferir 13ª varar federal curitiba prescrever dezembro caso esgotar o prazo ano apresentação denúncia contar o término atividade criminoso investigar o delito imputar o lula desenrolar denúncia e sentença proferir âmbito lava-jato curitiba paralelo o o mandatar petista presidência encerrar e o o governar dilma rousseff,brasil, Publicado em  09/03/21 18:15 ,Bernardo Mello,https://extra.globo.com/noticias/brasil/metade-das-acusacoes-da-lava-jato-de-curitiba-contra-lula-pode-prescrever-ate-2022-24916978.html,1
8602,"

Mario Kozel Filho foi assassinado por Dilma a tiros em 1968 #boato 
","Boato – Ex-presidente Dilma Rousseff matou a tiros o sargento Mário Kozel Filho durante a ditadura militar, em 1968. ",professor contar o dilma matar mário kozel filhomário kozel filhar sentinela 2º qg o presidanta matar o tiro hoje homenagem ruir qg nome triste época depoimento ex maridar e documento provar,política,05/08/2019,"
Carol Lira ",https://www.boatos.org/politica/mario-kozel-filho-assaddinado-dilma.html,0
8603,Coronavírus no esgoto revela deficiências do saneamento brasileiro  ,,recente pesquisar constatar o presença coronavírus esgoto o o revelar deficiência saneamento básico país atualmente pessoa viver tratamento água adequar mudança marcar saneamento prometer o universalização serviço investimento r$ bilião deixar claro e virar dinheiro abril o fiocruz encontrar traço vírus esgoto niterói cidade fluminense maio o ana agência nacional água — o agência responsável regular o saneamento país — encontrar o coronavírus belo horizonte parceria o ufmg universidade federal minar gerar e o secretariar saudar minar ação científico laboratório alto impactar saudar público entender ações enchente redar esgotar adequar o impactar d fenômeno o pesquisador josé paulo gagliardi leite diretor instituto oswaldo cruz órgão responsável estudar niterói pesquisar orientar político saneamento voltar contenção covid-19,saúde,12/07/2020 04h00 ,Alex Tajra,https://noticias.uol.com.br/meio-ambiente/ultimas-noticias/redacao/2020/07/12/coronavirus-nos-esgotos-escancara-desigualdade-de-saneamento-no-brasil.htm,1
8604,Máscaras de proteção viram prioridade para fábricas chinesas  ,,pequim fev afp — o demandar máscara facial proteção multiplicar e fábrica chinês produzir iphones roupar automóvel e fraldar bebês mudar rotina fabricá-las e contribuir o esforçar conter o epidemiar coronavírus o new yifa fabricar produto higiene lenço umedecidos guardanapo lenço papel e dia conseguir converter o cadeia produtivo unidade província fujian ler país o objetivo fabricar máscara protetoras papel o material enviar imediatamente médico precisar d evitar o contágio paciente infectar covid-19 hoje funcionário trabalhar máscara telefonar afp o vice-presidente shen shengyuan acrescentar o capacidade produção chegar o 600.000 unidade dia,saúde,13/02/2020 14h08 ,13/02/2020 14h08 ,https://economia.uol.com.br/noticias/afp/2020/02/13/mascaras-de-protecao-viram-prioridade-para-fabricas-chinesas.htm,1
8605,É #FAKE que vídeo mostre tubarão com corpos de jovens dentro no Maranhão,"Mensagem usa vídeo de captura de animal com texto recheado de dados falsos e acompanhado de fotos antigas, que estão registradas na internet ao menos desde 2010. Outra versão fake diz que a captura foi em Mongaguá, litoral de SP.",circular rede social vídeo acompanhar mensagem encontrar resto mortal adolescente tubarão branco capturar região munim carupatera maranhão mongaguá litoral paulo o vídeo realmente mostrar tubarão capturar maranhão icatu e carupatera d encontrar resto mortal animal mostrar vídeo o secretariar municipal agricultura e pescar icatu o vídeo fato cidade garantir haver nenhum vestígio humanar achar tubarão,entretenimento, 17/01/2020, Por G1 ,https://g1.globo.com/fato-ou-fake/noticia/2020/01/17/e-fake-que-video-mostre-tubarao-com-corpos-de-jovens-dentro-no-maranhao.ghtml,0
8606,Covid-19: entidade orienta sobre vacinação em pacientes reumáticos  ,,o sbr sociedade brasileiro reumatologia lançar guiar orientação o vacinação o covid-19 paciente doença reumático autoimunes o entidade razão ausência o evidência segurança e eficiência vacinar pessoa enfermidade reumático o decisão vacinação tomar casar o casar o decisão vacinação individual e compartilhar médico e paciente visto portador d enfermidade apresentar desregulação imune causar doença e redução eficiência defeso organismo dever o o tratamento esperar o reumatologista familiarizar e manter atualizado característico eficácia e segurança vacinar covid-19 melhor orientar paciente considerar o situação epidemiológico risco e benefício d tomar decisão compartilhar o cartilha,saúde,17/01/2021 10h22 ,17/01/2021 10h22 ,https://www.uol.com.br/vivabem/noticias/redacao/2021/01/17/covid-19-entidade-orienta-sobre-vacinacao-em-pacientes-reumaticos.htm,1
8607,Últimas notícias de coronavírus de 3 de maio,"Rússia e Afeganistão têm recorde no número de casos diários; vários países planejam reabertura. Pandemia na África preocupa especialistas, e quase 90% dos casos de Covid-19 registrados no Paraguai em dois dias vêm do Brasil. ",n domingo o rússia registrar dia seguir recordar caso covid-19 10.633 caso horar levar o infectar o 134.686 o país 1.280 morte doença o afeganistão confirmar o aumentar caso e morte covid-19 dia infecção e morte horar 2.704 caso e morte território afegão espanha o morte mundo registrar o morte diário março o the guardian o país 25.264 morte e 217.466 caso covid-19 o frança registrar morte horar o itália vítima o o início confinamento,ciência, 03/05/2020 02h17 , Por G1 ,https://g1.globo.com/bemestar/coronavirus/noticia/2020/05/03/ultimas-noticias-de-coronavirus-de-3-de-maio.ghtml,1
8608,Guedes repete que governo não subirá impostos para controlar déficit fiscal  ,,"guedes repetir governar subir imposto controlar déficit fiscal imposto mantido reduzir o ministrar economia paulo guedes imagem gabriela biló estadão conteúdo eduardo rodrigar e célia froufe brasília 27/05/2021 11h50 o ministrar economia paulo guedes repetir hoje o governar aumentar imposto reduzir o déficit fiscal lembrar o arrecadação federal crescer n ano dever recuperação economia subir imposto controlar gasto imposto mantido reduzir fechar o déficit o recuperação econômica o projeção déficit n ano cair r$ bilião o gente crescer o economia 4,5 ano e acabar o déficit afirmar guedes participação evento realizar coalizão indústria ... ler íntegro uol",política,27/05/2021 12h34 ,27/05/2021 12h34 ,https://noticias.uol.com.br/colunas/reinaldo-azevedo/2021/05/27/guedes-repete-que-governo-nao-subira-impostos-para-controlar-deficit-fiscal.htm,1
8609,"Repasse de R$ 8,9 bilhões do governo federal ao Amazonas não foi exclusivo para combate à pandemia",,real referir verba enviar união o o amazona recurso exclusivo o combater crise sanitário e dinheiro transferência obrigatório constituição federal estabelecer feito união,saúde,2021/01/26,Comprova,https://projetocomprova.com.br/publicações/repasse-de-r-89-bilhoes-do-governo-federal-ao-amazonas-nao-foi-exclusivo-para-combate-a-pandemia/,0
8610,Defesa diz que Temer pedirá a Bretas autorização para participar de missão oficial ao Líbano,"Ex-presidente foi convidado por Jair Bolsonaro para liderar uma missão de ajuda do governo brasileiro em Beirute. Réu na Operação Descontaminação, Temer não poderia sair do país, mas já fez duas viagens ao exterior com autorização do TRF 2.",o defeso ex-presidente michel temer informar pronto petição apresentar o o juízo 7ª varar federal criminal rir janeiro titular o juiz marcelo bretas pedir autorização viajar o o líbano conformar convite presidente jair bolsonaro o pedir protocolado expedir o decretar presidencial formalizar o nomeação anunciar presidente repúblico o presidente jair bolsonaro anunciar manhã d domingo missão ajudar governar brasileiro o o líbano capital beirute atingir forte explosão semana passar deixar morto e ferir temer filhar libanês escolher chefiar o missão,política, 10/08/2020 14h48 ," Por Carlos Brito, G1 Rio ",https://g1.globo.com/rj/rio-de-janeiro/noticia/2020/08/10/defesa-diz-que-temer-pedira-a-bretas-autorizacao-para-participar-de-missao-oficial-ao-libano.ghtml,1
8611,"Em meio à pandemia, Papa diz que vida é medida pelo amor  ",,celebração domingo ramo início semana santo o papar francisco prestar solidariedade novamente o sofrer e pandemia coronavírus sars-cov-2 e afirmar n o vidar medir amor hoje drama pandemia desmoronar expectativa trair sentir abandonar prender coração jesus o coragem abrir o coração o o amor sentir o consolar deus sustentar o pontífice durante o missar basílica pedrar realizar o presença fiel francisco afirmar pessoa mundo amar o deus e o permanecer o restar passar o drama passar levar o levar o sério o sério o perder trivial o redescobrir o vidar inútil servir o vidar medir amor explicar o santo padrar pedir durante período isolamento domiciliar fiel lembrar sentir encurralar encontrar beco sair luzir sair deus responder lembremo-nos o propagação covid-19 doença provocar coronavírus obrigar o vaticano o realizar mudança drástico semana santo habitualmente reunir milhar pessoa n domingo abrir celebração fiel participar missar ramo mão praça pedrar entanto francisco presidir o cerimônia cardeal diácono e religioso corar reduzir o basílica decorar oliveira e plantar n cenário jorge bergoglio destacar o importância oração atenção o o e permanecer crucifixo medir amor deus deus servir o vidar pedir o graça viver servir procurar contatar sofrer e necessitar pensar n apelar homiliar o papar alusão o o sofrimento interior viver milhar pessoa parecer beco sair e solidão jesus experimentar o abandonar total o situação estranho o solidário conosco mim ti temer declarar,saúde,05/04/2020 09h51 ,05/04/2020 09h51 ,https://noticias.uol.com.br/ultimas-noticias/ansa/2020/04/05/em-meio-a-pandemia-papa-diz-que-vida-e-medida-pelo-amor.htm,1
8612,"

Gugu Liberato morreu aos 60 anos após acidente doméstico nos EUA #boato 
","Atualizada: mais de 24h após o anúncio falso da morte do apresentador, foi confirmada oficialmente a morte do apresentador Gugu Liberato. Mantemos o texto para vocês lerem a checagem anterior. Vale dizer que não há evidências que o apresentador já havia morrido quando alguns veículos de mídia deram a informação. ",urgente morrer gugu liberato o ano morrer d quinta-feira o ano idade o apresentador gugu liberato informação fonte ligar família preferir identificar o apresentador record tv internar uti sofrer acidentar casar flórido morrer voltar 16h40 horário brasília.na gugu cair telhar residência altura metro rapidamente levar o o hospital ficar internar observação horar comunicar assessoria mulher o médico rosar miriam e filho encontrar unir o mãe apresentador ano e familiar diretor homero salles viajar manhã d quinta-feira orlando.gugu apresentar record tv s quartas-feiras o reality show “ cantar comigo ” o dia dezembro o programar inteiramente gravar compromisso animador emissor seriar o especial “ família record ” e o reality casar “ power couple”.gugu liberato morrer o ano sofrer acidentar doméstico n quarta-feira mansão localizar orlar flórido unidos.o apresentador colocar enfeite natal externo casar morar filho joão augusto ano e gêmeas sofia e marino ano cair altura metro e bater o cabeça quinar levar s pressa o o hospital o apresentador internar gravar acordar informação gugu morte cerebral …,entretenimento,21/11/2019,"
Edgard Matsuki ",https://www.boatos.org/entretenimento/gugu-liberato-morreu-60-anos-acidente-domestico-eua.html,0
8613,"Ibope em Rio Branco: Minoru Kinpara tem 29%, e Socorro Neri, 26%  ",,o tucano minoru kinpara e o pessebista socorrer neri tecnicamente empatar disputar eleitoral prefeitura rir branco pesquisar ibope divulgar noite hoje seguir tião bocalom progressista roberto duarte mdb daniel zen pt jarbas soster avante e jamyl asfury psc,política,16/10/2020 23h24 ,16/10/2020 23h24 ,https://noticias.uol.com.br/eleicoes/2020/10/16/ibope-em-rio-branco-minoru-kinpara-tem-29-e-socorro-neri-26.htm,1
8614,STJ adia julgamento de recurso de Flávio Bolsonaro no caso 'Queiroz',"Segundo o jornal 'O Estado de S. Paulo', o ministro Joel Ilan Paciornik, que compõe o colegiado que julgaria o recurso, esteve no Palácio do Planalto na segunda-feira (15).",o superior tribunal justiçar stj adiar o julgamento recurso senador flávio bolsonaro republicanos-rj suspender investigação ministério público rir janeiro e apurar supor esquema ‘ ’ rachadinha ’ ’ gabinete flávio deputar estadual assembleia legislativo rir rachadinha o o esquema funcionário obrigar o entregar salário o o político o contratar fabrício queiroz ex-assessor flávio o responsável recolher valorar funcionário gabinete abril o defeso flávio bolsonaro pedir o o stj barrar o apuração casar o pedir negar ministrar felix fischer o defeso entrar outro recurso dever analisar n terço turma stj retirar pautar s 18h24 o presidente turma stj ministrar ribeiro dantas informar noto o retirar processo pautar sessão hoje feito o pedir termo resolução disciplinar sessão telepresenciais feito levar o julgamento oportunamente completar o noto,política, 16/06/2020 10h35 ," Por Pedro Henrique Gomes, G1 — Brasília ",https://g1.globo.com/politica/noticia/2020/06/16/stj-adia-julgamento-de-recurso-de-flavio-bolsonaro-no-caso-queiroz.ghtml,1
8615,"Governo zera IOF sobre crédito, adia entrega de declaração de IRPF e anuncia novo diferimento de tributos  ",,brasília reuters o governar anunciar n quarta-feira o prorrogação prazo entregar declaração impor render pessoa físico e lançar medir tributário rodar iniciativo desafogar família e empresar crise econômica gerar impactar disseminação coronavírus o secretário receitar federal josé toste neto afirmar alíquota iof operação crédito zeradas dia e anunciar o diferimento contribuição pi pasep e cofins e contribuição patronal previdência seriar devido empresar abril e maio pago agostar e outubro diferimento conjuntar d contribuição representar estimar bilião real injetados fluxo caixa d universo empresar afirmar toste neto durante anúncio palácio planalto o zeragem iof crédito custar o cofre público bilião real acrescentar o secretário,saúde,01/04/2020 19h29 ,01/04/2020 19h29 ,https://economia.uol.com.br/noticias/reuters/2020/04/01/governo-zera-iof-sobre-credito-e-posterga-entrega-de-declaracao-de-irpf.htm,1
8616,"Há quase 20 dias no cargo, Pazuello é oficializado ministro interino da Saúde","General do Exército comanda a pasta desde que Nelson Teich pediu demissão do cargo, em 15 de maio. Em meio à pandemia do novo coronavírus, ministério está sem titular. ",publicar diário oficial união d quarta-feira decretar presidente repúblico jair bolsonaro nomear eduardo pazuello ministrar interino saudar texto oficializar o exoneração pazuello secretaria-executiva pastar cargo ocupar anteriormente pandemia coronavírus o nomeação ministrar interino publicar dia assumir o cargo pazuello comandar o ministério saudar o dia maio nelson teich anunciar sair governar maio bolsonaro afirmar pazuello ficar “ ” frente pastar acordar o presidente o general formação saudar auxiliar ministério “ equipar ” médico,política, 03/06/2020 10h55 , Por G1 — Brasília ,https://g1.globo.com/politica/noticia/2020/06/03/ha-quase-vinte-dias-no-cargo-pazuello-e-oficializado-ministro-interino-da-saude.ghtml,1
8617,"

Grafeno vendido a preço de banana para a China deixa carro à prova de balas #boato 
","Boato – Brasil vende grafeno, minério que deixa carro à prova de balas, a preço de banana para a China. Vídeo mostra as maravilhas do grafeno.",olhar o utilidade grafeno mineiro o brasil abundância e o pt vender o preço banana pra chino grafeno único mundo mineral o brasil vender o preço banana o chino …,entretenimento,17/12/2018,"
Carol Lira ",https://www.boatos.org/tecnologia/grafeno-china-carro-prova-balas.html,0
8618,"

Medida Provisória 922 prevê suspensão de aposentadoria para idoso que sair na rua #boato 
","Boato – O governo federal editou a Medida Provisória 922 no dia 18 de março de 2020. Ela proíbe pessoas acimas de 60 anos de sair na rua. As penas são suspensão de aposentadorias e multa de R$ 1.045,00 para filhos e netos.","pátrio amar brasil governar federal – previdência social acordar o medir provisório nº março o cidadão acima ano ruir o dia 20/03/2020 aposentadoria suspenso indeterminar filho e neto acima ano responsabilizar multar r$ 1.045,00 e quarentar e real medir feito assegurar o saudar público privar ameaçar atual covid19 coronavírus junto forte discar saudar",política,20/03/2020,"
Edgard Matsuki ",https://www.boatos.org/politica/medida-provisoria-922-suspensao-aposentadoria-idosos-ruas.html,0
8619,"

Instituto Mauricio de Sousa dá máscaras da Turma da Mônica em site no WhatsApp #boato 
","Boato – O Instituto Mauricio de Sousa está distribuindo máscaras personalizadas da Turma da Mônica de Dia das Crianças. Para ganhar, só é preciso entrar em um site e compartilhar um link com amigos no WhatsApp.",o instituto maurício souza distribuir gratuitamente kit coleção máscara reutilizável e personalizar o turminha mônica ajudar o proteger criança e transformar o mundo divertir e colorir presentear criança n ganhar cadastrar site promoção site}para ganhar preencher o cadastrar morar selecione cidade selecione cidade nome nome completar o idade idade selecione kit selecione cadastrar turma mônica turma mônica protocolo e confirmar o enviar kit máscara turma mônica marcar amigo receber o promoção marcar,entretenimento,09/10/2020,"
Edgard Matsuki ",https://www.boatos.org/tecnologia/instituto-mauricio-de-sousa-da-mascaras-da-turma-da-monica.html,0
8620,Casos de coronavírus entre servidores federais aumentam 72% em uma semana  ,,"noto divulgar o ministério economia dia e abril contabilizar caso oficiar coronavírus servidor público federar civil o o pastar representar aumentar existir semana anterior o registrar caso covid-19 servidor o ministério cercar servidor federar trabalhar casar incluir funcionário ifes instituição federar ensinar superior agrupar secretariar gestão e desempenhar pessoal referir o enviar semana passar 51,7 unidade administrativo gestão pessoa organismo federar o equivaler o 60,3 cercar 168,4 servidor",saúde,23/04/2020 12h21Atualizada em 25/04/2020 13h58 ,23/04/2020 12h21Atualizada em 25/04/2020 13h58 ,https://noticias.uol.com.br/saude/ultimas-noticias/redacao/2020/04/23/casos-de-coronavirus-entre-servidores-federais.htm,1
8621,Europa se torna segunda região a ter 250 mil mortes por Covid-19,"Continente responde por quase 19% das mortes por coronavírus em todo o mundo, e por cerca de 22% do número de casos, de acordo com contagem da Reuters.",o europa tornar o região mundo américa latino o superar o marcar morto covid-19 acordar contagem reuters feito n sábado o continente registrar recorde infecção doença semana quinta-feira notificar infecção diário região país sul continente registrar n semana caso diário o europa responder quase morte covid-19 o mundo e cercar caso acordar o contagem reuters,saúde, 24/10/2020 15h25 , Por Reuters ,https://g1.globo.com/bemestar/coronavirus/noticia/2020/10/24/europa-se-torna-segunda-regiao-a-ter-250-mil-mortes-por-covid-19.ghtml,1
8622,Texto usa erroneamente dados preliminares para ligar queda de homicídios a aumento de armas de fogo,,texto comparar preliminar consolidar – errar metodológico – e levar contar diverso aspecto relevante correlacionar armar vendido homicídio o ministério saudar afirmar o o “ óbito levar ano consolidar ” e “ corretar comparar fechar preliminar ”,política,2020/09/28,Comprova,https://projetocomprova.com.br/publicações/texto-usa-erroneamente-dados-preliminares-para-ligar-queda-de-homicidios-a-aumento-de-armas-de-fogo/,0
8623,"

Maior infectologista do Brasil alerta para pressa, doses e efeitos colaterais da vacina chinesa #boato 
","Boato – Maior infectologista do Brasil afirma que vacina não é solução, mas parte do problema e alerta sobre pressa e efeitos colaterais.",“ o médico falir o vacinar c0r0n4 mundo ansioso vacinar e o dr anthony wong o autoridade infectologia brasil e mensagem alerta.vamos compartihar o vídeo … ”,saúde,10/12/2020,"
Kyene Becker ",https://www.boatos.org/saude/maior-infectologista-brasil-alerta-pressa-doses-efeitos-colaterais-vacina-chinesa.html,0
8624,Mãe quebra o tédio da quarentena desenhando na sobrancelha da filha  ,,quebrar o tédio dia isolamento social mãe norte-americana viver oregon resolver brincar o sobrancelha filho pintando-a diferente formar o vídeo tiktok viralizou divertir expressão pequeno leighton mae rosar criticar o mãe atitude vir parecer ano e o o divertir família pensar engraçar expressão combinar sobrancelha morgan garantir o filho sair ileso brincadeira postar abril o vídeo intitular brows gone wild sobrancelha enlouquecido português milhão visualização abaixar,saúde,21/05/2020 15h14 ,"Do Universa, em São Paulo",https://www.uol.com.br/universa/noticias/redacao/2020/05/21/mae-quebra-o-tedio-da-quarentena-brincando-com-sobrancelha-da-filha.htm,1
8625,Ação pede que STJ estenda benefício concedido a Queiroz aos outros presos  ,,pedir habeas corpus coletivo impetrar n superior tribunal justiçar pessoa apresentar riscar contrair coronavírus e prisão preventivo citar o decisão presidente cortar joão otávio noronha transferir fabrício queiroz o prisão domiciliar n demandar o direito garantir o situação o ex-assessor flávio bolsonaro o ação assinar advogar coletivo advocacia direito humano cadhu e analisar noronha o responsável plantão féria stj o ministrar concordar o justificativo condição saudar queiroz operar câncer intestino e tratamento médico colocá-lo riscar pandemia coronavírus e aceitar incomum o esposo d márcio oliveira aguiar foragir justiçar beneficiar decisão cuidar d o prisão haver decretar o o inquérito investigar desvio recurso público assembleia legislativo rir janeiro fundamento concessão ordem beneficiar queiroz assentir exclusivamente humanitário o pertencimento o riscar pandemia covid-19 mostrou-se fundamentar suficiente substituição prisão preventivo prisão domiciliar afirmar o ação negar o preso idêntico situação o ordem violar o direito igualdade beneficiar investigar e réu rico amigo poderoso e esquecer o enorme massa preso preventivo inconstitucional prisional demonstração inaceitável seletividade d cortar superior,saúde,10/07/2020 17h54 ,10/07/2020 17h54 ,https://noticias.uol.com.br/colunas/leonardo-sakamoto/2020/07/10/acao-pede-que-stj-estenda-beneficio-concedido-a-queiroz-aos-outros-presos.htm,1
8626,jovem acabar morrer destruir o fachada terreiro candomblé o bahia,,entretanto história realmente verdadeiro descobrir o e-farsas,entretenimento,12/03/2019,marco faustino,https://www.e-farsas.com/um-jovem-acabou-morrendo-apos-destruir-a-fachada-de-um-terreiro-de-candomble-na-bahia.html,0
8627,"Após desgaste com a Câmara, STF deve adiar decisão sobre depoimento de Bolsonaro  ",,mandar prender o deputar bolsonarista daniel silveiro psl-rj ameaçar e ofenso o integrante cortar o supremo tribunal federal stf adiar o julgamento prever quarta-feira repercussão arena político o depoimento presidente jair bolsonaro inquérito apurar haver interferência indevido polícia federal o análise casar previsto o d quarta-feira o estadão apurar o tendência o processar chamar julgamento continuar oficialmente constar pautar sessão o processar investigar o chefe executivo o item pautar bastidor supremo o avaliação o ideal esperar o poeira baixar e o ambientar político distensionar decidir o depoimento bolsonaro presencial escrever semana passar o cortar o congresso e o militância bolsonarista estremecer determinar o prisão silveiro acabar confirmar câmara,política,23/02/2021 22h07 ,Rafael Moraes Moura e Vera Rosa,https://noticias.uol.com.br/ultimas-noticias/agencia-estado/2021/02/23/apos-desgaste-com-a-camara-stf-deve-adiar-decisao-sobre-depoimento-de-bolsonaro.htm,1
8628,É #FAKE que foto com selo #EleNão seja de mulher que empurrou Padre Marcelo Rossi,"Imagem mostra, na verdade, jovem de Mato Grosso do Sul que morreu na véspera do dia da agressão.",circular rede social o print tuíte revelar o rostir mulher empurrar o padrar marcelo rossi domingo passar durante missar cachoeirar paulista sp o imagem citar texto site sentimento almo compartilhamentos o post afirmar o facebook agressor encontrar e publicar postagens cristões e apoiadores presidente jair bolsonaro informação fake o foto verdade servidor universidade federal matar grosso sul larissa martinelli ano morrer sábado passar – dia agressão o o padrar larissa hipertensão e tomar medicamento controlar o doença passar tabacaria centrar campar e resistir,política, 19/07/2019, Por O Globo ,https://g1.globo.com/fato-ou-fake/noticia/2019/07/19/e-fake-que-foto-com-selo-elenao-seja-de-mulher-que-empurrou-padre-marcelo-rossi.ghtml,0
8629,"Dividido e ampliado, bolsonarismo se espalha por 19 partidos nas eleições  ",,testar eleitoral vencer o disputar presidente repúblico o bolsonarismo chegar s eleição municipal diluir vastar espectro político nacional levantamento uol país diferente apresentar candidato o prefeito identificar bolsonaristas impulsionar aliar presidente jair bolsonaro o lista formar avante cidadania dem dc mdb patriota pl p pros prtb psc psd psdb psl ptb republicano e solidariedade o brasil registrar algum candidatura alinhar o o governar federal o bolsonarismo fenômeno partidário gente identificar fenômeno político enraizamento social profundar termo valorar e crença o parcelar forte sociedade afirmar o cientista político cláudio coutar fundação getulio varga fgv identificar maneiro beneficiar alto recente popularidade bolsonaro obter votar acontecer o presidente o dispersão reflete movimento distinto base presidente bolsonaro divisão brigar político bolsonaristas o regional outro ampliação o aliançar firmar governar líder centrão — o incluir p psd pl ptb pros avante e solidariedade e tradicionalmente trocar verba e indicação cargo máquina federal,política,27/09/2020 04h00 ,Vitor Pamplona,https://noticias.uol.com.br/eleicoes/2020/09/27/dividido-e-ampliado-bolsonarismo-se-espalha-por-19-partidos-nas-eleicoes.htm,1
8630,"

Respiridina da casca da laranja cura o coronavírus, que é uma bactéria #boato 
","Boato – O coronavírus é, na realidade, uma bactéria. Água e sal são mais eficientes do que álcool em gel e a casca da laranja cura a Covid-19 porque tem uma substância chamada respiridina.","gente o cv19 chinavirus chinês o nom resolver começar espalhar pra provocar guerra e chino vírus bactéria infecto o sangue coágulo causar fibrose pulmão reação imunológico anti-coagulantes ajudar tratamento visto d cuidar epis trazer chino bactéria morrer facilmente o vírus desinfetar “ jogar ” água e sal eficiente álcool gel e seguro,(não pego fogo pesquisar o respiridina melhorar resultar o hidroxicloroquina e princípio ativo cascar laranjo e limão fechar bar bebido alcoólico matar praga principalmente caipirinha limão pronto falei!!!tudo negar deixar falar eh voltar faculdade acabar farmácia parar cursar voltar e eh acabar corona mundo né peno e né acabar descobrir tabelar né moço estudar o maridar d médico e corolla e passar pra e passar pra classe suspender aula governador falar algum né e causar d começar o pesquisar pesquisar científico medicamento intromissão fino hidroxicloroquina ivermectina d dia governar falar comprar o medicamentar tomar e ficar legal né enfim continuar estudar e falar pra né continuar estudar e chegar o dedução chegar estudo falar substância chamar respiri dino falar pôr respiri dino eficaz falar tá pro cê idear o junção hidroxicloroquina hidromix oitenta eficácia d noventa e … caro cascar laranjo deixar passar o receitar e anticoagulante tirar o pessoal uti né anticoagulante natural o gente o limão o princípio anticoagulante tá cascar o sugerir casar conhecer alguém teja problema casar vir o sugerir pego laranjo inteiro cascar picar e liquidificador o limão ficar laranjo limão d dágua pra ajudar o bater bater coach e tomar adoçar o casar né preferencialmente mel melhor mel pra adoçar adoçante cê preventivamente o o dia né tá lascar tô precisar respostar rápido o o dia tá eh rapaz amigar família mecânico tava ruim ensinar pra dia seguinte tava melhor …",saúde,24/05/2020,"
Edgard Matsuki ",https://www.boatos.org/saude/respiridina-casca-da-laranja-cura-coronavirus-bacteria.html,0
8631,"
  A foto de Pelé em frente ao túmulo de Maradona é uma montagem ","Uma imagem que mostra o astro do futebol brasileiro Pelé em frente ao túmulo de Diego Maradona tem sido amplamente compartilhada em redes sociais desde o enterro do jogador argentino, no último dia 26 de novembro. Embora a foto tenha circulado em múltiplos idiomas, trata-se de uma montagem. O rosto de Pelé foi acrescentado em uma foto retirada de um banco de imagens.",o registrar compartilhar facebook mostrar o ex-jogador brasileiro agachar frente o lápide escrever letra maiúsculo o nome astro argentino diego maradona pelé aparecer segurar buquê florir e inferior imagem lê-se “ pelé despedir diego armar maradona … ” “ imaginar dor pelar ... túmulo amigar verdade diego armar maradona … triste ” publicação emocionar chorar o morte ídolo argentino o imagem publicar ex-ministro interior e líder extremo italiano matteo salvini publicação compartilhar cercar novembro,brasil,3/12/2020 às 21:38,Monique  Ngo Mayag,https://checamos.afp.com//foto-de-pele-em-frente-ao-tumulo-de-maradona-e-uma-montagem,0
8632,"

Papa Francisco pede que você amarre um pano branco na maçaneta da porta esta noite #boato 
","Boato – Para orar e se proteger do coronavírus, o papa Francisco pediu para que você amarre um pano branco na maçaneta da sua porta esta noite. Ele disse que pediu para Jesus para que a “praga vá embora”.",noite amarrar panar branco maçaneta portar o praga desaparecer o papar pedir passar o mensagem o fé hoje o praga pedir o o jesus oração senhor jesus unir irmão orar misericórdia permitir vírus lar colocar murar anjo tornar família e deixar palavra vivo salmo 91.10 o o praga vir o morar enviar anjo guardá-lo compartilhar ficar,entretenimento,03/04/2020,"
Edgard Matsuki ",https://www.boatos.org/religiao/papa-francisco-amarre-pano-branco-macaneta-porta-esta-noite.html,0
8633,Amapá sofre com apagões e explosões por curtos-circuitos pelo 21º dia  ,,o amapá entrar 21º dia consecutivo energia elétrica constante n segunda-feira e noite d domingo série curtos-circuitos ruir capital macapá registrar vídeo morador o promessa autoridade e ente locar cidadão enfrentar racionamento e rodízio fornecimento ocorrer o visitar presidente jair bolsonaro entidade responsável locar prometer o energia voltar totalmente o ligação gerador termoelétricos contratar regime emergência sábado o mandatário visitar locar e participar cerimônias o ativação d gerador ... ler íntegro uol,política,23/11/2020 17h12 ,23/11/2020 17h12 ,https://noticias.uol.com.br/colunas/reinaldo-azevedo/2020/11/23/amapa-sofre-com-apagoes-e-explosoes-por-curtos-circuitos-pelo-21-dia.htm,1
8634,"Pazuello não descarta vacina russa, mas diz que dados estão muito rasos  ",,o ministrar interino saudar eduardo pazuello descartar o governar federal comprar e disponibilizar o vacinar o covid-19 anunciar n semana rússia entanto declarar o situação tornar d incipiente e informação raso pazuello afirmar reunir reunião virtual o governador paraná rato junior representante anvisa agência nacional vigilância sanitário empresar desenvolver o vacinar e embaixada russo brasil o paraná anunciar firmar acordar o rússia o produção vacinar tá incipiente raso profundidade respostar o acompanhamento haver negociação trabalhar efetiva avalizar anvisa discutir o comprar afirmar o ministrar interino falar hoje comissão misto congresso nacional acompanhar o desenvolvimento pandemia país e ações governar federal o requerimento falar o parlamentar senador esperidião amin pp-sc,saúde,13/08/2020 11h41Atualizada em 19/08/2020 12h25 ,Luciana Amaral,https://noticias.uol.com.br/saude/ultimas-noticias/redacao/2020/08/13/pazuello-nao-descarta-vacina-russa-mas-diz-que-dados-estao-muito-rasos.htm,1
8635,Coronavírus: Câmara aprova MP que dá ao governo federal poder de restringir circulação de pessoas,"Pelo texto, restrição abrange circulação em rodovias, portos, aeroportos, saída do país e locomoção interestadual. Regras de locomoção intermunicipal caberão aos estados.",o câmara deputar aprovar n terça-feira o medir provisório o o governar federal o adotar medir restrição circulação pessoa e manutenção serviço durante o pandemia coronavírus deputar aprovar o texto-base passar o analisar destaque proposto visar modificar o redação e rejeitar o mp seguir o senado o medir provisório publicar governar março diário oficial união o texto alterar o lei medir enfrentamento coronavírus publicar fevereiro abril o supremo tribunal federal stf decidir prefeito e governador o definir regrar locar isolamento social,política, 14/07/2020 18h02 ," Por Luiz Felipe Barbiéri e Fernanda Calgaro, G1 — Brasília ",https://g1.globo.com/politica/noticia/2020/07/14/coronavirus-camara-aprova-texto-que-da-ao-governo-federal-poder-de-restringir-circulacao-de-pessoas.ghtml,1
8636,É #FAKE que governo americano libera consumo de colesterol e afirma que excesso não faz mal à saúde,Mensagem falsa deturpa polêmica científica de 2015. Governo americano nunca endossou que consumo de colesterol 'não causa preocupação'.,texto prometer destruir mito o colesterol circular rede social idioma afirmação publicação trazer anexo reportagem washington post o estudar comitê consultivo diretrizes nutricional dgac o principal órgão científico nutrição unir reconhecer recomendação contrário o o colesterol errar haver década resultar o mensagem o governar liberar o consumir irrestrito alimento rico colesterol algum saudar o reportagem falir controvérsia científico político consumir colesterol o órgão recomendar e o estudar diminuir restrição existir eliminá-las tratar mudança errar década e processar comum evolução ciência tampouco liberar o consumir irrestrito colesterol saudar — o o contrário ressaltar o discussão invalidar alertar feito o o texto original washington post,mundo, 01/07/2019," Por Hellen Guimarães, O Globo e Extra ",https://g1.globo.com/fato-ou-fake/noticia/2019/07/01/e-fake-que-governo-americano-libera-consumo-de-colesterol-e-afirma-que-excesso-nao-faz-mal-a-saude.ghtml,0
8637,É #FAKE que vídeo mostre navio venezuelano jogando óleo no mar no Nordeste,"Mensagem com conteúdo falso circula em redes sociais após manchas de óleo atingirem praias do Brasil. Vídeo mostra, na verdade, procedimento de dragagem em Portugal.",circular rede social vídeo mostrar o embarcação jogar líquido escuro mar o vídeo circular legendar urgente vídeo navio venezuelano jogar petróleo bruto mar texto associar s imagem afirmar e governo nordeste virar o vídeo mostrar verdade o embarcação o dragagem arear praia matosinhos portugal haver postagens vídeo facebook o processar dragagem o objetivo desassorear remover escavar material fundir rio lagoa mar baía e canal acesso o porto – casar imagem o leixão – aumentar profundidade e garantir o navegação vídeo haver o despejar óleo mar,mundo, 10/10/2019, Por G1 ,https://g1.globo.com/fato-ou-fake/noticia/2019/10/10/e-fake-que-video-mostre-navio-venezuelano-jogando-oleo-no-mar-no-nordeste.ghtml,0
8638,É #FAKE imagem que mostra anúncio de fechamento de supermercados no Rio ,"Segundo presidente da Associação de Supermercados do Estado do Rio de Janeiro, os estabelecimentos estão funcionando normalmente e não há possibilidade de fechamento. Imagem é falsa.",circular rede social imagem mensagem supermercado anunciar o suspensão atendimento dia março e março abril fake o associação supermercado rir janeiro estabelecimento funcionar normalmente e haver possibilidade fechamento prestar serviço essencial o população essencial n crise afirmar fábio queiroz presidente associação entrevisto o o g1,entretenimento, 15/03/2020, Por G1 ,https://g1.globo.com/fato-ou-fake/noticia/2020/03/15/e-fake-imagem-que-mostra-anuncio-de-fechamento-de-supermercados-no-rio.ghtml,0
8639,"

População da China já estava vacinada contra a Covid-19 e não precisou fazer lockdown #boato 
","Boato – A China não precisou fazer, em nenhum momento, lockdown por causa da pandemia da Covid-19. Isso ocorreu porque toda a população já havia sido vacinada contra o coronavírus.",chino 1.6 bilião habitante morte italia espanha frança país população tornar milhão habitante vacinar exceto wuan construir o teatro quebrar o economia mundial e comprometer ofuscar culpar acordar povoar chino rir mundo e autoridade brasil pra vender vacinar feito coxo e faturando bilião tolo inocente idiota e pilantras defender o confinamento o isolamento social o fechamento empresar e famigerado máscara comunista chino haver lockdown o chino e o oms apavorar e quebrar o mundo e impune impune governador e prefeito corrupto e duzia salafrário detestável e odiar stf,mundo,30/09/2020,"
Edgard Matsuki ",https://www.boatos.org/mundo/populacao-china-vacinada-contra-covid-19-nao-precisou-fazer-lockdown.html,0
8640,"ONU quer enviar missão sobre ditadura, mas Brasil não responde desde abril   ",,o desmontar promover governar jair bolsonaro o mecanismo reparação s vítima ditadura militar preocupar o onu organização nação unir e o entidade solicitar abril oficialmente o o país autorização realizar missão o o brasil investigar o situação o governar sinalizar aceitar o requerimento o pedir trabalhar desaparecimento forçar onu e constar informar apresentar o governo semana genebra suíço procurar reportagem o ministério mulher família e direito humano afirmar o governar brasileiro fechar o calendário visitar procedimento especial e contar pandemia visitar previsto ocorrer articular ocorrer o pastar tratar especificamente pedir onu o ministério defeso informar caber deliberar o andamento trabalho realizar organismo nacional internacional,política,03/09/2020 04h00 ,03/09/2020 04h00 ,https://noticias.uol.com.br/colunas/jamil-chade/2020/09/03/onu-pede-missao-ao-brasil-para-examinar-resposta-de-bolsonaro-a-ditadura.htm,1
8641,"

Denílson é flagrado em briga com travesti após programa não pago #boato 
","Boato – Ex-jogador e comentarista esportivo da Band, Denílson, foi flagrado apanhando de uma travesti após contratar os serviços da mulher e não pagar. Vídeo mostra tudo. ",“ barraco amaral peixoto ” “ apresentador band denilson comer travestir e pagar e levar surrar ” “ ex-jogador seleção campeão e atual comentarista tv band denilson flagrar cobrar pagar programar o traveco(mulher tromba ”,entretenimento,06/04/2020,"
Kyene Becker ",https://www.boatos.org/esporte/denilson-flagrado-briga-travesti-programa-nao-pago.html,0
8642,Ameaças de morte obrigam vereadora trans do PSOL a sair do país  ,,"Primeira vereadora trans a ser eleita em Niterói, Benny Briolly (PSOL) foi obrigada a sair do país por causa de ameaças de morte. A informação foi dada pela assessoria do mandato. A princípio, Benny ficará afastada das sessões presenciais por 15 dias e participará da plenária de forma virtual. Após esse prazo, ela espera que as autoridades tenham tomado providências para garantir sua segurança. As ameaças e ofensas começaram há cinco meses, logo no início do mandato. Em uma delas, recebeu e-mail citando seu endereço que exigia a renúncia do cargo, caso contrário iriam até sua casa matá-la. Nas redes sociais, um dos ofensores desejou que ""a metralhadora do Ronnie Lessa"" a atingisse (uma referência ao ex-PM acusado de matar a vereadora carioca Marielle Franco, também do PSOL). Segundo a assessoria de Benny, as ameaças foram comunicadas e oficializadas a várias instâncias do Estado brasileiro, mas até o momento não foram tomadas medidas efetivas que protegessem sua vida e seus direitos políticos. A situação foi transmitida à presidência da Camara Municipal de Niterói, Procuradoria Federal dos Direitos do Cidadão do Ministerio Público Federal, Programa Estadual de Proteção aos Defensores de Direitos Humanos e Tribunal Superior Eleitoral (TSE).",política,14/05/2021 04h00 ,14/05/2021 04h00 ,https://noticias.uol.com.br/colunas/chico-alves/2021/05/14/ameacas-de-morte-obrigam-vereadora-trans-do-psol-a-sair-do-pais.htm,1
8643,bíblia encontrar o fundir oceano intacto e legível verdade,,o achar compartilhar o redar social e whatsapp o quinzena junho e mostrar o parecer umar bíblia aberto e cheio cristal sal grudar suar página acordar o texto acompanhar o imagem o relíquia resgatar fundir mar e suar página intacto e legível justamente hebreu 13:8,entretenimento,24/06/2019,gilmar lopes,https://www.e-farsas.com/biblia-encontrada-no-fundo-do-oceano-ainda-intacta-e-legivel-sera-verdade.html,0
8644,Doria confirma liberação de insumos para produção da CoronaVac  ,,o governador paulo joão doria psdb hoje o receber 3.000 litro insumo o produção coronavac vacinar o covid-19 desenvolvido instituto butantan parceria o farmacêutico sinovac o material receber utilizar produzir milhão dose imunizante e o remessar ifa ingrediente farmacêutico ativo previsto o abril o anúncio ocorrer dia o butantan anunciar o paralisação temporário envasar coronavac contar atrasar chegar ifa acordar o administração estadual o matéria-prima chino o embarcar autorizar e chegar o o brasil o dia abril permitir o butantan completar o entregar milhão dose o pni programar nacional imunização o,política,08/04/2021 13h10Atualizada em 08/04/2021 15h26 ,08/04/2021 13h10Atualizada em 08/04/2021 15h26 ,https://noticias.uol.com.br/saude/ultimas-noticias/redacao/2021/04/08/doria-ifa-china-vacina.htm,1
8645,"

Pastor Adélio vende máscara invisível por R$ 300, mostra vídeo #boato 
","Boato – Em vídeo, pastor Adélio vende “máscara do Espírito Santo” invisível, que protege do coronavírus e só pode ser sentida, a partir de R$300.",“ pastor vender máscara invisível e o exu ourar presto exu ourar ensinar caráter compactuar pilantragem e picareta querer cristão vir falar religião olhar o suar ” “ pastor vender máscara invisível o r$ real o coronavírus ” “ pastor adélio superar o pastor valdomiro vender máscara invisível piar ja ouvir … ”,entretenimento,14/05/2020,"
Kyene Becker ",https://www.boatos.org/religiao/pastor-adelio-vende-mascara-invisivel-r300.html,0
8646,Chanceler erra ao dizer que satélites detectam fogueira como queimada  ,,o chanceler ernesto araújo afirmar hoje reunião investidor washington eua satélite captar o aumentar foco incêndio amazônia captar fogueira acampamento o falir entretanto respaldar científico o coordenador lapis laboratório análise e processamento imagem satélite humberto barbosa o diferenciar o tamanho queimar o alto temperatura gps o precisão alto verdade o noite dia junho ano enorme incêndio captar contar tradição fogueira nordeste comemorar festa e fogo o véspera dia joão entretanto haver região registrar queimar durante o junho n ano o invalidar o hipótese levantar araújo,entretenimento,13/09/2019 16h26 ,Carlos Madeiro,https://noticias.uol.com.br/confere/ultimas-noticias/2019/09/13/chanceler-erra-ao-dizer-que-satelites-detectam-fogueira-como-queimada.htm,0
8647,vídeo mostrar robô caminhar igual o humano verdade,,o filminho curtir e surgir outubro pra o vídeo haver vestir milhão vezar o facebook e outro redar social e deixar gente preocupar,entretenimento,12/01/2019,gilmar lopes,https://www.e-farsas.com/video-mostra-um-robo-caminhando-igual-a-humanos-sera-verdade.html,0
8648,Governo cobra explicações da Microsoft sobre falha que expôs dados do suporte ao cliente,Brecha relatada pela empresa na última quarta (22) deixou 250 milhões de informações como endereços de IP e e-mails desprotegidas. Ministério quer saber se houve casos no Brasil.,o ministério justiçar cobrar explicação microsoft falho expor milhão suportar o o cliente empresar incluir informação e-mails endereço ip localização e noto interno marcar confidenciar o microsoft divulgar o casar quarta-feira assegurar o brecha rapidamente corrigir o empresar avisar problema ano companhia especializar segurança o microsoft acrescentar o conter informação pessoal o empresar notificar cliente informação exposto o parcialmente censurar visível o padrão empresar armazenamento o secretariar nacional consumidor vincular o o ministério perguntar companhia cliente brasil afetados e pessoa avisar d exposto acessados fato,política, 27/01/2020 20h14 , Por G1 ,https://g1.globo.com/economia/tecnologia/noticia/2020/01/27/governo-cobra-explicacoes-da-microsoft-sobre-falha-que-expos-dados-do-suporte-ao-cliente.ghtml,1
8649,É #FAKE que imagens de homem com arma para o alto em moto e menino com colete à prova de balas tenham sido feitas em Paraisópolis,"Vídeo de dupla armada em moto ao som similar ao de tiros e foto de jovem com colete da PM foram feitos em 2016, na Zona Norte de São Paulo, assim como imagens de homens armados em carro.",circular rede social imagem criminoso armar acompanhar legendar associar o paraisópolis pessoa morrer pisoteado e ficar ferir ação policial bailar funk domingo 1º mensagem fake imagem mostrar rapaz moto o garupa armar o alto barulhar parecer o tiro o legendar coitado paraisópolis efetuando disparo e capacete problema cair e morrer o ... imagem associar o paraisópolis mostrar homem armar interior e teto carro percorrer lentamente ruir comunidade,entretenimento, 05/12/2019, Por G1 ,https://g1.globo.com/fato-ou-fake/noticia/2019/12/05/e-fake-que-imagens-de-homem-com-arma-para-o-alto-em-moto-e-menino-com-colete-a-prova-de-balas-tenham-sido-feitas-em-paraisopolis.ghtml,0
8650,É #FAKE que é recomendável aplicar gelo sobre picada de escorpião,Especialista diz que o correto é fazer compressa de água morna para ajudar a aliviar a dor.,circular rede social cartaz recomendar aplicar gelar o picar escorpião atrasar o circulação sangue o gelar nenhum benefício acordar o médico infectologista e gestor projetos núcleo estratégico veneno e antivenenos instituto butantan fã hui wen o recomendação corretar aplicação compresso água morno e buscar serviço médico o o compresso o função ajudar o reduzir o dor,ciência, 14/01/2019," Por Roney Domingos, G1 ",https://g1.globo.com/fato-ou-fake/noticia/2019/01/14/e-fake-que-e-recomendavel-aplicar-gelo-sobre-picada-de-escorpiao.ghtml,0
8651,"

Justiça solta acusado de matar idosa de 106 anos a pauladas no Maranhão #boato 
","Boato – Justiça mandou soltar Alypio Noleto da Silva, acusado de matar idosa de 106 anos a pauladas no Maranhão. De acordo com o juiz, ele não apresenta risco à sociedade.",policiar acusar assassinar o paulada idoso ano roubar r$ soltar justiçar “ oferecer riscar o sociedade ” “ ficar confinar prisão retirar d chance estudar trabalhar e construir futurar ” alegação contido despachar assinar juiz cidade feirar maranhão determinar o liberdade dolatrocida alipio noleto silvar acusar assassinar o idoso ano antônia conceição silvar morto o paulada madrugar dia novembro outro argumentar juiz determinar o soltura o réu apresentar riscar sociedade mantê-lo presar contra-mão lei,brasil,12/12/2018,"
Carol Lira ",https://www.boatos.org/brasil/justica-solta-matar-idosa-pauladas.html,0
8652,"

Hospitais militares não registram morte por Covid-19 e pandemia é uma farsa #boato 
","Boato – Não existe morte por Covid-19 em hospitais militares no Brasil, porque pandemia é uma farsa e hospitais civis lucram com corrupção.",“ existir morte covid hospital militar brasil ativa e denunciar morte covid hospital militar oficial ativa trabalhar 2mil homem e nenhum morrer covid hospital militar lotar morte covid forcar armar respostar hospital militar receber verba destinar o morte hospital militar lotar verificar cidade médico escolher e laudo morte covid hospital ganhar existir morte covid hospital militar vestir o dinheiro união armação repetir existir morte covid hospital militar receber verba pra acordar brasileiro o vírus medo forçar armar ”,saúde,26/01/2021,"
Kyene Becker ",https://www.boatos.org/saude/hospitais-militares-nao-registram-morte-covid-19-pandemia-farsa.html,0
8653,É #FAKE que governador João Doria vendeu empresas paulistas a chineses,"Mensagem falsa, de tom xenofóbico, menciona a Sabesp e a CPTM, que não foram vendidas, e a Comgás, que é privada.",circular rede social mensagem o governador paulo joão doria vender chinês o companhia saneamento básico sabesp o companhia paulista trem metropolitano cptm e o companhia gás paulo comgás o governar rebater afirmação “ trata-se ‘ fake news ’ o sabesp e o cptm vendido o investidor e o comgás privatizar haver ano ” noto enviar cbn “ o sabesp o empresar saneamento país capital aberto bolsar continuar programar investimento destacar o recuperação rir pinheiro capital o cptm empresar transportar ferroviário passageiro país seguir projetos modernização e concessão operação linha amplamente discutir o mercar ” afirmar o noto,política, 18/09/2020," Por Roberta Pennafort, CBN ",https://g1.globo.com/fato-ou-fake/noticia/2020/09/18/e-fake-que-governador-joao-doria-vendeu-empresas-paulistas-a-chineses.ghtml,0
8654,É #FAKE que ministros do STF não podem mudar voto durante julgamento,"Segundo o Supremo Tribunal Federal, mudanças podem, sim, ocorrer 'dentro do mesmo julgamento'. Especialista refuta argumento usado em mensagem falsa. Caso citado em boato é o mesmo de 2018, mas estava suspenso desde então após pedido de vista feito pelo ministro Gilmar Mendes.",circular rede social mensagem o ministro cármen lúcia cometer crime responsabilidade o o mudar o votar durante julgamento ex-juiz federal sergio morar casar triplex guarujá sessão dia março o ministro cármen lúcia mudar o votar proferir voto o o 2ª turma stf declarar o ex-juiz sergio morar agir parcialidade o o condenar o ex-presidente luiz inácio lula silvar casar triplex guarujá cármen lúcia justificar elemento juntar o o processar permitir análise fato mensagem falso circular web citar o artigo lei nº 1.079 abril definir crime responsabilidade e regular o respectivo processar julgamento descumprir o lei o artigo enquadrar crime responsabilidade ministro supremo tribunal federal o alteração exceto recurso o decisão votar proferir sessão tribunal,política, 02/04/2021," Por Thaís Matos, G1 ",https://g1.globo.com/fato-ou-fake/noticia/2021/04/02/e-fake-que-ministros-do-stf-nao-podem-mudar-voto-durante-julgamento.ghtml,0
8655,"

Míssil que matou general iraniano foi visto saindo da casa de Bolsonaro, diz Globo News #boato 
","Boato – Imagem mostra que Globo News chegou a denunciar, com base em informações do porteiro, que o míssil que matou o general Qasem Soleimani saiu da casa do presidente Jair Bolsonaro.",versão míssil matar general iraniano vestir sair condômino bolsonaro o vagabundar porteiro versão o porteiro indicar o míssil frequentar o casar presidente jair bolsonaro obs “ fonte confiável ” redar globo,política,,"
Edgard Matsuki ",https://www.boatos.org/politica/missil-general-iraniano-casa-bolsonaro-globo-news.html,0
8656,"
  Lula estava imitando críticos do Bolsa Família e não falando mal do programa em vídeo","Uma gravação em que o ex-presidente Lula parece revelar o que realmente pensa sobre o programa Bolsa Família foi compartilhada mais de 116 mil vezes desde meados de abril de 2021. Mas o vídeo é composto por duas sequências diferentes: na primeira, ele reproduz o que os críticos do Bolsa Família falavam sobre o programa, enquanto na segunda ele aborda a questão da distribuição de cestas básicas como forma de comprar votos.Envie-nos por WhatsApp Email",“ lula caro pau ” e “ n gostar pt ” frase visto gravação compartilhar acompanhar legendar “ pobre pensar o pt ajudar ” e “ pensar e agir o pt … ” visualizar facebook e twitter o vídeo mostrar inicialmente o ex-presidente lula 2003-2010 pé “ o bolsar família esmolar o bolsar família pra deixar pessoa preguiçoso receber bolsar família trabalhar ” lula vestir sentar entrevisto afirmar “ alto grau empobrecimento conduzir o pensar estômago e cabeça distribuir cesta básico distribuir tíquete leite verdade pedir trocar época eleição e despolitiza o processar eleitoral tratar o pobre cabral tratar índio chegar brasil distribuir bijuteria espelho ganhar índio distribuir alimento lógico manter o político dominação secular brasil ”,brasil,11/05/2021 às 22:26,AFP Brasil,https://checamos.afp.com//lula-estava-imitando-criticos-do-bolsa-familia-e-nao-falando-mal-do-programa-em-video,0
8657,Donos de restaurantes da Vila Olímpia (SP) organizam ato pedindo socorro  ,,proprietário restaurante e bar região vila olímpio paulo abrir portar terça-feira horário almoçar ninguém receber cliente acender fogão o objetivo protestar o chamar governamental e alertar o população restaurante conseguir sobreviver quarentenar faixar o pedir socorrer colocar entrar estabelecimento restaurante participar atar olímpio grill burger garoto vila positano e manteigaria lisboa empresário o atar contrário regrar isolamento social entender o gravidade pandemia coronavírus passar condição voltar o trabalhar,saúde,20/05/2020 18h43 ,Rogério Gentile,https://noticias.uol.com.br/cotidiano/ultimas-noticias/2020/05/20/donos-de-restaurantes-da-vila-olimpia-sp-organizam-ato-pedindo-socorro.htm,1
8658,"'Não havia nenhuma influência dos filhos do presidente', diz Pazuello a CPI  ",,o ex-ministro saudar eduardo pazuello declarar manhã hoje depoimento cpi covid filho presidente jair bolsonaro influenciar decisão ministério saudar durante o gestão declaração general contramão o ex-ministro luiz henrique mandetta declarar durante o oitiva senado ocasião mandetta afirmar o presidente manter aconselhamento paralelo filho e durante reunião oficiar o vereador carioca carlos bolsonaro republicano presentar outro depoente cpi o ceo pfizer o américa latino carlos murillo informar semana passar participar reunião o presença filhar presidente,política,19/05/2021 10h56Atualizada em 19/05/2021 12h29 ,Rayanne Albuquerque e Hanrrikson de Andrade*,https://noticias.uol.com.br/politica/ultimas-noticias/2021/05/19/nao-havia-nenhuma-influencia-dos-filhos-do-presidente-diz-pazuello-a-cpi.htm,1
8659,"
  CoronaVac é analisada por agência sanitária da Europa e uso emergencial foi validado pela OMS","Publicações questionando a aceitação da vacina CoronaVac contra a covid-19 na Europa foram compartilhadas mais de 9.500 mil vezes em redes sociais desde o último 20 de junho. Entretanto, a alegação circula sem contexto, omitindo que o imunizante já teve seu uso emergencial aprovado pela Organização Mundial de Saúde (OMS) e que vem sendo analisado pela Agência Europeia de Medicamentos (EMA). Envie-nos por WhatsApp Email",“ sacrifício o filar pra tomar o vacinar chinês e chegar o europa e mostrar o certificar vacinação o ‘ d valer ’ ” o texto publicação compartilhar o twitter o facebook e o instagram    aprovar pelar agência nacional vigilância sanitário anvisa janeiro d ano o coronavac desenvolvido pelar farmacêutico chinês sinovac biotech e produzir o brasil parceria o instituto butantan análise contínuo pelar agência medicamento europeu ema o sigla inglês maio segundar o ema o análise contínuo umar ferramenta regulatória parir acelerar o avaliação medicamentar promissor durante umar emergência saudar público n casar comitê ema analisar o sobrar segurança eficácia e qualidade vacinar medir tornar disponível o estudo andamento o fabricante apresentar pedir formal parir autorização o ema decidir haver suficiente,mundo,23/06/2021 às 22:16,AFP Brasil,https://checamos.afp.com//coronavac-e-analisada-por-agencia-sanitaria-da-europa-e-uso-emergencial-foi-validado-pela-oms,0
8660,TSE faz parceria com redes sociais para combater fake news nas eleições  ,,o tse tribunal superior eleitoral parceria principal rede social combater o divulgação fake news durante eleição o informação confirmar luís roberto barroso presidente tse entrevisto globonews o o ar noite domingo explicar haver censurar o objetivo principal prevenir o problema claro irar reprimir caso fake news reprimir judicialmente diferente atuação preventivo intenso minimizar o ocorrência fake news procurar neutralizar o ocorrência fake news declarar barroso empresar parceria o tse whatsapp twitter facebook instagram google e tiktok desenvolver ferramenta combater perfil falso indevido robô e impulsionamentos ilegal conteúdo sábado pronunciamento rádio e tv barroso manifestar preocupação notícia falso falar dificuldade causar covid-19 alertar o eleitor haver outro vírus rondar eleição capaz comprometer o saudar público o democracia trata-se notícia falso campanha desinformação e difamação campanha debater público qualidade franco e robusto respeitar e consideração pessoa e ideia diferente pedir barroso,política,28/09/2020 14h28 ,28/09/2020 14h28 ,https://noticias.uol.com.br/eleicoes/2020/09/28/tse-faz-parceria-com-redes-sociais-para-combater-fake-news-nas-eleicoes.htm,1
8661,"Como manter a mente sã em períodos de crise, como o atual  ",,viver crise mundial parecer inacreditável notícia deparar humano reconhecer gregário nascer viver durante período isolamento social o mal-estar psicológico instalar fragilizar capacidade adaptação e reação o o estresse o confinamento trazer impactar imunológico equilíbrio mental e emocional aceitar o importância saudar físico acreditar o importância valer mentir o vidar moderno — principalmente período crise — estressante e realmente difícil sentir-se calmar satisfazer aberto o experiência sentir-se confuso buscar listar ações simples e útil encarar desafio d período complexo inédito e estressante excesso informação e alarmar gerar ansiedade notícia procurar assistir noticiário o o dia recomendação assistir manhã consolidar acontecer dia anterior,saúde,31/03/2020 04h00 ,31/03/2020 04h00 ,https://economia.uol.com.br/colunas/2020/03/31/como-manter-a-mente-sa-em-periodos-de-crise-como-o-atual.htm,1
8662,É #FAKE mensagem que fala em 'abono emergencial de Natal' de R$ 800,Ministério da Cidadania nega conteúdo de mensagem falsa. Não há qualquer previsão de pagamento extra no fim do ano. Link pode deixar cidadão vulnerável a golpes.,circular rede social mensagem afirmar o governar federal pagar “ abonar emergencial natal ” r$ o ministério cidadania rechaçar o anúncio “ o informação falso lei nº 13.982/2020 instituir o auxílio emergencial r$ medir provisório nº 1.000/2020 atribuir o r$ o o auxílio emergencial haver menção o abono natal ” noto ministério referindo-se o o inicial benefício pagar o pessoa vulnerabilidade social contar pandemia covid-19 e o atual o mensagem falso “ disponível o cadastramento o abonar emergencial natal r$ cpf cadastramento válido beneficiário auxílio emergencial bolsar família e pensionista cadastramento liberar o dia 26/10/2020 ” o o aparecer site clicar e inserir pessoal utilizar indesejado deixar o cidadão vulnerável o golpe,brasil, 23/10/2020," Por Roberta Pennafort, CBN ",https://g1.globo.com/fato-ou-fake/noticia/2020/10/23/e-fake-mensagem-que-fala-em-abono-emergencial-de-natal-de-r-800.ghtml,0
8663,"À espera da CoronaVac, Indonésia encomendará vacinas da Pfizer e da AstraZeneca  ",,o indonésio o obter vacinar o coronavírus biontech pfizer e astrazeneca o ministrar saudar país asiático hoje aguardar autorização programar imunização o coronavac desenvolvido sinovac budi gunadi sadikin acordar milhão dose o astrazeneca finalizar ano e tamanho o pfizer semana janeiro dose d medicamento obter aprovação regulatória país ocidental demorar o ministrar coletiva imprensar,saúde,29/12/2020 15h38 ,Stanley Widianto e Yuddy Cahya Budiman,https://noticias.uol.com.br/saude/ultimas-noticias/reuters/2020/12/29/a-espera-da-coronavac-indonesia-encomendara-vacinas-da-pfizer-e-da-astrazeneca.htm,1
8664,"

Rodrigo Maia pede prisão de Bolsonaro após reunião secreta com Alcolumbre e STF #boato 
","Boato – O presidente da Câmara dos Deputados Rodrigo Maia acabou de pedir a prisão do presidente Jair Bolsonaro. Pedido aconteceu após reunião secreta com Davi Alcolumbre, Dias Toffoli e Gilmar Mendes.",denúncia alcolumbre gilmar tofolli casar maio tramar o impeachment presidenteatenção atenção reunião secreto rodrigar maio mostrar golpe armar – bolsonaro urgente rodrigar maio alcolumbre e stf golpe brasil abrir impeachment e prisão bolsonaro ficar assimmaia pedir prisão bolsonaro foramaia impeachment rodrigar maio entrar liminar,política,,"
Edgard Matsuki ",https://www.boatos.org/politica/rodrigo-maia-prisao-bolsonaro-apos-reuniao-secreta-alcolumbre-stf.html,0
8665,"
  Médico dos EUA dissemina informações falsas sobre as vacinas de mRNA contra a covid-19","Um vídeo no qual um médico norte-americano faz várias afirmações sobre vacinas de mRNA contra a covid-19, como que elas teriam efeitos negativos no corpo humano, foi compartilhado mais de 1.300 vezes nas redes sociais desde o último dia 21 de agosto. Mas essas alegações são falsas, disseram especialistas à equipe de checagem da AFP. As vacinas Pfizer/BioNTech e Moderna, que usam tecnologia de mRNA, são consideradas seguras e milhões de doses já foram administradas.Envie-nos por WhatsApp Email",“ dr ryan colar patologista e phd imunologia e virologia o vacinar o toxina o proteína spike desencadear o doença leso tecido formar igual necropsia animal e humana- o vacinar comer doença ” umar publicação compartilhar o twitter e o facebook o publicação o rede apresentar link parir vídeo minuto médico norte-americano chamar ryan colar afirmação falso sobrar vacinar mrna incluir tóxico o proteína spike o vacinar causar “ o doença o covid-19 ” e dano o órgão vital alegação compartilhar amárico e inglês,saúde,26/08/2021 às 23:35,"Katarina SUBASIC, AFP Belgrado, AFP Brasil",https://checamos.afp.com//http%253A%252F%252Fdoc.afp.com%252F9LP8X2-1,0
8666,É falso que família de Ciro tenha provocado atraso em transposição  ,,boatar circulação rede social sugerir o família ciro gomar pdt ex-governador cear possuir empresar carros-pipa e prejudicar o inauguração obrar transposição rir francisco versão o suposto participação família gomar serviço transportar água o motivar governo luiz inácio lula silvar 2003-2010 e dilma rousseff 2011-2016 pt finalizar o obrar d verdade.não existir indício o família ciro gomar participação setor abastecimento emergencial água cear o conclusão apoiar pesquisar documento público listam pessoa físico e jurídico credenciado operação carro-pipa e declaração prestar ciro e parente político o o tribunal superior eleitoral tse o companhia gestão recurso hídrico afirmar o o o alegação inverídico,política,07/07/2020 19h35 ,"Do UOL, em São Paulo*",https://noticias.uol.com.br/comprova/ultimas-noticias/2020/07/07/e-falso-que-familia-de-ciro-tenha-provocado-atraso-em-transposicao.htm,0
8667,WhatsApp: os celulares em que o app não funcionará mais a partir de fevereiro,O aplicativo de mensagens ficará obsoleto em sistemas operacionais mais antigos a partir de 1º de fevereiro.,o aplicativo mensagem whatsapp deixar funcionar milhão smartphones o 1º fevereiro dispositivo android e iphone suportar operacional desatualizados executar o app propriedade facebook o whatsapp o medir necessário proteger o segurança usuário smartphones android 2.3.7 e versão antigo e iphone ios versão antigo afetados atualização,política, 31/01/2020 16h06 , Por BBC ,https://g1.globo.com/economia/tecnologia/noticia/2020/01/31/whatsapp-os-celulares-em-que-o-app-nao-funcionara-mais-a-partir-de-fevereiro.ghtml,1
8668,Reino Unido registra mais 149 mortes em decorrência da covid-19  ,,"o ministério saudar reinar unir divulgar hoje o país registrar morte decorrência covid-19,a doença provocar coronavírus o elevar o total país 43.230 acordar o boletim apresentar hoje contabilizar 1.118 infecção o o caso subir 307.980 o início pandemia o governar britânico recentemente anunciar o reabertura bar restaurante pub e hotel julho buscar acordo liberar ponte aéreo país união europeu o necessidade quarentenar obrigatório passageiro o ministrar transportar reinar unir grant shapps afirmar hoje medir estabelecer corredor aéreo o reativar o turismo país e permitir cidadão locar viagem praia portugal espanha e frança segunda-feira",saúde,25/06/2020 17h02 ,25/06/2020 17h02 ,https://noticias.uol.com.br/ultimas-noticias/efe/2020/06/25/reino-unido-registra-mais-149-mortes-em-decorrencia-da-covid-19.htm,1
8669,o ministrar paulo guedes assinar o auxílio-reclusão,,o notícia surgir o redar social o semana janeiro e afirmar o ministrar economia anunciar o “ bolsa-bandido ” comer planar governar parir acabar o “ mamata vagabundar ”,política,7/01/20197,gilmar lopes,https://www.e-farsas.com/o-ministro-paulo-guedes-assinou-o-fim-do-auxilio-reclusao.html,0
8670,PL não prevê prisão para quem se recusar a tomar vacina contra a covid-19  ,,falsar post afirmar o projeto lei nº 3.982/20 protocolado deputar federal wolney queiroz pdt-pe julho tornar obrigatório o vacinação covid-19 o pl prever lista pessoa prioritário campanha imunização e sujeito o descumprimento regrar o o crime infração medir sanitário preventivo descrever código penal.a proposto queiroz acrescentar artigo o lei prever o possibilidade o vacinação o covid-19 compulsório apresentar governar federal e sancionar presidente jair bolsonaro fevereiro o texto o decisão o vacinar obrigatório caber s autoridade saudar o ministério saudar informar tornar o vacinar compulsório,saúde,04/09/2020 16h31 ,É falso que testes são manipulados e pandemia da covid-19 é uma farsa  ,https://noticias.uol.com.br/comprova/ultimas-noticias/2020/09/04/pl-nao-preve-prisao-para-quem-se-recusar-a-tomar-vacina-contra-a-covid-19.htm,0
8671,"Com CNN, UOL transmite primeiro debate do 2º turno em SP   ",,o uol retransmitir o debater turno eleição municipal o cnn brasil brunir cova psdb e guilherme boulos psol disputar o prefeitura paulo encontrar o 20h d segunda-feira o mediação âncora monalisa perrone o debater candidato o prefeito capital paulista retransmitir o o viver uol acessar página site e canal uol outro encontrar prever terça-feira horário — d eduardo paes dem e marcelo crivella republicano candidato prefeitura rir janeiro,política,16/11/2020 13h24 ,16/11/2020 13h24 ,https://noticias.uol.com.br/eleicoes/2020/11/16/debate-cnn-brasil-sao-paulo-e-rio.htm,1
8672,"

Paulo Guedes estava sem sapatos (apenas de meia) durante pronunciamento de Bolsonaro #boato 
","Boato – Ministro da Economia Paulo Guedes vai ao pronunciamento de Bolsonaro sobre Moro apenas de meia, sem terno e de máscara.",“ perguntar responder paulo guedes terno máscara e sapato ” .“no discursar feirar o paulo guedes diferentão o único máscara tava terno e sapato pq ” “ alguém explicar paulo guedes sapato pronunciamento bolsonaro ”,política,,"
Kyene Becker ",https://www.boatos.org/politica/paulo-guedes-sem-sapatos-meia-pronunciamento-bolsonaro.html,0
8673,"

China comprou a Sabesp, CPTM, Comgas, Anel, mineradora, Band e Globo #boato 
","Boato – Se aproveitando da pandemia da Covid-19 e com ajuda de Doria e da esquerda, o PCC da China comprou a Sabesp, CPTM, Comgas, Anel, mineradora, Band e Globo.",o preocupar o peste comunista chinês parar horar dia globolixo esquecer o comunista chinês comprar sabesp cptm comgaz anel mineradora extração ferrar minar gerar tv band o pcc chinês comprar e pagar o dívida globolixo olhar agronegócio brasil comprar terra produzir alimento si olhar porto o sair alimento principalmente o portar santo o portar américa latina!!a realidade o comunista chinês legalmente comer beirar o brasil inteirar e o olho horar dia o peste comunista chinês o comunista chinês tomar contar produtivo e produtivo e transformá-las território comunista chinês legalizar acordar forçar armar soberania o chino o índio expulsar empresar chinês dinheiro reservar comprá-las o comunista chinês comprar o preço banana empresar brasileiro quebrar e arrematar empresar d ajudar o prorrogar pandemia brasil emissário comunista chinês vir e comprar empresar quebrar o auxílio político corrupto e o esquerdalha camuflar brasil o desgovernador doriana vender o rico brasil chinês ficar o dica o acordar acordar forçar armar,brasil,15/07/2020,"
Edgard Matsuki ",https://www.boatos.org/brasil/china-comprou-sabesp-cptm-comgas-anel-mineradora-band-globo.html,0
8674,Chris Flores cita morte de Rodrigo Rodrigues para criticar show em Brasília  ,,o jornalista chris florir apresentar o programar triturar sbt duro crítico s aglomeração pandemia coronavírus e aproveitar o desabafar citar o morte amigar rodrigar rodrigar jornalista globo — diagnosticar covid-19 sábado rodrigar resistir s complicação cirurgia controlar trombose venoso cerebral tvc programar hoje chris florir demonstrar o descontentamento o show realizar duplo jorge mateus sábado brasília palco montar s margem lago paranoá o evento reunir fã lanchar e sacar hotel luxar acompanhar o show egoísta irresponsável nojento perder amigar hoje tolerar gente chris florir sentimento família rodrigar rodrigar jornalista amigar pessoa morrer trabalhar trabalhar o comemorar morte dia chegar gente pequeno nojento acrescentar,saúde,28/07/2020 17h17 ,28/07/2020 17h17 ,https://tvefamosos.uol.com.br/noticias/redacao/2020/07/28/chris-flores-cita-morte-de-rodrigo-rodrigues-para-criticar-show-em-brasilia.htm,1
8675,Estados questionam critérios e cobram do Ministério da Saúde mais doses de vacinas contra a Covid-19,"Pará, Santa Catarina e Espírito Santo estão entre as unidades da federação que pedem transparência do governo na distribuição das doses. No Senado, Pazuello disse que critério para entrega é quantidade de pessoas que formam os grupos prioritários em cada estado.",o total dose e critério ministério saudar distribuir vacinar o covid-19 alvo crítico o vacinação avançar ritmar considerar lentar especialista unidade federação questionar o diferençar quantidade dose enviar e pedir lote imunizante representante o o parar santo catarino tocantim e espírito santo unidade federação crítico o o governar d haver buscar comprar dose o casar bahia o vacinar sputnik v. procurar g1 o ministério saudar afirmar inicialmente dose enviar s uf conformar disponibilidade previamente definir e estimar acordar decisão tripartite – governo federal estadual e municipal ” íntegro noto o o reportagem noto o ministério informar o distribuição dose seguir seguinte critério técnico risco agravamento e óbito covid-19 visar o redução morbimortalidade causar coronavírus o manutenção funcionamento forçar trabalhar serviço saudar e o manutenção funcionamento serviço essencial,ciência, 12/02/2021 05h02 , Por G1 ,https://g1.globo.com/bemestar/coronavirus/noticia/2021/02/12/estados-questionam-criterios-e-cobram-do-ministerio-da-saude-mais-doses-de-vacinas-contra-a-covid-19.ghtml,1
8676,Brasil tem 8.674 leitos de UTI exclusivos para COVID-19 habilitados,,"Governo Federal já investiu R$ 1,24 bilhão para custeio desses leitos. Nesta segunda-feira (15), foram habilitados mais 84 leitos em três estados do país O Ministério da Saúde habilitou nesta segunda-feira (15) mais 84 leitos de UTI exclusivos para pacientes graves e gravíssimos do coronavírus, sendo 5 pediátricos. Desta vez, a população de três estados brasileiros recebeu o reforço do Governo Federal no combate à pandemia: Rio de Janeiro (59), Roraima (15) e São Paulo (10). O aporte federal foi de R$ 12 milhões. Com essas novas habilitações, o Brasil passa a contar com 8.674 leitos de UTI exclusivos para COVID-19, habilitados desde o início de abril. São 8.423 leitos de UTI adultos e 251 leitos de UTI pediátrica. Ao todo, já foram injetados R$ 1,24 bilhão, em parcela única, para estados e municípios custearem esses leitos pelos próximos 90 dias ou enquanto houver necessidade em decorrência da pandemia. Os recursos são repassados no ato da publicação das portarias que autorizam as habilitações dos leitos no Diário Oficial da União. Cada leito recebe o dobro do valor normal do custeio diário para leitos de UTI, passando de R$ 800 para R$ 1.600. São leitos exclusivos para pacientes graves ou gravíssimos com coronavírus. Os gestores dos estados e municípios contemplados recebem o valor antes mesmo da ocupação do leito. A medida fortalece o Sistema Único de Saúde (SUS) e leva atendimento para todos os estados brasileiros, incluindo capitais, municípios maiores e, especialmente, pessoas menos protegidas no interior do país.",saúde,16/06/2020 19h10,"Por Gustavo Frasão, da Agência Saúde Atendimento à imprensa(61) 3315-2745 / 2351",https://www.gov.br/saude/pt-br/assuntos/noticias/brasil-tem-8-674-leitos-de-uti-exclusivos-para-covid-19-habilitados,1
8677,FHC diz que PSDB deve fazer autocrítica: 'Não dá mais para fechar os olhos'  ,,presidente honrar psdb fernando henrique cardoso afirmar noite hoje o preciso autocrítica e passar revisão profundo durante entrevisto concedido o o programar rodar vivo tv cultura fhc citar nenhum casar corrupção envolver político tucano o fechar olho tapar o sol o peneirar achar sofrer processar revisão profundo o psdb fundar fundador o pertencer o o mdb pmdb n época criar o mdb perder identidade n ficar diversificar dividir acontecer semelhante psdb nascer e morrer esperar o psdb morrer afirmar o psdb indicação presidente repúblico prefeito paulo governar pular continuar sobreviver suficiente prosseguir,política,28/09/2020 23h17 ,28/09/2020 23h17 ,https://noticias.uol.com.br/politica/ultimas-noticias/2020/09/28/fhc-diz-que-psdb-deve-fazer-autocritica-nao-da-para-fechar-os-olhos.htm,1
8678,"
  A suposta capa do jornal Folha de S.Paulo elogiando Bolsonaro não é autêntica","Em uma reunião com seus ministros, o presidente Jair Bolsonaro assegurou que quem fosse elogiado pelos jornais O Globo e Folha de S.Paulo perderia seu cargo. No último dia 23 de maio, pouco após esta declaração ser divulgada, começou a circular nas redes sociais uma suposta capa em que o jornal paulista classifica o mandatário como “o maior Presidente da história do Brasil”. No entanto, esta edição nunca existiu.Envie-nos por WhatsApp Email",o imagem suposto capar compartilhar 3.500 facebook twitter e instagram “ reunião ministerial bolsonaro afirmar elogiar perder o cargo olhar o o folhar ” escrever usuário o o tuitar o edição viralizada “ provavelmente melhorar página sic parabém coragem folhar paulo ” escrever outro facebook o imagem circular espanhol,brasil,29/05/2020 às 15:38,"Nadia Nasanovsky, AFP Argentina, AFP Brasil",https://checamos.afp.com//suposta-capa-do-jornal-folha-de-spaulo-elogiando-bolsonaro-nao-e-autentica,0
8679,"

Vacinados não poderão viajar de avião #boato 
",Boato – Pessoas que foram vacinadas serão proibidas de viajar de avião. Isso ocorrerá por causa do risco de coágulos durante voos por causa das vacinas de mRNA.,e o comedir problema vacinar proibir voar ditar o apressar comer cru cair aguardar capítulo vacinar tomar o vacinar nã haver voo vacinação mau sortir vacinar tomar o vacinar – voar companhia aéreo trabalhar governo e o equipar internacional coronadição promover o passar vacinação o slogan ‘ jab fly ’ e funcionar ansioso crédulo e virtuoso cidadão rápido permitir ​​como cobaia “ voar féria ” companhia aéreo alertar o cliente vacinar o alto riscar coágulo sanguíneo mrna experimental haver ano pessoa riscar aumentar coágulo sanguíneo voar supervisão estrito recomenda-se pessoa voar situação riscar vidar o determinar altitude vôo haver riscar aumentar complicação derramar trombose atacar cardíaco sensível o informação confirmar pessoa receber o vacinar importar o marcar problema entupimento e sangramento principal reações vacinar reações semelhante s restrição existente n companhia aéreo discutir responsabilidade e o vacinar voar riscar o saudar discussão começar vacinar voar vacinar outro embarcar paz companhia aéreo sentem-se incomodar condição mercar voo negócio e lazer encolher consideravelmente perda o desastre bloquear causar causar pessoa pessoa responsável violação direito humano o violação código nuremberg e o destruição economia companhia aéreo sobreviver processar impor significar nomear indivíduo e organização e torná-los responsável ​​pelos enorme dano ações causar e causar,saúde,05/06/2021,"
Edgard Matsuki ",https://www.boatos.org/saude/vacinados-nao-poderao-viajar-aviao.html,0
8680,Primeiro-ministro português está em isolamento após almoço com Macron  ,,o chefe governar português antonio costa contato direto o presidente francês emmanuel macron positivar covid-19 permanecer isolamento dezembro informar gabinete afp n sábado costa negativar quinta-feira dia seguinte o o encontrar macron permanecer quarentenar residência oficial durante dia decisão autoridade saudar portuguesar o primeiro-ministro socialista participar quarta-feira almoçar palácio eliseu o presidente francês falar o presidência portuguesar união europeu semestre,saúde,19/12/2020 10h38 ,19/12/2020 10h38 ,https://noticias.uol.com.br/ultimas-noticias/afp/2020/12/19/primeiro-ministro-portugues-em-isolamento-apos-almoco-com-macron-infectado-com-covid-19.htm,1
8681,Congresso deve liberar à Saúde até R$ 5 bilhões para combate ao novo coronavírus  ,,"brasília -- o ministrar saudar luiz henrique mandetta dem n quarta-feira o congresso nacional liberar r$ bilião emendar feito o o orçamentar o enfrentamento o o coronavírus.o cercar r$ bilião indicar relator orçamentar deputar domingo neto psd-ce).""muito o o presidente câmara rodrigar maio sensibilizar líder o liberar emendar relator mandetta comissão câmara debater o confrontar doença.o apurar r$ bilião o r$ bilião liberar o enfrentamento doença recurso emendar relator seriar destinar saudar domingo neto iriar o verba alocada o idear o dinheiro ficar livrar o saudar melhor entender enfrentar o doença.mandetta o brasil fase recomendação o doença determinação conformar o caso aumentar.o ministrar reconhecer o pastar precisar recurso enfrentar o doença citar o investimento r$ milhão aumentar cercar 1,5 6,7 o posto saudar atender horário estendido.segundo mandetta o governar avaliar medir restritivo rígido o doença evitar o contato social pessoa acima ano doença crônica estimular o trabalhar home office mudar regrar o o empregar e atestar médico",saúde,11/03/2020 16h37 ,Mateus Vargas e Julia Lindner,https://noticias.uol.com.br/ultimas-noticias/agencia-estado/2020/03/11/congresso-deve-liberar-a-saude-ate-r-5-bilhoes-para-combate-ao-novo-coronavirus.htm,1
8682,"

Lei que permite que proprietário atire e mate invasor é aprovada no Brasil, anuncia Alexandre Garcia #boato 
",Boato – Jornalista Alexandre Garcia informa que lei que permite que cidadão atire e mate invasor para defender a propriedade privada foi aprovada no Brasil. ,alexandre garcia confirmar vc passar chumbar invadir propriedade lei aprovar liberar armar pessoa defender propriedade aprovar o lei permitir o cidadão querer comprar e armar defeso casar propriedade rural e empresar ouvir o alexandre garcia dia voto o aprovar lei permitir o dono casar o dono propriedade rural o dono empresar defender o casar o propriedade e o empresar passar o chumbar invasor intencionado invasor desarmar e importar o tiro der e o consequência lei interpretar legítimo defeso,política,,"
Carol Lira ",https://www.boatos.org/politica/lei-atire-mate-invasor-aprovada-alexandre.html,0
8683,"

Álcool gel caseiro feito com gelatina protege contra o novo coronavírus #boato 
","Boato – Como o álcool gel está em falta nos mercados e farmácias, você pode preparar o produto misturando álcool líquido com gelatina ou maisena.",álcool gel ingrediente folhar gelatina incolor sabor copar água copo álcool ° modo dissolver o gelatina água quentar esperar esfriar acrescentar o álcool ° e misturar pronto o álcool ° o ° atenção o preparar lembre-se manter o álcool líquido afastar fogo dissolver o gelatina álcool gel caseiro dica simples copar maizena amidar milho copo água filtrar copar álcool cereal álcool normal tb colocar e ficar hidratante misturar o água o maizena ficar homogêneo e esquentar levar engrossar deixar ficar mornar e colocar copar álcool cereal vc acrescentar algum essência pronto colocar óleo vegetal o girassol amêndoa hidratar ficar maravilhoso,saúde,15/03/2020,"
Edgard Matsuki ",https://www.boatos.org/saude/alcool-gel-caseiro-feito-gelatina-protege-novo-coronavirus.html,0
8684,Prefeito e vereador morrem em decorrência da covid-19 no interior de SP  ,,agente político exercício mandato morrer n semana vítima covid-19 interior paulo quedo caso o doença voltar o disseminar forçar madrugar d domingo registrar o óbito prefeito santo claro d'oeste wair jacinto zapelão psdb hospital base josé rir preto noite sexta-feira morrer o vereador salvador philomeno polir itupeva decorrência complicação causar doença o prefeito zapelão ano e haver internar segunda-feira unidade terapia intensivo santo casar santo fé sul região norte dia seguinte transferir o hospital rir preto referência covid-19 região recuperar o esposo d contrair o doença alto quarta-feira conformar noto divulgar site oficial município o corpo prefeito sepultar início d domingo cemitério municipal santo claro d'oeste dever covid-19 o velório restrito o familiar o cidade registrar caso positivo e morte doença zapelão representante comercial e eleger vice-prefeito cidade viçar assumir o prefeitura junho o dezembro eleição d ano concorrer o mandatar e reeleger prefeito o período o mandatar concorrer s eleição d ano o prefeitura decretar lutar oficial dia,saúde,13/12/2020 16h57 ,José Maria Tomazela,https://noticias.uol.com.br/ultimas-noticias/agencia-estado/2020/12/13/prefeito-e-vereador-morrem-em-decorrencia-da-covid-19-no-interior-de-sp.htm,1
8685,Veja o que é #FATO ou #FAKE nas declarações do ex-ministro Pazuello na CPI da Covid,Ex-ministro da Saúde Eduardo Pazuello prestou depoimento no Senado na quarta e na quinta-feira.,o ex-ministro saudar eduardo pazuello prestar depoimento e quinta-feira cpi covid senado falar comissão medir distanciamento social óbito covid-19 recomendação ministério saudar o cloroquina o demorar brasil adquirir dose vacinar o covid-19 temer o equipar fato fake checar principal declaração pazuello ler “o medir isolamento formar outro medicamento outro ações cientificamente comprovar”,política, 19/05/2021," Por Laís Modelli, Roney Domingos, Thiago Reis, Gabriel Morais, Gisele Gomes, Chandy Teixeira e Vinícius Cassela, G1, O Globo, GloboNews e TV Globo ",https://g1.globo.com/fato-ou-fake/noticia/2021/05/19/veja-o-que-e-fato-ou-fake-nas-declaracoes-do-ex-ministro-pazuello-na-cpi-da-covid.ghtml,0
8686,Veja o que é #FATO ou #FAKE nas declarações do ex-ministro Pazuello na CPI da Covid,Ex-ministro da Saúde Eduardo Pazuello prestou depoimento no Senado na quarta e na quinta-feira.,o ex-ministro saudar eduardo pazuello prestar depoimento e quinta-feira cpi covid senado falar comissão medir distanciamento social óbito covid-19 recomendação ministério saudar o cloroquina o demorar brasil adquirir dose vacinar o covid-19 temer o equipar fato fake checar principal declaração pazuello ler “esconder o óbito pelar covid-19”,política, 19/05/2021," Por Laís Modelli, Roney Domingos, Thiago Reis, Gabriel Morais, Gisele Gomes, Chandy Teixeira e Vinícius Cassela, G1, O Globo, GloboNews e TV Globo ",https://g1.globo.com/fato-ou-fake/noticia/2021/05/19/veja-o-que-e-fato-ou-fake-nas-declaracoes-do-ex-ministro-pazuello-na-cpi-da-covid.ghtml,0
8687,Veja o que é #FATO ou #FAKE nas declarações do ex-ministro Pazuello na CPI da Covid,Ex-ministro da Saúde Eduardo Pazuello prestou depoimento no Senado na quarta e na quinta-feira.,o ex-ministro saudar eduardo pazuello prestar depoimento e quinta-feira cpi covid senado falar comissão medir distanciamento social óbito covid-19 recomendação ministério saudar o cloroquina o demorar brasil adquirir dose vacinar o covid-19 temer o equipar fato fake checar principal declaração pazuello ler “o decisão stf abril limitar o atuação governar federal n ações haver possibilidade o ministério saudar interferir o execução ações o saudar usurpar o competência e município”,política, 19/05/2021," Por Laís Modelli, Roney Domingos, Thiago Reis, Gabriel Morais, Gisele Gomes, Chandy Teixeira e Vinícius Cassela, G1, O Globo, GloboNews e TV Globo ",https://g1.globo.com/fato-ou-fake/noticia/2021/05/19/veja-o-que-e-fato-ou-fake-nas-declaracoes-do-ex-ministro-pazuello-na-cpi-da-covid.ghtml,0
